=== Session 59 ===
Seed: 1962933219357751919
Initial: 100,000원  Target: 500,000원  Ruin: 50,000원  Table-max: 100,000원
Strategy: martingale (pivot, steps=5)
Base bet: 1,000원  Primary side: BANKER

H001 | bet   1,000원 BANKER | P:2♦ A♦ K♠=3  B:7♥ Q♦=7  BANKER(W)  | +950원 → 100,950원
H002 | bet   1,000원 BANKER | P:6♠ 8♣ 6♣=0  B:A♣ 6♥=7  BANKER(W)  | +950원 → 101,900원
H003 | bet   1,000원 BANKER | P:9♣ 10♦=9  B:7♠ 6♣=3  PLAYER(L)  | -1,000원 → 100,900원  [start]
H004 | bet   2,000원 PLAYER | P:5♦ K♠ 5♥=0  B:K♥ 2♦ 8♠=0  TIE(T)  |     0원 → 100,900원
H005 | bet   2,000원 PLAYER | P:4♦ Q♥ 10♠=4  B:9♦ 5♥=4  TIE(T)  |     0원 → 100,900원
H006 | bet   2,000원 PLAYER | P:5♣ 4♥=9  B:K♥ 8♠=8  PLAYER(W)  | +2,000원 → 102,900원  [end_win]
H007 | bet   1,000원 BANKER | P:4♥ 6♦ A♥=1  B:J♦ 6♠=6  BANKER(W)  | +950원 → 103,850원
H008 | bet   1,000원 BANKER | P:Q♥ 2♦ 6♥=8  B:Q♠ 4♠ 8♦=2  PLAYER(L)  | -1,000원 → 102,850원  [start]
H009 | bet   2,000원 PLAYER | P:5♠ 2♣=7  B:K♥ 2♠ 3♠=5  PLAYER(W)  | +2,000원 → 104,850원  [end_win]
H010 | bet   1,000원 BANKER | P:9♣ 8♣=7  B:10♦ K♦ 5♣=5  PLAYER(L)  | -1,000원 → 103,850원  [start]
H011 | bet   2,000원 PLAYER | P:Q♥ A♠ 10♣=1  B:6♥ J♦=6  BANKER(L)  | -2,000원 → 101,850원
H012 | bet   4,000원 PLAYER | P:7♦ 8♦ 6♠=1  B:A♠ 3♣ 2♥=6  BANKER(L)  | -4,000원 → 97,850원
H013 | bet   8,000원 PLAYER | P:7♠ K♥=7  B:10♣ J♥ 9♠=9  BANKER(L)  | -8,000원 → 89,850원
H014 | bet  16,000원 PLAYER | P:Q♠ 10♦=0  B:9♥ 9♦=8  BANKER(L)  | -16,000원 → 73,850원
H015 | bet  32,000원 PLAYER | P:8♦ 9♥=7  B:3♦ 8♠ A♥=2  PLAYER(W)  | +32,000원 → 105,850원  [end_win]
H016 | bet   1,000원 BANKER | P:K♥ 6♦=6  B:K♣ 5♥ K♦=5  PLAYER(L)  | -1,000원 → 104,850원  [start]
H017 | bet   2,000원 PLAYER | P:Q♦ 10♠ 7♥=7  B:10♣ 5♦ A♠=6  PLAYER(W)  | +2,000원 → 106,850원  [end_win]
H018 | bet   1,000원 BANKER | P:J♠ 7♦=7  B:6♣ 6♥ J♦=2  PLAYER(L)  | -1,000원 → 105,850원  [start]
H019 | bet   2,000원 PLAYER | P:Q♦ Q♥ Q♦=0  B:J♠ 2♥ Q♣=2  BANKER(L)  | -2,000원 → 103,850원
H020 | bet   4,000원 PLAYER | P:8♦ 10♥=8  B:8♣ J♣=8  TIE(T)  |     0원 → 103,850원
H021 | bet   4,000원 PLAYER | P:3♠ 7♦ 7♣=7  B:3♦ A♣ 7♥=1  PLAYER(W)  | +4,000원 → 107,850원  [end_win]
H022 | bet   1,000원 BANKER | P:6♣ 5♦=1  B:6♦ 3♥=9  BANKER(W)  | +950원 → 108,800원
H023 | bet   1,000원 BANKER | P:9♦ K♣=9  B:3♥ A♠=4  PLAYER(L)  | -1,000원 → 107,800원  [start]
H024 | bet   2,000원 PLAYER | P:2♥ 2♠ 2♦=6  B:5♠ 7♥ J♣=2  PLAYER(W)  | +2,000원 → 109,800원  [end_win]
H025 | bet   1,000원 BANKER | P:4♠ 6♦ A♥=1  B:A♠ 6♦=7  BANKER(W)  | +950원 → 110,750원
H026 | bet   1,000원 BANKER | P:2♠ J♠ A♣=3  B:9♠ 2♣ 3♠=4  BANKER(W)  | +950원 → 111,700원
H027 | bet   1,000원 BANKER | P:2♣ Q♦ K♠=2  B:A♦ 2♠ 5♦=8  BANKER(W)  | +950원 → 112,650원
H028 | bet   1,000원 BANKER | P:K♣ 2♥=2  B:J♠ 9♠=9  BANKER(W)  | +950원 → 113,600원
H029 | bet   1,000원 BANKER | P:Q♦ 6♠=6  B:10♥ J♥ 7♠=7  BANKER(W)  | +950원 → 114,550원
H030 | bet   1,000원 BANKER | P:7♣ 4♥ A♠=2  B:4♥ A♥=5  BANKER(W)  | +950원 → 115,500원
H031 | bet   1,000원 BANKER | P:6♥ 10♥=6  B:10♠ 4♦ K♦=4  PLAYER(L)  | -1,000원 → 114,500원  [start]
H032 | bet   2,000원 PLAYER | P:10♦ 3♣=3  B:3♦ 5♣=8  BANKER(L)  | -2,000원 → 112,500원
H033 | bet   4,000원 PLAYER | P:6♥ J♣=6  B:10♦ 5♣ 6♣=1  PLAYER(W)  | +4,000원 → 116,500원  [end_win]
H034 | bet   1,000원 BANKER | P:K♠ 7♣=7  B:3♦ 7♠ 4♣=4  PLAYER(L)  | -1,000원 → 115,500원  [start]
H035 | bet   2,000원 PLAYER | P:K♦ 3♠=3  B:9♦ Q♣=9  BANKER(L)  | -2,000원 → 113,500원
H036 | bet   4,000원 PLAYER | P:4♣ 3♣=7  B:9♠ 4♦ 3♥=6  PLAYER(W)  | +4,000원 → 117,500원  [end_win]
H037 | bet   1,000원 BANKER | P:7♣ 5♥ K♣=2  B:A♠ Q♠ J♥=1  PLAYER(L)  | -1,000원 → 116,500원  [start]
H038 | bet   2,000원 PLAYER | P:7♦ J♠=7  B:K♦ 7♠=7  TIE(T)  |     0원 → 116,500원
H039 | bet   2,000원 PLAYER | P:9♠ K♥=9  B:10♦ 3♠=3  PLAYER(W)  | +2,000원 → 118,500원  [end_win]
H040 | bet   1,000원 BANKER | P:7♠ 4♦ 7♥=8  B:8♠ 5♠ 10♣=3  PLAYER(L)  | -1,000원 → 117,500원  [start]
H041 | bet   2,000원 PLAYER | P:Q♥ 10♠ Q♦=0  B:J♣ 10♣ J♣=0  TIE(T)  |     0원 → 117,500원
H042 | bet   2,000원 PLAYER | P:A♥ J♥ 4♦=5  B:J♦ 7♥=7  BANKER(L)  | -2,000원 → 115,500원
H043 | bet   4,000원 PLAYER | P:3♣ 9♣ 2♥=4  B:9♠ 5♥ K♠=4  TIE(T)  |     0원 → 115,500원
H044 | bet   4,000원 PLAYER | P:3♠ 8♥ 8♣=9  B:9♠ 4♣=3  PLAYER(W)  | +4,000원 → 119,500원  [end_win]
H045 | bet   1,000원 BANKER | P:4♣ 7♦ 4♥=5  B:7♥ K♦=7  BANKER(W)  | +950원 → 120,450원
H046 | bet   1,000원 BANKER | P:6♠ 5♠=1  B:8♣ J♣=8  BANKER(W)  | +950원 → 121,400원
H047 | bet   1,000원 BANKER | P:8♣ 3♦ 8♥=9  B:8♥ 8♥=6  PLAYER(L)  | -1,000원 → 120,400원  [start]
H048 | bet   2,000원 PLAYER | P:K♣ 10♦ 8♦=8  B:3♥ 9♥ 4♠=6  PLAYER(W)  | +2,000원 → 122,400원  [end_win]
H049 | bet   1,000원 BANKER | P:3♦ 5♦=8  B:A♦ 9♥=0  PLAYER(L)  | -1,000원 → 121,400원  [start]
H050 | bet   2,000원 PLAYER | P:K♦ 4♠ 7♠=1  B:3♣ 8♥ 5♦=6  BANKER(L)  | -2,000원 → 119,400원
H051 | bet   4,000원 PLAYER | P:9♦ 4♥ A♦=4  B:7♦ 6♣ Q♣=3  PLAYER(W)  | +4,000원 → 123,400원  [end_win]
H052 | bet   1,000원 BANKER | P:4♦ 5♥=9  B:K♠ 4♥=4  PLAYER(L)  | -1,000원 → 122,400원  [start]
H053 | bet   2,000원 PLAYER | P:2♥ 8♦ 2♣=2  B:10♥ A♥ 4♥=5  BANKER(L)  | -2,000원 → 120,400원
H054 | bet   4,000원 PLAYER | P:3♥ 8♠ 7♣=8  B:9♦ 4♣ 5♦=8  TIE(T)  |     0원 → 120,400원
H055 | bet   4,000원 PLAYER | P:3♣ K♦ 7♠=0  B:K♥ 2♥ 9♥=1  BANKER(L)  | -4,000원 → 116,400원
H056 | bet   8,000원 PLAYER | P:2♦ 2♠ 8♠=2  B:9♦ 4♠=3  BANKER(L)  | -8,000원 → 108,400원
H057 | bet  16,000원 PLAYER | P:J♠ A♦ 2♣=3  B:10♠ 4♣ J♦=4  BANKER(L)  | -16,000원 → 92,400원
H058 | bet  32,000원 PLAYER | P:7♦ Q♠=7  B:3♣ K♠ 7♥=0  PLAYER(W)  | +32,000원 → 124,400원  [end_win]
H059 | bet   1,000원 BANKER | P:9♣ 6♥ 5♦=0  B:5♥ J♣ 3♠=8  BANKER(W)  | +950원 → 125,350원
H060 | bet   1,000원 BANKER | P:J♥ J♦=0  B:8♠ J♦=8  BANKER(W)  | +950원 → 126,300원
H061 | bet   1,000원 BANKER | P:A♦ 10♣ 10♣=1  B:J♥ J♦ 3♥=3  BANKER(W)  | +950원 → 127,250원
H062 | bet   1,000원 BANKER | P:7♣ 4♠ Q♣=1  B:A♦ 4♠=5  BANKER(W)  | +950원 → 128,200원
H063 | bet   1,000원 BANKER | P:10♥ 2♠ A♠=3  B:Q♥ 10♥ 9♠=9  BANKER(W)  | +950원 → 129,150원
H064 | bet   1,000원 BANKER | P:J♠ 6♣=6  B:10♠ Q♠ 5♣=5  PLAYER(L)  | -1,000원 → 128,150원  [start]
H065 | bet   2,000원 PLAYER | P:A♣ Q♠ 7♣=8  B:6♥ 10♣ 8♣=4  PLAYER(W)  | +2,000원 → 130,150원  [end_win]
H066 | bet   1,000원 BANKER | P:5♥ 9♥=4  B:Q♥ 9♥=9  BANKER(W)  | +950원 → 131,100원
H067 | bet   1,000원 BANKER | P:10♠ 10♥ 3♥=3  B:6♠ A♦=7  BANKER(W)  | +950원 → 132,050원
H068 | bet   1,000원 BANKER | P:K♠ 2♦ Q♦=2  B:5♣ 2♦=7  BANKER(W)  | +950원 → 133,000원
H069 | bet   1,000원 BANKER | P:2♣ 3♣ 4♦=9  B:A♣ A♣ 6♦=8  PLAYER(L)  | -1,000원 → 132,000원  [start]
H070 | bet   2,000원 PLAYER | P:A♥ Q♣ J♥=1  B:9♥ 8♠=7  BANKER(L)  | -2,000원 → 130,000원
H071 | bet   4,000원 PLAYER | P:8♥ K♥=8  B:7♦ K♣=7  PLAYER(W)  | +4,000원 → 134,000원  [end_win]
H072 | bet   1,000원 BANKER | P:2♠ K♣ 3♦=5  B:6♠ 9♦=5  TIE(T)  |     0원 → 134,000원
H073 | bet   1,000원 BANKER | P:3♦ 7♣ 8♦=8  B:3♥ 9♣ 6♠=8  TIE(T)  |     0원 → 134,000원
H074 | bet   1,000원 BANKER | P:3♠ K♣=3  B:6♦ 2♠=8  BANKER(W)  | +950원 → 134,950원
H075 | bet   1,000원 BANKER | P:J♥ Q♣=0  B:10♥ 8♥=8  BANKER(W)  | +950원 → 135,900원
H076 | bet   1,000원 BANKER | P:J♣ 5♣ Q♣=5  B:5♠ 5♠ 5♣=5  TIE(T)  |     0원 → 135,900원
H077 | bet   1,000원 BANKER | P:6♣ Q♠=6  B:5♠ 8♣ 2♥=5  PLAYER(L)  | -1,000원 → 134,900원  [start]
H078 | bet   2,000원 PLAYER | P:9♣ A♥ 5♠=5  B:A♣ Q♣ 2♦=3  PLAYER(W)  | +2,000원 → 136,900원  [end_win]
H079 | bet   1,000원 BANKER | P:Q♥ 4♣ 9♣=3  B:A♣ 2♣ 10♦=3  TIE(T)  |     0원 → 136,900원
H080 | bet   1,000원 BANKER | P:5♣ 5♠ 9♦=9  B:7♠ 3♦ 4♣=4  PLAYER(L)  | -1,000원 → 135,900원  [start]
H081 | bet   2,000원 PLAYER | P:9♦ A♠=0  B:8♥ 10♦=8  BANKER(L)  | -2,000원 → 133,900원
H082 | bet   4,000원 PLAYER | P:K♠ J♠ 8♣=8  B:5♠ 10♥=5  PLAYER(W)  | +4,000원 → 137,900원  [end_win]
H083 | bet   1,000원 BANKER | P:9♣ Q♠=9  B:4♥ Q♥=4  PLAYER(L)  | -1,000원 → 136,900원  [start]
H084 | bet   2,000원 PLAYER | P:8♥ 9♣=7  B:4♠ K♠ 10♦=4  PLAYER(W)  | +2,000원 → 138,900원  [end_win]
H085 | bet   1,000원 BANKER | P:4♣ 9♣ 8♠=1  B:10♠ Q♠ 6♦=6  BANKER(W)  | +950원 → 139,850원
H086 | bet   1,000원 BANKER | P:A♠ 8♥=9  B:6♦ 9♣=5  PLAYER(L)  | -1,000원 → 138,850원  [start]
H087 | bet   2,000원 PLAYER | P:6♣ 2♠=8  B:10♦ 3♥=3  PLAYER(W)  | +2,000원 → 140,850원  [end_win]
H088 | bet   1,000원 BANKER | P:A♥ J♥ 4♣=5  B:4♣ 8♠ 8♥=0  PLAYER(L)  | -1,000원 → 139,850원  [start]
H089 | bet   2,000원 PLAYER | P:5♠ 3♥=8  B:Q♣ K♥=0  PLAYER(W)  | +2,000원 → 141,850원  [end_win]
H090 | bet   1,000원 BANKER | P:A♦ 7♥=8  B:J♥ A♣=1  PLAYER(L)  | -1,000원 → 140,850원  [start]
H091 | bet   2,000원 PLAYER | P:2♥ 7♠=9  B:9♦ A♦=0  PLAYER(W)  | +2,000원 → 142,850원  [end_win]
H092 | bet   1,000원 BANKER | P:K♠ A♦ 5♥=6  B:2♠ Q♣ 10♠=2  PLAYER(L)  | -1,000원 → 141,850원  [start]
H093 | bet   2,000원 PLAYER | P:4♦ J♣ 6♣=0  B:7♣ Q♠=7  BANKER(L)  | -2,000원 → 139,850원
H094 | bet   4,000원 PLAYER | P:4♣ J♣=4  B:4♠ 5♥=9  BANKER(L)  | -4,000원 → 135,850원
H095 | bet   8,000원 PLAYER | P:Q♥ 4♦ J♣=4  B:8♥ 5♦ 2♣=5  BANKER(L)  | -8,000원 → 127,850원
H096 | bet  16,000원 PLAYER | P:6♠ 3♥=9  B:6♥ 7♦=3  PLAYER(W)  | +16,000원 → 143,850원  [end_win]
H097 | bet   1,000원 BANKER | P:Q♣ A♦ Q♦=1  B:5♣ 2♦=7  BANKER(W)  | +950원 → 144,800원
H098 | bet   1,000원 BANKER | P:J♦ 3♣ 3♣=6  B:A♦ 3♦ 7♠=1  PLAYER(L)  | -1,000원 → 143,800원  [start]
H099 | bet   2,000원 PLAYER | P:J♦ 6♥=6  B:2♦ 9♣ 3♦=4  PLAYER(W)  | +2,000원 → 145,800원  [end_win]
H100 | bet   1,000원 BANKER | P:K♠ 6♠=6  B:2♥ 2♥ 5♦=9  BANKER(W)  | +950원 → 146,750원
H101 | bet   1,000원 BANKER | P:7♣ 5♠ 9♠=1  B:A♦ J♠ 4♦=5  BANKER(W)  | +950원 → 147,700원
H102 | bet   1,000원 BANKER | P:5♠ 6♠ 6♦=7  B:5♥ Q♥ 4♣=9  BANKER(W)  | +950원 → 148,650원
H103 | bet   1,000원 BANKER | P:8♠ 7♠=5  B:2♥ 7♦=9  BANKER(W)  | +950원 → 149,600원
H104 | bet   1,000원 BANKER | P:2♠ 8♦ 3♥=3  B:3♥ 7♥ 2♦=2  PLAYER(L)  | -1,000원 → 148,600원  [start]
H105 | bet   2,000원 PLAYER | P:K♥ A♠ 10♣=1  B:6♦ 10♠=6  BANKER(L)  | -2,000원 → 146,600원
H106 | bet   4,000원 PLAYER | P:A♣ K♦ 2♦=3  B:3♠ Q♦ 10♠=3  TIE(T)  |     0원 → 146,600원
H107 | bet   4,000원 PLAYER | P:6♠ 9♦ 9♦=4  B:5♣ 5♦ 7♣=7  BANKER(L)  | -4,000원 → 142,600원
H108 | bet   8,000원 PLAYER | P:2♠ 8♣ 3♠=3  B:10♦ 4♣ J♦=4  BANKER(L)  | -8,000원 → 134,600원
H109 | bet  16,000원 PLAYER | P:9♦ J♣=9  B:4♠ 4♦=8  PLAYER(W)  | +16,000원 → 150,600원  [end_win]
H110 | bet   1,000원 BANKER | P:Q♥ Q♠ 8♣=8  B:Q♠ 5♠=5  PLAYER(L)  | -1,000원 → 149,600원  [start]
H111 | bet   2,000원 PLAYER | P:K♦ A♦=1  B:J♠ 8♦=8  BANKER(L)  | -2,000원 → 147,600원
H112 | bet   4,000원 PLAYER | P:A♠ 9♠ K♥=0  B:3♣ 7♣ J♠=0  TIE(T)  |     0원 → 147,600원
H113 | bet   4,000원 PLAYER | P:7♦ 10♥=7  B:2♣ 2♠ 10♠=4  PLAYER(W)  | +4,000원 → 151,600원  [end_win]
H114 | bet   1,000원 BANKER | P:6♣ 10♣=6  B:5♦ 3♣=8  BANKER(W)  | +950원 → 152,550원
H115 | bet   1,000원 BANKER | P:J♦ 2♠=2  B:A♣ 7♣=8  BANKER(W)  | +950원 → 153,500원
H116 | bet   1,000원 BANKER | P:6♣ 2♦=8  B:4♦ A♦=5  PLAYER(L)  | -1,000원 → 152,500원  [start]
H117 | bet   2,000원 PLAYER | P:K♥ 6♥=6  B:7♥ 5♥ 2♣=4  PLAYER(W)  | +2,000원 → 154,500원  [end_win]
H118 | bet   1,000원 BANKER | P:3♠ A♠ 7♠=1  B:6♣ A♥=7  BANKER(W)  | +950원 → 155,450원
H119 | bet   1,000원 BANKER | P:8♦ A♥=9  B:4♠ 9♣=3  PLAYER(L)  | -1,000원 → 154,450원  [start]
H120 | bet   2,000원 PLAYER | P:4♦ 6♠ 7♦=7  B:9♠ 7♣ 4♠=0  PLAYER(W)  | +2,000원 → 156,450원  [end_win]
H121 | bet   1,000원 BANKER | P:8♣ K♣=8  B:Q♣ J♣=0  PLAYER(L)  | -1,000원 → 155,450원  [start]
H122 | bet   2,000원 PLAYER | P:10♣ A♥ K♣=1  B:J♥ 5♣=5  BANKER(L)  | -2,000원 → 153,450원
H123 | bet   4,000원 PLAYER | P:6♣ 8♦ 3♠=7  B:2♦ 9♣ K♥=1  PLAYER(W)  | +4,000원 → 157,450원  [end_win]
H124 | bet   1,000원 BANKER | P:A♥ 7♠=8  B:Q♣ A♣=1  PLAYER(L)  | -1,000원 → 156,450원  [start]
H125 | bet   2,000원 PLAYER | P:7♣ 9♦=6  B:2♣ K♦ 10♣=2  PLAYER(W)  | +2,000원 → 158,450원  [end_win]
H126 | bet   1,000원 BANKER | P:3♣ 10♥ 3♠=6  B:7♥ 8♦=5  PLAYER(L)  | -1,000원 → 157,450원  [start]
H127 | bet   2,000원 PLAYER | P:5♦ 3♦=8  B:8♠ 8♠=6  PLAYER(W)  | +2,000원 → 159,450원  [end_win]
H128 | bet   1,000원 BANKER | P:6♠ 8♣ 5♠=9  B:J♣ 3♦ 4♥=7  PLAYER(L)  | -1,000원 → 158,450원  [start]
H129 | bet   2,000원 PLAYER | P:9♣ 7♥=6  B:7♥ A♣=8  BANKER(L)  | -2,000원 → 156,450원
H130 | bet   4,000원 PLAYER | P:4♥ 2♣=6  B:5♣ 5♦ K♥=0  PLAYER(W)  | +4,000원 → 160,450원  [end_win]
H131 | bet   1,000원 BANKER | P:Q♥ 3♠ 10♥=3  B:A♥ A♣ J♠=2  PLAYER(L)  | -1,000원 → 159,450원  [start]
H132 | bet   2,000원 PLAYER | P:2♥ J♣ 2♣=4  B:5♥ 10♦=5  BANKER(L)  | -2,000원 → 157,450원
H133 | bet   4,000원 PLAYER | P:7♣ 5♣=2  B:2♥ 7♠=9  BANKER(L)  | -4,000원 → 153,450원
H134 | bet   8,000원 PLAYER | P:3♣ 9♠ K♦=2  B:7♦ 10♥=7  BANKER(L)  | -8,000원 → 145,450원
H135 | bet  16,000원 PLAYER | P:8♦ Q♥=8  B:K♥ 10♣=0  PLAYER(W)  | +16,000원 → 161,450원  [end_win]
H136 | bet   1,000원 BANKER | P:9♥ 6♥ K♦=5  B:9♠ 4♠ 9♥=2  PLAYER(L)  | -1,000원 → 160,450원  [start]
H137 | bet   2,000원 PLAYER | P:8♦ Q♦=8  B:K♣ J♠=0  PLAYER(W)  | +2,000원 → 162,450원  [end_win]
H138 | bet   1,000원 BANKER | P:10♥ 2♥=2  B:8♣ J♥=8  BANKER(W)  | +950원 → 163,400원
H139 | bet   1,000원 BANKER | P:5♣ 2♣=7  B:5♥ 8♠ 7♦=0  PLAYER(L)  | -1,000원 → 162,400원  [start]
H140 | bet   2,000원 PLAYER | P:Q♠ 4♥=4  B:9♠ K♣=9  BANKER(L)  | -2,000원 → 160,400원
H141 | bet   4,000원 PLAYER | P:10♣ A♣ 3♥=4  B:6♥ 8♠ 9♥=3  PLAYER(W)  | +4,000원 → 164,400원  [end_win]
H142 | bet   1,000원 BANKER | P:10♦ 7♦=7  B:6♣ K♦=6  PLAYER(L)  | -1,000원 → 163,400원  [start]
H143 | bet   2,000원 PLAYER | P:K♠ 4♥ K♣=4  B:3♣ 8♣ 2♣=3  PLAYER(W)  | +2,000원 → 165,400원  [end_win]
H144 | bet   1,000원 BANKER | P:10♠ 10♠=0  B:9♥ K♠=9  BANKER(W)  | +950원 → 166,350원
H145 | bet   1,000원 BANKER | P:5♣ Q♠ 10♣=5  B:8♦ 5♦ J♥=3  PLAYER(L)  | -1,000원 → 165,350원  [start]
H146 | bet   2,000원 PLAYER | P:K♦ A♠ 9♦=0  B:4♠ Q♦=4  BANKER(L)  | -2,000원 → 163,350원
H147 | bet   4,000원 PLAYER | P:10♦ 8♣=8  B:6♦ 4♥=0  PLAYER(W)  | +4,000원 → 167,350원  [end_win]
H148 | bet   1,000원 BANKER | P:10♠ 7♦=7  B:K♠ 5♠ 3♣=8  BANKER(W)  | +950원 → 168,300원
H149 | bet   1,000원 BANKER | P:5♥ 6♥ 6♠=7  B:10♥ Q♣ K♦=0  PLAYER(L)  | -1,000원 → 167,300원  [start]
H150 | bet   2,000원 PLAYER | P:4♣ 8♠ 2♦=4  B:3♥ Q♦ 7♠=0  PLAYER(W)  | +2,000원 → 169,300원  [end_win]
H151 | bet   1,000원 BANKER | P:5♥ 4♦=9  B:8♥ 3♠=1  PLAYER(L)  | -1,000원 → 168,300원  [start]
H152 | bet   2,000원 PLAYER | P:6♦ 4♠ 9♥=9  B:A♥ K♣ J♦=1  PLAYER(W)  | +2,000원 → 170,300원  [end_win]
H153 | bet   1,000원 BANKER | P:J♦ 6♠=6  B:2♦ Q♣ 2♠=4  PLAYER(L)  | -1,000원 → 169,300원  [start]
H154 | bet   2,000원 PLAYER | P:A♥ 6♣=7  B:2♠ 8♥ 3♦=3  PLAYER(W)  | +2,000원 → 171,300원  [end_win]
H155 | bet   1,000원 BANKER | P:3♠ 4♥=7  B:7♥ K♥=7  TIE(T)  |     0원 → 171,300원
H156 | bet   1,000원 BANKER | P:A♠ K♠ K♣=1  B:A♣ 9♥ Q♦=0  PLAYER(L)  | -1,000원 → 170,300원  [start]
H157 | bet   2,000원 PLAYER | P:6♦ 3♥=9  B:J♥ 3♦=3  PLAYER(W)  | +2,000원 → 172,300원  [end_win]
H158 | bet   1,000원 BANKER | P:4♦ K♣ 2♥=6  B:5♦ 6♦ Q♦=1  PLAYER(L)  | -1,000원 → 171,300원  [start]
H159 | bet   2,000원 PLAYER | P:J♥ Q♦=0  B:J♣ 9♠=9  BANKER(L)  | -2,000원 → 169,300원
H160 | bet   4,000원 PLAYER | P:7♥ J♠=7  B:Q♥ J♦ 9♥=9  BANKER(L)  | -4,000원 → 165,300원
H161 | bet   8,000원 PLAYER | P:10♣ 4♥ Q♣=4  B:10♦ J♦ J♥=0  PLAYER(W)  | +8,000원 → 173,300원  [end_win]
H162 | bet   1,000원 BANKER | P:3♣ 10♣=3  B:3♠ 5♣=8  BANKER(W)  | +950원 → 174,250원
H163 | bet   1,000원 BANKER | P:7♥ 5♣ 7♦=9  B:3♣ 10♣ 9♠=2  PLAYER(L)  | -1,000원 → 173,250원  [start]
H164 | bet   2,000원 PLAYER | P:J♣ 5♠=5  B:8♥ K♣=8  BANKER(L)  | -2,000원 → 171,250원
H165 | bet   4,000원 PLAYER | P:6♠ 6♠ 6♥=8  B:A♠ Q♦ J♣=1  PLAYER(W)  | +4,000원 → 175,250원  [end_win]
H166 | bet   1,000원 BANKER | P:4♥ 2♠=6  B:7♣ Q♠=7  BANKER(W)  | +950원 → 176,200원
H167 | bet   1,000원 BANKER | P:10♥ 5♥ 7♣=2  B:4♦ 7♠ 2♠=3  BANKER(W)  | +950원 → 177,150원
H168 | bet   1,000원 BANKER | P:5♥ Q♦ 8♠=3  B:K♦ 6♣=6  BANKER(W)  | +950원 → 178,100원
H169 | bet   1,000원 BANKER | P:8♣ 7♥ A♣=6  B:7♠ Q♣=7  BANKER(W)  | +950원 → 179,050원
H170 | bet   1,000원 BANKER | P:9♦ 2♣ Q♦=1  B:5♣ 6♦ 4♣=5  BANKER(W)  | +950원 → 180,000원
H171 | bet   1,000원 BANKER | P:8♥ 10♣=8  B:2♥ 3♥=5  PLAYER(L)  | -1,000원 → 179,000원  [start]
H172 | bet   2,000원 PLAYER | P:6♥ A♦=7  B:A♦ 10♣ 7♠=8  BANKER(L)  | -2,000원 → 177,000원
H173 | bet   4,000원 PLAYER | P:6♦ 4♦ 7♠=7  B:2♦ 5♥=7  TIE(T)  |     0원 → 177,000원
H174 | bet   4,000원 PLAYER | P:J♠ 4♦ 4♣=8  B:4♣ 8♦ A♣=3  PLAYER(W)  | +4,000원 → 181,000원  [end_win]
H175 | bet   1,000원 BANKER | P:Q♦ 7♠=7  B:Q♠ 4♥ K♥=4  PLAYER(L)  | -1,000원 → 180,000원  [start]
H176 | bet   2,000원 PLAYER | P:3♦ 2♠ 7♥=2  B:K♠ Q♠ 4♠=4  BANKER(L)  | -2,000원 → 178,000원
H177 | bet   4,000원 PLAYER | P:6♥ K♦=6  B:7♥ 10♠=7  BANKER(L)  | -4,000원 → 174,000원
H178 | bet   8,000원 PLAYER | P:10♥ 10♠ K♣=0  B:7♦ 9♥=6  BANKER(L)  | -8,000원 → 166,000원
H179 | bet  16,000원 PLAYER | P:6♠ 9♥ K♣=5  B:A♥ 4♠=5  TIE(T)  |     0원 → 166,000원
H180 | bet  16,000원 PLAYER | P:6♣ Q♣=6  B:K♠ 3♦ 2♦=5  PLAYER(W)  | +16,000원 → 182,000원  [end_win]
H181 | bet   1,000원 BANKER | P:9♣ 2♥ 8♦=9  B:7♠ 7♣=4  PLAYER(L)  | -1,000원 → 181,000원  [start]
H182 | bet   2,000원 PLAYER | P:6♥ 8♠ 7♣=1  B:10♦ K♣ 10♦=0  PLAYER(W)  | +2,000원 → 183,000원  [end_win]
H183 | bet   1,000원 BANKER | P:6♠ 5♥=1  B:7♥ A♥=8  BANKER(W)  | +950원 → 183,950원
H184 | bet   1,000원 BANKER | P:10♥ A♣ 10♦=1  B:9♣ 2♣ 9♥=0  PLAYER(L)  | -1,000원 → 182,950원  [start]
H185 | bet   2,000원 PLAYER | P:2♠ 4♥=6  B:9♠ 10♠=9  BANKER(L)  | -2,000원 → 180,950원
H186 | bet   4,000원 PLAYER | P:6♣ 9♦ 6♦=1  B:K♥ J♥ A♠=1  TIE(T)  |     0원 → 180,950원
H187 | bet   4,000원 PLAYER | P:6♠ 8♣ 8♥=2  B:6♣ A♥=7  BANKER(L)  | -4,000원 → 176,950원
H188 | bet   8,000원 PLAYER | P:J♠ 2♣ 4♣=6  B:9♥ 5♠ J♦=4  PLAYER(W)  | +8,000원 → 184,950원  [end_win]
H189 | bet   1,000원 BANKER | P:10♠ J♠ J♦=0  B:5♥ 10♥=5  BANKER(W)  | +950원 → 185,900원
H190 | bet   1,000원 BANKER | P:5♠ K♦ 10♣=5  B:6♣ 5♠ 9♠=0  PLAYER(L)  | -1,000원 → 184,900원  [start]
H191 | bet   2,000원 PLAYER | P:K♦ K♣ 8♣=8  B:5♦ A♦=6  PLAYER(W)  | +2,000원 → 186,900원  [end_win]
H192 | bet   1,000원 BANKER | P:6♥ 6♦=2  B:8♠ 10♦=8  BANKER(W)  | +950원 → 187,850원
H193 | bet   1,000원 BANKER | P:5♥ 4♣=9  B:Q♣ J♣=0  PLAYER(L)  | -1,000원 → 186,850원  [start]
H194 | bet   2,000원 PLAYER | P:K♠ K♠ 8♦=8  B:6♦ 9♦=5  PLAYER(W)  | +2,000원 → 188,850원  [end_win]
H195 | bet   1,000원 BANKER | P:9♥ K♥=9  B:6♣ J♥=6  PLAYER(L)  | -1,000원 → 187,850원  [start]
H196 | bet   2,000원 PLAYER | P:4♣ 5♠=9  B:3♣ 8♠=1  PLAYER(W)  | +2,000원 → 189,850원  [end_win]
H197 | bet   1,000원 BANKER | P:2♦ Q♥ 7♠=9  B:3♦ 8♦ 7♥=8  PLAYER(L)  | -1,000원 → 188,850원  [start]
H198 | bet   2,000원 PLAYER | P:6♣ A♥=7  B:A♦ 4♦ 5♦=0  PLAYER(W)  | +2,000원 → 190,850원  [end_win]
H199 | bet   1,000원 BANKER | P:7♦ J♥=7  B:8♠ 4♠ 10♠=2  PLAYER(L)  | -1,000원 → 189,850원  [start]
H200 | bet   2,000원 PLAYER | P:5♦ 5♣ 7♦=7  B:4♥ 3♥=7  TIE(T)  |     0원 → 189,850원
H201 | bet   2,000원 PLAYER | P:8♣ 2♣ K♥=0  B:J♠ 10♠ 5♥=5  BANKER(L)  | -2,000원 → 187,850원
H202 | bet   4,000원 PLAYER | P:J♠ 4♠ K♥=4  B:2♣ 10♣ A♦=3  PLAYER(W)  | +4,000원 → 191,850원  [end_win]
H203 | bet   1,000원 BANKER | P:A♥ 7♥=8  B:J♦ Q♣=0  PLAYER(L)  | -1,000원 → 190,850원  [start]
H204 | bet   2,000원 PLAYER | P:2♥ J♣=2  B:9♠ J♥=9  BANKER(L)  | -2,000원 → 188,850원
H205 | bet   4,000원 PLAYER | P:4♦ Q♠=4  B:K♥ 9♦=9  BANKER(L)  | -4,000원 → 184,850원
H206 | bet   8,000원 PLAYER | P:6♦ K♥=6  B:Q♥ 10♠ 2♦=2  PLAYER(W)  | +8,000원 → 192,850원  [end_win]
H207 | bet   1,000원 BANKER | P:5♠ 9♣ 3♠=7  B:10♠ 3♣ 8♣=1  PLAYER(L)  | -1,000원 → 191,850원  [start]
H208 | bet   2,000원 PLAYER | P:A♣ J♣ 9♠=0  B:A♣ J♥ 3♥=4  BANKER(L)  | -2,000원 → 189,850원
H209 | bet   4,000원 PLAYER | P:4♥ 8♠ J♠=2  B:3♦ 8♥ J♠=1  PLAYER(W)  | +4,000원 → 193,850원  [end_win]
H210 | bet   1,000원 BANKER | P:K♣ 5♦=5  B:J♣ 8♥=8  BANKER(W)  | +950원 → 194,800원
H211 | bet   1,000원 BANKER | P:J♦ J♦ 3♦=3  B:5♦ A♣=6  BANKER(W)  | +950원 → 195,750원
H212 | bet   1,000원 BANKER | P:9♠ Q♥=9  B:A♥ 3♦=4  PLAYER(L)  | -1,000원 → 194,750원  [start]
H213 | bet   2,000원 PLAYER | P:9♦ K♣=9  B:9♣ 8♦=7  PLAYER(W)  | +2,000원 → 196,750원  [end_win]
H214 | bet   1,000원 BANKER | P:9♥ K♠=9  B:Q♥ 6♥=6  PLAYER(L)  | -1,000원 → 195,750원  [start]
H215 | bet   2,000원 PLAYER | P:Q♦ Q♥ A♦=1  B:4♦ 6♥ 2♦=2  BANKER(L)  | -2,000원 → 193,750원
H216 | bet   4,000원 PLAYER | P:10♦ Q♠=0  B:9♦ 9♦=8  BANKER(L)  | -4,000원 → 189,750원
H217 | bet   8,000원 PLAYER | P:2♠ 4♠=6  B:A♠ 5♣=6  TIE(T)  |     0원 → 189,750원
H218 | bet   8,000원 PLAYER | P:K♦ 8♦=8  B:2♦ 5♥=7  PLAYER(W)  | +8,000원 → 197,750원  [end_win]
H219 | bet   1,000원 BANKER | P:2♥ 9♦ Q♠=1  B:6♦ K♦=6  BANKER(W)  | +950원 → 198,700원
H220 | bet   1,000원 BANKER | P:10♦ 2♥ J♥=2  B:3♣ 2♣=5  BANKER(W)  | +950원 → 199,650원
H221 | bet   1,000원 BANKER | P:9♥ 4♣ 10♥=3  B:A♦ 10♥ 3♥=4  BANKER(W)  | +950원 → 200,600원
H222 | bet   1,000원 BANKER | P:J♣ 6♠=6  B:2♥ 2♠ J♦=4  PLAYER(L)  | -1,000원 → 199,600원  [start]
H223 | bet   2,000원 PLAYER | P:Q♦ 3♠=3  B:9♠ J♠=9  BANKER(L)  | -2,000원 → 197,600원
H224 | bet   4,000원 PLAYER | P:4♣ 7♦=1  B:Q♥ 8♠=8  BANKER(L)  | -4,000원 → 193,600원
H225 | bet   8,000원 PLAYER | P:9♣ 6♠=5  B:8♥ A♥=9  BANKER(L)  | -8,000원 → 185,600원
H226 | bet  16,000원 PLAYER | P:2♣ J♣ 3♥=5  B:5♠ A♠=6  BANKER(L)  | -16,000원 → 169,600원
H227 | bet  32,000원 PLAYER | P:8♣ 10♣=8  B:10♣ 7♣=7  PLAYER(W)  | +32,000원 → 201,600원  [end_win]
H228 | bet   1,000원 BANKER | P:3♠ 7♦ 3♠=3  B:3♣ 9♣ A♥=3  TIE(T)  |     0원 → 201,600원
H229 | bet   1,000원 BANKER | P:2♥ A♠ 5♣=8  B:5♦ K♦ 5♦=0  PLAYER(L)  | -1,000원 → 200,600원  [start]
H230 | bet   2,000원 PLAYER | P:K♦ J♥ 6♣=6  B:2♠ J♥ 8♠=0  PLAYER(W)  | +2,000원 → 202,600원  [end_win]
H231 | bet   1,000원 BANKER | P:3♣ K♣ K♥=3  B:8♣ 2♣ 4♥=4  BANKER(W)  | +950원 → 203,550원
H232 | bet   1,000원 BANKER | P:Q♦ J♦ K♠=0  B:3♥ Q♥ 4♥=7  BANKER(W)  | +950원 → 204,500원
H233 | bet   1,000원 BANKER | P:4♠ 3♥=7  B:3♠ 10♦ 3♦=6  PLAYER(L)  | -1,000원 → 203,500원  [start]
H234 | bet   2,000원 PLAYER | P:Q♣ 5♣ 8♦=3  B:10♦ A♣ 8♦=9  BANKER(L)  | -2,000원 → 201,500원
H235 | bet   4,000원 PLAYER | P:Q♣ 4♠ 7♣=1  B:K♠ 5♣ 2♥=7  BANKER(L)  | -4,000원 → 197,500원
H236 | bet   8,000원 PLAYER | P:Q♠ 6♠=6  B:2♦ 2♦ 10♥=4  PLAYER(W)  | +8,000원 → 205,500원  [end_win]
H237 | bet   1,000원 BANKER | P:10♥ A♠ 3♠=4  B:Q♣ 6♦=6  BANKER(W)  | +950원 → 206,450원
H238 | bet   1,000원 BANKER | P:7♣ J♦=7  B:9♣ A♣ 8♥=8  BANKER(W)  | +950원 → 207,400원
H239 | bet   1,000원 BANKER | P:6♥ 7♥=3  B:Q♠ 8♣=8  BANKER(W)  | +950원 → 208,350원
H240 | bet   1,000원 BANKER | P:A♦ Q♣=1  B:Q♦ 9♠=9  BANKER(W)  | +950원 → 209,300원
H241 | bet   1,000원 BANKER | P:2♠ 7♦=9  B:3♠ 4♠=7  PLAYER(L)  | -1,000원 → 208,300원  [start]
H242 | bet   2,000원 PLAYER | P:9♣ 4♦ 5♦=8  B:5♠ A♠=6  PLAYER(W)  | +2,000원 → 210,300원  [end_win]
H243 | bet   1,000원 BANKER | P:Q♦ 3♣ Q♠=3  B:8♠ 3♦ 4♥=5  BANKER(W)  | +950원 → 211,250원
H244 | bet   1,000원 BANKER | P:Q♣ 6♣=6  B:K♠ 4♦ 10♣=4  PLAYER(L)  | -1,000원 → 210,250원  [start]
H245 | bet   2,000원 PLAYER | P:6♦ 6♦ 3♦=5  B:4♠ A♦=5  TIE(T)  |     0원 → 210,250원
H246 | bet   2,000원 PLAYER | P:A♠ 5♥=6  B:3♦ 5♣=8  BANKER(L)  | -2,000원 → 208,250원
H247 | bet   4,000원 PLAYER | P:A♠ 7♥=8  B:5♣ 6♥=1  PLAYER(W)  | +4,000원 → 212,250원  [end_win]
H248 | bet   1,000원 BANKER | P:6♦ 9♦ 10♥=5  B:3♣ J♦ 7♠=0  PLAYER(L)  | -1,000원 → 211,250원  [start]
H249 | bet   2,000원 PLAYER | P:6♣ 8♥ 8♠=2  B:10♠ Q♣ 9♣=9  BANKER(L)  | -2,000원 → 209,250원
H250 | bet   4,000원 PLAYER | P:5♠ 2♥=7  B:8♣ J♥=8  BANKER(L)  | -4,000원 → 205,250원
H251 | bet   8,000원 PLAYER | P:J♥ 3♠ J♣=3  B:9♦ A♠ 8♦=8  BANKER(L)  | -8,000원 → 197,250원
H252 | bet  16,000원 PLAYER | P:9♠ 4♠ K♠=3  B:5♣ 2♠=7  BANKER(L)  | -16,000원 → 181,250원
H253 | bet  32,000원 PLAYER | P:7♥ 4♦ J♦=1  B:6♥ 4♥ 3♥=3  BANKER(L)  | -32,000원 → 149,250원  [end_giveup]
H254 | bet   1,000원 BANKER | P:2♦ K♣=2  B:7♠ A♣=8  BANKER(W)  | +950원 → 150,200원
H255 | bet   1,000원 BANKER | P:8♦ 2♣ 2♥=2  B:8♦ 3♠ A♣=2  TIE(T)  |     0원 → 150,200원
H256 | bet   1,000원 BANKER | P:8♠ A♥=9  B:4♦ A♦=5  PLAYER(L)  | -1,000원 → 149,200원  [start]
H257 | bet   2,000원 PLAYER | P:K♥ 6♠=6  B:7♠ 2♣=9  BANKER(L)  | -2,000원 → 147,200원
H258 | bet   4,000원 PLAYER | P:J♥ 3♠ J♠=3  B:J♥ 4♦=4  BANKER(L)  | -4,000원 → 143,200원
H259 | bet   8,000원 PLAYER | P:7♠ A♠=8  B:2♠ Q♥=2  PLAYER(W)  | +8,000원 → 151,200원  [end_win]
H260 | bet   1,000원 BANKER | P:4♥ 9♦ 6♦=9  B:K♣ A♣ 7♠=8  PLAYER(L)  | -1,000원 → 150,200원  [start]
H261 | bet   2,000원 PLAYER | P:6♦ 4♣ 5♥=5  B:K♣ J♣ 3♠=3  PLAYER(W)  | +2,000원 → 152,200원  [end_win]
H262 | bet   1,000원 BANKER | P:J♦ 5♥=5  B:A♦ 8♦=9  BANKER(W)  | +950원 → 153,150원
H263 | bet   1,000원 BANKER | P:K♠ 10♠ Q♥=0  B:K♦ A♦ 5♥=6  BANKER(W)  | +950원 → 154,100원
H264 | bet   1,000원 BANKER | P:Q♥ 5♥ 4♠=9  B:2♦ K♠ 9♠=1  PLAYER(L)  | -1,000원 → 153,100원  [start]
H265 | bet   2,000원 PLAYER | P:6♦ 10♣=6  B:Q♠ 9♥=9  BANKER(L)  | -2,000원 → 151,100원
H266 | bet   4,000원 PLAYER | P:10♠ A♦ 7♦=8  B:3♣ 9♠ K♦=2  PLAYER(W)  | +4,000원 → 155,100원  [end_win]
H267 | bet   1,000원 BANKER | P:3♥ 8♥ 7♣=8  B:3♦ 9♦ 10♦=2  PLAYER(L)  | -1,000원 → 154,100원  [start]
H268 | bet   2,000원 PLAYER | P:3♠ 8♣ 2♠=3  B:2♠ K♦ K♦=2  PLAYER(W)  | +2,000원 → 156,100원  [end_win]
H269 | bet   1,000원 BANKER | P:A♠ 5♠=6  B:5♦ 9♠ 4♥=8  BANKER(W)  | +950원 → 157,050원
H270 | bet   1,000원 BANKER | P:A♥ A♥ 6♠=8  B:7♣ 10♥=7  PLAYER(L)  | -1,000원 → 156,050원  [start]
H271 | bet   2,000원 PLAYER | P:9♣ 7♠=6  B:2♣ 6♠=8  BANKER(L)  | -2,000원 → 154,050원
H272 | bet   4,000원 PLAYER | P:2♦ Q♠ 6♠=8  B:9♥ 4♣ 9♣=2  PLAYER(W)  | +4,000원 → 158,050원  [end_win]
H273 | bet   1,000원 BANKER | P:K♥ 7♣=7  B:2♠ 3♠ 5♦=0  PLAYER(L)  | -1,000원 → 157,050원  [start]
H274 | bet   2,000원 PLAYER | P:7♥ 9♥=6  B:5♦ A♥=6  TIE(T)  |     0원 → 157,050원
H275 | bet   2,000원 PLAYER | P:5♥ 10♥ Q♦=5  B:4♣ 10♠=4  PLAYER(W)  | +2,000원 → 159,050원  [end_win]
H276 | bet   1,000원 BANKER | P:7♥ 8♥ 5♣=0  B:7♥ 4♦ 6♥=7  BANKER(W)  | +950원 → 160,000원
H277 | bet   1,000원 BANKER | P:3♣ 10♥=3  B:Q♠ 9♣=9  BANKER(W)  | +950원 → 160,950원
H278 | bet   1,000원 BANKER | P:A♣ 3♦ 5♦=9  B:7♦ 6♥ 5♣=8  PLAYER(L)  | -1,000원 → 159,950원  [start]
H279 | bet   2,000원 PLAYER | P:7♦ Q♦=7  B:5♦ J♠ 10♣=5  PLAYER(W)  | +2,000원 → 161,950원  [end_win]
H280 | bet   1,000원 BANKER | P:2♣ 10♣=2  B:K♠ 8♥=8  BANKER(W)  | +950원 → 162,900원
H281 | bet   1,000원 BANKER | P:9♦ 7♣=6  B:5♠ 5♠ 10♥=0  PLAYER(L)  | -1,000원 → 161,900원  [start]
H282 | bet   2,000원 PLAYER | P:6♠ 8♣ 9♠=3  B:6♠ A♠=7  BANKER(L)  | -2,000원 → 159,900원
H283 | bet   4,000원 PLAYER | P:10♥ 6♦=6  B:J♣ 7♣=7  BANKER(L)  | -4,000원 → 155,900원
H284 | bet   8,000원 PLAYER | P:5♦ 6♣ J♦=1  B:5♠ 5♣ 10♦=0  PLAYER(W)  | +8,000원 → 163,900원  [end_win]
H285 | bet   1,000원 BANKER | P:Q♣ Q♠ J♠=0  B:J♣ 4♦=4  BANKER(W)  | +950원 → 164,850원
H286 | bet   1,000원 BANKER | P:4♠ K♣=4  B:3♠ 5♦=8  BANKER(W)  | +950원 → 165,800원
H287 | bet   1,000원 BANKER | P:J♥ 10♣ J♣=0  B:2♥ 2♥=4  BANKER(W)  | +950원 → 166,750원
H288 | bet   1,000원 BANKER | P:9♥ 4♣=3  B:10♦ 9♦=9  BANKER(W)  | +950원 → 167,700원
H289 | bet   1,000원 BANKER | P:8♦ J♣=8  B:2♥ 8♣=0  PLAYER(L)  | -1,000원 → 166,700원  [start]
H290 | bet   2,000원 PLAYER | P:9♥ 8♥=7  B:K♥ 9♦=9  BANKER(L)  | -2,000원 → 164,700원
H291 | bet   4,000원 PLAYER | P:K♣ 8♠=8  B:K♠ A♣=1  PLAYER(W)  | +4,000원 → 168,700원  [end_win]
H292 | bet   1,000원 BANKER | P:A♠ K♦ Q♥=1  B:Q♦ J♦ Q♦=0  PLAYER(L)  | -1,000원 → 167,700원  [start]
H293 | bet   2,000원 PLAYER | P:K♥ 10♠ 2♣=2  B:K♠ K♦ 8♥=8  BANKER(L)  | -2,000원 → 165,700원
H294 | bet   4,000원 PLAYER | P:Q♣ A♣ 4♦=5  B:7♣ 5♠ 9♠=1  PLAYER(W)  | +4,000원 → 169,700원  [end_win]
H295 | bet   1,000원 BANKER | P:2♦ K♦ 10♦=2  B:5♣ A♠=6  BANKER(W)  | +950원 → 170,650원
H296 | bet   1,000원 BANKER | P:4♣ 2♥=6  B:9♣ 2♠ 6♥=7  BANKER(W)  | +950원 → 171,600원
H297 | bet   1,000원 BANKER | P:3♥ 7♣ K♥=0  B:7♦ 7♠=4  BANKER(W)  | +950원 → 172,550원
H298 | bet   1,000원 BANKER | P:9♠ 8♠=7  B:10♥ 8♣=8  BANKER(W)  | +950원 → 173,500원
H299 | bet   1,000원 BANKER | P:4♥ 2♣=6  B:8♦ 7♥ 2♦=7  BANKER(W)  | +950원 → 174,450원
H300 | bet   1,000원 BANKER | P:4♣ 4♠=8  B:J♠ A♥=1  PLAYER(L)  | -1,000원 → 173,450원  [start]
H301 | bet   2,000원 PLAYER | P:4♠ 6♣ 3♣=3  B:Q♥ 3♣ 2♣=5  BANKER(L)  | -2,000원 → 171,450원
H302 | bet   4,000원 PLAYER | P:Q♠ 2♠ 6♠=8  B:7♦ 5♥ J♥=2  PLAYER(W)  | +4,000원 → 175,450원  [end_win]
H303 | bet   1,000원 BANKER | P:A♥ 3♣ 3♥=7  B:6♥ Q♣=6  PLAYER(L)  | -1,000원 → 174,450원  [start]
H304 | bet   2,000원 PLAYER | P:A♦ 10♠ 6♠=7  B:4♣ Q♦ Q♦=4  PLAYER(W)  | +2,000원 → 176,450원  [end_win]
H305 | bet   1,000원 BANKER | P:10♣ 2♥ K♦=2  B:8♣ 3♥ 4♥=5  BANKER(W)  | +950원 → 177,400원
H306 | bet   1,000원 BANKER | P:Q♥ 10♦ K♥=0  B:J♠ 10♠ 10♣=0  TIE(T)  |     0원 → 177,400원
H307 | bet   1,000원 BANKER | P:5♥ 7♣ 8♦=0  B:5♠ 8♦=3  BANKER(W)  | +950원 → 178,350원
H308 | bet   1,000원 BANKER | P:Q♣ 9♥=9  B:Q♠ 9♥=9  TIE(T)  |     0원 → 178,350원
H309 | bet   1,000원 BANKER | P:K♥ Q♦ 4♦=4  B:8♣ 2♦ A♣=1  PLAYER(L)  | -1,000원 → 177,350원  [start]
H310 | bet   2,000원 PLAYER | P:2♦ K♠=2  B:J♦ 9♣=9  BANKER(L)  | -2,000원 → 175,350원
H311 | bet   4,000원 PLAYER | P:2♣ 6♣=8  B:A♥ Q♣=1  PLAYER(W)  | +4,000원 → 179,350원  [end_win]
H312 | bet   1,000원 BANKER | P:3♦ 7♦ K♣=0  B:6♥ K♣=6  BANKER(W)  | +950원 → 180,300원
H313 | bet   1,000원 BANKER | P:3♥ 9♣ 10♦=2  B:2♥ Q♠ J♦=2  TIE(T)  |     0원 → 180,300원
H314 | bet   1,000원 BANKER | P:3♣ Q♥ A♦=4  B:8♥ 6♣=4  TIE(T)  |     0원 → 180,300원
H315 | bet   1,000원 BANKER | P:A♦ 7♦=8  B:4♠ Q♥=4  PLAYER(L)  | -1,000원 → 179,300원  [start]
H316 | bet   2,000원 PLAYER | P:8♣ J♠=8  B:6♥ 10♠=6  PLAYER(W)  | +2,000원 → 181,300원  [end_win]
H317 | bet   1,000원 BANKER | P:4♥ 9♠ J♥=3  B:5♣ 10♦=5  BANKER(W)  | +950원 → 182,250원
H318 | bet   1,000원 BANKER | P:2♦ 6♣=8  B:8♠ 4♠=2  PLAYER(L)  | -1,000원 → 181,250원  [start]
H319 | bet   2,000원 PLAYER | P:5♠ 3♥=8  B:J♥ 6♣=6  PLAYER(W)  | +2,000원 → 183,250원  [end_win]
H320 | bet   1,000원 BANKER | P:3♦ J♣ 7♠=0  B:7♦ J♣=7  BANKER(W)  | +950원 → 184,200원
H321 | bet   1,000원 BANKER | P:10♦ 4♥ K♣=4  B:J♠ 10♣ 9♥=9  BANKER(W)  | +950원 → 185,150원
H322 | bet   1,000원 BANKER | P:9♣ 2♠ K♥=1  B:A♣ 4♣=5  BANKER(W)  | +950원 → 186,100원
H323 | bet   1,000원 BANKER | P:3♠ 6♦=9  B:10♥ 7♥=7  PLAYER(L)  | -1,000원 → 185,100원  [start]
H324 | bet   2,000원 PLAYER | P:3♦ 10♥ 8♣=1  B:J♥ Q♦ 8♦=8  BANKER(L)  | -2,000원 → 183,100원
H325 | bet   4,000원 PLAYER | P:3♣ A♦=4  B:3♦ 5♦=8  BANKER(L)  | -4,000원 → 179,100원
H326 | bet   8,000원 PLAYER | P:6♠ 7♦ K♣=3  B:2♦ 4♣=6  BANKER(L)  | -8,000원 → 171,100원
H327 | bet  16,000원 PLAYER | P:9♦ J♦=9  B:9♣ 4♣=3  PLAYER(W)  | +16,000원 → 187,100원  [end_win]
H328 | bet   1,000원 BANKER | P:5♥ 10♣ 10♥=5  B:4♠ 3♥=7  BANKER(W)  | +950원 → 188,050원
H329 | bet   1,000원 BANKER | P:6♠ J♦=6  B:A♥ 7♣=8  BANKER(W)  | +950원 → 189,000원
H330 | bet   1,000원 BANKER | P:8♦ 4♥ 9♥=1  B:6♥ Q♦=6  BANKER(W)  | +950원 → 189,950원
H331 | bet   1,000원 BANKER | P:10♦ 8♥=8  B:Q♣ Q♠=0  PLAYER(L)  | -1,000원 → 188,950원  [start]
H332 | bet   2,000원 PLAYER | P:2♦ K♣ K♣=2  B:10♣ 7♠=7  BANKER(L)  | -2,000원 → 186,950원
H333 | bet   4,000원 PLAYER | P:6♥ 5♦ A♥=2  B:Q♣ 4♦=4  BANKER(L)  | -4,000원 → 182,950원
H334 | bet   8,000원 PLAYER | P:7♦ 5♣ J♣=2  B:4♠ 2♥=6  BANKER(L)  | -8,000원 → 174,950원
H335 | bet  16,000원 PLAYER | P:Q♥ 5♥=5  B:5♣ 3♠=8  BANKER(L)  | -16,000원 → 158,950원
H336 | bet  32,000원 PLAYER | P:9♣ K♥=9  B:6♥ 8♠=4  PLAYER(W)  | +32,000원 → 190,950원  [end_win]
H337 | bet   1,000원 BANKER | P:6♦ 4♠ J♠=0  B:J♦ 4♠=4  BANKER(W)  | +950원 → 191,900원
H338 | bet   1,000원 BANKER | P:J♣ K♥ 2♠=2  B:Q♦ 10♥ J♦=0  PLAYER(L)  | -1,000원 → 190,900원  [start]
H339 | bet   2,000원 PLAYER | P:7♦ 3♣ 2♠=2  B:6♥ 7♠ 2♣=5  BANKER(L)  | -2,000원 → 188,900원
H340 | bet   4,000원 PLAYER | P:9♣ 3♠=2  B:2♠ 7♠=9  BANKER(L)  | -4,000원 → 184,900원
H341 | bet   8,000원 PLAYER | P:9♦ K♦=9  B:7♥ A♠=8  PLAYER(W)  | +8,000원 → 192,900원  [end_win]
H342 | bet   1,000원 BANKER | P:9♠ 10♣=9  B:Q♣ 8♣=8  PLAYER(L)  | -1,000원 → 191,900원  [start]
H343 | bet   2,000원 PLAYER | P:10♦ 8♥=8  B:J♥ Q♦=0  PLAYER(W)  | +2,000원 → 193,900원  [end_win]
H344 | bet   1,000원 BANKER | P:Q♣ 6♠=6  B:3♥ Q♥ 5♥=8  BANKER(W)  | +950원 → 194,850원
H345 | bet   1,000원 BANKER | P:2♠ 10♠ 10♣=2  B:2♥ 8♠ Q♥=0  PLAYER(L)  | -1,000원 → 193,850원  [start]
H346 | bet   2,000원 PLAYER | P:8♥ 5♥ 6♣=9  B:6♦ Q♠ 5♥=1  PLAYER(W)  | +2,000원 → 195,850원  [end_win]
H347 | bet   1,000원 BANKER | P:J♣ Q♥ 2♥=2  B:7♠ 3♣ Q♥=0  PLAYER(L)  | -1,000원 → 194,850원  [start]
H348 | bet   2,000원 PLAYER | P:J♠ 3♣=3  B:9♥ J♣=9  BANKER(L)  | -2,000원 → 192,850원
H349 | bet   4,000원 PLAYER | P:5♠ 5♦ 9♦=9  B:10♠ J♦ A♣=1  PLAYER(W)  | +4,000원 → 196,850원  [end_win]
H350 | bet   1,000원 BANKER | P:6♦ K♠=6  B:4♥ K♥ 3♠=7  BANKER(W)  | +950원 → 197,800원
H351 | bet   1,000원 BANKER | P:K♥ 9♣=9  B:5♠ 5♦=0  PLAYER(L)  | -1,000원 → 196,800원  [start]
H352 | bet   2,000원 PLAYER | P:5♣ 10♥ J♥=5  B:3♦ 2♣=5  TIE(T)  |     0원 → 196,800원
H353 | bet   2,000원 PLAYER | P:K♦ K♠=0  B:9♠ 9♠=8  BANKER(L)  | -2,000원 → 194,800원
H354 | bet   4,000원 PLAYER | P:6♠ 10♣=6  B:10♦ 8♣=8  BANKER(L)  | -4,000원 → 190,800원
H355 | bet   8,000원 PLAYER | P:7♥ Q♥=7  B:A♦ 4♣ 9♦=4  PLAYER(W)  | +8,000원 → 198,800원  [end_win]
H356 | bet   1,000원 BANKER | P:6♠ J♠=6  B:2♥ Q♦ K♣=2  PLAYER(L)  | -1,000원 → 197,800원  [start]
H357 | bet   2,000원 PLAYER | P:10♣ K♠ A♥=1  B:3♠ 2♥=5  BANKER(L)  | -2,000원 → 195,800원
H358 | bet   4,000원 PLAYER | P:3♥ K♥=3  B:4♥ 4♦=8  BANKER(L)  | -4,000원 → 191,800원
H359 | bet   8,000원 PLAYER | P:4♥ 4♣=8  B:10♦ 7♥=7  PLAYER(W)  | +8,000원 → 199,800원  [end_win]
H360 | bet   1,000원 BANKER | P:9♥ K♣=9  B:8♠ 4♦=2  PLAYER(L)  | -1,000원 → 198,800원  [start]
H361 | bet   2,000원 PLAYER | P:Q♠ A♦ Q♣=1  B:9♦ 4♠ 7♣=0  PLAYER(W)  | +2,000원 → 200,800원  [end_win]
H362 | bet   1,000원 BANKER | P:K♥ 8♣=8  B:J♣ 2♦=2  PLAYER(L)  | -1,000원 → 199,800원  [start]
H363 | bet   2,000원 PLAYER | P:Q♣ 7♣=7  B:6♣ J♥=6  PLAYER(W)  | +2,000원 → 201,800원  [end_win]
H364 | bet   1,000원 BANKER | P:6♣ J♦=6  B:2♠ 4♥=6  TIE(T)  |     0원 → 201,800원
H365 | bet   1,000원 BANKER | P:9♥ K♣=9  B:5♦ 4♥=9  TIE(T)  |     0원 → 201,800원
H366 | bet   1,000원 BANKER | P:5♠ J♥ 5♣=0  B:3♠ 8♥ J♦=1  BANKER(W)  | +950원 → 202,750원
H367 | bet   1,000원 BANKER | P:3♠ 8♣ 7♠=8  B:A♠ A♣ K♦=2  PLAYER(L)  | -1,000원 → 201,750원  [start]
H368 | bet   2,000원 PLAYER | P:A♦ 4♦ 2♣=7  B:10♣ K♦ 7♣=7  TIE(T)  |     0원 → 201,750원
H369 | bet   2,000원 PLAYER | P:K♠ 9♠=9  B:10♦ 6♣=6  PLAYER(W)  | +2,000원 → 203,750원  [end_win]
H370 | bet   1,000원 BANKER | P:J♣ 6♠=6  B:10♦ J♠ 8♦=8  BANKER(W)  | +950원 → 204,700원
H371 | bet   1,000원 BANKER | P:2♦ 3♥ 4♠=9  B:7♦ 8♠ A♠=6  PLAYER(L)  | -1,000원 → 203,700원  [start]
H372 | bet   2,000원 PLAYER | P:8♥ A♠=9  B:A♥ K♥=1  PLAYER(W)  | +2,000원 → 205,700원  [end_win]
H373 | bet   1,000원 BANKER | P:6♣ 3♠=9  B:A♣ A♠=2  PLAYER(L)  | -1,000원 → 204,700원  [start]
H374 | bet   2,000원 PLAYER | P:10♥ 5♥ 9♦=4  B:7♣ 5♦ Q♦=2  PLAYER(W)  | +2,000원 → 206,700원  [end_win]
H375 | bet   1,000원 BANKER | P:6♦ 3♦=9  B:4♦ 5♥=9  TIE(T)  |     0원 → 206,700원
H376 | bet   1,000원 BANKER | P:10♣ K♣=0  B:2♣ 7♠=9  BANKER(W)  | +950원 → 207,650원
H377 | bet   1,000원 BANKER | P:2♠ 9♠ 4♦=5  B:6♠ 5♣ 8♣=9  BANKER(W)  | +950원 → 208,600원
H378 | bet   1,000원 BANKER | P:6♥ 8♠ K♣=4  B:7♠ 10♠=7  BANKER(W)  | +950원 → 209,550원
H379 | bet   1,000원 BANKER | P:K♠ 6♦=6  B:K♦ 7♥=7  BANKER(W)  | +950원 → 210,500원
H380 | bet   1,000원 BANKER | P:A♠ 5♥=6  B:9♦ 4♦ 4♣=7  BANKER(W)  | +950원 → 211,450원
H381 | bet   1,000원 BANKER | P:3♣ J♠=3  B:8♦ A♦=9  BANKER(W)  | +950원 → 212,400원
H382 | bet   1,000원 BANKER | P:4♣ 9♦ Q♦=3  B:2♣ K♥ 9♣=1  PLAYER(L)  | -1,000원 → 211,400원  [start]
H383 | bet   2,000원 PLAYER | P:9♠ Q♠=9  B:6♥ Q♥=6  PLAYER(W)  | +2,000원 → 213,400원  [end_win]
H384 | bet   1,000원 BANKER | P:6♠ 8♦=4  B:4♣ 5♠=9  BANKER(W)  | +950원 → 214,350원
H385 | bet   1,000원 BANKER | P:5♦ 6♥ 6♥=7  B:2♥ 9♠ Q♦=1  PLAYER(L)  | -1,000원 → 213,350원  [start]
H386 | bet   2,000원 PLAYER | P:5♠ 5♦=0  B:8♦ A♥=9  BANKER(L)  | -2,000원 → 211,350원
H387 | bet   4,000원 PLAYER | P:2♦ 6♣=8  B:3♦ A♣=4  PLAYER(W)  | +4,000원 → 215,350원  [end_win]
H388 | bet   1,000원 BANKER | P:A♦ 9♣ A♦=1  B:9♥ A♣ 10♠=0  PLAYER(L)  | -1,000원 → 214,350원  [start]
H389 | bet   2,000원 PLAYER | P:6♣ K♦=6  B:10♠ J♦ K♠=0  PLAYER(W)  | +2,000원 → 216,350원  [end_win]
H390 | bet   1,000원 BANKER | P:3♥ 10♥ 7♣=0  B:A♣ 4♣ 7♥=2  BANKER(W)  | +950원 → 217,300원
H391 | bet   1,000원 BANKER | P:9♣ A♠ Q♠=0  B:8♠ 8♥=6  BANKER(W)  | +950원 → 218,250원
H392 | bet   1,000원 BANKER | P:8♣ 7♥ 3♣=8  B:Q♠ 4♥ 9♥=3  PLAYER(L)  | -1,000원 → 217,250원  [start]
H393 | bet   2,000원 PLAYER | P:A♣ 5♣=6  B:J♠ 7♥=7  BANKER(L)  | -2,000원 → 215,250원
H394 | bet   4,000원 PLAYER | P:8♦ Q♠=8  B:5♠ 8♠=3  PLAYER(W)  | +4,000원 → 219,250원  [end_win]
H395 | bet   1,000원 BANKER | P:10♦ K♦ 10♠=0  B:2♠ K♦ 4♠=6  BANKER(W)  | +950원 → 220,200원
H396 | bet   1,000원 BANKER | P:J♠ 6♦=6  B:6♦ Q♣=6  TIE(T)  |     0원 → 220,200원
H397 | bet   1,000원 BANKER | P:3♦ A♥=4  B:9♥ J♣=9  BANKER(W)  | +950원 → 221,150원
H398 | bet   1,000원 BANKER | P:Q♣ A♠ 3♥=4  B:A♥ 5♣=6  BANKER(W)  | +950원 → 222,100원
H399 | bet   1,000원 BANKER | P:7♦ 8♠ 10♠=5  B:2♦ 2♣=4  PLAYER(L)  | -1,000원 → 221,100원  [start]
H400 | bet   2,000원 PLAYER | P:K♠ 6♣=6  B:4♥ 4♠=8  BANKER(L)  | -2,000원 → 219,100원
H401 | bet   4,000원 PLAYER | P:7♦ 2♣=9  B:Q♥ 10♦=0  PLAYER(W)  | +4,000원 → 223,100원  [end_win]
H402 | bet   1,000원 BANKER | P:9♠ 3♠ Q♠=2  B:3♦ 7♦ 10♥=0  PLAYER(L)  | -1,000원 → 222,100원  [start]
H403 | bet   2,000원 PLAYER | P:5♣ 8♥=3  B:7♠ 2♦=9  BANKER(L)  | -2,000원 → 220,100원
H404 | bet   4,000원 PLAYER | P:7♣ 9♥=6  B:5♠ 8♣ A♥=4  PLAYER(W)  | +4,000원 → 224,100원  [end_win]
H405 | bet   1,000원 BANKER | P:A♣ K♠ J♥=1  B:7♣ 3♥ J♠=0  PLAYER(L)  | -1,000원 → 223,100원  [start]
H406 | bet   2,000원 PLAYER | P:8♥ 3♥ 10♥=1  B:4♦ 3♣=7  BANKER(L)  | -2,000원 → 221,100원
H407 | bet   4,000원 PLAYER | P:2♠ 2♥ 3♦=7  B:9♣ 2♣ 6♦=7  TIE(T)  |     0원 → 221,100원
H408 | bet   4,000원 PLAYER | P:6♥ 10♥=6  B:10♠ J♠ 3♥=3  PLAYER(W)  | +4,000원 → 225,100원  [end_win]
H409 | bet   1,000원 BANKER | P:10♠ 2♦ 3♠=5  B:4♥ A♣=5  TIE(T)  |     0원 → 225,100원
H410 | bet   1,000원 BANKER | P:Q♥ 8♠=8  B:J♣ A♠=1  PLAYER(L)  | -1,000원 → 224,100원  [start]
H411 | bet   2,000원 PLAYER | P:J♠ 8♣=8  B:4♠ 4♦=8  TIE(T)  |     0원 → 224,100원
H412 | bet   2,000원 PLAYER | P:J♥ 7♥=7  B:10♠ 3♦ 6♠=9  BANKER(L)  | -2,000원 → 222,100원
H413 | bet   4,000원 PLAYER | P:5♦ 4♣=9  B:K♥ 5♥=5  PLAYER(W)  | +4,000원 → 226,100원  [end_win]
H414 | bet   1,000원 BANKER | P:Q♦ 8♠=8  B:A♣ A♦=2  PLAYER(L)  | -1,000원 → 225,100원  [start]
H415 | bet   2,000원 PLAYER | P:4♦ J♣ 2♠=6  B:J♠ J♦ 3♠=3  PLAYER(W)  | +2,000원 → 227,100원  [end_win]
H416 | bet   1,000원 BANKER | P:9♠ Q♣=9  B:6♥ 5♥=1  PLAYER(L)  | -1,000원 → 226,100원  [start]
H417 | bet   2,000원 PLAYER | P:2♠ 10♣ 8♥=0  B:7♥ 7♣=4  BANKER(L)  | -2,000원 → 224,100원
H418 | bet   4,000원 PLAYER | P:J♣ 9♦=9  B:10♥ 7♣=7  PLAYER(W)  | +4,000원 → 228,100원  [end_win]
H419 | bet   1,000원 BANKER | P:6♦ K♠=6  B:2♦ 8♣ J♦=0  PLAYER(L)  | -1,000원 → 227,100원  [start]
H420 | bet   2,000원 PLAYER | P:4♠ 10♣ 5♠=9  B:Q♥ Q♦ A♣=1  PLAYER(W)  | +2,000원 → 229,100원  [end_win]
H421 | bet   1,000원 BANKER | P:6♣ Q♦=6  B:4♦ 9♣ 4♠=7  BANKER(W)  | +950원 → 230,050원
H422 | bet   1,000원 BANKER | P:8♣ K♥=8  B:8♣ 6♦=4  PLAYER(L)  | -1,000원 → 229,050원  [start]
H423 | bet   2,000원 PLAYER | P:6♥ 10♥=6  B:9♦ A♥ 4♣=4  PLAYER(W)  | +2,000원 → 231,050원  [end_win]
H424 | bet   1,000원 BANKER | P:7♠ 4♦=1  B:8♠ J♠=8  BANKER(W)  | +950원 → 232,000원
H425 | bet   1,000원 BANKER | P:6♥ A♠=7  B:3♣ 8♣ 2♦=3  PLAYER(L)  | -1,000원 → 231,000원  [start]
H426 | bet   2,000원 PLAYER | P:5♠ 10♦ 9♣=4  B:K♦ 6♦=6  BANKER(L)  | -2,000원 → 229,000원
H427 | bet   4,000원 PLAYER | P:K♥ 8♥=8  B:9♥ 4♥=3  PLAYER(W)  | +4,000원 → 233,000원  [end_win]
H428 | bet   1,000원 BANKER | P:10♥ 4♣ 4♥=8  B:A♣ 3♣ 10♣=4  PLAYER(L)  | -1,000원 → 232,000원  [start]
H429 | bet   2,000원 PLAYER | P:10♥ 7♣=7  B:K♣ 3♥ 9♦=2  PLAYER(W)  | +2,000원 → 234,000원  [end_win]
H430 | bet   1,000원 BANKER | P:6♦ 5♣ 3♠=4  B:6♠ 9♣=5  BANKER(W)  | +950원 → 234,950원
H431 | bet   1,000원 BANKER | P:J♠ 7♠=7  B:3♥ 10♣ 2♣=5  PLAYER(L)  | -1,000원 → 233,950원  [start]
H432 | bet   2,000원 PLAYER | P:2♥ 10♥ 3♠=5  B:J♦ 4♦ 7♠=1  PLAYER(W)  | +2,000원 → 235,950원  [end_win]
H433 | bet   1,000원 BANKER | P:9♠ 2♣ 9♣=0  B:A♣ Q♠ 3♠=4  BANKER(W)  | +950원 → 236,900원
H434 | bet   1,000원 BANKER | P:8♦ 3♦ 9♣=0  B:9♥ 3♠ J♥=2  BANKER(W)  | +950원 → 237,850원
H435 | bet   1,000원 BANKER | P:2♠ A♣ 10♦=3  B:9♦ 2♦ Q♣=1  PLAYER(L)  | -1,000원 → 236,850원  [start]
H436 | bet   2,000원 PLAYER | P:J♥ 2♠ K♣=2  B:Q♦ 5♦=5  BANKER(L)  | -2,000원 → 234,850원
H437 | bet   4,000원 PLAYER | P:4♠ Q♥ 5♣=9  B:5♣ Q♣ K♥=5  PLAYER(W)  | +4,000원 → 238,850원  [end_win]
H438 | bet   1,000원 BANKER | P:5♣ 5♥ J♥=0  B:J♥ 4♥=4  BANKER(W)  | +950원 → 239,800원
H439 | bet   1,000원 BANKER | P:Q♠ Q♠ A♣=1  B:10♦ 2♥ 5♦=7  BANKER(W)  | +950원 → 240,750원
H440 | bet   1,000원 BANKER | P:3♥ 8♥ 6♦=7  B:4♠ 6♣ J♥=0  PLAYER(L)  | -1,000원 → 239,750원  [start]
H441 | bet   2,000원 PLAYER | P:6♥ Q♥=6  B:6♠ 5♦ 7♦=8  BANKER(L)  | -2,000원 → 237,750원
H442 | bet   4,000원 PLAYER | P:6♠ 10♣=6  B:K♥ 3♦ Q♦=3  PLAYER(W)  | +4,000원 → 241,750원  [end_win]
H443 | bet   1,000원 BANKER | P:4♣ 8♥ Q♥=2  B:A♦ K♠ 10♦=1  PLAYER(L)  | -1,000원 → 240,750원  [start]
H444 | bet   2,000원 PLAYER | P:3♠ 4♦=7  B:J♠ 8♥=8  BANKER(L)  | -2,000원 → 238,750원
H445 | bet   4,000원 PLAYER | P:A♥ 8♣=9  B:3♣ 10♠=3  PLAYER(W)  | +4,000원 → 242,750원  [end_win]
H446 | bet   1,000원 BANKER | P:7♦ A♠=8  B:5♦ J♣=5  PLAYER(L)  | -1,000원 → 241,750원  [start]
H447 | bet   2,000원 PLAYER | P:5♥ 9♦ 8♠=2  B:9♠ 8♦=7  BANKER(L)  | -2,000원 → 239,750원
H448 | bet   4,000원 PLAYER | P:6♠ 2♠=8  B:2♣ 5♣=7  PLAYER(W)  | +4,000원 → 243,750원  [end_win]
H449 | bet   1,000원 BANKER | P:9♠ 7♥=6  B:10♣ 10♠ 7♣=7  BANKER(W)  | +950원 → 244,700원
H450 | bet   1,000원 BANKER | P:7♣ A♥=8  B:7♦ Q♠=7  PLAYER(L)  | -1,000원 → 243,700원  [start]
H451 | bet   2,000원 PLAYER | P:4♣ 2♣=6  B:2♥ 5♠=7  BANKER(L)  | -2,000원 → 241,700원
H452 | bet   4,000원 PLAYER | P:4♥ 9♣ K♥=3  B:3♣ 2♥=5  BANKER(L)  | -4,000원 → 237,700원
H453 | bet   8,000원 PLAYER | P:10♠ 10♠ 8♥=8  B:K♦ 10♦ Q♦=0  PLAYER(W)  | +8,000원 → 245,700원  [end_win]
H454 | bet   1,000원 BANKER | P:K♦ A♣ Q♠=1  B:K♥ J♣ 10♥=0  PLAYER(L)  | -1,000원 → 244,700원  [start]
H455 | bet   2,000원 PLAYER | P:6♥ 9♦ K♠=5  B:K♦ 5♥=5  TIE(T)  |     0원 → 244,700원
H456 | bet   2,000원 PLAYER | P:Q♠ Q♥ 7♦=7  B:4♥ 7♦ 4♠=5  PLAYER(W)  | +2,000원 → 246,700원  [end_win]
H457 | bet   1,000원 BANKER | P:K♣ A♥ 6♦=7  B:4♣ 7♠ 6♠=7  TIE(T)  |     0원 → 246,700원
H458 | bet   1,000원 BANKER | P:7♣ K♦=7  B:3♦ 3♣=6  PLAYER(L)  | -1,000원 → 245,700원  [start]
H459 | bet   2,000원 PLAYER | P:Q♥ A♦=1  B:6♣ 3♣=9  BANKER(L)  | -2,000원 → 243,700원
H460 | bet   4,000원 PLAYER | P:7♦ A♦=8  B:5♠ 3♣=8  TIE(T)  |     0원 → 243,700원
H461 | bet   4,000원 PLAYER | P:9♥ 2♥=1  B:3♥ 5♥=8  BANKER(L)  | -4,000원 → 239,700원
H462 | bet   8,000원 PLAYER | P:3♦ 7♠=0  B:10♦ 9♥=9  BANKER(L)  | -8,000원 → 231,700원
H463 | bet  16,000원 PLAYER | P:3♦ 9♦ A♥=3  B:J♣ Q♣ 6♠=6  BANKER(L)  | -16,000원 → 215,700원
H464 | bet  32,000원 PLAYER | P:3♥ 7♦ 3♦=3  B:5♥ 6♣ 2♣=3  TIE(T)  |     0원 → 215,700원
H465 | bet  32,000원 PLAYER | P:K♣ 2♥ 2♦=4  B:3♣ 7♠ 8♥=8  BANKER(L)  | -32,000원 → 183,700원  [end_giveup]
H466 | bet   1,000원 BANKER | P:2♦ 7♥=9  B:6♣ 6♣=2  PLAYER(L)  | -1,000원 → 182,700원  [start]
H467 | bet   2,000원 PLAYER | P:7♥ 3♥ A♠=1  B:10♣ 5♥=5  BANKER(L)  | -2,000원 → 180,700원
H468 | bet   4,000원 PLAYER | P:A♥ K♦ 5♣=6  B:8♦ 2♠ K♣=0  PLAYER(W)  | +4,000원 → 184,700원  [end_win]
H469 | bet   1,000원 BANKER | P:9♠ 9♥=8  B:Q♠ 6♠=6  PLAYER(L)  | -1,000원 → 183,700원  [start]
H470 | bet   2,000원 PLAYER | P:6♥ 4♠ 4♦=4  B:A♦ 5♣=6  BANKER(L)  | -2,000원 → 181,700원
H471 | bet   4,000원 PLAYER | P:3♦ 2♠=5  B:6♥ 3♠=9  BANKER(L)  | -4,000원 → 177,700원
H472 | bet   8,000원 PLAYER | P:7♥ 5♠=2  B:8♥ J♥=8  BANKER(L)  | -8,000원 → 169,700원
H473 | bet  16,000원 PLAYER | P:A♦ 8♠=9  B:9♥ 9♠=8  PLAYER(W)  | +16,000원 → 185,700원  [end_win]
H474 | bet   1,000원 BANKER | P:9♣ K♠=9  B:8♠ Q♦=8  PLAYER(L)  | -1,000원 → 184,700원  [start]
H475 | bet   2,000원 PLAYER | P:K♠ K♦ 5♠=5  B:2♦ 5♦=7  BANKER(L)  | -2,000원 → 182,700원
H476 | bet   4,000원 PLAYER | P:K♣ 8♦=8  B:6♣ A♥=7  PLAYER(W)  | +4,000원 → 186,700원  [end_win]
H477 | bet   1,000원 BANKER | P:Q♣ 8♣=8  B:K♠ 7♠=7  PLAYER(L)  | -1,000원 → 185,700원  [start]
H478 | bet   2,000원 PLAYER | P:A♠ Q♥ Q♠=1  B:7♦ 9♦=6  BANKER(L)  | -2,000원 → 183,700원
H479 | bet   4,000원 PLAYER | P:8♦ 5♦ 2♣=5  B:Q♣ A♠ 2♦=3  PLAYER(W)  | +4,000원 → 187,700원  [end_win]
H480 | bet   1,000원 BANKER | P:A♦ 2♠ 2♥=5  B:6♣ 10♦=6  BANKER(W)  | +950원 → 188,650원
H481 | bet   1,000원 BANKER | P:J♦ 9♠=9  B:K♣ 4♦=4  PLAYER(L)  | -1,000원 → 187,650원  [start]
H482 | bet   2,000원 PLAYER | P:A♠ 7♣=8  B:J♦ 7♥=7  PLAYER(W)  | +2,000원 → 189,650원  [end_win]
H483 | bet   1,000원 BANKER | P:K♥ Q♦=0  B:8♦ J♦=8  BANKER(W)  | +950원 → 190,600원
H484 | bet   1,000원 BANKER | P:J♥ 4♣ 9♠=3  B:5♣ 8♠ 8♠=1  PLAYER(L)  | -1,000원 → 189,600원  [start]
H485 | bet   2,000원 PLAYER | P:J♠ K♠ 7♣=7  B:3♥ 7♥ 2♣=2  PLAYER(W)  | +2,000원 → 191,600원  [end_win]
H486 | bet   1,000원 BANKER | P:5♠ 9♣=4  B:9♥ J♠=9  BANKER(W)  | +950원 → 192,550원
H487 | bet   1,000원 BANKER | P:4♠ 8♣ 4♣=6  B:Q♣ 4♥ 10♣=4  PLAYER(L)  | -1,000원 → 191,550원  [start]
H488 | bet   2,000원 PLAYER | P:K♣ 4♥=4  B:K♠ 8♦=8  BANKER(L)  | -2,000원 → 189,550원
H489 | bet   4,000원 PLAYER | P:A♥ 9♥ 10♦=0  B:8♦ 6♦=4  BANKER(L)  | -4,000원 → 185,550원
H490 | bet   8,000원 PLAYER | P:J♣ J♦ 2♥=2  B:A♦ K♦ 10♥=1  PLAYER(W)  | +8,000원 → 193,550원  [end_win]
H491 | bet   1,000원 BANKER | P:10♣ 3♦ 6♠=9  B:8♥ 8♦ 6♥=2  PLAYER(L)  | -1,000원 → 192,550원  [start]
H492 | bet   2,000원 PLAYER | P:5♦ 7♦=2  B:8♦ J♥=8  BANKER(L)  | -2,000원 → 190,550원
H493 | bet   4,000원 PLAYER | P:9♥ J♣=9  B:8♦ J♦=8  PLAYER(W)  | +4,000원 → 194,550원  [end_win]
H494 | bet   1,000원 BANKER | P:6♦ 8♣ 6♠=0  B:5♠ J♠ 6♥=1  BANKER(W)  | +950원 → 195,500원
H495 | bet   1,000원 BANKER | P:7♦ J♥=7  B:3♦ 6♠=9  BANKER(W)  | +950원 → 196,450원
H496 | bet   1,000원 BANKER | P:A♥ 3♣ 4♣=8  B:7♠ Q♦=7  PLAYER(L)  | -1,000원 → 195,450원  [start]
H497 | bet   2,000원 PLAYER | P:7♠ 3♠ 2♥=2  B:6♥ K♦=6  BANKER(L)  | -2,000원 → 193,450원
H498 | bet   4,000원 PLAYER | P:9♠ 3♥ 10♣=2  B:10♦ 5♠=5  BANKER(L)  | -4,000원 → 189,450원
H499 | bet   8,000원 PLAYER | P:4♠ 8♣ J♥=2  B:8♦ 6♥=4  BANKER(L)  | -8,000원 → 181,450원
H500 | bet  16,000원 PLAYER | P:A♣ 3♣=4  B:6♦ 3♣=9  BANKER(L)  | -16,000원 → 165,450원
H501 | bet  32,000원 PLAYER | P:7♠ 10♥=7  B:9♦ 6♣ Q♥=5  PLAYER(W)  | +32,000원 → 197,450원  [end_win]
H502 | bet   1,000원 BANKER | P:10♣ 6♠=6  B:5♠ A♣=6  TIE(T)  |     0원 → 197,450원
H503 | bet   1,000원 BANKER | P:10♣ 4♦ Q♣=4  B:8♠ 5♦ Q♥=3  PLAYER(L)  | -1,000원 → 196,450원  [start]
H504 | bet   2,000원 PLAYER | P:2♦ 7♣=9  B:3♥ 5♦=8  PLAYER(W)  | +2,000원 → 198,450원  [end_win]
H505 | bet   1,000원 BANKER | P:9♠ 3♥ 7♦=9  B:A♠ 4♠ 3♣=8  PLAYER(L)  | -1,000원 → 197,450원  [start]
H506 | bet   2,000원 PLAYER | P:A♥ 2♥=3  B:3♦ 6♦=9  BANKER(L)  | -2,000원 → 195,450원
H507 | bet   4,000원 PLAYER | P:7♥ K♣=7  B:2♠ 6♥=8  BANKER(L)  | -4,000원 → 191,450원
H508 | bet   8,000원 PLAYER | P:4♦ 4♣=8  B:8♠ 7♥=5  PLAYER(W)  | +8,000원 → 199,450원  [end_win]
H509 | bet   1,000원 BANKER | P:10♠ K♥ 7♦=7  B:K♣ 2♠ A♠=3  PLAYER(L)  | -1,000원 → 198,450원  [start]
H510 | bet   2,000원 PLAYER | P:8♣ A♣=9  B:10♦ 4♥=4  PLAYER(W)  | +2,000원 → 200,450원  [end_win]
H511 | bet   1,000원 BANKER | P:4♠ 10♥ 10♦=4  B:J♦ 6♣=6  BANKER(W)  | +950원 → 201,400원
H512 | bet   1,000원 BANKER | P:5♠ 6♥ 8♠=9  B:J♠ 2♦ 9♥=1  PLAYER(L)  | -1,000원 → 200,400원  [start]
H513 | bet   2,000원 PLAYER | P:2♥ A♠ A♦=4  B:J♥ 2♣ 9♦=1  PLAYER(W)  | +2,000원 → 202,400원  [end_win]
H514 | bet   1,000원 BANKER | P:J♠ 8♦=8  B:5♠ 10♠=5  PLAYER(L)  | -1,000원 → 201,400원  [start]
H515 | bet   2,000원 PLAYER | P:9♥ 2♥ 4♠=5  B:7♦ K♦=7  BANKER(L)  | -2,000원 → 199,400원
H516 | bet   4,000원 PLAYER | P:K♥ 5♦ 5♦=0  B:6♣ K♠=6  BANKER(L)  | -4,000원 → 195,400원
H517 | bet   8,000원 PLAYER | P:2♣ K♣=2  B:A♥ 7♣=8  BANKER(L)  | -8,000원 → 187,400원
H518 | bet  16,000원 PLAYER | P:6♣ 5♥ 6♦=7  B:Q♠ 5♣ 9♣=4  PLAYER(W)  | +16,000원 → 203,400원  [end_win]
H519 | bet   1,000원 BANKER | P:4♦ K♥=4  B:Q♥ 9♠=9  BANKER(W)  | +950원 → 204,350원
H520 | bet   1,000원 BANKER | P:2♦ Q♠ 10♦=2  B:K♣ Q♣ K♥=0  PLAYER(L)  | -1,000원 → 203,350원  [start]
H521 | bet   2,000원 PLAYER | P:3♦ J♠ 7♥=0  B:K♦ J♠ 8♣=8  BANKER(L)  | -2,000원 → 201,350원
H522 | bet   4,000원 PLAYER | P:6♥ A♣=7  B:6♣ A♦=7  TIE(T)  |     0원 → 201,350원
H523 | bet   4,000원 PLAYER | P:7♣ 5♣ 5♠=7  B:J♦ 5♥ 2♠=7  TIE(T)  |     0원 → 201,350원
H524 | bet   4,000원 PLAYER | P:6♦ J♠=6  B:K♥ Q♣ 10♠=0  PLAYER(W)  | +4,000원 → 205,350원  [end_win]
H525 | bet   1,000원 BANKER | P:6♠ J♥=6  B:8♥ K♣=8  BANKER(W)  | +950원 → 206,300원
H526 | bet   1,000원 BANKER | P:Q♠ Q♥ K♠=0  B:9♦ 8♥=7  BANKER(W)  | +950원 → 207,250원
H527 | bet   1,000원 BANKER | P:Q♦ J♣ 3♠=3  B:9♥ 2♦ A♠=2  PLAYER(L)  | -1,000원 → 206,250원  [start]
H528 | bet   2,000원 PLAYER | P:9♣ 2♥ 3♠=4  B:4♣ J♦ K♠=4  TIE(T)  |     0원 → 206,250원
H529 | bet   2,000원 PLAYER | P:2♣ 3♦=5  B:9♣ J♠=9  BANKER(L)  | -2,000원 → 204,250원
H530 | bet   4,000원 PLAYER | P:3♥ 7♠ 9♠=9  B:7♣ Q♠=7  PLAYER(W)  | +4,000원 → 208,250원  [end_win]
H531 | bet   1,000원 BANKER | P:2♣ Q♥=2  B:J♦ 9♦=9  BANKER(W)  | +950원 → 209,200원
H532 | bet   1,000원 BANKER | P:5♣ A♣=6  B:3♣ 4♦=7  BANKER(W)  | +950원 → 210,150원
H533 | bet   1,000원 BANKER | P:K♦ 3♦ 5♠=8  B:3♠ 9♠ 3♥=5  PLAYER(L)  | -1,000원 → 209,150원  [start]
H534 | bet   2,000원 PLAYER | P:A♣ J♣ 10♠=1  B:Q♦ A♠ Q♥=1  TIE(T)  |     0원 → 209,150원
H535 | bet   2,000원 PLAYER | P:3♥ 6♦=9  B:6♣ K♣=6  PLAYER(W)  | +2,000원 → 211,150원  [end_win]
H536 | bet   1,000원 BANKER | P:Q♣ 5♦ 2♠=7  B:A♥ 9♣ 6♠=6  PLAYER(L)  | -1,000원 → 210,150원  [start]
H537 | bet   2,000원 PLAYER | P:8♣ 10♥=8  B:2♠ 2♣=4  PLAYER(W)  | +2,000원 → 212,150원  [end_win]
H538 | bet   1,000원 BANKER | P:2♦ 6♣=8  B:2♣ 7♦=9  BANKER(W)  | +950원 → 213,100원
H539 | bet   1,000원 BANKER | P:7♠ 6♦ 2♠=5  B:10♦ 7♦=7  BANKER(W)  | +950원 → 214,050원
H540 | bet   1,000원 BANKER | P:7♣ K♦=7  B:10♠ Q♠ 5♥=5  PLAYER(L)  | -1,000원 → 213,050원  [start]
H541 | bet   2,000원 PLAYER | P:10♣ 3♥ Q♠=3  B:Q♣ A♦ 4♣=5  BANKER(L)  | -2,000원 → 211,050원
H542 | bet   4,000원 PLAYER | P:7♦ 7♥ 10♥=4  B:5♥ J♦=5  BANKER(L)  | -4,000원 → 207,050원
H543 | bet   8,000원 PLAYER | P:J♣ 9♥=9  B:9♣ A♥=0  PLAYER(W)  | +8,000원 → 215,050원  [end_win]
H544 | bet   1,000원 BANKER | P:10♣ 9♦=9  B:J♥ 8♠=8  PLAYER(L)  | -1,000원 → 214,050원  [start]
H545 | bet   2,000원 PLAYER | P:2♠ 4♦=6  B:9♠ 7♥=6  TIE(T)  |     0원 → 214,050원
H546 | bet   2,000원 PLAYER | P:3♣ 5♣=8  B:Q♣ 2♣=2  PLAYER(W)  | +2,000원 → 216,050원  [end_win]
H547 | bet   1,000원 BANKER | P:2♥ 3♣ 9♥=4  B:8♥ 5♦ K♦=3  PLAYER(L)  | -1,000원 → 215,050원  [start]
H548 | bet   2,000원 PLAYER | P:A♥ 7♣=8  B:K♠ 7♥=7  PLAYER(W)  | +2,000원 → 217,050원  [end_win]
H549 | bet   1,000원 BANKER | P:A♥ 10♦ A♦=2  B:4♦ 3♣=7  BANKER(W)  | +950원 → 218,000원
H550 | bet   1,000원 BANKER | P:4♠ 6♣ Q♦=0  B:A♦ Q♦ 9♠=0  TIE(T)  |     0원 → 218,000원
H551 | bet   1,000원 BANKER | P:K♥ 4♣ 6♦=0  B:J♦ 4♥ 6♠=0  TIE(T)  |     0원 → 218,000원
H552 | bet   1,000원 BANKER | P:4♣ 5♥=9  B:8♠ 8♠=6  PLAYER(L)  | -1,000원 → 217,000원  [start]
H553 | bet   2,000원 PLAYER | P:3♠ 4♠=7  B:Q♣ 7♥=7  TIE(T)  |     0원 → 217,000원
H554 | bet   2,000원 PLAYER | P:7♣ K♣=7  B:4♣ K♠ 6♠=0  PLAYER(W)  | +2,000원 → 219,000원  [end_win]
H555 | bet   1,000원 BANKER | P:5♥ 8♠ A♦=4  B:9♣ 5♣=4  TIE(T)  |     0원 → 219,000원
H556 | bet   1,000원 BANKER | P:8♦ 4♦ Q♥=2  B:4♦ K♥=4  BANKER(W)  | +950원 → 219,950원
H557 | bet   1,000원 BANKER | P:J♥ 2♦ 8♠=0  B:K♠ 3♦=3  BANKER(W)  | +950원 → 220,900원
H558 | bet   1,000원 BANKER | P:J♦ 9♣=9  B:10♦ 5♥=5  PLAYER(L)  | -1,000원 → 219,900원  [start]
H559 | bet   2,000원 PLAYER | P:A♠ K♦ 2♥=3  B:Q♦ 10♥ J♠=0  PLAYER(W)  | +2,000원 → 221,900원  [end_win]
H560 | bet   1,000원 BANKER | P:8♣ A♣=9  B:4♥ 2♠=6  PLAYER(L)  | -1,000원 → 220,900원  [start]
H561 | bet   2,000원 PLAYER | P:10♥ 2♦=2  B:8♥ K♥=8  BANKER(L)  | -2,000원 → 218,900원
H562 | bet   4,000원 PLAYER | P:8♥ 4♥=2  B:3♦ 5♣=8  BANKER(L)  | -4,000원 → 214,900원
H563 | bet   8,000원 PLAYER | P:7♣ 10♣=7  B:9♦ 5♣ 10♠=4  PLAYER(W)  | +8,000원 → 222,900원  [end_win]
H564 | bet   1,000원 BANKER | P:7♠ A♦=8  B:3♠ A♦=4  PLAYER(L)  | -1,000원 → 221,900원  [start]
H565 | bet   2,000원 PLAYER | P:4♥ 4♠=8  B:8♥ Q♣=8  TIE(T)  |     0원 → 221,900원
H566 | bet   2,000원 PLAYER | P:10♥ 4♥ A♣=5  B:J♣ A♠ 5♦=6  BANKER(L)  | -2,000원 → 219,900원
H567 | bet   4,000원 PLAYER | P:7♠ 9♦=6  B:2♥ K♦ 6♥=8  BANKER(L)  | -4,000원 → 215,900원
H568 | bet   8,000원 PLAYER | P:5♣ 9♥ 4♣=8  B:K♠ Q♠ 3♠=3  PLAYER(W)  | +8,000원 → 223,900원  [end_win]
H569 | bet   1,000원 BANKER | P:8♣ A♥=9  B:J♣ 5♥=5  PLAYER(L)  | -1,000원 → 222,900원  [start]
H570 | bet   2,000원 PLAYER | P:7♥ 4♠=1  B:9♣ Q♦=9  BANKER(L)  | -2,000원 → 220,900원
H571 | bet   4,000원 PLAYER | P:8♣ 10♦=8  B:4♥ 2♦=6  PLAYER(W)  | +4,000원 → 224,900원  [end_win]
H572 | bet   1,000원 BANKER | P:Q♦ 2♣ 10♠=2  B:7♠ 9♥=6  BANKER(W)  | +950원 → 225,850원
H573 | bet   1,000원 BANKER | P:3♥ 8♦ Q♠=1  B:J♥ K♠ 9♦=9  BANKER(W)  | +950원 → 226,800원
H574 | bet   1,000원 BANKER | P:2♠ K♠ 4♥=6  B:A♠ 10♦ J♠=1  PLAYER(L)  | -1,000원 → 225,800원  [start]
H575 | bet   2,000원 PLAYER | P:K♣ 9♦=9  B:2♥ 8♦=0  PLAYER(W)  | +2,000원 → 227,800원  [end_win]
H576 | bet   1,000원 BANKER | P:3♣ Q♦ 8♣=1  B:K♥ 10♦ 7♠=7  BANKER(W)  | +950원 → 228,750원
H577 | bet   1,000원 BANKER | P:8♣ 10♣=8  B:K♠ A♠=1  PLAYER(L)  | -1,000원 → 227,750원  [start]
H578 | bet   2,000원 PLAYER | P:2♣ 3♥ 9♥=4  B:10♣ A♦ A♣=2  PLAYER(W)  | +2,000원 → 229,750원  [end_win]
H579 | bet   1,000원 BANKER | P:6♣ K♣=6  B:K♠ A♠ 7♦=8  BANKER(W)  | +950원 → 230,700원
H580 | bet   1,000원 BANKER | P:9♦ 5♦ 7♣=1  B:4♠ A♠ 9♦=4  BANKER(W)  | +950원 → 231,650원
H581 | bet   1,000원 BANKER | P:A♦ 6♣=7  B:7♦ 6♥ 3♦=6  PLAYER(L)  | -1,000원 → 230,650원  [start]
H582 | bet   2,000원 PLAYER | P:J♦ 6♠=6  B:Q♦ 6♥=6  TIE(T)  |     0원 → 230,650원
H583 | bet   2,000원 PLAYER | P:7♥ 7♦ 3♣=7  B:9♥ 8♥=7  TIE(T)  |     0원 → 230,650원
H584 | bet   2,000원 PLAYER | P:A♦ 5♠=6  B:3♥ 8♠ J♣=1  PLAYER(W)  | +2,000원 → 232,650원  [end_win]
H585 | bet   1,000원 BANKER | P:3♦ A♥ 10♠=4  B:5♣ 5♠ 10♣=0  PLAYER(L)  | -1,000원 → 231,650원  [start]
H586 | bet   2,000원 PLAYER | P:8♣ 7♦=5  B:4♣ 4♥=8  BANKER(L)  | -2,000원 → 229,650원
H587 | bet   4,000원 PLAYER | P:9♣ 5♣ A♥=5  B:Q♦ J♥ J♦=0  PLAYER(W)  | +4,000원 → 233,650원  [end_win]
H588 | bet   1,000원 BANKER | P:K♥ A♥ 4♠=5  B:4♦ 8♠ 6♣=8  BANKER(W)  | +950원 → 234,600원
H589 | bet   1,000원 BANKER | P:10♥ 9♥=9  B:8♥ 8♦=6  PLAYER(L)  | -1,000원 → 233,600원  [start]
H590 | bet   2,000원 PLAYER | P:6♥ 4♣ A♦=1  B:9♥ 6♠=5  BANKER(L)  | -2,000원 → 231,600원
H591 | bet   4,000원 PLAYER | P:5♥ 9♠ 3♣=7  B:2♥ 3♦=5  PLAYER(W)  | +4,000원 → 235,600원  [end_win]
H592 | bet   1,000원 BANKER | P:K♦ A♦=1  B:10♠ 8♥=8  BANKER(W)  | +950원 → 236,550원
H593 | bet   1,000원 BANKER | P:7♠ J♣=7  B:9♥ J♥=9  BANKER(W)  | +950원 → 237,500원
H594 | bet   1,000원 BANKER | P:3♥ 7♠ 5♥=5  B:8♠ 5♣ 7♣=0  PLAYER(L)  | -1,000원 → 236,500원  [start]
H595 | bet   2,000원 PLAYER | P:Q♦ K♦ A♥=1  B:4♥ A♠=5  BANKER(L)  | -2,000원 → 234,500원
H596 | bet   4,000원 PLAYER | P:A♥ 9♠ 9♦=9  B:K♦ 6♦=6  PLAYER(W)  | +4,000원 → 238,500원  [end_win]
H597 | bet   1,000원 BANKER | P:J♣ A♣=1  B:3♠ 6♠=9  BANKER(W)  | +950원 → 239,450원
H598 | bet   1,000원 BANKER | P:K♠ Q♣ J♥=0  B:3♠ K♦ 5♠=8  BANKER(W)  | +950원 → 240,400원
H599 | bet   1,000원 BANKER | P:10♣ 9♣=9  B:4♦ 7♥=1  PLAYER(L)  | -1,000원 → 239,400원  [start]
H600 | bet   2,000원 PLAYER | P:6♥ 5♦ 2♦=3  B:Q♠ K♣ A♣=1  PLAYER(W)  | +2,000원 → 241,400원  [end_win]
H601 | bet   1,000원 BANKER | P:8♦ A♣=9  B:7♠ 2♦=9  TIE(T)  |     0원 → 241,400원
H602 | bet   1,000원 BANKER | P:K♣ K♥ 5♦=5  B:A♠ K♣ 3♠=4  PLAYER(L)  | -1,000원 → 240,400원  [start]
H603 | bet   2,000원 PLAYER | P:7♥ Q♣=7  B:K♠ 4♥ 9♦=3  PLAYER(W)  | +2,000원 → 242,400원  [end_win]
H604 | bet   1,000원 BANKER | P:2♦ Q♥ K♣=2  B:5♦ 2♠=7  BANKER(W)  | +950원 → 243,350원
H605 | bet   1,000원 BANKER | P:4♣ 3♥=7  B:J♥ 10♦ 5♥=5  PLAYER(L)  | -1,000원 → 242,350원  [start]
H606 | bet   2,000원 PLAYER | P:2♣ 5♣=7  B:10♥ 8♠=8  BANKER(L)  | -2,000원 → 240,350원
H607 | bet   4,000원 PLAYER | P:J♠ 5♣ K♦=5  B:3♣ 7♠ Q♣=0  PLAYER(W)  | +4,000원 → 244,350원  [end_win]
H608 | bet   1,000원 BANKER | P:Q♥ J♦ 7♥=7  B:4♣ 8♠ 8♦=0  PLAYER(L)  | -1,000원 → 243,350원  [start]
H609 | bet   2,000원 PLAYER | P:7♦ 8♠ 7♥=2  B:10♥ 2♦ 6♦=8  BANKER(L)  | -2,000원 → 241,350원
H610 | bet   4,000원 PLAYER | P:4♦ 5♠=9  B:10♦ 10♥=0  PLAYER(W)  | +4,000원 → 245,350원  [end_win]
H611 | bet   1,000원 BANKER | P:5♥ 4♥=9  B:3♦ 10♠=3  PLAYER(L)  | -1,000원 → 244,350원  [start]
H612 | bet   2,000원 PLAYER | P:10♠ 10♠=0  B:8♠ J♠=8  BANKER(L)  | -2,000원 → 242,350원
H613 | bet   4,000원 PLAYER | P:J♣ 6♠=6  B:7♣ 7♣ 6♥=0  PLAYER(W)  | +4,000원 → 246,350원  [end_win]
H614 | bet   1,000원 BANKER | P:9♠ 6♣ Q♥=5  B:5♠ 10♥=5  TIE(T)  |     0원 → 246,350원
H615 | bet   1,000원 BANKER | P:6♣ 2♣=8  B:J♥ 9♦=9  BANKER(W)  | +950원 → 247,300원
H616 | bet   1,000원 BANKER | P:2♥ 3♠ 5♣=0  B:K♣ Q♠ K♦=0  TIE(T)  |     0원 → 247,300원
H617 | bet   1,000원 BANKER | P:5♠ 4♥=9  B:8♣ 10♦=8  PLAYER(L)  | -1,000원 → 246,300원  [start]
H618 | bet   2,000원 PLAYER | P:2♠ A♥ J♣=3  B:6♣ J♣=6  BANKER(L)  | -2,000원 → 244,300원
H619 | bet   4,000원 PLAYER | P:J♥ K♠ Q♥=0  B:6♠ 10♦=6  BANKER(L)  | -4,000원 → 240,300원
H620 | bet   8,000원 PLAYER | P:10♣ 9♠=9  B:8♥ J♠=8  PLAYER(W)  | +8,000원 → 248,300원  [end_win]
H621 | bet   1,000원 BANKER | P:9♣ 10♦=9  B:2♠ 2♣=4  PLAYER(L)  | -1,000원 → 247,300원  [start]
H622 | bet   2,000원 PLAYER | P:3♣ 2♣ A♥=6  B:K♥ 7♣=7  BANKER(L)  | -2,000원 → 245,300원
H623 | bet   4,000원 PLAYER | P:6♦ 4♥ 6♥=6  B:4♦ 3♣=7  BANKER(L)  | -4,000원 → 241,300원
H624 | bet   8,000원 PLAYER | P:Q♥ Q♠ 7♣=7  B:3♠ Q♣ 3♠=6  PLAYER(W)  | +8,000원 → 249,300원  [end_win]
H625 | bet   1,000원 BANKER | P:10♥ 2♥=2  B:A♣ 7♣=8  BANKER(W)  | +950원 → 250,250원
H626 | bet   1,000원 BANKER | P:3♥ 9♠=2  B:8♦ Q♦=8  BANKER(W)  | +950원 → 251,200원
H627 | bet   1,000원 BANKER | P:6♦ 6♦ A♣=3  B:7♠ Q♦=7  BANKER(W)  | +950원 → 252,150원
H628 | bet   1,000원 BANKER | P:2♦ 10♠ 6♥=8  B:3♦ 8♥ 8♣=9  BANKER(W)  | +950원 → 253,100원
H629 | bet   1,000원 BANKER | P:Q♠ 8♥=8  B:9♥ K♦=9  BANKER(W)  | +950원 → 254,050원
H630 | bet   1,000원 BANKER | P:K♣ 9♥=9  B:9♠ 2♥=1  PLAYER(L)  | -1,000원 → 253,050원  [start]
H631 | bet   2,000원 PLAYER | P:6♦ 2♣=8  B:3♦ 3♥=6  PLAYER(W)  | +2,000원 → 255,050원  [end_win]
H632 | bet   1,000원 BANKER | P:10♣ 4♣ 4♣=8  B:3♦ K♥ 4♠=7  PLAYER(L)  | -1,000원 → 254,050원  [start]
H633 | bet   2,000원 PLAYER | P:Q♥ 4♦ 7♠=1  B:6♦ 7♥ 9♠=2  BANKER(L)  | -2,000원 → 252,050원
H634 | bet   4,000원 PLAYER | P:10♥ 2♦=2  B:9♠ K♠=9  BANKER(L)  | -4,000원 → 248,050원
H635 | bet   8,000원 PLAYER | P:K♠ K♥ 6♣=6  B:4♣ K♥ Q♠=4  PLAYER(W)  | +8,000원 → 256,050원  [end_win]
H636 | bet   1,000원 BANKER | P:6♣ 5♠=1  B:8♠ Q♦=8  BANKER(W)  | +950원 → 257,000원
H637 | bet   1,000원 BANKER | P:5♥ J♦ Q♠=5  B:3♥ Q♣ J♣=3  PLAYER(L)  | -1,000원 → 256,000원  [start]
H638 | bet   2,000원 PLAYER | P:K♥ 2♥=2  B:8♦ 10♠=8  BANKER(L)  | -2,000원 → 254,000원
H639 | bet   4,000원 PLAYER | P:J♣ 7♦=7  B:10♠ J♦ 3♣=3  PLAYER(W)  | +4,000원 → 258,000원  [end_win]
H640 | bet   1,000원 BANKER | P:9♣ 2♣ 7♣=8  B:2♠ J♦ 6♠=8  TIE(T)  |     0원 → 258,000원
H641 | bet   1,000원 BANKER | P:10♥ 2♠ A♠=3  B:Q♠ 4♠=4  BANKER(W)  | +950원 → 258,950원
H642 | bet   1,000원 BANKER | P:7♦ 4♦ J♠=1  B:4♦ 3♠=7  BANKER(W)  | +950원 → 259,900원
H643 | bet   1,000원 BANKER | P:9♣ 6♥ J♠=5  B:Q♥ 6♠=6  BANKER(W)  | +950원 → 260,850원
H644 | bet   1,000원 BANKER | P:Q♥ 9♣=9  B:A♦ A♦=2  PLAYER(L)  | -1,000원 → 259,850원  [start]
H645 | bet   2,000원 PLAYER | P:3♥ 7♥ 8♦=8  B:7♦ 9♣=6  PLAYER(W)  | +2,000원 → 261,850원  [end_win]
H646 | bet   1,000원 BANKER | P:A♣ 5♦=6  B:4♥ 4♦=8  BANKER(W)  | +950원 → 262,800원
H647 | bet   1,000원 BANKER | P:10♦ J♦ A♥=1  B:4♠ Q♣=4  BANKER(W)  | +950원 → 263,750원
H648 | bet   1,000원 BANKER | P:5♣ J♥ 8♥=3  B:2♥ 9♦ 9♣=0  PLAYER(L)  | -1,000원 → 262,750원  [start]
H649 | bet   2,000원 PLAYER | P:A♦ 8♦=9  B:10♣ J♠=0  PLAYER(W)  | +2,000원 → 264,750원  [end_win]
H650 | bet   1,000원 BANKER | P:J♥ 8♣=8  B:4♠ 5♥=9  BANKER(W)  | +950원 → 265,700원
H651 | bet   1,000원 BANKER | P:8♣ 4♣ 8♣=0  B:5♠ 9♦=4  BANKER(W)  | +950원 → 266,650원
H652 | bet   1,000원 BANKER | P:4♠ 3♦=7  B:4♠ J♦ Q♣=4  PLAYER(L)  | -1,000원 → 265,650원  [start]
H653 | bet   2,000원 PLAYER | P:5♦ J♠ 7♥=2  B:A♠ Q♦ Q♣=1  PLAYER(W)  | +2,000원 → 267,650원  [end_win]
H654 | bet   1,000원 BANKER | P:5♦ 8♥ 9♥=2  B:2♦ 2♥=4  BANKER(W)  | +950원 → 268,600원
H655 | bet   1,000원 BANKER | P:Q♠ A♣ 3♠=4  B:10♣ 3♣ 5♥=8  BANKER(W)  | +950원 → 269,550원
H656 | bet   1,000원 BANKER | P:6♥ 6♥=2  B:5♠ 4♦=9  BANKER(W)  | +950원 → 270,500원
H657 | bet   1,000원 BANKER | P:J♠ 6♣=6  B:9♥ 7♠=6  TIE(T)  |     0원 → 270,500원
H658 | bet   1,000원 BANKER | P:A♣ K♣ 7♥=8  B:9♣ 8♣=7  PLAYER(L)  | -1,000원 → 269,500원  [start]
H659 | bet   2,000원 PLAYER | P:10♠ 10♥ 2♣=2  B:8♠ 8♣=6  BANKER(L)  | -2,000원 → 267,500원
H660 | bet   4,000원 PLAYER | P:J♠ J♣ 4♣=4  B:3♦ 4♠=7  BANKER(L)  | -4,000원 → 263,500원
H661 | bet   8,000원 PLAYER | P:2♠ 10♦ 9♥=1  B:3♣ J♥ 10♠=3  BANKER(L)  | -8,000원 → 255,500원
H662 | bet  16,000원 PLAYER | P:8♠ 8♥=6  B:10♥ 4♣ 10♦=4  PLAYER(W)  | +16,000원 → 271,500원  [end_win]
H663 | bet   1,000원 BANKER | P:2♥ 5♥=7  B:9♣ 7♣=6  PLAYER(L)  | -1,000원 → 270,500원  [start]
H664 | bet   2,000원 PLAYER | P:2♥ J♦=2  B:9♦ 10♣=9  BANKER(L)  | -2,000원 → 268,500원
H665 | bet   4,000원 PLAYER | P:5♦ 3♥=8  B:A♥ 7♠=8  TIE(T)  |     0원 → 268,500원
H666 | bet   4,000원 PLAYER | P:9♣ 9♠=8  B:9♠ 2♦=1  PLAYER(W)  | +4,000원 → 272,500원  [end_win]
H667 | bet   1,000원 BANKER | P:4♣ 6♦ 3♥=3  B:5♥ A♠=6  BANKER(W)  | +950원 → 273,450원
H668 | bet   1,000원 BANKER | P:9♠ 6♣ 3♥=8  B:K♦ 2♣ 8♠=0  PLAYER(L)  | -1,000원 → 272,450원  [start]
H669 | bet   2,000원 PLAYER | P:5♠ 6♥ 3♦=4  B:A♣ 5♦=6  BANKER(L)  | -2,000원 → 270,450원
H670 | bet   4,000원 PLAYER | P:4♥ 7♥=1  B:6♥ 3♠=9  BANKER(L)  | -4,000원 → 266,450원
H671 | bet   8,000원 PLAYER | P:5♥ Q♣ A♦=6  B:7♣ 3♠ Q♠=0  PLAYER(W)  | +8,000원 → 274,450원  [end_win]
H672 | bet   1,000원 BANKER | P:K♥ 8♦=8  B:2♦ J♥=2  PLAYER(L)  | -1,000원 → 273,450원  [start]
H673 | bet   2,000원 PLAYER | P:3♣ K♥ J♣=3  B:A♥ 9♦ Q♦=0  PLAYER(W)  | +2,000원 → 275,450원  [end_win]
H674 | bet   1,000원 BANKER | P:6♣ Q♦=6  B:Q♦ J♦ K♣=0  PLAYER(L)  | -1,000원 → 274,450원  [start]
H675 | bet   2,000원 PLAYER | P:Q♥ A♥ 5♥=6  B:9♣ 8♦=7  BANKER(L)  | -2,000원 → 272,450원
H676 | bet   4,000원 PLAYER | P:2♠ K♠ 9♥=1  B:A♠ Q♥ 3♥=4  BANKER(L)  | -4,000원 → 268,450원
H677 | bet   8,000원 PLAYER | P:Q♣ K♣ 10♣=0  B:A♥ 10♦ Q♣=1  BANKER(L)  | -8,000원 → 260,450원
H678 | bet  16,000원 PLAYER | P:Q♣ K♠ 4♠=4  B:3♣ Q♦ 7♣=0  PLAYER(W)  | +16,000원 → 276,450원  [end_win]
H679 | bet   1,000원 BANKER | P:J♣ 4♠=4  B:8♣ K♣=8  BANKER(W)  | +950원 → 277,400원
H680 | bet   1,000원 BANKER | P:4♣ 3♠=7  B:J♦ 2♦ 5♣=7  TIE(T)  |     0원 → 277,400원
H681 | bet   1,000원 BANKER | P:2♠ Q♠ 7♦=9  B:10♥ A♣ Q♠=1  PLAYER(L)  | -1,000원 → 276,400원  [start]
H682 | bet   2,000원 PLAYER | P:6♦ 5♦ K♦=1  B:J♣ 4♠=4  BANKER(L)  | -2,000원 → 274,400원
H683 | bet   4,000원 PLAYER | P:3♦ 7♦=0  B:8♠ Q♠=8  BANKER(L)  | -4,000원 → 270,400원
H684 | bet   8,000원 PLAYER | P:6♦ 5♣ A♦=2  B:9♣ 6♠=5  BANKER(L)  | -8,000원 → 262,400원
H685 | bet  16,000원 PLAYER | P:2♠ 3♥ 10♠=5  B:2♣ 5♦=7  BANKER(L)  | -16,000원 → 246,400원
H686 | bet  32,000원 PLAYER | P:J♥ J♣ 4♥=4  B:10♠ 5♦ Q♠=5  BANKER(L)  | -32,000원 → 214,400원  [end_giveup]
H687 | bet   1,000원 BANKER | P:6♥ J♠=6  B:3♥ 2♦ K♠=5  PLAYER(L)  | -1,000원 → 213,400원  [start]
H688 | bet   2,000원 PLAYER | P:K♣ Q♣ 8♦=8  B:A♦ 10♠ 2♥=3  PLAYER(W)  | +2,000원 → 215,400원  [end_win]
H689 | bet   1,000원 BANKER | P:4♠ A♣ J♥=5  B:8♣ 8♣=6  BANKER(W)  | +950원 → 216,350원
H690 | bet   1,000원 BANKER | P:K♥ 8♥=8  B:9♦ K♠=9  BANKER(W)  | +950원 → 217,300원
H691 | bet   1,000원 BANKER | P:3♦ 7♥ K♥=0  B:A♦ 10♠ A♦=2  BANKER(W)  | +950원 → 218,250원
H692 | bet   1,000원 BANKER | P:5♣ 9♥ 6♣=0  B:4♠ K♠ A♥=5  BANKER(W)  | +950원 → 219,200원
H693 | bet   1,000원 BANKER | P:6♣ A♠=7  B:10♣ 10♣ 3♣=3  PLAYER(L)  | -1,000원 → 218,200원  [start]
H694 | bet   2,000원 PLAYER | P:Q♦ 8♥=8  B:3♠ Q♥=3  PLAYER(W)  | +2,000원 → 220,200원  [end_win]
H695 | bet   1,000원 BANKER | P:4♣ 5♣=9  B:A♠ 2♠=3  PLAYER(L)  | -1,000원 → 219,200원  [start]
H696 | bet   2,000원 PLAYER | P:2♥ 3♠ 10♣=5  B:5♠ 10♥=5  TIE(T)  |     0원 → 219,200원
H697 | bet   2,000원 PLAYER | P:A♥ 5♣=6  B:8♦ K♣=8  BANKER(L)  | -2,000원 → 217,200원
H698 | bet   4,000원 PLAYER | P:2♦ J♥ 2♥=4  B:3♠ 7♦ 10♥=0  PLAYER(W)  | +4,000원 → 221,200원  [end_win]
H699 | bet   1,000원 BANKER | P:6♥ 6♠ 2♥=4  B:A♠ 6♠=7  BANKER(W)  | +950원 → 222,150원
H700 | bet   1,000원 BANKER | P:3♠ Q♥ 4♥=7  B:4♦ J♠ 10♣=4  PLAYER(L)  | -1,000원 → 221,150원  [start]
H701 | bet   2,000원 PLAYER | P:J♦ 8♦=8  B:4♥ Q♣=4  PLAYER(W)  | +2,000원 → 223,150원  [end_win]
H702 | bet   1,000원 BANKER | P:J♣ 6♦=6  B:K♥ 7♥=7  BANKER(W)  | +950원 → 224,100원
H703 | bet   1,000원 BANKER | P:3♦ 3♣=6  B:2♦ A♦ 7♥=0  PLAYER(L)  | -1,000원 → 223,100원  [start]
H704 | bet   2,000원 PLAYER | P:A♠ 9♠=0  B:7♦ A♣=8  BANKER(L)  | -2,000원 → 221,100원
H705 | bet   4,000원 PLAYER | P:2♦ 8♣=0  B:8♣ Q♥=8  BANKER(L)  | -4,000원 → 217,100원
H706 | bet   8,000원 PLAYER | P:A♣ A♣ 6♥=8  B:6♠ Q♥ 7♠=3  PLAYER(W)  | +8,000원 → 225,100원  [end_win]
H707 | bet   1,000원 BANKER | P:9♣ 5♠=4  B:4♦ 4♠=8  BANKER(W)  | +950원 → 226,050원
H708 | bet   1,000원 BANKER | P:4♣ Q♠=4  B:7♣ 2♥=9  BANKER(W)  | +950원 → 227,000원
H709 | bet   1,000원 BANKER | P:A♣ K♠ 10♦=1  B:2♠ 10♦ 9♥=1  TIE(T)  |     0원 → 227,000원
H710 | bet   1,000원 BANKER | P:8♠ 7♣ 10♦=5  B:4♦ 2♠=6  BANKER(W)  | +950원 → 227,950원
H711 | bet   1,000원 BANKER | P:9♥ 7♦=6  B:7♠ 7♥ 4♥=8  BANKER(W)  | +950원 → 228,900원
H712 | bet   1,000원 BANKER | P:Q♦ 6♠=6  B:9♦ 3♠ 4♣=6  TIE(T)  |     0원 → 228,900원
H713 | bet   1,000원 BANKER | P:Q♣ A♥ 7♠=8  B:6♦ K♥ J♠=6  PLAYER(L)  | -1,000원 → 227,900원  [start]
H714 | bet   2,000원 PLAYER | P:2♣ 8♠ 2♦=2  B:8♦ 6♠ 9♥=3  BANKER(L)  | -2,000원 → 225,900원
H715 | bet   4,000원 PLAYER | P:Q♠ 8♦=8  B:5♣ 8♥=3  PLAYER(W)  | +4,000원 → 229,900원  [end_win]
H716 | bet   1,000원 BANKER | P:3♣ J♣=3  B:5♥ 3♦=8  BANKER(W)  | +950원 → 230,850원
H717 | bet   1,000원 BANKER | P:7♦ 3♣ 5♦=5  B:6♦ J♠=6  BANKER(W)  | +950원 → 231,800원
H718 | bet   1,000원 BANKER | P:6♦ J♠=6  B:Q♦ 2♥ 7♠=9  BANKER(W)  | +950원 → 232,750원
H719 | bet   1,000원 BANKER | P:Q♦ K♥ 6♣=6  B:K♦ 6♣ 4♣=0  PLAYER(L)  | -1,000원 → 231,750원  [start]
H720 | bet   2,000원 PLAYER | P:2♣ J♦ K♦=2  B:4♠ K♥=4  BANKER(L)  | -2,000원 → 229,750원
H721 | bet   4,000원 PLAYER | P:5♥ 2♣=7  B:Q♣ K♦ 10♥=0  PLAYER(W)  | +4,000원 → 233,750원  [end_win]
H722 | bet   1,000원 BANKER | P:8♥ 10♦=8  B:5♠ 4♥=9  BANKER(W)  | +950원 → 234,700원
H723 | bet   1,000원 BANKER | P:K♦ 7♠=7  B:10♣ A♠ 7♠=8  BANKER(W)  | +950원 → 235,650원
H724 | bet   1,000원 BANKER | P:5♦ 9♠=4  B:10♣ 8♥=8  BANKER(W)  | +950원 → 236,600원
H725 | bet   1,000원 BANKER | P:10♠ 10♥ 9♦=9  B:K♦ 5♠=5  PLAYER(L)  | -1,000원 → 235,600원  [start]
H726 | bet   2,000원 PLAYER | P:K♠ 5♦ J♦=5  B:6♥ J♦=6  BANKER(L)  | -2,000원 → 233,600원
H727 | bet   4,000원 PLAYER | P:J♥ 3♦ 9♦=2  B:2♣ 4♦=6  BANKER(L)  | -4,000원 → 229,600원
H728 | bet   8,000원 PLAYER | P:4♥ J♠ A♠=5  B:7♣ 3♣ 3♥=3  PLAYER(W)  | +8,000원 → 237,600원  [end_win]
H729 | bet   1,000원 BANKER | P:K♠ 7♦=7  B:9♠ 5♠ 6♣=0  PLAYER(L)  | -1,000원 → 236,600원  [start]
H730 | bet   2,000원 PLAYER | P:9♣ 7♥=6  B:Q♥ 9♥=9  BANKER(L)  | -2,000원 → 234,600원
H731 | bet   4,000원 PLAYER | P:4♦ K♣ Q♠=4  B:10♦ 7♣=7  BANKER(L)  | -4,000원 → 230,600원
H732 | bet   8,000원 PLAYER | P:8♠ 7♣ J♥=5  B:2♠ 8♦ J♦=0  PLAYER(W)  | +8,000원 → 238,600원  [end_win]
H733 | bet   1,000원 BANKER | P:3♥ 8♥ A♦=2  B:A♦ 9♦ 9♣=9  BANKER(W)  | +950원 → 239,550원
H734 | bet   1,000원 BANKER | P:7♦ 6♠ 8♠=1  B:9♦ 8♥=7  BANKER(W)  | +950원 → 240,500원
H735 | bet   1,000원 BANKER | P:K♦ 8♣=8  B:5♥ A♥=6  PLAYER(L)  | -1,000원 → 239,500원  [start]
H736 | bet   2,000원 PLAYER | P:10♥ J♥ 5♣=5  B:5♣ Q♥ K♣=5  TIE(T)  |     0원 → 239,500원
H737 | bet   2,000원 PLAYER | P:2♠ 6♠=8  B:7♠ A♦=8  TIE(T)  |     0원 → 239,500원
H738 | bet   2,000원 PLAYER | P:J♠ 7♦=7  B:A♥ K♠ 5♥=6  PLAYER(W)  | +2,000원 → 241,500원  [end_win]
H739 | bet   1,000원 BANKER | P:7♠ 8♦ 10♥=5  B:3♠ 9♠ A♥=3  PLAYER(L)  | -1,000원 → 240,500원  [start]
H740 | bet   2,000원 PLAYER | P:5♥ 7♠ 8♠=0  B:7♠ 8♠=5  BANKER(L)  | -2,000원 → 238,500원
H741 | bet   4,000원 PLAYER | P:K♣ J♣ K♥=0  B:K♣ Q♥ A♠=1  BANKER(L)  | -4,000원 → 234,500원
H742 | bet   8,000원 PLAYER | P:6♠ K♥=6  B:K♠ 8♠=8  BANKER(L)  | -8,000원 → 226,500원
H743 | bet  16,000원 PLAYER | P:6♥ 4♣ A♣=1  B:10♥ 3♦ 4♥=7  BANKER(L)  | -16,000원 → 210,500원
H744 | bet  32,000원 PLAYER | P:10♣ 5♦ 5♠=0  B:6♥ 10♦=6  BANKER(L)  | -32,000원 → 178,500원  [end_giveup]
H745 | bet   1,000원 BANKER | P:3♦ 5♦=8  B:5♣ A♠=6  PLAYER(L)  | -1,000원 → 177,500원  [start]
H746 | bet   2,000원 PLAYER | P:6♦ 2♣=8  B:7♣ J♦=7  PLAYER(W)  | +2,000원 → 179,500원  [end_win]
H747 | bet   1,000원 BANKER | P:2♠ 9♣ 2♣=3  B:10♦ J♣ J♦=0  PLAYER(L)  | -1,000원 → 178,500원  [start]
H748 | bet   2,000원 PLAYER | P:10♠ 9♥=9  B:K♣ 7♥=7  PLAYER(W)  | +2,000원 → 180,500원  [end_win]
H749 | bet   1,000원 BANKER | P:9♦ 8♦=7  B:Q♣ Q♥ Q♦=0  PLAYER(L)  | -1,000원 → 179,500원  [start]
H750 | bet   2,000원 PLAYER | P:2♦ 2♦=4  B:5♥ 4♠=9  BANKER(L)  | -2,000원 → 177,500원
H751 | bet   4,000원 PLAYER | P:4♦ 10♦ 6♠=0  B:5♣ 7♣ 6♥=8  BANKER(L)  | -4,000원 → 173,500원
H752 | bet   8,000원 PLAYER | P:10♠ Q♦ K♠=0  B:9♦ 5♠=4  BANKER(L)  | -8,000원 → 165,500원
H753 | bet  16,000원 PLAYER | P:3♦ 10♦ J♣=3  B:6♣ 7♠ 5♦=8  BANKER(L)  | -16,000원 → 149,500원
H754 | bet  32,000원 PLAYER | P:6♣ Q♦=6  B:5♣ 2♠=7  BANKER(L)  | -32,000원 → 117,500원  [end_giveup]
H755 | bet   1,000원 BANKER | P:K♠ A♦ J♥=1  B:8♣ 4♣ A♠=3  BANKER(W)  | +950원 → 118,450원
H756 | bet   1,000원 BANKER | P:4♦ 5♠=9  B:5♥ K♦=5  PLAYER(L)  | -1,000원 → 117,450원  [start]
H757 | bet   2,000원 PLAYER | P:4♠ 3♣=7  B:9♠ 10♣=9  BANKER(L)  | -2,000원 → 115,450원
H758 | bet   4,000원 PLAYER | P:8♠ K♥=8  B:Q♠ 3♥=3  PLAYER(W)  | +4,000원 → 119,450원  [end_win]
H759 | bet   1,000원 BANKER | P:7♣ 3♠ 7♥=7  B:8♣ 9♠=7  TIE(T)  |     0원 → 119,450원
H760 | bet   1,000원 BANKER | P:9♣ A♠ 2♠=2  B:Q♦ 6♦=6  BANKER(W)  | +950원 → 120,400원
H761 | bet   1,000원 BANKER | P:8♥ 2♥=0  B:K♥ 9♣=9  BANKER(W)  | +950원 → 121,350원
H762 | bet   1,000원 BANKER | P:10♥ A♦ 3♥=4  B:3♥ A♣ 7♣=1  PLAYER(L)  | -1,000원 → 120,350원  [start]
H763 | bet   2,000원 PLAYER | P:A♥ 3♠ 8♥=2  B:7♠ 5♠ 4♣=6  BANKER(L)  | -2,000원 → 118,350원
H764 | bet   4,000원 PLAYER | P:K♥ 5♠=5  B:8♥ 10♣=8  BANKER(L)  | -4,000원 → 114,350원
H765 | bet   8,000원 PLAYER | P:8♣ 7♦ 9♥=4  B:10♣ Q♦ 7♥=7  BANKER(L)  | -8,000원 → 106,350원
H766 | bet  16,000원 PLAYER | P:10♠ 3♣ 7♥=0  B:J♥ 3♦ K♥=3  BANKER(L)  | -16,000원 → 90,350원
H767 | bet  32,000원 PLAYER | P:4♠ 5♥=9  B:J♦ 7♥=7  PLAYER(W)  | +32,000원 → 122,350원  [end_win]
H768 | bet   1,000원 BANKER | P:4♠ 5♦=9  B:4♠ 2♦=6  PLAYER(L)  | -1,000원 → 121,350원  [start]
H769 | bet   2,000원 PLAYER | P:6♥ A♣=7  B:A♠ 10♦ 9♣=0  PLAYER(W)  | +2,000원 → 123,350원  [end_win]
H770 | bet   1,000원 BANKER | P:5♣ J♥ 6♦=1  B:2♠ 2♠ 6♥=0  PLAYER(L)  | -1,000원 → 122,350원  [start]
H771 | bet   2,000원 PLAYER | P:4♥ 2♣=6  B:3♠ 8♣ 9♦=0  PLAYER(W)  | +2,000원 → 124,350원  [end_win]
H772 | bet   1,000원 BANKER | P:3♣ 7♦ Q♥=0  B:6♦ 5♦ A♦=2  BANKER(W)  | +950원 → 125,300원
H773 | bet   1,000원 BANKER | P:9♠ 5♥ 7♦=1  B:J♠ Q♥ 3♦=3  BANKER(W)  | +950원 → 126,250원
H774 | bet   1,000원 BANKER | P:9♥ 4♣ 6♥=9  B:A♣ J♠ Q♥=1  PLAYER(L)  | -1,000원 → 125,250원  [start]
H775 | bet   2,000원 PLAYER | P:7♠ 9♦=6  B:6♠ 6♥ A♣=3  PLAYER(W)  | +2,000원 → 127,250원  [end_win]
H776 | bet   1,000원 BANKER | P:4♣ 8♣ Q♠=2  B:10♣ K♣ 9♦=9  BANKER(W)  | +950원 → 128,200원
H777 | bet   1,000원 BANKER | P:5♣ 4♥=9  B:A♦ J♥=1  PLAYER(L)  | -1,000원 → 127,200원  [start]
H778 | bet   2,000원 PLAYER | P:7♥ Q♠=7  B:3♥ 9♣ 7♣=9  BANKER(L)  | -2,000원 → 125,200원
H779 | bet   4,000원 PLAYER | P:9♥ 5♦ 7♥=1  B:J♠ K♣ 4♥=4  BANKER(L)  | -4,000원 → 121,200원
H780 | bet   8,000원 PLAYER | P:3♥ J♣=3  B:K♦ 8♥=8  BANKER(L)  | -8,000원 → 113,200원
H781 | bet  16,000원 PLAYER | P:A♠ 6♠=7  B:3♣ Q♥ A♣=4  PLAYER(W)  | +16,000원 → 129,200원  [end_win]
H782 | bet   1,000원 BANKER | P:J♣ 4♠=4  B:5♠ 3♦=8  BANKER(W)  | +950원 → 130,150원
H783 | bet   1,000원 BANKER | P:10♥ 3♥ Q♦=3  B:9♠ 5♣=4  BANKER(W)  | +950원 → 131,100원
H784 | bet   1,000원 BANKER | P:J♣ 2♠ 8♥=0  B:4♥ 6♠ 6♠=6  BANKER(W)  | +950원 → 132,050원
H785 | bet   1,000원 BANKER | P:8♦ 6♦ 8♠=2  B:4♣ 8♦ 2♥=4  BANKER(W)  | +950원 → 133,000원
H786 | bet   1,000원 BANKER | P:A♣ 8♦=9  B:8♦ Q♣=8  PLAYER(L)  | -1,000원 → 132,000원  [start]
H787 | bet   2,000원 PLAYER | P:10♦ 2♣ 4♦=6  B:9♣ 2♦ 2♦=3  PLAYER(W)  | +2,000원 → 134,000원  [end_win]
H788 | bet   1,000원 BANKER | P:Q♣ 6♦=6  B:2♦ 5♦=7  BANKER(W)  | +950원 → 134,950원
H789 | bet   1,000원 BANKER | P:8♥ K♥=8  B:6♣ 2♦=8  TIE(T)  |     0원 → 134,950원
H790 | bet   1,000원 BANKER | P:8♥ K♦=8  B:10♠ Q♦=0  PLAYER(L)  | -1,000원 → 133,950원  [start]
H791 | bet   2,000원 PLAYER | P:10♦ 4♥ 9♥=3  B:K♠ 6♥=6  BANKER(L)  | -2,000원 → 131,950원
H792 | bet   4,000원 PLAYER | P:A♥ 2♣ 2♣=5  B:4♦ 8♦ K♣=2  PLAYER(W)  | +4,000원 → 135,950원  [end_win]
H793 | bet   1,000원 BANKER | P:3♥ 3♣=6  B:Q♠ 8♣=8  BANKER(W)  | +950원 → 136,900원
H794 | bet   1,000원 BANKER | P:10♣ Q♣ 5♥=5  B:7♦ 5♥ 2♥=4  PLAYER(L)  | -1,000원 → 135,900원  [start]
H795 | bet   2,000원 PLAYER | P:A♠ 3♣ 2♥=6  B:3♣ J♠ 10♣=3  PLAYER(W)  | +2,000원 → 137,900원  [end_win]
H796 | bet   1,000원 BANKER | P:A♥ 2♥ J♥=3  B:K♦ 3♣ 8♦=1  PLAYER(L)  | -1,000원 → 136,900원  [start]
H797 | bet   2,000원 PLAYER | P:J♣ 8♠=8  B:J♦ 4♦=4  PLAYER(W)  | +2,000원 → 138,900원  [end_win]
H798 | bet   1,000원 BANKER | P:K♦ 4♠ 10♠=4  B:K♠ 2♣ 2♥=4  TIE(T)  |     0원 → 138,900원
H799 | bet   1,000원 BANKER | P:A♥ 3♥ 7♦=1  B:3♦ 2♣ 6♣=1  TIE(T)  |     0원 → 138,900원
H800 | bet   1,000원 BANKER | P:4♥ K♦ 4♥=8  B:9♣ 5♦ Q♦=4  PLAYER(L)  | -1,000원 → 137,900원  [start]
H801 | bet   2,000원 PLAYER | P:4♣ K♣ 7♥=1  B:9♣ 8♠=7  BANKER(L)  | -2,000원 → 135,900원
H802 | bet   4,000원 PLAYER | P:Q♠ A♦ J♠=1  B:K♠ 6♣=6  BANKER(L)  | -4,000원 → 131,900원
H803 | bet   8,000원 PLAYER | P:7♦ 9♦=6  B:9♠ 10♦=9  BANKER(L)  | -8,000원 → 123,900원
H804 | bet  16,000원 PLAYER | P:8♠ A♣=9  B:10♥ Q♣=0  PLAYER(W)  | +16,000원 → 139,900원  [end_win]
H805 | bet   1,000원 BANKER | P:2♦ 2♥=4  B:9♠ 9♠=8  BANKER(W)  | +950원 → 140,850원
H806 | bet   1,000원 BANKER | P:4♦ 10♥ J♠=4  B:10♠ Q♣ 7♦=7  BANKER(W)  | +950원 → 141,800원
H807 | bet   1,000원 BANKER | P:5♠ 10♠ Q♥=5  B:5♣ 9♦=4  PLAYER(L)  | -1,000원 → 140,800원  [start]
H808 | bet   2,000원 PLAYER | P:Q♠ K♦ A♦=1  B:J♥ J♥ 9♦=9  BANKER(L)  | -2,000원 → 138,800원
H809 | bet   4,000원 PLAYER | P:3♠ 10♥ 4♠=7  B:A♥ 3♦ 8♥=2  PLAYER(W)  | +4,000원 → 142,800원  [end_win]
H810 | bet   1,000원 BANKER | P:K♥ 3♠ 9♥=2  B:5♣ 6♠ Q♥=1  PLAYER(L)  | -1,000원 → 141,800원  [start]
H811 | bet   2,000원 PLAYER | P:K♠ J♠ 6♣=6  B:J♥ 7♣=7  BANKER(L)  | -2,000원 → 139,800원
H812 | bet   4,000원 PLAYER | P:7♣ 4♦=1  B:7♣ 2♠=9  BANKER(L)  | -4,000원 → 135,800원
H813 | bet   8,000원 PLAYER | P:8♣ 2♥ Q♣=0  B:5♠ 8♣ 9♥=2  BANKER(L)  | -8,000원 → 127,800원
H814 | bet  16,000원 PLAYER | P:6♣ 7♠ 3♠=6  B:A♠ Q♣ K♦=1  PLAYER(W)  | +16,000원 → 143,800원  [end_win]
H815 | bet   1,000원 BANKER | P:J♦ A♦ 6♣=7  B:3♠ J♦ 10♥=3  PLAYER(L)  | -1,000원 → 142,800원  [start]
H816 | bet   2,000원 PLAYER | P:7♦ A♥=8  B:Q♦ A♦=1  PLAYER(W)  | +2,000원 → 144,800원  [end_win]
H817 | bet   1,000원 BANKER | P:Q♥ Q♦ 10♥=0  B:2♦ A♥ 9♦=2  BANKER(W)  | +950원 → 145,750원
H818 | bet   1,000원 BANKER | P:A♥ 3♠ 10♦=4  B:2♠ 2♥=4  TIE(T)  |     0원 → 145,750원
H819 | bet   1,000원 BANKER | P:6♦ J♠=6  B:5♦ 3♥=8  BANKER(W)  | +950원 → 146,700원
H820 | bet   1,000원 BANKER | P:10♦ 4♣ 4♥=8  B:2♠ 10♠ A♠=3  PLAYER(L)  | -1,000원 → 145,700원  [start]
H821 | bet   2,000원 PLAYER | P:6♠ 4♠ 7♠=7  B:10♣ 10♦ 3♣=3  PLAYER(W)  | +2,000원 → 147,700원  [end_win]
H822 | bet   1,000원 BANKER | P:K♣ 6♦=6  B:J♥ 7♥=7  BANKER(W)  | +950원 → 148,650원
H823 | bet   1,000원 BANKER | P:6♣ 7♦ 4♥=7  B:A♣ 10♥ 3♦=4  PLAYER(L)  | -1,000원 → 147,650원  [start]
H824 | bet   2,000원 PLAYER | P:Q♥ J♥ J♦=0  B:10♠ Q♠ 2♠=2  BANKER(L)  | -2,000원 → 145,650원
H825 | bet   4,000원 PLAYER | P:3♦ K♥=3  B:3♠ 6♣=9  BANKER(L)  | -4,000원 → 141,650원
H826 | bet   8,000원 PLAYER | P:2♠ 2♦ J♥=4  B:Q♥ 6♠=6  BANKER(L)  | -8,000원 → 133,650원
H827 | bet  16,000원 PLAYER | P:J♦ 9♣=9  B:6♥ 5♦=1  PLAYER(W)  | +16,000원 → 149,650원  [end_win]
H828 | bet   1,000원 BANKER | P:10♦ Q♣ 7♣=7  B:7♥ K♥=7  TIE(T)  |     0원 → 149,650원
H829 | bet   1,000원 BANKER | P:3♥ J♦ K♠=3  B:J♦ A♠ 7♣=8  BANKER(W)  | +950원 → 150,600원
H830 | bet   1,000원 BANKER | P:2♠ 9♣ 3♣=4  B:10♠ K♦ 2♥=2  PLAYER(L)  | -1,000원 → 149,600원  [start]
H831 | bet   2,000원 PLAYER | P:6♣ 5♥=1  B:6♥ 2♠=8  BANKER(L)  | -2,000원 → 147,600원
H832 | bet   4,000원 PLAYER | P:8♣ K♣=8  B:Q♠ 3♥=3  PLAYER(W)  | +4,000원 → 151,600원  [end_win]
H833 | bet   1,000원 BANKER | P:6♦ 6♠ 7♥=9  B:2♥ 9♥ J♣=1  PLAYER(L)  | -1,000원 → 150,600원  [start]
H834 | bet   2,000원 PLAYER | P:Q♦ 6♣=6  B:8♦ 8♥=6  TIE(T)  |     0원 → 150,600원
H835 | bet   2,000원 PLAYER | P:4♣ J♥ Q♠=4  B:K♦ 5♠=5  BANKER(L)  | -2,000원 → 148,600원
H836 | bet   4,000원 PLAYER | P:8♦ 3♠ K♣=1  B:J♠ 2♣ 9♠=1  TIE(T)  |     0원 → 148,600원
H837 | bet   4,000원 PLAYER | P:10♣ 5♣=5  B:3♦ 5♥=8  BANKER(L)  | -4,000원 → 144,600원
H838 | bet   8,000원 PLAYER | P:10♥ A♣ 9♥=0  B:9♣ A♠ 6♦=6  BANKER(L)  | -8,000원 → 136,600원
H839 | bet  16,000원 PLAYER | P:4♥ J♦ 4♥=8  B:2♣ K♣ 9♠=1  PLAYER(W)  | +16,000원 → 152,600원  [end_win]
H840 | bet   1,000원 BANKER | P:9♦ 8♠=7  B:5♦ A♣=6  PLAYER(L)  | -1,000원 → 151,600원  [start]
H841 | bet   2,000원 PLAYER | P:5♦ J♦ 5♥=0  B:10♦ 10♥ 3♣=3  BANKER(L)  | -2,000원 → 149,600원
H842 | bet   4,000원 PLAYER | P:A♠ 4♦ J♠=5  B:Q♥ 2♥ 7♥=9  BANKER(L)  | -4,000원 → 145,600원
H843 | bet   8,000원 PLAYER | P:5♦ 10♣ 3♦=8  B:7♥ 9♠=6  PLAYER(W)  | +8,000원 → 153,600원  [end_win]
H844 | bet   1,000원 BANKER | P:6♦ 4♥=0  B:8♥ Q♦=8  BANKER(W)  | +950원 → 154,550원
H845 | bet   1,000원 BANKER | P:8♣ 8♦=6  B:J♥ K♦ 8♣=8  BANKER(W)  | +950원 → 155,500원
H846 | bet   1,000원 BANKER | P:Q♦ J♦ J♣=0  B:4♦ 10♠=4  BANKER(W)  | +950원 → 156,450원
H847 | bet   1,000원 BANKER | P:K♠ 7♣=7  B:9♠ J♠=9  BANKER(W)  | +950원 → 157,400원
H848 | bet   1,000원 BANKER | P:A♣ 9♥ 9♦=9  B:4♣ 8♠ 4♠=6  PLAYER(L)  | -1,000원 → 156,400원  [start]
H849 | bet   2,000원 PLAYER | P:5♥ Q♣ 5♣=0  B:6♠ 5♣ 9♥=0  TIE(T)  |     0원 → 156,400원
H850 | bet   2,000원 PLAYER | P:5♠ Q♣=5  B:7♠ 2♣=9  BANKER(L)  | -2,000원 → 154,400원
H851 | bet   4,000원 PLAYER | P:Q♥ 8♠=8  B:9♣ 2♠=1  PLAYER(W)  | +4,000원 → 158,400원  [end_win]
H852 | bet   1,000원 BANKER | P:K♠ 6♥=6  B:K♦ 9♣=9  BANKER(W)  | +950원 → 159,350원
H853 | bet   1,000원 BANKER | P:K♣ 4♦ 2♦=6  B:10♣ A♦ A♠=2  PLAYER(L)  | -1,000원 → 158,350원  [start]
H854 | bet   2,000원 PLAYER | P:3♥ 2♦ 4♦=9  B:2♥ Q♠ J♠=2  PLAYER(W)  | +2,000원 → 160,350원  [end_win]
H855 | bet   1,000원 BANKER | P:10♦ 8♦=8  B:5♥ K♦=5  PLAYER(L)  | -1,000원 → 159,350원  [start]
H856 | bet   2,000원 PLAYER | P:9♥ 6♣ 8♠=3  B:4♣ 6♥ 9♦=9  BANKER(L)  | -2,000원 → 157,350원
H857 | bet   4,000원 PLAYER | P:4♥ 8♣ 7♣=9  B:7♥ Q♥=7  PLAYER(W)  | +4,000원 → 161,350원  [end_win]
H858 | bet   1,000원 BANKER | P:3♣ 2♣ K♦=5  B:A♥ 9♥ 5♣=5  TIE(T)  |     0원 → 161,350원
H859 | bet   1,000원 BANKER | P:8♣ Q♠=8  B:A♦ 6♠=7  PLAYER(L)  | -1,000원 → 160,350원  [start]
H860 | bet   2,000원 PLAYER | P:J♣ K♥=0  B:5♣ 4♥=9  BANKER(L)  | -2,000원 → 158,350원
H861 | bet   4,000원 PLAYER | P:A♠ 2♥ A♥=4  B:4♣ K♠=4  TIE(T)  |     0원 → 158,350원
H862 | bet   4,000원 PLAYER | P:8♦ 4♠ 7♦=9  B:J♥ J♥ 10♥=0  PLAYER(W)  | +4,000원 → 162,350원  [end_win]
H863 | bet   1,000원 BANKER | P:7♦ 2♦=9  B:6♥ 5♦=1  PLAYER(L)  | -1,000원 → 161,350원  [start]
H864 | bet   2,000원 PLAYER | P:6♠ 7♣ 3♣=6  B:6♣ A♦=7  BANKER(L)  | -2,000원 → 159,350원
H865 | bet   4,000원 PLAYER | P:5♣ 9♠ A♣=5  B:Q♠ 10♠ 3♠=3  PLAYER(W)  | +4,000원 → 163,350원  [end_win]
H866 | bet   1,000원 BANKER | P:5♥ 2♣=7  B:5♥ 10♣ 3♣=8  BANKER(W)  | +950원 → 164,300원
H867 | bet   1,000원 BANKER | P:10♠ 9♦=9  B:8♥ 5♣=3  PLAYER(L)  | -1,000원 → 163,300원  [start]
H868 | bet   2,000원 PLAYER | P:K♥ 7♥=7  B:A♠ 10♥ 7♣=8  BANKER(L)  | -2,000원 → 161,300원
H869 | bet   4,000원 PLAYER | P:10♣ K♣ 5♦=5  B:4♦ A♣ 6♦=1  PLAYER(W)  | +4,000원 → 165,300원  [end_win]
H870 | bet   1,000원 BANKER | P:K♣ 3♦ A♥=4  B:10♦ 5♦=5  BANKER(W)  | +950원 → 166,250원
H871 | bet   1,000원 BANKER | P:J♠ A♣ 8♥=9  B:9♥ 5♠=4  PLAYER(L)  | -1,000원 → 165,250원  [start]
H872 | bet   2,000원 PLAYER | P:6♣ 5♣ 9♠=0  B:3♣ Q♦ 4♣=7  BANKER(L)  | -2,000원 → 163,250원
H873 | bet   4,000원 PLAYER | P:A♦ 2♣=3  B:9♣ 9♦=8  BANKER(L)  | -4,000원 → 159,250원
H874 | bet   8,000원 PLAYER | P:4♦ 10♥ 9♣=3  B:10♠ 4♣=4  BANKER(L)  | -8,000원 → 151,250원
H875 | bet  16,000원 PLAYER | P:3♦ A♥=4  B:2♦ 7♠=9  BANKER(L)  | -16,000원 → 135,250원
H876 | bet  32,000원 PLAYER | P:10♦ 4♠=4  B:8♣ K♥=8  BANKER(L)  | -32,000원 → 103,250원  [end_giveup]
H877 | bet   1,000원 BANKER | P:4♠ 4♦=8  B:7♥ 6♥=3  PLAYER(L)  | -1,000원 → 102,250원  [start]
H878 | bet   2,000원 PLAYER | P:7♠ A♥=8  B:J♥ 10♣=0  PLAYER(W)  | +2,000원 → 104,250원  [end_win]
H879 | bet   1,000원 BANKER | P:3♥ 7♦ K♥=0  B:3♣ 7♣ Q♣=0  TIE(T)  |     0원 → 104,250원
H880 | bet   1,000원 BANKER | P:9♠ J♣=9  B:2♦ K♥=2  PLAYER(L)  | -1,000원 → 103,250원  [start]
H881 | bet   2,000원 PLAYER | P:J♣ 3♠ 8♣=1  B:2♥ 8♠ K♦=0  PLAYER(W)  | +2,000원 → 105,250원  [end_win]
H882 | bet   1,000원 BANKER | P:6♥ 6♦ J♣=2  B:K♠ 5♠=5  BANKER(W)  | +950원 → 106,200원
H883 | bet   1,000원 BANKER | P:5♠ 4♥=9  B:Q♠ 3♥=3  PLAYER(L)  | -1,000원 → 105,200원  [start]
H884 | bet   2,000원 PLAYER | P:7♠ 4♠ K♣=1  B:4♣ 8♠ 3♠=5  BANKER(L)  | -2,000원 → 103,200원
H885 | bet   4,000원 PLAYER | P:4♠ 9♦ J♠=3  B:5♠ 8♥ 3♦=6  BANKER(L)  | -4,000원 → 99,200원
H886 | bet   8,000원 PLAYER | P:2♠ 3♥ 10♣=5  B:A♦ Q♦ J♣=1  PLAYER(W)  | +8,000원 → 107,200원  [end_win]
H887 | bet   1,000원 BANKER | P:A♠ Q♣ 8♣=9  B:Q♣ 2♥ 10♠=2  PLAYER(L)  | -1,000원 → 106,200원  [start]
H888 | bet   2,000원 PLAYER | P:3♠ 6♥=9  B:9♦ K♠=9  TIE(T)  |     0원 → 106,200원
H889 | bet   2,000원 PLAYER | P:9♥ Q♦=9  B:A♦ 8♦=9  TIE(T)  |     0원 → 106,200원
H890 | bet   2,000원 PLAYER | P:K♠ 3♠ 7♦=0  B:8♠ 7♦ 9♣=4  BANKER(L)  | -2,000원 → 104,200원
H891 | bet   4,000원 PLAYER | P:8♦ Q♠=8  B:7♠ K♦=7  PLAYER(W)  | +4,000원 → 108,200원  [end_win]
H892 | bet   1,000원 BANKER | P:Q♣ 2♣ J♠=2  B:Q♥ 6♠=6  BANKER(W)  | +950원 → 109,150원
H893 | bet   1,000원 BANKER | P:A♦ K♥ 6♣=7  B:6♦ J♦ 8♦=4  PLAYER(L)  | -1,000원 → 108,150원  [start]
H894 | bet   2,000원 PLAYER | P:K♠ Q♥ 7♣=7  B:5♠ 2♦=7  TIE(T)  |     0원 → 108,150원
H895 | bet   2,000원 PLAYER | P:10♥ 4♦ 5♠=9  B:8♠ 6♠ 4♠=8  PLAYER(W)  | +2,000원 → 110,150원  [end_win]
H896 | bet   1,000원 BANKER | P:7♣ 5♥ Q♠=2  B:7♣ Q♣=7  BANKER(W)  | +950원 → 111,100원
H897 | bet   1,000원 BANKER | P:5♥ 9♠ Q♦=4  B:10♠ A♦ 4♥=5  BANKER(W)  | +950원 → 112,050원
H898 | bet   1,000원 BANKER | P:Q♦ 6♣=6  B:7♣ K♠=7  BANKER(W)  | +950원 → 113,000원
H899 | bet   1,000원 BANKER | P:Q♦ 6♣=6  B:8♣ 8♥=6  TIE(T)  |     0원 → 113,000원
H900 | bet   1,000원 BANKER | P:4♥ 8♠=2  B:Q♠ 9♥=9  BANKER(W)  | +950원 → 113,950원
H901 | bet   1,000원 BANKER | P:10♥ 10♥ 2♥=2  B:5♥ 9♠ 2♦=6  BANKER(W)  | +950원 → 114,900원
H902 | bet   1,000원 BANKER | P:4♠ Q♥=4  B:5♠ 3♠=8  BANKER(W)  | +950원 → 115,850원
H903 | bet   1,000원 BANKER | P:A♦ 9♠ J♠=0  B:9♥ 8♦=7  BANKER(W)  | +950원 → 116,800원
H904 | bet   1,000원 BANKER | P:2♠ 3♣=5  B:6♥ 2♣=8  BANKER(W)  | +950원 → 117,750원
H905 | bet   1,000원 BANKER | P:5♠ A♠=6  B:4♠ J♠ 4♦=8  BANKER(W)  | +950원 → 118,700원
H906 | bet   1,000원 BANKER | P:10♥ 3♣ K♥=3  B:9♠ A♥ K♥=0  PLAYER(L)  | -1,000원 → 117,700원  [start]
H907 | bet   2,000원 PLAYER | P:5♠ J♦ K♦=5  B:A♠ A♥ 3♣=5  TIE(T)  |     0원 → 117,700원
H908 | bet   2,000원 PLAYER | P:7♥ J♣=7  B:2♦ A♦ 3♠=6  PLAYER(W)  | +2,000원 → 119,700원  [end_win]
H909 | bet   1,000원 BANKER | P:4♣ 2♠=6  B:6♥ 3♦=9  BANKER(W)  | +950원 → 120,650원
H910 | bet   1,000원 BANKER | P:J♥ Q♦ K♠=0  B:K♦ A♣ K♣=1  BANKER(W)  | +950원 → 121,600원
H911 | bet   1,000원 BANKER | P:6♦ 8♠ 6♦=0  B:J♣ 7♠=7  BANKER(W)  | +950원 → 122,550원
H912 | bet   1,000원 BANKER | P:4♦ 7♠ A♥=2  B:7♦ 8♦=5  BANKER(W)  | +950원 → 123,500원
H913 | bet   1,000원 BANKER | P:2♠ J♦=2  B:8♠ 10♠=8  BANKER(W)  | +950원 → 124,450원
H914 | bet   1,000원 BANKER | P:6♠ 10♠=6  B:4♦ 2♦=6  TIE(T)  |     0원 → 124,450원
H915 | bet   1,000원 BANKER | P:J♠ 3♦ 6♥=9  B:10♣ J♣ 9♣=9  TIE(T)  |     0원 → 124,450원
H916 | bet   1,000원 BANKER | P:8♥ 2♦ 5♥=5  B:K♦ Q♥ A♠=1  PLAYER(L)  | -1,000원 → 123,450원  [start]
H917 | bet   2,000원 PLAYER | P:6♦ 5♣=1  B:7♥ A♠=8  BANKER(L)  | -2,000원 → 121,450원
H918 | bet   4,000원 PLAYER | P:Q♣ J♦=0  B:2♣ 6♦=8  BANKER(L)  | -4,000원 → 117,450원
H919 | bet   8,000원 PLAYER | P:6♠ 4♥ 4♠=4  B:4♠ 10♥ K♣=4  TIE(T)  |     0원 → 117,450원
H920 | bet   8,000원 PLAYER | P:3♣ 3♣=6  B:K♥ 6♦=6  TIE(T)  |     0원 → 117,450원
H921 | bet   8,000원 PLAYER | P:A♠ Q♣ J♠=1  B:7♦ 4♠ 6♥=7  BANKER(L)  | -8,000원 → 109,450원
H922 | bet  16,000원 PLAYER | P:8♠ 6♣=4  B:J♣ 8♣=8  BANKER(L)  | -16,000원 → 93,450원
H923 | bet  32,000원 PLAYER | P:2♥ 9♠ 7♣=8  B:10♣ 3♠ 9♦=2  PLAYER(W)  | +32,000원 → 125,450원  [end_win]
H924 | bet   1,000원 BANKER | P:2♣ 3♦ 8♦=3  B:Q♠ 10♦ 10♥=0  PLAYER(L)  | -1,000원 → 124,450원  [start]
H925 | bet   2,000원 PLAYER | P:J♦ 9♥=9  B:5♥ J♦=5  PLAYER(W)  | +2,000원 → 126,450원  [end_win]
H926 | bet   1,000원 BANKER | P:Q♥ 9♦=9  B:5♦ 9♥=4  PLAYER(L)  | -1,000원 → 125,450원  [start]
H927 | bet   2,000원 PLAYER | P:3♣ 5♦=8  B:3♥ 4♥=7  PLAYER(W)  | +2,000원 → 127,450원  [end_win]
H928 | bet   1,000원 BANKER | P:3♠ K♦ 6♥=9  B:2♥ 2♥ 2♦=6  PLAYER(L)  | -1,000원 → 126,450원  [start]
H929 | bet   2,000원 PLAYER | P:3♥ A♣ K♥=4  B:6♦ A♦=7  BANKER(L)  | -2,000원 → 124,450원
H930 | bet   4,000원 PLAYER | P:K♠ 2♣=2  B:J♦ 8♠=8  BANKER(L)  | -4,000원 → 120,450원
H931 | bet   8,000원 PLAYER | P:5♦ 7♥ 10♦=2  B:3♥ 10♦ 2♥=5  BANKER(L)  | -8,000원 → 112,450원
H932 | bet  16,000원 PLAYER | P:9♣ 10♠=9  B:4♣ Q♠=4  PLAYER(W)  | +16,000원 → 128,450원  [end_win]
H933 | bet   1,000원 BANKER | P:5♠ 10♣ Q♣=5  B:5♣ 10♠=5  TIE(T)  |     0원 → 128,450원
H934 | bet   1,000원 BANKER | P:J♦ 6♣=6  B:7♣ 9♣=6  TIE(T)  |     0원 → 128,450원
H935 | bet   1,000원 BANKER | P:2♦ 9♥ 4♥=5  B:5♣ J♣ 7♣=2  PLAYER(L)  | -1,000원 → 127,450원  [start]
H936 | bet   2,000원 PLAYER | P:3♦ A♣=4  B:4♦ 4♣=8  BANKER(L)  | -2,000원 → 125,450원
H937 | bet   4,000원 PLAYER | P:10♣ 3♦ Q♦=3  B:4♣ 10♣=4  BANKER(L)  | -4,000원 → 121,450원
H938 | bet   8,000원 PLAYER | P:8♦ 5♦=3  B:Q♠ 8♣=8  BANKER(L)  | -8,000원 → 113,450원
H939 | bet  16,000원 PLAYER | P:7♠ Q♠=7  B:3♥ K♥ 2♦=5  PLAYER(W)  | +16,000원 → 129,450원  [end_win]
H940 | bet   1,000원 BANKER | P:J♣ A♠ 3♠=4  B:7♦ 10♦=7  BANKER(W)  | +950원 → 130,400원
H941 | bet   1,000원 BANKER | P:8♦ 3♦ K♣=1  B:10♣ K♠ 4♥=4  BANKER(W)  | +950원 → 131,350원
H942 | bet   1,000원 BANKER | P:10♠ 9♣=9  B:K♦ A♥=1  PLAYER(L)  | -1,000원 → 130,350원  [start]
H943 | bet   2,000원 PLAYER | P:2♣ K♠=2  B:8♦ 10♥=8  BANKER(L)  | -2,000원 → 128,350원
H944 | bet   4,000원 PLAYER | P:5♠ Q♣ 8♣=3  B:K♣ 5♣=5  BANKER(L)  | -4,000원 → 124,350원
H945 | bet   8,000원 PLAYER | P:K♠ 7♠=7  B:Q♥ 3♥ 2♥=5  PLAYER(W)  | +8,000원 → 132,350원  [end_win]
H946 | bet   1,000원 BANKER | P:4♣ 6♣ 6♣=6  B:4♠ 6♣ 4♦=4  PLAYER(L)  | -1,000원 → 131,350원  [start]
H947 | bet   2,000원 PLAYER | P:8♣ 9♠=7  B:J♠ 10♥ 8♦=8  BANKER(L)  | -2,000원 → 129,350원
H948 | bet   4,000원 PLAYER | P:2♥ 6♠=8  B:5♣ A♠=6  PLAYER(W)  | +4,000원 → 133,350원  [end_win]
H949 | bet   1,000원 BANKER | P:4♠ 3♠=7  B:J♣ K♣ J♣=0  PLAYER(L)  | -1,000원 → 132,350원  [start]
H950 | bet   2,000원 PLAYER | P:6♠ 5♦=1  B:J♥ 8♥=8  BANKER(L)  | -2,000원 → 130,350원
H951 | bet   4,000원 PLAYER | P:5♥ 2♠=7  B:10♠ Q♥ 3♥=3  PLAYER(W)  | +4,000원 → 134,350원  [end_win]
H952 | bet   1,000원 BANKER | P:4♦ 5♦=9  B:K♦ K♦=0  PLAYER(L)  | -1,000원 → 133,350원  [start]
H953 | bet   2,000원 PLAYER | P:10♦ 6♠=6  B:J♥ 4♠ J♦=4  PLAYER(W)  | +2,000원 → 135,350원  [end_win]
H954 | bet   1,000원 BANKER | P:10♦ 9♣=9  B:9♥ A♥=0  PLAYER(L)  | -1,000원 → 134,350원  [start]
H955 | bet   2,000원 PLAYER | P:7♦ A♦=8  B:6♥ 8♥=4  PLAYER(W)  | +2,000원 → 136,350원  [end_win]
H956 | bet   1,000원 BANKER | P:Q♦ 4♣ 7♥=1  B:7♠ 10♣=7  BANKER(W)  | +950원 → 137,300원
H957 | bet   1,000원 BANKER | P:4♦ 2♣=6  B:8♣ 2♠ Q♥=0  PLAYER(L)  | -1,000원 → 136,300원  [start]
H958 | bet   2,000원 PLAYER | P:J♠ A♣ 4♥=5  B:5♥ A♥=6  BANKER(L)  | -2,000원 → 134,300원
H959 | bet   4,000원 PLAYER | P:9♠ Q♣=9  B:Q♣ 2♠=2  PLAYER(W)  | +4,000원 → 138,300원  [end_win]
H960 | bet   1,000원 BANKER | P:5♠ 8♥ J♥=3  B:3♣ 8♥ 8♣=9  BANKER(W)  | +950원 → 139,250원
H961 | bet   1,000원 BANKER | P:9♦ 9♥=8  B:4♦ 7♦=1  PLAYER(L)  | -1,000원 → 138,250원  [start]
H962 | bet   2,000원 PLAYER | P:5♦ K♥ 3♣=8  B:2♠ J♥ 4♣=6  PLAYER(W)  | +2,000원 → 140,250원  [end_win]
H963 | bet   1,000원 BANKER | P:2♥ 7♦=9  B:3♥ Q♦=3  PLAYER(L)  | -1,000원 → 139,250원  [start]
H964 | bet   2,000원 PLAYER | P:A♣ 6♣=7  B:5♠ 7♦ A♥=3  PLAYER(W)  | +2,000원 → 141,250원  [end_win]
H965 | bet   1,000원 BANKER | P:9♦ K♠=9  B:8♠ 8♣=6  PLAYER(L)  | -1,000원 → 140,250원  [start]
H966 | bet   2,000원 PLAYER | P:A♦ 5♥=6  B:7♣ Q♠=7  BANKER(L)  | -2,000원 → 138,250원
H967 | bet   4,000원 PLAYER | P:A♦ 9♦=0  B:A♣ 7♥=8  BANKER(L)  | -4,000원 → 134,250원
H968 | bet   8,000원 PLAYER | P:K♦ A♣ 6♦=7  B:8♥ 5♦ 6♠=9  BANKER(L)  | -8,000원 → 126,250원
H969 | bet  16,000원 PLAYER | P:3♠ J♠=3  B:8♥ K♥=8  BANKER(L)  | -16,000원 → 110,250원
H970 | bet  32,000원 PLAYER | P:6♦ 2♣=8  B:J♠ 7♥=7  PLAYER(W)  | +32,000원 → 142,250원  [end_win]
H971 | bet   1,000원 BANKER | P:A♠ 5♣=6  B:K♠ A♥ 7♠=8  BANKER(W)  | +950원 → 143,200원
H972 | bet   1,000원 BANKER | P:3♦ 3♠=6  B:Q♥ 9♠=9  BANKER(W)  | +950원 → 144,150원
H973 | bet   1,000원 BANKER | P:9♣ J♥=9  B:5♣ 2♠=7  PLAYER(L)  | -1,000원 → 143,150원  [start]
H974 | bet   2,000원 PLAYER | P:2♦ K♥ K♣=2  B:K♣ 10♥ Q♦=0  PLAYER(W)  | +2,000원 → 145,150원  [end_win]
H975 | bet   1,000원 BANKER | P:7♠ 2♣=9  B:9♦ 6♥=5  PLAYER(L)  | -1,000원 → 144,150원  [start]
H976 | bet   2,000원 PLAYER | P:10♦ 9♣=9  B:5♠ 7♠=2  PLAYER(W)  | +2,000원 → 146,150원  [end_win]
H977 | bet   1,000원 BANKER | P:Q♠ 4♣=4  B:K♣ 9♦=9  BANKER(W)  | +950원 → 147,100원
H978 | bet   1,000원 BANKER | P:8♦ 9♣=7  B:8♠ 4♥ 9♥=1  PLAYER(L)  | -1,000원 → 146,100원  [start]
H979 | bet   2,000원 PLAYER | P:7♥ 10♠=7  B:3♥ 10♦ Q♣=3  PLAYER(W)  | +2,000원 → 148,100원  [end_win]
H980 | bet   1,000원 BANKER | P:10♣ J♥ 5♣=5  B:A♦ A♣ 3♦=5  TIE(T)  |     0원 → 148,100원
H981 | bet   1,000원 BANKER | P:4♣ 7♠ 9♥=0  B:J♥ 5♦=5  BANKER(W)  | +950원 → 149,050원
H982 | bet   1,000원 BANKER | P:A♠ K♠ 5♦=6  B:Q♥ J♥ K♠=0  PLAYER(L)  | -1,000원 → 148,050원  [start]
H983 | bet   2,000원 PLAYER | P:2♦ 4♣=6  B:K♥ 9♥=9  BANKER(L)  | -2,000원 → 146,050원
H984 | bet   4,000원 PLAYER | P:J♠ 3♣ Q♣=3  B:A♠ 3♥=4  BANKER(L)  | -4,000원 → 142,050원
H985 | bet   8,000원 PLAYER | P:3♦ A♣ 6♣=0  B:3♦ J♥ 9♥=2  BANKER(L)  | -8,000원 → 134,050원
H986 | bet  16,000원 PLAYER | P:8♥ J♦=8  B:8♦ 7♣=5  PLAYER(W)  | +16,000원 → 150,050원  [end_win]
H987 | bet   1,000원 BANKER | P:6♦ 5♦ 6♦=7  B:7♠ 4♦ 3♣=4  PLAYER(L)  | -1,000원 → 149,050원  [start]
H988 | bet   2,000원 PLAYER | P:9♠ 3♥ 5♥=7  B:2♠ A♣ A♦=4  PLAYER(W)  | +2,000원 → 151,050원  [end_win]
H989 | bet   1,000원 BANKER | P:7♥ 6♣=3  B:A♠ 7♣=8  BANKER(W)  | +950원 → 152,000원
H990 | bet   1,000원 BANKER | P:6♠ 6♠=2  B:4♥ 4♥=8  BANKER(W)  | +950원 → 152,950원
H991 | bet   1,000원 BANKER | P:10♦ 3♥=3  B:K♣ 8♥=8  BANKER(W)  | +950원 → 153,900원
H992 | bet   1,000원 BANKER | P:Q♣ 2♣ 2♣=4  B:4♥ 8♣ J♣=2  PLAYER(L)  | -1,000원 → 152,900원  [start]
H993 | bet   2,000원 PLAYER | P:5♣ 5♠ 10♣=0  B:4♦ 8♠ 7♣=9  BANKER(L)  | -2,000원 → 150,900원
H994 | bet   4,000원 PLAYER | P:10♦ J♥ A♦=1  B:2♣ 5♠=7  BANKER(L)  | -4,000원 → 146,900원
H995 | bet   8,000원 PLAYER | P:6♦ 8♠ 7♥=1  B:8♠ 6♦ 10♣=4  BANKER(L)  | -8,000원 → 138,900원
H996 | bet  16,000원 PLAYER | P:10♠ 9♠=9  B:K♣ 6♣=6  PLAYER(W)  | +16,000원 → 154,900원  [end_win]
H997 | bet   1,000원 BANKER | P:2♦ 2♥ 10♣=4  B:A♠ 6♥=7  BANKER(W)  | +950원 → 155,850원
H998 | bet   1,000원 BANKER | P:9♦ K♥=9  B:J♦ K♠=0  PLAYER(L)  | -1,000원 → 154,850원  [start]
H999 | bet   2,000원 PLAYER | P:5♦ 9♣ 5♦=9  B:Q♦ 4♠ 8♠=2  PLAYER(W)  | +2,000원 → 156,850원  [end_win]
H1000 | bet   1,000원 BANKER | P:9♦ K♠=9  B:A♠ Q♥=1  PLAYER(L)  | -1,000원 → 155,850원  [start]
H1001 | bet   2,000원 PLAYER | P:3♠ K♣=3  B:10♥ 9♠=9  BANKER(L)  | -2,000원 → 153,850원
H1002 | bet   4,000원 PLAYER | P:J♦ J♥=0  B:Q♦ 8♣=8  BANKER(L)  | -4,000원 → 149,850원
H1003 | bet   8,000원 PLAYER | P:2♣ 4♠=6  B:6♥ 4♣ 2♥=2  PLAYER(W)  | +8,000원 → 157,850원  [end_win]
H1004 | bet   1,000원 BANKER | P:3♣ 10♠ Q♦=3  B:7♥ J♠=7  BANKER(W)  | +950원 → 158,800원
H1005 | bet   1,000원 BANKER | P:9♣ 7♣=6  B:4♣ 3♦=7  BANKER(W)  | +950원 → 159,750원
H1006 | bet   1,000원 BANKER | P:A♣ 9♣ Q♠=0  B:5♣ Q♠=5  BANKER(W)  | +950원 → 160,700원
H1007 | bet   1,000원 BANKER | P:5♥ Q♥ 3♦=8  B:4♥ 8♦ A♥=3  PLAYER(L)  | -1,000원 → 159,700원  [start]
H1008 | bet   2,000원 PLAYER | P:10♥ A♥ 10♣=1  B:3♥ 4♣=7  BANKER(L)  | -2,000원 → 157,700원
H1009 | bet   4,000원 PLAYER | P:J♠ J♠=0  B:K♥ 8♥=8  BANKER(L)  | -4,000원 → 153,700원
H1010 | bet   8,000원 PLAYER | P:Q♠ 9♠=9  B:7♦ 6♥=3  PLAYER(W)  | +8,000원 → 161,700원  [end_win]
H1011 | bet   1,000원 BANKER | P:5♠ 6♦ J♣=1  B:2♦ 10♣ 10♣=2  BANKER(W)  | +950원 → 162,650원
H1012 | bet   1,000원 BANKER | P:7♠ Q♣=7  B:6♠ Q♠=6  PLAYER(L)  | -1,000원 → 161,650원  [start]
H1013 | bet   2,000원 PLAYER | P:A♦ J♥ 8♣=9  B:4♥ 3♥=7  PLAYER(W)  | +2,000원 → 163,650원  [end_win]
H1014 | bet   1,000원 BANKER | P:A♦ 9♦ 5♥=5  B:6♣ Q♦=6  BANKER(W)  | +950원 → 164,600원
H1015 | bet   1,000원 BANKER | P:K♥ 4♣ J♠=4  B:Q♥ 3♣ 10♠=3  PLAYER(L)  | -1,000원 → 163,600원  [start]
H1016 | bet   2,000원 PLAYER | P:7♥ 9♦=6  B:5♠ 10♦ 7♦=2  PLAYER(W)  | +2,000원 → 165,600원  [end_win]
H1017 | bet   1,000원 BANKER | P:A♥ Q♥ 7♣=8  B:A♠ 6♣=7  PLAYER(L)  | -1,000원 → 164,600원  [start]
H1018 | bet   2,000원 PLAYER | P:J♣ 3♥ 6♦=9  B:5♠ A♦ Q♠=6  PLAYER(W)  | +2,000원 → 166,600원  [end_win]
H1019 | bet   1,000원 BANKER | P:2♦ Q♠ 10♥=2  B:J♦ K♣ J♣=0  PLAYER(L)  | -1,000원 → 165,600원  [start]
H1020 | bet   2,000원 PLAYER | P:6♠ 9♣ 9♥=4  B:K♦ 10♥ A♥=1  PLAYER(W)  | +2,000원 → 167,600원  [end_win]
H1021 | bet   1,000원 BANKER | P:K♠ 3♦ 9♠=2  B:3♦ 2♥=5  BANKER(W)  | +950원 → 168,550원
H1022 | bet   1,000원 BANKER | P:9♣ 6♠ Q♦=5  B:3♣ 7♠ 2♥=2  PLAYER(L)  | -1,000원 → 167,550원  [start]
H1023 | bet   2,000원 PLAYER | P:A♦ 3♣=4  B:5♥ 4♠=9  BANKER(L)  | -2,000원 → 165,550원
H1024 | bet   4,000원 PLAYER | P:4♦ J♣ A♠=5  B:8♥ 4♠ 5♥=7  BANKER(L)  | -4,000원 → 161,550원
H1025 | bet   8,000원 PLAYER | P:K♦ 3♥ K♦=3  B:5♣ 6♥ 6♣=7  BANKER(L)  | -8,000원 → 153,550원
H1026 | bet  16,000원 PLAYER | P:10♦ 4♥ 9♥=3  B:2♦ K♥ 3♠=5  BANKER(L)  | -16,000원 → 137,550원
H1027 | bet  32,000원 PLAYER | P:8♥ 3♦ 8♠=9  B:8♥ 6♠=4  PLAYER(W)  | +32,000원 → 169,550원  [end_win]
H1028 | bet   1,000원 BANKER | P:7♥ 10♦=7  B:2♥ 6♠=8  BANKER(W)  | +950원 → 170,500원
H1029 | bet   1,000원 BANKER | P:2♠ 3♠ Q♦=5  B:K♠ Q♣ 9♠=9  BANKER(W)  | +950원 → 171,450원
H1030 | bet   1,000원 BANKER | P:7♥ K♣=7  B:10♥ 5♠ Q♦=5  PLAYER(L)  | -1,000원 → 170,450원  [start]
H1031 | bet   2,000원 PLAYER | P:3♠ 9♣ 6♥=8  B:2♠ 4♣ 8♣=4  PLAYER(W)  | +2,000원 → 172,450원  [end_win]
H1032 | bet   1,000원 BANKER | P:J♦ A♥=1  B:2♦ 6♦=8  BANKER(W)  | +950원 → 173,400원
H1033 | bet   1,000원 BANKER | P:8♦ 5♣ 6♠=9  B:3♠ 10♦ 7♣=0  PLAYER(L)  | -1,000원 → 172,400원  [start]
H1034 | bet   2,000원 PLAYER | P:4♦ 8♦=2  B:9♥ 9♥=8  BANKER(L)  | -2,000원 → 170,400원
H1035 | bet   4,000원 PLAYER | P:10♠ A♣ Q♠=1  B:2♥ 8♦ K♦=0  PLAYER(W)  | +4,000원 → 174,400원  [end_win]
H1036 | bet   1,000원 BANKER | P:4♣ 10♥ 5♠=9  B:4♠ 7♥ 9♦=0  PLAYER(L)  | -1,000원 → 173,400원  [start]
H1037 | bet   2,000원 PLAYER | P:10♠ J♣ 2♠=2  B:3♠ Q♥ 7♣=0  PLAYER(W)  | +2,000원 → 175,400원  [end_win]
H1038 | bet   1,000원 BANKER | P:7♦ 7♥ 8♦=2  B:9♠ A♥ 4♥=4  BANKER(W)  | +950원 → 176,350원
H1039 | bet   1,000원 BANKER | P:8♣ 8♣=6  B:J♦ 10♣ 7♦=7  BANKER(W)  | +950원 → 177,300원
H1040 | bet   1,000원 BANKER | P:K♥ 9♦=9  B:3♥ 7♣=0  PLAYER(L)  | -1,000원 → 176,300원  [start]
H1041 | bet   2,000원 PLAYER | P:8♠ 8♣=6  B:2♠ 10♠ 4♥=6  TIE(T)  |     0원 → 176,300원
H1042 | bet   2,000원 PLAYER | P:8♦ 5♥=3  B:8♣ Q♣=8  BANKER(L)  | -2,000원 → 174,300원
H1043 | bet   4,000원 PLAYER | P:8♥ J♠=8  B:K♥ A♣=1  PLAYER(W)  | +4,000원 → 178,300원  [end_win]
H1044 | bet   1,000원 BANKER | P:8♠ 10♦=8  B:J♠ 5♣=5  PLAYER(L)  | -1,000원 → 177,300원  [start]
H1045 | bet   2,000원 PLAYER | P:J♦ K♦ 3♠=3  B:J♣ 5♦=5  BANKER(L)  | -2,000원 → 175,300원
H1046 | bet   4,000원 PLAYER | P:K♣ J♦ 6♦=6  B:K♥ K♠ 4♦=4  PLAYER(W)  | +4,000원 → 179,300원  [end_win]
H1047 | bet   1,000원 BANKER | P:5♦ 2♦=7  B:A♥ 2♣ 3♣=6  PLAYER(L)  | -1,000원 → 178,300원  [start]
H1048 | bet   2,000원 PLAYER | P:10♠ 4♠ 3♦=7  B:K♦ 7♦=7  TIE(T)  |     0원 → 178,300원
H1049 | bet   2,000원 PLAYER | P:8♠ 5♦ 10♣=3  B:6♥ 7♠ 2♣=5  BANKER(L)  | -2,000원 → 176,300원
H1050 | bet   4,000원 PLAYER | P:A♦ A♥ 3♠=5  B:A♣ 2♦ 2♣=5  TIE(T)  |     0원 → 176,300원
H1051 | bet   4,000원 PLAYER | P:7♠ 2♠=9  B:4♠ 5♠=9  TIE(T)  |     0원 → 176,300원
H1052 | bet   4,000원 PLAYER | P:9♥ 4♠ 4♦=7  B:Q♥ 3♣ 2♥=5  PLAYER(W)  | +4,000원 → 180,300원  [end_win]
H1053 | bet   1,000원 BANKER | P:7♠ A♣=8  B:K♣ J♥=0  PLAYER(L)  | -1,000원 → 179,300원  [start]
H1054 | bet   2,000원 PLAYER | P:6♣ J♥=6  B:6♣ J♣=6  TIE(T)  |     0원 → 179,300원
H1055 | bet   2,000원 PLAYER | P:5♥ 7♦=2  B:9♦ Q♦=9  BANKER(L)  | -2,000원 → 177,300원
H1056 | bet   4,000원 PLAYER | P:9♣ 7♦=6  B:10♠ A♣ A♠=2  PLAYER(W)  | +4,000원 → 181,300원  [end_win]
H1057 | bet   1,000원 BANKER | P:Q♣ Q♣ 10♦=0  B:Q♥ K♠ Q♣=0  TIE(T)  |     0원 → 181,300원
H1058 | bet   1,000원 BANKER | P:2♠ K♣ 2♥=4  B:K♦ 6♥=6  BANKER(W)  | +950원 → 182,250원
H1059 | bet   1,000원 BANKER | P:Q♠ 9♦=9  B:6♥ 5♥=1  PLAYER(L)  | -1,000원 → 181,250원  [start]
H1060 | bet   2,000원 PLAYER | P:A♦ 7♠=8  B:10♥ 4♦=4  PLAYER(W)  | +2,000원 → 183,250원  [end_win]
H1061 | bet   1,000원 BANKER | P:9♦ 6♦ 6♠=1  B:6♠ 8♠ 2♦=6  BANKER(W)  | +950원 → 184,200원
H1062 | bet   1,000원 BANKER | P:10♦ 5♥ 10♠=5  B:8♦ 9♣=7  BANKER(W)  | +950원 → 185,150원
H1063 | bet   1,000원 BANKER | P:7♦ J♠=7  B:10♣ A♠ K♣=1  PLAYER(L)  | -1,000원 → 184,150원  [start]
H1064 | bet   2,000원 PLAYER | P:5♥ A♣=6  B:8♦ 6♦ 5♦=9  BANKER(L)  | -2,000원 → 182,150원
H1065 | bet   4,000원 PLAYER | P:8♥ 10♥=8  B:8♦ 10♥=8  TIE(T)  |     0원 → 182,150원
H1066 | bet   4,000원 PLAYER | P:10♠ 10♦ 3♠=3  B:Q♣ 10♠ K♠=0  PLAYER(W)  | +4,000원 → 186,150원  [end_win]
H1067 | bet   1,000원 BANKER | P:A♠ 3♦ 7♦=1  B:6♥ 4♦ 8♠=8  BANKER(W)  | +950원 → 187,100원
H1068 | bet   1,000원 BANKER | P:J♥ 6♣=6  B:K♥ 9♥=9  BANKER(W)  | +950원 → 188,050원
H1069 | bet   1,000원 BANKER | P:5♥ 2♥=7  B:K♦ 5♦ Q♥=5  PLAYER(L)  | -1,000원 → 187,050원  [start]
H1070 | bet   2,000원 PLAYER | P:5♠ J♥ 8♣=3  B:A♥ 6♦=7  BANKER(L)  | -2,000원 → 185,050원
H1071 | bet   4,000원 PLAYER | P:9♠ 3♣ 5♠=7  B:2♣ 8♠ 8♣=8  BANKER(L)  | -4,000원 → 181,050원
H1072 | bet   8,000원 PLAYER | P:J♦ 9♦=9  B:9♦ 5♣=4  PLAYER(W)  | +8,000원 → 189,050원  [end_win]
H1073 | bet   1,000원 BANKER | P:8♦ 10♥=8  B:3♥ 3♦=6  PLAYER(L)  | -1,000원 → 188,050원  [start]
H1074 | bet   2,000원 PLAYER | P:3♥ 2♥=5  B:9♣ K♣=9  BANKER(L)  | -2,000원 → 186,050원
H1075 | bet   4,000원 PLAYER | P:A♣ 9♥ A♥=1  B:2♠ K♠ 5♠=7  BANKER(L)  | -4,000원 → 182,050원
H1076 | bet   8,000원 PLAYER | P:J♥ 10♣ A♠=1  B:Q♠ A♦ J♦=1  TIE(T)  |     0원 → 182,050원
H1077 | bet   8,000원 PLAYER | P:2♣ 5♣=7  B:4♠ 2♦=6  PLAYER(W)  | +8,000원 → 190,050원  [end_win]
H1078 | bet   1,000원 BANKER | P:4♥ Q♣ Q♠=4  B:9♠ 3♦ 7♦=9  BANKER(W)  | +950원 → 191,000원
H1079 | bet   1,000원 BANKER | P:2♠ 8♣ 2♠=2  B:7♣ 9♥=6  BANKER(W)  | +950원 → 191,950원
H1080 | bet   1,000원 BANKER | P:3♠ 8♣=1  B:Q♦ 9♦=9  BANKER(W)  | +950원 → 192,900원
H1081 | bet   1,000원 BANKER | P:8♥ 2♣ 10♦=0  B:3♥ J♣ 8♥=1  BANKER(W)  | +950원 → 193,850원
H1082 | bet   1,000원 BANKER | P:6♠ J♠=6  B:J♣ 6♠=6  TIE(T)  |     0원 → 193,850원
H1083 | bet   1,000원 BANKER | P:4♠ 5♦=9  B:5♣ 4♠=9  TIE(T)  |     0원 → 193,850원
H1084 | bet   1,000원 BANKER | P:3♦ 7♠=0  B:2♣ 7♠=9  BANKER(W)  | +950원 → 194,800원
H1085 | bet   1,000원 BANKER | P:3♠ A♣=4  B:A♥ 8♣=9  BANKER(W)  | +950원 → 195,750원
H1086 | bet   1,000원 BANKER | P:A♣ 8♥=9  B:2♥ J♥=2  PLAYER(L)  | -1,000원 → 194,750원  [start]
H1087 | bet   2,000원 PLAYER | P:3♦ 4♣=7  B:5♦ 10♣ Q♥=5  PLAYER(W)  | +2,000원 → 196,750원  [end_win]
H1088 | bet   1,000원 BANKER | P:6♣ 8♣ 10♦=4  B:6♠ 6♥ 6♦=8  BANKER(W)  | +950원 → 197,700원
H1089 | bet   1,000원 BANKER | P:5♦ 10♥=5  B:7♥ A♠=8  BANKER(W)  | +950원 → 198,650원
H1090 | bet   1,000원 BANKER | P:A♠ 5♥=6  B:8♠ 3♣ K♣=1  PLAYER(L)  | -1,000원 → 197,650원  [start]
H1091 | bet   2,000원 PLAYER | P:A♣ 10♣=1  B:6♣ 2♠=8  BANKER(L)  | -2,000원 → 195,650원
H1092 | bet   4,000원 PLAYER | P:J♥ K♥ 4♣=4  B:10♥ 5♠ 10♠=5  BANKER(L)  | -4,000원 → 191,650원
H1093 | bet   8,000원 PLAYER | P:J♠ K♦ 7♦=7  B:Q♠ Q♥ 7♠=7  TIE(T)  |     0원 → 191,650원
H1094 | bet   8,000원 PLAYER | P:7♥ 2♦=9  B:4♥ 6♥=0  PLAYER(W)  | +8,000원 → 199,650원  [end_win]
H1095 | bet   1,000원 BANKER | P:J♥ 3♦ J♥=3  B:K♣ 10♠ 7♥=7  BANKER(W)  | +950원 → 200,600원
H1096 | bet   1,000원 BANKER | P:10♥ 6♥=6  B:K♦ 9♠=9  BANKER(W)  | +950원 → 201,550원
H1097 | bet   1,000원 BANKER | P:10♣ 6♠=6  B:2♥ Q♥ 4♠=6  TIE(T)  |     0원 → 201,550원
H1098 | bet   1,000원 BANKER | P:9♠ J♦=9  B:Q♠ A♣=1  PLAYER(L)  | -1,000원 → 200,550원  [start]
H1099 | bet   2,000원 PLAYER | P:9♥ Q♣=9  B:3♥ 4♣=7  PLAYER(W)  | +2,000원 → 202,550원  [end_win]
H1100 | bet   1,000원 BANKER | P:4♣ 2♦=6  B:3♣ 8♣ 4♥=5  PLAYER(L)  | -1,000원 → 201,550원  [start]
H1101 | bet   2,000원 PLAYER | P:6♦ 3♥=9  B:10♠ J♦=0  PLAYER(W)  | +2,000원 → 203,550원  [end_win]
H1102 | bet   1,000원 BANKER | P:10♣ 9♥=9  B:10♣ 7♥=7  PLAYER(L)  | -1,000원 → 202,550원  [start]
H1103 | bet   2,000원 PLAYER | P:3♠ Q♦=3  B:2♣ 7♦=9  BANKER(L)  | -2,000원 → 200,550원
H1104 | bet   4,000원 PLAYER | P:2♠ 2♥ 8♠=2  B:6♣ A♦=7  BANKER(L)  | -4,000원 → 196,550원
H1105 | bet   8,000원 PLAYER | P:6♦ 10♦=6  B:7♦ 9♣=6  TIE(T)  |     0원 → 196,550원
H1106 | bet   8,000원 PLAYER | P:9♥ 5♣=4  B:9♣ Q♦=9  BANKER(L)  | -8,000원 → 188,550원
H1107 | bet  16,000원 PLAYER | P:7♣ Q♣=7  B:6♥ Q♦=6  PLAYER(W)  | +16,000원 → 204,550원  [end_win]
H1108 | bet   1,000원 BANKER | P:9♠ 10♠=9  B:3♠ 8♣=1  PLAYER(L)  | -1,000원 → 203,550원  [start]
H1109 | bet   2,000원 PLAYER | P:2♠ 3♠ 9♠=4  B:9♦ 4♦ A♥=4  TIE(T)  |     0원 → 203,550원
H1110 | bet   2,000원 PLAYER | P:5♦ 2♥=7  B:J♣ 4♥ Q♠=4  PLAYER(W)  | +2,000원 → 205,550원  [end_win]
H1111 | bet   1,000원 BANKER | P:Q♥ K♥ 5♥=5  B:J♥ A♦ 4♣=5  TIE(T)  |     0원 → 205,550원
H1112 | bet   1,000원 BANKER | P:7♣ 4♠=1  B:9♣ 9♣=8  BANKER(W)  | +950원 → 206,500원
H1113 | bet   1,000원 BANKER | P:Q♣ 9♠=9  B:7♠ 7♥=4  PLAYER(L)  | -1,000원 → 205,500원  [start]
H1114 | bet   2,000원 PLAYER | P:3♣ 4♦=7  B:4♦ 8♠ 5♥=7  TIE(T)  |     0원 → 205,500원
H1115 | bet   2,000원 PLAYER | P:4♦ K♦ A♥=5  B:7♣ 8♥=5  TIE(T)  |     0원 → 205,500원
H1116 | bet   2,000원 PLAYER | P:5♠ 2♦=7  B:K♠ 4♦ J♦=4  PLAYER(W)  | +2,000원 → 207,500원  [end_win]
H1117 | bet   1,000원 BANKER | P:9♠ K♠=9  B:5♣ 2♥=7  PLAYER(L)  | -1,000원 → 206,500원  [start]
H1118 | bet   2,000원 PLAYER | P:K♣ K♥ Q♣=0  B:6♠ 6♣ 3♠=5  BANKER(L)  | -2,000원 → 204,500원
H1119 | bet   4,000원 PLAYER | P:2♦ 7♥=9  B:7♣ 3♣=0  PLAYER(W)  | +4,000원 → 208,500원  [end_win]
H1120 | bet   1,000원 BANKER | P:3♥ K♦ 7♠=0  B:K♠ 7♠=7  BANKER(W)  | +950원 → 209,450원
H1121 | bet   1,000원 BANKER | P:4♠ 2♣=6  B:A♦ 4♦ 2♦=7  BANKER(W)  | +950원 → 210,400원
H1122 | bet   1,000원 BANKER | P:4♣ 6♥ 3♠=3  B:8♠ 7♦=5  BANKER(W)  | +950원 → 211,350원
H1123 | bet   1,000원 BANKER | P:5♠ 8♠ 3♣=6  B:2♠ 8♦ J♣=0  PLAYER(L)  | -1,000원 → 210,350원  [start]
H1124 | bet   2,000원 PLAYER | P:2♥ J♣ A♥=3  B:3♥ A♥=4  BANKER(L)  | -2,000원 → 208,350원
H1125 | bet   4,000원 PLAYER | P:A♦ 5♦=6  B:6♥ Q♣=6  TIE(T)  |     0원 → 208,350원
H1126 | bet   4,000원 PLAYER | P:4♦ 4♥=8  B:10♥ 6♣=6  PLAYER(W)  | +4,000원 → 212,350원  [end_win]
H1127 | bet   1,000원 BANKER | P:9♦ 7♣=6  B:5♠ J♣ 5♣=0  PLAYER(L)  | -1,000원 → 211,350원  [start]
H1128 | bet   2,000원 PLAYER | P:8♦ 6♦=4  B:J♠ 8♥=8  BANKER(L)  | -2,000원 → 209,350원
H1129 | bet   4,000원 PLAYER | P:K♥ K♥=0  B:7♦ 2♦=9  BANKER(L)  | -4,000원 → 205,350원
H1130 | bet   8,000원 PLAYER | P:9♣ K♠=9  B:4♥ K♥=4  PLAYER(W)  | +8,000원 → 213,350원  [end_win]
H1131 | bet   1,000원 BANKER | P:6♦ 4♣ 5♦=5  B:K♣ 2♣ 4♠=6  BANKER(W)  | +950원 → 214,300원
H1132 | bet   1,000원 BANKER | P:10♥ A♠=1  B:9♥ 10♦=9  BANKER(W)  | +950원 → 215,250원
H1133 | bet   1,000원 BANKER | P:K♣ 8♦=8  B:5♣ 3♦=8  TIE(T)  |     0원 → 215,250원
H1134 | bet   1,000원 BANKER | P:J♠ 9♦=9  B:Q♣ 5♥=5  PLAYER(L)  | -1,000원 → 214,250원  [start]
H1135 | bet   2,000원 PLAYER | P:4♥ Q♥=4  B:2♠ 6♠=8  BANKER(L)  | -2,000원 → 212,250원
H1136 | bet   4,000원 PLAYER | P:A♦ Q♦ 10♦=1  B:A♥ 5♥=6  BANKER(L)  | -4,000원 → 208,250원
H1137 | bet   8,000원 PLAYER | P:J♣ 6♣=6  B:Q♦ A♦ A♦=2  PLAYER(W)  | +8,000원 → 216,250원  [end_win]
H1138 | bet   1,000원 BANKER | P:K♣ 10♠=0  B:9♦ Q♠=9  BANKER(W)  | +950원 → 217,200원
H1139 | bet   1,000원 BANKER | P:J♦ 7♠=7  B:K♦ 10♦ 8♦=8  BANKER(W)  | +950원 → 218,150원
H1140 | bet   1,000원 BANKER | P:K♥ 6♥=6  B:Q♥ 6♣=6  TIE(T)  |     0원 → 218,150원
H1141 | bet   1,000원 BANKER | P:7♥ 8♥ 4♠=9  B:4♥ 10♣ J♠=4  PLAYER(L)  | -1,000원 → 217,150원  [start]
H1142 | bet   2,000원 PLAYER | P:3♣ 8♥ 7♣=8  B:K♦ Q♥ J♦=0  PLAYER(W)  | +2,000원 → 219,150원  [end_win]
H1143 | bet   1,000원 BANKER | P:3♣ Q♦ J♣=3  B:Q♦ Q♠ 5♠=5  BANKER(W)  | +950원 → 220,100원
H1144 | bet   1,000원 BANKER | P:K♠ 4♣ 3♥=7  B:J♠ 7♣=7  TIE(T)  |     0원 → 220,100원
H1145 | bet   1,000원 BANKER | P:K♠ A♠ 9♣=0  B:7♠ J♦=7  BANKER(W)  | +950원 → 221,050원
H1146 | bet   1,000원 BANKER | P:8♣ 2♦ 2♠=2  B:4♣ 2♣=6  BANKER(W)  | +950원 → 222,000원
H1147 | bet   1,000원 BANKER | P:6♣ J♦=6  B:4♦ 10♠ Q♣=4  PLAYER(L)  | -1,000원 → 221,000원  [start]
H1148 | bet   2,000원 PLAYER | P:2♣ 5♥=7  B:K♠ 6♠=6  PLAYER(W)  | +2,000원 → 223,000원  [end_win]
H1149 | bet   1,000원 BANKER | P:2♦ 4♣=6  B:J♥ 7♥=7  BANKER(W)  | +950원 → 223,950원
H1150 | bet   1,000원 BANKER | P:5♦ 8♦=3  B:Q♠ 9♦=9  BANKER(W)  | +950원 → 224,900원
H1151 | bet   1,000원 BANKER | P:7♥ 10♦=7  B:10♠ 2♠ 10♣=2  PLAYER(L)  | -1,000원 → 223,900원  [start]
H1152 | bet   2,000원 PLAYER | P:8♦ A♣=9  B:10♠ 7♥=7  PLAYER(W)  | +2,000원 → 225,900원  [end_win]
H1153 | bet   1,000원 BANKER | P:Q♠ 9♥=9  B:10♦ 10♣=0  PLAYER(L)  | -1,000원 → 224,900원  [start]
H1154 | bet   2,000원 PLAYER | P:9♠ 6♠=5  B:Q♠ 8♦=8  BANKER(L)  | -2,000원 → 222,900원
H1155 | bet   4,000원 PLAYER | P:2♥ Q♥ J♥=2  B:J♠ J♠ 6♣=6  BANKER(L)  | -4,000원 → 218,900원
H1156 | bet   8,000원 PLAYER | P:Q♦ 9♥=9  B:J♦ J♠=0  PLAYER(W)  | +8,000원 → 226,900원  [end_win]
H1157 | bet   1,000원 BANKER | P:Q♦ 8♣=8  B:8♥ 5♠=3  PLAYER(L)  | -1,000원 → 225,900원  [start]
H1158 | bet   2,000원 PLAYER | P:6♠ 9♣ K♠=5  B:J♣ 3♠ 10♣=3  PLAYER(W)  | +2,000원 → 227,900원  [end_win]
H1159 | bet   1,000원 BANKER | P:8♠ 9♣=7  B:7♣ 6♥ 4♦=7  TIE(T)  |     0원 → 227,900원
H1160 | bet   1,000원 BANKER | P:6♦ A♥=7  B:4♥ 8♥ K♦=2  PLAYER(L)  | -1,000원 → 226,900원  [start]
H1161 | bet   2,000원 PLAYER | P:5♠ A♦=6  B:9♥ J♦=9  BANKER(L)  | -2,000원 → 224,900원
H1162 | bet   4,000원 PLAYER | P:2♦ Q♣ 10♠=2  B:5♠ 8♣ A♣=4  BANKER(L)  | -4,000원 → 220,900원
H1163 | bet   8,000원 PLAYER | P:2♣ 2♠ 5♦=9  B:J♥ 10♠ 5♥=5  PLAYER(W)  | +8,000원 → 228,900원  [end_win]
H1164 | bet   1,000원 BANKER | P:2♣ 8♣ A♦=1  B:3♦ K♥ 4♣=7  BANKER(W)  | +950원 → 229,850원
H1165 | bet   1,000원 BANKER | P:A♥ 2♦ 6♦=9  B:7♣ 4♣ 2♠=3  PLAYER(L)  | -1,000원 → 228,850원  [start]
H1166 | bet   2,000원 PLAYER | P:5♥ 7♠ 5♦=7  B:Q♦ Q♥ 9♥=9  BANKER(L)  | -2,000원 → 226,850원
H1167 | bet   4,000원 PLAYER | P:4♥ 2♥=6  B:6♦ A♠=7  BANKER(L)  | -4,000원 → 222,850원
H1168 | bet   8,000원 PLAYER | P:K♥ 4♦ 9♣=3  B:6♦ A♠=7  BANKER(L)  | -8,000원 → 214,850원
H1169 | bet  16,000원 PLAYER | P:6♠ 10♥=6  B:3♠ Q♣ 7♣=0  PLAYER(W)  | +16,000원 → 230,850원  [end_win]
H1170 | bet   1,000원 BANKER | P:4♠ 9♣ 5♦=8  B:4♠ J♣ 4♦=8  TIE(T)  |     0원 → 230,850원
H1171 | bet   1,000원 BANKER | P:4♠ 2♣=6  B:2♥ J♣ 3♣=5  PLAYER(L)  | -1,000원 → 229,850원  [start]
H1172 | bet   2,000원 PLAYER | P:7♥ 4♥ K♦=1  B:10♥ 10♠ 5♣=5  BANKER(L)  | -2,000원 → 227,850원
H1173 | bet   4,000원 PLAYER | P:7♠ J♥=7  B:2♦ 2♠ 3♥=7  TIE(T)  |     0원 → 227,850원
H1174 | bet   4,000원 PLAYER | P:8♣ 7♣ Q♠=5  B:5♦ 10♣=5  TIE(T)  |     0원 → 227,850원
H1175 | bet   4,000원 PLAYER | P:7♠ K♣=7  B:Q♣ 2♠ 4♦=6  PLAYER(W)  | +4,000원 → 231,850원  [end_win]
H1176 | bet   1,000원 BANKER | P:9♦ J♠=9  B:J♦ 5♠=5  PLAYER(L)  | -1,000원 → 230,850원  [start]
H1177 | bet   2,000원 PLAYER | P:8♣ K♣=8  B:J♥ 7♣=7  PLAYER(W)  | +2,000원 → 232,850원  [end_win]
H1178 | bet   1,000원 BANKER | P:A♠ 4♣ 3♦=8  B:9♠ A♠ 2♦=2  PLAYER(L)  | -1,000원 → 231,850원  [start]
H1179 | bet   2,000원 PLAYER | P:K♥ K♠ 4♣=4  B:K♣ 4♥ 8♠=2  PLAYER(W)  | +2,000원 → 233,850원  [end_win]
H1180 | bet   1,000원 BANKER | P:A♦ 5♣=6  B:6♦ 10♥=6  TIE(T)  |     0원 → 233,850원
H1181 | bet   1,000원 BANKER | P:Q♦ 9♣=9  B:10♠ 8♦=8  PLAYER(L)  | -1,000원 → 232,850원  [start]
H1182 | bet   2,000원 PLAYER | P:Q♥ Q♣ K♣=0  B:3♣ 10♣ 5♠=8  BANKER(L)  | -2,000원 → 230,850원
H1183 | bet   4,000원 PLAYER | P:K♥ A♠ 3♠=4  B:6♥ K♠=6  BANKER(L)  | -4,000원 → 226,850원
H1184 | bet   8,000원 PLAYER | P:K♣ A♥=1  B:9♦ 9♥=8  BANKER(L)  | -8,000원 → 218,850원
H1185 | bet  16,000원 PLAYER | P:6♠ A♥=7  B:3♠ K♠ J♦=3  PLAYER(W)  | +16,000원 → 234,850원  [end_win]
H1186 | bet   1,000원 BANKER | P:5♥ A♥=6  B:K♦ 3♦ Q♥=3  PLAYER(L)  | -1,000원 → 233,850원  [start]
H1187 | bet   2,000원 PLAYER | P:3♣ 5♠=8  B:9♥ 9♠=8  TIE(T)  |     0원 → 233,850원
H1188 | bet   2,000원 PLAYER | P:4♣ 9♦ 4♥=7  B:K♦ 3♣ 10♦=3  PLAYER(W)  | +2,000원 → 235,850원  [end_win]
H1189 | bet   1,000원 BANKER | P:3♠ 5♣=8  B:6♣ 3♥=9  BANKER(W)  | +950원 → 236,800원
H1190 | bet   1,000원 BANKER | P:8♦ 7♥ 5♦=0  B:K♥ 2♦ 5♣=7  BANKER(W)  | +950원 → 237,750원
H1191 | bet   1,000원 BANKER | P:7♥ 10♥=7  B:5♦ 2♦=7  TIE(T)  |     0원 → 237,750원
H1192 | bet   1,000원 BANKER | P:6♥ 5♣ K♥=1  B:J♠ 10♣ K♦=0  PLAYER(L)  | -1,000원 → 236,750원  [start]
H1193 | bet   2,000원 PLAYER | P:6♥ 8♠=4  B:3♦ 5♦=8  BANKER(L)  | -2,000원 → 234,750원
H1194 | bet   4,000원 PLAYER | P:7♦ 7♦ 6♥=0  B:K♠ 7♠=7  BANKER(L)  | -4,000원 → 230,750원
H1195 | bet   8,000원 PLAYER | P:7♦ 8♥ 8♥=3  B:6♦ Q♥=6  BANKER(L)  | -8,000원 → 222,750원
H1196 | bet  16,000원 PLAYER | P:3♥ 2♠ J♣=5  B:K♦ A♠ 6♥=7  BANKER(L)  | -16,000원 → 206,750원
H1197 | bet  32,000원 PLAYER | P:4♠ 5♥=9  B:9♥ 9♣=8  PLAYER(W)  | +32,000원 → 238,750원  [end_win]
H1198 | bet   1,000원 BANKER | P:A♦ 8♥=9  B:10♦ 10♦=0  PLAYER(L)  | -1,000원 → 237,750원  [start]
H1199 | bet   2,000원 PLAYER | P:7♦ 3♥ 9♠=9  B:4♠ 10♦=4  PLAYER(W)  | +2,000원 → 239,750원  [end_win]
H1200 | bet   1,000원 BANKER | P:6♥ J♦=6  B:2♠ 8♥ A♣=1  PLAYER(L)  | -1,000원 → 238,750원  [start]
H1201 | bet   2,000원 PLAYER | P:Q♦ 2♥ Q♦=2  B:6♥ A♠=7  BANKER(L)  | -2,000원 → 236,750원
H1202 | bet   4,000원 PLAYER | P:7♦ K♥=7  B:2♥ A♥ 8♠=1  PLAYER(W)  | +4,000원 → 240,750원  [end_win]
H1203 | bet   1,000원 BANKER | P:7♣ 2♥=9  B:2♣ 8♠=0  PLAYER(L)  | -1,000원 → 239,750원  [start]
H1204 | bet   2,000원 PLAYER | P:9♦ 8♦=7  B:7♥ Q♥=7  TIE(T)  |     0원 → 239,750원
H1205 | bet   2,000원 PLAYER | P:2♥ 9♠ Q♠=1  B:J♠ A♦ 4♥=5  BANKER(L)  | -2,000원 → 237,750원
H1206 | bet   4,000원 PLAYER | P:10♣ 5♥=5  B:8♥ 10♣=8  BANKER(L)  | -4,000원 → 233,750원
H1207 | bet   8,000원 PLAYER | P:6♠ 4♠ J♣=0  B:J♣ 4♦=4  BANKER(L)  | -8,000원 → 225,750원
H1208 | bet  16,000원 PLAYER | P:5♣ K♣ 9♣=4  B:6♠ A♦=7  BANKER(L)  | -16,000원 → 209,750원
H1209 | bet  32,000원 PLAYER | P:Q♠ 8♥=8  B:5♣ 3♥=8  TIE(T)  |     0원 → 209,750원
H1210 | bet  32,000원 PLAYER | P:6♦ J♣=6  B:A♣ 8♦=9  BANKER(L)  | -32,000원 → 177,750원  [end_giveup]
H1211 | bet   1,000원 BANKER | P:7♠ A♦=8  B:4♥ 9♦=3  PLAYER(L)  | -1,000원 → 176,750원  [start]
H1212 | bet   2,000원 PLAYER | P:4♠ A♣=5  B:8♣ 10♥=8  BANKER(L)  | -2,000원 → 174,750원
H1213 | bet   4,000원 PLAYER | P:3♥ 7♠ K♦=0  B:J♥ 2♥ K♣=2  BANKER(L)  | -4,000원 → 170,750원
H1214 | bet   8,000원 PLAYER | P:7♦ 6♣=3  B:4♥ 5♣=9  BANKER(L)  | -8,000원 → 162,750원
H1215 | bet  16,000원 PLAYER | P:9♦ 4♦ 3♣=6  B:7♣ 4♦ 3♦=4  PLAYER(W)  | +16,000원 → 178,750원  [end_win]
H1216 | bet   1,000원 BANKER | P:Q♣ 6♣=6  B:J♠ 9♥=9  BANKER(W)  | +950원 → 179,700원
H1217 | bet   1,000원 BANKER | P:J♦ K♦ 7♠=7  B:J♣ Q♣ J♥=0  PLAYER(L)  | -1,000원 → 178,700원  [start]
H1218 | bet   2,000원 PLAYER | P:Q♥ 6♦=6  B:K♣ 5♥ Q♣=5  PLAYER(W)  | +2,000원 → 180,700원  [end_win]
H1219 | bet   1,000원 BANKER | P:9♠ 7♣=6  B:Q♦ K♠ 3♣=3  PLAYER(L)  | -1,000원 → 179,700원  [start]
H1220 | bet   2,000원 PLAYER | P:8♠ 4♠ A♥=3  B:4♣ J♦=4  BANKER(L)  | -2,000원 → 177,700원
H1221 | bet   4,000원 PLAYER | P:3♠ K♥=3  B:A♦ 7♥=8  BANKER(L)  | -4,000원 → 173,700원
H1222 | bet   8,000원 PLAYER | P:2♣ A♣ 10♥=3  B:3♥ 8♣ Q♠=1  PLAYER(W)  | +8,000원 → 181,700원  [end_win]
H1223 | bet   1,000원 BANKER | P:A♣ J♥ 7♦=8  B:6♠ 6♣ 10♦=2  PLAYER(L)  | -1,000원 → 180,700원  [start]
H1224 | bet   2,000원 PLAYER | P:Q♠ A♣ 5♠=6  B:3♠ Q♦ A♠=4  PLAYER(W)  | +2,000원 → 182,700원  [end_win]
H1225 | bet   1,000원 BANKER | P:10♠ 8♠=8  B:9♣ 3♣=2  PLAYER(L)  | -1,000원 → 181,700원  [start]
H1226 | bet   2,000원 PLAYER | P:J♠ 8♦=8  B:3♥ Q♥=3  PLAYER(W)  | +2,000원 → 183,700원  [end_win]
H1227 | bet   1,000원 BANKER | P:10♦ 3♦ 5♠=8  B:3♦ 9♠ 5♥=7  PLAYER(L)  | -1,000원 → 182,700원  [start]
H1228 | bet   2,000원 PLAYER | P:3♦ 9♦ 7♠=9  B:10♥ K♠ 3♣=3  PLAYER(W)  | +2,000원 → 184,700원  [end_win]
H1229 | bet   1,000원 BANKER | P:7♠ A♦=8  B:5♠ 6♠=1  PLAYER(L)  | -1,000원 → 183,700원  [start]
H1230 | bet   2,000원 PLAYER | P:7♥ 6♥ A♥=4  B:7♠ 10♣=7  BANKER(L)  | -2,000원 → 181,700원
H1231 | bet   4,000원 PLAYER | P:J♥ 9♥=9  B:9♦ A♥=0  PLAYER(W)  | +4,000원 → 185,700원  [end_win]
H1232 | bet   1,000원 BANKER | P:3♣ 8♠=1  B:6♦ 3♠=9  BANKER(W)  | +950원 → 186,650원
H1233 | bet   1,000원 BANKER | P:5♠ 4♥=9  B:8♣ 7♣=5  PLAYER(L)  | -1,000원 → 185,650원  [start]
H1234 | bet   2,000원 PLAYER | P:8♥ 9♣=7  B:7♥ K♣=7  TIE(T)  |     0원 → 185,650원
H1235 | bet   2,000원 PLAYER | P:8♠ 8♣=6  B:K♣ 2♦ 4♣=6  TIE(T)  |     0원 → 185,650원
H1236 | bet   2,000원 PLAYER | P:8♣ 7♦ K♦=5  B:7♣ 8♣=5  TIE(T)  |     0원 → 185,650원
H1237 | bet   2,000원 PLAYER | P:2♦ 2♥ 10♣=4  B:J♠ 3♥ 5♦=8  BANKER(L)  | -2,000원 → 183,650원
H1238 | bet   4,000원 PLAYER | P:A♠ 6♦=7  B:10♦ 9♦=9  BANKER(L)  | -4,000원 → 179,650원
H1239 | bet   8,000원 PLAYER | P:5♣ 7♠ 3♠=5  B:10♥ 3♠ 4♣=7  BANKER(L)  | -8,000원 → 171,650원
H1240 | bet  16,000원 PLAYER | P:K♣ 8♥=8  B:9♣ K♠=9  BANKER(L)  | -16,000원 → 155,650원
H1241 | bet  32,000원 PLAYER | P:9♥ 5♦ 4♠=8  B:J♠ 3♣ 7♣=0  PLAYER(W)  | +32,000원 → 187,650원  [end_win]
H1242 | bet   1,000원 BANKER | P:6♣ 9♠ 3♣=8  B:6♦ J♦=6  PLAYER(L)  | -1,000원 → 186,650원  [start]
H1243 | bet   2,000원 PLAYER | P:J♣ A♦ A♥=2  B:K♥ J♥ 5♣=5  BANKER(L)  | -2,000원 → 184,650원
H1244 | bet   4,000원 PLAYER | P:4♠ Q♠ 9♣=3  B:2♦ 2♦=4  BANKER(L)  | -4,000원 → 180,650원
H1245 | bet   8,000원 PLAYER | P:2♥ K♥ 2♣=4  B:3♦ 8♦ 3♣=4  TIE(T)  |     0원 → 180,650원
H1246 | bet   8,000원 PLAYER | P:7♥ Q♣=7  B:9♠ 9♦=8  BANKER(L)  | -8,000원 → 172,650원
H1247 | bet  16,000원 PLAYER | P:K♦ Q♦ A♠=1  B:10♦ 5♦=5  BANKER(L)  | -16,000원 → 156,650원
H1248 | bet  32,000원 PLAYER | P:J♠ 7♠=7  B:10♠ Q♠ 4♣=4  PLAYER(W)  | +32,000원 → 188,650원  [end_win]
H1249 | bet   1,000원 BANKER | P:7♦ 7♥ 10♠=4  B:2♠ Q♥ 9♥=1  PLAYER(L)  | -1,000원 → 187,650원  [start]
H1250 | bet   2,000원 PLAYER | P:10♦ K♥ 8♣=8  B:7♠ 6♥=3  PLAYER(W)  | +2,000원 → 189,650원  [end_win]
H1251 | bet   1,000원 BANKER | P:A♠ A♣ 7♣=9  B:2♣ 8♦ 7♦=7  PLAYER(L)  | -1,000원 → 188,650원  [start]
H1252 | bet   2,000원 PLAYER | P:4♥ 10♦ 10♥=4  B:K♣ A♠ 5♦=6  BANKER(L)  | -2,000원 → 186,650원
H1253 | bet   4,000원 PLAYER | P:4♥ A♣ 8♣=3  B:10♣ 4♥=4  BANKER(L)  | -4,000원 → 182,650원
H1254 | bet   8,000원 PLAYER | P:8♣ 10♣=8  B:K♣ 4♠=4  PLAYER(W)  | +8,000원 → 190,650원  [end_win]
H1255 | bet   1,000원 BANKER | P:10♠ 2♠ 4♥=6  B:5♥ A♦=6  TIE(T)  |     0원 → 190,650원
H1256 | bet   1,000원 BANKER | P:K♦ Q♠ 6♣=6  B:J♥ 5♣ 2♥=7  BANKER(W)  | +950원 → 191,600원
H1257 | bet   1,000원 BANKER | P:10♠ K♠ 6♥=6  B:Q♣ 10♣ 4♣=4  PLAYER(L)  | -1,000원 → 190,600원  [start]
H1258 | bet   2,000원 PLAYER | P:Q♠ Q♣ 3♠=3  B:2♠ 4♠=6  BANKER(L)  | -2,000원 → 188,600원
H1259 | bet   4,000원 PLAYER | P:8♦ 9♣=7  B:J♣ 6♦=6  PLAYER(W)  | +4,000원 → 192,600원  [end_win]
H1260 | bet   1,000원 BANKER | P:8♦ 9♣=7  B:4♥ 6♥ J♠=0  PLAYER(L)  | -1,000원 → 191,600원  [start]
H1261 | bet   2,000원 PLAYER | P:Q♥ 6♣=6  B:5♠ 3♦=8  BANKER(L)  | -2,000원 → 189,600원
H1262 | bet   4,000원 PLAYER | P:J♣ 8♠=8  B:A♦ K♣=1  PLAYER(W)  | +4,000원 → 193,600원  [end_win]
H1263 | bet   1,000원 BANKER | P:9♠ 8♠=7  B:4♠ 7♥ 6♣=7  TIE(T)  |     0원 → 193,600원
H1264 | bet   1,000원 BANKER | P:Q♣ 8♠=8  B:3♥ J♣=3  PLAYER(L)  | -1,000원 → 192,600원  [start]
H1265 | bet   2,000원 PLAYER | P:A♦ 4♥ K♦=5  B:2♣ 3♣=5  TIE(T)  |     0원 → 192,600원
H1266 | bet   2,000원 PLAYER | P:7♠ J♦=7  B:J♥ 3♠ 10♥=3  PLAYER(W)  | +2,000원 → 194,600원  [end_win]
H1267 | bet   1,000원 BANKER | P:9♠ J♦=9  B:9♦ 3♥=2  PLAYER(L)  | -1,000원 → 193,600원  [start]
H1268 | bet   2,000원 PLAYER | P:9♠ 10♣=9  B:7♣ 2♠=9  TIE(T)  |     0원 → 193,600원
H1269 | bet   2,000원 PLAYER | P:5♥ 8♦ 6♦=9  B:3♠ 3♦ 4♦=0  PLAYER(W)  | +2,000원 → 195,600원  [end_win]
H1270 | bet   1,000원 BANKER | P:K♠ 9♠=9  B:Q♦ K♠=0  PLAYER(L)  | -1,000원 → 194,600원  [start]
H1271 | bet   2,000원 PLAYER | P:4♣ 8♥ 8♥=0  B:2♠ A♦=3  BANKER(L)  | -2,000원 → 192,600원
H1272 | bet   4,000원 PLAYER | P:3♣ Q♥ 9♦=2  B:Q♥ 2♦ 2♣=4  BANKER(L)  | -4,000원 → 188,600원
H1273 | bet   8,000원 PLAYER | P:6♣ 6♦=2  B:10♦ 8♥=8  BANKER(L)  | -8,000원 → 180,600원
H1274 | bet  16,000원 PLAYER | P:4♦ 9♥ 9♥=2  B:A♥ J♣ 2♠=3  BANKER(L)  | -16,000원 → 164,600원
H1275 | bet  32,000원 PLAYER | P:2♥ A♥ A♠=4  B:5♥ 5♣ A♦=1  PLAYER(W)  | +32,000원 → 196,600원  [end_win]
H1276 | bet   1,000원 BANKER | P:6♥ 2♥=8  B:7♦ 7♦=4  PLAYER(L)  | -1,000원 → 195,600원  [start]
H1277 | bet   2,000원 PLAYER | P:A♣ A♣ Q♦=2  B:8♣ 2♣ 5♠=5  BANKER(L)  | -2,000원 → 193,600원
H1278 | bet   4,000원 PLAYER | P:7♣ 5♣ 5♣=7  B:7♦ 9♦=6  PLAYER(W)  | +4,000원 → 197,600원  [end_win]
H1279 | bet   1,000원 BANKER | P:6♦ Q♠=6  B:K♥ 4♦ 3♥=7  BANKER(W)  | +950원 → 198,550원
H1280 | bet   1,000원 BANKER | P:K♥ 5♥ 6♠=1  B:J♥ 5♥ 6♠=1  TIE(T)  |     0원 → 198,550원
H1281 | bet   1,000원 BANKER | P:J♣ 6♠=6  B:J♦ 10♥ A♠=1  PLAYER(L)  | -1,000원 → 197,550원  [start]
H1282 | bet   2,000원 PLAYER | P:5♦ 4♠=9  B:J♦ 4♦=4  PLAYER(W)  | +2,000원 → 199,550원  [end_win]
H1283 | bet   1,000원 BANKER | P:K♠ 9♥=9  B:K♥ Q♣=0  PLAYER(L)  | -1,000원 → 198,550원  [start]
H1284 | bet   2,000원 PLAYER | P:A♠ 2♥ 7♥=0  B:4♣ 6♠ 8♠=8  BANKER(L)  | -2,000원 → 196,550원
H1285 | bet   4,000원 PLAYER | P:A♣ 3♥ 2♠=6  B:K♦ 3♠ Q♣=3  PLAYER(W)  | +4,000원 → 200,550원  [end_win]
H1286 | bet   1,000원 BANKER | P:4♠ 5♦=9  B:3♥ J♠=3  PLAYER(L)  | -1,000원 → 199,550원  [start]
H1287 | bet   2,000원 PLAYER | P:10♠ 6♠=6  B:5♥ K♦ 3♦=8  BANKER(L)  | -2,000원 → 197,550원
H1288 | bet   4,000원 PLAYER | P:Q♥ 7♣=7  B:10♦ 6♥=6  PLAYER(W)  | +4,000원 → 201,550원  [end_win]
H1289 | bet   1,000원 BANKER | P:5♠ A♥=6  B:A♥ 7♦=8  BANKER(W)  | +950원 → 202,500원
H1290 | bet   1,000원 BANKER | P:5♣ A♦=6  B:2♣ A♠ Q♦=3  PLAYER(L)  | -1,000원 → 201,500원  [start]
H1291 | bet   2,000원 PLAYER | P:6♣ 8♥=4  B:9♣ 10♠=9  BANKER(L)  | -2,000원 → 199,500원
H1292 | bet   4,000원 PLAYER | P:2♣ 3♥ 6♠=1  B:6♥ K♠ 7♥=3  BANKER(L)  | -4,000원 → 195,500원
H1293 | bet   8,000원 PLAYER | P:4♣ Q♣ 7♣=1  B:10♣ 3♥ 6♦=9  BANKER(L)  | -8,000원 → 187,500원
H1294 | bet  16,000원 PLAYER | P:4♦ 2♦=6  B:Q♦ 5♣ J♠=5  PLAYER(W)  | +16,000원 → 203,500원  [end_win]
H1295 | bet   1,000원 BANKER | P:K♠ 9♥=9  B:Q♠ K♥=0  PLAYER(L)  | -1,000원 → 202,500원  [start]
H1296 | bet   2,000원 PLAYER | P:Q♣ 9♥=9  B:5♦ 9♣=4  PLAYER(W)  | +2,000원 → 204,500원  [end_win]
H1297 | bet   1,000원 BANKER | P:J♣ J♦ 2♥=2  B:3♦ 10♥ 2♥=5  BANKER(W)  | +950원 → 205,450원
H1298 | bet   1,000원 BANKER | P:Q♦ J♥ 4♣=4  B:4♠ J♥ Q♥=4  TIE(T)  |     0원 → 205,450원
H1299 | bet   1,000원 BANKER | P:9♠ 5♠ 5♥=9  B:2♦ 10♥ A♥=3  PLAYER(L)  | -1,000원 → 204,450원  [start]
H1300 | bet   2,000원 PLAYER | P:K♦ 3♦ J♦=3  B:4♦ J♦=4  BANKER(L)  | -2,000원 → 202,450원
H1301 | bet   4,000원 PLAYER | P:6♥ Q♠=6  B:K♥ 4♥ 2♠=6  TIE(T)  |     0원 → 202,450원
H1302 | bet   4,000원 PLAYER | P:3♣ K♦=3  B:9♠ 9♦=8  BANKER(L)  | -4,000원 → 198,450원
H1303 | bet   8,000원 PLAYER | P:5♠ 2♦=7  B:Q♦ 4♦ 8♠=2  PLAYER(W)  | +8,000원 → 206,450원  [end_win]
H1304 | bet   1,000원 BANKER | P:Q♠ 8♥=8  B:7♠ Q♥=7  PLAYER(L)  | -1,000원 → 205,450원  [start]
H1305 | bet   2,000원 PLAYER | P:5♦ 6♣ 3♠=4  B:A♣ A♣ Q♦=2  PLAYER(W)  | +2,000원 → 207,450원  [end_win]
H1306 | bet   1,000원 BANKER | P:5♠ 10♦ K♠=5  B:3♦ 8♦ 3♣=4  PLAYER(L)  | -1,000원 → 206,450원  [start]
H1307 | bet   2,000원 PLAYER | P:Q♥ 7♥=7  B:6♠ 10♥=6  PLAYER(W)  | +2,000원 → 208,450원  [end_win]
H1308 | bet   1,000원 BANKER | P:10♠ 8♠=8  B:A♣ 3♦=4  PLAYER(L)  | -1,000원 → 207,450원  [start]
H1309 | bet   2,000원 PLAYER | P:8♥ 2♣ 9♣=9  B:10♦ J♥ K♣=0  PLAYER(W)  | +2,000원 → 209,450원  [end_win]
H1310 | bet   1,000원 BANKER | P:K♣ 9♦=9  B:5♥ 8♦=3  PLAYER(L)  | -1,000원 → 208,450원  [start]
H1311 | bet   2,000원 PLAYER | P:8♠ 4♣ 10♠=2  B:A♠ 2♦ Q♣=3  BANKER(L)  | -2,000원 → 206,450원
H1312 | bet   4,000원 PLAYER | P:K♦ 6♦=6  B:3♦ 3♠=6  TIE(T)  |     0원 → 206,450원
H1313 | bet   4,000원 PLAYER | P:J♥ 3♠ 5♥=8  B:6♦ K♠=6  PLAYER(W)  | +4,000원 → 210,450원  [end_win]
H1314 | bet   1,000원 BANKER | P:K♥ 4♥ J♥=4  B:4♣ 6♥ 6♥=6  BANKER(W)  | +950원 → 211,400원
H1315 | bet   1,000원 BANKER | P:6♣ 8♠ 10♣=4  B:K♦ A♦ 6♠=7  BANKER(W)  | +950원 → 212,350원
H1316 | bet   1,000원 BANKER | P:J♠ 5♠ 4♠=9  B:Q♦ 2♣ J♥=2  PLAYER(L)  | -1,000원 → 211,350원  [start]
H1317 | bet   2,000원 PLAYER | P:J♣ 10♠ K♥=0  B:7♥ 6♥ A♠=4  BANKER(L)  | -2,000원 → 209,350원
H1318 | bet   4,000원 PLAYER | P:9♣ 8♠=7  B:6♦ 4♣ 9♠=9  BANKER(L)  | -4,000원 → 205,350원
H1319 | bet   8,000원 PLAYER | P:7♣ J♥=7  B:A♠ 7♣=8  BANKER(L)  | -8,000원 → 197,350원
H1320 | bet  16,000원 PLAYER | P:K♥ 8♥=8  B:10♣ 10♦=0  PLAYER(W)  | +16,000원 → 213,350원  [end_win]
H1321 | bet   1,000원 BANKER | P:Q♣ 4♣ 4♠=8  B:3♦ 10♥ 8♥=1  PLAYER(L)  | -1,000원 → 212,350원  [start]
H1322 | bet   2,000원 PLAYER | P:10♠ K♥=0  B:A♦ 7♠=8  BANKER(L)  | -2,000원 → 210,350원
H1323 | bet   4,000원 PLAYER | P:5♦ 10♥=5  B:9♥ 10♥=9  BANKER(L)  | -4,000원 → 206,350원
H1324 | bet   8,000원 PLAYER | P:5♠ 9♠ 3♣=7  B:3♦ K♠ 4♠=7  TIE(T)  |     0원 → 206,350원
H1325 | bet   8,000원 PLAYER | P:7♥ 7♥=4  B:5♦ 4♥=9  BANKER(L)  | -8,000원 → 198,350원
H1326 | bet  16,000원 PLAYER | P:7♦ J♠=7  B:7♥ 3♣ 7♦=7  TIE(T)  |     0원 → 198,350원
H1327 | bet  16,000원 PLAYER | P:2♥ Q♣ 9♠=1  B:3♦ 9♠ 6♠=8  BANKER(L)  | -16,000원 → 182,350원
H1328 | bet  32,000원 PLAYER | P:K♦ 2♠ 4♥=6  B:5♣ 2♥=7  BANKER(L)  | -32,000원 → 150,350원  [end_giveup]
H1329 | bet   1,000원 BANKER | P:6♣ 2♠=8  B:9♥ 5♣=4  PLAYER(L)  | -1,000원 → 149,350원  [start]
H1330 | bet   2,000원 PLAYER | P:8♣ J♦=8  B:7♣ 10♠=7  PLAYER(W)  | +2,000원 → 151,350원  [end_win]
H1331 | bet   1,000원 BANKER | P:4♦ 9♣ 7♣=0  B:9♦ 7♦ J♣=6  BANKER(W)  | +950원 → 152,300원
H1332 | bet   1,000원 BANKER | P:7♦ 5♣ 8♦=0  B:4♠ 9♣=3  BANKER(W)  | +950원 → 153,250원
H1333 | bet   1,000원 BANKER | P:4♣ Q♥ 3♠=7  B:Q♣ 5♥=5  PLAYER(L)  | -1,000원 → 152,250원  [start]
H1334 | bet   2,000원 PLAYER | P:4♥ Q♠ 3♥=7  B:A♥ K♥ 8♦=9  BANKER(L)  | -2,000원 → 150,250원
H1335 | bet   4,000원 PLAYER | P:Q♠ 7♣=7  B:J♦ 3♦ 10♠=3  PLAYER(W)  | +4,000원 → 154,250원  [end_win]
H1336 | bet   1,000원 BANKER | P:A♣ K♦ 9♥=0  B:K♦ K♣ 6♠=6  BANKER(W)  | +950원 → 155,200원
H1337 | bet   1,000원 BANKER | P:4♣ 7♦ Q♠=1  B:Q♣ A♦ 4♥=5  BANKER(W)  | +950원 → 156,150원
H1338 | bet   1,000원 BANKER | P:10♥ 8♦=8  B:K♣ A♦=1  PLAYER(L)  | -1,000원 → 155,150원  [start]
H1339 | bet   2,000원 PLAYER | P:5♦ 3♠=8  B:7♠ 10♦=7  PLAYER(W)  | +2,000원 → 157,150원  [end_win]
H1340 | bet   1,000원 BANKER | P:3♥ 5♦=8  B:J♥ Q♦=0  PLAYER(L)  | -1,000원 → 156,150원  [start]
H1341 | bet   2,000원 PLAYER | P:4♦ 4♦=8  B:7♠ K♣=7  PLAYER(W)  | +2,000원 → 158,150원  [end_win]
H1342 | bet   1,000원 BANKER | P:6♥ 10♥=6  B:3♣ 8♥ 5♣=6  TIE(T)  |     0원 → 158,150원
H1343 | bet   1,000원 BANKER | P:10♦ 4♣ 10♦=4  B:K♠ 10♣ 8♦=8  BANKER(W)  | +950원 → 159,100원
H1344 | bet   1,000원 BANKER | P:9♠ 3♠ 4♥=6  B:4♦ A♥ 2♥=7  BANKER(W)  | +950원 → 160,050원
H1345 | bet   1,000원 BANKER | P:7♦ 2♠=9  B:3♠ Q♣=3  PLAYER(L)  | -1,000원 → 159,050원  [start]
H1346 | bet   2,000원 PLAYER | P:7♥ A♣=8  B:10♥ 3♦=3  PLAYER(W)  | +2,000원 → 161,050원  [end_win]
H1347 | bet   1,000원 BANKER | P:2♦ 5♥=7  B:6♦ 8♠ K♠=4  PLAYER(L)  | -1,000원 → 160,050원  [start]
H1348 | bet   2,000원 PLAYER | P:J♦ 8♣=8  B:9♦ 6♠=5  PLAYER(W)  | +2,000원 → 162,050원  [end_win]
H1349 | bet   1,000원 BANKER | P:6♠ 2♣=8  B:8♥ 5♥=3  PLAYER(L)  | -1,000원 → 161,050원  [start]
H1350 | bet   2,000원 PLAYER | P:3♣ 7♠ 7♦=7  B:6♥ Q♥ 9♣=5  PLAYER(W)  | +2,000원 → 163,050원  [end_win]
H1351 | bet   1,000원 BANKER | P:10♣ Q♣=0  B:A♣ 7♣=8  BANKER(W)  | +950원 → 164,000원
H1352 | bet   1,000원 BANKER | P:4♠ J♠ 8♥=2  B:Q♥ K♣ A♣=1  PLAYER(L)  | -1,000원 → 163,000원  [start]
H1353 | bet   2,000원 PLAYER | P:J♠ 3♣ J♠=3  B:2♥ J♦ 6♠=8  BANKER(L)  | -2,000원 → 161,000원
H1354 | bet   4,000원 PLAYER | P:2♥ 8♥ 6♦=6  B:K♦ K♣ K♣=0  PLAYER(W)  | +4,000원 → 165,000원  [end_win]
H1355 | bet   1,000원 BANKER | P:7♠ 5♥ 6♣=8  B:5♠ 6♦ K♥=1  PLAYER(L)  | -1,000원 → 164,000원  [start]
H1356 | bet   2,000원 PLAYER | P:3♠ 10♣ 2♥=5  B:10♥ Q♦ Q♥=0  PLAYER(W)  | +2,000원 → 166,000원  [end_win]
H1357 | bet   1,000원 BANKER | P:9♥ J♣=9  B:2♠ J♦=2  PLAYER(L)  | -1,000원 → 165,000원  [start]
H1358 | bet   2,000원 PLAYER | P:2♠ A♥ 5♠=8  B:8♦ 4♠ 10♠=2  PLAYER(W)  | +2,000원 → 167,000원  [end_win]
H1359 | bet   1,000원 BANKER | P:8♠ 9♦=7  B:6♣ 8♣ J♥=4  PLAYER(L)  | -1,000원 → 166,000원  [start]
H1360 | bet   2,000원 PLAYER | P:5♥ 10♣ 10♣=5  B:5♥ 2♠=7  BANKER(L)  | -2,000원 → 164,000원
H1361 | bet   4,000원 PLAYER | P:7♠ 5♠ J♠=2  B:2♣ Q♠ 10♥=2  TIE(T)  |     0원 → 164,000원
H1362 | bet   4,000원 PLAYER | P:3♣ 9♦ 10♦=2  B:8♠ 6♣=4  BANKER(L)  | -4,000원 → 160,000원
H1363 | bet   8,000원 PLAYER | P:2♦ 2♣ 2♣=6  B:A♠ Q♠ 3♥=4  PLAYER(W)  | +8,000원 → 168,000원  [end_win]
H1364 | bet   1,000원 BANKER | P:7♣ 9♦=6  B:10♣ 7♦=7  BANKER(W)  | +950원 → 168,950원
H1365 | bet   1,000원 BANKER | P:5♦ 5♦ K♠=0  B:5♠ 6♣ J♣=1  BANKER(W)  | +950원 → 169,900원
H1366 | bet   1,000원 BANKER | P:4♥ 6♥=0  B:8♦ Q♥=8  BANKER(W)  | +950원 → 170,850원
H1367 | bet   1,000원 BANKER | P:J♣ K♠ K♦=0  B:J♠ K♦ A♥=1  BANKER(W)  | +950원 → 171,800원
H1368 | bet   1,000원 BANKER | P:5♠ 4♦=9  B:2♦ 3♥=5  PLAYER(L)  | -1,000원 → 170,800원  [start]
H1369 | bet   2,000원 PLAYER | P:10♦ 2♠ 7♠=9  B:2♥ 9♣ 3♦=4  PLAYER(W)  | +2,000원 → 172,800원  [end_win]
H1370 | bet   1,000원 BANKER | P:A♠ 3♥ 9♦=3  B:2♣ K♣ 8♦=0  PLAYER(L)  | -1,000원 → 171,800원  [start]
H1371 | bet   2,000원 PLAYER | P:J♣ A♦ 10♦=1  B:10♠ Q♣ 7♥=7  BANKER(L)  | -2,000원 → 169,800원
H1372 | bet   4,000원 PLAYER | P:8♥ 9♠=7  B:A♣ 9♥ A♠=1  PLAYER(W)  | +4,000원 → 173,800원  [end_win]
H1373 | bet   1,000원 BANKER | P:A♥ 9♥ 4♦=4  B:8♣ 7♠ 7♥=2  PLAYER(L)  | -1,000원 → 172,800원  [start]
H1374 | bet   2,000원 PLAYER | P:9♦ Q♥=9  B:6♣ 2♣=8  PLAYER(W)  | +2,000원 → 174,800원  [end_win]
H1375 | bet   1,000원 BANKER | P:8♥ 5♠ 5♣=8  B:2♦ J♣ 8♠=0  PLAYER(L)  | -1,000원 → 173,800원  [start]
H1376 | bet   2,000원 PLAYER | P:8♦ K♠=8  B:5♥ 6♦=1  PLAYER(W)  | +2,000원 → 175,800원  [end_win]
H1377 | bet   1,000원 BANKER | P:3♥ Q♠ 5♣=8  B:A♦ A♥ 8♣=0  PLAYER(L)  | -1,000원 → 174,800원  [start]
H1378 | bet   2,000원 PLAYER | P:9♠ 8♠=7  B:A♦ 2♦ J♠=3  PLAYER(W)  | +2,000원 → 176,800원  [end_win]
H1379 | bet   1,000원 BANKER | P:9♣ 3♣ 9♥=1  B:A♣ 3♣=4  BANKER(W)  | +950원 → 177,750원
H1380 | bet   1,000원 BANKER | P:5♣ 9♣ 7♥=1  B:Q♥ 4♥ 9♦=3  BANKER(W)  | +950원 → 178,700원
H1381 | bet   1,000원 BANKER | P:A♣ J♥ Q♥=1  B:3♥ A♦=4  BANKER(W)  | +950원 → 179,650원
H1382 | bet   1,000원 BANKER | P:3♦ J♣ 8♣=1  B:8♣ 6♥=4  BANKER(W)  | +950원 → 180,600원
H1383 | bet   1,000원 BANKER | P:K♣ Q♦ 4♠=4  B:10♠ J♦ 10♦=0  PLAYER(L)  | -1,000원 → 179,600원  [start]
H1384 | bet   2,000원 PLAYER | P:2♠ 3♥ 3♠=8  B:J♦ Q♦ 6♥=6  PLAYER(W)  | +2,000원 → 181,600원  [end_win]
H1385 | bet   1,000원 BANKER | P:4♦ A♣=5  B:A♥ 8♣=9  BANKER(W)  | +950원 → 182,550원
H1386 | bet   1,000원 BANKER | P:Q♦ Q♦ 2♥=2  B:A♠ 6♠=7  BANKER(W)  | +950원 → 183,500원
H1387 | bet   1,000원 BANKER | P:6♠ 4♠ 9♥=9  B:A♠ 6♣=7  PLAYER(L)  | -1,000원 → 182,500원  [start]
H1388 | bet   2,000원 PLAYER | P:Q♠ 9♠=9  B:9♣ Q♦=9  TIE(T)  |     0원 → 182,500원
H1389 | bet   2,000원 PLAYER | P:2♦ 6♦=8  B:K♠ A♥=1  PLAYER(W)  | +2,000원 → 184,500원  [end_win]
H1390 | bet   1,000원 BANKER | P:10♠ Q♠ 7♥=7  B:5♣ J♣ Q♥=5  PLAYER(L)  | -1,000원 → 183,500원  [start]
H1391 | bet   2,000원 PLAYER | P:K♣ 5♥ 7♣=2  B:10♦ 3♠ 9♣=2  TIE(T)  |     0원 → 183,500원
H1392 | bet   2,000원 PLAYER | P:Q♥ J♥ 3♣=3  B:J♣ 4♠ Q♥=4  BANKER(L)  | -2,000원 → 181,500원
H1393 | bet   4,000원 PLAYER | P:4♠ 2♥=6  B:7♠ Q♦=7  BANKER(L)  | -4,000원 → 177,500원
H1394 | bet   8,000원 PLAYER | P:Q♠ Q♣ 8♣=8  B:6♥ 9♠=5  PLAYER(W)  | +8,000원 → 185,500원  [end_win]
H1395 | bet   1,000원 BANKER | P:7♣ A♥=8  B:9♦ 7♣=6  PLAYER(L)  | -1,000원 → 184,500원  [start]
H1396 | bet   2,000원 PLAYER | P:K♣ A♦ 9♠=0  B:10♥ 4♠=4  BANKER(L)  | -2,000원 → 182,500원
H1397 | bet   4,000원 PLAYER | P:Q♣ 4♦=4  B:8♦ J♥=8  BANKER(L)  | -4,000원 → 178,500원
H1398 | bet   8,000원 PLAYER | P:4♠ 2♦=6  B:8♣ K♥=8  BANKER(L)  | -8,000원 → 170,500원
H1399 | bet  16,000원 PLAYER | P:5♠ J♣ A♠=6  B:8♠ 3♥ Q♥=1  PLAYER(W)  | +16,000원 → 186,500원  [end_win]
H1400 | bet   1,000원 BANKER | P:A♣ 6♣=7  B:Q♦ 3♦ 5♦=8  BANKER(W)  | +950원 → 187,450원
H1401 | bet   1,000원 BANKER | P:6♠ K♥=6  B:9♦ A♥ 2♠=2  PLAYER(L)  | -1,000원 → 186,450원  [start]
H1402 | bet   2,000원 PLAYER | P:4♥ 9♥ 4♣=7  B:10♣ J♠ 7♠=7  TIE(T)  |     0원 → 186,450원
H1403 | bet   2,000원 PLAYER | P:2♠ 4♥=6  B:7♣ 3♥ 6♥=6  TIE(T)  |     0원 → 186,450원
H1404 | bet   2,000원 PLAYER | P:A♦ K♦ 3♦=4  B:A♥ K♦ 10♠=1  PLAYER(W)  | +2,000원 → 188,450원  [end_win]
H1405 | bet   1,000원 BANKER | P:K♦ 3♠ Q♠=3  B:9♦ 8♥=7  BANKER(W)  | +950원 → 189,400원
H1406 | bet   1,000원 BANKER | P:5♦ 2♦=7  B:7♦ 4♣ 3♥=4  PLAYER(L)  | -1,000원 → 188,400원  [start]
H1407 | bet   2,000원 PLAYER | P:8♣ 3♠ A♠=2  B:J♠ A♠ J♦=1  PLAYER(W)  | +2,000원 → 190,400원  [end_win]
H1408 | bet   1,000원 BANKER | P:A♥ 10♠ A♥=2  B:Q♣ 2♣ K♣=2  TIE(T)  |     0원 → 190,400원
H1409 | bet   1,000원 BANKER | P:6♠ 8♥ Q♥=4  B:10♦ A♥ 5♣=6  BANKER(W)  | +950원 → 191,350원
H1410 | bet   1,000원 BANKER | P:Q♥ K♦ 9♣=9  B:9♠ A♦ 3♥=3  PLAYER(L)  | -1,000원 → 190,350원  [start]
H1411 | bet   2,000원 PLAYER | P:7♠ Q♣=7  B:6♣ J♥=6  PLAYER(W)  | +2,000원 → 192,350원  [end_win]
H1412 | bet   1,000원 BANKER | P:7♣ 5♥ 8♦=0  B:J♠ K♠ 3♣=3  BANKER(W)  | +950원 → 193,300원
H1413 | bet   1,000원 BANKER | P:7♦ 5♠=2  B:8♥ 10♥=8  BANKER(W)  | +950원 → 194,250원
H1414 | bet   1,000원 BANKER | P:A♠ Q♣ 9♣=0  B:2♣ A♥ 9♣=2  BANKER(W)  | +950원 → 195,200원
H1415 | bet   1,000원 BANKER | P:A♦ 3♠ 4♦=8  B:3♥ J♣ 3♦=6  PLAYER(L)  | -1,000원 → 194,200원  [start]
H1416 | bet   2,000원 PLAYER | P:5♣ 2♥=7  B:3♥ 8♦ 2♥=3  PLAYER(W)  | +2,000원 → 196,200원  [end_win]
H1417 | bet   1,000원 BANKER | P:5♥ J♦ K♥=5  B:4♦ Q♣=4  PLAYER(L)  | -1,000원 → 195,200원  [start]
H1418 | bet   2,000원 PLAYER | P:9♣ 6♦=5  B:10♥ 8♥=8  BANKER(L)  | -2,000원 → 193,200원
H1419 | bet   4,000원 PLAYER | P:7♠ 6♦ J♦=3  B:5♠ 7♠ 10♣=2  PLAYER(W)  | +4,000원 → 197,200원  [end_win]
H1420 | bet   1,000원 BANKER | P:9♥ 7♦=6  B:3♣ 4♣=7  BANKER(W)  | +950원 → 198,150원
H1421 | bet   1,000원 BANKER | P:10♣ 10♣ 10♠=0  B:K♠ Q♦ 9♠=9  BANKER(W)  | +950원 → 199,100원
H1422 | bet   1,000원 BANKER | P:K♥ 8♥=8  B:A♠ 2♦=3  PLAYER(L)  | -1,000원 → 198,100원  [start]
H1423 | bet   2,000원 PLAYER | P:8♣ 10♥=8  B:K♥ 5♠=5  PLAYER(W)  | +2,000원 → 200,100원  [end_win]
H1424 | bet   1,000원 BANKER | P:6♠ 9♦ K♣=5  B:7♥ 4♠ 10♥=1  PLAYER(L)  | -1,000원 → 199,100원  [start]
H1425 | bet   2,000원 PLAYER | P:9♠ A♣=0  B:8♠ J♠=8  BANKER(L)  | -2,000원 → 197,100원
H1426 | bet   4,000원 PLAYER | P:4♥ 2♠=6  B:Q♣ 9♥=9  BANKER(L)  | -4,000원 → 193,100원
H1427 | bet   8,000원 PLAYER | P:6♦ 4♠ 7♣=7  B:A♣ A♣ 10♠=2  PLAYER(W)  | +8,000원 → 201,100원  [end_win]
H1428 | bet   1,000원 BANKER | P:Q♠ 2♣ 10♦=2  B:10♥ J♣ 9♠=9  BANKER(W)  | +950원 → 202,050원
H1429 | bet   1,000원 BANKER | P:6♥ 4♠ K♦=0  B:A♣ 9♦ 2♦=2  BANKER(W)  | +950원 → 203,000원
H1430 | bet   1,000원 BANKER | P:7♥ 2♣=9  B:Q♥ 3♦=3  PLAYER(L)  | -1,000원 → 202,000원  [start]
H1431 | bet   2,000원 PLAYER | P:5♥ 8♠ 8♥=1  B:7♠ J♦=7  BANKER(L)  | -2,000원 → 200,000원
H1432 | bet   4,000원 PLAYER | P:10♦ 9♣=9  B:5♥ 4♣=9  TIE(T)  |     0원 → 200,000원
H1433 | bet   4,000원 PLAYER | P:9♦ Q♦=9  B:4♦ 5♣=9  TIE(T)  |     0원 → 200,000원
H1434 | bet   4,000원 PLAYER | P:4♥ 10♦ 2♦=6  B:9♣ 3♠ 5♠=7  BANKER(L)  | -4,000원 → 196,000원
H1435 | bet   8,000원 PLAYER | P:5♦ Q♦ 5♣=0  B:6♣ Q♥=6  BANKER(L)  | -8,000원 → 188,000원
H1436 | bet  16,000원 PLAYER | P:2♥ 3♣=5  B:2♦ 6♦=8  BANKER(L)  | -16,000원 → 172,000원
H1437 | bet  32,000원 PLAYER | P:A♥ 4♦ 8♠=3  B:10♠ 4♥=4  BANKER(L)  | -32,000원 → 140,000원  [end_giveup]
H1438 | bet   1,000원 BANKER | P:A♠ 5♠=6  B:5♦ 2♠=7  BANKER(W)  | +950원 → 140,950원
H1439 | bet   1,000원 BANKER | P:7♦ 3♦ A♦=1  B:2♠ J♦ A♠=3  BANKER(W)  | +950원 → 141,900원
H1440 | bet   1,000원 BANKER | P:6♥ K♣=6  B:4♦ 10♦ 8♠=2  PLAYER(L)  | -1,000원 → 140,900원  [start]
H1441 | bet   2,000원 PLAYER | P:8♣ Q♠=8  B:7♦ Q♦=7  PLAYER(W)  | +2,000원 → 142,900원  [end_win]
H1442 | bet   1,000원 BANKER | P:4♦ 10♥ 2♠=6  B:5♦ 7♥ 7♦=9  BANKER(W)  | +950원 → 143,850원
H1443 | bet   1,000원 BANKER | P:3♥ 6♣=9  B:J♥ J♣=0  PLAYER(L)  | -1,000원 → 142,850원  [start]
H1444 | bet   2,000원 PLAYER | P:J♠ 2♠ 3♣=5  B:A♦ 3♣ J♥=4  PLAYER(W)  | +2,000원 → 144,850원  [end_win]
H1445 | bet   1,000원 BANKER | P:J♦ 9♠=9  B:3♦ 4♣=7  PLAYER(L)  | -1,000원 → 143,850원  [start]
H1446 | bet   2,000원 PLAYER | P:8♦ 3♠ 6♦=7  B:6♠ K♠ 2♥=8  BANKER(L)  | -2,000원 → 141,850원
H1447 | bet   4,000원 PLAYER | P:7♣ 6♦=3  B:7♠ A♣=8  BANKER(L)  | -4,000원 → 137,850원
H1448 | bet   8,000원 PLAYER | P:6♥ K♥=6  B:4♣ 8♠ 4♣=6  TIE(T)  |     0원 → 137,850원
H1449 | bet   8,000원 PLAYER | P:4♥ 6♠ 5♣=5  B:K♠ 6♣=6  BANKER(L)  | -8,000원 → 129,850원
H1450 | bet  16,000원 PLAYER | P:J♦ K♣ 8♦=8  B:K♦ K♦ 9♦=9  BANKER(L)  | -16,000원 → 113,850원
H1451 | bet  32,000원 PLAYER | P:2♥ 8♦=0  B:K♠ 9♥=9  BANKER(L)  | -32,000원 → 81,850원  [end_giveup]
H1452 | bet   1,000원 BANKER | P:6♦ 5♣=1  B:J♣ 9♣=9  BANKER(W)  | +950원 → 82,800원
H1453 | bet   1,000원 BANKER | P:6♦ Q♠=6  B:2♣ 9♥ 6♠=7  BANKER(W)  | +950원 → 83,750원
H1454 | bet   1,000원 BANKER | P:K♣ 9♠=9  B:9♦ Q♠=9  TIE(T)  |     0원 → 83,750원
H1455 | bet   1,000원 BANKER | P:K♥ 2♣=2  B:3♦ 6♣=9  BANKER(W)  | +950원 → 84,700원
H1456 | bet   1,000원 BANKER | P:10♠ 3♣ 6♠=9  B:7♥ 9♥ 4♠=0  PLAYER(L)  | -1,000원 → 83,700원  [start]
H1457 | bet   2,000원 PLAYER | P:6♣ 7♥ J♠=3  B:10♦ A♦ A♦=2  PLAYER(W)  | +2,000원 → 85,700원  [end_win]
H1458 | bet   1,000원 BANKER | P:8♦ K♣=8  B:8♦ J♠=8  TIE(T)  |     0원 → 85,700원
H1459 | bet   1,000원 BANKER | P:J♠ 7♦=7  B:5♦ 7♥ 2♥=4  PLAYER(L)  | -1,000원 → 84,700원  [start]
H1460 | bet   2,000원 PLAYER | P:A♠ 9♥ K♦=0  B:2♦ 8♣ J♦=0  TIE(T)  |     0원 → 84,700원
H1461 | bet   2,000원 PLAYER | P:3♠ 5♦=8  B:5♠ 7♥=2  PLAYER(W)  | +2,000원 → 86,700원  [end_win]
H1462 | bet   1,000원 BANKER | P:Q♠ 8♠=8  B:Q♣ 3♦=3  PLAYER(L)  | -1,000원 → 85,700원  [start]
H1463 | bet   2,000원 PLAYER | P:10♠ 6♥=6  B:J♥ A♣ 6♠=7  BANKER(L)  | -2,000원 → 83,700원
H1464 | bet   4,000원 PLAYER | P:8♥ 3♣=1  B:10♣ 8♣=8  BANKER(L)  | -4,000원 → 79,700원
H1465 | bet   8,000원 PLAYER | P:10♣ 10♣ K♠=0  B:5♦ 6♣ Q♦=1  BANKER(L)  | -8,000원 → 71,700원
H1466 | bet  16,000원 PLAYER | P:2♣ 8♠ 9♥=9  B:4♥ 2♥=6  PLAYER(W)  | +16,000원 → 87,700원  [end_win]
H1467 | bet   1,000원 BANKER | P:2♣ 5♥=7  B:K♥ 4♣ 4♥=8  BANKER(W)  | +950원 → 88,650원
H1468 | bet   1,000원 BANKER | P:4♦ 5♥=9  B:8♣ 8♥=6  PLAYER(L)  | -1,000원 → 87,650원  [start]
H1469 | bet   2,000원 PLAYER | P:6♥ 7♠ 2♠=5  B:2♦ J♥ K♠=2  PLAYER(W)  | +2,000원 → 89,650원  [end_win]
H1470 | bet   1,000원 BANKER | P:3♥ Q♦ J♥=3  B:A♣ 10♦ 5♠=6  BANKER(W)  | +950원 → 90,600원
H1471 | bet   1,000원 BANKER | P:10♦ 8♣=8  B:A♥ K♣=1  PLAYER(L)  | -1,000원 → 89,600원  [start]
H1472 | bet   2,000원 PLAYER | P:A♥ K♠=1  B:9♠ K♠=9  BANKER(L)  | -2,000원 → 87,600원
H1473 | bet   4,000원 PLAYER | P:K♦ 10♦ A♥=1  B:10♥ J♦ 10♦=0  PLAYER(W)  | +4,000원 → 91,600원  [end_win]
H1474 | bet   1,000원 BANKER | P:4♣ 2♠=6  B:Q♣ 4♠ 5♦=9  BANKER(W)  | +950원 → 92,550원
H1475 | bet   1,000원 BANKER | P:A♦ A♥ 9♣=1  B:6♥ 8♠=4  BANKER(W)  | +950원 → 93,500원
H1476 | bet   1,000원 BANKER | P:5♥ K♣=5  B:8♥ 10♦=8  BANKER(W)  | +950원 → 94,450원
H1477 | bet   1,000원 BANKER | P:8♦ 3♥ 3♦=4  B:Q♦ 3♦ 2♠=5  BANKER(W)  | +950원 → 95,400원
H1478 | bet   1,000원 BANKER | P:K♠ 8♣=8  B:2♣ 7♣=9  BANKER(W)  | +950원 → 96,350원
H1479 | bet   1,000원 BANKER | P:9♦ 10♠=9  B:10♠ 6♥=6  PLAYER(L)  | -1,000원 → 95,350원  [start]
H1480 | bet   2,000원 PLAYER | P:7♦ 2♠=9  B:10♠ 3♥=3  PLAYER(W)  | +2,000원 → 97,350원  [end_win]
H1481 | bet   1,000원 BANKER | P:Q♣ 7♦=7  B:J♦ J♦ J♠=0  PLAYER(L)  | -1,000원 → 96,350원  [start]
H1482 | bet   2,000원 PLAYER | P:5♣ J♣ A♣=6  B:5♦ 2♣=7  BANKER(L)  | -2,000원 → 94,350원
H1483 | bet   4,000원 PLAYER | P:4♣ 3♠=7  B:5♦ J♥ 4♦=9  BANKER(L)  | -4,000원 → 90,350원
H1484 | bet   8,000원 PLAYER | P:A♦ 4♥ 10♥=5  B:9♣ 6♦=5  TIE(T)  |     0원 → 90,350원
H1485 | bet   8,000원 PLAYER | P:A♠ 5♦=6  B:K♥ Q♠ K♦=0  PLAYER(W)  | +8,000원 → 98,350원  [end_win]
H1486 | bet   1,000원 BANKER | P:5♦ J♣ K♠=5  B:K♦ A♥ Q♣=1  PLAYER(L)  | -1,000원 → 97,350원  [start]
H1487 | bet   2,000원 PLAYER | P:3♦ 3♠=6  B:6♦ 2♠=8  BANKER(L)  | -2,000원 → 95,350원
H1488 | bet   4,000원 PLAYER | P:Q♥ Q♥ 5♣=5  B:K♥ 10♥ 3♦=3  PLAYER(W)  | +4,000원 → 99,350원  [end_win]
H1489 | bet   1,000원 BANKER | P:J♥ 4♥ J♣=4  B:6♥ 6♦ J♦=2  PLAYER(L)  | -1,000원 → 98,350원  [start]
H1490 | bet   2,000원 PLAYER | P:4♥ 6♥ 8♠=8  B:A♦ K♥ 7♠=8  TIE(T)  |     0원 → 98,350원
H1491 | bet   2,000원 PLAYER | P:10♠ 10♥ A♠=1  B:6♦ 9♥=5  BANKER(L)  | -2,000원 → 96,350원
H1492 | bet   4,000원 PLAYER | P:7♦ 4♠ 5♠=6  B:9♦ 3♠ 2♥=4  PLAYER(W)  | +4,000원 → 100,350원  [end_win]
H1493 | bet   1,000원 BANKER | P:6♣ A♠=7  B:9♦ 3♦ 6♥=8  BANKER(W)  | +950원 → 101,300원
H1494 | bet   1,000원 BANKER | P:2♥ 3♣ J♦=5  B:8♠ 8♠=6  BANKER(W)  | +950원 → 102,250원
H1495 | bet   1,000원 BANKER | P:J♠ 6♣=6  B:3♣ Q♥ 8♥=1  PLAYER(L)  | -1,000원 → 101,250원  [start]
H1496 | bet   2,000원 PLAYER | P:5♥ 8♠ 6♦=9  B:Q♦ A♦ K♠=1  PLAYER(W)  | +2,000원 → 103,250원  [end_win]
H1497 | bet   1,000원 BANKER | P:5♠ Q♥ 5♠=0  B:6♠ 7♣ 5♠=8  BANKER(W)  | +950원 → 104,200원
H1498 | bet   1,000원 BANKER | P:3♥ 3♠=6  B:2♠ 8♦ 10♠=0  PLAYER(L)  | -1,000원 → 103,200원  [start]
H1499 | bet   2,000원 PLAYER | P:A♣ Q♣=1  B:Q♥ 8♦=8  BANKER(L)  | -2,000원 → 101,200원
H1500 | bet   4,000원 PLAYER | P:4♣ 3♠=7  B:2♣ 3♣ A♥=6  PLAYER(W)  | +4,000원 → 105,200원  [end_win]
H1501 | bet   1,000원 BANKER | P:6♦ 7♦ 6♦=9  B:K♣ 4♥ 10♥=4  PLAYER(L)  | -1,000원 → 104,200원  [start]
H1502 | bet   2,000원 PLAYER | P:9♥ 9♠=8  B:7♦ 9♠=6  PLAYER(W)  | +2,000원 → 106,200원  [end_win]
H1503 | bet   1,000원 BANKER | P:7♥ 9♣=6  B:Q♥ 9♣=9  BANKER(W)  | +950원 → 107,150원
H1504 | bet   1,000원 BANKER | P:10♥ 4♦ 10♥=4  B:4♦ 10♣=4  TIE(T)  |     0원 → 107,150원
H1505 | bet   1,000원 BANKER | P:Q♥ 6♠=6  B:7♠ 9♦=6  TIE(T)  |     0원 → 107,150원
H1506 | bet   1,000원 BANKER | P:7♥ 3♥ 9♦=9  B:3♣ 2♦=5  PLAYER(L)  | -1,000원 → 106,150원  [start]
H1507 | bet   2,000원 PLAYER | P:5♥ 6♠ K♦=1  B:7♦ J♠=7  BANKER(L)  | -2,000원 → 104,150원
H1508 | bet   4,000원 PLAYER | P:A♣ 6♠=7  B:4♣ 3♦=7  TIE(T)  |     0원 → 104,150원
H1509 | bet   4,000원 PLAYER | P:J♠ 7♥=7  B:2♣ 4♣=6  PLAYER(W)  | +4,000원 → 108,150원  [end_win]
H1510 | bet   1,000원 BANKER | P:K♦ K♦ 2♦=2  B:K♥ 4♠ 3♠=7  BANKER(W)  | +950원 → 109,100원
H1511 | bet   1,000원 BANKER | P:10♠ Q♠ 10♣=0  B:J♥ 5♥=5  BANKER(W)  | +950원 → 110,050원
H1512 | bet   1,000원 BANKER | P:A♠ J♠ 8♠=9  B:8♠ 2♦ 3♣=3  PLAYER(L)  | -1,000원 → 109,050원  [start]
H1513 | bet   2,000원 PLAYER | P:J♠ 8♥=8  B:5♣ 4♣=9  BANKER(L)  | -2,000원 → 107,050원
H1514 | bet   4,000원 PLAYER | P:8♥ 5♣ J♥=3  B:J♣ 10♦ 7♣=7  BANKER(L)  | -4,000원 → 103,050원
H1515 | bet   8,000원 PLAYER | P:8♠ 8♦=6  B:K♥ 9♠=9  BANKER(L)  | -8,000원 → 95,050원
H1516 | bet  16,000원 PLAYER | P:5♠ 9♦ 5♠=9  B:10♣ 6♥=6  PLAYER(W)  | +16,000원 → 111,050원  [end_win]
H1517 | bet   1,000원 BANKER | P:K♥ A♣=1  B:9♠ J♥=9  BANKER(W)  | +950원 → 112,000원
H1518 | bet   1,000원 BANKER | P:A♥ 7♣=8  B:3♥ 5♥=8  TIE(T)  |     0원 → 112,000원
H1519 | bet   1,000원 BANKER | P:6♠ 5♦ 4♥=5  B:7♣ J♥=7  BANKER(W)  | +950원 → 112,950원
H1520 | bet   1,000원 BANKER | P:J♣ 2♥ 2♣=4  B:10♣ 4♦ 8♣=2  PLAYER(L)  | -1,000원 → 111,950원  [start]
H1521 | bet   2,000원 PLAYER | P:9♥ 10♣=9  B:4♠ 3♣=7  PLAYER(W)  | +2,000원 → 113,950원  [end_win]
H1522 | bet   1,000원 BANKER | P:10♣ 8♦=8  B:A♥ A♣=2  PLAYER(L)  | -1,000원 → 112,950원  [start]
H1523 | bet   2,000원 PLAYER | P:2♣ 5♣=7  B:Q♦ 6♣=6  PLAYER(W)  | +2,000원 → 114,950원  [end_win]
H1524 | bet   1,000원 BANKER | P:5♥ 2♦=7  B:2♠ 4♠=6  PLAYER(L)  | -1,000원 → 113,950원  [start]
H1525 | bet   2,000원 PLAYER | P:7♦ 6♥ A♠=4  B:5♣ Q♣=5  BANKER(L)  | -2,000원 → 111,950원
H1526 | bet   4,000원 PLAYER | P:5♥ 2♣=7  B:6♣ 3♥=9  BANKER(L)  | -4,000원 → 107,950원
H1527 | bet   8,000원 PLAYER | P:10♠ 7♠=7  B:4♥ 7♣ 8♥=9  BANKER(L)  | -8,000원 → 99,950원
H1528 | bet  16,000원 PLAYER | P:7♥ Q♠=7  B:4♠ K♥ 6♣=0  PLAYER(W)  | +16,000원 → 115,950원  [end_win]
H1529 | bet   1,000원 BANKER | P:J♦ 5♥=5  B:9♦ J♦=9  BANKER(W)  | +950원 → 116,900원
H1530 | bet   1,000원 BANKER | P:A♦ 8♣=9  B:7♥ 2♥=9  TIE(T)  |     0원 → 116,900원
H1531 | bet   1,000원 BANKER | P:K♠ 2♥=2  B:9♥ 10♣=9  BANKER(W)  | +950원 → 117,850원
H1532 | bet   1,000원 BANKER | P:J♣ 9♣=9  B:2♦ A♦=3  PLAYER(L)  | -1,000원 → 116,850원  [start]
H1533 | bet   2,000원 PLAYER | P:Q♦ 2♦ 3♣=5  B:9♥ 8♥=7  BANKER(L)  | -2,000원 → 114,850원
H1534 | bet   4,000원 PLAYER | P:J♠ Q♣ A♠=1  B:Q♣ K♣ 3♠=3  BANKER(L)  | -4,000원 → 110,850원
H1535 | bet   8,000원 PLAYER | P:8♥ 2♦ Q♦=0  B:5♠ 7♠ Q♠=2  BANKER(L)  | -8,000원 → 102,850원
H1536 | bet  16,000원 PLAYER | P:A♣ Q♥=1  B:8♣ 10♥=8  BANKER(L)  | -16,000원 → 86,850원
H1537 | bet  32,000원 PLAYER | P:9♠ 9♥=8  B:K♠ 2♥=2  PLAYER(W)  | +32,000원 → 118,850원  [end_win]
H1538 | bet   1,000원 BANKER | P:3♦ 3♥=6  B:4♣ 9♣ 9♣=2  PLAYER(L)  | -1,000원 → 117,850원  [start]
H1539 | bet   2,000원 PLAYER | P:4♦ K♦=4  B:5♠ 4♦=9  BANKER(L)  | -2,000원 → 115,850원
H1540 | bet   4,000원 PLAYER | P:K♣ 7♦=7  B:7♣ 6♣ 6♦=9  BANKER(L)  | -4,000원 → 111,850원
H1541 | bet   8,000원 PLAYER | P:4♦ 2♦=6  B:4♦ 6♠ 8♣=8  BANKER(L)  | -8,000원 → 103,850원
H1542 | bet  16,000원 PLAYER | P:3♣ 9♥ 4♣=6  B:A♠ 4♥ K♣=5  PLAYER(W)  | +16,000원 → 119,850원  [end_win]
H1543 | bet   1,000원 BANKER | P:K♥ 6♣=6  B:7♣ 7♠ K♣=4  PLAYER(L)  | -1,000원 → 118,850원  [start]
H1544 | bet   2,000원 PLAYER | P:K♣ A♦ Q♦=1  B:4♥ 7♥ A♦=2  BANKER(L)  | -2,000원 → 116,850원
H1545 | bet   4,000원 PLAYER | P:A♣ Q♣ 6♣=7  B:2♣ 8♦ J♦=0  PLAYER(W)  | +4,000원 → 120,850원  [end_win]
H1546 | bet   1,000원 BANKER | P:9♣ Q♠=9  B:5♣ 7♥=2  PLAYER(L)  | -1,000원 → 119,850원  [start]
H1547 | bet   2,000원 PLAYER | P:9♠ 2♥=1  B:7♠ A♠=8  BANKER(L)  | -2,000원 → 117,850원
H1548 | bet   4,000원 PLAYER | P:8♥ Q♦=8  B:10♦ 10♦=0  PLAYER(W)  | +4,000원 → 121,850원  [end_win]
H1549 | bet   1,000원 BANKER | P:6♠ J♣=6  B:2♠ 8♦ K♦=0  PLAYER(L)  | -1,000원 → 120,850원  [start]
H1550 | bet   2,000원 PLAYER | P:8♣ 7♠ Q♠=5  B:10♣ Q♠ Q♦=0  PLAYER(W)  | +2,000원 → 122,850원  [end_win]
H1551 | bet   1,000원 BANKER | P:10♦ 4♠ 5♣=9  B:J♠ 6♥=6  PLAYER(L)  | -1,000원 → 121,850원  [start]
H1552 | bet   2,000원 PLAYER | P:5♦ 3♦=8  B:8♦ 9♦=7  PLAYER(W)  | +2,000원 → 123,850원  [end_win]
H1553 | bet   1,000원 BANKER | P:4♠ 9♠ K♠=3  B:6♠ 10♠=6  BANKER(W)  | +950원 → 124,800원
H1554 | bet   1,000원 BANKER | P:5♦ Q♦ 9♥=4  B:5♥ 8♣ 4♥=7  BANKER(W)  | +950원 → 125,750원
H1555 | bet   1,000원 BANKER | P:Q♠ 9♠=9  B:6♠ 3♠=9  TIE(T)  |     0원 → 125,750원
H1556 | bet   1,000원 BANKER | P:K♠ 2♦ 4♦=6  B:3♠ Q♣ 5♣=8  BANKER(W)  | +950원 → 126,700원
H1557 | bet   1,000원 BANKER | P:4♥ K♥ K♣=4  B:4♠ 10♦=4  TIE(T)  |     0원 → 126,700원
H1558 | bet   1,000원 BANKER | P:5♥ 10♦ K♠=5  B:2♣ 8♠ 7♥=7  BANKER(W)  | +950원 → 127,650원
H1559 | bet   1,000원 BANKER | P:10♠ 6♠=6  B:10♣ 3♣ 6♠=9  BANKER(W)  | +950원 → 128,600원
H1560 | bet   1,000원 BANKER | P:9♠ K♠=9  B:8♣ 6♥=4  PLAYER(L)  | -1,000원 → 127,600원  [start]
H1561 | bet   2,000원 PLAYER | P:7♣ 8♥ 7♠=2  B:4♠ K♣ 2♠=6  BANKER(L)  | -2,000원 → 125,600원
H1562 | bet   4,000원 PLAYER | P:8♦ 10♠=8  B:7♥ 2♠=9  BANKER(L)  | -4,000원 → 121,600원
H1563 | bet   8,000원 PLAYER | P:6♦ 4♥ 7♠=7  B:A♠ 4♦ J♠=5  PLAYER(W)  | +8,000원 → 129,600원  [end_win]
H1564 | bet   1,000원 BANKER | P:8♣ 9♦=7  B:2♦ A♠ K♥=3  PLAYER(L)  | -1,000원 → 128,600원  [start]
H1565 | bet   2,000원 PLAYER | P:9♥ A♠ 9♠=9  B:4♥ 3♥=7  PLAYER(W)  | +2,000원 → 130,600원  [end_win]
H1566 | bet   1,000원 BANKER | P:2♣ 4♦=6  B:A♣ 4♣ Q♠=5  PLAYER(L)  | -1,000원 → 129,600원  [start]
H1567 | bet   2,000원 PLAYER | P:8♠ 10♥=8  B:A♣ 8♥=9  BANKER(L)  | -2,000원 → 127,600원
H1568 | bet   4,000원 PLAYER | P:2♣ 6♣=8  B:Q♣ 4♠=4  PLAYER(W)  | +4,000원 → 131,600원  [end_win]
H1569 | bet   1,000원 BANKER | P:6♦ 6♦=2  B:2♠ 6♠=8  BANKER(W)  | +950원 → 132,550원
H1570 | bet   1,000원 BANKER | P:K♥ 10♠ 7♠=7  B:6♠ A♥=7  TIE(T)  |     0원 → 132,550원
H1571 | bet   1,000원 BANKER | P:A♦ 3♠=4  B:8♥ A♦=9  BANKER(W)  | +950원 → 133,500원
H1572 | bet   1,000원 BANKER | P:9♠ 2♥ 7♦=8  B:10♦ 10♣ 3♣=3  PLAYER(L)  | -1,000원 → 132,500원  [start]
H1573 | bet   2,000원 PLAYER | P:9♣ K♦=9  B:8♥ 5♥=3  PLAYER(W)  | +2,000원 → 134,500원  [end_win]
H1574 | bet   1,000원 BANKER | P:6♣ 4♦ 10♣=0  B:4♠ Q♠=4  BANKER(W)  | +950원 → 135,450원
H1575 | bet   1,000원 BANKER | P:J♣ 7♦=7  B:7♣ A♣=8  BANKER(W)  | +950원 → 136,400원
H1576 | bet   1,000원 BANKER | P:2♦ 3♠ K♠=5  B:7♣ K♠=7  BANKER(W)  | +950원 → 137,350원
H1577 | bet   1,000원 BANKER | P:Q♦ J♣=0  B:2♦ 7♥=9  BANKER(W)  | +950원 → 138,300원
H1578 | bet   1,000원 BANKER | P:9♣ Q♥=9  B:2♦ A♠=3  PLAYER(L)  | -1,000원 → 137,300원  [start]
H1579 | bet   2,000원 PLAYER | P:K♥ 5♠ 5♦=0  B:8♣ 9♥=7  BANKER(L)  | -2,000원 → 135,300원
H1580 | bet   4,000원 PLAYER | P:5♥ 5♦ 2♥=2  B:3♣ Q♥ J♥=3  BANKER(L)  | -4,000원 → 131,300원
H1581 | bet   8,000원 PLAYER | P:8♦ 5♦ 3♥=6  B:5♠ 5♦ K♠=0  PLAYER(W)  | +8,000원 → 139,300원  [end_win]
H1582 | bet   1,000원 BANKER | P:Q♣ 9♣=9  B:10♥ 6♥=6  PLAYER(L)  | -1,000원 → 138,300원  [start]
H1583 | bet   2,000원 PLAYER | P:2♣ 2♣ 8♦=2  B:J♥ 3♦=3  BANKER(L)  | -2,000원 → 136,300원
H1584 | bet   4,000원 PLAYER | P:3♦ 7♠ J♦=0  B:J♠ 4♦=4  BANKER(L)  | -4,000원 → 132,300원
H1585 | bet   8,000원 PLAYER | P:9♣ 4♠ Q♥=3  B:6♠ 9♦=5  BANKER(L)  | -8,000원 → 124,300원
H1586 | bet  16,000원 PLAYER | P:5♥ J♠ 6♣=1  B:9♠ 8♠=7  BANKER(L)  | -16,000원 → 108,300원
H1587 | bet  32,000원 PLAYER | P:A♣ 7♥=8  B:5♣ 3♦=8  TIE(T)  |     0원 → 108,300원
H1588 | bet  32,000원 PLAYER | P:8♠ Q♠=8  B:4♥ 10♥=4  PLAYER(W)  | +32,000원 → 140,300원  [end_win]
H1589 | bet   1,000원 BANKER | P:J♣ 5♣ Q♦=5  B:3♥ A♦=4  PLAYER(L)  | -1,000원 → 139,300원  [start]
H1590 | bet   2,000원 PLAYER | P:J♥ 3♠ 2♥=5  B:9♦ 5♠ 8♥=2  PLAYER(W)  | +2,000원 → 141,300원  [end_win]
H1591 | bet   1,000원 BANKER | P:K♠ 3♥ Q♠=3  B:7♠ 4♠ 2♦=3  TIE(T)  |     0원 → 141,300원
H1592 | bet   1,000원 BANKER | P:K♣ 8♥=8  B:4♥ 7♦=1  PLAYER(L)  | -1,000원 → 140,300원  [start]
H1593 | bet   2,000원 PLAYER | P:A♣ 7♦=8  B:A♦ 6♣=7  PLAYER(W)  | +2,000원 → 142,300원  [end_win]
H1594 | bet   1,000원 BANKER | P:3♠ 10♦ 2♠=5  B:K♦ 10♦ K♦=0  PLAYER(L)  | -1,000원 → 141,300원  [start]
H1595 | bet   2,000원 PLAYER | P:J♣ J♠ 8♥=8  B:J♣ 10♠ A♥=1  PLAYER(W)  | +2,000원 → 143,300원  [end_win]
H1596 | bet   1,000원 BANKER | P:A♠ 4♣ 3♦=8  B:6♦ 10♥=6  PLAYER(L)  | -1,000원 → 142,300원  [start]
H1597 | bet   2,000원 PLAYER | P:9♦ 9♠=8  B:8♥ 2♠=0  PLAYER(W)  | +2,000원 → 144,300원  [end_win]
H1598 | bet   1,000원 BANKER | P:7♥ J♦=7  B:Q♦ A♣ Q♥=1  PLAYER(L)  | -1,000원 → 143,300원  [start]
H1599 | bet   2,000원 PLAYER | P:6♥ 7♦ Q♦=3  B:Q♦ 10♦ 3♠=3  TIE(T)  |     0원 → 143,300원
H1600 | bet   2,000원 PLAYER | P:J♥ 9♦=9  B:4♣ 2♥=6  PLAYER(W)  | +2,000원 → 145,300원  [end_win]
H1601 | bet   1,000원 BANKER | P:J♣ 9♦=9  B:6♣ 10♠=6  PLAYER(L)  | -1,000원 → 144,300원  [start]
H1602 | bet   2,000원 PLAYER | P:Q♦ 6♦=6  B:J♣ Q♥ 10♥=0  PLAYER(W)  | +2,000원 → 146,300원  [end_win]
H1603 | bet   1,000원 BANKER | P:9♣ A♥ 3♥=3  B:6♦ 4♦ J♦=0  PLAYER(L)  | -1,000원 → 145,300원  [start]
H1604 | bet   2,000원 PLAYER | P:8♦ J♥=8  B:6♦ 7♠=3  PLAYER(W)  | +2,000원 → 147,300원  [end_win]
H1605 | bet   1,000원 BANKER | P:A♥ 3♦ 5♠=9  B:J♠ A♥ K♦=1  PLAYER(L)  | -1,000원 → 146,300원  [start]
H1606 | bet   2,000원 PLAYER | P:A♣ 4♥ 8♠=3  B:5♦ K♦=5  BANKER(L)  | -2,000원 → 144,300원
H1607 | bet   4,000원 PLAYER | P:10♣ K♠ 2♠=2  B:10♣ J♦ J♦=0  PLAYER(W)  | +4,000원 → 148,300원  [end_win]
H1608 | bet   1,000원 BANKER | P:10♠ 3♥=3  B:9♥ K♣=9  BANKER(W)  | +950원 → 149,250원
H1609 | bet   1,000원 BANKER | P:8♦ 7♦ 3♦=8  B:7♦ 7♣ A♣=5  PLAYER(L)  | -1,000원 → 148,250원  [start]
H1610 | bet   2,000원 PLAYER | P:A♠ 5♠=6  B:9♦ 8♣=7  BANKER(L)  | -2,000원 → 146,250원
H1611 | bet   4,000원 PLAYER | P:10♦ 2♣=2  B:4♦ 5♥=9  BANKER(L)  | -4,000원 → 142,250원
H1612 | bet   8,000원 PLAYER | P:A♦ 10♥ 6♦=7  B:8♠ 8♦ 8♦=4  PLAYER(W)  | +8,000원 → 150,250원  [end_win]
H1613 | bet   1,000원 BANKER | P:7♦ 2♠=9  B:9♣ 8♠=7  PLAYER(L)  | -1,000원 → 149,250원  [start]
H1614 | bet   2,000원 PLAYER | P:2♠ 3♣ 7♣=2  B:9♠ 8♦=7  BANKER(L)  | -2,000원 → 147,250원
H1615 | bet   4,000원 PLAYER | P:2♥ 5♣=7  B:K♥ Q♠ 6♥=6  PLAYER(W)  | +4,000원 → 151,250원  [end_win]
H1616 | bet   1,000원 BANKER | P:9♠ A♦ Q♥=0  B:8♣ 7♠=5  BANKER(W)  | +950원 → 152,200원
H1617 | bet   1,000원 BANKER | P:K♥ Q♥ 4♣=4  B:3♦ 8♣ 8♣=9  BANKER(W)  | +950원 → 153,150원
H1618 | bet   1,000원 BANKER | P:10♣ 4♠ 6♥=0  B:2♥ 10♣ J♥=2  BANKER(W)  | +950원 → 154,100원
H1619 | bet   1,000원 BANKER | P:9♣ 9♥=8  B:6♣ J♥=6  PLAYER(L)  | -1,000원 → 153,100원  [start]
H1620 | bet   2,000원 PLAYER | P:4♠ Q♣ A♠=5  B:10♠ 3♣ 5♦=8  BANKER(L)  | -2,000원 → 151,100원
H1621 | bet   4,000원 PLAYER | P:Q♣ 7♣=7  B:3♣ 7♥ J♥=0  PLAYER(W)  | +4,000원 → 155,100원  [end_win]
H1622 | bet   1,000원 BANKER | P:5♣ K♦ 5♠=0  B:J♠ 4♦ K♦=4  BANKER(W)  | +950원 → 156,050원
H1623 | bet   1,000원 BANKER | P:A♥ J♠ Q♣=1  B:4♥ 7♣ 2♥=3  BANKER(W)  | +950원 → 157,000원
H1624 | bet   1,000원 BANKER | P:3♣ 5♦=8  B:K♣ 3♣=3  PLAYER(L)  | -1,000원 → 156,000원  [start]
H1625 | bet   2,000원 PLAYER | P:8♠ 9♣=7  B:10♥ 6♣=6  PLAYER(W)  | +2,000원 → 158,000원  [end_win]
H1626 | bet   1,000원 BANKER | P:A♥ A♠ 5♠=7  B:4♣ 2♣=6  PLAYER(L)  | -1,000원 → 157,000원  [start]
H1627 | bet   2,000원 PLAYER | P:7♥ Q♣=7  B:K♦ J♦ 7♣=7  TIE(T)  |     0원 → 157,000원
H1628 | bet   2,000원 PLAYER | P:K♥ 9♦=9  B:9♥ 10♣=9  TIE(T)  |     0원 → 157,000원
H1629 | bet   2,000원 PLAYER | P:3♥ K♣ J♦=3  B:K♣ K♣ Q♥=0  PLAYER(W)  | +2,000원 → 159,000원  [end_win]
H1630 | bet   1,000원 BANKER | P:J♦ 3♥ A♦=4  B:2♦ 4♣=6  BANKER(W)  | +950원 → 159,950원
H1631 | bet   1,000원 BANKER | P:5♣ 4♣=9  B:5♣ 9♥=4  PLAYER(L)  | -1,000원 → 158,950원  [start]
H1632 | bet   2,000원 PLAYER | P:6♠ 2♥=8  B:3♦ 10♥=3  PLAYER(W)  | +2,000원 → 160,950원  [end_win]
H1633 | bet   1,000원 BANKER | P:6♥ Q♠=6  B:Q♠ 6♥=6  TIE(T)  |     0원 → 160,950원
H1634 | bet   1,000원 BANKER | P:7♥ 5♠=2  B:3♠ 6♥=9  BANKER(W)  | +950원 → 161,900원
H1635 | bet   1,000원 BANKER | P:J♣ Q♦=0  B:A♦ 7♠=8  BANKER(W)  | +950원 → 162,850원
H1636 | bet   1,000원 BANKER | P:10♠ K♥ 9♥=9  B:J♠ 6♣=6  PLAYER(L)  | -1,000원 → 161,850원  [start]
H1637 | bet   2,000원 PLAYER | P:6♣ K♥=6  B:Q♣ Q♦ 9♦=9  BANKER(L)  | -2,000원 → 159,850원
H1638 | bet   4,000원 PLAYER | P:3♥ 3♥=6  B:3♦ 8♠ 6♥=7  BANKER(L)  | -4,000원 → 155,850원
H1639 | bet   8,000원 PLAYER | P:10♣ J♠ 7♥=7  B:8♥ 8♣ K♦=6  PLAYER(W)  | +8,000원 → 163,850원  [end_win]
H1640 | bet   1,000원 BANKER | P:A♥ J♦ K♠=1  B:A♥ 3♣=4  BANKER(W)  | +950원 → 164,800원
H1641 | bet   1,000원 BANKER | P:2♥ 7♦=9  B:6♥ K♠=6  PLAYER(L)  | -1,000원 → 163,800원  [start]
H1642 | bet   2,000원 PLAYER | P:3♦ Q♥=3  B:4♦ 5♥=9  BANKER(L)  | -2,000원 → 161,800원
H1643 | bet   4,000원 PLAYER | P:6♦ 8♣ J♦=4  B:J♦ 4♣=4  TIE(T)  |     0원 → 161,800원
H1644 | bet   4,000원 PLAYER | P:5♦ 2♥=7  B:5♥ 10♥ 4♦=9  BANKER(L)  | -4,000원 → 157,800원
H1645 | bet   8,000원 PLAYER | P:J♠ Q♠=0  B:8♣ J♦=8  BANKER(L)  | -8,000원 → 149,800원
H1646 | bet  16,000원 PLAYER | P:7♦ 6♦ 7♦=0  B:A♣ 4♠ 7♦=2  BANKER(L)  | -16,000원 → 133,800원
H1647 | bet  32,000원 PLAYER | P:7♣ A♠=8  B:4♥ 5♣=9  BANKER(L)  | -32,000원 → 101,800원  [end_giveup]
H1648 | bet   1,000원 BANKER | P:K♠ 4♦ 9♥=3  B:6♥ 7♦ 8♦=1  PLAYER(L)  | -1,000원 → 100,800원  [start]
H1649 | bet   2,000원 PLAYER | P:Q♦ 7♣=7  B:10♣ 10♣ 10♥=0  PLAYER(W)  | +2,000원 → 102,800원  [end_win]
H1650 | bet   1,000원 BANKER | P:5♦ 4♣=9  B:8♥ 4♣=2  PLAYER(L)  | -1,000원 → 101,800원  [start]
H1651 | bet   2,000원 PLAYER | P:8♦ 2♠ 10♦=0  B:7♥ 10♣=7  BANKER(L)  | -2,000원 → 99,800원
H1652 | bet   4,000원 PLAYER | P:10♥ Q♥ 8♠=8  B:8♣ 4♥ J♣=2  PLAYER(W)  | +4,000원 → 103,800원  [end_win]
H1653 | bet   1,000원 BANKER | P:J♥ 2♥=2  B:10♣ 9♣=9  BANKER(W)  | +950원 → 104,750원
H1654 | bet   1,000원 BANKER | P:10♦ K♥ 3♥=3  B:6♠ A♣=7  BANKER(W)  | +950원 → 105,700원
H1655 | bet   1,000원 BANKER | P:K♦ 3♦ A♣=4  B:6♣ 4♦ J♣=0  PLAYER(L)  | -1,000원 → 104,700원  [start]
H1656 | bet   2,000원 PLAYER | P:10♠ Q♥ 9♣=9  B:K♣ 3♣ 5♠=8  PLAYER(W)  | +2,000원 → 106,700원  [end_win]
H1657 | bet   1,000원 BANKER | P:6♠ Q♦=6  B:A♥ J♥ 2♥=3  PLAYER(L)  | -1,000원 → 105,700원  [start]
H1658 | bet   2,000원 PLAYER | P:K♠ 7♣=7  B:3♠ Q♣ 6♣=9  BANKER(L)  | -2,000원 → 103,700원
H1659 | bet   4,000원 PLAYER | P:3♥ 4♥=7  B:10♣ 7♥=7  TIE(T)  |     0원 → 103,700원
H1660 | bet   4,000원 PLAYER | P:7♦ K♦=7  B:5♣ 3♠=8  BANKER(L)  | -4,000원 → 99,700원
H1661 | bet   8,000원 PLAYER | P:K♥ A♦ 10♦=1  B:7♥ 5♥ 6♣=8  BANKER(L)  | -8,000원 → 91,700원
H1662 | bet  16,000원 PLAYER | P:K♣ K♠ 5♦=5  B:3♦ Q♣ Q♠=3  PLAYER(W)  | +16,000원 → 107,700원  [end_win]
H1663 | bet   1,000원 BANKER | P:9♠ 5♠ 3♥=7  B:10♦ 3♠ 6♣=9  BANKER(W)  | +950원 → 108,650원
H1664 | bet   1,000원 BANKER | P:A♠ 8♠=9  B:10♥ 2♦=2  PLAYER(L)  | -1,000원 → 107,650원  [start]
H1665 | bet   2,000원 PLAYER | P:9♦ J♣=9  B:5♥ K♣=5  PLAYER(W)  | +2,000원 → 109,650원  [end_win]
H1666 | bet   1,000원 BANKER | P:J♠ 5♠ 5♦=0  B:3♣ 9♠ 5♣=7  BANKER(W)  | +950원 → 110,600원
H1667 | bet   1,000원 BANKER | P:Q♠ A♠=1  B:4♥ 5♠=9  BANKER(W)  | +950원 → 111,550원
H1668 | bet   1,000원 BANKER | P:5♦ 3♥=8  B:2♠ 8♦=0  PLAYER(L)  | -1,000원 → 110,550원  [start]
H1669 | bet   2,000원 PLAYER | P:A♣ 6♠=7  B:J♦ 4♠ A♣=5  PLAYER(W)  | +2,000원 → 112,550원  [end_win]
H1670 | bet   1,000원 BANKER | P:A♦ Q♦ 7♥=8  B:2♦ 2♣ K♠=4  PLAYER(L)  | -1,000원 → 111,550원  [start]
H1671 | bet   2,000원 PLAYER | P:8♥ 6♣ 10♠=4  B:6♣ 5♣ 8♥=9  BANKER(L)  | -2,000원 → 109,550원
H1672 | bet   4,000원 PLAYER | P:9♠ 6♠ 5♠=0  B:4♦ J♥ 10♠=4  BANKER(L)  | -4,000원 → 105,550원
H1673 | bet   8,000원 PLAYER | P:A♦ 8♦=9  B:3♠ K♦=3  PLAYER(W)  | +8,000원 → 113,550원  [end_win]
H1674 | bet   1,000원 BANKER | P:J♥ 9♣=9  B:4♦ 10♦=4  PLAYER(L)  | -1,000원 → 112,550원  [start]
H1675 | bet   2,000원 PLAYER | P:10♠ 10♥ 6♣=6  B:J♣ 3♣ 8♣=1  PLAYER(W)  | +2,000원 → 114,550원  [end_win]
H1676 | bet   1,000원 BANKER | P:9♥ 7♦=6  B:J♥ 5♣ 7♣=2  PLAYER(L)  | -1,000원 → 113,550원  [start]
H1677 | bet   2,000원 PLAYER | P:A♥ 4♠ 2♠=7  B:6♦ 9♥=5  PLAYER(W)  | +2,000원 → 115,550원  [end_win]
H1678 | bet   1,000원 BANKER | P:A♦ 5♥=6  B:6♦ 4♥ 4♠=4  PLAYER(L)  | -1,000원 → 114,550원  [start]
H1679 | bet   2,000원 PLAYER | P:J♥ 2♦ A♣=3  B:4♣ J♣=4  BANKER(L)  | -2,000원 → 112,550원
H1680 | bet   4,000원 PLAYER | P:Q♥ 10♠ 3♦=3  B:K♦ 5♥=5  BANKER(L)  | -4,000원 → 108,550원
H1681 | bet   8,000원 PLAYER | P:2♦ 9♠ A♠=2  B:7♠ 8♦=5  BANKER(L)  | -8,000원 → 100,550원
H1682 | bet  16,000원 PLAYER | P:J♠ 10♠ 9♣=9  B:J♠ 3♣ 7♠=0  PLAYER(W)  | +16,000원 → 116,550원  [end_win]
H1683 | bet   1,000원 BANKER | P:J♦ 2♣ 10♦=2  B:9♣ 7♠=6  BANKER(W)  | +950원 → 117,500원
H1684 | bet   1,000원 BANKER | P:3♣ 6♠=9  B:A♠ K♥=1  PLAYER(L)  | -1,000원 → 116,500원  [start]
H1685 | bet   2,000원 PLAYER | P:10♣ 2♣ K♣=2  B:4♠ 9♣ 2♥=5  BANKER(L)  | -2,000원 → 114,500원
H1686 | bet   4,000원 PLAYER | P:7♠ A♣=8  B:A♦ K♦=1  PLAYER(W)  | +4,000원 → 118,500원  [end_win]
H1687 | bet   1,000원 BANKER | P:3♦ 8♠ Q♣=1  B:Q♣ J♦ 9♦=9  BANKER(W)  | +950원 → 119,450원
H1688 | bet   1,000원 BANKER | P:Q♦ 4♠ 10♣=4  B:4♦ 3♠=7  BANKER(W)  | +950원 → 120,400원
H1689 | bet   1,000원 BANKER | P:8♥ 7♠ 8♣=3  B:Q♥ Q♥ Q♣=0  PLAYER(L)  | -1,000원 → 119,400원  [start]
H1690 | bet   2,000원 PLAYER | P:6♦ 9♥ J♠=5  B:5♠ Q♥=5  TIE(T)  |     0원 → 119,400원
H1691 | bet   2,000원 PLAYER | P:8♠ 9♦=7  B:9♦ 10♥=9  BANKER(L)  | -2,000원 → 117,400원
H1692 | bet   4,000원 PLAYER | P:8♣ 4♥ 5♠=7  B:3♦ 4♣=7  TIE(T)  |     0원 → 117,400원
H1693 | bet   4,000원 PLAYER | P:2♣ Q♦=2  B:9♦ J♣=9  BANKER(L)  | -4,000원 → 113,400원
H1694 | bet   8,000원 PLAYER | P:Q♠ 7♠=7  B:4♠ 2♥=6  PLAYER(W)  | +8,000원 → 121,400원  [end_win]
H1695 | bet   1,000원 BANKER | P:Q♠ 9♦=9  B:Q♠ K♦=0  PLAYER(L)  | -1,000원 → 120,400원  [start]
H1696 | bet   2,000원 PLAYER | P:K♥ K♣=0  B:8♣ A♠=9  BANKER(L)  | -2,000원 → 118,400원
H1697 | bet   4,000원 PLAYER | P:Q♦ 2♣ 7♥=9  B:J♠ 6♥ 4♠=0  PLAYER(W)  | +4,000원 → 122,400원  [end_win]
H1698 | bet   1,000원 BANKER | P:10♦ 9♠=9  B:8♠ 2♦=0  PLAYER(L)  | -1,000원 → 121,400원  [start]
H1699 | bet   2,000원 PLAYER | P:2♠ 6♠=8  B:9♥ 9♥=8  TIE(T)  |     0원 → 121,400원
H1700 | bet   2,000원 PLAYER | P:8♠ Q♦=8  B:7♣ 6♦=3  PLAYER(W)  | +2,000원 → 123,400원  [end_win]
H1701 | bet   1,000원 BANKER | P:3♥ K♣ 4♥=7  B:3♠ 3♠=6  PLAYER(L)  | -1,000원 → 122,400원  [start]
H1702 | bet   2,000원 PLAYER | P:8♦ 9♠=7  B:A♦ 6♦=7  TIE(T)  |     0원 → 122,400원
H1703 | bet   2,000원 PLAYER | P:10♥ 3♠ 2♥=5  B:2♣ 5♦=7  BANKER(L)  | -2,000원 → 120,400원
H1704 | bet   4,000원 PLAYER | P:5♦ J♦ 8♦=3  B:8♠ 2♠ 7♣=7  BANKER(L)  | -4,000원 → 116,400원
H1705 | bet   8,000원 PLAYER | P:7♣ 2♦=9  B:Q♣ 9♠=9  TIE(T)  |     0원 → 116,400원
H1706 | bet   8,000원 PLAYER | P:A♠ 10♦ 5♥=6  B:2♠ Q♠ 10♥=2  PLAYER(W)  | +8,000원 → 124,400원  [end_win]
H1707 | bet   1,000원 BANKER | P:A♥ 9♦ 7♥=7  B:6♥ 9♠ 5♣=0  PLAYER(L)  | -1,000원 → 123,400원  [start]
H1708 | bet   2,000원 PLAYER | P:2♠ K♥ 9♥=1  B:9♥ 2♣ 3♥=4  BANKER(L)  | -2,000원 → 121,400원
H1709 | bet   4,000원 PLAYER | P:K♥ 6♥=6  B:6♠ 5♣ 2♦=3  PLAYER(W)  | +4,000원 → 125,400원  [end_win]
H1710 | bet   1,000원 BANKER | P:6♠ 7♠=3  B:7♦ A♥=8  BANKER(W)  | +950원 → 126,350원
H1711 | bet   1,000원 BANKER | P:2♣ 8♦ 6♥=6  B:5♣ 8♥ 10♠=3  PLAYER(L)  | -1,000원 → 125,350원  [start]
H1712 | bet   2,000원 PLAYER | P:4♣ 7♥ 2♦=3  B:J♠ Q♠ K♥=0  PLAYER(W)  | +2,000원 → 127,350원  [end_win]
H1713 | bet   1,000원 BANKER | P:8♥ J♥=8  B:A♦ 10♠=1  PLAYER(L)  | -1,000원 → 126,350원  [start]
H1714 | bet   2,000원 PLAYER | P:K♣ 4♣ 3♣=7  B:K♠ 7♠=7  TIE(T)  |     0원 → 126,350원
H1715 | bet   2,000원 PLAYER | P:A♥ 9♣ J♣=0  B:8♥ 3♦ K♠=1  BANKER(L)  | -2,000원 → 124,350원
H1716 | bet   4,000원 PLAYER | P:A♠ 5♦=6  B:6♦ Q♣=6  TIE(T)  |     0원 → 124,350원
H1717 | bet   4,000원 PLAYER | P:2♠ 3♣ K♦=5  B:2♥ Q♥ 6♥=8  BANKER(L)  | -4,000원 → 120,350원
H1718 | bet   8,000원 PLAYER | P:J♥ 7♦=7  B:9♦ A♥ 5♣=5  PLAYER(W)  | +8,000원 → 128,350원  [end_win]
H1719 | bet   1,000원 BANKER | P:A♦ K♥ 3♥=4  B:A♥ 4♦=5  BANKER(W)  | +950원 → 129,300원
H1720 | bet   1,000원 BANKER | P:5♦ 5♠ 8♠=8  B:5♥ Q♥=5  PLAYER(L)  | -1,000원 → 128,300원  [start]
H1721 | bet   2,000원 PLAYER | P:J♥ 10♥=0  B:9♦ J♣=9  BANKER(L)  | -2,000원 → 126,300원
H1722 | bet   4,000원 PLAYER | P:2♦ J♣=2  B:9♣ K♥=9  BANKER(L)  | -4,000원 → 122,300원
H1723 | bet   8,000원 PLAYER | P:3♥ 10♠ K♥=3  B:5♠ A♦=6  BANKER(L)  | -8,000원 → 114,300원
H1724 | bet  16,000원 PLAYER | P:A♣ Q♥ 5♦=6  B:9♦ 8♣=7  BANKER(L)  | -16,000원 → 98,300원
H1725 | bet  32,000원 PLAYER | P:10♣ 10♦ Q♦=0  B:Q♥ K♠ 7♥=7  BANKER(L)  | -32,000원 → 66,300원  [end_giveup]
H1726 | bet   1,000원 BANKER | P:A♦ 10♣ 10♥=1  B:Q♠ Q♦ Q♦=0  PLAYER(L)  | -1,000원 → 65,300원  [start]
H1727 | bet   2,000원 PLAYER | P:10♥ K♠ Q♣=0  B:3♣ 8♣ 3♣=4  BANKER(L)  | -2,000원 → 63,300원
H1728 | bet   4,000원 PLAYER | P:A♠ 4♥ 6♦=1  B:8♣ 3♣ 10♦=1  TIE(T)  |     0원 → 63,300원
H1729 | bet   4,000원 PLAYER | P:A♣ 7♥=8  B:5♠ 7♠=2  PLAYER(W)  | +4,000원 → 67,300원  [end_win]
H1730 | bet   1,000원 BANKER | P:7♠ 6♠ 2♠=5  B:8♦ 7♦=5  TIE(T)  |     0원 → 67,300원
H1731 | bet   1,000원 BANKER | P:6♠ 3♦=9  B:3♠ 3♠=6  PLAYER(L)  | -1,000원 → 66,300원  [start]
H1732 | bet   2,000원 PLAYER | P:2♣ 6♦=8  B:10♠ J♥=0  PLAYER(W)  | +2,000원 → 68,300원  [end_win]
H1733 | bet   1,000원 BANKER | P:5♣ 5♦ 7♦=7  B:4♣ 9♦ 5♠=8  BANKER(W)  | +950원 → 69,250원
H1734 | bet   1,000원 BANKER | P:K♠ 7♠=7  B:4♠ 9♠ 5♠=8  BANKER(W)  | +950원 → 70,200원
H1735 | bet   1,000원 BANKER | P:10♥ 7♣=7  B:10♣ J♣ K♦=0  PLAYER(L)  | -1,000원 → 69,200원  [start]
H1736 | bet   2,000원 PLAYER | P:2♥ K♣ K♦=2  B:3♥ 9♣ 6♣=8  BANKER(L)  | -2,000원 → 67,200원
H1737 | bet   4,000원 PLAYER | P:A♥ 9♣ 9♠=9  B:7♦ J♠=7  PLAYER(W)  | +4,000원 → 71,200원  [end_win]
H1738 | bet   1,000원 BANKER | P:K♠ 6♦=6  B:7♥ J♥=7  BANKER(W)  | +950원 → 72,150원
H1739 | bet   1,000원 BANKER | P:4♥ 10♦ 10♣=4  B:6♥ 9♥=5  BANKER(W)  | +950원 → 73,100원
H1740 | bet   1,000원 BANKER | P:Q♠ 7♥=7  B:8♥ 9♠=7  TIE(T)  |     0원 → 73,100원
H1741 | bet   1,000원 BANKER | P:A♦ 3♠=4  B:8♦ Q♣=8  BANKER(W)  | +950원 → 74,050원
H1742 | bet   1,000원 BANKER | P:2♥ 7♦=9  B:Q♠ 3♠=3  PLAYER(L)  | -1,000원 → 73,050원  [start]
H1743 | bet   2,000원 PLAYER | P:7♣ J♦=7  B:7♣ 8♥ 7♣=2  PLAYER(W)  | +2,000원 → 75,050원  [end_win]
H1744 | bet   1,000원 BANKER | P:3♣ 2♣ 2♠=7  B:2♣ 4♣=6  PLAYER(L)  | -1,000원 → 74,050원  [start]
H1745 | bet   2,000원 PLAYER | P:6♣ 10♠=6  B:3♠ 4♦=7  BANKER(L)  | -2,000원 → 72,050원
H1746 | bet   4,000원 PLAYER | P:8♠ 6♦ 6♣=0  B:4♦ 9♣ J♥=3  BANKER(L)  | -4,000원 → 68,050원
H1747 | bet   8,000원 PLAYER | P:A♠ 9♠=0  B:Q♠ 9♠=9  BANKER(L)  | -8,000원 → 60,050원
H1748 | bet  16,000원 PLAYER | P:A♥ A♠ 4♠=6  B:5♥ J♣ J♦=5  PLAYER(W)  | +16,000원 → 76,050원  [end_win]
H1749 | bet   1,000원 BANKER | P:K♣ 4♦ 2♠=6  B:J♦ A♣ 10♣=1  PLAYER(L)  | -1,000원 → 75,050원  [start]
H1750 | bet   2,000원 PLAYER | P:A♥ Q♣ 6♥=7  B:4♣ 2♠ K♠=6  PLAYER(W)  | +2,000원 → 77,050원  [end_win]
H1751 | bet   1,000원 BANKER | P:J♣ Q♣ 6♦=6  B:9♣ 6♥ J♠=5  PLAYER(L)  | -1,000원 → 76,050원  [start]
H1752 | bet   2,000원 PLAYER | P:Q♥ 5♥=5  B:4♠ 5♦=9  BANKER(L)  | -2,000원 → 74,050원
H1753 | bet   4,000원 PLAYER | P:4♠ 10♥ 6♠=0  B:J♣ 10♣ 3♥=3  BANKER(L)  | -4,000원 → 70,050원
H1754 | bet   8,000원 PLAYER | P:K♦ 10♠ 5♣=5  B:2♦ A♦ J♣=3  PLAYER(W)  | +8,000원 → 78,050원  [end_win]
H1755 | bet   1,000원 BANKER | P:2♠ 5♣=7  B:K♥ 9♥=9  BANKER(W)  | +950원 → 79,000원
H1756 | bet   1,000원 BANKER | P:Q♠ 4♥ 6♦=0  B:2♦ 3♦ 9♠=4  BANKER(W)  | +950원 → 79,950원
H1757 | bet   1,000원 BANKER | P:8♣ 4♣ 9♠=1  B:8♦ 5♦ 6♣=9  BANKER(W)  | +950원 → 80,900원
H1758 | bet   1,000원 BANKER | P:3♠ 10♥ 9♥=2  B:7♣ 10♦=7  BANKER(W)  | +950원 → 81,850원
H1759 | bet   1,000원 BANKER | P:J♥ 2♣ 2♣=4  B:9♦ 6♠=5  BANKER(W)  | +950원 → 82,800원
H1760 | bet   1,000원 BANKER | P:9♣ 6♦ 4♦=9  B:6♠ 4♥ 3♦=3  PLAYER(L)  | -1,000원 → 81,800원  [start]
H1761 | bet   2,000원 PLAYER | P:3♣ 8♠ 4♦=5  B:Q♦ 2♠ 7♥=9  BANKER(L)  | -2,000원 → 79,800원
H1762 | bet   4,000원 PLAYER | P:K♦ A♠=1  B:A♠ 7♣=8  BANKER(L)  | -4,000원 → 75,800원
H1763 | bet   8,000원 PLAYER | P:7♦ 5♠ A♣=3  B:8♠ 2♠ 6♥=6  BANKER(L)  | -8,000원 → 67,800원
H1764 | bet  16,000원 PLAYER | P:4♣ K♥ 10♥=4  B:5♣ 9♥=4  TIE(T)  |     0원 → 67,800원
H1765 | bet  16,000원 PLAYER | P:K♦ 8♠=8  B:A♣ 4♠=5  PLAYER(W)  | +16,000원 → 83,800원  [end_win]
H1766 | bet   1,000원 BANKER | P:8♦ Q♠=8  B:K♥ J♦=0  PLAYER(L)  | -1,000원 → 82,800원  [start]
H1767 | bet   2,000원 PLAYER | P:9♥ Q♥=9  B:4♠ 5♦=9  TIE(T)  |     0원 → 82,800원
H1768 | bet   2,000원 PLAYER | P:5♥ 2♣=7  B:A♣ 7♠=8  BANKER(L)  | -2,000원 → 80,800원
H1769 | bet   4,000원 PLAYER | P:K♦ 10♦=0  B:5♥ 4♠=9  BANKER(L)  | -4,000원 → 76,800원
H1770 | bet   8,000원 PLAYER | P:J♥ 2♦=2  B:8♥ 10♦=8  BANKER(L)  | -8,000원 → 68,800원
H1771 | bet  16,000원 PLAYER | P:3♦ 8♣ 7♥=8  B:10♠ 5♣ 6♠=1  PLAYER(W)  | +16,000원 → 84,800원  [end_win]
H1772 | bet   1,000원 BANKER | P:Q♦ A♦ J♦=1  B:Q♥ A♠ 8♦=9  BANKER(W)  | +950원 → 85,750원
H1773 | bet   1,000원 BANKER | P:3♥ 3♥=6  B:8♥ 9♦=7  BANKER(W)  | +950원 → 86,700원
H1774 | bet   1,000원 BANKER | P:A♠ 4♣ 6♣=1  B:5♥ A♦ 9♥=5  BANKER(W)  | +950원 → 87,650원
H1775 | bet   1,000원 BANKER | P:9♣ Q♦=9  B:5♦ 10♠=5  PLAYER(L)  | -1,000원 → 86,650원  [start]
H1776 | bet   2,000원 PLAYER | P:K♠ Q♥ 2♣=2  B:Q♠ 6♣=6  BANKER(L)  | -2,000원 → 84,650원
H1777 | bet   4,000원 PLAYER | P:3♥ 5♠=8  B:Q♣ A♥=1  PLAYER(W)  | +4,000원 → 88,650원  [end_win]
H1778 | bet   1,000원 BANKER | P:K♠ K♥ K♦=0  B:7♥ K♣=7  BANKER(W)  | +950원 → 89,600원
H1779 | bet   1,000원 BANKER | P:7♠ 6♠ 9♥=2  B:J♣ A♥ Q♣=1  PLAYER(L)  | -1,000원 → 88,600원  [start]
H1780 | bet   2,000원 PLAYER | P:4♥ 2♠=6  B:9♦ 7♠=6  TIE(T)  |     0원 → 88,600원
H1781 | bet   2,000원 PLAYER | P:3♣ 2♣ 3♠=8  B:8♥ 8♦=6  PLAYER(W)  | +2,000원 → 90,600원  [end_win]
H1782 | bet   1,000원 BANKER | P:3♠ J♠=3  B:8♠ K♥=8  BANKER(W)  | +950원 → 91,550원
H1783 | bet   1,000원 BANKER | P:K♣ 7♠=7  B:5♠ K♣ 6♥=1  PLAYER(L)  | -1,000원 → 90,550원  [start]
H1784 | bet   2,000원 PLAYER | P:9♣ 7♣=6  B:A♠ K♣ 2♥=3  PLAYER(W)  | +2,000원 → 92,550원  [end_win]
H1785 | bet   1,000원 BANKER | P:2♦ 6♥=8  B:8♣ 3♥=1  PLAYER(L)  | -1,000원 → 91,550원  [start]
H1786 | bet   2,000원 PLAYER | P:J♠ 6♥=6  B:6♣ 5♣ A♦=2  PLAYER(W)  | +2,000원 → 93,550원  [end_win]
H1787 | bet   1,000원 BANKER | P:7♣ 10♦=7  B:2♥ 3♣ 8♦=3  PLAYER(L)  | -1,000원 → 92,550원  [start]
H1788 | bet   2,000원 PLAYER | P:Q♦ Q♠=0  B:8♣ J♠=8  BANKER(L)  | -2,000원 → 90,550원
H1789 | bet   4,000원 PLAYER | P:9♠ 4♥ 7♥=0  B:8♥ 3♣ A♣=2  BANKER(L)  | -4,000원 → 86,550원
H1790 | bet   8,000원 PLAYER | P:7♠ 3♦ 4♦=4  B:K♠ J♠ 8♣=8  BANKER(L)  | -8,000원 → 78,550원
H1791 | bet  16,000원 PLAYER | P:2♥ 8♦ 8♠=8  B:10♣ 7♦=7  PLAYER(W)  | +16,000원 → 94,550원  [end_win]
H1792 | bet   1,000원 BANKER | P:4♥ A♥ 4♣=9  B:2♥ 4♠=6  PLAYER(L)  | -1,000원 → 93,550원  [start]
H1793 | bet   2,000원 PLAYER | P:3♦ 8♥ 9♥=0  B:10♥ J♠ J♦=0  TIE(T)  |     0원 → 93,550원
H1794 | bet   2,000원 PLAYER | P:10♦ 6♥=6  B:5♥ 4♥=9  BANKER(L)  | -2,000원 → 91,550원
H1795 | bet   4,000원 PLAYER | P:6♣ 3♦=9  B:4♦ K♣=4  PLAYER(W)  | +4,000원 → 95,550원  [end_win]
H1796 | bet   1,000원 BANKER | P:7♦ 2♦=9  B:6♠ 2♦=8  PLAYER(L)  | -1,000원 → 94,550원  [start]
H1797 | bet   2,000원 PLAYER | P:K♣ J♥ 5♥=5  B:10♠ 3♦ 9♦=2  PLAYER(W)  | +2,000원 → 96,550원  [end_win]
H1798 | bet   1,000원 BANKER | P:Q♥ 5♦ K♦=5  B:J♦ 2♦ Q♣=2  PLAYER(L)  | -1,000원 → 95,550원  [start]
H1799 | bet   2,000원 PLAYER | P:3♠ 6♣=9  B:J♠ J♣=0  PLAYER(W)  | +2,000원 → 97,550원  [end_win]
H1800 | bet   1,000원 BANKER | P:8♠ 5♥ Q♠=3  B:2♦ 4♥=6  BANKER(W)  | +950원 → 98,500원
H1801 | bet   1,000원 BANKER | P:6♥ 10♦=6  B:Q♥ K♣ 4♥=4  PLAYER(L)  | -1,000원 → 97,500원  [start]
H1802 | bet   2,000원 PLAYER | P:9♠ 7♥=6  B:8♣ K♣=8  BANKER(L)  | -2,000원 → 95,500원
H1803 | bet   4,000원 PLAYER | P:Q♥ 7♦=7  B:2♦ Q♣ Q♣=2  PLAYER(W)  | +4,000원 → 99,500원  [end_win]
H1804 | bet   1,000원 BANKER | P:7♠ 5♠ 5♣=7  B:7♣ J♠=7  TIE(T)  |     0원 → 99,500원
H1805 | bet   1,000원 BANKER | P:10♠ A♠ K♦=1  B:7♦ Q♣=7  BANKER(W)  | +950원 → 100,450원
H1806 | bet   1,000원 BANKER | P:A♠ 9♣ 6♥=6  B:2♣ A♠ 10♥=3  PLAYER(L)  | -1,000원 → 99,450원  [start]
H1807 | bet   2,000원 PLAYER | P:9♠ 5♥=4  B:8♠ 10♦=8  BANKER(L)  | -2,000원 → 97,450원
H1808 | bet   4,000원 PLAYER | P:Q♦ Q♦ 7♥=7  B:5♥ 8♥ 5♥=8  BANKER(L)  | -4,000원 → 93,450원
H1809 | bet   8,000원 PLAYER | P:J♥ 7♠=7  B:10♣ A♠ 3♥=4  PLAYER(W)  | +8,000원 → 101,450원  [end_win]
H1810 | bet   1,000원 BANKER | P:A♣ 4♠ 4♠=9  B:7♦ K♥=7  PLAYER(L)  | -1,000원 → 100,450원  [start]
H1811 | bet   2,000원 PLAYER | P:3♦ 2♠ K♣=5  B:3♣ 3♦=6  BANKER(L)  | -2,000원 → 98,450원
H1812 | bet   4,000원 PLAYER | P:5♠ 7♦=2  B:9♥ Q♥=9  BANKER(L)  | -4,000원 → 94,450원
H1813 | bet   8,000원 PLAYER | P:A♣ 2♣ 9♦=2  B:10♦ 7♦=7  BANKER(L)  | -8,000원 → 86,450원
H1814 | bet  16,000원 PLAYER | P:7♥ J♦=7  B:10♣ 4♠ 3♠=7  TIE(T)  |     0원 → 86,450원
H1815 | bet  16,000원 PLAYER | P:4♥ 4♥=8  B:A♣ 8♣=9  BANKER(L)  | -16,000원 → 70,450원
H1816 | bet  32,000원 PLAYER | P:8♦ 5♣ 3♣=6  B:6♥ 7♥ K♥=3  PLAYER(W)  | +32,000원 → 102,450원  [end_win]
H1817 | bet   1,000원 BANKER | P:3♥ 5♦=8  B:9♥ 4♣=3  PLAYER(L)  | -1,000원 → 101,450원  [start]
H1818 | bet   2,000원 PLAYER | P:10♦ Q♠ A♦=1  B:3♥ A♥=4  BANKER(L)  | -2,000원 → 99,450원
H1819 | bet   4,000원 PLAYER | P:A♦ Q♥ J♥=1  B:7♣ 6♥ J♦=3  BANKER(L)  | -4,000원 → 95,450원
H1820 | bet   8,000원 PLAYER | P:K♦ 7♠=7  B:5♣ Q♦ K♥=5  PLAYER(W)  | +8,000원 → 103,450원  [end_win]
H1821 | bet   1,000원 BANKER | P:7♦ Q♠=7  B:9♣ 9♦=8  BANKER(W)  | +950원 → 104,400원
H1822 | bet   1,000원 BANKER | P:K♥ A♦ 2♠=3  B:7♥ J♦=7  BANKER(W)  | +950원 → 105,350원
H1823 | bet   1,000원 BANKER | P:2♠ 10♣ 8♦=0  B:J♠ 6♦=6  BANKER(W)  | +950원 → 106,300원
H1824 | bet   1,000원 BANKER | P:5♥ 4♥=9  B:7♣ Q♦=7  PLAYER(L)  | -1,000원 → 105,300원  [start]
H1825 | bet   2,000원 PLAYER | P:J♣ 3♥ 5♦=8  B:10♠ 10♥ 5♦=5  PLAYER(W)  | +2,000원 → 107,300원  [end_win]
H1826 | bet   1,000원 BANKER | P:5♦ 5♣ 5♣=5  B:9♠ 7♣=6  BANKER(W)  | +950원 → 108,250원
H1827 | bet   1,000원 BANKER | P:A♥ 2♣ 2♥=5  B:J♥ 3♣ 9♠=2  PLAYER(L)  | -1,000원 → 107,250원  [start]
H1828 | bet   2,000원 PLAYER | P:K♦ 6♣=6  B:J♥ 3♠ 4♥=7  BANKER(L)  | -2,000원 → 105,250원
H1829 | bet   4,000원 PLAYER | P:J♦ 10♥=0  B:4♦ 4♦=8  BANKER(L)  | -4,000원 → 101,250원
H1830 | bet   8,000원 PLAYER | P:9♦ K♠=9  B:4♥ A♦=5  PLAYER(W)  | +8,000원 → 109,250원  [end_win]
H1831 | bet   1,000원 BANKER | P:5♠ 4♦=9  B:8♥ 9♥=7  PLAYER(L)  | -1,000원 → 108,250원  [start]
H1832 | bet   2,000원 PLAYER | P:Q♣ K♥ 10♣=0  B:K♣ J♦ 6♥=6  BANKER(L)  | -2,000원 → 106,250원
H1833 | bet   4,000원 PLAYER | P:Q♣ 5♣ 4♠=9  B:4♥ 2♣=6  PLAYER(W)  | +4,000원 → 110,250원  [end_win]
H1834 | bet   1,000원 BANKER | P:5♣ 6♥ Q♥=1  B:3♦ 4♦=7  BANKER(W)  | +950원 → 111,200원
H1835 | bet   1,000원 BANKER | P:6♣ 8♥ J♠=4  B:J♠ 10♥ A♦=1  PLAYER(L)  | -1,000원 → 110,200원  [start]
H1836 | bet   2,000원 PLAYER | P:3♠ A♣=4  B:2♣ 7♣=9  BANKER(L)  | -2,000원 → 108,200원
H1837 | bet   4,000원 PLAYER | P:7♦ K♠=7  B:8♣ K♠=8  BANKER(L)  | -4,000원 → 104,200원
H1838 | bet   8,000원 PLAYER | P:8♣ Q♠=8  B:9♦ 6♣=5  PLAYER(W)  | +8,000원 → 112,200원  [end_win]
H1839 | bet   1,000원 BANKER | P:10♠ 9♣=9  B:8♥ J♠=8  PLAYER(L)  | -1,000원 → 111,200원  [start]
H1840 | bet   2,000원 PLAYER | P:10♣ J♠ 8♦=8  B:J♣ 10♠ 6♠=6  PLAYER(W)  | +2,000원 → 113,200원  [end_win]
H1841 | bet   1,000원 BANKER | P:4♦ K♦ A♣=5  B:2♥ 2♥=4  PLAYER(L)  | -1,000원 → 112,200원  [start]
H1842 | bet   2,000원 PLAYER | P:7♦ 6♦ 3♣=6  B:10♦ A♣ 6♦=7  BANKER(L)  | -2,000원 → 110,200원
H1843 | bet   4,000원 PLAYER | P:7♥ K♥=7  B:9♠ 7♠=6  PLAYER(W)  | +4,000원 → 114,200원  [end_win]
H1844 | bet   1,000원 BANKER | P:2♣ 6♠=8  B:4♦ J♦=4  PLAYER(L)  | -1,000원 → 113,200원  [start]
H1845 | bet   2,000원 PLAYER | P:4♠ 2♦=6  B:5♥ 8♥ 7♠=0  PLAYER(W)  | +2,000원 → 115,200원  [end_win]
H1846 | bet   1,000원 BANKER | P:K♠ 5♠=5  B:9♦ K♠=9  BANKER(W)  | +950원 → 116,150원
H1847 | bet   1,000원 BANKER | P:4♣ 9♠=3  B:5♠ 3♣=8  BANKER(W)  | +950원 → 117,100원
H1848 | bet   1,000원 BANKER | P:A♠ 3♦ 8♥=2  B:10♠ 6♠=6  BANKER(W)  | +950원 → 118,050원
H1849 | bet   1,000원 BANKER | P:4♣ 5♠=9  B:6♦ K♠=6  PLAYER(L)  | -1,000원 → 117,050원  [start]
H1850 | bet   2,000원 PLAYER | P:5♠ 6♠ A♥=2  B:3♥ 3♦=6  BANKER(L)  | -2,000원 → 115,050원
H1851 | bet   4,000원 PLAYER | P:9♥ Q♠=9  B:Q♦ 8♠=8  PLAYER(W)  | +4,000원 → 119,050원  [end_win]
H1852 | bet   1,000원 BANKER | P:10♦ 4♦ 8♦=2  B:4♠ 9♠=3  BANKER(W)  | +950원 → 120,000원
H1853 | bet   1,000원 BANKER | P:K♣ 10♠ 6♦=6  B:Q♣ A♥ 4♦=5  PLAYER(L)  | -1,000원 → 119,000원  [start]
H1854 | bet   2,000원 PLAYER | P:3♣ K♣ J♦=3  B:2♠ 3♣=5  BANKER(L)  | -2,000원 → 117,000원
H1855 | bet   4,000원 PLAYER | P:K♣ 6♣=6  B:2♥ Q♠ 7♠=9  BANKER(L)  | -4,000원 → 113,000원
H1856 | bet   8,000원 PLAYER | P:9♦ 8♠=7  B:7♣ 8♦ 6♠=1  PLAYER(W)  | +8,000원 → 121,000원  [end_win]
H1857 | bet   1,000원 BANKER | P:4♣ J♣ K♦=4  B:9♦ 8♣=7  BANKER(W)  | +950원 → 121,950원
H1858 | bet   1,000원 BANKER | P:4♣ 3♠=7  B:6♣ 2♦=8  BANKER(W)  | +950원 → 122,900원
H1859 | bet   1,000원 BANKER | P:3♦ 3♥=6  B:J♣ 7♣=7  BANKER(W)  | +950원 → 123,850원
H1860 | bet   1,000원 BANKER | P:9♣ 8♦=7  B:4♠ 3♠=7  TIE(T)  |     0원 → 123,850원
H1861 | bet   1,000원 BANKER | P:8♠ A♣=9  B:8♠ Q♠=8  PLAYER(L)  | -1,000원 → 122,850원  [start]
H1862 | bet   2,000원 PLAYER | P:10♠ 6♠=6  B:10♦ 9♣=9  BANKER(L)  | -2,000원 → 120,850원
H1863 | bet   4,000원 PLAYER | P:2♦ A♠ 2♥=5  B:Q♦ 10♥ 6♣=6  BANKER(L)  | -4,000원 → 116,850원
H1864 | bet   8,000원 PLAYER | P:6♠ 3♥=9  B:8♣ J♠=8  PLAYER(W)  | +8,000원 → 124,850원  [end_win]
H1865 | bet   1,000원 BANKER | P:2♣ Q♠ Q♥=2  B:K♦ 7♠=7  BANKER(W)  | +950원 → 125,800원
H1866 | bet   1,000원 BANKER | P:J♣ 8♥=8  B:4♣ 10♥=4  PLAYER(L)  | -1,000원 → 124,800원  [start]
H1867 | bet   2,000원 PLAYER | P:J♥ 2♣ Q♣=2  B:K♠ 3♠ 6♦=9  BANKER(L)  | -2,000원 → 122,800원
H1868 | bet   4,000원 PLAYER | P:A♠ 4♣ 2♦=7  B:A♣ A♥ 5♥=7  TIE(T)  |     0원 → 122,800원
H1869 | bet   4,000원 PLAYER | P:K♦ 3♥ 10♣=3  B:8♠ 9♥=7  BANKER(L)  | -4,000원 → 118,800원
H1870 | bet   8,000원 PLAYER | P:Q♣ A♦ 2♥=3  B:5♦ 5♥ 2♠=2  PLAYER(W)  | +8,000원 → 126,800원  [end_win]
H1871 | bet   1,000원 BANKER | P:2♦ 8♦=0  B:K♥ 8♣=8  BANKER(W)  | +950원 → 127,750원
H1872 | bet   1,000원 BANKER | P:3♠ Q♦ 5♠=8  B:5♦ A♥=6  PLAYER(L)  | -1,000원 → 126,750원  [start]
H1873 | bet   2,000원 PLAYER | P:9♥ 8♦=7  B:J♥ 10♥ 2♠=2  PLAYER(W)  | +2,000원 → 128,750원  [end_win]
H1874 | bet   1,000원 BANKER | P:9♥ 9♣=8  B:2♠ Q♦=2  PLAYER(L)  | -1,000원 → 127,750원  [start]
H1875 | bet   2,000원 PLAYER | P:2♦ Q♥ 9♣=1  B:2♠ 9♥ 6♥=7  BANKER(L)  | -2,000원 → 125,750원
H1876 | bet   4,000원 PLAYER | P:10♠ 8♥=8  B:7♥ A♦=8  TIE(T)  |     0원 → 125,750원
H1877 | bet   4,000원 PLAYER | P:10♣ 7♣=7  B:8♠ 2♥ Q♥=0  PLAYER(W)  | +4,000원 → 129,750원  [end_win]
H1878 | bet   1,000원 BANKER | P:J♣ 9♣=9  B:A♥ 6♠=7  PLAYER(L)  | -1,000원 → 128,750원  [start]
H1879 | bet   2,000원 PLAYER | P:J♣ 3♦=3  B:3♦ 6♥=9  BANKER(L)  | -2,000원 → 126,750원
H1880 | bet   4,000원 PLAYER | P:A♠ K♠ 4♣=5  B:6♦ 9♦ 5♦=0  PLAYER(W)  | +4,000원 → 130,750원  [end_win]
H1881 | bet   1,000원 BANKER | P:A♦ 9♠=0  B:K♥ 8♣=8  BANKER(W)  | +950원 → 131,700원
H1882 | bet   1,000원 BANKER | P:4♠ 5♦=9  B:6♦ 10♦=6  PLAYER(L)  | -1,000원 → 130,700원  [start]
H1883 | bet   2,000원 PLAYER | P:9♥ K♠=9  B:K♥ K♣=0  PLAYER(W)  | +2,000원 → 132,700원  [end_win]
H1884 | bet   1,000원 BANKER | P:10♥ 9♦=9  B:7♣ A♥=8  PLAYER(L)  | -1,000원 → 131,700원  [start]
H1885 | bet   2,000원 PLAYER | P:10♣ 3♦ J♠=3  B:7♣ Q♠=7  BANKER(L)  | -2,000원 → 129,700원
H1886 | bet   4,000원 PLAYER | P:J♠ A♥ 5♠=6  B:2♣ J♦ J♦=2  PLAYER(W)  | +4,000원 → 133,700원  [end_win]
H1887 | bet   1,000원 BANKER | P:8♠ 7♦ Q♠=5  B:5♣ A♠=6  BANKER(W)  | +950원 → 134,650원
H1888 | bet   1,000원 BANKER | P:2♣ 2♦ 2♦=6  B:9♥ A♦ J♦=0  PLAYER(L)  | -1,000원 → 133,650원  [start]
H1889 | bet   2,000원 PLAYER | P:5♣ A♣=6  B:A♥ 10♠ Q♥=1  PLAYER(W)  | +2,000원 → 135,650원  [end_win]
H1890 | bet   1,000원 BANKER | P:10♦ Q♥ 9♦=9  B:3♥ Q♠ A♣=4  PLAYER(L)  | -1,000원 → 134,650원  [start]
H1891 | bet   2,000원 PLAYER | P:J♣ 2♠=2  B:J♣ 8♥=8  BANKER(L)  | -2,000원 → 132,650원
H1892 | bet   4,000원 PLAYER | P:5♥ 7♥ 6♦=8  B:6♠ A♥=7  PLAYER(W)  | +4,000원 → 136,650원  [end_win]
H1893 | bet   1,000원 BANKER | P:3♠ J♣=3  B:9♥ 10♥=9  BANKER(W)  | +950원 → 137,600원
H1894 | bet   1,000원 BANKER | P:K♣ 9♦=9  B:8♦ 7♣=5  PLAYER(L)  | -1,000원 → 136,600원  [start]
H1895 | bet   2,000원 PLAYER | P:7♣ 5♠ 4♠=6  B:3♣ 8♦ A♠=2  PLAYER(W)  | +2,000원 → 138,600원  [end_win]
H1896 | bet   1,000원 BANKER | P:2♥ 4♣=6  B:2♠ 7♥=9  BANKER(W)  | +950원 → 139,550원
H1897 | bet   1,000원 BANKER | P:J♥ 9♠=9  B:2♣ 6♦=8  PLAYER(L)  | -1,000원 → 138,550원  [start]
H1898 | bet   2,000원 PLAYER | P:J♥ 8♥=8  B:7♣ 3♦=0  PLAYER(W)  | +2,000원 → 140,550원  [end_win]
H1899 | bet   1,000원 BANKER | P:Q♥ J♥=0  B:3♣ 6♥=9  BANKER(W)  | +950원 → 141,500원
H1900 | bet   1,000원 BANKER | P:4♠ 7♦ 8♥=9  B:7♠ 4♣ Q♣=1  PLAYER(L)  | -1,000원 → 140,500원  [start]
H1901 | bet   2,000원 PLAYER | P:2♥ 2♦ A♦=5  B:9♣ 2♥ J♥=1  PLAYER(W)  | +2,000원 → 142,500원  [end_win]
H1902 | bet   1,000원 BANKER | P:4♥ 5♦=9  B:10♠ J♠=0  PLAYER(L)  | -1,000원 → 141,500원  [start]
H1903 | bet   2,000원 PLAYER | P:10♠ 7♥=7  B:3♦ 9♥ 8♣=0  PLAYER(W)  | +2,000원 → 143,500원  [end_win]
H1904 | bet   1,000원 BANKER | P:2♠ 7♦=9  B:3♠ 10♣=3  PLAYER(L)  | -1,000원 → 142,500원  [start]
H1905 | bet   2,000원 PLAYER | P:3♠ 2♦ Q♥=5  B:5♣ 2♣=7  BANKER(L)  | -2,000원 → 140,500원
H1906 | bet   4,000원 PLAYER | P:7♣ 3♥=0  B:7♦ A♣=8  BANKER(L)  | -4,000원 → 136,500원
H1907 | bet   8,000원 PLAYER | P:J♠ 4♣ 9♣=3  B:10♠ K♠ 3♦=3  TIE(T)  |     0원 → 136,500원
H1908 | bet   8,000원 PLAYER | P:8♠ Q♠=8  B:10♣ A♠=1  PLAYER(W)  | +8,000원 → 144,500원  [end_win]
H1909 | bet   1,000원 BANKER | P:5♠ 9♥ 10♥=4  B:2♠ 10♠ 9♦=1  PLAYER(L)  | -1,000원 → 143,500원  [start]
H1910 | bet   2,000원 PLAYER | P:A♣ 7♥=8  B:3♥ 8♠=1  PLAYER(W)  | +2,000원 → 145,500원  [end_win]
H1911 | bet   1,000원 BANKER | P:3♥ 5♠=8  B:3♣ Q♥=3  PLAYER(L)  | -1,000원 → 144,500원  [start]
H1912 | bet   2,000원 PLAYER | P:3♥ A♦ 6♦=0  B:8♣ 5♣ Q♦=3  BANKER(L)  | -2,000원 → 142,500원
H1913 | bet   4,000원 PLAYER | P:6♦ K♦=6  B:A♣ 6♦=7  BANKER(L)  | -4,000원 → 138,500원
H1914 | bet   8,000원 PLAYER | P:5♦ 3♠=8  B:K♠ 5♦=5  PLAYER(W)  | +8,000원 → 146,500원  [end_win]
H1915 | bet   1,000원 BANKER | P:8♣ 4♦ J♣=2  B:7♦ 8♣=5  BANKER(W)  | +950원 → 147,450원
H1916 | bet   1,000원 BANKER | P:Q♦ 9♣=9  B:Q♦ 9♠=9  TIE(T)  |     0원 → 147,450원
H1917 | bet   1,000원 BANKER | P:3♥ 2♠ K♣=5  B:Q♣ 4♣=4  PLAYER(L)  | -1,000원 → 146,450원  [start]
H1918 | bet   2,000원 PLAYER | P:6♥ 5♥ 3♣=4  B:Q♦ 4♦ 6♣=0  PLAYER(W)  | +2,000원 → 148,450원  [end_win]
H1919 | bet   1,000원 BANKER | P:J♥ 2♥ 2♠=4  B:3♥ Q♣ Q♠=3  PLAYER(L)  | -1,000원 → 147,450원  [start]
H1920 | bet   2,000원 PLAYER | P:6♠ 8♥ 7♠=1  B:2♥ 8♥ Q♦=0  PLAYER(W)  | +2,000원 → 149,450원  [end_win]
H1921 | bet   1,000원 BANKER | P:J♣ 2♠ 7♠=9  B:10♥ 10♦ A♠=1  PLAYER(L)  | -1,000원 → 148,450원  [start]
H1922 | bet   2,000원 PLAYER | P:A♥ 9♣=0  B:10♠ 8♠=8  BANKER(L)  | -2,000원 → 146,450원
H1923 | bet   4,000원 PLAYER | P:K♠ 9♣=9  B:7♠ 6♥=3  PLAYER(W)  | +4,000원 → 150,450원  [end_win]
H1924 | bet   1,000원 BANKER | P:2♦ 4♦=6  B:9♥ K♦=9  BANKER(W)  | +950원 → 151,400원
H1925 | bet   1,000원 BANKER | P:A♦ J♠ J♦=1  B:10♠ 4♠=4  BANKER(W)  | +950원 → 152,350원
H1926 | bet   1,000원 BANKER | P:Q♣ 4♣ 6♥=0  B:10♦ 3♠ K♣=3  BANKER(W)  | +950원 → 153,300원
H1927 | bet   1,000원 BANKER | P:Q♠ K♣=0  B:3♦ 6♦=9  BANKER(W)  | +950원 → 154,250원
H1928 | bet   1,000원 BANKER | P:2♦ 4♦=6  B:5♣ 3♦=8  BANKER(W)  | +950원 → 155,200원
H1929 | bet   1,000원 BANKER | P:J♥ 8♦=8  B:5♠ 4♥=9  BANKER(W)  | +950원 → 156,150원
H1930 | bet   1,000원 BANKER | P:A♦ K♥ J♥=1  B:8♣ 5♦ 9♠=2  BANKER(W)  | +950원 → 157,100원
H1931 | bet   1,000원 BANKER | P:4♣ 6♣=0  B:K♦ 9♦=9  BANKER(W)  | +950원 → 158,050원
H1932 | bet   1,000원 BANKER | P:9♣ Q♥=9  B:Q♦ 7♣=7  PLAYER(L)  | -1,000원 → 157,050원  [start]
H1933 | bet   2,000원 PLAYER | P:10♣ Q♥=0  B:5♦ 3♥=8  BANKER(L)  | -2,000원 → 155,050원
H1934 | bet   4,000원 PLAYER | P:8♠ 6♠ A♥=5  B:2♣ K♦ 8♣=0  PLAYER(W)  | +4,000원 → 159,050원  [end_win]
H1935 | bet   1,000원 BANKER | P:4♦ Q♣ A♦=5  B:7♠ 7♥=4  PLAYER(L)  | -1,000원 → 158,050원  [start]
H1936 | bet   2,000원 PLAYER | P:J♠ 10♣ A♠=1  B:9♠ 5♦=4  BANKER(L)  | -2,000원 → 156,050원
H1937 | bet   4,000원 PLAYER | P:4♠ 6♣ 8♦=8  B:6♠ Q♥=6  PLAYER(W)  | +4,000원 → 160,050원  [end_win]
H1938 | bet   1,000원 BANKER | P:5♠ 8♣ 4♦=7  B:J♦ A♦ 9♦=0  PLAYER(L)  | -1,000원 → 159,050원  [start]
H1939 | bet   2,000원 PLAYER | P:2♥ Q♦ 5♣=7  B:Q♠ 6♣=6  PLAYER(W)  | +2,000원 → 161,050원  [end_win]
H1940 | bet   1,000원 BANKER | P:2♦ 3♦ 10♣=5  B:9♦ A♦ K♦=0  PLAYER(L)  | -1,000원 → 160,050원  [start]
H1941 | bet   2,000원 PLAYER | P:J♦ A♥=1  B:7♥ 2♥=9  BANKER(L)  | -2,000원 → 158,050원
H1942 | bet   4,000원 PLAYER | P:3♠ J♣ 3♠=6  B:10♥ 7♠=7  BANKER(L)  | -4,000원 → 154,050원
H1943 | bet   8,000원 PLAYER | P:3♣ 10♦=3  B:9♠ J♣=9  BANKER(L)  | -8,000원 → 146,050원
H1944 | bet  16,000원 PLAYER | P:8♠ 10♥=8  B:2♣ 4♦=6  PLAYER(W)  | +16,000원 → 162,050원  [end_win]
H1945 | bet   1,000원 BANKER | P:6♠ 9♦=5  B:7♦ A♠=8  BANKER(W)  | +950원 → 163,000원
H1946 | bet   1,000원 BANKER | P:4♥ 6♣ 5♥=5  B:8♥ 5♥ K♦=3  PLAYER(L)  | -1,000원 → 162,000원  [start]
H1947 | bet   2,000원 PLAYER | P:10♦ 5♣ Q♣=5  B:4♣ 9♥ 4♥=7  BANKER(L)  | -2,000원 → 160,000원
H1948 | bet   4,000원 PLAYER | P:4♠ 9♥ 4♦=7  B:K♥ 4♥ K♥=4  PLAYER(W)  | +4,000원 → 164,000원  [end_win]
H1949 | bet   1,000원 BANKER | P:Q♣ 9♣=9  B:5♣ 8♦=3  PLAYER(L)  | -1,000원 → 163,000원  [start]
H1950 | bet   2,000원 PLAYER | P:A♣ 8♦=9  B:5♠ 7♠=2  PLAYER(W)  | +2,000원 → 165,000원  [end_win]
H1951 | bet   1,000원 BANKER | P:A♥ 4♥ J♣=5  B:5♥ 6♥ 10♣=1  PLAYER(L)  | -1,000원 → 164,000원  [start]
H1952 | bet   2,000원 PLAYER | P:7♦ 9♠=6  B:4♠ K♣ 7♠=1  PLAYER(W)  | +2,000원 → 166,000원  [end_win]
H1953 | bet   1,000원 BANKER | P:5♦ 4♠=9  B:6♥ J♦=6  PLAYER(L)  | -1,000원 → 165,000원  [start]
H1954 | bet   2,000원 PLAYER | P:K♥ K♦ 9♣=9  B:2♣ 5♥=7  PLAYER(W)  | +2,000원 → 167,000원  [end_win]
H1955 | bet   1,000원 BANKER | P:6♦ 8♦=4  B:2♦ 6♦=8  BANKER(W)  | +950원 → 167,950원
H1956 | bet   1,000원 BANKER | P:5♦ 3♠=8  B:7♦ 8♥=5  PLAYER(L)  | -1,000원 → 166,950원  [start]
H1957 | bet   2,000원 PLAYER | P:K♥ 4♥ 8♠=2  B:10♦ K♠ K♣=0  PLAYER(W)  | +2,000원 → 168,950원  [end_win]
H1958 | bet   1,000원 BANKER | P:8♠ 10♥=8  B:9♠ 6♣=5  PLAYER(L)  | -1,000원 → 167,950원  [start]
H1959 | bet   2,000원 PLAYER | P:A♣ 10♦=1  B:4♠ 5♥=9  BANKER(L)  | -2,000원 → 165,950원
H1960 | bet   4,000원 PLAYER | P:2♣ 10♠ A♠=3  B:K♥ 7♣=7  BANKER(L)  | -4,000원 → 161,950원
H1961 | bet   8,000원 PLAYER | P:2♥ 7♥=9  B:2♠ 6♣=8  PLAYER(W)  | +8,000원 → 169,950원  [end_win]
H1962 | bet   1,000원 BANKER | P:J♥ 5♥ K♠=5  B:K♦ 3♣ A♣=4  PLAYER(L)  | -1,000원 → 168,950원  [start]
H1963 | bet   2,000원 PLAYER | P:6♠ J♦=6  B:J♠ 3♣ 10♦=3  PLAYER(W)  | +2,000원 → 170,950원  [end_win]
H1964 | bet   1,000원 BANKER | P:3♣ K♠ 9♠=2  B:7♥ K♥=7  BANKER(W)  | +950원 → 171,900원
H1965 | bet   1,000원 BANKER | P:A♠ K♠=1  B:Q♦ 8♣=8  BANKER(W)  | +950원 → 172,850원
H1966 | bet   1,000원 BANKER | P:6♠ 6♥=2  B:8♦ 10♣=8  BANKER(W)  | +950원 → 173,800원
H1967 | bet   1,000원 BANKER | P:2♦ 4♣=6  B:6♠ 7♥ A♣=4  PLAYER(L)  | -1,000원 → 172,800원  [start]
H1968 | bet   2,000원 PLAYER | P:7♦ 9♥=6  B:4♥ 8♣ K♣=2  PLAYER(W)  | +2,000원 → 174,800원  [end_win]
H1969 | bet   1,000원 BANKER | P:A♣ 5♠=6  B:3♣ 3♣=6  TIE(T)  |     0원 → 174,800원
H1970 | bet   1,000원 BANKER | P:Q♠ 10♠=0  B:10♣ 9♠=9  BANKER(W)  | +950원 → 175,750원
H1971 | bet   1,000원 BANKER | P:6♣ 7♦ A♣=4  B:K♦ Q♣ 9♥=9  BANKER(W)  | +950원 → 176,700원
H1972 | bet   1,000원 BANKER | P:A♦ A♥ 3♦=5  B:5♣ 8♣ 10♣=3  PLAYER(L)  | -1,000원 → 175,700원  [start]
H1973 | bet   2,000원 PLAYER | P:10♠ 9♦=9  B:3♣ 6♥=9  TIE(T)  |     0원 → 175,700원
H1974 | bet   2,000원 PLAYER | P:Q♣ 10♥ 8♠=8  B:2♣ 2♣=4  PLAYER(W)  | +2,000원 → 177,700원  [end_win]
H1975 | bet   1,000원 BANKER | P:10♠ 2♣=2  B:5♦ 3♠=8  BANKER(W)  | +950원 → 178,650원
H1976 | bet   1,000원 BANKER | P:8♠ 9♣=7  B:8♠ 5♣ 4♣=7  TIE(T)  |     0원 → 178,650원
H1977 | bet   1,000원 BANKER | P:J♦ K♥ 4♣=4  B:10♥ 7♥=7  BANKER(W)  | +950원 → 179,600원
H1978 | bet   1,000원 BANKER | P:7♦ Q♦=7  B:K♦ 10♠ 3♠=3  PLAYER(L)  | -1,000원 → 178,600원  [start]
H1979 | bet   2,000원 PLAYER | P:J♣ 10♦=0  B:8♥ Q♥=8  BANKER(L)  | -2,000원 → 176,600원
H1980 | bet   4,000원 PLAYER | P:K♥ 3♠ 4♠=7  B:7♠ 6♠ J♥=3  PLAYER(W)  | +4,000원 → 180,600원  [end_win]
H1981 | bet   1,000원 BANKER | P:9♥ A♠ A♥=1  B:5♣ 5♣ 5♦=5  BANKER(W)  | +950원 → 181,550원
H1982 | bet   1,000원 BANKER | P:9♠ 5♦ 5♥=9  B:8♦ 8♥=6  PLAYER(L)  | -1,000원 → 180,550원  [start]
H1983 | bet   2,000원 PLAYER | P:5♣ 9♣ J♣=4  B:9♦ 8♦=7  BANKER(L)  | -2,000원 → 178,550원
H1984 | bet   4,000원 PLAYER | P:4♠ J♣ J♦=4  B:K♠ 5♣=5  BANKER(L)  | -4,000원 → 174,550원
H1985 | bet   8,000원 PLAYER | P:10♠ 9♣=9  B:8♥ 9♠=7  PLAYER(W)  | +8,000원 → 182,550원  [end_win]
H1986 | bet   1,000원 BANKER | P:A♠ K♠ 3♦=4  B:5♦ 5♦ 6♣=6  BANKER(W)  | +950원 → 183,500원
H1987 | bet   1,000원 BANKER | P:8♦ 8♦=6  B:2♦ 4♠=6  TIE(T)  |     0원 → 183,500원
H1988 | bet   1,000원 BANKER | P:K♦ 8♠=8  B:9♠ 9♦=8  TIE(T)  |     0원 → 183,500원
H1989 | bet   1,000원 BANKER | P:K♣ Q♥ 10♥=0  B:7♣ 10♥=7  BANKER(W)  | +950원 → 184,450원
H1990 | bet   1,000원 BANKER | P:2♠ A♦=3  B:9♠ Q♠=9  BANKER(W)  | +950원 → 185,400원
H1991 | bet   1,000원 BANKER | P:3♦ 10♠ 5♥=8  B:K♣ 3♠ K♦=3  PLAYER(L)  | -1,000원 → 184,400원  [start]
H1992 | bet   2,000원 PLAYER | P:K♥ 3♣ 3♥=6  B:Q♣ 10♠ 2♠=2  PLAYER(W)  | +2,000원 → 186,400원  [end_win]
H1993 | bet   1,000원 BANKER | P:A♦ 3♦ 6♣=0  B:5♦ J♦ A♣=6  BANKER(W)  | +950원 → 187,350원
H1994 | bet   1,000원 BANKER | P:A♦ 4♣ 2♦=7  B:A♠ J♥ 3♥=4  PLAYER(L)  | -1,000원 → 186,350원  [start]
H1995 | bet   2,000원 PLAYER | P:6♥ Q♥=6  B:K♣ 2♦ 3♥=5  PLAYER(W)  | +2,000원 → 188,350원  [end_win]
H1996 | bet   1,000원 BANKER | P:6♠ 9♦ 8♦=3  B:7♥ 10♣=7  BANKER(W)  | +950원 → 189,300원
H1997 | bet   1,000원 BANKER | P:2♥ 5♥=7  B:10♣ K♦ 8♠=8  BANKER(W)  | +950원 → 190,250원
H1998 | bet   1,000원 BANKER | P:Q♦ 9♠=9  B:6♥ 3♥=9  TIE(T)  |     0원 → 190,250원
H1999 | bet   1,000원 BANKER | P:6♦ J♦=6  B:2♥ 9♦ K♠=1  PLAYER(L)  | -1,000원 → 189,250원  [start]
H2000 | bet   2,000원 PLAYER | P:7♣ 5♠ A♣=3  B:2♥ 9♣ 8♣=9  BANKER(L)  | -2,000원 → 187,250원
H2001 | bet   4,000원 PLAYER | P:10♦ 9♣=9  B:5♥ 6♥=1  PLAYER(W)  | +4,000원 → 191,250원  [end_win]
H2002 | bet   1,000원 BANKER | P:4♣ 4♦=8  B:A♠ J♠=1  PLAYER(L)  | -1,000원 → 190,250원  [start]
H2003 | bet   2,000원 PLAYER | P:J♣ 6♦=6  B:Q♥ 2♣ K♥=2  PLAYER(W)  | +2,000원 → 192,250원  [end_win]
H2004 | bet   1,000원 BANKER | P:2♣ 10♦ 8♥=0  B:6♦ 6♣ 3♥=5  BANKER(W)  | +950원 → 193,200원
H2005 | bet   1,000원 BANKER | P:2♦ 10♠=2  B:9♦ 10♦=9  BANKER(W)  | +950원 → 194,150원
H2006 | bet   1,000원 BANKER | P:6♣ 8♦ 10♣=4  B:3♠ 4♦=7  BANKER(W)  | +950원 → 195,100원
H2007 | bet   1,000원 BANKER | P:A♥ K♥ 9♦=0  B:7♥ 5♠ 6♣=8  BANKER(W)  | +950원 → 196,050원
H2008 | bet   1,000원 BANKER | P:10♥ 7♥=7  B:J♥ 5♠ Q♦=5  PLAYER(L)  | -1,000원 → 195,050원  [start]
H2009 | bet   2,000원 PLAYER | P:K♠ 7♥=7  B:3♦ Q♠ 7♠=0  PLAYER(W)  | +2,000원 → 197,050원  [end_win]
H2010 | bet   1,000원 BANKER | P:Q♥ 7♦=7  B:7♠ 6♦ 5♠=8  BANKER(W)  | +950원 → 198,000원
H2011 | bet   1,000원 BANKER | P:3♥ 9♥ 9♠=1  B:Q♣ J♠ 9♥=9  BANKER(W)  | +950원 → 198,950원
H2012 | bet   1,000원 BANKER | P:4♣ Q♦ 3♦=7  B:J♣ 4♦ A♣=5  PLAYER(L)  | -1,000원 → 197,950원  [start]
H2013 | bet   2,000원 PLAYER | P:2♦ 10♣=2  B:8♦ 10♦=8  BANKER(L)  | -2,000원 → 195,950원
H2014 | bet   4,000원 PLAYER | P:8♣ 9♥=7  B:5♣ J♦ 9♣=4  PLAYER(W)  | +4,000원 → 199,950원  [end_win]
H2015 | bet   1,000원 BANKER | P:6♦ 3♣=9  B:7♣ 5♦=2  PLAYER(L)  | -1,000원 → 198,950원  [start]
H2016 | bet   2,000원 PLAYER | P:K♣ A♦ J♠=1  B:4♥ 2♣=6  BANKER(L)  | -2,000원 → 196,950원
H2017 | bet   4,000원 PLAYER | P:K♦ 6♠=6  B:Q♦ K♠ 9♣=9  BANKER(L)  | -4,000원 → 192,950원
H2018 | bet   8,000원 PLAYER | P:Q♦ J♠ 8♠=8  B:6♦ 4♦ Q♣=0  PLAYER(W)  | +8,000원 → 200,950원  [end_win]
H2019 | bet   1,000원 BANKER | P:10♣ 3♠ 9♦=2  B:8♥ 4♠ J♣=2  TIE(T)  |     0원 → 200,950원
H2020 | bet   1,000원 BANKER | P:Q♣ 10♥ 5♠=5  B:3♥ Q♠ 9♥=2  PLAYER(L)  | -1,000원 → 199,950원  [start]
H2021 | bet   2,000원 PLAYER | P:J♠ 4♥ 3♣=7  B:9♠ A♥ 2♣=2  PLAYER(W)  | +2,000원 → 201,950원  [end_win]
H2022 | bet   1,000원 BANKER | P:6♠ 3♣=9  B:8♣ 7♥=5  PLAYER(L)  | -1,000원 → 200,950원  [start]
H2023 | bet   2,000원 PLAYER | P:2♠ A♠ 4♣=7  B:K♣ J♦ 5♠=5  PLAYER(W)  | +2,000원 → 202,950원  [end_win]
H2024 | bet   1,000원 BANKER | P:10♦ 8♥=8  B:10♦ 7♦=7  PLAYER(L)  | -1,000원 → 201,950원  [start]
H2025 | bet   2,000원 PLAYER | P:7♣ A♦=8  B:Q♠ J♥=0  PLAYER(W)  | +2,000원 → 203,950원  [end_win]
H2026 | bet   1,000원 BANKER | P:Q♠ Q♥ J♠=0  B:A♥ A♦ 8♠=0  TIE(T)  |     0원 → 203,950원
H2027 | bet   1,000원 BANKER | P:6♥ 8♣ A♥=5  B:J♦ 10♦ 4♥=4  PLAYER(L)  | -1,000원 → 202,950원  [start]
H2028 | bet   2,000원 PLAYER | P:2♥ 6♦=8  B:Q♣ 4♦=4  PLAYER(W)  | +2,000원 → 204,950원  [end_win]
H2029 | bet   1,000원 BANKER | P:A♥ 5♥=6  B:7♦ 9♣=6  TIE(T)  |     0원 → 204,950원
H2030 | bet   1,000원 BANKER | P:K♣ Q♠ 7♠=7  B:J♣ 6♠ 4♠=0  PLAYER(L)  | -1,000원 → 203,950원  [start]
H2031 | bet   2,000원 PLAYER | P:2♠ 4♣=6  B:8♥ 4♠ 8♣=0  PLAYER(W)  | +2,000원 → 205,950원  [end_win]
H2032 | bet   1,000원 BANKER | P:J♥ J♠ A♠=1  B:Q♥ 6♥=6  BANKER(W)  | +950원 → 206,900원
H2033 | bet   1,000원 BANKER | P:J♥ 8♥=8  B:3♥ 7♣=0  PLAYER(L)  | -1,000원 → 205,900원  [start]
H2034 | bet   2,000원 PLAYER | P:3♦ A♠ A♣=5  B:2♦ 5♣=7  BANKER(L)  | -2,000원 → 203,900원
H2035 | bet   4,000원 PLAYER | P:4♥ 10♥=4  B:5♥ 4♠=9  BANKER(L)  | -4,000원 → 199,900원
H2036 | bet   8,000원 PLAYER | P:6♣ 7♦=3  B:7♠ 2♠=9  BANKER(L)  | -8,000원 → 191,900원
H2037 | bet  16,000원 PLAYER | P:K♣ 4♥=4  B:2♥ 6♠=8  BANKER(L)  | -16,000원 → 175,900원
H2038 | bet  32,000원 PLAYER | P:J♦ 6♥=6  B:6♥ 4♦ K♥=0  PLAYER(W)  | +32,000원 → 207,900원  [end_win]
H2039 | bet   1,000원 BANKER | P:A♣ K♦ K♦=1  B:Q♦ K♠ 3♦=3  BANKER(W)  | +950원 → 208,850원
H2040 | bet   1,000원 BANKER | P:4♦ A♥ 2♠=7  B:Q♥ 7♣=7  TIE(T)  |     0원 → 208,850원
H2041 | bet   1,000원 BANKER | P:7♠ 3♣ 5♥=5  B:Q♠ 3♠ A♠=4  PLAYER(L)  | -1,000원 → 207,850원  [start]
H2042 | bet   2,000원 PLAYER | P:J♣ 10♥ 6♦=6  B:7♠ 4♥ K♠=1  PLAYER(W)  | +2,000원 → 209,850원  [end_win]
H2043 | bet   1,000원 BANKER | P:7♣ 8♣ 6♣=1  B:2♥ 4♠ 7♥=3  BANKER(W)  | +950원 → 210,800원
H2044 | bet   1,000원 BANKER | P:2♣ 7♣=9  B:2♥ 4♦=6  PLAYER(L)  | -1,000원 → 209,800원  [start]
H2045 | bet   2,000원 PLAYER | P:K♠ 2♠ 6♠=8  B:A♦ K♥ Q♦=1  PLAYER(W)  | +2,000원 → 211,800원  [end_win]
H2046 | bet   1,000원 BANKER | P:7♦ K♥=7  B:8♦ J♠=8  BANKER(W)  | +950원 → 212,750원
H2047 | bet   1,000원 BANKER | P:5♥ 10♣ 2♠=7  B:2♥ 5♦=7  TIE(T)  |     0원 → 212,750원
H2048 | bet   1,000원 BANKER | P:A♥ 2♥ 6♠=9  B:5♥ J♦ 8♣=3  PLAYER(L)  | -1,000원 → 211,750원  [start]
H2049 | bet   2,000원 PLAYER | P:8♣ K♥=8  B:9♠ J♣=9  BANKER(L)  | -2,000원 → 209,750원
H2050 | bet   4,000원 PLAYER | P:3♦ 6♥=9  B:5♦ 9♠=4  PLAYER(W)  | +4,000원 → 213,750원  [end_win]
H2051 | bet   1,000원 BANKER | P:2♣ 4♥=6  B:Q♦ 4♦ Q♦=4  PLAYER(L)  | -1,000원 → 212,750원  [start]
H2052 | bet   2,000원 PLAYER | P:5♣ 10♠ 4♥=9  B:5♣ 5♣ A♠=1  PLAYER(W)  | +2,000원 → 214,750원  [end_win]
H2053 | bet   1,000원 BANKER | P:7♥ 7♣ 4♠=8  B:3♦ 3♣=6  PLAYER(L)  | -1,000원 → 213,750원  [start]
H2054 | bet   2,000원 PLAYER | P:K♣ 6♣=6  B:2♠ 3♥ Q♦=5  PLAYER(W)  | +2,000원 → 215,750원  [end_win]
H2055 | bet   1,000원 BANKER | P:2♥ 4♣=6  B:2♣ 10♥ 3♠=5  PLAYER(L)  | -1,000원 → 214,750원  [start]
H2056 | bet   2,000원 PLAYER | P:4♣ K♦ A♠=5  B:6♦ 8♠=4  PLAYER(W)  | +2,000원 → 216,750원  [end_win]
H2057 | bet   1,000원 BANKER | P:J♦ 8♥=8  B:Q♥ 2♠=2  PLAYER(L)  | -1,000원 → 215,750원  [start]
H2058 | bet   2,000원 PLAYER | P:10♣ 6♦=6  B:5♣ 9♥ 4♣=8  BANKER(L)  | -2,000원 → 213,750원
H2059 | bet   4,000원 PLAYER | P:Q♦ 8♥=8  B:J♠ 4♠=4  PLAYER(W)  | +4,000원 → 217,750원  [end_win]
H2060 | bet   1,000원 BANKER | P:4♦ K♣ 7♥=1  B:6♣ 4♥ A♦=1  TIE(T)  |     0원 → 217,750원
H2061 | bet   1,000원 BANKER | P:Q♥ 6♠=6  B:8♣ Q♥=8  BANKER(W)  | +950원 → 218,700원
H2062 | bet   1,000원 BANKER | P:A♥ Q♠ 6♠=7  B:Q♦ 7♦=7  TIE(T)  |     0원 → 218,700원
H2063 | bet   1,000원 BANKER | P:A♠ 10♥ 10♦=1  B:7♦ Q♥=7  BANKER(W)  | +950원 → 219,650원
H2064 | bet   1,000원 BANKER | P:10♠ J♥ 10♦=0  B:5♠ J♠=5  BANKER(W)  | +950원 → 220,600원
H2065 | bet   1,000원 BANKER | P:9♦ K♣=9  B:9♣ A♦=0  PLAYER(L)  | -1,000원 → 219,600원  [start]
H2066 | bet   2,000원 PLAYER | P:10♦ 7♦=7  B:6♥ 4♠ 6♥=6  PLAYER(W)  | +2,000원 → 221,600원  [end_win]
H2067 | bet   1,000원 BANKER | P:4♣ 3♣=7  B:7♠ 4♦ K♦=1  PLAYER(L)  | -1,000원 → 220,600원  [start]
H2068 | bet   2,000원 PLAYER | P:9♥ 4♠=3  B:J♣ 9♦=9  BANKER(L)  | -2,000원 → 218,600원
H2069 | bet   4,000원 PLAYER | P:5♦ K♥ K♦=5  B:10♠ 10♣ 5♠=5  TIE(T)  |     0원 → 218,600원
H2070 | bet   4,000원 PLAYER | P:4♥ K♥ A♦=5  B:10♥ 4♥=4  PLAYER(W)  | +4,000원 → 222,600원  [end_win]
H2071 | bet   1,000원 BANKER | P:J♥ 8♦=8  B:3♥ 4♦=7  PLAYER(L)  | -1,000원 → 221,600원  [start]
H2072 | bet   2,000원 PLAYER | P:2♥ A♠ 4♣=7  B:10♦ A♦ 6♠=7  TIE(T)  |     0원 → 221,600원
H2073 | bet   2,000원 PLAYER | P:4♠ 10♣ 8♠=2  B:2♦ Q♣ 6♥=8  BANKER(L)  | -2,000원 → 219,600원
H2074 | bet   4,000원 PLAYER | P:A♠ 5♥=6  B:J♣ 7♥=7  BANKER(L)  | -4,000원 → 215,600원
H2075 | bet   8,000원 PLAYER | P:Q♣ 5♥=5  B:5♦ 3♦=8  BANKER(L)  | -8,000원 → 207,600원
H2076 | bet  16,000원 PLAYER | P:9♣ 2♦ 5♦=6  B:7♠ J♠=7  BANKER(L)  | -16,000원 → 191,600원
H2077 | bet  32,000원 PLAYER | P:K♣ 8♥=8  B:J♠ A♥=1  PLAYER(W)  | +32,000원 → 223,600원  [end_win]
H2078 | bet   1,000원 BANKER | P:7♦ 7♥ 9♦=3  B:3♦ 8♥ K♦=1  PLAYER(L)  | -1,000원 → 222,600원  [start]
H2079 | bet   2,000원 PLAYER | P:3♣ 7♥ 10♣=0  B:3♦ 4♣=7  BANKER(L)  | -2,000원 → 220,600원
H2080 | bet   4,000원 PLAYER | P:K♣ K♦ 3♦=3  B:Q♣ 5♠=5  BANKER(L)  | -4,000원 → 216,600원
H2081 | bet   8,000원 PLAYER | P:3♠ 5♥=8  B:5♥ 9♠=4  PLAYER(W)  | +8,000원 → 224,600원  [end_win]
H2082 | bet   1,000원 BANKER | P:2♥ A♠ 7♦=0  B:K♥ J♦ 6♦=6  BANKER(W)  | +950원 → 225,550원
H2083 | bet   1,000원 BANKER | P:5♦ 10♥=5  B:9♥ 10♦=9  BANKER(W)  | +950원 → 226,500원
H2084 | bet   1,000원 BANKER | P:2♠ Q♣ K♠=2  B:J♣ A♦ 8♠=9  BANKER(W)  | +950원 → 227,450원
H2085 | bet   1,000원 BANKER | P:8♠ 7♥=5  B:9♥ J♥=9  BANKER(W)  | +950원 → 228,400원
H2086 | bet   1,000원 BANKER | P:A♥ 8♣=9  B:3♣ 8♥=1  PLAYER(L)  | -1,000원 → 227,400원  [start]
H2087 | bet   2,000원 PLAYER | P:4♦ A♦=5  B:6♣ 2♦=8  BANKER(L)  | -2,000원 → 225,400원
H2088 | bet   4,000원 PLAYER | P:Q♣ 8♣=8  B:4♥ 6♥=0  PLAYER(W)  | +4,000원 → 229,400원  [end_win]
H2089 | bet   1,000원 BANKER | P:9♣ 9♠=8  B:3♦ 3♠=6  PLAYER(L)  | -1,000원 → 228,400원  [start]
H2090 | bet   2,000원 PLAYER | P:6♥ J♦=6  B:2♣ 3♥ J♣=5  PLAYER(W)  | +2,000원 → 230,400원  [end_win]
H2091 | bet   1,000원 BANKER | P:2♦ J♥ 2♣=4  B:K♥ 3♠ 5♥=8  BANKER(W)  | +950원 → 231,350원
H2092 | bet   1,000원 BANKER | P:4♥ 9♠ J♦=3  B:5♠ J♣=5  BANKER(W)  | +950원 → 232,300원
H2093 | bet   1,000원 BANKER | P:3♣ 6♦=9  B:2♣ 9♣=1  PLAYER(L)  | -1,000원 → 231,300원  [start]
H2094 | bet   2,000원 PLAYER | P:2♥ K♣ A♣=3  B:K♦ K♦ 10♣=0  PLAYER(W)  | +2,000원 → 233,300원  [end_win]
H2095 | bet   1,000원 BANKER | P:4♥ 5♣=9  B:8♦ 4♠=2  PLAYER(L)  | -1,000원 → 232,300원  [start]
H2096 | bet   2,000원 PLAYER | P:7♥ 3♠ A♥=1  B:10♦ 6♠=6  BANKER(L)  | -2,000원 → 230,300원
H2097 | bet   4,000원 PLAYER | P:7♦ 4♠ 9♠=0  B:2♦ 2♥=4  BANKER(L)  | -4,000원 → 226,300원
H2098 | bet   8,000원 PLAYER | P:7♦ 7♣ 10♦=4  B:K♠ J♥ A♣=1  PLAYER(W)  | +8,000원 → 234,300원  [end_win]
H2099 | bet   1,000원 BANKER | P:Q♠ 5♣ 2♠=7  B:J♠ A♣ J♠=1  PLAYER(L)  | -1,000원 → 233,300원  [start]
H2100 | bet   2,000원 PLAYER | P:K♣ 10♣=0  B:A♣ 7♠=8  BANKER(L)  | -2,000원 → 231,300원
H2101 | bet   4,000원 PLAYER | P:8♣ 9♥=7  B:Q♣ 9♦=9  BANKER(L)  | -4,000원 → 227,300원
H2102 | bet   8,000원 PLAYER | P:A♥ 8♦=9  B:8♥ K♥=8  PLAYER(W)  | +8,000원 → 235,300원  [end_win]
H2103 | bet   1,000원 BANKER | P:4♠ 3♥=7  B:6♥ 3♠=9  BANKER(W)  | +950원 → 236,250원
H2104 | bet   1,000원 BANKER | P:K♠ 4♣=4  B:7♦ 2♥=9  BANKER(W)  | +950원 → 237,200원
H2105 | bet   1,000원 BANKER | P:A♣ 6♠=7  B:J♠ 7♣=7  TIE(T)  |     0원 → 237,200원
H2106 | bet   1,000원 BANKER | P:Q♦ Q♠ Q♦=0  B:5♠ J♦=5  BANKER(W)  | +950원 → 238,150원
H2107 | bet   1,000원 BANKER | P:6♦ 9♣ Q♠=5  B:5♦ 8♠ 8♠=1  PLAYER(L)  | -1,000원 → 237,150원  [start]
H2108 | bet   2,000원 PLAYER | P:4♦ 5♦=9  B:3♦ Q♥=3  PLAYER(W)  | +2,000원 → 239,150원  [end_win]
H2109 | bet   1,000원 BANKER | P:6♦ 3♥=9  B:5♠ A♣=6  PLAYER(L)  | -1,000원 → 238,150원  [start]
H2110 | bet   2,000원 PLAYER | P:8♣ 6♣ 9♣=3  B:Q♥ 10♥ 9♥=9  BANKER(L)  | -2,000원 → 236,150원
H2111 | bet   4,000원 PLAYER | P:6♣ 7♠=3  B:A♦ 7♣=8  BANKER(L)  | -4,000원 → 232,150원
H2112 | bet   8,000원 PLAYER | P:10♥ 8♦=8  B:9♦ 5♣=4  PLAYER(W)  | +8,000원 → 240,150원  [end_win]
H2113 | bet   1,000원 BANKER | P:9♣ 9♥=8  B:J♥ Q♦=0  PLAYER(L)  | -1,000원 → 239,150원  [start]
H2114 | bet   2,000원 PLAYER | P:7♣ K♠=7  B:A♠ 5♣=6  PLAYER(W)  | +2,000원 → 241,150원  [end_win]
H2115 | bet   1,000원 BANKER | P:10♠ 3♥=3  B:8♦ 10♥=8  BANKER(W)  | +950원 → 242,100원
H2116 | bet   1,000원 BANKER | P:10♠ 4♦ 8♣=2  B:2♠ 9♦ 7♠=8  BANKER(W)  | +950원 → 243,050원
H2117 | bet   1,000원 BANKER | P:9♣ 10♠=9  B:3♣ K♠=3  PLAYER(L)  | -1,000원 → 242,050원  [start]
H2118 | bet   2,000원 PLAYER | P:7♣ Q♥=7  B:K♣ 5♥ 10♣=5  PLAYER(W)  | +2,000원 → 244,050원  [end_win]
H2119 | bet   1,000원 BANKER | P:J♦ J♠ 2♦=2  B:A♥ 2♦ 6♣=9  BANKER(W)  | +950원 → 245,000원
H2120 | bet   1,000원 BANKER | P:J♥ Q♠ 6♠=6  B:2♠ J♦ 6♠=8  BANKER(W)  | +950원 → 245,950원
H2121 | bet   1,000원 BANKER | P:Q♠ 7♠=7  B:Q♥ 3♣ 10♠=3  PLAYER(L)  | -1,000원 → 244,950원  [start]
H2122 | bet   2,000원 PLAYER | P:Q♣ 10♦=0  B:K♠ 9♠=9  BANKER(L)  | -2,000원 → 242,950원
H2123 | bet   4,000원 PLAYER | P:A♣ K♠=1  B:8♦ A♥=9  BANKER(L)  | -4,000원 → 238,950원
H2124 | bet   8,000원 PLAYER | P:6♣ 8♥ 7♥=1  B:7♣ 5♠ 7♣=9  BANKER(L)  | -8,000원 → 230,950원
H2125 | bet  16,000원 PLAYER | P:5♦ K♥ 8♠=3  B:2♥ 3♥=5  BANKER(L)  | -16,000원 → 214,950원
H2126 | bet  32,000원 PLAYER | P:K♥ 7♠=7  B:5♠ A♣=6  PLAYER(W)  | +32,000원 → 246,950원  [end_win]
H2127 | bet   1,000원 BANKER | P:9♦ 8♦=7  B:6♥ K♠=6  PLAYER(L)  | -1,000원 → 245,950원  [start]
H2128 | bet   2,000원 PLAYER | P:Q♠ 9♠=9  B:10♠ 7♠=7  PLAYER(W)  | +2,000원 → 247,950원  [end_win]
H2129 | bet   1,000원 BANKER | P:9♦ 8♠=7  B:6♣ 2♣=8  BANKER(W)  | +950원 → 248,900원
H2130 | bet   1,000원 BANKER | P:4♣ 9♥ 3♣=6  B:3♥ 10♥ 10♣=3  PLAYER(L)  | -1,000원 → 247,900원  [start]
H2131 | bet   2,000원 PLAYER | P:6♦ 6♦ 2♠=4  B:Q♠ A♠ 8♥=9  BANKER(L)  | -2,000원 → 245,900원
H2132 | bet   4,000원 PLAYER | P:5♥ 2♠=7  B:2♣ Q♣ 2♣=4  PLAYER(W)  | +4,000원 → 249,900원  [end_win]
H2133 | bet   1,000원 BANKER | P:5♠ 6♠ 8♣=9  B:J♣ K♦ 6♥=6  PLAYER(L)  | -1,000원 → 248,900원  [start]
H2134 | bet   2,000원 PLAYER | P:10♥ 6♠=6  B:2♠ 8♦ K♣=0  PLAYER(W)  | +2,000원 → 250,900원  [end_win]
H2135 | bet   1,000원 BANKER | P:7♦ 7♦ 5♦=9  B:8♠ 7♥ K♦=5  PLAYER(L)  | -1,000원 → 249,900원  [start]
H2136 | bet   2,000원 PLAYER | P:3♣ 3♣=6  B:2♥ 9♠ J♣=1  PLAYER(W)  | +2,000원 → 251,900원  [end_win]
H2137 | bet   1,000원 BANKER | P:9♠ 2♣=1  B:J♥ 9♠=9  BANKER(W)  | +950원 → 252,850원
H2138 | bet   1,000원 BANKER | P:6♣ 6♠ Q♥=2  B:Q♠ 10♦ 3♣=3  BANKER(W)  | +950원 → 253,800원
H2139 | bet   1,000원 BANKER | P:J♥ 2♠=2  B:7♣ 2♣=9  BANKER(W)  | +950원 → 254,750원
H2140 | bet   1,000원 BANKER | P:9♦ 2♥ 10♠=1  B:6♠ J♣=6  BANKER(W)  | +950원 → 255,700원
H2141 | bet   1,000원 BANKER | P:2♣ 4♣=6  B:8♦ 5♥ 9♦=2  PLAYER(L)  | -1,000원 → 254,700원  [start]
H2142 | bet   2,000원 PLAYER | P:2♣ 3♠ 6♦=1  B:2♣ 10♠ J♠=2  BANKER(L)  | -2,000원 → 252,700원
H2143 | bet   4,000원 PLAYER | P:10♥ 8♥=8  B:6♥ 8♦=4  PLAYER(W)  | +4,000원 → 256,700원  [end_win]
H2144 | bet   1,000원 BANKER | P:J♠ A♣ 8♥=9  B:4♠ 2♦=6  PLAYER(L)  | -1,000원 → 255,700원  [start]
H2145 | bet   2,000원 PLAYER | P:5♥ 4♥=9  B:4♥ 8♠=2  PLAYER(W)  | +2,000원 → 257,700원  [end_win]
H2146 | bet   1,000원 BANKER | P:5♠ J♥ 3♠=8  B:K♠ K♦ A♣=1  PLAYER(L)  | -1,000원 → 256,700원  [start]
H2147 | bet   2,000원 PLAYER | P:A♥ 5♦=6  B:7♣ A♦=8  BANKER(L)  | -2,000원 → 254,700원
H2148 | bet   4,000원 PLAYER | P:3♦ 7♠ 3♣=3  B:5♣ 8♦ 2♥=5  BANKER(L)  | -4,000원 → 250,700원
H2149 | bet   8,000원 PLAYER | P:4♣ 3♦=7  B:9♣ 7♦=6  PLAYER(W)  | +8,000원 → 258,700원  [end_win]
H2150 | bet   1,000원 BANKER | P:6♦ 7♦ A♣=4  B:8♥ 4♠ 8♠=0  PLAYER(L)  | -1,000원 → 257,700원  [start]
H2151 | bet   2,000원 PLAYER | P:4♠ 9♦ 3♣=6  B:4♠ 10♣ 4♠=8  BANKER(L)  | -2,000원 → 255,700원
H2152 | bet   4,000원 PLAYER | P:6♠ 4♥ 3♠=3  B:Q♦ 10♣ J♦=0  PLAYER(W)  | +4,000원 → 259,700원  [end_win]
H2153 | bet   1,000원 BANKER | P:2♠ 3♠ 5♥=0  B:8♥ 7♥ A♦=6  BANKER(W)  | +950원 → 260,650원
H2154 | bet   1,000원 BANKER | P:Q♣ J♠ Q♣=0  B:4♥ 2♦=6  BANKER(W)  | +950원 → 261,600원
H2155 | bet   1,000원 BANKER | P:9♦ 2♠ K♦=1  B:8♦ 5♦ 5♠=8  BANKER(W)  | +950원 → 262,550원
H2156 | bet   1,000원 BANKER | P:J♦ 9♣=9  B:4♦ 8♥=2  PLAYER(L)  | -1,000원 → 261,550원  [start]
H2157 | bet   2,000원 PLAYER | P:A♠ 2♥ 6♦=9  B:10♣ 4♣ 5♥=9  TIE(T)  |     0원 → 261,550원
H2158 | bet   2,000원 PLAYER | P:10♥ 4♣ K♥=4  B:6♠ 8♠=4  TIE(T)  |     0원 → 261,550원
H2159 | bet   2,000원 PLAYER | P:4♦ Q♠=4  B:8♥ Q♦=8  BANKER(L)  | -2,000원 → 259,550원
H2160 | bet   4,000원 PLAYER | P:Q♣ J♥ 8♣=8  B:K♠ 4♠=4  PLAYER(W)  | +4,000원 → 263,550원  [end_win]
H2161 | bet   1,000원 BANKER | P:K♥ 10♠ K♥=0  B:A♠ A♠ 10♦=2  BANKER(W)  | +950원 → 264,500원
H2162 | bet   1,000원 BANKER | P:J♦ 5♦ 3♣=8  B:4♦ K♦ 2♠=6  PLAYER(L)  | -1,000원 → 263,500원  [start]
H2163 | bet   2,000원 PLAYER | P:7♥ 4♦ Q♠=1  B:3♥ 10♦ 6♣=9  BANKER(L)  | -2,000원 → 261,500원
H2164 | bet   4,000원 PLAYER | P:9♦ 9♠=8  B:3♠ 8♣=1  PLAYER(W)  | +4,000원 → 265,500원  [end_win]
H2165 | bet   1,000원 BANKER | P:3♦ 10♥ K♥=3  B:6♣ 4♦ 2♦=2  PLAYER(L)  | -1,000원 → 264,500원  [start]
H2166 | bet   2,000원 PLAYER | P:5♦ 8♣ Q♦=3  B:A♠ 2♥ 9♠=2  PLAYER(W)  | +2,000원 → 266,500원  [end_win]
H2167 | bet   1,000원 BANKER | P:6♣ Q♥=6  B:2♥ 5♦=7  BANKER(W)  | +950원 → 267,450원
H2168 | bet   1,000원 BANKER | P:Q♠ 9♥=9  B:A♦ 7♥=8  PLAYER(L)  | -1,000원 → 266,450원  [start]
H2169 | bet   2,000원 PLAYER | P:2♦ 5♠=7  B:7♦ 7♣ Q♦=4  PLAYER(W)  | +2,000원 → 268,450원  [end_win]
H2170 | bet   1,000원 BANKER | P:A♣ 2♠ 9♠=2  B:6♥ A♥=7  BANKER(W)  | +950원 → 269,400원
H2171 | bet   1,000원 BANKER | P:7♣ 4♦ A♥=2  B:A♦ 9♦ 5♦=5  BANKER(W)  | +950원 → 270,350원
H2172 | bet   1,000원 BANKER | P:6♠ 9♣ Q♠=5  B:2♣ K♣ K♣=2  PLAYER(L)  | -1,000원 → 269,350원  [start]
H2173 | bet   2,000원 PLAYER | P:6♦ 9♥ K♣=5  B:3♦ 7♣ A♣=1  PLAYER(W)  | +2,000원 → 271,350원  [end_win]
H2174 | bet   1,000원 BANKER | P:Q♦ A♣ 2♦=3  B:J♠ 6♣=6  BANKER(W)  | +950원 → 272,300원
H2175 | bet   1,000원 BANKER | P:K♠ 10♠ 9♥=9  B:9♦ 7♥=6  PLAYER(L)  | -1,000원 → 271,300원  [start]
H2176 | bet   2,000원 PLAYER | P:Q♥ 9♦=9  B:7♠ 2♦=9  TIE(T)  |     0원 → 271,300원
H2177 | bet   2,000원 PLAYER | P:10♠ 2♠ 7♠=9  B:Q♠ A♠ 3♠=4  PLAYER(W)  | +2,000원 → 273,300원  [end_win]
H2178 | bet   1,000원 BANKER | P:J♦ J♠ 3♠=3  B:5♠ 8♦ 7♦=0  PLAYER(L)  | -1,000원 → 272,300원  [start]
H2179 | bet   2,000원 PLAYER | P:K♣ J♥ A♠=1  B:4♠ A♣=5  BANKER(L)  | -2,000원 → 270,300원
H2180 | bet   4,000원 PLAYER | P:K♥ 5♣ 8♦=3  B:7♣ 10♣=7  BANKER(L)  | -4,000원 → 266,300원
H2181 | bet   8,000원 PLAYER | P:7♠ Q♦=7  B:7♠ Q♥=7  TIE(T)  |     0원 → 266,300원
H2182 | bet   8,000원 PLAYER | P:8♣ 10♥=8  B:Q♣ 5♥=5  PLAYER(W)  | +8,000원 → 274,300원  [end_win]
H2183 | bet   1,000원 BANKER | P:6♦ 10♣=6  B:10♠ K♥ 5♣=5  PLAYER(L)  | -1,000원 → 273,300원  [start]
H2184 | bet   2,000원 PLAYER | P:6♣ 2♦=8  B:A♦ 3♦=4  PLAYER(W)  | +2,000원 → 275,300원  [end_win]
H2185 | bet   1,000원 BANKER | P:3♠ 4♥=7  B:3♥ 7♥ J♣=0  PLAYER(L)  | -1,000원 → 274,300원  [start]
H2186 | bet   2,000원 PLAYER | P:J♣ 10♦ 9♣=9  B:6♥ A♠=7  PLAYER(W)  | +2,000원 → 276,300원  [end_win]
H2187 | bet   1,000원 BANKER | P:A♦ A♦ K♠=2  B:Q♠ J♣ 8♥=8  BANKER(W)  | +950원 → 277,250원
H2188 | bet   1,000원 BANKER | P:K♠ Q♣ Q♣=0  B:3♣ 3♥=6  BANKER(W)  | +950원 → 278,200원
H2189 | bet   1,000원 BANKER | P:A♥ J♠=1  B:4♦ 4♥=8  BANKER(W)  | +950원 → 279,150원
H2190 | bet   1,000원 BANKER | P:3♥ J♦ A♥=4  B:4♣ 3♦=7  BANKER(W)  | +950원 → 280,100원
H2191 | bet   1,000원 BANKER | P:4♣ 7♦ K♣=1  B:J♦ 5♠=5  BANKER(W)  | +950원 → 281,050원
H2192 | bet   1,000원 BANKER | P:Q♠ A♣ 10♣=1  B:10♥ 7♦=7  BANKER(W)  | +950원 → 282,000원
H2193 | bet   1,000원 BANKER | P:Q♥ 10♦ 8♣=8  B:J♠ Q♥ J♣=0  PLAYER(L)  | -1,000원 → 281,000원  [start]
H2194 | bet   2,000원 PLAYER | P:J♥ 7♠=7  B:Q♦ 4♠ J♥=4  PLAYER(W)  | +2,000원 → 283,000원  [end_win]
H2195 | bet   1,000원 BANKER | P:5♣ 2♣=7  B:9♣ 3♥ 9♠=1  PLAYER(L)  | -1,000원 → 282,000원  [start]
H2196 | bet   2,000원 PLAYER | P:10♦ 6♦=6  B:K♠ K♦ 10♠=0  PLAYER(W)  | +2,000원 → 284,000원  [end_win]
H2197 | bet   1,000원 BANKER | P:5♥ K♦ 5♠=0  B:2♥ 9♣ A♦=2  BANKER(W)  | +950원 → 284,950원
H2198 | bet   1,000원 BANKER | P:K♥ 8♣=8  B:4♥ 3♦=7  PLAYER(L)  | -1,000원 → 283,950원  [start]
H2199 | bet   2,000원 PLAYER | P:5♥ 8♠ 7♣=0  B:5♣ 7♠ 6♥=8  BANKER(L)  | -2,000원 → 281,950원
H2200 | bet   4,000원 PLAYER | P:6♣ J♥=6  B:9♣ 9♥=8  BANKER(L)  | -4,000원 → 277,950원
H2201 | bet   8,000원 PLAYER | P:5♣ K♣ Q♥=5  B:3♣ 4♥=7  BANKER(L)  | -8,000원 → 269,950원
H2202 | bet  16,000원 PLAYER | P:A♥ 2♦ 8♦=1  B:7♥ 3♦ 10♣=0  PLAYER(W)  | +16,000원 → 285,950원  [end_win]
H2203 | bet   1,000원 BANKER | P:2♠ 5♦=7  B:10♦ 9♥=9  BANKER(W)  | +950원 → 286,900원
H2204 | bet   1,000원 BANKER | P:J♣ 3♥ 2♣=5  B:5♣ A♥=6  BANKER(W)  | +950원 → 287,850원
H2205 | bet   1,000원 BANKER | P:5♣ 9♣ 6♣=0  B:8♠ 7♠ 6♥=1  BANKER(W)  | +950원 → 288,800원
H2206 | bet   1,000원 BANKER | P:6♠ 4♦ 5♥=5  B:A♥ Q♣ K♠=1  PLAYER(L)  | -1,000원 → 287,800원  [start]
H2207 | bet   2,000원 PLAYER | P:Q♦ Q♥ 6♥=6  B:2♥ K♦ J♠=2  PLAYER(W)  | +2,000원 → 289,800원  [end_win]
H2208 | bet   1,000원 BANKER | P:10♣ 8♣=8  B:10♥ 6♦=6  PLAYER(L)  | -1,000원 → 288,800원  [start]
H2209 | bet   2,000원 PLAYER | P:9♥ 6♥ 3♥=8  B:10♠ 10♦ 8♠=8  TIE(T)  |     0원 → 288,800원
H2210 | bet   2,000원 PLAYER | P:10♥ 7♥=7  B:8♥ 7♣ 4♣=9  BANKER(L)  | -2,000원 → 286,800원
H2211 | bet   4,000원 PLAYER | P:3♥ 9♥ A♠=3  B:5♠ 8♠ K♠=3  TIE(T)  |     0원 → 286,800원
H2212 | bet   4,000원 PLAYER | P:8♣ 8♣=6  B:3♥ 2♦ 10♦=5  PLAYER(W)  | +4,000원 → 290,800원  [end_win]
H2213 | bet   1,000원 BANKER | P:J♦ 5♦=5  B:Q♣ 9♥=9  BANKER(W)  | +950원 → 291,750원
H2214 | bet   1,000원 BANKER | P:3♣ 3♦=6  B:7♣ J♠=7  BANKER(W)  | +950원 → 292,700원
H2215 | bet   1,000원 BANKER | P:6♣ 10♥=6  B:2♠ 7♠=9  BANKER(W)  | +950원 → 293,650원
H2216 | bet   1,000원 BANKER | P:K♦ 6♠=6  B:A♥ Q♠ K♦=1  PLAYER(L)  | -1,000원 → 292,650원  [start]
H2217 | bet   2,000원 PLAYER | P:Q♦ 4♦ A♦=5  B:5♥ 9♣=4  PLAYER(W)  | +2,000원 → 294,650원  [end_win]
H2218 | bet   1,000원 BANKER | P:K♣ J♥ 5♥=5  B:3♦ 2♠ 6♣=1  PLAYER(L)  | -1,000원 → 293,650원  [start]
H2219 | bet   2,000원 PLAYER | P:10♠ 7♦=7  B:J♠ 9♥=9  BANKER(L)  | -2,000원 → 291,650원
H2220 | bet   4,000원 PLAYER | P:7♦ 3♠ 6♥=6  B:J♦ 10♦ 10♦=0  PLAYER(W)  | +4,000원 → 295,650원  [end_win]
H2221 | bet   1,000원 BANKER | P:2♣ 3♦ 3♣=8  B:8♠ 5♣ 3♦=6  PLAYER(L)  | -1,000원 → 294,650원  [start]
H2222 | bet   2,000원 PLAYER | P:10♠ 9♥=9  B:10♣ 8♠=8  PLAYER(W)  | +2,000원 → 296,650원  [end_win]
H2223 | bet   1,000원 BANKER | P:Q♥ Q♥ Q♣=0  B:A♦ A♦ 3♦=5  BANKER(W)  | +950원 → 297,600원
H2224 | bet   1,000원 BANKER | P:5♠ K♥=5  B:8♥ K♣=8  BANKER(W)  | +950원 → 298,550원
H2225 | bet   1,000원 BANKER | P:10♣ J♥ A♠=1  B:8♦ 7♠=5  BANKER(W)  | +950원 → 299,500원
H2226 | bet   1,000원 BANKER | P:9♠ 9♣=8  B:J♥ 4♥=4  PLAYER(L)  | -1,000원 → 298,500원  [start]
H2227 | bet   2,000원 PLAYER | P:Q♣ 7♠=7  B:7♠ 2♣=9  BANKER(L)  | -2,000원 → 296,500원
H2228 | bet   4,000원 PLAYER | P:2♦ 6♣=8  B:4♣ A♣=5  PLAYER(W)  | +4,000원 → 300,500원  [end_win]
H2229 | bet   1,000원 BANKER | P:8♣ A♠=9  B:10♠ 7♠=7  PLAYER(L)  | -1,000원 → 299,500원  [start]
H2230 | bet   2,000원 PLAYER | P:J♣ Q♠ 9♥=9  B:6♦ 9♦=5  PLAYER(W)  | +2,000원 → 301,500원  [end_win]
H2231 | bet   1,000원 BANKER | P:K♠ K♠=0  B:A♣ 8♠=9  BANKER(W)  | +950원 → 302,450원
H2232 | bet   1,000원 BANKER | P:2♣ 3♦ 10♣=5  B:2♠ 5♣=7  BANKER(W)  | +950원 → 303,400원
H2233 | bet   1,000원 BANKER | P:7♠ 7♦ 9♥=3  B:4♥ A♠=5  BANKER(W)  | +950원 → 304,350원
H2234 | bet   1,000원 BANKER | P:9♥ 6♣ Q♠=5  B:A♣ 5♣=6  BANKER(W)  | +950원 → 305,300원
H2235 | bet   1,000원 BANKER | P:A♥ 5♥=6  B:J♥ 6♦=6  TIE(T)  |     0원 → 305,300원
H2236 | bet   1,000원 BANKER | P:4♦ 9♦ 7♦=0  B:Q♦ 2♥ 5♦=7  BANKER(W)  | +950원 → 306,250원
H2237 | bet   1,000원 BANKER | P:K♣ 5♥ Q♦=5  B:10♦ J♦ 3♥=3  PLAYER(L)  | -1,000원 → 305,250원  [start]
H2238 | bet   2,000원 PLAYER | P:3♣ 10♠ K♣=3  B:4♠ 9♥ 8♥=1  PLAYER(W)  | +2,000원 → 307,250원  [end_win]
H2239 | bet   1,000원 BANKER | P:10♣ J♥=0  B:4♦ 4♥=8  BANKER(W)  | +950원 → 308,200원
H2240 | bet   1,000원 BANKER | P:K♣ A♥=1  B:9♣ 10♣=9  BANKER(W)  | +950원 → 309,150원
H2241 | bet   1,000원 BANKER | P:10♠ A♦ Q♦=1  B:6♥ 10♦=6  BANKER(W)  | +950원 → 310,100원
H2242 | bet   1,000원 BANKER | P:K♠ 9♠=9  B:2♦ Q♣=2  PLAYER(L)  | -1,000원 → 309,100원  [start]
H2243 | bet   2,000원 PLAYER | P:7♦ 6♠ 3♦=6  B:K♥ 4♣ 2♥=6  TIE(T)  |     0원 → 309,100원
H2244 | bet   2,000원 PLAYER | P:9♦ 3♥ 2♠=4  B:4♥ 9♣ 6♥=9  BANKER(L)  | -2,000원 → 307,100원
H2245 | bet   4,000원 PLAYER | P:J♠ 6♥=6  B:8♣ 3♣ 2♣=3  PLAYER(W)  | +4,000원 → 311,100원  [end_win]
H2246 | bet   1,000원 BANKER | P:6♦ A♥=7  B:8♠ A♥=9  BANKER(W)  | +950원 → 312,050원
H2247 | bet   1,000원 BANKER | P:10♣ 10♦ J♠=0  B:3♣ A♠=4  BANKER(W)  | +950원 → 313,000원
H2248 | bet   1,000원 BANKER | P:K♦ K♥ A♣=1  B:8♦ 5♥ 3♥=6  BANKER(W)  | +950원 → 313,950원
H2249 | bet   1,000원 BANKER | P:10♠ 9♥=9  B:A♠ K♣=1  PLAYER(L)  | -1,000원 → 312,950원  [start]
H2250 | bet   2,000원 PLAYER | P:6♣ 4♠ 4♣=4  B:10♥ 7♥=7  BANKER(L)  | -2,000원 → 310,950원
H2251 | bet   4,000원 PLAYER | P:K♥ 2♦=2  B:J♠ 9♠=9  BANKER(L)  | -4,000원 → 306,950원
H2252 | bet   8,000원 PLAYER | P:4♥ 2♠=6  B:5♦ 4♠=9  BANKER(L)  | -8,000원 → 298,950원
H2253 | bet  16,000원 PLAYER | P:3♠ 5♣=8  B:7♥ A♣=8  TIE(T)  |     0원 → 298,950원
H2254 | bet  16,000원 PLAYER | P:10♥ Q♣ 5♣=5  B:A♦ 9♠ 3♣=3  PLAYER(W)  | +16,000원 → 314,950원  [end_win]
H2255 | bet   1,000원 BANKER | P:Q♥ 4♥ 8♦=2  B:4♠ 8♦ J♣=2  TIE(T)  |     0원 → 314,950원
H2256 | bet   1,000원 BANKER | P:A♦ 2♥ 2♥=5  B:A♣ K♦ 9♠=0  PLAYER(L)  | -1,000원 → 313,950원  [start]
H2257 | bet   2,000원 PLAYER | P:6♦ Q♠=6  B:4♣ 9♣ 6♣=9  BANKER(L)  | -2,000원 → 311,950원
H2258 | bet   4,000원 PLAYER | P:J♠ 3♠=3  B:2♠ 7♣=9  BANKER(L)  | -4,000원 → 307,950원
H2259 | bet   8,000원 PLAYER | P:J♦ Q♣ 7♣=7  B:5♦ K♥ 2♦=7  TIE(T)  |     0원 → 307,950원
H2260 | bet   8,000원 PLAYER | P:9♦ 6♠=5  B:Q♦ 8♥=8  BANKER(L)  | -8,000원 → 299,950원
H2261 | bet  16,000원 PLAYER | P:K♠ K♣ 5♠=5  B:6♠ Q♥=6  BANKER(L)  | -16,000원 → 283,950원
H2262 | bet  32,000원 PLAYER | P:7♦ 6♠ K♠=3  B:3♥ A♠=4  BANKER(L)  | -32,000원 → 251,950원  [end_giveup]
H2263 | bet   1,000원 BANKER | P:9♦ 7♣=6  B:8♦ 8♠=6  TIE(T)  |     0원 → 251,950원
H2264 | bet   1,000원 BANKER | P:7♦ 4♦ 7♣=8  B:4♦ K♥ 6♣=0  PLAYER(L)  | -1,000원 → 250,950원  [start]
H2265 | bet   2,000원 PLAYER | P:5♠ Q♣ 2♣=7  B:Q♥ J♠ 5♣=5  PLAYER(W)  | +2,000원 → 252,950원  [end_win]
H2266 | bet   1,000원 BANKER | P:10♠ 5♦ K♠=5  B:7♥ 6♦ 4♣=7  BANKER(W)  | +950원 → 253,900원
H2267 | bet   1,000원 BANKER | P:4♣ 10♥ 2♦=6  B:9♠ A♥ 2♠=2  PLAYER(L)  | -1,000원 → 252,900원  [start]
H2268 | bet   2,000원 PLAYER | P:5♠ Q♠ 3♠=8  B:9♣ 6♣=5  PLAYER(W)  | +2,000원 → 254,900원  [end_win]
H2269 | bet   1,000원 BANKER | P:2♥ 2♠ 5♦=9  B:8♣ 8♥=6  PLAYER(L)  | -1,000원 → 253,900원  [start]
H2270 | bet   2,000원 PLAYER | P:9♦ 3♦ 6♦=8  B:6♥ 7♦ Q♥=3  PLAYER(W)  | +2,000원 → 255,900원  [end_win]
H2271 | bet   1,000원 BANKER | P:4♦ 10♥ J♥=4  B:J♣ 6♠=6  BANKER(W)  | +950원 → 256,850원
H2272 | bet   1,000원 BANKER | P:7♥ 8♠ 2♣=7  B:9♣ 3♥ J♣=2  PLAYER(L)  | -1,000원 → 255,850원  [start]
H2273 | bet   2,000원 PLAYER | P:K♠ 7♥=7  B:3♠ 7♣ Q♦=0  PLAYER(W)  | +2,000원 → 257,850원  [end_win]
H2274 | bet   1,000원 BANKER | P:Q♥ 6♠=6  B:Q♦ K♣ 4♠=4  PLAYER(L)  | -1,000원 → 256,850원  [start]
H2275 | bet   2,000원 PLAYER | P:9♦ A♥ 7♥=7  B:10♦ 10♠ 8♠=8  BANKER(L)  | -2,000원 → 254,850원
H2276 | bet   4,000원 PLAYER | P:7♥ 10♣=7  B:Q♣ 8♦=8  BANKER(L)  | -4,000원 → 250,850원
H2277 | bet   8,000원 PLAYER | P:10♥ 6♦=6  B:J♦ 8♣=8  BANKER(L)  | -8,000원 → 242,850원
H2278 | bet  16,000원 PLAYER | P:Q♠ 5♥ 5♠=0  B:K♦ J♦ 3♥=3  BANKER(L)  | -16,000원 → 226,850원
H2279 | bet  32,000원 PLAYER | P:6♥ A♦=7  B:4♠ K♦ 7♣=1  PLAYER(W)  | +32,000원 → 258,850원  [end_win]
H2280 | bet   1,000원 BANKER | P:K♦ 5♦ J♥=5  B:8♦ 6♠=4  PLAYER(L)  | -1,000원 → 257,850원  [start]
H2281 | bet   2,000원 PLAYER | P:6♥ 8♥ 8♠=2  B:J♦ 10♥ 2♦=2  TIE(T)  |     0원 → 257,850원
H2282 | bet   2,000원 PLAYER | P:A♣ 2♣ A♣=4  B:6♦ 7♠ 3♠=6  BANKER(L)  | -2,000원 → 255,850원
H2283 | bet   4,000원 PLAYER | P:J♥ 2♦ 2♥=4  B:4♣ 9♠ 3♣=6  BANKER(L)  | -4,000원 → 251,850원
H2284 | bet   8,000원 PLAYER | P:5♥ 10♣ K♥=5  B:7♣ 10♥=7  BANKER(L)  | -8,000원 → 243,850원
H2285 | bet  16,000원 PLAYER | P:5♦ A♠=6  B:2♣ 7♥=9  BANKER(L)  | -16,000원 → 227,850원
H2286 | bet  32,000원 PLAYER | P:8♥ 4♠ 3♠=5  B:4♥ J♠ J♦=4  PLAYER(W)  | +32,000원 → 259,850원  [end_win]
H2287 | bet   1,000원 BANKER | P:J♣ 5♣ 3♥=8  B:4♦ Q♥ 8♦=2  PLAYER(L)  | -1,000원 → 258,850원  [start]
H2288 | bet   2,000원 PLAYER | P:8♣ 4♣ 7♠=9  B:A♥ J♣ 4♦=5  PLAYER(W)  | +2,000원 → 260,850원  [end_win]
H2289 | bet   1,000원 BANKER | P:8♣ Q♠=8  B:3♠ J♣=3  PLAYER(L)  | -1,000원 → 259,850원  [start]
H2290 | bet   2,000원 PLAYER | P:6♥ 8♥ 9♣=3  B:2♥ K♥ 3♣=5  BANKER(L)  | -2,000원 → 257,850원
H2291 | bet   4,000원 PLAYER | P:K♠ Q♦ 9♠=9  B:K♦ 4♥=4  PLAYER(W)  | +4,000원 → 261,850원  [end_win]
H2292 | bet   1,000원 BANKER | P:4♦ K♦ 8♠=2  B:7♣ K♣=7  BANKER(W)  | +950원 → 262,800원
H2293 | bet   1,000원 BANKER | P:8♥ 10♥=8  B:5♥ 10♥=5  PLAYER(L)  | -1,000원 → 261,800원  [start]
H2294 | bet   2,000원 PLAYER | P:Q♣ 5♣ 4♦=9  B:6♠ J♠=6  PLAYER(W)  | +2,000원 → 263,800원  [end_win]
H2295 | bet   1,000원 BANKER | P:K♥ K♣ Q♥=0  B:7♠ Q♠=7  BANKER(W)  | +950원 → 264,750원
H2296 | bet   1,000원 BANKER | P:J♠ Q♣ 10♦=0  B:10♠ 5♣=5  BANKER(W)  | +950원 → 265,700원
H2297 | bet   1,000원 BANKER | P:9♥ 3♠ 9♥=1  B:10♦ K♣ 10♠=0  PLAYER(L)  | -1,000원 → 264,700원  [start]
H2298 | bet   2,000원 PLAYER | P:3♠ 8♠=1  B:A♣ 7♦=8  BANKER(L)  | -2,000원 → 262,700원
H2299 | bet   4,000원 PLAYER | P:Q♣ 4♠ 3♦=7  B:Q♣ 4♠ 3♦=7  TIE(T)  |     0원 → 262,700원
H2300 | bet   4,000원 PLAYER | P:A♣ J♦ 5♠=6  B:3♥ 4♥=7  BANKER(L)  | -4,000원 → 258,700원
H2301 | bet   8,000원 PLAYER | P:5♠ J♣=5  B:9♠ J♣=9  BANKER(L)  | -8,000원 → 250,700원
H2302 | bet  16,000원 PLAYER | P:3♦ A♠ 8♦=2  B:2♦ 2♣=4  BANKER(L)  | -16,000원 → 234,700원
H2303 | bet  32,000원 PLAYER | P:4♣ J♣ 8♣=2  B:2♦ Q♥ 10♠=2  TIE(T)  |     0원 → 234,700원
H2304 | bet  32,000원 PLAYER | P:4♠ J♥ 4♠=8  B:4♣ 2♥=6  PLAYER(W)  | +32,000원 → 266,700원  [end_win]
H2305 | bet   1,000원 BANKER | P:7♠ 4♥ A♥=2  B:3♦ 2♦=5  BANKER(W)  | +950원 → 267,650원
H2306 | bet   1,000원 BANKER | P:7♠ 7♣ 9♦=3  B:5♦ Q♠=5  BANKER(W)  | +950원 → 268,600원
H2307 | bet   1,000원 BANKER | P:8♠ K♣=8  B:3♦ J♥=3  PLAYER(L)  | -1,000원 → 267,600원  [start]
H2308 | bet   2,000원 PLAYER | P:J♣ 5♥ 6♣=1  B:K♥ J♠ A♣=1  TIE(T)  |     0원 → 267,600원
H2309 | bet   2,000원 PLAYER | P:9♣ 7♥=6  B:3♣ 8♥ 10♠=1  PLAYER(W)  | +2,000원 → 269,600원  [end_win]
H2310 | bet   1,000원 BANKER | P:3♥ 4♠=7  B:6♠ 3♠=9  BANKER(W)  | +950원 → 270,550원
H2311 | bet   1,000원 BANKER | P:Q♣ Q♠ 4♥=4  B:4♦ Q♦ 5♥=9  BANKER(W)  | +950원 → 271,500원
H2312 | bet   1,000원 BANKER | P:Q♦ 6♦=6  B:2♣ 10♦ A♦=3  PLAYER(L)  | -1,000원 → 270,500원  [start]
H2313 | bet   2,000원 PLAYER | P:Q♠ 2♥ 7♥=9  B:10♣ A♥ A♥=2  PLAYER(W)  | +2,000원 → 272,500원  [end_win]
H2314 | bet   1,000원 BANKER | P:3♦ 10♥=3  B:6♥ 2♥=8  BANKER(W)  | +950원 → 273,450원
H2315 | bet   1,000원 BANKER | P:Q♥ 6♣=6  B:2♦ 10♣ 9♦=1  PLAYER(L)  | -1,000원 → 272,450원  [start]
H2316 | bet   2,000원 PLAYER | P:9♦ 8♣=7  B:7♦ J♦=7  TIE(T)  |     0원 → 272,450원
H2317 | bet   2,000원 PLAYER | P:Q♥ 4♣=4  B:3♥ 6♠=9  BANKER(L)  | -2,000원 → 270,450원
H2318 | bet   4,000원 PLAYER | P:6♠ 3♣=9  B:8♦ 2♦=0  PLAYER(W)  | +4,000원 → 274,450원  [end_win]
H2319 | bet   1,000원 BANKER | P:K♠ 8♥=8  B:4♦ 7♥=1  PLAYER(L)  | -1,000원 → 273,450원  [start]
H2320 | bet   2,000원 PLAYER | P:8♠ 5♣ 3♦=6  B:K♠ 6♥=6  TIE(T)  |     0원 → 273,450원
H2321 | bet   2,000원 PLAYER | P:5♣ 6♦ K♣=1  B:9♣ 3♥ 3♣=5  BANKER(L)  | -2,000원 → 271,450원
H2322 | bet   4,000원 PLAYER | P:7♦ 5♥ J♦=2  B:7♦ 5♣ A♦=3  BANKER(L)  | -4,000원 → 267,450원
H2323 | bet   8,000원 PLAYER | P:5♠ 9♠ A♣=5  B:3♠ K♠ J♥=3  PLAYER(W)  | +8,000원 → 275,450원  [end_win]
H2324 | bet   1,000원 BANKER | P:3♣ 7♥ 6♣=6  B:A♥ 3♦ 5♥=9  BANKER(W)  | +950원 → 276,400원
H2325 | bet   1,000원 BANKER | P:4♠ 4♠=8  B:9♥ 5♠=4  PLAYER(L)  | -1,000원 → 275,400원  [start]
H2326 | bet   2,000원 PLAYER | P:9♥ Q♥=9  B:Q♠ 9♣=9  TIE(T)  |     0원 → 275,400원
H2327 | bet   2,000원 PLAYER | P:K♣ A♦ 6♣=7  B:Q♠ 4♥ A♠=5  PLAYER(W)  | +2,000원 → 277,400원  [end_win]
H2328 | bet   1,000원 BANKER | P:6♣ 8♦ K♣=4  B:8♥ 6♦=4  TIE(T)  |     0원 → 277,400원
H2329 | bet   1,000원 BANKER | P:4♥ Q♣ 2♠=6  B:Q♦ A♣ J♣=1  PLAYER(L)  | -1,000원 → 276,400원  [start]
H2330 | bet   2,000원 PLAYER | P:5♦ A♥=6  B:9♦ 10♦=9  BANKER(L)  | -2,000원 → 274,400원
H2331 | bet   4,000원 PLAYER | P:5♦ K♦ 7♦=2  B:10♥ 4♦ 4♣=8  BANKER(L)  | -4,000원 → 270,400원
H2332 | bet   8,000원 PLAYER | P:A♠ 2♥ A♣=4  B:Q♥ 2♠ Q♠=2  PLAYER(W)  | +8,000원 → 278,400원  [end_win]
H2333 | bet   1,000원 BANKER | P:10♣ 7♥=7  B:8♠ 9♦=7  TIE(T)  |     0원 → 278,400원
H2334 | bet   1,000원 BANKER | P:K♦ 10♥ J♣=0  B:2♥ A♥ 6♣=9  BANKER(W)  | +950원 → 279,350원
H2335 | bet   1,000원 BANKER | P:8♥ 7♣ J♠=5  B:6♦ 6♠ 3♠=5  TIE(T)  |     0원 → 279,350원
H2336 | bet   1,000원 BANKER | P:5♦ A♠=6  B:J♦ Q♥ 10♦=0  PLAYER(L)  | -1,000원 → 278,350원  [start]
H2337 | bet   2,000원 PLAYER | P:J♣ 4♥ 9♣=3  B:2♠ 5♦=7  BANKER(L)  | -2,000원 → 276,350원
H2338 | bet   4,000원 PLAYER | P:A♥ 10♣ 5♥=6  B:J♦ 5♠ 6♠=1  PLAYER(W)  | +4,000원 → 280,350원  [end_win]
H2339 | bet   1,000원 BANKER | P:6♥ K♠=6  B:K♥ 8♦=8  BANKER(W)  | +950원 → 281,300원
H2340 | bet   1,000원 BANKER | P:5♠ 5♦ 5♣=5  B:2♣ J♣ Q♠=2  PLAYER(L)  | -1,000원 → 280,300원  [start]
H2341 | bet   2,000원 PLAYER | P:10♦ 5♣ A♣=6  B:6♣ 4♠ 8♦=8  BANKER(L)  | -2,000원 → 278,300원
H2342 | bet   4,000원 PLAYER | P:7♦ 8♠ 2♣=7  B:J♦ J♥ A♣=1  PLAYER(W)  | +4,000원 → 282,300원  [end_win]
H2343 | bet   1,000원 BANKER | P:6♦ 10♠=6  B:4♣ J♥ 2♦=6  TIE(T)  |     0원 → 282,300원
H2344 | bet   1,000원 BANKER | P:7♦ K♥=7  B:5♦ J♠ 3♥=8  BANKER(W)  | +950원 → 283,250원
H2345 | bet   1,000원 BANKER | P:5♣ J♦ 6♦=1  B:7♠ 7♣ 7♣=1  TIE(T)  |     0원 → 283,250원
H2346 | bet   1,000원 BANKER | P:2♠ K♠ 3♠=5  B:8♦ 8♥=6  BANKER(W)  | +950원 → 284,200원
H2347 | bet   1,000원 BANKER | P:3♥ 10♦ 3♠=6  B:J♦ 2♠ 5♠=7  BANKER(W)  | +950원 → 285,150원
H2348 | bet   1,000원 BANKER | P:8♠ 10♦=8  B:7♣ 7♣=4  PLAYER(L)  | -1,000원 → 284,150원  [start]
H2349 | bet   2,000원 PLAYER | P:10♠ 4♣ Q♣=4  B:A♥ K♦ 9♣=0  PLAYER(W)  | +2,000원 → 286,150원  [end_win]
H2350 | bet   1,000원 BANKER | P:2♥ 10♥ 9♠=1  B:8♦ 7♥=5  BANKER(W)  | +950원 → 287,100원
H2351 | bet   1,000원 BANKER | P:9♠ 7♠=6  B:J♥ K♥ A♦=1  PLAYER(L)  | -1,000원 → 286,100원  [start]
H2352 | bet   2,000원 PLAYER | P:2♣ 9♠=1  B:6♥ 3♥=9  BANKER(L)  | -2,000원 → 284,100원
H2353 | bet   4,000원 PLAYER | P:3♣ 8♥=1  B:3♣ 5♥=8  BANKER(L)  | -4,000원 → 280,100원
H2354 | bet   8,000원 PLAYER | P:Q♦ 10♣=0  B:9♥ 9♠=8  BANKER(L)  | -8,000원 → 272,100원
H2355 | bet  16,000원 PLAYER | P:2♠ 2♠ 3♣=7  B:Q♦ K♠ K♥=0  PLAYER(W)  | +16,000원 → 288,100원  [end_win]
H2356 | bet   1,000원 BANKER | P:4♣ 8♣ Q♦=2  B:9♥ 5♥=4  BANKER(W)  | +950원 → 289,050원
H2357 | bet   1,000원 BANKER | P:A♠ 10♠=1  B:8♥ J♠=8  BANKER(W)  | +950원 → 290,000원
H2358 | bet   1,000원 BANKER | P:10♥ K♦ 7♥=7  B:6♦ 6♥ 9♥=1  PLAYER(L)  | -1,000원 → 289,000원  [start]
H2359 | bet   2,000원 PLAYER | P:8♠ 8♣=6  B:2♣ 7♠=9  BANKER(L)  | -2,000원 → 287,000원
H2360 | bet   4,000원 PLAYER | P:A♦ A♦ 3♣=5  B:4♥ 10♥ 2♠=6  BANKER(L)  | -4,000원 → 283,000원
H2361 | bet   8,000원 PLAYER | P:K♥ 6♠=6  B:8♦ 5♠ Q♦=3  PLAYER(W)  | +8,000원 → 291,000원  [end_win]
H2362 | bet   1,000원 BANKER | P:2♥ K♣ 6♥=8  B:6♥ 6♣ 7♥=9  BANKER(W)  | +950원 → 291,950원
H2363 | bet   1,000원 BANKER | P:2♦ Q♦ A♦=3  B:J♠ 6♦=6  BANKER(W)  | +950원 → 292,900원
H2364 | bet   1,000원 BANKER | P:K♠ 4♦ K♦=4  B:9♣ 8♣=7  BANKER(W)  | +950원 → 293,850원
H2365 | bet   1,000원 BANKER | P:4♦ 7♦ 9♠=0  B:10♠ 7♠=7  BANKER(W)  | +950원 → 294,800원
H2366 | bet   1,000원 BANKER | P:5♦ 9♣ 10♣=4  B:2♥ J♥ A♠=3  PLAYER(L)  | -1,000원 → 293,800원  [start]
H2367 | bet   2,000원 PLAYER | P:9♠ 2♣ Q♣=1  B:9♦ 3♠ J♠=2  BANKER(L)  | -2,000원 → 291,800원
H2368 | bet   4,000원 PLAYER | P:7♠ A♠=8  B:7♣ K♠=7  PLAYER(W)  | +4,000원 → 295,800원  [end_win]
H2369 | bet   1,000원 BANKER | P:J♥ 9♦=9  B:8♣ 4♣=2  PLAYER(L)  | -1,000원 → 294,800원  [start]
H2370 | bet   2,000원 PLAYER | P:4♦ K♥=4  B:A♦ 8♣=9  BANKER(L)  | -2,000원 → 292,800원
H2371 | bet   4,000원 PLAYER | P:9♦ K♦=9  B:2♦ 6♠=8  PLAYER(W)  | +4,000원 → 296,800원  [end_win]
H2372 | bet   1,000원 BANKER | P:7♠ 5♠ 2♣=4  B:5♣ J♦=5  BANKER(W)  | +950원 → 297,750원
H2373 | bet   1,000원 BANKER | P:J♦ 4♣ A♦=5  B:6♦ 10♣=6  BANKER(W)  | +950원 → 298,700원
H2374 | bet   1,000원 BANKER | P:8♠ J♠=8  B:A♦ 4♣=5  PLAYER(L)  | -1,000원 → 297,700원  [start]
H2375 | bet   2,000원 PLAYER | P:10♣ 5♣ 6♣=1  B:10♠ 6♠ 2♥=8  BANKER(L)  | -2,000원 → 295,700원
H2376 | bet   4,000원 PLAYER | P:4♠ 4♦=8  B:J♣ 3♥=3  PLAYER(W)  | +4,000원 → 299,700원  [end_win]
H2377 | bet   1,000원 BANKER | P:2♦ Q♠ 5♦=7  B:A♠ J♥ K♣=1  PLAYER(L)  | -1,000원 → 298,700원  [start]
H2378 | bet   2,000원 PLAYER | P:J♠ J♥ 9♦=9  B:4♦ Q♦=4  PLAYER(W)  | +2,000원 → 300,700원  [end_win]
H2379 | bet   1,000원 BANKER | P:10♥ 10♦=0  B:A♣ 7♥=8  BANKER(W)  | +950원 → 301,650원
H2380 | bet   1,000원 BANKER | P:3♣ Q♠ K♠=3  B:6♥ Q♣=6  BANKER(W)  | +950원 → 302,600원
H2381 | bet   1,000원 BANKER | P:2♣ 3♠ 2♥=7  B:J♣ 4♦ 6♦=0  PLAYER(L)  | -1,000원 → 301,600원  [start]
H2382 | bet   2,000원 PLAYER | P:4♦ 5♠=9  B:4♦ 4♣=8  PLAYER(W)  | +2,000원 → 303,600원  [end_win]
H2383 | bet   1,000원 BANKER | P:4♠ 3♣=7  B:7♦ 7♦ 9♥=3  PLAYER(L)  | -1,000원 → 302,600원  [start]
H2384 | bet   2,000원 PLAYER | P:3♣ A♥ 9♠=3  B:3♣ 3♠=6  BANKER(L)  | -2,000원 → 300,600원
H2385 | bet   4,000원 PLAYER | P:8♠ 3♥ 9♠=0  B:6♠ 9♦=5  BANKER(L)  | -4,000원 → 296,600원
H2386 | bet   8,000원 PLAYER | P:4♥ 5♣=9  B:A♠ 10♦=1  PLAYER(W)  | +8,000원 → 304,600원  [end_win]
H2387 | bet   1,000원 BANKER | P:J♠ 9♥=9  B:2♣ 5♠=7  PLAYER(L)  | -1,000원 → 303,600원  [start]
H2388 | bet   2,000원 PLAYER | P:Q♦ 5♥=5  B:6♠ 2♥=8  BANKER(L)  | -2,000원 → 301,600원
H2389 | bet   4,000원 PLAYER | P:7♠ 6♣ 4♠=7  B:7♣ 3♠ A♠=1  PLAYER(W)  | +4,000원 → 305,600원  [end_win]
H2390 | bet   1,000원 BANKER | P:A♥ 3♦ 3♠=7  B:10♣ A♦ 10♣=1  PLAYER(L)  | -1,000원 → 304,600원  [start]
H2391 | bet   2,000원 PLAYER | P:2♠ 7♠=9  B:3♦ 10♠=3  PLAYER(W)  | +2,000원 → 306,600원  [end_win]
H2392 | bet   1,000원 BANKER | P:Q♠ 8♠=8  B:J♠ 10♠=0  PLAYER(L)  | -1,000원 → 305,600원  [start]
H2393 | bet   2,000원 PLAYER | P:A♣ 10♥=1  B:9♣ K♣=9  BANKER(L)  | -2,000원 → 303,600원
H2394 | bet   4,000원 PLAYER | P:6♦ Q♠=6  B:8♦ 5♠ 2♥=5  PLAYER(W)  | +4,000원 → 307,600원  [end_win]
H2395 | bet   1,000원 BANKER | P:J♠ 4♣ K♠=4  B:6♥ 8♥=4  TIE(T)  |     0원 → 307,600원
H2396 | bet   1,000원 BANKER | P:7♦ 5♠ 7♣=9  B:A♣ 4♣ 5♥=0  PLAYER(L)  | -1,000원 → 306,600원  [start]
H2397 | bet   2,000원 PLAYER | P:10♠ 8♥=8  B:5♣ Q♥=5  PLAYER(W)  | +2,000원 → 308,600원  [end_win]
H2398 | bet   1,000원 BANKER | P:Q♣ 8♣=8  B:3♦ K♦=3  PLAYER(L)  | -1,000원 → 307,600원  [start]
H2399 | bet   2,000원 PLAYER | P:3♦ A♥ Q♦=4  B:2♦ Q♥ J♦=2  PLAYER(W)  | +2,000원 → 309,600원  [end_win]
H2400 | bet   1,000원 BANKER | P:J♥ 9♠=9  B:J♦ Q♦=0  PLAYER(L)  | -1,000원 → 308,600원  [start]
H2401 | bet   2,000원 PLAYER | P:5♥ 10♥ 8♣=3  B:6♣ 6♥ 9♦=1  PLAYER(W)  | +2,000원 → 310,600원  [end_win]
H2402 | bet   1,000원 BANKER | P:5♣ 2♦=7  B:9♣ 4♣ 2♣=5  PLAYER(L)  | -1,000원 → 309,600원  [start]
H2403 | bet   2,000원 PLAYER | P:7♥ 7♦ 2♠=6  B:A♠ Q♥ J♠=1  PLAYER(W)  | +2,000원 → 311,600원  [end_win]
H2404 | bet   1,000원 BANKER | P:9♣ 6♣=5  B:5♦ 3♦=8  BANKER(W)  | +950원 → 312,550원
H2405 | bet   1,000원 BANKER | P:6♥ 4♠ 8♥=8  B:10♠ K♠ 6♠=6  PLAYER(L)  | -1,000원 → 311,550원  [start]
H2406 | bet   2,000원 PLAYER | P:10♥ 4♦ 9♠=3  B:3♠ 3♦=6  BANKER(L)  | -2,000원 → 309,550원
H2407 | bet   4,000원 PLAYER | P:10♦ 7♥=7  B:10♣ 6♥=6  PLAYER(W)  | +4,000원 → 313,550원  [end_win]
H2408 | bet   1,000원 BANKER | P:A♦ 6♥=7  B:K♦ 6♥=6  PLAYER(L)  | -1,000원 → 312,550원  [start]
H2409 | bet   2,000원 PLAYER | P:6♦ A♥=7  B:6♦ A♥=7  TIE(T)  |     0원 → 312,550원
H2410 | bet   2,000원 PLAYER | P:J♥ 3♥ Q♣=3  B:4♥ A♥=5  BANKER(L)  | -2,000원 → 310,550원
H2411 | bet   4,000원 PLAYER | P:J♣ 3♦ K♥=3  B:J♥ 7♠=7  BANKER(L)  | -4,000원 → 306,550원
H2412 | bet   8,000원 PLAYER | P:K♠ K♦ A♠=1  B:8♣ 5♠ 4♥=7  BANKER(L)  | -8,000원 → 298,550원
H2413 | bet  16,000원 PLAYER | P:A♦ K♦=1  B:8♦ Q♦=8  BANKER(L)  | -16,000원 → 282,550원
H2414 | bet  32,000원 PLAYER | P:J♦ 3♠=3  B:8♠ J♣=8  BANKER(L)  | -32,000원 → 250,550원  [end_giveup]
H2415 | bet   1,000원 BANKER | P:10♠ 5♣ Q♠=5  B:10♣ K♠ Q♥=0  PLAYER(L)  | -1,000원 → 249,550원  [start]
H2416 | bet   2,000원 PLAYER | P:8♦ 3♣ 2♠=3  B:5♦ K♣=5  BANKER(L)  | -2,000원 → 247,550원
H2417 | bet   4,000원 PLAYER | P:2♣ 4♥=6  B:J♦ 4♠ 7♣=1  PLAYER(W)  | +4,000원 → 251,550원  [end_win]
H2418 | bet   1,000원 BANKER | P:2♦ K♣ A♥=3  B:9♠ 4♥ 9♣=2  PLAYER(L)  | -1,000원 → 250,550원  [start]
H2419 | bet   2,000원 PLAYER | P:7♣ 5♠ 5♥=7  B:8♠ 2♦ 9♥=9  BANKER(L)  | -2,000원 → 248,550원
H2420 | bet   4,000원 PLAYER | P:K♥ 3♥ 9♠=2  B:3♣ J♣ J♦=3  BANKER(L)  | -4,000원 → 244,550원
H2421 | bet   8,000원 PLAYER | P:10♦ 5♥ K♥=5  B:A♣ Q♣ 8♣=9  BANKER(L)  | -8,000원 → 236,550원
H2422 | bet  16,000원 PLAYER | P:10♣ Q♣ J♣=0  B:J♥ 4♠=4  BANKER(L)  | -16,000원 → 220,550원
H2423 | bet  32,000원 PLAYER | P:J♥ K♥=0  B:2♣ 7♥=9  BANKER(L)  | -32,000원 → 188,550원  [end_giveup]
H2424 | bet   1,000원 BANKER | P:9♠ 8♣=7  B:J♠ 9♣=9  BANKER(W)  | +950원 → 189,500원
H2425 | bet   1,000원 BANKER | P:A♣ 3♥ 7♠=1  B:9♥ 6♣ 8♦=3  BANKER(W)  | +950원 → 190,450원
H2426 | bet   1,000원 BANKER | P:Q♣ Q♥=0  B:J♥ 8♦=8  BANKER(W)  | +950원 → 191,400원
H2427 | bet   1,000원 BANKER | P:2♦ 4♣=6  B:5♥ 9♣ A♣=5  PLAYER(L)  | -1,000원 → 190,400원  [start]
H2428 | bet   2,000원 PLAYER | P:9♦ 10♦=9  B:6♠ 2♥=8  PLAYER(W)  | +2,000원 → 192,400원  [end_win]
H2429 | bet   1,000원 BANKER | P:A♣ 8♥=9  B:Q♣ 2♦=2  PLAYER(L)  | -1,000원 → 191,400원  [start]
H2430 | bet   2,000원 PLAYER | P:3♦ 5♦=8  B:3♣ 10♠=3  PLAYER(W)  | +2,000원 → 193,400원  [end_win]
H2431 | bet   1,000원 BANKER | P:2♦ K♠ Q♦=2  B:5♥ K♥=5  BANKER(W)  | +950원 → 194,350원
H2432 | bet   1,000원 BANKER | P:6♦ 8♥ Q♥=4  B:2♠ 10♥ Q♥=2  PLAYER(L)  | -1,000원 → 193,350원  [start]
H2433 | bet   2,000원 PLAYER | P:Q♠ 8♥=8  B:9♥ 4♠=3  PLAYER(W)  | +2,000원 → 195,350원  [end_win]
H2434 | bet   1,000원 BANKER | P:7♠ 9♦=6  B:3♥ 8♥ 4♥=5  PLAYER(L)  | -1,000원 → 194,350원  [start]
H2435 | bet   2,000원 PLAYER | P:J♦ 8♥=8  B:7♠ 8♠=5  PLAYER(W)  | +2,000원 → 196,350원  [end_win]
H2436 | bet   1,000원 BANKER | P:8♦ 6♠ 7♦=1  B:10♠ A♣ 8♦=9  BANKER(W)  | +950원 → 197,300원
H2437 | bet   1,000원 BANKER | P:8♦ 7♣ 6♣=1  B:2♠ 5♣=7  BANKER(W)  | +950원 → 198,250원
H2438 | bet   1,000원 BANKER | P:8♣ 10♦=8  B:K♣ 7♠=7  PLAYER(L)  | -1,000원 → 197,250원  [start]
H2439 | bet   2,000원 PLAYER | P:K♦ 7♣=7  B:Q♠ 4♠ 7♣=1  PLAYER(W)  | +2,000원 → 199,250원  [end_win]
H2440 | bet   1,000원 BANKER | P:Q♥ 6♠=6  B:5♥ Q♦ J♣=5  PLAYER(L)  | -1,000원 → 198,250원  [start]
H2441 | bet   2,000원 PLAYER | P:Q♣ 8♠=8  B:5♦ K♠=5  PLAYER(W)  | +2,000원 → 200,250원  [end_win]
H2442 | bet   1,000원 BANKER | P:3♠ 9♦ K♣=2  B:9♣ 4♥ 4♦=7  BANKER(W)  | +950원 → 201,200원
H2443 | bet   1,000원 BANKER | P:5♣ 10♥ K♠=5  B:2♠ Q♠ A♠=3  PLAYER(L)  | -1,000원 → 200,200원  [start]
H2444 | bet   2,000원 PLAYER | P:10♥ K♥=0  B:3♥ 6♦=9  BANKER(L)  | -2,000원 → 198,200원
H2445 | bet   4,000원 PLAYER | P:A♥ A♠ 8♣=0  B:9♦ 6♥=5  BANKER(L)  | -4,000원 → 194,200원
H2446 | bet   8,000원 PLAYER | P:A♦ 8♣=9  B:9♥ 6♣=5  PLAYER(W)  | +8,000원 → 202,200원  [end_win]
H2447 | bet   1,000원 BANKER | P:10♦ 9♠=9  B:5♠ A♦=6  PLAYER(L)  | -1,000원 → 201,200원  [start]
H2448 | bet   2,000원 PLAYER | P:2♥ 3♣ J♠=5  B:6♦ K♥=6  BANKER(L)  | -2,000원 → 199,200원
H2449 | bet   4,000원 PLAYER | P:4♥ 5♦=9  B:4♦ A♠=5  PLAYER(W)  | +4,000원 → 203,200원  [end_win]
H2450 | bet   1,000원 BANKER | P:7♦ 5♦ 2♠=4  B:Q♦ 3♠ 5♦=8  BANKER(W)  | +950원 → 204,150원
H2451 | bet   1,000원 BANKER | P:8♠ K♣=8  B:6♣ K♣=6  PLAYER(L)  | -1,000원 → 203,150원  [start]
H2452 | bet   2,000원 PLAYER | P:J♣ 6♠=6  B:7♥ 2♣=9  BANKER(L)  | -2,000원 → 201,150원
H2453 | bet   4,000원 PLAYER | P:K♦ 7♥=7  B:10♣ K♦ 9♥=9  BANKER(L)  | -4,000원 → 197,150원
H2454 | bet   8,000원 PLAYER | P:7♦ 10♥=7  B:9♣ K♥=9  BANKER(L)  | -8,000원 → 189,150원
H2455 | bet  16,000원 PLAYER | P:7♦ 9♥=6  B:2♣ 3♥ A♦=6  TIE(T)  |     0원 → 189,150원
H2456 | bet  16,000원 PLAYER | P:7♠ J♣=7  B:Q♣ 8♣=8  BANKER(L)  | -16,000원 → 173,150원
H2457 | bet  32,000원 PLAYER | P:9♣ 3♣ 6♠=8  B:Q♥ 3♠ 8♣=1  PLAYER(W)  | +32,000원 → 205,150원  [end_win]
H2458 | bet   1,000원 BANKER | P:8♣ 8♥=6  B:5♠ 4♠=9  BANKER(W)  | +950원 → 206,100원
H2459 | bet   1,000원 BANKER | P:3♦ 7♦ 2♠=2  B:3♠ 4♠=7  BANKER(W)  | +950원 → 207,050원
H2460 | bet   1,000원 BANKER | P:9♠ A♣ Q♥=0  B:9♦ 4♥ 5♦=8  BANKER(W)  | +950원 → 208,000원
H2461 | bet   1,000원 BANKER | P:2♠ 8♥ Q♠=0  B:3♣ K♦ 5♦=8  BANKER(W)  | +950원 → 208,950원
H2462 | bet   1,000원 BANKER | P:K♥ 7♠=7  B:J♦ 2♠ A♣=3  PLAYER(L)  | -1,000원 → 207,950원  [start]
H2463 | bet   2,000원 PLAYER | P:K♣ K♣ J♠=0  B:4♥ Q♠=4  BANKER(L)  | -2,000원 → 205,950원
H2464 | bet   4,000원 PLAYER | P:7♥ 10♠=7  B:K♠ 2♦ 7♣=9  BANKER(L)  | -4,000원 → 201,950원
H2465 | bet   8,000원 PLAYER | P:8♠ Q♣=8  B:J♥ 4♠=4  PLAYER(W)  | +8,000원 → 209,950원  [end_win]
H2466 | bet   1,000원 BANKER | P:5♦ Q♦=5  B:8♣ 10♠=8  BANKER(W)  | +950원 → 210,900원
H2467 | bet   1,000원 BANKER | P:3♦ 5♦=8  B:K♠ 9♣=9  BANKER(W)  | +950원 → 211,850원
H2468 | bet   1,000원 BANKER | P:K♠ J♦=0  B:3♦ 5♥=8  BANKER(W)  | +950원 → 212,800원
H2469 | bet   1,000원 BANKER | P:A♥ 8♥=9  B:6♠ 4♠=0  PLAYER(L)  | -1,000원 → 211,800원  [start]
H2470 | bet   2,000원 PLAYER | P:6♠ 5♠=1  B:A♠ 7♥=8  BANKER(L)  | -2,000원 → 209,800원
H2471 | bet   4,000원 PLAYER | P:9♥ K♦=9  B:2♦ J♥=2  PLAYER(W)  | +4,000원 → 213,800원  [end_win]
H2472 | bet   1,000원 BANKER | P:Q♠ A♠ 5♣=6  B:6♦ 8♥ Q♦=4  PLAYER(L)  | -1,000원 → 212,800원  [start]
H2473 | bet   2,000원 PLAYER | P:7♣ J♥=7  B:K♥ 4♦ 10♥=4  PLAYER(W)  | +2,000원 → 214,800원  [end_win]
H2474 | bet   1,000원 BANKER | P:2♥ A♠=3  B:Q♥ 8♦=8  BANKER(W)  | +950원 → 215,750원
H2475 | bet   1,000원 BANKER | P:7♣ Q♣=7  B:6♥ 9♠ 5♦=0  PLAYER(L)  | -1,000원 → 214,750원  [start]
H2476 | bet   2,000원 PLAYER | P:8♥ 10♦=8  B:8♠ 9♦=7  PLAYER(W)  | +2,000원 → 216,750원  [end_win]
H2477 | bet   1,000원 BANKER | P:4♦ K♥ 8♠=2  B:K♣ 4♥=4  BANKER(W)  | +950원 → 217,700원
H2478 | bet   1,000원 BANKER | P:4♣ 2♦=6  B:3♦ 2♦ 4♥=9  BANKER(W)  | +950원 → 218,650원
H2479 | bet   1,000원 BANKER | P:4♦ 2♣=6  B:J♣ 8♥=8  BANKER(W)  | +950원 → 219,600원
H2480 | bet   1,000원 BANKER | P:7♦ 8♦=5  B:7♠ A♥=8  BANKER(W)  | +950원 → 220,550원
H2481 | bet   1,000원 BANKER | P:5♥ 7♠=2  B:J♦ 9♣=9  BANKER(W)  | +950원 → 221,500원
H2482 | bet   1,000원 BANKER | P:3♣ A♦ 4♦=8  B:A♣ 2♣ 4♦=7  PLAYER(L)  | -1,000원 → 220,500원  [start]
H2483 | bet   2,000원 PLAYER | P:2♠ Q♠=2  B:A♠ 8♠=9  BANKER(L)  | -2,000원 → 218,500원
H2484 | bet   4,000원 PLAYER | P:Q♦ 7♦=7  B:7♣ 8♣ 2♠=7  TIE(T)  |     0원 → 218,500원
H2485 | bet   4,000원 PLAYER | P:2♣ 5♦=7  B:6♣ K♠=6  PLAYER(W)  | +4,000원 → 222,500원  [end_win]
H2486 | bet   1,000원 BANKER | P:8♦ 8♦=6  B:A♣ J♠ K♥=1  PLAYER(L)  | -1,000원 → 221,500원  [start]
H2487 | bet   2,000원 PLAYER | P:2♣ 9♠ 3♣=4  B:10♣ J♠ 3♠=3  PLAYER(W)  | +2,000원 → 223,500원  [end_win]
H2488 | bet   1,000원 BANKER | P:6♦ 7♥ Q♥=3  B:4♥ 10♦=4  BANKER(W)  | +950원 → 224,450원
H2489 | bet   1,000원 BANKER | P:2♣ Q♦ 5♣=7  B:2♣ 10♦ 6♠=8  BANKER(W)  | +950원 → 225,400원
H2490 | bet   1,000원 BANKER | P:J♥ 3♥ A♣=4  B:5♣ 8♥ 7♥=0  PLAYER(L)  | -1,000원 → 224,400원  [start]
H2491 | bet   2,000원 PLAYER | P:7♥ 6♦=3  B:9♦ K♠=9  BANKER(L)  | -2,000원 → 222,400원
H2492 | bet   4,000원 PLAYER | P:J♦ 10♥ 5♥=5  B:10♦ 2♥ A♦=3  PLAYER(W)  | +4,000원 → 226,400원  [end_win]
H2493 | bet   1,000원 BANKER | P:7♦ 2♠=9  B:2♥ 6♦=8  PLAYER(L)  | -1,000원 → 225,400원  [start]
H2494 | bet   2,000원 PLAYER | P:J♠ Q♣ Q♥=0  B:6♦ 8♠=4  BANKER(L)  | -2,000원 → 223,400원
H2495 | bet   4,000원 PLAYER | P:K♠ 10♠ 5♠=5  B:4♠ 7♦ 10♠=1  PLAYER(W)  | +4,000원 → 227,400원  [end_win]
H2496 | bet   1,000원 BANKER | P:Q♠ 10♣=0  B:2♥ 6♣=8  BANKER(W)  | +950원 → 228,350원
H2497 | bet   1,000원 BANKER | P:3♠ A♦ K♥=4  B:2♥ 9♠ 3♥=4  TIE(T)  |     0원 → 228,350원
H2498 | bet   1,000원 BANKER | P:6♦ Q♠=6  B:8♠ 4♥ 3♥=5  PLAYER(L)  | -1,000원 → 227,350원  [start]
H2499 | bet   2,000원 PLAYER | P:J♦ 7♣=7  B:3♦ 6♠=9  BANKER(L)  | -2,000원 → 225,350원
H2500 | bet   4,000원 PLAYER | P:6♦ Q♠=6  B:J♣ 3♥ K♣=3  PLAYER(W)  | +4,000원 → 229,350원  [end_win]
H2501 | bet   1,000원 BANKER | P:9♠ K♣=9  B:A♥ 10♣=1  PLAYER(L)  | -1,000원 → 228,350원  [start]
H2502 | bet   2,000원 PLAYER | P:10♣ 7♣=7  B:9♦ K♣=9  BANKER(L)  | -2,000원 → 226,350원
H2503 | bet   4,000원 PLAYER | P:Q♣ J♦ J♠=0  B:A♠ K♦ 5♦=6  BANKER(L)  | -4,000원 → 222,350원
H2504 | bet   8,000원 PLAYER | P:9♦ 7♥=6  B:8♠ 7♠ A♣=6  TIE(T)  |     0원 → 222,350원
H2505 | bet   8,000원 PLAYER | P:4♠ 7♣ 8♣=9  B:10♥ A♥ Q♥=1  PLAYER(W)  | +8,000원 → 230,350원  [end_win]
H2506 | bet   1,000원 BANKER | P:8♠ Q♣=8  B:Q♦ 2♥=2  PLAYER(L)  | -1,000원 → 229,350원  [start]
H2507 | bet   2,000원 PLAYER | P:3♣ 6♣=9  B:6♠ 9♥=5  PLAYER(W)  | +2,000원 → 231,350원  [end_win]
H2508 | bet   1,000원 BANKER | P:3♣ 8♣=1  B:6♥ 3♣=9  BANKER(W)  | +950원 → 232,300원
H2509 | bet   1,000원 BANKER | P:6♥ 6♣ J♣=2  B:4♣ 9♣ 5♥=8  BANKER(W)  | +950원 → 233,250원
H2510 | bet   1,000원 BANKER | P:K♥ 5♣ 6♥=1  B:10♥ 3♥ A♦=4  BANKER(W)  | +950원 → 234,200원
H2511 | bet   1,000원 BANKER | P:5♠ 9♥ 5♠=9  B:A♦ 2♣ 2♠=5  PLAYER(L)  | -1,000원 → 233,200원  [start]
H2512 | bet   2,000원 PLAYER | P:2♦ 4♠=6  B:3♣ J♠ 4♥=7  BANKER(L)  | -2,000원 → 231,200원
H2513 | bet   4,000원 PLAYER | P:6♥ K♠=6  B:A♠ Q♣ 7♦=8  BANKER(L)  | -4,000원 → 227,200원
H2514 | bet   8,000원 PLAYER | P:J♦ J♣ J♣=0  B:10♣ 4♣=4  BANKER(L)  | -8,000원 → 219,200원
H2515 | bet  16,000원 PLAYER | P:8♦ 4♣ 7♥=9  B:A♦ 10♣ 6♣=7  PLAYER(W)  | +16,000원 → 235,200원  [end_win]
H2516 | bet   1,000원 BANKER | P:10♠ 3♠ 9♥=2  B:A♠ 2♥ J♦=3  BANKER(W)  | +950원 → 236,150원
H2517 | bet   1,000원 BANKER | P:9♣ 6♥ 10♦=5  B:A♥ K♠ 2♠=3  PLAYER(L)  | -1,000원 → 235,150원  [start]
H2518 | bet   2,000원 PLAYER | P:10♣ 7♦=7  B:3♠ Q♥ J♠=3  PLAYER(W)  | +2,000원 → 237,150원  [end_win]
H2519 | bet   1,000원 BANKER | P:6♠ K♥=6  B:Q♦ 7♠=7  BANKER(W)  | +950원 → 238,100원
H2520 | bet   1,000원 BANKER | P:4♥ 3♠=7  B:Q♥ 5♠ 3♦=8  BANKER(W)  | +950원 → 239,050원
H2521 | bet   1,000원 BANKER | P:9♦ 4♦ 6♣=9  B:4♠ A♥ 5♣=0  PLAYER(L)  | -1,000원 → 238,050원  [start]
H2522 | bet   2,000원 PLAYER | P:K♦ A♠=1  B:9♣ 9♣=8  BANKER(L)  | -2,000원 → 236,050원
H2523 | bet   4,000원 PLAYER | P:3♥ Q♦ A♦=4  B:7♥ 4♣ K♣=1  PLAYER(W)  | +4,000원 → 240,050원  [end_win]
H2524 | bet   1,000원 BANKER | P:4♣ 10♦ 9♦=3  B:Q♣ 3♦ 2♦=5  BANKER(W)  | +950원 → 241,000원
H2525 | bet   1,000원 BANKER | P:6♣ 10♠=6  B:10♥ J♣ Q♦=0  PLAYER(L)  | -1,000원 → 240,000원  [start]
H2526 | bet   2,000원 PLAYER | P:9♥ 4♦=3  B:K♦ 8♥=8  BANKER(L)  | -2,000원 → 238,000원
H2527 | bet   4,000원 PLAYER | P:5♥ 3♦=8  B:8♦ 7♣=5  PLAYER(W)  | +4,000원 → 242,000원  [end_win]
H2528 | bet   1,000원 BANKER | P:4♣ 4♣=8  B:K♦ 6♥=6  PLAYER(L)  | -1,000원 → 241,000원  [start]
H2529 | bet   2,000원 PLAYER | P:A♣ 10♠=1  B:J♥ 9♦=9  BANKER(L)  | -2,000원 → 239,000원
H2530 | bet   4,000원 PLAYER | P:K♦ 6♥=6  B:2♥ J♥ A♦=3  PLAYER(W)  | +4,000원 → 243,000원  [end_win]
H2531 | bet   1,000원 BANKER | P:J♥ 5♥ 10♠=5  B:6♠ K♦=6  BANKER(W)  | +950원 → 243,950원
H2532 | bet   1,000원 BANKER | P:9♥ 5♣ 7♠=1  B:2♣ 5♥=7  BANKER(W)  | +950원 → 244,900원
H2533 | bet   1,000원 BANKER | P:10♦ 7♠=7  B:5♦ J♣ 7♦=2  PLAYER(L)  | -1,000원 → 243,900원  [start]
H2534 | bet   2,000원 PLAYER | P:Q♠ 5♠ K♥=5  B:3♥ A♣=4  PLAYER(W)  | +2,000원 → 245,900원  [end_win]
H2535 | bet   1,000원 BANKER | P:9♠ 9♥=8  B:10♣ 2♦=2  PLAYER(L)  | -1,000원 → 244,900원  [start]
H2536 | bet   2,000원 PLAYER | P:9♥ 4♦ 9♣=2  B:8♦ 3♥ 5♠=6  BANKER(L)  | -2,000원 → 242,900원
H2537 | bet   4,000원 PLAYER | P:3♠ 10♥=3  B:10♦ 8♣=8  BANKER(L)  | -4,000원 → 238,900원
H2538 | bet   8,000원 PLAYER | P:9♠ 10♥=9  B:5♣ 5♣=0  PLAYER(W)  | +8,000원 → 246,900원  [end_win]
H2539 | bet   1,000원 BANKER | P:6♥ 9♠ 2♠=7  B:K♠ 4♠ 2♠=6  PLAYER(L)  | -1,000원 → 245,900원  [start]
H2540 | bet   2,000원 PLAYER | P:6♦ 3♥=9  B:5♣ 8♦=3  PLAYER(W)  | +2,000원 → 247,900원  [end_win]
H2541 | bet   1,000원 BANKER | P:A♦ 10♥ Q♦=1  B:4♥ A♦=5  BANKER(W)  | +950원 → 248,850원
H2542 | bet   1,000원 BANKER | P:9♠ 4♦=3  B:9♣ J♠=9  BANKER(W)  | +950원 → 249,800원
H2543 | bet   1,000원 BANKER | P:2♣ 10♣ 6♣=8  B:7♥ 10♥=7  PLAYER(L)  | -1,000원 → 248,800원  [start]
H2544 | bet   2,000원 PLAYER | P:10♦ 2♣ 3♠=5  B:3♥ 10♣ 4♣=7  BANKER(L)  | -2,000원 → 246,800원
H2545 | bet   4,000원 PLAYER | P:A♥ 2♦ 2♥=5  B:2♦ 9♦ 6♥=7  BANKER(L)  | -4,000원 → 242,800원
H2546 | bet   8,000원 PLAYER | P:2♣ 8♦ 4♦=4  B:A♠ 6♠=7  BANKER(L)  | -8,000원 → 234,800원
H2547 | bet  16,000원 PLAYER | P:4♠ 7♥ 9♥=0  B:6♦ 5♠ 10♣=1  BANKER(L)  | -16,000원 → 218,800원
H2548 | bet  32,000원 PLAYER | P:5♦ K♥=5  B:Q♣ 9♥=9  BANKER(L)  | -32,000원 → 186,800원  [end_giveup]
H2549 | bet   1,000원 BANKER | P:Q♥ K♥ A♠=1  B:A♠ K♦ 3♦=4  BANKER(W)  | +950원 → 187,750원
H2550 | bet   1,000원 BANKER | P:7♦ 10♦=7  B:J♠ 9♣=9  BANKER(W)  | +950원 → 188,700원
H2551 | bet   1,000원 BANKER | P:8♣ 8♠=6  B:5♥ 10♥ 6♦=1  PLAYER(L)  | -1,000원 → 187,700원  [start]
H2552 | bet   2,000원 PLAYER | P:A♥ 10♥ J♠=1  B:A♣ K♠ J♦=1  TIE(T)  |     0원 → 187,700원
H2553 | bet   2,000원 PLAYER | P:2♥ 2♠ 10♥=4  B:4♥ J♦=4  TIE(T)  |     0원 → 187,700원
H2554 | bet   2,000원 PLAYER | P:5♦ Q♥ Q♥=5  B:J♥ 4♠=4  PLAYER(W)  | +2,000원 → 189,700원  [end_win]
H2555 | bet   1,000원 BANKER | P:10♠ K♣ 7♥=7  B:8♥ 7♦ 9♠=4  PLAYER(L)  | -1,000원 → 188,700원  [start]
H2556 | bet   2,000원 PLAYER | P:J♠ 8♦=8  B:8♣ 9♥=7  PLAYER(W)  | +2,000원 → 190,700원  [end_win]
H2557 | bet   1,000원 BANKER | P:4♣ 7♥ 8♣=9  B:6♣ 7♣=3  PLAYER(L)  | -1,000원 → 189,700원  [start]
H2558 | bet   2,000원 PLAYER | P:8♣ J♠=8  B:J♥ 6♣=6  PLAYER(W)  | +2,000원 → 191,700원  [end_win]
H2559 | bet   1,000원 BANKER | P:9♦ A♠ 3♠=3  B:7♦ Q♥=7  BANKER(W)  | +950원 → 192,650원
H2560 | bet   1,000원 BANKER | P:J♣ J♥ 2♥=2  B:9♦ 8♥=7  BANKER(W)  | +950원 → 193,600원
H2561 | bet   1,000원 BANKER | P:9♣ Q♥=9  B:K♠ Q♣=0  PLAYER(L)  | -1,000원 → 192,600원  [start]
H2562 | bet   2,000원 PLAYER | P:A♣ 10♣ 4♥=5  B:2♦ Q♦ 8♣=0  PLAYER(W)  | +2,000원 → 194,600원  [end_win]
H2563 | bet   1,000원 BANKER | P:5♥ A♥=6  B:7♦ Q♠=7  BANKER(W)  | +950원 → 195,550원
H2564 | bet   1,000원 BANKER | P:9♠ Q♥=9  B:6♥ A♥=7  PLAYER(L)  | -1,000원 → 194,550원  [start]
H2565 | bet   2,000원 PLAYER | P:7♦ Q♣=7  B:3♣ 4♣=7  TIE(T)  |     0원 → 194,550원
H2566 | bet   2,000원 PLAYER | P:10♥ 3♣ 3♦=6  B:3♣ 9♦ 8♦=0  PLAYER(W)  | +2,000원 → 196,550원  [end_win]
H2567 | bet   1,000원 BANKER | P:K♥ 4♥ K♥=4  B:Q♣ J♠ 5♠=5  BANKER(W)  | +950원 → 197,500원
H2568 | bet   1,000원 BANKER | P:4♦ K♠=4  B:3♣ 6♦=9  BANKER(W)  | +950원 → 198,450원
H2569 | bet   1,000원 BANKER | P:A♥ 2♥ 9♠=2  B:4♦ 6♦ 5♦=5  BANKER(W)  | +950원 → 199,400원
H2570 | bet   1,000원 BANKER | P:3♠ 7♠=0  B:9♠ 9♦=8  BANKER(W)  | +950원 → 200,350원
H2571 | bet   1,000원 BANKER | P:6♦ 9♣ Q♠=5  B:K♠ 7♠=7  BANKER(W)  | +950원 → 201,300원
H2572 | bet   1,000원 BANKER | P:Q♣ 6♠=6  B:K♦ 2♦ 8♥=0  PLAYER(L)  | -1,000원 → 200,300원  [start]
H2573 | bet   2,000원 PLAYER | P:6♠ 9♣ K♦=5  B:8♠ 7♥=5  TIE(T)  |     0원 → 200,300원
H2574 | bet   2,000원 PLAYER | P:4♥ A♣ Q♦=5  B:J♦ 10♠ 10♣=0  PLAYER(W)  | +2,000원 → 202,300원  [end_win]
H2575 | bet   1,000원 BANKER | P:5♠ 5♣ K♥=0  B:8♥ 4♣ A♣=3  BANKER(W)  | +950원 → 203,250원
H2576 | bet   1,000원 BANKER | P:2♦ 10♠=2  B:8♠ Q♠=8  BANKER(W)  | +950원 → 204,200원
H2577 | bet   1,000원 BANKER | P:Q♦ 2♠ 3♥=5  B:5♠ 8♠ 7♠=0  PLAYER(L)  | -1,000원 → 203,200원  [start]
H2578 | bet   2,000원 PLAYER | P:Q♠ K♠ 10♦=0  B:J♣ 3♦ Q♣=3  BANKER(L)  | -2,000원 → 201,200원
H2579 | bet   4,000원 PLAYER | P:7♠ K♣=7  B:7♥ Q♠=7  TIE(T)  |     0원 → 201,200원
H2580 | bet   4,000원 PLAYER | P:7♠ 3♣ 2♥=2  B:7♣ K♠=7  BANKER(L)  | -4,000원 → 197,200원
H2581 | bet   8,000원 PLAYER | P:9♥ 5♠ 9♣=3  B:6♥ 9♠=5  BANKER(L)  | -8,000원 → 189,200원
H2582 | bet  16,000원 PLAYER | P:5♣ 8♥ A♠=4  B:4♦ 6♥ A♦=1  PLAYER(W)  | +16,000원 → 205,200원  [end_win]
H2583 | bet   1,000원 BANKER | P:10♦ K♥ Q♦=0  B:K♣ 5♣=5  BANKER(W)  | +950원 → 206,150원
H2584 | bet   1,000원 BANKER | P:K♣ 5♦ 3♦=8  B:Q♣ A♥ 5♣=6  PLAYER(L)  | -1,000원 → 205,150원  [start]
H2585 | bet   2,000원 PLAYER | P:7♣ 9♠=6  B:J♣ 9♣=9  BANKER(L)  | -2,000원 → 203,150원
H2586 | bet   4,000원 PLAYER | P:3♦ 10♣=3  B:7♣ 2♦=9  BANKER(L)  | -4,000원 → 199,150원
H2587 | bet   8,000원 PLAYER | P:8♦ 6♠ 5♠=9  B:J♦ 5♥ J♦=5  PLAYER(W)  | +8,000원 → 207,150원  [end_win]
H2588 | bet   1,000원 BANKER | P:5♣ 3♠=8  B:9♥ 7♣=6  PLAYER(L)  | -1,000원 → 206,150원  [start]
H2589 | bet   2,000원 PLAYER | P:5♠ Q♣ 5♦=0  B:A♦ 6♣=7  BANKER(L)  | -2,000원 → 204,150원
H2590 | bet   4,000원 PLAYER | P:Q♠ 9♥=9  B:K♥ 4♣=4  PLAYER(W)  | +4,000원 → 208,150원  [end_win]
H2591 | bet   1,000원 BANKER | P:J♥ 6♣=6  B:Q♠ K♦ 4♣=4  PLAYER(L)  | -1,000원 → 207,150원  [start]
H2592 | bet   2,000원 PLAYER | P:5♦ K♦ 10♥=5  B:10♣ 6♠=6  BANKER(L)  | -2,000원 → 205,150원
H2593 | bet   4,000원 PLAYER | P:10♦ 7♥=7  B:Q♥ 9♦=9  BANKER(L)  | -4,000원 → 201,150원
H2594 | bet   8,000원 PLAYER | P:10♠ K♦ 3♥=3  B:A♦ 4♠=5  BANKER(L)  | -8,000원 → 193,150원
H2595 | bet  16,000원 PLAYER | P:A♦ 6♥=7  B:4♦ 6♠ 10♠=0  PLAYER(W)  | +16,000원 → 209,150원  [end_win]
H2596 | bet   1,000원 BANKER | P:9♦ 4♦ J♦=3  B:2♠ J♣ 3♠=5  BANKER(W)  | +950원 → 210,100원
H2597 | bet   1,000원 BANKER | P:8♥ 3♥ J♦=1  B:10♦ 3♥ 8♠=1  TIE(T)  |     0원 → 210,100원
H2598 | bet   1,000원 BANKER | P:8♠ K♠=8  B:7♣ 6♣=3  PLAYER(L)  | -1,000원 → 209,100원  [start]
H2599 | bet   2,000원 PLAYER | P:4♥ J♣ J♣=4  B:5♦ A♥=6  BANKER(L)  | -2,000원 → 207,100원
H2600 | bet   4,000원 PLAYER | P:8♠ 7♠ 3♣=8  B:7♦ 5♣ A♠=3  PLAYER(W)  | +4,000원 → 211,100원  [end_win]
H2601 | bet   1,000원 BANKER | P:J♠ 2♥ 5♥=7  B:3♣ 9♥ 2♦=4  PLAYER(L)  | -1,000원 → 210,100원  [start]
H2602 | bet   2,000원 PLAYER | P:J♥ 3♣ A♦=4  B:3♦ A♣=4  TIE(T)  |     0원 → 210,100원
H2603 | bet   2,000원 PLAYER | P:7♠ 8♥ 6♥=1  B:7♣ 7♥ A♣=5  BANKER(L)  | -2,000원 → 208,100원
H2604 | bet   4,000원 PLAYER | P:10♠ 4♠ 6♥=0  B:4♥ 10♠ K♦=4  BANKER(L)  | -4,000원 → 204,100원
H2605 | bet   8,000원 PLAYER | P:2♣ 5♣=7  B:6♦ K♣=6  PLAYER(W)  | +8,000원 → 212,100원  [end_win]
H2606 | bet   1,000원 BANKER | P:2♣ 4♠=6  B:5♠ 2♠=7  BANKER(W)  | +950원 → 213,050원
H2607 | bet   1,000원 BANKER | P:10♠ 8♣=8  B:4♠ 9♥=3  PLAYER(L)  | -1,000원 → 212,050원  [start]
H2608 | bet   2,000원 PLAYER | P:2♠ 6♣=8  B:Q♦ J♠=0  PLAYER(W)  | +2,000원 → 214,050원  [end_win]
H2609 | bet   1,000원 BANKER | P:6♣ K♣=6  B:10♦ 7♣=7  BANKER(W)  | +950원 → 215,000원
H2610 | bet   1,000원 BANKER | P:8♠ 2♠ 4♣=4  B:4♥ 7♦ K♣=1  PLAYER(L)  | -1,000원 → 214,000원  [start]
H2611 | bet   2,000원 PLAYER | P:10♥ 3♦ 3♠=6  B:8♣ 6♦ 8♣=2  PLAYER(W)  | +2,000원 → 216,000원  [end_win]
H2612 | bet   1,000원 BANKER | P:8♦ 5♥=3  B:9♦ K♥=9  BANKER(W)  | +950원 → 216,950원
H2613 | bet   1,000원 BANKER | P:7♦ 2♣=9  B:Q♠ 4♣=4  PLAYER(L)  | -1,000원 → 215,950원  [start]
H2614 | bet   2,000원 PLAYER | P:6♠ K♦=6  B:3♠ 7♠ 4♦=4  PLAYER(W)  | +2,000원 → 217,950원  [end_win]
H2615 | bet   1,000원 BANKER | P:J♥ K♣ J♣=0  B:9♣ 2♣ 2♦=3  BANKER(W)  | +950원 → 218,900원
H2616 | bet   1,000원 BANKER | P:3♥ A♥ 3♦=7  B:A♣ A♣ A♦=3  PLAYER(L)  | -1,000원 → 217,900원  [start]
H2617 | bet   2,000원 PLAYER | P:Q♦ 2♥ 8♦=0  B:Q♥ 5♦=5  BANKER(L)  | -2,000원 → 215,900원
H2618 | bet   4,000원 PLAYER | P:10♦ A♠ 5♥=6  B:5♥ J♥ 8♥=3  PLAYER(W)  | +4,000원 → 219,900원  [end_win]
H2619 | bet   1,000원 BANKER | P:7♦ 5♥ 6♣=8  B:7♥ 10♣=7  PLAYER(L)  | -1,000원 → 218,900원  [start]
H2620 | bet   2,000원 PLAYER | P:J♦ A♣ Q♥=1  B:4♥ 2♥=6  BANKER(L)  | -2,000원 → 216,900원
H2621 | bet   4,000원 PLAYER | P:4♠ 10♣ J♥=4  B:Q♣ 3♠ J♣=3  PLAYER(W)  | +4,000원 → 220,900원  [end_win]
H2622 | bet   1,000원 BANKER | P:7♦ Q♥=7  B:9♠ 6♠ 6♣=1  PLAYER(L)  | -1,000원 → 219,900원  [start]
H2623 | bet   2,000원 PLAYER | P:K♠ 10♣ 2♦=2  B:3♦ A♦ 2♦=6  BANKER(L)  | -2,000원 → 217,900원
H2624 | bet   4,000원 PLAYER | P:J♠ Q♣ 2♠=2  B:10♠ 4♣ Q♣=4  BANKER(L)  | -4,000원 → 213,900원
H2625 | bet   8,000원 PLAYER | P:7♦ 7♠ 4♦=8  B:9♥ A♦ 10♦=0  PLAYER(W)  | +8,000원 → 221,900원  [end_win]
H2626 | bet   1,000원 BANKER | P:3♥ 2♥ 2♣=7  B:Q♦ 4♦ 7♦=1  PLAYER(L)  | -1,000원 → 220,900원  [start]
H2627 | bet   2,000원 PLAYER | P:9♣ 10♦=9  B:9♠ 4♥=3  PLAYER(W)  | +2,000원 → 222,900원  [end_win]
H2628 | bet   1,000원 BANKER | P:4♠ A♣ 6♦=1  B:3♣ K♣ 8♦=1  TIE(T)  |     0원 → 222,900원
H2629 | bet   1,000원 BANKER | P:A♣ 5♠=6  B:Q♦ 4♣ K♦=4  PLAYER(L)  | -1,000원 → 221,900원  [start]
H2630 | bet   2,000원 PLAYER | P:8♥ K♥=8  B:4♠ 7♠=1  PLAYER(W)  | +2,000원 → 223,900원  [end_win]
H2631 | bet   1,000원 BANKER | P:7♣ 3♣ 5♦=5  B:3♥ 7♣ K♠=0  PLAYER(L)  | -1,000원 → 222,900원  [start]
H2632 | bet   2,000원 PLAYER | P:6♣ 9♠ 8♥=3  B:7♠ 10♣=7  BANKER(L)  | -2,000원 → 220,900원
H2633 | bet   4,000원 PLAYER | P:5♠ Q♣ 5♦=0  B:3♥ 3♦=6  BANKER(L)  | -4,000원 → 216,900원
H2634 | bet   8,000원 PLAYER | P:5♠ 10♠ Q♣=5  B:4♣ 6♦ 8♠=8  BANKER(L)  | -8,000원 → 208,900원
H2635 | bet  16,000원 PLAYER | P:Q♦ K♣ 2♠=2  B:9♣ 2♣ 9♥=0  PLAYER(W)  | +16,000원 → 224,900원  [end_win]
H2636 | bet   1,000원 BANKER | P:4♣ 8♠ A♠=3  B:8♣ 7♠=5  BANKER(W)  | +950원 → 225,850원
H2637 | bet   1,000원 BANKER | P:7♦ 2♣=9  B:9♠ K♦=9  TIE(T)  |     0원 → 225,850원
H2638 | bet   1,000원 BANKER | P:K♥ 4♠ 4♦=8  B:6♦ A♦=7  PLAYER(L)  | -1,000원 → 224,850원  [start]
H2639 | bet   2,000원 PLAYER | P:A♦ 6♣=7  B:J♥ 10♣ 2♥=2  PLAYER(W)  | +2,000원 → 226,850원  [end_win]
H2640 | bet   1,000원 BANKER | P:K♣ 7♣=7  B:4♦ A♥ 10♥=5  PLAYER(L)  | -1,000원 → 225,850원  [start]
H2641 | bet   2,000원 PLAYER | P:8♣ A♥=9  B:10♥ 9♦=9  TIE(T)  |     0원 → 225,850원
H2642 | bet   2,000원 PLAYER | P:3♣ 2♠=5  B:9♣ 9♦=8  BANKER(L)  | -2,000원 → 223,850원
H2643 | bet   4,000원 PLAYER | P:10♣ 6♣=6  B:5♦ J♠ 3♦=8  BANKER(L)  | -4,000원 → 219,850원
H2644 | bet   8,000원 PLAYER | P:K♦ 3♥ 3♥=6  B:A♥ 6♥=7  BANKER(L)  | -8,000원 → 211,850원
H2645 | bet  16,000원 PLAYER | P:2♥ 3♠ 5♣=0  B:7♥ 4♣ J♦=1  BANKER(L)  | -16,000원 → 195,850원
H2646 | bet  32,000원 PLAYER | P:K♦ 7♠=7  B:4♥ 3♣=7  TIE(T)  |     0원 → 195,850원
H2647 | bet  32,000원 PLAYER | P:Q♠ 2♠ 9♦=1  B:6♥ A♣=7  BANKER(L)  | -32,000원 → 163,850원  [end_giveup]
H2648 | bet   1,000원 BANKER | P:A♥ 3♠ 2♦=6  B:5♥ A♦=6  TIE(T)  |     0원 → 163,850원
H2649 | bet   1,000원 BANKER | P:A♥ 6♠=7  B:2♦ 9♦ K♥=1  PLAYER(L)  | -1,000원 → 162,850원  [start]
H2650 | bet   2,000원 PLAYER | P:A♠ 3♣ 6♦=0  B:A♠ 9♠ A♥=1  BANKER(L)  | -2,000원 → 160,850원
H2651 | bet   4,000원 PLAYER | P:8♣ Q♠=8  B:10♠ J♥=0  PLAYER(W)  | +4,000원 → 164,850원  [end_win]
H2652 | bet   1,000원 BANKER | P:J♠ 5♥ 7♥=2  B:Q♣ 4♥ 6♠=0  PLAYER(L)  | -1,000원 → 163,850원  [start]
H2653 | bet   2,000원 PLAYER | P:6♣ 3♣=9  B:J♠ A♣=1  PLAYER(W)  | +2,000원 → 165,850원  [end_win]
H2654 | bet   1,000원 BANKER | P:8♥ 5♠ 4♣=7  B:10♦ 4♥ 8♦=2  PLAYER(L)  | -1,000원 → 164,850원  [start]
H2655 | bet   2,000원 PLAYER | P:3♦ 6♠=9  B:9♦ J♥=9  TIE(T)  |     0원 → 164,850원
H2656 | bet   2,000원 PLAYER | P:K♣ A♠ 10♦=1  B:K♣ 2♥ A♥=3  BANKER(L)  | -2,000원 → 162,850원
H2657 | bet   4,000원 PLAYER | P:3♣ 7♣=0  B:K♦ 8♦=8  BANKER(L)  | -4,000원 → 158,850원
H2658 | bet   8,000원 PLAYER | P:K♠ K♠ 8♣=8  B:4♥ 3♣=7  PLAYER(W)  | +8,000원 → 166,850원  [end_win]
H2659 | bet   1,000원 BANKER | P:4♦ K♣=4  B:J♦ 8♠=8  BANKER(W)  | +950원 → 167,800원
H2660 | bet   1,000원 BANKER | P:5♠ 5♣ 6♠=6  B:9♣ 5♣ K♣=4  PLAYER(L)  | -1,000원 → 166,800원  [start]
H2661 | bet   2,000원 PLAYER | P:8♠ 4♦ 2♦=4  B:Q♦ 3♦ 2♥=5  BANKER(L)  | -2,000원 → 164,800원
H2662 | bet   4,000원 PLAYER | P:8♥ 6♠ 4♠=8  B:4♥ 7♠ 9♥=0  PLAYER(W)  | +4,000원 → 168,800원  [end_win]
H2663 | bet   1,000원 BANKER | P:3♠ K♥ A♣=4  B:J♦ 5♦=5  BANKER(W)  | +950원 → 169,750원
H2664 | bet   1,000원 BANKER | P:Q♦ 8♣=8  B:Q♣ A♠=1  PLAYER(L)  | -1,000원 → 168,750원  [start]
H2665 | bet   2,000원 PLAYER | P:J♥ 7♥=7  B:8♠ Q♠=8  BANKER(L)  | -2,000원 → 166,750원
H2666 | bet   4,000원 PLAYER | P:K♠ 10♠ 8♦=8  B:J♠ 2♠ 3♥=5  PLAYER(W)  | +4,000원 → 170,750원  [end_win]
H2667 | bet   1,000원 BANKER | P:J♣ 7♦=7  B:2♣ J♣ 5♦=7  TIE(T)  |     0원 → 170,750원
H2668 | bet   1,000원 BANKER | P:9♥ 6♥ J♦=5  B:2♠ 4♠=6  BANKER(W)  | +950원 → 171,700원
H2669 | bet   1,000원 BANKER | P:6♥ J♣=6  B:6♠ K♠=6  TIE(T)  |     0원 → 171,700원
H2670 | bet   1,000원 BANKER | P:7♣ A♦=8  B:7♦ 5♠=2  PLAYER(L)  | -1,000원 → 170,700원  [start]
H2671 | bet   2,000원 PLAYER | P:5♣ 5♥ 10♦=0  B:K♥ 7♣=7  BANKER(L)  | -2,000원 → 168,700원
H2672 | bet   4,000원 PLAYER | P:5♦ Q♥ A♦=6  B:3♦ 3♠=6  TIE(T)  |     0원 → 168,700원
H2673 | bet   4,000원 PLAYER | P:A♣ 9♦ Q♥=0  B:7♥ J♦=7  BANKER(L)  | -4,000원 → 164,700원
H2674 | bet   8,000원 PLAYER | P:Q♠ K♥ 8♦=8  B:6♣ Q♠=6  PLAYER(W)  | +8,000원 → 172,700원  [end_win]
H2675 | bet   1,000원 BANKER | P:5♥ 10♥=5  B:8♠ 10♥=8  BANKER(W)  | +950원 → 173,650원
H2676 | bet   1,000원 BANKER | P:10♣ 10♠ 8♣=8  B:10♥ 3♦=3  PLAYER(L)  | -1,000원 → 172,650원  [start]
H2677 | bet   2,000원 PLAYER | P:5♥ 3♥=8  B:2♥ 8♥=0  PLAYER(W)  | +2,000원 → 174,650원  [end_win]
H2678 | bet   1,000원 BANKER | P:A♠ 10♦=1  B:9♦ 9♣=8  BANKER(W)  | +950원 → 175,600원
H2679 | bet   1,000원 BANKER | P:8♦ 6♣ 10♦=4  B:2♥ J♦ 2♦=4  TIE(T)  |     0원 → 175,600원
H2680 | bet   1,000원 BANKER | P:2♦ 9♠ J♣=1  B:6♦ 8♥=4  BANKER(W)  | +950원 → 176,550원
H2681 | bet   1,000원 BANKER | P:K♣ K♥ 7♠=7  B:5♥ J♥ 5♣=0  PLAYER(L)  | -1,000원 → 175,550원  [start]
H2682 | bet   2,000원 PLAYER | P:4♦ 4♥=8  B:K♦ J♣=0  PLAYER(W)  | +2,000원 → 177,550원  [end_win]
H2683 | bet   1,000원 BANKER | P:10♣ Q♦ K♦=0  B:7♥ Q♠=7  BANKER(W)  | +950원 → 178,500원
H2684 | bet   1,000원 BANKER | P:8♥ A♣=9  B:3♠ Q♥=3  PLAYER(L)  | -1,000원 → 177,500원  [start]
H2685 | bet   2,000원 PLAYER | P:8♦ 5♦ Q♥=3  B:9♦ 3♥ 7♦=9  BANKER(L)  | -2,000원 → 175,500원
H2686 | bet   4,000원 PLAYER | P:9♣ 6♦ 2♣=7  B:Q♥ A♠ 4♠=5  PLAYER(W)  | +4,000원 → 179,500원  [end_win]
H2687 | bet   1,000원 BANKER | P:5♣ Q♣ 7♣=2  B:10♠ 10♥ 7♣=7  BANKER(W)  | +950원 → 180,450원
H2688 | bet   1,000원 BANKER | P:2♣ 7♥=9  B:J♥ Q♠=0  PLAYER(L)  | -1,000원 → 179,450원  [start]
H2689 | bet   2,000원 PLAYER | P:7♥ 8♦ K♠=5  B:10♥ 4♣=4  PLAYER(W)  | +2,000원 → 181,450원  [end_win]
H2690 | bet   1,000원 BANKER | P:4♦ 3♠=7  B:8♥ 3♦ 2♣=3  PLAYER(L)  | -1,000원 → 180,450원  [start]
H2691 | bet   2,000원 PLAYER | P:9♣ 2♠ 10♥=1  B:10♦ 4♠=4  BANKER(L)  | -2,000원 → 178,450원
H2692 | bet   4,000원 PLAYER | P:J♦ 5♠=5  B:A♠ 8♠=9  BANKER(L)  | -4,000원 → 174,450원
H2693 | bet   8,000원 PLAYER | P:9♠ 10♠=9  B:6♦ 5♦=1  PLAYER(W)  | +8,000원 → 182,450원  [end_win]
H2694 | bet   1,000원 BANKER | P:J♣ Q♦ 2♦=2  B:J♣ J♠ 5♣=5  BANKER(W)  | +950원 → 183,400원
H2695 | bet   1,000원 BANKER | P:3♠ 8♣ 4♣=5  B:5♠ Q♦ J♥=5  TIE(T)  |     0원 → 183,400원
H2696 | bet   1,000원 BANKER | P:6♥ 6♥=2  B:9♣ Q♠=9  BANKER(W)  | +950원 → 184,350원
H2697 | bet   1,000원 BANKER | P:5♥ 7♠ 6♠=8  B:2♠ J♠ 6♦=8  TIE(T)  |     0원 → 184,350원
H2698 | bet   1,000원 BANKER | P:9♥ J♠=9  B:K♠ Q♥=0  PLAYER(L)  | -1,000원 → 183,350원  [start]
H2699 | bet   2,000원 PLAYER | P:K♥ 6♥=6  B:A♦ 9♥ 6♥=6  TIE(T)  |     0원 → 183,350원
H2700 | bet   2,000원 PLAYER | P:7♣ 3♥ J♣=0  B:Q♣ 6♠=6  BANKER(L)  | -2,000원 → 181,350원
H2701 | bet   4,000원 PLAYER | P:K♥ 4♦ 5♦=9  B:5♥ K♠ 10♣=5  PLAYER(W)  | +4,000원 → 185,350원  [end_win]
H2702 | bet   1,000원 BANKER | P:9♠ A♦ 4♠=4  B:J♦ A♦ 6♣=7  BANKER(W)  | +950원 → 186,300원
H2703 | bet   1,000원 BANKER | P:10♦ 8♠=8  B:J♥ 9♥=9  BANKER(W)  | +950원 → 187,250원
H2704 | bet   1,000원 BANKER | P:10♣ K♦=0  B:4♥ 4♦=8  BANKER(W)  | +950원 → 188,200원
H2705 | bet   1,000원 BANKER | P:3♣ 2♠=5  B:3♥ 5♣=8  BANKER(W)  | +950원 → 189,150원
H2706 | bet   1,000원 BANKER | P:4♠ 4♥=8  B:9♠ A♦=0  PLAYER(L)  | -1,000원 → 188,150원  [start]
H2707 | bet   2,000원 PLAYER | P:3♦ 10♥ 7♣=0  B:2♠ Q♥ K♣=2  BANKER(L)  | -2,000원 → 186,150원
H2708 | bet   4,000원 PLAYER | P:Q♠ Q♣ Q♦=0  B:6♥ 9♠=5  BANKER(L)  | -4,000원 → 182,150원
H2709 | bet   8,000원 PLAYER | P:3♥ 2♣ J♦=5  B:7♦ Q♠=7  BANKER(L)  | -8,000원 → 174,150원
H2710 | bet  16,000원 PLAYER | P:7♠ 4♦ 7♠=8  B:8♥ 5♥ J♣=3  PLAYER(W)  | +16,000원 → 190,150원  [end_win]
H2711 | bet   1,000원 BANKER | P:Q♣ 10♦ A♣=1  B:8♥ 2♦ J♣=0  PLAYER(L)  | -1,000원 → 189,150원  [start]
H2712 | bet   2,000원 PLAYER | P:9♣ 6♦ 9♥=4  B:10♥ 2♦ 4♥=6  BANKER(L)  | -2,000원 → 187,150원
H2713 | bet   4,000원 PLAYER | P:A♦ K♥=1  B:Q♥ 9♠=9  BANKER(L)  | -4,000원 → 183,150원
H2714 | bet   8,000원 PLAYER | P:Q♠ 2♣ 7♥=9  B:Q♠ 10♣ 6♦=6  PLAYER(W)  | +8,000원 → 191,150원  [end_win]
H2715 | bet   1,000원 BANKER | P:4♣ 9♣ 8♦=1  B:2♥ 8♣ 2♦=2  BANKER(W)  | +950원 → 192,100원
H2716 | bet   1,000원 BANKER | P:6♥ J♦=6  B:8♣ 10♣=8  BANKER(W)  | +950원 → 193,050원
H2717 | bet   1,000원 BANKER | P:6♦ 7♠=3  B:3♦ 6♠=9  BANKER(W)  | +950원 → 194,000원
H2718 | bet   1,000원 BANKER | P:7♦ Q♣=7  B:J♣ A♠ 10♠=1  PLAYER(L)  | -1,000원 → 193,000원  [start]
H2719 | bet   2,000원 PLAYER | P:5♦ J♠ 9♦=4  B:6♣ 6♥ 5♦=7  BANKER(L)  | -2,000원 → 191,000원
H2720 | bet   4,000원 PLAYER | P:6♦ 5♣ 4♣=5  B:3♠ 2♠ 5♦=0  PLAYER(W)  | +4,000원 → 195,000원  [end_win]
H2721 | bet   1,000원 BANKER | P:5♦ 7♠=2  B:9♥ Q♥=9  BANKER(W)  | +950원 → 195,950원
H2722 | bet   1,000원 BANKER | P:J♠ A♦ 9♣=0  B:A♠ 10♥ J♥=1  BANKER(W)  | +950원 → 196,900원
H2723 | bet   1,000원 BANKER | P:6♣ K♥=6  B:5♠ J♣ 9♥=4  PLAYER(L)  | -1,000원 → 195,900원  [start]
H2724 | bet   2,000원 PLAYER | P:9♦ 6♦=5  B:8♦ K♦=8  BANKER(L)  | -2,000원 → 193,900원
H2725 | bet   4,000원 PLAYER | P:7♠ 9♥=6  B:9♦ J♥=9  BANKER(L)  | -4,000원 → 189,900원
H2726 | bet   8,000원 PLAYER | P:6♥ 2♥=8  B:K♣ 6♣=6  PLAYER(W)  | +8,000원 → 197,900원  [end_win]
H2727 | bet   1,000원 BANKER | P:6♠ 5♣ K♥=1  B:K♦ 10♠ 2♠=2  BANKER(W)  | +950원 → 198,850원
H2728 | bet   1,000원 BANKER | P:5♥ 5♥=0  B:6♠ 2♦=8  BANKER(W)  | +950원 → 199,800원
H2729 | bet   1,000원 BANKER | P:2♣ 8♣ 8♣=8  B:3♦ 8♥ 2♥=3  PLAYER(L)  | -1,000원 → 198,800원  [start]
H2730 | bet   2,000원 PLAYER | P:9♣ 4♦ 8♠=1  B:3♦ 10♠=3  BANKER(L)  | -2,000원 → 196,800원
H2731 | bet   4,000원 PLAYER | P:5♦ 10♠ A♣=6  B:Q♥ A♥ Q♠=1  PLAYER(W)  | +4,000원 → 200,800원  [end_win]
H2732 | bet   1,000원 BANKER | P:K♣ 10♥ 4♥=4  B:10♦ 10♦ 8♥=8  BANKER(W)  | +950원 → 201,750원
H2733 | bet   1,000원 BANKER | P:7♥ 3♣ 2♠=2  B:5♠ 8♣ J♣=3  BANKER(W)  | +950원 → 202,700원
H2734 | bet   1,000원 BANKER | P:J♥ 7♦=7  B:Q♠ 2♥ A♥=3  PLAYER(L)  | -1,000원 → 201,700원  [start]
H2735 | bet   2,000원 PLAYER | P:J♦ 7♦=7  B:9♣ 2♦ 10♠=1  PLAYER(W)  | +2,000원 → 203,700원  [end_win]
H2736 | bet   1,000원 BANKER | P:6♣ 7♥=3  B:10♣ 8♦=8  BANKER(W)  | +950원 → 204,650원
H2737 | bet   1,000원 BANKER | P:6♠ 6♥ 9♥=1  B:7♠ Q♥=7  BANKER(W)  | +950원 → 205,600원
H2738 | bet   1,000원 BANKER | P:A♥ 9♣=0  B:9♥ 9♦=8  BANKER(W)  | +950원 → 206,550원
H2739 | bet   1,000원 BANKER | P:7♦ 5♥=2  B:8♣ K♠=8  BANKER(W)  | +950원 → 207,500원
H2740 | bet   1,000원 BANKER | P:4♣ 7♣ 9♣=0  B:5♠ J♥=5  BANKER(W)  | +950원 → 208,450원
H2741 | bet   1,000원 BANKER | P:K♥ K♣ K♦=0  B:3♥ Q♥ 2♠=5  BANKER(W)  | +950원 → 209,400원
H2742 | bet   1,000원 BANKER | P:A♦ A♠ 9♠=1  B:4♠ 10♥=4  BANKER(W)  | +950원 → 210,350원
H2743 | bet   1,000원 BANKER | P:K♣ 4♣ Q♦=4  B:K♥ Q♣ 10♦=0  PLAYER(L)  | -1,000원 → 209,350원  [start]
H2744 | bet   2,000원 PLAYER | P:8♥ K♠=8  B:3♠ 6♦=9  BANKER(L)  | -2,000원 → 207,350원
H2745 | bet   4,000원 PLAYER | P:10♠ A♣ A♥=2  B:10♥ 4♠=4  BANKER(L)  | -4,000원 → 203,350원
H2746 | bet   8,000원 PLAYER | P:9♠ 3♦ Q♥=2  B:A♥ 10♦ 7♥=8  BANKER(L)  | -8,000원 → 195,350원
H2747 | bet  16,000원 PLAYER | P:3♠ 6♥=9  B:8♣ 4♦=2  PLAYER(W)  | +16,000원 → 211,350원  [end_win]
H2748 | bet   1,000원 BANKER | P:2♦ J♣=2  B:5♣ 3♠=8  BANKER(W)  | +950원 → 212,300원
H2749 | bet   1,000원 BANKER | P:A♥ 7♠=8  B:8♦ 3♥=1  PLAYER(L)  | -1,000원 → 211,300원  [start]
H2750 | bet   2,000원 PLAYER | P:4♠ Q♠ 7♣=1  B:4♦ A♣ 7♦=2  BANKER(L)  | -2,000원 → 209,300원
H2751 | bet   4,000원 PLAYER | P:3♠ 2♠ 7♣=2  B:3♣ 3♣ 7♣=3  BANKER(L)  | -4,000원 → 205,300원
H2752 | bet   8,000원 PLAYER | P:2♠ 9♠ A♠=2  B:6♣ 8♠=4  BANKER(L)  | -8,000원 → 197,300원
H2753 | bet  16,000원 PLAYER | P:5♣ 3♠=8  B:6♠ K♦=6  PLAYER(W)  | +16,000원 → 213,300원  [end_win]
H2754 | bet   1,000원 BANKER | P:J♠ 7♦=7  B:A♣ 3♣ J♦=4  PLAYER(L)  | -1,000원 → 212,300원  [start]
H2755 | bet   2,000원 PLAYER | P:6♠ 2♥=8  B:Q♠ A♠=1  PLAYER(W)  | +2,000원 → 214,300원  [end_win]
H2756 | bet   1,000원 BANKER | P:2♥ Q♦ 8♠=0  B:3♦ J♠=3  BANKER(W)  | +950원 → 215,250원
H2757 | bet   1,000원 BANKER | P:10♦ Q♦ 10♣=0  B:4♣ A♠=5  BANKER(W)  | +950원 → 216,200원
H2758 | bet   1,000원 BANKER | P:A♣ 8♦=9  B:K♣ 7♥=7  PLAYER(L)  | -1,000원 → 215,200원  [start]
H2759 | bet   2,000원 PLAYER | P:6♠ 7♣ A♥=4  B:5♠ Q♦=5  BANKER(L)  | -2,000원 → 213,200원
H2760 | bet   4,000원 PLAYER | P:7♥ 4♦ 7♥=8  B:5♦ Q♣ 5♣=0  PLAYER(W)  | +4,000원 → 217,200원  [end_win]
H2761 | bet   1,000원 BANKER | P:4♣ 7♠ 2♣=3  B:2♦ 8♥ A♣=1  PLAYER(L)  | -1,000원 → 216,200원  [start]
H2762 | bet   2,000원 PLAYER | P:K♦ J♦ 7♣=7  B:K♦ 2♣ 3♦=5  PLAYER(W)  | +2,000원 → 218,200원  [end_win]
H2763 | bet   1,000원 BANKER | P:2♣ 4♥=6  B:5♠ 3♥=8  BANKER(W)  | +950원 → 219,150원
H2764 | bet   1,000원 BANKER | P:9♦ 6♥ 4♣=9  B:J♣ J♦ K♠=0  PLAYER(L)  | -1,000원 → 218,150원  [start]
H2765 | bet   2,000원 PLAYER | P:9♠ J♠=9  B:5♥ J♠=5  PLAYER(W)  | +2,000원 → 220,150원  [end_win]
H2766 | bet   1,000원 BANKER | P:4♠ A♠ 8♣=3  B:2♣ Q♦ J♠=2  PLAYER(L)  | -1,000원 → 219,150원  [start]
H2767 | bet   2,000원 PLAYER | P:8♠ 6♦ J♥=4  B:6♣ 7♦ J♦=3  PLAYER(W)  | +2,000원 → 221,150원  [end_win]
H2768 | bet   1,000원 BANKER | P:2♥ 3♥ A♥=6  B:A♦ 10♥ 5♦=6  TIE(T)  |     0원 → 221,150원
H2769 | bet   1,000원 BANKER | P:4♥ 4♥=8  B:9♦ 5♠=4  PLAYER(L)  | -1,000원 → 220,150원  [start]
H2770 | bet   2,000원 PLAYER | P:4♣ 8♦ 10♣=2  B:10♦ 10♣ 5♠=5  BANKER(L)  | -2,000원 → 218,150원
H2771 | bet   4,000원 PLAYER | P:5♣ K♣=5  B:Q♥ 8♠=8  BANKER(L)  | -4,000원 → 214,150원
H2772 | bet   8,000원 PLAYER | P:J♥ 2♣ 3♠=5  B:J♥ 3♣ A♣=4  PLAYER(W)  | +8,000원 → 222,150원  [end_win]
H2773 | bet   1,000원 BANKER | P:9♦ 6♥ 8♦=3  B:10♠ A♦ 8♠=9  BANKER(W)  | +950원 → 223,100원
H2774 | bet   1,000원 BANKER | P:10♠ K♠ 8♦=8  B:K♣ K♦ 3♥=3  PLAYER(L)  | -1,000원 → 222,100원  [start]
H2775 | bet   2,000원 PLAYER | P:Q♦ J♠ 3♦=3  B:3♣ Q♣ 9♣=2  PLAYER(W)  | +2,000원 → 224,100원  [end_win]
H2776 | bet   1,000원 BANKER | P:3♣ 10♥ Q♦=3  B:K♥ K♠ Q♣=0  PLAYER(L)  | -1,000원 → 223,100원  [start]
H2777 | bet   2,000원 PLAYER | P:5♠ 6♦=1  B:7♥ 2♥=9  BANKER(L)  | -2,000원 → 221,100원
H2778 | bet   4,000원 PLAYER | P:5♥ 3♠=8  B:9♥ 8♥=7  PLAYER(W)  | +4,000원 → 225,100원  [end_win]
H2779 | bet   1,000원 BANKER | P:6♣ 5♥=1  B:K♠ 9♦=9  BANKER(W)  | +950원 → 226,050원
H2780 | bet   1,000원 BANKER | P:3♣ J♥ 7♦=0  B:5♦ 10♥ K♦=5  BANKER(W)  | +950원 → 227,000원
H2781 | bet   1,000원 BANKER | P:J♠ 7♥=7  B:10♦ 8♠=8  BANKER(W)  | +950원 → 227,950원
H2782 | bet   1,000원 BANKER | P:K♣ 3♠ 6♦=9  B:6♣ 5♣ 4♦=5  PLAYER(L)  | -1,000원 → 226,950원  [start]
H2783 | bet   2,000원 PLAYER | P:7♥ K♥=7  B:9♠ Q♥=9  BANKER(L)  | -2,000원 → 224,950원
H2784 | bet   4,000원 PLAYER | P:10♦ 5♠ A♣=6  B:Q♣ K♦ 7♦=7  BANKER(L)  | -4,000원 → 220,950원
H2785 | bet   8,000원 PLAYER | P:6♣ 10♣=6  B:2♠ J♦ 7♥=9  BANKER(L)  | -8,000원 → 212,950원
H2786 | bet  16,000원 PLAYER | P:5♥ 7♥ 10♠=2  B:A♦ K♦ 9♥=0  PLAYER(W)  | +16,000원 → 228,950원  [end_win]
H2787 | bet   1,000원 BANKER | P:4♦ 4♦=8  B:Q♠ 8♠=8  TIE(T)  |     0원 → 228,950원
H2788 | bet   1,000원 BANKER | P:9♣ 8♦=7  B:A♣ 9♥ J♦=0  PLAYER(L)  | -1,000원 → 227,950원  [start]
H2789 | bet   2,000원 PLAYER | P:K♥ 10♥ 6♠=6  B:2♦ 3♦ J♥=5  PLAYER(W)  | +2,000원 → 229,950원  [end_win]
H2790 | bet   1,000원 BANKER | P:K♦ 5♥ 3♠=8  B:8♠ 4♠ Q♥=2  PLAYER(L)  | -1,000원 → 228,950원  [start]
H2791 | bet   2,000원 PLAYER | P:3♣ 6♠=9  B:6♦ 9♠=5  PLAYER(W)  | +2,000원 → 230,950원  [end_win]
H2792 | bet   1,000원 BANKER | P:2♥ 6♥=8  B:K♣ 9♥=9  BANKER(W)  | +950원 → 231,900원
H2793 | bet   1,000원 BANKER | P:J♦ 7♦=7  B:Q♠ 10♠ J♦=0  PLAYER(L)  | -1,000원 → 230,900원  [start]
H2794 | bet   2,000원 PLAYER | P:9♦ 10♥=9  B:8♦ 8♥=6  PLAYER(W)  | +2,000원 → 232,900원  [end_win]
H2795 | bet   1,000원 BANKER | P:7♥ A♦=8  B:J♥ 5♦=5  PLAYER(L)  | -1,000원 → 231,900원  [start]
H2796 | bet   2,000원 PLAYER | P:2♣ 4♠=6  B:8♥ 9♦=7  BANKER(L)  | -2,000원 → 229,900원
H2797 | bet   4,000원 PLAYER | P:10♦ 2♦ 8♣=0  B:4♣ K♠=4  BANKER(L)  | -4,000원 → 225,900원
H2798 | bet   8,000원 PLAYER | P:5♣ 8♠ 6♥=9  B:4♦ 3♣=7  PLAYER(W)  | +8,000원 → 233,900원  [end_win]
H2799 | bet   1,000원 BANKER | P:7♣ 9♣=6  B:7♦ 2♥=9  BANKER(W)  | +950원 → 234,850원
H2800 | bet   1,000원 BANKER | P:J♣ 6♠=6  B:8♦ 7♠ Q♠=5  PLAYER(L)  | -1,000원 → 233,850원  [start]
H2801 | bet   2,000원 PLAYER | P:5♣ 9♥ 5♥=9  B:7♣ 6♦ J♣=3  PLAYER(W)  | +2,000원 → 235,850원  [end_win]
H2802 | bet   1,000원 BANKER | P:K♦ 6♦=6  B:10♣ 3♠ 8♦=1  PLAYER(L)  | -1,000원 → 234,850원  [start]
H2803 | bet   2,000원 PLAYER | P:10♦ J♠ 10♠=0  B:2♣ Q♥ 8♠=0  TIE(T)  |     0원 → 234,850원
H2804 | bet   2,000원 PLAYER | P:Q♦ 8♦=8  B:6♠ 5♣=1  PLAYER(W)  | +2,000원 → 236,850원  [end_win]
H2805 | bet   1,000원 BANKER | P:Q♠ 3♠ 3♠=6  B:2♣ 2♠ K♣=4  PLAYER(L)  | -1,000원 → 235,850원  [start]
H2806 | bet   2,000원 PLAYER | P:4♣ 2♠=6  B:9♥ 3♥ 4♣=6  TIE(T)  |     0원 → 235,850원
H2807 | bet   2,000원 PLAYER | P:A♦ 6♥=7  B:10♣ 4♥ 2♦=6  PLAYER(W)  | +2,000원 → 237,850원  [end_win]
H2808 | bet   1,000원 BANKER | P:J♦ 3♥ 5♠=8  B:6♥ 4♠ 6♦=6  PLAYER(L)  | -1,000원 → 236,850원  [start]
H2809 | bet   2,000원 PLAYER | P:3♣ 2♣ A♣=6  B:J♣ 5♠=5  PLAYER(W)  | +2,000원 → 238,850원  [end_win]
H2810 | bet   1,000원 BANKER | P:10♦ 10♠ 6♣=6  B:4♦ K♦ 4♥=8  BANKER(W)  | +950원 → 239,800원
H2811 | bet   1,000원 BANKER | P:6♠ 4♣ K♦=0  B:J♠ 3♣ 7♠=0  TIE(T)  |     0원 → 239,800원
H2812 | bet   1,000원 BANKER | P:5♦ 10♣=5  B:4♠ 5♦=9  BANKER(W)  | +950원 → 240,750원
H2813 | bet   1,000원 BANKER | P:K♣ Q♣ 8♥=8  B:A♠ J♣ 10♦=1  PLAYER(L)  | -1,000원 → 239,750원  [start]
H2814 | bet   2,000원 PLAYER | P:7♦ Q♥=7  B:7♥ A♥=8  BANKER(L)  | -2,000원 → 237,750원
H2815 | bet   4,000원 PLAYER | P:6♠ 5♠=1  B:A♦ 8♣=9  BANKER(L)  | -4,000원 → 233,750원
H2816 | bet   8,000원 PLAYER | P:3♦ 3♥=6  B:10♥ 5♦ Q♥=5  PLAYER(W)  | +8,000원 → 241,750원  [end_win]
H2817 | bet   1,000원 BANKER | P:A♥ 6♣=7  B:8♣ Q♣=8  BANKER(W)  | +950원 → 242,700원
H2818 | bet   1,000원 BANKER | P:8♥ 8♥=6  B:K♣ 4♦ 4♣=8  BANKER(W)  | +950원 → 243,650원
H2819 | bet   1,000원 BANKER | P:4♥ 2♦=6  B:9♠ 9♠=8  BANKER(W)  | +950원 → 244,600원
H2820 | bet   1,000원 BANKER | P:2♣ K♥ K♣=2  B:2♠ 2♣=4  BANKER(W)  | +950원 → 245,550원
H2821 | bet   1,000원 BANKER | P:5♣ J♦ 8♠=3  B:7♣ K♠=7  BANKER(W)  | +950원 → 246,500원
H2822 | bet   1,000원 BANKER | P:A♥ A♦ 2♦=4  B:Q♦ J♣ 6♦=6  BANKER(W)  | +950원 → 247,450원
H2823 | bet   1,000원 BANKER | P:6♥ Q♠=6  B:10♣ 4♥ J♠=4  PLAYER(L)  | -1,000원 → 246,450원  [start]
H2824 | bet   2,000원 PLAYER | P:10♦ 8♦=8  B:J♠ K♠=0  PLAYER(W)  | +2,000원 → 248,450원  [end_win]
H2825 | bet   1,000원 BANKER | P:8♥ K♣=8  B:K♠ 2♠=2  PLAYER(L)  | -1,000원 → 247,450원  [start]
H2826 | bet   2,000원 PLAYER | P:Q♦ Q♣=0  B:8♠ Q♠=8  BANKER(L)  | -2,000원 → 245,450원
H2827 | bet   4,000원 PLAYER | P:3♦ 4♦=7  B:3♦ 5♠=8  BANKER(L)  | -4,000원 → 241,450원
H2828 | bet   8,000원 PLAYER | P:J♦ J♥ 6♣=6  B:A♦ 6♦=7  BANKER(L)  | -8,000원 → 233,450원
H2829 | bet  16,000원 PLAYER | P:8♣ A♥=9  B:Q♣ 4♣=4  PLAYER(W)  | +16,000원 → 249,450원  [end_win]
H2830 | bet   1,000원 BANKER | P:A♠ J♦ A♥=2  B:A♣ 9♣ A♦=1  PLAYER(L)  | -1,000원 → 248,450원  [start]
H2831 | bet   2,000원 PLAYER | P:Q♠ 6♣=6  B:5♥ 9♣ 2♠=6  TIE(T)  |     0원 → 248,450원
H2832 | bet   2,000원 PLAYER | P:K♥ 10♠ 5♣=5  B:6♥ 8♥ J♠=4  PLAYER(W)  | +2,000원 → 250,450원  [end_win]
H2833 | bet   1,000원 BANKER | P:A♠ 5♠=6  B:5♦ J♥ 9♦=4  PLAYER(L)  | -1,000원 → 249,450원  [start]
H2834 | bet   2,000원 PLAYER | P:J♥ 7♣=7  B:9♥ 10♥=9  BANKER(L)  | -2,000원 → 247,450원
H2835 | bet   4,000원 PLAYER | P:A♣ J♥ K♥=1  B:K♥ 2♠ K♦=2  BANKER(L)  | -4,000원 → 243,450원
H2836 | bet   8,000원 PLAYER | P:K♥ 3♦ J♣=3  B:7♠ 3♥ 3♠=3  TIE(T)  |     0원 → 243,450원
H2837 | bet   8,000원 PLAYER | P:6♣ 8♣ 6♥=0  B:7♠ 10♠=7  BANKER(L)  | -8,000원 → 235,450원
H2838 | bet  16,000원 PLAYER | P:5♥ 5♦ A♣=1  B:2♠ 8♥ 7♠=7  BANKER(L)  | -16,000원 → 219,450원
H2839 | bet  32,000원 PLAYER | P:A♠ 7♣=8  B:4♠ 4♠=8  TIE(T)  |     0원 → 219,450원
H2840 | bet  32,000원 PLAYER | P:Q♦ 5♥ 6♥=1  B:4♥ A♣ 7♠=2  BANKER(L)  | -32,000원 → 187,450원  [end_giveup]
H2841 | bet   1,000원 BANKER | P:10♥ 9♣=9  B:2♥ 4♠=6  PLAYER(L)  | -1,000원 → 186,450원  [start]
H2842 | bet   2,000원 PLAYER | P:3♦ A♥ A♠=5  B:3♣ 9♠ 7♣=9  BANKER(L)  | -2,000원 → 184,450원
H2843 | bet   4,000원 PLAYER | P:Q♠ 8♣=8  B:2♥ 3♣=5  PLAYER(W)  | +4,000원 → 188,450원  [end_win]
H2844 | bet   1,000원 BANKER | P:3♥ 7♦ 9♠=9  B:Q♣ 2♥ 7♥=9  TIE(T)  |     0원 → 188,450원
H2845 | bet   1,000원 BANKER | P:7♠ A♠=8  B:5♣ 8♠=3  PLAYER(L)  | -1,000원 → 187,450원  [start]
H2846 | bet   2,000원 PLAYER | P:Q♦ 8♣=8  B:3♣ 6♠=9  BANKER(L)  | -2,000원 → 185,450원
H2847 | bet   4,000원 PLAYER | P:J♠ 3♦ 4♥=7  B:Q♥ A♠ Q♦=1  PLAYER(W)  | +4,000원 → 189,450원  [end_win]
H2848 | bet   1,000원 BANKER | P:10♠ A♦ 5♣=6  B:A♥ 3♥ 7♣=1  PLAYER(L)  | -1,000원 → 188,450원  [start]
H2849 | bet   2,000원 PLAYER | P:6♣ 4♣ 3♥=3  B:Q♣ 2♣ 5♥=7  BANKER(L)  | -2,000원 → 186,450원
H2850 | bet   4,000원 PLAYER | P:Q♦ 3♠ 6♦=9  B:9♣ 5♠ 9♣=3  PLAYER(W)  | +4,000원 → 190,450원  [end_win]
H2851 | bet   1,000원 BANKER | P:K♥ 9♥=9  B:2♥ 4♥=6  PLAYER(L)  | -1,000원 → 189,450원  [start]
H2852 | bet   2,000원 PLAYER | P:Q♥ 10♥ 6♠=6  B:K♠ 2♦ 10♦=2  PLAYER(W)  | +2,000원 → 191,450원  [end_win]
H2853 | bet   1,000원 BANKER | P:K♠ 10♠=0  B:8♣ A♣=9  BANKER(W)  | +950원 → 192,400원
H2854 | bet   1,000원 BANKER | P:5♠ 4♠=9  B:J♥ 9♦=9  TIE(T)  |     0원 → 192,400원
H2855 | bet   1,000원 BANKER | P:7♠ 5♥ Q♣=2  B:10♣ 2♦ 10♥=2  TIE(T)  |     0원 → 192,400원
H2856 | bet   1,000원 BANKER | P:7♦ Q♦=7  B:8♦ 5♦ 3♦=6  PLAYER(L)  | -1,000원 → 191,400원  [start]
H2857 | bet   2,000원 PLAYER | P:J♣ 2♥ 9♣=1  B:3♥ 7♣ J♣=0  PLAYER(W)  | +2,000원 → 193,400원  [end_win]
H2858 | bet   1,000원 BANKER | P:9♥ 9♠=8  B:3♠ 9♦=2  PLAYER(L)  | -1,000원 → 192,400원  [start]
H2859 | bet   2,000원 PLAYER | P:9♠ 7♦=6  B:A♠ K♠ 10♣=1  PLAYER(W)  | +2,000원 → 194,400원  [end_win]
H2860 | bet   1,000원 BANKER | P:9♦ 4♥ 8♦=1  B:2♦ Q♥ K♣=2  BANKER(W)  | +950원 → 195,350원
H2861 | bet   1,000원 BANKER | P:8♠ 5♣ K♣=3  B:9♦ 7♦=6  BANKER(W)  | +950원 → 196,300원
H2862 | bet   1,000원 BANKER | P:9♦ K♦=9  B:2♠ J♦=2  PLAYER(L)  | -1,000원 → 195,300원  [start]
H2863 | bet   2,000원 PLAYER | P:4♠ J♦ J♦=4  B:Q♠ J♠ 10♥=0  PLAYER(W)  | +2,000원 → 197,300원  [end_win]
H2864 | bet   1,000원 BANKER | P:5♦ 8♦ 7♠=0  B:A♣ J♣ J♣=1  BANKER(W)  | +950원 → 198,250원
H2865 | bet   1,000원 BANKER | P:K♠ 5♣ 7♣=2  B:J♠ Q♣ 5♦=5  BANKER(W)  | +950원 → 199,200원
H2866 | bet   1,000원 BANKER | P:J♥ 3♥ 3♥=6  B:A♠ 3♦ 2♥=6  TIE(T)  |     0원 → 199,200원
H2867 | bet   1,000원 BANKER | P:6♥ 9♦ 10♦=5  B:6♣ 5♥ 7♠=8  BANKER(W)  | +950원 → 200,150원
H2868 | bet   1,000원 BANKER | P:7♦ 10♦=7  B:7♠ 6♣ 6♦=9  BANKER(W)  | +950원 → 201,100원
H2869 | bet   1,000원 BANKER | P:A♠ 2♣ 8♦=1  B:Q♥ 5♠=5  BANKER(W)  | +950원 → 202,050원
H2870 | bet   1,000원 BANKER | P:10♠ Q♠ 10♥=0  B:Q♥ J♥ 4♦=4  BANKER(W)  | +950원 → 203,000원
H2871 | bet   1,000원 BANKER | P:5♠ 9♥=4  B:9♠ K♥=9  BANKER(W)  | +950원 → 203,950원
H2872 | bet   1,000원 BANKER | P:Q♥ 10♣=0  B:9♦ K♥=9  BANKER(W)  | +950원 → 204,900원
H2873 | bet   1,000원 BANKER | P:7♥ 8♥ 8♥=3  B:6♣ 5♦ 9♦=0  PLAYER(L)  | -1,000원 → 203,900원  [start]
H2874 | bet   2,000원 PLAYER | P:6♣ 6♥ 3♦=5  B:Q♣ 2♦ J♦=2  PLAYER(W)  | +2,000원 → 205,900원  [end_win]
H2875 | bet   1,000원 BANKER | P:10♦ 4♥ 9♣=3  B:5♣ J♣=5  BANKER(W)  | +950원 → 206,850원
H2876 | bet   1,000원 BANKER | P:2♠ 3♥ 4♣=9  B:7♥ 8♦ A♣=6  PLAYER(L)  | -1,000원 → 205,850원  [start]
H2877 | bet   2,000원 PLAYER | P:4♣ Q♠ A♣=5  B:2♣ 5♥=7  BANKER(L)  | -2,000원 → 203,850원
H2878 | bet   4,000원 PLAYER | P:4♦ 9♣ 2♣=5  B:7♣ K♥=7  BANKER(L)  | -4,000원 → 199,850원
H2879 | bet   8,000원 PLAYER | P:K♦ 4♥ 10♣=4  B:A♦ 3♥=4  TIE(T)  |     0원 → 199,850원
H2880 | bet   8,000원 PLAYER | P:6♠ 8♥ 2♥=6  B:5♣ 8♣ 8♦=1  PLAYER(W)  | +8,000원 → 207,850원  [end_win]
H2881 | bet   1,000원 BANKER | P:10♥ K♦=0  B:2♠ 6♦=8  BANKER(W)  | +950원 → 208,800원
H2882 | bet   1,000원 BANKER | P:6♠ 2♣=8  B:4♣ 6♠=0  PLAYER(L)  | -1,000원 → 207,800원  [start]
H2883 | bet   2,000원 PLAYER | P:J♥ A♥ 8♥=9  B:10♥ K♦ 5♥=5  PLAYER(W)  | +2,000원 → 209,800원  [end_win]
H2884 | bet   1,000원 BANKER | P:8♠ Q♠=8  B:4♣ 4♦=8  TIE(T)  |     0원 → 209,800원
H2885 | bet   1,000원 BANKER | P:A♠ Q♣ 7♦=8  B:8♠ 5♠ 3♠=6  PLAYER(L)  | -1,000원 → 208,800원  [start]
H2886 | bet   2,000원 PLAYER | P:9♥ 3♠ Q♦=2  B:A♣ 10♦ J♠=1  PLAYER(W)  | +2,000원 → 210,800원  [end_win]
H2887 | bet   1,000원 BANKER | P:3♦ 5♠=8  B:4♦ 6♥=0  PLAYER(L)  | -1,000원 → 209,800원  [start]
H2888 | bet   2,000원 PLAYER | P:9♠ J♠=9  B:2♥ K♣=2  PLAYER(W)  | +2,000원 → 211,800원  [end_win]
H2889 | bet   1,000원 BANKER | P:5♠ 3♦=8  B:5♥ 7♠=2  PLAYER(L)  | -1,000원 → 210,800원  [start]
H2890 | bet   2,000원 PLAYER | P:J♥ 5♠=5  B:Q♣ 9♥=9  BANKER(L)  | -2,000원 → 208,800원
H2891 | bet   4,000원 PLAYER | P:10♠ 9♣=9  B:6♥ K♣=6  PLAYER(W)  | +4,000원 → 212,800원  [end_win]
H2892 | bet   1,000원 BANKER | P:9♣ 3♦ 5♣=7  B:4♥ 3♥=7  TIE(T)  |     0원 → 212,800원
H2893 | bet   1,000원 BANKER | P:3♦ 5♥=8  B:J♣ 10♠=0  PLAYER(L)  | -1,000원 → 211,800원  [start]
H2894 | bet   2,000원 PLAYER | P:4♥ 5♣=9  B:Q♥ K♠=0  PLAYER(W)  | +2,000원 → 213,800원  [end_win]
H2895 | bet   1,000원 BANKER | P:2♥ 6♦=8  B:2♣ 8♥=0  PLAYER(L)  | -1,000원 → 212,800원  [start]
H2896 | bet   2,000원 PLAYER | P:3♠ 4♣=7  B:8♥ 3♠ 2♦=3  PLAYER(W)  | +2,000원 → 214,800원  [end_win]
H2897 | bet   1,000원 BANKER | P:8♣ 8♠=6  B:K♣ Q♥ 2♥=2  PLAYER(L)  | -1,000원 → 213,800원  [start]
H2898 | bet   2,000원 PLAYER | P:6♠ 7♦ 7♦=0  B:3♦ 2♣ 9♦=4  BANKER(L)  | -2,000원 → 211,800원
H2899 | bet   4,000원 PLAYER | P:7♥ 5♦ 7♣=9  B:3♥ J♠ K♦=3  PLAYER(W)  | +4,000원 → 215,800원  [end_win]
H2900 | bet   1,000원 BANKER | P:A♣ J♠=1  B:6♣ 2♦=8  BANKER(W)  | +950원 → 216,750원
H2901 | bet   1,000원 BANKER | P:K♠ 9♥=9  B:6♠ 6♥=2  PLAYER(L)  | -1,000원 → 215,750원  [start]
H2902 | bet   2,000원 PLAYER | P:7♣ 8♦ 3♣=8  B:5♥ 5♣ 10♠=0  PLAYER(W)  | +2,000원 → 217,750원  [end_win]
H2903 | bet   1,000원 BANKER | P:A♠ J♦ 10♠=1  B:A♣ J♦ K♦=1  TIE(T)  |     0원 → 217,750원
H2904 | bet   1,000원 BANKER | P:4♣ 10♥=4  B:A♦ 7♠=8  BANKER(W)  | +950원 → 218,700원
H2905 | bet   1,000원 BANKER | P:9♥ 6♦=5  B:7♣ A♥=8  BANKER(W)  | +950원 → 219,650원
H2906 | bet   1,000원 BANKER | P:3♣ 6♠=9  B:5♥ 2♦=7  PLAYER(L)  | -1,000원 → 218,650원  [start]
H2907 | bet   2,000원 PLAYER | P:A♥ 3♥ 10♦=4  B:9♣ A♥ 4♣=4  TIE(T)  |     0원 → 218,650원
H2908 | bet   2,000원 PLAYER | P:A♦ 8♠=9  B:10♣ 7♦=7  PLAYER(W)  | +2,000원 → 220,650원  [end_win]
H2909 | bet   1,000원 BANKER | P:10♦ A♠ 10♣=1  B:4♥ 10♦=4  BANKER(W)  | +950원 → 221,600원
H2910 | bet   1,000원 BANKER | P:3♣ 6♥=9  B:A♥ 4♦=5  PLAYER(L)  | -1,000원 → 220,600원  [start]
H2911 | bet   2,000원 PLAYER | P:4♦ 6♠ 5♣=5  B:5♦ 7♥ J♣=2  PLAYER(W)  | +2,000원 → 222,600원  [end_win]
H2912 | bet   1,000원 BANKER | P:K♠ A♦ J♥=1  B:J♣ 2♣ Q♦=2  BANKER(W)  | +950원 → 223,550원
H2913 | bet   1,000원 BANKER | P:3♣ 2♦ K♠=5  B:9♦ A♥ J♥=0  PLAYER(L)  | -1,000원 → 222,550원  [start]
H2914 | bet   2,000원 PLAYER | P:9♥ Q♥=9  B:8♣ J♦=8  PLAYER(W)  | +2,000원 → 224,550원  [end_win]
H2915 | bet   1,000원 BANKER | P:K♥ 2♥ 10♣=2  B:Q♦ 4♠=4  BANKER(W)  | +950원 → 225,500원
H2916 | bet   1,000원 BANKER | P:4♠ 5♥=9  B:4♥ 2♠=6  PLAYER(L)  | -1,000원 → 224,500원  [start]
H2917 | bet   2,000원 PLAYER | P:5♦ 2♣=7  B:9♣ K♣=9  BANKER(L)  | -2,000원 → 222,500원
H2918 | bet   4,000원 PLAYER | P:8♣ Q♣=8  B:9♠ Q♣=9  BANKER(L)  | -4,000원 → 218,500원
H2919 | bet   8,000원 PLAYER | P:10♥ J♥ 4♠=4  B:4♣ 3♠=7  BANKER(L)  | -8,000원 → 210,500원
H2920 | bet  16,000원 PLAYER | P:6♥ Q♠=6  B:J♠ Q♦ 2♠=2  PLAYER(W)  | +16,000원 → 226,500원  [end_win]
H2921 | bet   1,000원 BANKER | P:10♠ 3♣=3  B:2♥ 7♦=9  BANKER(W)  | +950원 → 227,450원
H2922 | bet   1,000원 BANKER | P:2♦ 9♠ 6♦=7  B:7♠ Q♠=7  TIE(T)  |     0원 → 227,450원
H2923 | bet   1,000원 BANKER | P:A♦ 6♣=7  B:Q♦ 3♦ 6♥=9  BANKER(W)  | +950원 → 228,400원
H2924 | bet   1,000원 BANKER | P:5♦ 2♠=7  B:9♦ J♥=9  BANKER(W)  | +950원 → 229,350원
H2925 | bet   1,000원 BANKER | P:7♥ 10♥=7  B:5♦ 2♦=7  TIE(T)  |     0원 → 229,350원
H2926 | bet   1,000원 BANKER | P:Q♦ 8♠=8  B:Q♥ A♥=1  PLAYER(L)  | -1,000원 → 228,350원  [start]
H2927 | bet   2,000원 PLAYER | P:7♥ 6♠=3  B:8♥ Q♦=8  BANKER(L)  | -2,000원 → 226,350원
H2928 | bet   4,000원 PLAYER | P:10♣ 9♠=9  B:5♠ A♠=6  PLAYER(W)  | +4,000원 → 230,350원  [end_win]
H2929 | bet   1,000원 BANKER | P:10♠ J♣ K♠=0  B:6♣ 10♣=6  BANKER(W)  | +950원 → 231,300원
H2930 | bet   1,000원 BANKER | P:4♠ 10♥ 7♥=1  B:8♠ 3♣ K♥=1  TIE(T)  |     0원 → 231,300원
H2931 | bet   1,000원 BANKER | P:3♣ Q♠ 9♠=2  B:A♣ 9♣ A♦=1  PLAYER(L)  | -1,000원 → 230,300원  [start]
H2932 | bet   2,000원 PLAYER | P:K♦ 6♦=6  B:7♦ K♦=7  BANKER(L)  | -2,000원 → 228,300원
H2933 | bet   4,000원 PLAYER | P:Q♣ 4♦ 3♠=7  B:3♠ 8♦ K♥=1  PLAYER(W)  | +4,000원 → 232,300원  [end_win]
H2934 | bet   1,000원 BANKER | P:4♠ 6♣ Q♦=0  B:A♠ A♦ 9♠=1  BANKER(W)  | +950원 → 233,250원
H2935 | bet   1,000원 BANKER | P:Q♠ Q♣ 2♥=2  B:8♦ 9♣=7  BANKER(W)  | +950원 → 234,200원
H2936 | bet   1,000원 BANKER | P:8♣ 10♠=8  B:3♠ 2♠=5  PLAYER(L)  | -1,000원 → 233,200원  [start]
H2937 | bet   2,000원 PLAYER | P:7♥ 9♥=6  B:6♦ 7♣ K♠=3  PLAYER(W)  | +2,000원 → 235,200원  [end_win]
H2938 | bet   1,000원 BANKER | P:7♠ Q♥=7  B:10♦ 3♥ J♣=3  PLAYER(L)  | -1,000원 → 234,200원  [start]
H2939 | bet   2,000원 PLAYER | P:K♣ 8♥=8  B:4♠ 2♦=6  PLAYER(W)  | +2,000원 → 236,200원  [end_win]
H2940 | bet   1,000원 BANKER | P:9♠ 8♣=7  B:8♦ 7♣ A♠=6  PLAYER(L)  | -1,000원 → 235,200원  [start]
H2941 | bet   2,000원 PLAYER | P:4♠ 7♣ K♠=1  B:9♥ A♣ J♦=0  PLAYER(W)  | +2,000원 → 237,200원  [end_win]
H2942 | bet   1,000원 BANKER | P:6♦ 4♥ 7♠=7  B:K♣ 5♠ 4♥=9  BANKER(W)  | +950원 → 238,150원
H2943 | bet   1,000원 BANKER | P:9♠ 10♥=9  B:J♣ 7♣=7  PLAYER(L)  | -1,000원 → 237,150원  [start]
H2944 | bet   2,000원 PLAYER | P:K♠ 4♦ 8♥=2  B:6♥ 9♠=5  BANKER(L)  | -2,000원 → 235,150원
H2945 | bet   4,000원 PLAYER | P:10♠ 10♣=0  B:10♠ 9♠=9  BANKER(L)  | -4,000원 → 231,150원
H2946 | bet   8,000원 PLAYER | P:K♥ 10♠ 4♣=4  B:5♥ Q♦ 10♦=5  BANKER(L)  | -8,000원 → 223,150원
H2947 | bet  16,000원 PLAYER | P:8♠ A♣=9  B:2♣ J♦=2  PLAYER(W)  | +16,000원 → 239,150원  [end_win]
H2948 | bet   1,000원 BANKER | P:A♠ Q♥ 3♥=4  B:5♠ 9♦ 10♣=4  TIE(T)  |     0원 → 239,150원
H2949 | bet   1,000원 BANKER | P:K♥ 3♣ J♥=3  B:9♠ 3♣ 5♠=7  BANKER(W)  | +950원 → 240,100원
H2950 | bet   1,000원 BANKER | P:9♥ 9♦=8  B:2♣ K♣=2  PLAYER(L)  | -1,000원 → 239,100원  [start]
H2951 | bet   2,000원 PLAYER | P:K♠ 8♦=8  B:10♣ A♥=1  PLAYER(W)  | +2,000원 → 241,100원  [end_win]
H2952 | bet   1,000원 BANKER | P:A♦ 3♠ 2♥=6  B:4♠ K♠ 7♦=1  PLAYER(L)  | -1,000원 → 240,100원  [start]
H2953 | bet   2,000원 PLAYER | P:J♣ 9♣=9  B:6♥ 7♦=3  PLAYER(W)  | +2,000원 → 242,100원  [end_win]
H2954 | bet   1,000원 BANKER | P:10♦ Q♠ 10♥=0  B:Q♠ 2♦ 9♣=1  BANKER(W)  | +950원 → 243,050원
H2955 | bet   1,000원 BANKER | P:8♠ 4♣ J♠=2  B:9♠ A♦ 5♥=5  BANKER(W)  | +950원 → 244,000원
H2956 | bet   1,000원 BANKER | P:5♣ J♥ 5♠=0  B:7♣ 6♦ 4♣=7  BANKER(W)  | +950원 → 244,950원
H2957 | bet   1,000원 BANKER | P:3♦ Q♥ J♦=3  B:9♥ 3♦ A♣=3  TIE(T)  |     0원 → 244,950원
H2958 | bet   1,000원 BANKER | P:A♠ 3♦ 2♣=6  B:2♥ 9♠ 9♦=0  PLAYER(L)  | -1,000원 → 243,950원  [start]
H2959 | bet   2,000원 PLAYER | P:Q♦ A♦ 9♥=0  B:7♣ 10♥=7  BANKER(L)  | -2,000원 → 241,950원
H2960 | bet   4,000원 PLAYER | P:5♣ 2♠=7  B:2♦ 2♠ J♣=4  PLAYER(W)  | +4,000원 → 245,950원  [end_win]
H2961 | bet   1,000원 BANKER | P:A♥ 5♥=6  B:4♠ 10♦ J♥=4  PLAYER(L)  | -1,000원 → 244,950원  [start]
H2962 | bet   2,000원 PLAYER | P:10♦ 6♠=6  B:8♠ Q♥=8  BANKER(L)  | -2,000원 → 242,950원
H2963 | bet   4,000원 PLAYER | P:3♠ A♥ J♠=4  B:5♦ 10♥=5  BANKER(L)  | -4,000원 → 238,950원
H2964 | bet   8,000원 PLAYER | P:6♣ 3♠=9  B:6♦ 2♦=8  PLAYER(W)  | +8,000원 → 246,950원  [end_win]
H2965 | bet   1,000원 BANKER | P:Q♥ A♣ 6♣=7  B:8♠ 7♦ 5♥=0  PLAYER(L)  | -1,000원 → 245,950원  [start]
H2966 | bet   2,000원 PLAYER | P:3♣ 10♠ 9♥=2  B:6♥ K♠=6  BANKER(L)  | -2,000원 → 243,950원
H2967 | bet   4,000원 PLAYER | P:3♦ 8♣ 5♠=6  B:Q♣ K♦ 5♣=5  PLAYER(W)  | +4,000원 → 247,950원  [end_win]
H2968 | bet   1,000원 BANKER | P:J♦ 10♣ 5♥=5  B:9♥ 4♥ Q♣=3  PLAYER(L)  | -1,000원 → 246,950원  [start]
H2969 | bet   2,000원 PLAYER | P:4♦ 10♣ 7♣=1  B:10♦ 4♣ 7♦=1  TIE(T)  |     0원 → 246,950원
H2970 | bet   2,000원 PLAYER | P:J♠ J♣ K♦=0  B:K♦ K♠ 9♣=9  BANKER(L)  | -2,000원 → 244,950원
H2971 | bet   4,000원 PLAYER | P:7♠ 4♦ 3♣=4  B:6♠ 5♥ 4♥=5  BANKER(L)  | -4,000원 → 240,950원
H2972 | bet   8,000원 PLAYER | P:5♠ 8♥ K♠=3  B:Q♠ J♠ A♦=1  PLAYER(W)  | +8,000원 → 248,950원  [end_win]
H2973 | bet   1,000원 BANKER | P:10♠ J♦=0  B:5♠ 4♥=9  BANKER(W)  | +950원 → 249,900원
H2974 | bet   1,000원 BANKER | P:6♦ 10♥=6  B:2♠ 5♠=7  BANKER(W)  | +950원 → 250,850원
H2975 | bet   1,000원 BANKER | P:J♦ J♥ J♦=0  B:9♠ 8♣=7  BANKER(W)  | +950원 → 251,800원
H2976 | bet   1,000원 BANKER | P:K♣ 2♦ 5♥=7  B:Q♦ Q♥ Q♣=0  PLAYER(L)  | -1,000원 → 250,800원  [start]
H2977 | bet   2,000원 PLAYER | P:4♦ 7♦=1  B:K♥ 8♦=8  BANKER(L)  | -2,000원 → 248,800원
H2978 | bet   4,000원 PLAYER | P:4♥ 7♦ 9♣=0  B:9♠ 7♥=6  BANKER(L)  | -4,000원 → 244,800원
H2979 | bet   8,000원 PLAYER | P:6♥ 6♠=2  B:3♣ 5♦=8  BANKER(L)  | -8,000원 → 236,800원
H2980 | bet  16,000원 PLAYER | P:6♦ 4♣ 3♥=3  B:5♣ 2♣=7  BANKER(L)  | -16,000원 → 220,800원
H2981 | bet  32,000원 PLAYER | P:4♦ A♦=5  B:2♥ 6♥=8  BANKER(L)  | -32,000원 → 188,800원  [end_giveup]
H2982 | bet   1,000원 BANKER | P:J♣ 8♥=8  B:Q♥ K♥=0  PLAYER(L)  | -1,000원 → 187,800원  [start]
H2983 | bet   2,000원 PLAYER | P:10♦ A♥ J♣=1  B:2♣ Q♦ 2♥=4  BANKER(L)  | -2,000원 → 185,800원
H2984 | bet   4,000원 PLAYER | P:5♦ J♣ A♦=6  B:7♥ 6♥ 6♠=9  BANKER(L)  | -4,000원 → 181,800원
H2985 | bet   8,000원 PLAYER | P:2♠ 10♥ 4♣=6  B:Q♥ 5♦ 2♦=7  BANKER(L)  | -8,000원 → 173,800원
H2986 | bet  16,000원 PLAYER | P:A♠ 4♦ 4♠=9  B:4♠ 2♣=6  PLAYER(W)  | +16,000원 → 189,800원  [end_win]
H2987 | bet   1,000원 BANKER | P:A♦ 8♦=9  B:2♦ 10♥=2  PLAYER(L)  | -1,000원 → 188,800원  [start]
H2988 | bet   2,000원 PLAYER | P:2♥ 9♥ 3♠=4  B:Q♥ 2♣ K♥=2  PLAYER(W)  | +2,000원 → 190,800원  [end_win]
H2989 | bet   1,000원 BANKER | P:3♦ 3♥=6  B:4♠ 6♣ 4♣=4  PLAYER(L)  | -1,000원 → 189,800원  [start]
H2990 | bet   2,000원 PLAYER | P:4♥ 8♠ Q♠=2  B:K♣ 10♥ Q♦=0  PLAYER(W)  | +2,000원 → 191,800원  [end_win]
H2991 | bet   1,000원 BANKER | P:3♠ 6♣=9  B:A♦ K♦=1  PLAYER(L)  | -1,000원 → 190,800원  [start]
H2992 | bet   2,000원 PLAYER | P:A♥ J♦ J♠=1  B:A♠ Q♠ 3♠=4  BANKER(L)  | -2,000원 → 188,800원
H2993 | bet   4,000원 PLAYER | P:3♣ 4♥=7  B:A♣ 9♣ 7♠=7  TIE(T)  |     0원 → 188,800원
H2994 | bet   4,000원 PLAYER | P:9♣ J♦=9  B:7♥ 3♦=0  PLAYER(W)  | +4,000원 → 192,800원  [end_win]
H2995 | bet   1,000원 BANKER | P:5♦ 5♣ 7♠=7  B:Q♠ 2♠ 5♣=7  TIE(T)  |     0원 → 192,800원
H2996 | bet   1,000원 BANKER | P:J♥ 2♠ K♣=2  B:8♥ 8♣=6  BANKER(W)  | +950원 → 193,750원
H2997 | bet   1,000원 BANKER | P:2♥ A♠=3  B:7♣ A♠=8  BANKER(W)  | +950원 → 194,700원
H2998 | bet   1,000원 BANKER | P:4♠ 5♣=9  B:3♥ 6♥=9  TIE(T)  |     0원 → 194,700원
H2999 | bet   1,000원 BANKER | P:7♥ 9♦=6  B:2♠ 7♠=9  BANKER(W)  | +950원 → 195,650원
H3000 | bet   1,000원 BANKER | P:Q♦ 6♣=6  B:8♠ 3♦ 2♠=3  PLAYER(L)  | -1,000원 → 194,650원  [start]
H3001 | bet   2,000원 PLAYER | P:Q♣ 7♥=7  B:8♣ J♣=8  BANKER(L)  | -2,000원 → 192,650원
H3002 | bet   4,000원 PLAYER | P:4♦ 10♣=4  B:5♦ 4♠=9  BANKER(L)  | -4,000원 → 188,650원
H3003 | bet   8,000원 PLAYER | P:10♣ J♠=0  B:8♥ K♥=8  BANKER(L)  | -8,000원 → 180,650원
H3004 | bet  16,000원 PLAYER | P:3♣ 10♠ Q♠=3  B:2♣ 5♦=7  BANKER(L)  | -16,000원 → 164,650원
H3005 | bet  32,000원 PLAYER | P:A♣ A♠=2  B:A♣ 7♦=8  BANKER(L)  | -32,000원 → 132,650원  [end_giveup]
H3006 | bet   1,000원 BANKER | P:K♦ 9♦=9  B:9♥ Q♦=9  TIE(T)  |     0원 → 132,650원
H3007 | bet   1,000원 BANKER | P:4♠ K♥ 8♥=2  B:8♣ 6♠=4  BANKER(W)  | +950원 → 133,600원
H3008 | bet   1,000원 BANKER | P:6♦ 8♣=4  B:A♥ 7♠=8  BANKER(W)  | +950원 → 134,550원
H3009 | bet   1,000원 BANKER | P:A♥ 3♦ A♣=5  B:6♠ 8♠=4  PLAYER(L)  | -1,000원 → 133,550원  [start]
H3010 | bet   2,000원 PLAYER | P:7♣ 2♦=9  B:10♦ J♠=0  PLAYER(W)  | +2,000원 → 135,550원  [end_win]
H3011 | bet   1,000원 BANKER | P:3♥ 7♠=0  B:3♥ 5♠=8  BANKER(W)  | +950원 → 136,500원
H3012 | bet   1,000원 BANKER | P:7♣ J♥=7  B:3♥ 8♣ 8♣=9  BANKER(W)  | +950원 → 137,450원
H3013 | bet   1,000원 BANKER | P:K♣ 9♣=9  B:8♦ 9♦=7  PLAYER(L)  | -1,000원 → 136,450원  [start]
H3014 | bet   2,000원 PLAYER | P:8♥ K♥=8  B:6♣ 6♣=2  PLAYER(W)  | +2,000원 → 138,450원  [end_win]
H3015 | bet   1,000원 BANKER | P:8♠ 10♠=8  B:Q♦ 4♦=4  PLAYER(L)  | -1,000원 → 137,450원  [start]
H3016 | bet   2,000원 PLAYER | P:J♠ 10♠=0  B:K♣ 8♦=8  BANKER(L)  | -2,000원 → 135,450원
H3017 | bet   4,000원 PLAYER | P:J♥ A♣ 8♦=9  B:Q♣ 2♦ 9♦=1  PLAYER(W)  | +4,000원 → 139,450원  [end_win]
H3018 | bet   1,000원 BANKER | P:10♣ A♠ Q♣=1  B:9♣ 3♥ 7♠=9  BANKER(W)  | +950원 → 140,400원
H3019 | bet   1,000원 BANKER | P:9♥ 8♥=7  B:7♦ K♠=7  TIE(T)  |     0원 → 140,400원
H3020 | bet   1,000원 BANKER | P:5♥ Q♠ 10♦=5  B:K♣ 6♦=6  BANKER(W)  | +950원 → 141,350원
H3021 | bet   1,000원 BANKER | P:2♥ 8♦ 3♠=3  B:7♣ 6♠ 8♦=1  PLAYER(L)  | -1,000원 → 140,350원  [start]
H3022 | bet   2,000원 PLAYER | P:6♣ 7♠ K♠=3  B:4♣ 2♥=6  BANKER(L)  | -2,000원 → 138,350원
H3023 | bet   4,000원 PLAYER | P:9♦ 6♠ 7♥=2  B:K♦ 7♥=7  BANKER(L)  | -4,000원 → 134,350원
H3024 | bet   8,000원 PLAYER | P:3♠ 6♦=9  B:5♦ A♥=6  PLAYER(W)  | +8,000원 → 142,350원  [end_win]
H3025 | bet   1,000원 BANKER | P:6♠ 7♣=3  B:10♦ 8♣=8  BANKER(W)  | +950원 → 143,300원
H3026 | bet   1,000원 BANKER | P:9♠ 7♠=6  B:3♣ 3♥=6  TIE(T)  |     0원 → 143,300원
H3027 | bet   1,000원 BANKER | P:4♦ A♥ 3♣=8  B:5♠ 5♦ 5♠=5  PLAYER(L)  | -1,000원 → 142,300원  [start]
H3028 | bet   2,000원 PLAYER | P:3♦ 9♣ 2♣=4  B:4♦ Q♠ 7♥=1  PLAYER(W)  | +2,000원 → 144,300원  [end_win]
H3029 | bet   1,000원 BANKER | P:A♥ 9♥ A♥=1  B:K♥ 3♦ Q♦=3  BANKER(W)  | +950원 → 145,250원
H3030 | bet   1,000원 BANKER | P:3♣ K♦ 6♦=9  B:4♠ 9♦ 7♠=0  PLAYER(L)  | -1,000원 → 144,250원  [start]
H3031 | bet   2,000원 PLAYER | P:9♣ 6♣ Q♠=5  B:J♣ 2♥ 4♥=6  BANKER(L)  | -2,000원 → 142,250원
H3032 | bet   4,000원 PLAYER | P:5♥ J♥ 6♦=1  B:3♥ Q♦ 4♥=7  BANKER(L)  | -4,000원 → 138,250원
H3033 | bet   8,000원 PLAYER | P:8♣ 7♥ 6♦=1  B:A♣ J♣ 2♦=3  BANKER(L)  | -8,000원 → 130,250원
H3034 | bet  16,000원 PLAYER | P:9♠ J♣=9  B:2♣ 2♠=4  PLAYER(W)  | +16,000원 → 146,250원  [end_win]
H3035 | bet   1,000원 BANKER | P:A♣ 8♠=9  B:4♠ 4♦=8  PLAYER(L)  | -1,000원 → 145,250원  [start]
H3036 | bet   2,000원 PLAYER | P:K♥ 9♣=9  B:4♥ Q♠=4  PLAYER(W)  | +2,000원 → 147,250원  [end_win]
H3037 | bet   1,000원 BANKER | P:3♦ Q♣=3  B:K♠ 9♣=9  BANKER(W)  | +950원 → 148,200원
H3038 | bet   1,000원 BANKER | P:K♣ 2♠ 7♣=9  B:10♠ 7♠=7  PLAYER(L)  | -1,000원 → 147,200원  [start]
H3039 | bet   2,000원 PLAYER | P:3♦ 6♠=9  B:4♦ 7♦=1  PLAYER(W)  | +2,000원 → 149,200원  [end_win]
H3040 | bet   1,000원 BANKER | P:Q♦ 2♥=2  B:8♥ 10♠=8  BANKER(W)  | +950원 → 150,150원
H3041 | bet   1,000원 BANKER | P:4♥ K♣=4  B:4♦ 5♦=9  BANKER(W)  | +950원 → 151,100원
H3042 | bet   1,000원 BANKER | P:9♠ 3♠ J♠=2  B:7♥ Q♦=7  BANKER(W)  | +950원 → 152,050원
H3043 | bet   1,000원 BANKER | P:A♥ 3♠=4  B:A♠ 7♣=8  BANKER(W)  | +950원 → 153,000원
H3044 | bet   1,000원 BANKER | P:J♣ A♣=1  B:9♣ 9♦=8  BANKER(W)  | +950원 → 153,950원
H3045 | bet   1,000원 BANKER | P:10♦ J♣ 6♣=6  B:9♣ 7♦ Q♥=6  TIE(T)  |     0원 → 153,950원
H3046 | bet   1,000원 BANKER | P:Q♦ K♦ J♥=0  B:10♥ 5♦=5  BANKER(W)  | +950원 → 154,900원
H3047 | bet   1,000원 BANKER | P:K♦ 5♣ 7♦=2  B:6♥ 5♦ Q♠=1  PLAYER(L)  | -1,000원 → 153,900원  [start]
H3048 | bet   2,000원 PLAYER | P:8♣ 3♥ 2♠=3  B:5♠ 8♦ 8♣=1  PLAYER(W)  | +2,000원 → 155,900원  [end_win]
H3049 | bet   1,000원 BANKER | P:2♦ J♥ 8♥=0  B:5♦ Q♦=5  BANKER(W)  | +950원 → 156,850원
H3050 | bet   1,000원 BANKER | P:7♠ J♦=7  B:2♠ 2♣ 9♥=3  PLAYER(L)  | -1,000원 → 155,850원  [start]
H3051 | bet   2,000원 PLAYER | P:Q♦ 9♦=9  B:5♣ 9♥=4  PLAYER(W)  | +2,000원 → 157,850원  [end_win]
H3052 | bet   1,000원 BANKER | P:2♠ 6♦=8  B:2♣ 10♦=2  PLAYER(L)  | -1,000원 → 156,850원  [start]
H3053 | bet   2,000원 PLAYER | P:10♦ 9♥=9  B:K♠ 5♠=5  PLAYER(W)  | +2,000원 → 158,850원  [end_win]
H3054 | bet   1,000원 BANKER | P:7♥ K♦=7  B:A♥ 4♣ 5♠=0  PLAYER(L)  | -1,000원 → 157,850원  [start]
H3055 | bet   2,000원 PLAYER | P:J♦ 8♠=8  B:9♠ J♠=9  BANKER(L)  | -2,000원 → 155,850원
H3056 | bet   4,000원 PLAYER | P:10♦ 7♠=7  B:3♦ 8♥ 4♦=5  PLAYER(W)  | +4,000원 → 159,850원  [end_win]
H3057 | bet   1,000원 BANKER | P:10♥ Q♣ 5♥=5  B:10♣ 7♠=7  BANKER(W)  | +950원 → 160,800원
H3058 | bet   1,000원 BANKER | P:7♥ 7♣=4  B:10♣ 9♦=9  BANKER(W)  | +950원 → 161,750원
H3059 | bet   1,000원 BANKER | P:7♣ 3♥=0  B:4♣ 4♣=8  BANKER(W)  | +950원 → 162,700원
H3060 | bet   1,000원 BANKER | P:Q♥ 3♣ 2♣=5  B:6♣ 5♣ K♣=1  PLAYER(L)  | -1,000원 → 161,700원  [start]
H3061 | bet   2,000원 PLAYER | P:8♥ 6♥ 8♥=2  B:A♣ Q♥ 8♥=9  BANKER(L)  | -2,000원 → 159,700원
H3062 | bet   4,000원 PLAYER | P:6♣ K♥=6  B:4♣ 8♣ 10♦=2  PLAYER(W)  | +4,000원 → 163,700원  [end_win]
H3063 | bet   1,000원 BANKER | P:K♥ 4♣ 9♣=3  B:A♦ 3♥=4  BANKER(W)  | +950원 → 164,650원
H3064 | bet   1,000원 BANKER | P:5♥ K♠ 2♣=7  B:5♠ Q♦=5  PLAYER(L)  | -1,000원 → 163,650원  [start]
H3065 | bet   2,000원 PLAYER | P:8♠ Q♣=8  B:K♠ 9♦=9  BANKER(L)  | -2,000원 → 161,650원
H3066 | bet   4,000원 PLAYER | P:8♠ J♣=8  B:A♠ 6♠=7  PLAYER(W)  | +4,000원 → 165,650원  [end_win]
H3067 | bet   1,000원 BANKER | P:2♥ Q♣=2  B:Q♣ 9♣=9  BANKER(W)  | +950원 → 166,600원
H3068 | bet   1,000원 BANKER | P:4♣ 8♠ 7♦=9  B:9♦ 4♠ J♠=3  PLAYER(L)  | -1,000원 → 165,600원  [start]
H3069 | bet   2,000원 PLAYER | P:J♠ 10♦ 8♣=8  B:6♥ A♥=7  PLAYER(W)  | +2,000원 → 167,600원  [end_win]
H3070 | bet   1,000원 BANKER | P:3♣ 10♠ 7♠=0  B:J♠ A♠ J♦=1  BANKER(W)  | +950원 → 168,550원
H3071 | bet   1,000원 BANKER | P:A♦ A♦ A♦=3  B:6♣ 6♠ K♣=2  PLAYER(L)  | -1,000원 → 167,550원  [start]
H3072 | bet   2,000원 PLAYER | P:J♠ J♥=0  B:10♣ 8♦=8  BANKER(L)  | -2,000원 → 165,550원
H3073 | bet   4,000원 PLAYER | P:2♦ K♣ 5♥=7  B:7♦ 8♣ 7♥=2  PLAYER(W)  | +4,000원 → 169,550원  [end_win]
H3074 | bet   1,000원 BANKER | P:A♠ 5♣=6  B:J♦ 2♥ 7♣=9  BANKER(W)  | +950원 → 170,500원
H3075 | bet   1,000원 BANKER | P:3♦ A♦ Q♣=4  B:J♥ 3♠ 9♥=2  PLAYER(L)  | -1,000원 → 169,500원  [start]
H3076 | bet   2,000원 PLAYER | P:3♦ K♠ 3♠=6  B:8♦ 4♣ 3♠=5  PLAYER(W)  | +2,000원 → 171,500원  [end_win]
H3077 | bet   1,000원 BANKER | P:9♦ A♥ 3♦=3  B:10♦ 6♦=6  BANKER(W)  | +950원 → 172,450원
H3078 | bet   1,000원 BANKER | P:7♣ 2♦=9  B:6♥ 7♦=3  PLAYER(L)  | -1,000원 → 171,450원  [start]
H3079 | bet   2,000원 PLAYER | P:A♦ 10♥ K♠=1  B:2♣ 10♥ J♠=2  BANKER(L)  | -2,000원 → 169,450원
H3080 | bet   4,000원 PLAYER | P:Q♠ A♣ 5♥=6  B:5♦ 2♣=7  BANKER(L)  | -4,000원 → 165,450원
H3081 | bet   8,000원 PLAYER | P:J♣ 4♠ 2♠=6  B:5♣ 2♦=7  BANKER(L)  | -8,000원 → 157,450원
H3082 | bet  16,000원 PLAYER | P:3♠ K♦ 8♠=1  B:8♦ 3♠ 9♥=0  PLAYER(W)  | +16,000원 → 173,450원  [end_win]
H3083 | bet   1,000원 BANKER | P:8♦ K♥=8  B:J♥ 10♠=0  PLAYER(L)  | -1,000원 → 172,450원  [start]
H3084 | bet   2,000원 PLAYER | P:2♦ 6♣=8  B:8♠ Q♠=8  TIE(T)  |     0원 → 172,450원
H3085 | bet   2,000원 PLAYER | P:A♣ K♦ 3♣=4  B:6♠ Q♣=6  BANKER(L)  | -2,000원 → 170,450원
H3086 | bet   4,000원 PLAYER | P:10♥ K♥ 2♦=2  B:6♥ 6♥ A♠=3  BANKER(L)  | -4,000원 → 166,450원
H3087 | bet   8,000원 PLAYER | P:9♥ 6♥ 8♠=3  B:3♣ A♥=4  BANKER(L)  | -8,000원 → 158,450원
H3088 | bet  16,000원 PLAYER | P:3♥ 5♠=8  B:2♥ Q♥=2  PLAYER(W)  | +16,000원 → 174,450원  [end_win]
H3089 | bet   1,000원 BANKER | P:J♥ 5♠ 8♦=3  B:9♠ 3♠ 4♦=6  BANKER(W)  | +950원 → 175,400원
H3090 | bet   1,000원 BANKER | P:J♦ 5♦=5  B:9♠ J♦=9  BANKER(W)  | +950원 → 176,350원
H3091 | bet   1,000원 BANKER | P:6♠ A♠=7  B:Q♥ A♦ 5♣=6  PLAYER(L)  | -1,000원 → 175,350원  [start]
H3092 | bet   2,000원 PLAYER | P:A♠ 3♣ A♠=5  B:10♠ 4♠=4  PLAYER(W)  | +2,000원 → 177,350원  [end_win]
H3093 | bet   1,000원 BANKER | P:9♠ Q♥=9  B:5♣ 6♣=1  PLAYER(L)  | -1,000원 → 176,350원  [start]
H3094 | bet   2,000원 PLAYER | P:K♣ 7♦=7  B:4♥ 7♣ 4♥=5  PLAYER(W)  | +2,000원 → 178,350원  [end_win]
H3095 | bet   1,000원 BANKER | P:2♥ 7♥=9  B:10♥ Q♥=0  PLAYER(L)  | -1,000원 → 177,350원  [start]
H3096 | bet   2,000원 PLAYER | P:5♣ 10♣=5  B:4♥ 5♥=9  BANKER(L)  | -2,000원 → 175,350원
H3097 | bet   4,000원 PLAYER | P:K♣ 10♠=0  B:5♥ 3♥=8  BANKER(L)  | -4,000원 → 171,350원
H3098 | bet   8,000원 PLAYER | P:K♠ Q♠ 4♦=4  B:6♦ 8♥ K♥=4  TIE(T)  |     0원 → 171,350원
H3099 | bet   8,000원 PLAYER | P:Q♣ A♣=1  B:4♥ 5♦=9  BANKER(L)  | -8,000원 → 163,350원
H3100 | bet  16,000원 PLAYER | P:9♦ 4♠ A♦=4  B:10♣ 10♥ 2♦=2  PLAYER(W)  | +16,000원 → 179,350원  [end_win]
H3101 | bet   1,000원 BANKER | P:4♣ 8♦ 2♥=4  B:J♠ 10♠ K♦=0  PLAYER(L)  | -1,000원 → 178,350원  [start]
H3102 | bet   2,000원 PLAYER | P:K♦ 6♣=6  B:8♦ 4♠ K♥=2  PLAYER(W)  | +2,000원 → 180,350원  [end_win]
H3103 | bet   1,000원 BANKER | P:J♣ 9♠=9  B:J♥ 6♠=6  PLAYER(L)  | -1,000원 → 179,350원  [start]
H3104 | bet   2,000원 PLAYER | P:7♦ 2♠=9  B:5♥ 3♥=8  PLAYER(W)  | +2,000원 → 181,350원  [end_win]
H3105 | bet   1,000원 BANKER | P:10♣ 10♣ 2♠=2  B:6♠ J♦=6  BANKER(W)  | +950원 → 182,300원
H3106 | bet   1,000원 BANKER | P:7♥ A♣=8  B:10♠ 10♥=0  PLAYER(L)  | -1,000원 → 181,300원  [start]
H3107 | bet   2,000원 PLAYER | P:6♦ 9♥=5  B:8♥ Q♠=8  BANKER(L)  | -2,000원 → 179,300원
H3108 | bet   4,000원 PLAYER | P:7♣ 8♥ 7♥=2  B:7♥ K♠=7  BANKER(L)  | -4,000원 → 175,300원
H3109 | bet   8,000원 PLAYER | P:9♣ 7♣=6  B:5♥ 4♥=9  BANKER(L)  | -8,000원 → 167,300원
H3110 | bet  16,000원 PLAYER | P:Q♦ 4♥ 8♦=2  B:9♥ 4♠=3  BANKER(L)  | -16,000원 → 151,300원
H3111 | bet  32,000원 PLAYER | P:J♣ 5♠ 8♣=3  B:4♦ J♥=4  BANKER(L)  | -32,000원 → 119,300원  [end_giveup]
H3112 | bet   1,000원 BANKER | P:9♥ 3♦ 7♥=9  B:2♥ K♣ J♣=2  PLAYER(L)  | -1,000원 → 118,300원  [start]
H3113 | bet   2,000원 PLAYER | P:3♥ Q♠ 8♠=1  B:3♦ A♥=4  BANKER(L)  | -2,000원 → 116,300원
H3114 | bet   4,000원 PLAYER | P:8♣ 2♣ 2♦=2  B:K♠ 6♣=6  BANKER(L)  | -4,000원 → 112,300원
H3115 | bet   8,000원 PLAYER | P:9♠ 7♥=6  B:10♦ 2♠ K♥=2  PLAYER(W)  | +8,000원 → 120,300원  [end_win]
H3116 | bet   1,000원 BANKER | P:2♠ K♥ 8♥=0  B:7♦ J♦=7  BANKER(W)  | +950원 → 121,250원
H3117 | bet   1,000원 BANKER | P:3♣ 3♠=6  B:J♦ 6♠=6  TIE(T)  |     0원 → 121,250원
H3118 | bet   1,000원 BANKER | P:7♣ 5♣ J♥=2  B:Q♣ 10♥ 6♦=6  BANKER(W)  | +950원 → 122,200원
H3119 | bet   1,000원 BANKER | P:2♠ K♦ 4♠=6  B:Q♣ A♦ 5♣=6  TIE(T)  |     0원 → 122,200원
H3120 | bet   1,000원 BANKER | P:9♠ 10♥=9  B:10♠ Q♠=0  PLAYER(L)  | -1,000원 → 121,200원  [start]
H3121 | bet   2,000원 PLAYER | P:6♦ Q♦=6  B:Q♥ 2♣ 9♦=1  PLAYER(W)  | +2,000원 → 123,200원  [end_win]
H3122 | bet   1,000원 BANKER | P:J♠ 9♠=9  B:A♠ 5♦=6  PLAYER(L)  | -1,000원 → 122,200원  [start]
H3123 | bet   2,000원 PLAYER | P:6♠ 6♦ 5♠=7  B:7♠ K♥=7  TIE(T)  |     0원 → 122,200원
H3124 | bet   2,000원 PLAYER | P:Q♠ A♥=1  B:10♣ 8♠=8  BANKER(L)  | -2,000원 → 120,200원
H3125 | bet   4,000원 PLAYER | P:3♣ 5♠=8  B:5♠ 3♠=8  TIE(T)  |     0원 → 120,200원
H3126 | bet   4,000원 PLAYER | P:10♥ 7♦=7  B:5♣ 6♠ 9♠=0  PLAYER(W)  | +4,000원 → 124,200원  [end_win]
H3127 | bet   1,000원 BANKER | P:4♣ 9♥=3  B:2♦ 6♠=8  BANKER(W)  | +950원 → 125,150원
H3128 | bet   1,000원 BANKER | P:4♣ 5♥=9  B:7♦ Q♦=7  PLAYER(L)  | -1,000원 → 124,150원  [start]
H3129 | bet   2,000원 PLAYER | P:A♣ A♥ 7♠=9  B:2♥ K♠ K♦=2  PLAYER(W)  | +2,000원 → 126,150원  [end_win]
H3130 | bet   1,000원 BANKER | P:4♦ A♠=5  B:9♦ Q♥=9  BANKER(W)  | +950원 → 127,100원
H3131 | bet   1,000원 BANKER | P:7♥ 10♥=7  B:4♦ 9♥ 3♦=6  PLAYER(L)  | -1,000원 → 126,100원  [start]
H3132 | bet   2,000원 PLAYER | P:6♠ 8♠ J♦=4  B:3♣ 2♦=5  BANKER(L)  | -2,000원 → 124,100원
H3133 | bet   4,000원 PLAYER | P:Q♠ 6♠=6  B:Q♣ 10♠ Q♣=0  PLAYER(W)  | +4,000원 → 128,100원  [end_win]
H3134 | bet   1,000원 BANKER | P:7♠ 2♣=9  B:5♣ 8♥=3  PLAYER(L)  | -1,000원 → 127,100원  [start]
H3135 | bet   2,000원 PLAYER | P:10♣ 6♦=6  B:9♣ 6♥ 5♣=0  PLAYER(W)  | +2,000원 → 129,100원  [end_win]
H3136 | bet   1,000원 BANKER | P:9♣ 6♥=5  B:8♦ J♣=8  BANKER(W)  | +950원 → 130,050원
H3137 | bet   1,000원 BANKER | P:4♥ Q♥ K♣=4  B:7♦ 6♠ 5♦=8  BANKER(W)  | +950원 → 131,000원
H3138 | bet   1,000원 BANKER | P:8♦ A♠=9  B:A♥ 8♦=9  TIE(T)  |     0원 → 131,000원
H3139 | bet   1,000원 BANKER | P:9♠ J♠=9  B:6♥ 2♠=8  PLAYER(L)  | -1,000원 → 130,000원  [start]
H3140 | bet   2,000원 PLAYER | P:7♦ J♣=7  B:4♥ 9♠ 5♦=8  BANKER(L)  | -2,000원 → 128,000원
H3141 | bet   4,000원 PLAYER | P:4♣ 4♣=8  B:Q♠ 9♦=9  BANKER(L)  | -4,000원 → 124,000원
H3142 | bet   8,000원 PLAYER | P:7♥ 8♠ 7♣=2  B:A♦ 4♥ 4♥=9  BANKER(L)  | -8,000원 → 116,000원
H3143 | bet  16,000원 PLAYER | P:3♣ J♠ A♠=4  B:2♦ 9♣ 5♠=6  BANKER(L)  | -16,000원 → 100,000원
H3144 | bet  32,000원 PLAYER | P:8♠ 7♠ K♥=5  B:10♥ 6♦=6  BANKER(L)  | -32,000원 → 68,000원  [end_giveup]
H3145 | bet   1,000원 BANKER | P:3♠ K♦ Q♦=3  B:2♣ 8♥ 3♥=3  TIE(T)  |     0원 → 68,000원
H3146 | bet   1,000원 BANKER | P:5♥ 3♥=8  B:4♦ K♦=4  PLAYER(L)  | -1,000원 → 67,000원  [start]
H3147 | bet   2,000원 PLAYER | P:6♥ 9♦ 2♠=7  B:8♦ 2♦ 8♥=8  BANKER(L)  | -2,000원 → 65,000원
H3148 | bet   4,000원 PLAYER | P:3♦ 8♠ 6♣=7  B:6♥ 9♥ 8♠=3  PLAYER(W)  | +4,000원 → 69,000원  [end_win]
H3149 | bet   1,000원 BANKER | P:3♥ Q♥ K♠=3  B:7♥ Q♥=7  BANKER(W)  | +950원 → 69,950원
H3150 | bet   1,000원 BANKER | P:8♣ 4♥ K♦=2  B:10♦ 6♥=6  BANKER(W)  | +950원 → 70,900원
H3151 | bet   1,000원 BANKER | P:A♣ 4♠ 6♣=1  B:A♦ 4♣ J♠=5  BANKER(W)  | +950원 → 71,850원
H3152 | bet   1,000원 BANKER | P:Q♣ A♦=1  B:6♦ 2♥=8  BANKER(W)  | +950원 → 72,800원
H3153 | bet   1,000원 BANKER | P:7♣ 3♣=0  B:4♣ 5♠=9  BANKER(W)  | +950원 → 73,750원
H3154 | bet   1,000원 BANKER | P:J♦ 2♠ 10♦=2  B:J♥ 6♣=6  BANKER(W)  | +950원 → 74,700원
H3155 | bet   1,000원 BANKER | P:A♦ 4♦ J♠=5  B:6♣ 9♠=5  TIE(T)  |     0원 → 74,700원
H3156 | bet   1,000원 BANKER | P:K♣ J♠ 5♥=5  B:Q♣ A♠ 3♦=4  PLAYER(L)  | -1,000원 → 73,700원  [start]
H3157 | bet   2,000원 PLAYER | P:Q♠ A♥ 4♦=5  B:Q♣ J♥ 5♣=5  TIE(T)  |     0원 → 73,700원
H3158 | bet   2,000원 PLAYER | P:Q♦ Q♥ 2♠=2  B:3♣ J♥ J♠=3  BANKER(L)  | -2,000원 → 71,700원
H3159 | bet   4,000원 PLAYER | P:3♦ 4♠=7  B:7♦ 3♥ 3♥=3  PLAYER(W)  | +4,000원 → 75,700원  [end_win]
H3160 | bet   1,000원 BANKER | P:Q♦ K♦=0  B:3♥ 6♥=9  BANKER(W)  | +950원 → 76,650원
H3161 | bet   1,000원 BANKER | P:10♣ K♠ 5♠=5  B:5♦ A♥=6  BANKER(W)  | +950원 → 77,600원
H3162 | bet   1,000원 BANKER | P:A♣ 2♦ K♥=3  B:10♦ K♥ 5♥=5  BANKER(W)  | +950원 → 78,550원
H3163 | bet   1,000원 BANKER | P:7♦ J♥=7  B:7♠ 3♠ 2♥=2  PLAYER(L)  | -1,000원 → 77,550원  [start]
H3164 | bet   2,000원 PLAYER | P:J♦ 8♥=8  B:A♥ 4♠=5  PLAYER(W)  | +2,000원 → 79,550원  [end_win]
H3165 | bet   1,000원 BANKER | P:10♠ A♣ 3♣=4  B:7♣ K♥=7  BANKER(W)  | +950원 → 80,500원
H3166 | bet   1,000원 BANKER | P:5♣ 2♣=7  B:5♦ K♦ 8♣=3  PLAYER(L)  | -1,000원 → 79,500원  [start]
H3167 | bet   2,000원 PLAYER | P:10♥ 5♣ 7♥=2  B:7♠ 9♥ K♥=6  BANKER(L)  | -2,000원 → 77,500원
H3168 | bet   4,000원 PLAYER | P:9♥ Q♥=9  B:2♠ K♠=2  PLAYER(W)  | +4,000원 → 81,500원  [end_win]
H3169 | bet   1,000원 BANKER | P:3♣ A♣ 9♠=3  B:10♠ 5♥=5  BANKER(W)  | +950원 → 82,450원
H3170 | bet   1,000원 BANKER | P:A♦ 3♠ 10♠=4  B:5♦ A♣=6  BANKER(W)  | +950원 → 83,400원
H3171 | bet   1,000원 BANKER | P:5♦ K♣=5  B:10♣ 8♥=8  BANKER(W)  | +950원 → 84,350원
H3172 | bet   1,000원 BANKER | P:4♠ 5♥=9  B:6♦ 7♣=3  PLAYER(L)  | -1,000원 → 83,350원  [start]
H3173 | bet   2,000원 PLAYER | P:10♠ 7♦=7  B:9♥ 3♠ 2♣=4  PLAYER(W)  | +2,000원 → 85,350원  [end_win]
H3174 | bet   1,000원 BANKER | P:A♦ 10♣ 4♦=5  B:5♠ 10♥ J♣=5  TIE(T)  |     0원 → 85,350원
H3175 | bet   1,000원 BANKER | P:8♣ 9♣=7  B:K♠ A♠ 2♥=3  PLAYER(L)  | -1,000원 → 84,350원  [start]
H3176 | bet   2,000원 PLAYER | P:6♥ J♣=6  B:K♦ 3♥ 10♣=3  PLAYER(W)  | +2,000원 → 86,350원  [end_win]
H3177 | bet   1,000원 BANKER | P:3♠ 10♠ Q♠=3  B:Q♥ Q♦ J♦=0  PLAYER(L)  | -1,000원 → 85,350원  [start]
H3178 | bet   2,000원 PLAYER | P:2♣ 4♥=6  B:A♠ 4♣ 10♦=5  PLAYER(W)  | +2,000원 → 87,350원  [end_win]
H3179 | bet   1,000원 BANKER | P:4♣ 4♠=8  B:2♦ K♣=2  PLAYER(L)  | -1,000원 → 86,350원  [start]
H3180 | bet   2,000원 PLAYER | P:Q♦ 4♦ 9♣=3  B:3♦ 10♦ J♣=3  TIE(T)  |     0원 → 86,350원
H3181 | bet   2,000원 PLAYER | P:9♣ 8♣=7  B:8♠ 8♣=6  PLAYER(W)  | +2,000원 → 88,350원  [end_win]
H3182 | bet   1,000원 BANKER | P:10♣ 10♥ 10♦=0  B:8♦ 7♠=5  BANKER(W)  | +950원 → 89,300원
H3183 | bet   1,000원 BANKER | P:8♦ 7♠ 10♦=5  B:K♠ 2♥ 9♦=1  PLAYER(L)  | -1,000원 → 88,300원  [start]
H3184 | bet   2,000원 PLAYER | P:5♦ 9♦ K♣=4  B:K♣ 6♠=6  BANKER(L)  | -2,000원 → 86,300원
H3185 | bet   4,000원 PLAYER | P:8♦ 2♣ A♣=1  B:3♠ 2♥=5  BANKER(L)  | -4,000원 → 82,300원
H3186 | bet   8,000원 PLAYER | P:A♠ Q♠ 2♥=3  B:3♦ J♥ J♦=3  TIE(T)  |     0원 → 82,300원
H3187 | bet   8,000원 PLAYER | P:6♦ J♣=6  B:2♦ 6♣=8  BANKER(L)  | -8,000원 → 74,300원
H3188 | bet  16,000원 PLAYER | P:9♦ A♥ 10♠=0  B:A♦ K♣ 4♠=5  BANKER(L)  | -16,000원 → 58,300원
H3189 | bet  32,000원 PLAYER | P:8♠ K♠=8  B:5♥ Q♥=5  PLAYER(W)  | +32,000원 → 90,300원  [end_win]
H3190 | bet   1,000원 BANKER | P:6♥ A♠=7  B:6♠ 9♠ J♥=5  PLAYER(L)  | -1,000원 → 89,300원  [start]
H3191 | bet   2,000원 PLAYER | P:9♣ 5♥ 5♣=9  B:6♣ 8♦ 6♥=0  PLAYER(W)  | +2,000원 → 91,300원  [end_win]
H3192 | bet   1,000원 BANKER | P:8♣ Q♠=8  B:J♦ 6♦=6  PLAYER(L)  | -1,000원 → 90,300원  [start]
H3193 | bet   2,000원 PLAYER | P:5♠ J♣ 7♥=2  B:A♦ 4♣ 2♣=7  BANKER(L)  | -2,000원 → 88,300원
H3194 | bet   4,000원 PLAYER | P:J♥ 7♠=7  B:Q♥ Q♠ 2♦=2  PLAYER(W)  | +4,000원 → 92,300원  [end_win]
H3195 | bet   1,000원 BANKER | P:2♥ 9♦ 8♥=9  B:2♠ 4♥=6  PLAYER(L)  | -1,000원 → 91,300원  [start]
H3196 | bet   2,000원 PLAYER | P:10♥ 4♠ 10♠=4  B:3♦ 10♣ J♠=3  PLAYER(W)  | +2,000원 → 93,300원  [end_win]
H3197 | bet   1,000원 BANKER | P:2♥ A♠ 4♣=7  B:4♣ K♣ 2♦=6  PLAYER(L)  | -1,000원 → 92,300원  [start]
H3198 | bet   2,000원 PLAYER | P:J♠ 9♥=9  B:9♦ 8♦=7  PLAYER(W)  | +2,000원 → 94,300원  [end_win]
H3199 | bet   1,000원 BANKER | P:K♦ 3♦ 5♣=8  B:7♣ 5♣ 3♠=5  PLAYER(L)  | -1,000원 → 93,300원  [start]
H3200 | bet   2,000원 PLAYER | P:2♥ Q♠ 3♣=5  B:7♥ 10♥=7  BANKER(L)  | -2,000원 → 91,300원
H3201 | bet   4,000원 PLAYER | P:10♣ J♠ Q♣=0  B:Q♥ 4♥=4  BANKER(L)  | -4,000원 → 87,300원
H3202 | bet   8,000원 PLAYER | P:Q♥ 4♠=4  B:9♦ Q♣=9  BANKER(L)  | -8,000원 → 79,300원
H3203 | bet  16,000원 PLAYER | P:Q♦ 4♥ J♦=4  B:7♠ 5♥ 2♥=4  TIE(T)  |     0원 → 79,300원
H3204 | bet  16,000원 PLAYER | P:Q♣ 6♣=6  B:7♥ 4♣ 9♣=0  PLAYER(W)  | +16,000원 → 95,300원  [end_win]
H3205 | bet   1,000원 BANKER | P:3♦ 9♦ J♠=2  B:A♥ 4♦=5  BANKER(W)  | +950원 → 96,250원
H3206 | bet   1,000원 BANKER | P:6♥ K♠=6  B:7♣ 7♣ 3♠=7  BANKER(W)  | +950원 → 97,200원
H3207 | bet   1,000원 BANKER | P:K♦ 9♥=9  B:A♠ 9♠=0  PLAYER(L)  | -1,000원 → 96,200원  [start]
H3208 | bet   2,000원 PLAYER | P:2♠ 10♦ K♥=2  B:7♦ J♣=7  BANKER(L)  | -2,000원 → 94,200원
H3209 | bet   4,000원 PLAYER | P:3♦ Q♠ 7♥=0  B:10♥ K♥ 10♠=0  TIE(T)  |     0원 → 94,200원
H3210 | bet   4,000원 PLAYER | P:2♦ K♦ 3♥=5  B:K♦ A♥ A♥=2  PLAYER(W)  | +4,000원 → 98,200원  [end_win]
H3211 | bet   1,000원 BANKER | P:Q♠ 8♣=8  B:3♣ 10♠=3  PLAYER(L)  | -1,000원 → 97,200원  [start]
H3212 | bet   2,000원 PLAYER | P:4♦ 5♠=9  B:2♦ 4♦=6  PLAYER(W)  | +2,000원 → 99,200원  [end_win]
H3213 | bet   1,000원 BANKER | P:J♠ 9♦=9  B:A♣ 4♠=5  PLAYER(L)  | -1,000원 → 98,200원  [start]
H3214 | bet   2,000원 PLAYER | P:9♦ J♥=9  B:Q♥ 6♦=6  PLAYER(W)  | +2,000원 → 100,200원  [end_win]
H3215 | bet   1,000원 BANKER | P:8♣ J♣=8  B:2♥ 6♠=8  TIE(T)  |     0원 → 100,200원
H3216 | bet   1,000원 BANKER | P:4♥ 2♠=6  B:A♦ 7♣=8  BANKER(W)  | +950원 → 101,150원
H3217 | bet   1,000원 BANKER | P:8♣ 2♣=0  B:Q♦ 9♠=9  BANKER(W)  | +950원 → 102,100원
H3218 | bet   1,000원 BANKER | P:J♥ Q♦ 3♥=3  B:7♥ 8♦=5  BANKER(W)  | +950원 → 103,050원
H3219 | bet   1,000원 BANKER | P:9♥ 8♥=7  B:K♥ 5♠ 3♣=8  BANKER(W)  | +950원 → 104,000원
H3220 | bet   1,000원 BANKER | P:4♦ K♣ 2♦=6  B:3♣ 10♣ 5♣=8  BANKER(W)  | +950원 → 104,950원
H3221 | bet   1,000원 BANKER | P:2♣ 5♦=7  B:A♥ Q♠ 5♥=6  PLAYER(L)  | -1,000원 → 103,950원  [start]
H3222 | bet   2,000원 PLAYER | P:K♦ 2♥=2  B:Q♦ 8♠=8  BANKER(L)  | -2,000원 → 101,950원
H3223 | bet   4,000원 PLAYER | P:K♥ 6♠=6  B:K♠ Q♦ 2♦=2  PLAYER(W)  | +4,000원 → 105,950원  [end_win]
H3224 | bet   1,000원 BANKER | P:3♥ A♦ 2♠=6  B:Q♥ 4♦ K♦=4  PLAYER(L)  | -1,000원 → 104,950원  [start]
H3225 | bet   2,000원 PLAYER | P:3♣ 10♥ J♦=3  B:J♣ 5♣=5  BANKER(L)  | -2,000원 → 102,950원
H3226 | bet   4,000원 PLAYER | P:10♠ 7♠=7  B:9♣ 9♥=8  BANKER(L)  | -4,000원 → 98,950원
H3227 | bet   8,000원 PLAYER | P:5♠ 9♣ 9♠=3  B:4♠ K♣=4  BANKER(L)  | -8,000원 → 90,950원
H3228 | bet  16,000원 PLAYER | P:7♠ 5♠ 10♥=2  B:10♦ J♠ 5♦=5  BANKER(L)  | -16,000원 → 74,950원
H3229 | bet  32,000원 PLAYER | P:J♣ 5♥ Q♣=5  B:J♦ 7♣=7  BANKER(L)  | -32,000원 → 42,950원  [end_giveup]

Result: RUIN (capital_depleted)
Final: 42,950원  Hands: 3229  Bets: 2932  Wagered: 9,216,000원  Max losing streak: 10
