=== Session 57 ===
Seed: 2917495600126412442
Initial: 100,000원  Target: 500,000원  Ruin: 50,000원  Table-max: 100,000원
Strategy: martingale (pivot, steps=5)
Base bet: 1,000원  Primary side: BANKER

H001 | bet   1,000원 BANKER | P:K♥ J♦ 2♣=2  B:Q♣ K♥ K♣=0  PLAYER(L)  | -1,000원 → 99,000원  [start]
H002 | bet   2,000원 PLAYER | P:9♥ A♣ 10♦=0  B:9♣ 4♥ 8♣=1  BANKER(L)  | -2,000원 → 97,000원
H003 | bet   4,000원 PLAYER | P:J♦ J♥ 3♣=3  B:J♠ 10♠ A♥=1  PLAYER(W)  | +4,000원 → 101,000원  [end_win]
H004 | bet   1,000원 BANKER | P:A♦ 9♠ 5♦=5  B:4♠ A♣ Q♣=5  TIE(T)  |     0원 → 101,000원
H005 | bet   1,000원 BANKER | P:10♠ 4♣ 3♦=7  B:8♥ 2♠ 6♣=6  PLAYER(L)  | -1,000원 → 100,000원  [start]
H006 | bet   2,000원 PLAYER | P:A♦ 10♦=1  B:K♥ 8♥=8  BANKER(L)  | -2,000원 → 98,000원
H007 | bet   4,000원 PLAYER | P:10♦ A♦=1  B:7♣ A♣=8  BANKER(L)  | -4,000원 → 94,000원
H008 | bet   8,000원 PLAYER | P:8♣ 3♣ 4♥=5  B:5♣ 7♣ 2♣=4  PLAYER(W)  | +8,000원 → 102,000원  [end_win]
H009 | bet   1,000원 BANKER | P:2♦ 4♣=6  B:2♦ 6♠=8  BANKER(W)  | +950원 → 102,950원
H010 | bet   1,000원 BANKER | P:2♣ 10♦=2  B:4♦ 4♦=8  BANKER(W)  | +950원 → 103,900원
H011 | bet   1,000원 BANKER | P:9♦ J♣=9  B:9♠ 6♣=5  PLAYER(L)  | -1,000원 → 102,900원  [start]
H012 | bet   2,000원 PLAYER | P:7♠ 9♠=6  B:Q♠ Q♦ Q♣=0  PLAYER(W)  | +2,000원 → 104,900원  [end_win]
H013 | bet   1,000원 BANKER | P:8♦ J♦=8  B:9♥ 4♠=3  PLAYER(L)  | -1,000원 → 103,900원  [start]
H014 | bet   2,000원 PLAYER | P:4♥ 3♠=7  B:10♠ A♠ 10♦=1  PLAYER(W)  | +2,000원 → 105,900원  [end_win]
H015 | bet   1,000원 BANKER | P:3♥ 3♠=6  B:7♠ Q♥=7  BANKER(W)  | +950원 → 106,850원
H016 | bet   1,000원 BANKER | P:10♣ 2♥ 9♣=1  B:A♥ 6♣=7  BANKER(W)  | +950원 → 107,800원
H017 | bet   1,000원 BANKER | P:A♥ Q♠=1  B:8♦ Q♣=8  BANKER(W)  | +950원 → 108,750원
H018 | bet   1,000원 BANKER | P:J♥ 9♦=9  B:5♥ 2♠=7  PLAYER(L)  | -1,000원 → 107,750원  [start]
H019 | bet   2,000원 PLAYER | P:Q♥ 2♥ 8♠=0  B:8♦ 2♦ 5♠=5  BANKER(L)  | -2,000원 → 105,750원
H020 | bet   4,000원 PLAYER | P:2♥ 4♠=6  B:10♣ J♦ J♣=0  PLAYER(W)  | +4,000원 → 109,750원  [end_win]
H021 | bet   1,000원 BANKER | P:9♠ 4♥ A♣=4  B:A♦ 5♣=6  BANKER(W)  | +950원 → 110,700원
H022 | bet   1,000원 BANKER | P:8♣ 3♦ J♠=1  B:10♥ 10♦ 8♥=8  BANKER(W)  | +950원 → 111,650원
H023 | bet   1,000원 BANKER | P:10♠ 7♠=7  B:2♥ Q♠ J♣=2  PLAYER(L)  | -1,000원 → 110,650원  [start]
H024 | bet   2,000원 PLAYER | P:7♣ 2♠=9  B:4♦ 10♠=4  PLAYER(W)  | +2,000원 → 112,650원  [end_win]
H025 | bet   1,000원 BANKER | P:6♦ 6♥ Q♣=2  B:K♠ Q♣ 6♥=6  BANKER(W)  | +950원 → 113,600원
H026 | bet   1,000원 BANKER | P:6♠ 6♣ 4♠=6  B:2♣ Q♦ A♠=3  PLAYER(L)  | -1,000원 → 112,600원  [start]
H027 | bet   2,000원 PLAYER | P:6♥ 3♥=9  B:3♣ 4♣=7  PLAYER(W)  | +2,000원 → 114,600원  [end_win]
H028 | bet   1,000원 BANKER | P:4♥ 10♣=4  B:A♦ 8♥=9  BANKER(W)  | +950원 → 115,550원
H029 | bet   1,000원 BANKER | P:10♠ 6♣=6  B:6♠ Q♣=6  TIE(T)  |     0원 → 115,550원
H030 | bet   1,000원 BANKER | P:K♣ 9♠=9  B:J♦ 5♣=5  PLAYER(L)  | -1,000원 → 114,550원  [start]
H031 | bet   2,000원 PLAYER | P:J♦ Q♥ Q♥=0  B:7♦ K♦=7  BANKER(L)  | -2,000원 → 112,550원
H032 | bet   4,000원 PLAYER | P:3♠ 5♥=8  B:K♣ J♠=0  PLAYER(W)  | +4,000원 → 116,550원  [end_win]
H033 | bet   1,000원 BANKER | P:J♠ 9♦=9  B:5♠ 8♥=3  PLAYER(L)  | -1,000원 → 115,550원  [start]
H034 | bet   2,000원 PLAYER | P:5♣ 10♣=5  B:A♣ 8♣=9  BANKER(L)  | -2,000원 → 113,550원
H035 | bet   4,000원 PLAYER | P:7♣ K♦=7  B:4♠ J♠ 8♦=2  PLAYER(W)  | +4,000원 → 117,550원  [end_win]
H036 | bet   1,000원 BANKER | P:8♦ Q♦=8  B:10♥ 9♣=9  BANKER(W)  | +950원 → 118,500원
H037 | bet   1,000원 BANKER | P:6♦ 9♥=5  B:5♦ 4♣=9  BANKER(W)  | +950원 → 119,450원
H038 | bet   1,000원 BANKER | P:6♦ J♥=6  B:3♠ K♣ 3♠=6  TIE(T)  |     0원 → 119,450원
H039 | bet   1,000원 BANKER | P:7♥ 6♦ 3♣=6  B:7♣ 5♠ 5♥=7  BANKER(W)  | +950원 → 120,400원
H040 | bet   1,000원 BANKER | P:8♠ 2♦ 7♥=7  B:7♣ 5♣ Q♦=2  PLAYER(L)  | -1,000원 → 119,400원  [start]
H041 | bet   2,000원 PLAYER | P:8♦ A♦=9  B:8♥ K♥=8  PLAYER(W)  | +2,000원 → 121,400원  [end_win]
H042 | bet   1,000원 BANKER | P:8♣ 6♣=4  B:J♥ 9♠=9  BANKER(W)  | +950원 → 122,350원
H043 | bet   1,000원 BANKER | P:2♣ 7♦=9  B:J♠ 5♠=5  PLAYER(L)  | -1,000원 → 121,350원  [start]
H044 | bet   2,000원 PLAYER | P:J♣ J♣ 8♠=8  B:5♥ Q♠=5  PLAYER(W)  | +2,000원 → 123,350원  [end_win]
H045 | bet   1,000원 BANKER | P:K♥ 10♥ 6♦=6  B:6♣ 7♠ 5♦=8  BANKER(W)  | +950원 → 124,300원
H046 | bet   1,000원 BANKER | P:9♦ 6♠ 3♦=8  B:10♣ 3♣ 2♣=5  PLAYER(L)  | -1,000원 → 123,300원  [start]
H047 | bet   2,000원 PLAYER | P:9♥ 5♥ 2♠=6  B:3♦ J♠ 6♠=9  BANKER(L)  | -2,000원 → 121,300원
H048 | bet   4,000원 PLAYER | P:7♠ 7♦ 9♥=3  B:3♥ 8♣ 9♥=0  PLAYER(W)  | +4,000원 → 125,300원  [end_win]
H049 | bet   1,000원 BANKER | P:10♥ 5♣ J♣=5  B:10♥ 3♣ Q♦=3  PLAYER(L)  | -1,000원 → 124,300원  [start]
H050 | bet   2,000원 PLAYER | P:5♠ 8♦ 7♥=0  B:9♥ 4♠ A♦=4  BANKER(L)  | -2,000원 → 122,300원
H051 | bet   4,000원 PLAYER | P:4♠ A♣ 5♣=0  B:4♦ 3♥=7  BANKER(L)  | -4,000원 → 118,300원
H052 | bet   8,000원 PLAYER | P:8♠ 6♠ 9♦=3  B:Q♦ 6♦=6  BANKER(L)  | -8,000원 → 110,300원
H053 | bet  16,000원 PLAYER | P:K♦ A♥ 5♦=6  B:2♦ 10♠ Q♣=2  PLAYER(W)  | +16,000원 → 126,300원  [end_win]
H054 | bet   1,000원 BANKER | P:10♦ 4♣ K♠=4  B:5♠ 10♠=5  BANKER(W)  | +950원 → 127,250원
H055 | bet   1,000원 BANKER | P:6♦ 3♦=9  B:J♥ K♣=0  PLAYER(L)  | -1,000원 → 126,250원  [start]
H056 | bet   2,000원 PLAYER | P:A♣ 7♦=8  B:A♠ 3♠=4  PLAYER(W)  | +2,000원 → 128,250원  [end_win]
H057 | bet   1,000원 BANKER | P:6♥ 5♠ 8♠=9  B:9♣ 2♣ 5♦=6  PLAYER(L)  | -1,000원 → 127,250원  [start]
H058 | bet   2,000원 PLAYER | P:2♦ K♣ 4♥=6  B:J♠ K♣ K♠=0  PLAYER(W)  | +2,000원 → 129,250원  [end_win]
H059 | bet   1,000원 BANKER | P:9♦ 6♥ 2♠=7  B:K♦ 3♦ 4♦=7  TIE(T)  |     0원 → 129,250원
H060 | bet   1,000원 BANKER | P:4♦ 8♣ 8♠=0  B:8♦ 9♠=7  BANKER(W)  | +950원 → 130,200원
H061 | bet   1,000원 BANKER | P:7♦ 2♥=9  B:8♠ K♦=8  PLAYER(L)  | -1,000원 → 129,200원  [start]
H062 | bet   2,000원 PLAYER | P:9♣ 10♦=9  B:Q♦ 9♣=9  TIE(T)  |     0원 → 129,200원
H063 | bet   2,000원 PLAYER | P:2♠ 3♥=5  B:6♠ 3♦=9  BANKER(L)  | -2,000원 → 127,200원
H064 | bet   4,000원 PLAYER | P:2♣ 5♠=7  B:7♦ A♥=8  BANKER(L)  | -4,000원 → 123,200원
H065 | bet   8,000원 PLAYER | P:A♠ Q♠ 4♣=5  B:J♦ 7♥=7  BANKER(L)  | -8,000원 → 115,200원
H066 | bet  16,000원 PLAYER | P:9♦ 3♥ 6♥=8  B:6♣ 7♦ 10♥=3  PLAYER(W)  | +16,000원 → 131,200원  [end_win]
H067 | bet   1,000원 BANKER | P:4♠ 3♠=7  B:6♥ A♠=7  TIE(T)  |     0원 → 131,200원
H068 | bet   1,000원 BANKER | P:K♠ A♥ K♥=1  B:Q♥ 5♦=5  BANKER(W)  | +950원 → 132,150원
H069 | bet   1,000원 BANKER | P:K♥ A♠ Q♠=1  B:2♥ 3♣=5  BANKER(W)  | +950원 → 133,100원
H070 | bet   1,000원 BANKER | P:10♣ 6♠=6  B:Q♥ Q♠ Q♥=0  PLAYER(L)  | -1,000원 → 132,100원  [start]
H071 | bet   2,000원 PLAYER | P:4♥ 8♥ 5♦=7  B:10♣ 7♥=7  TIE(T)  |     0원 → 132,100원
H072 | bet   2,000원 PLAYER | P:5♥ K♣=5  B:9♥ Q♥=9  BANKER(L)  | -2,000원 → 130,100원
H073 | bet   4,000원 PLAYER | P:5♥ J♦ 3♣=8  B:Q♠ 2♠ 10♥=2  PLAYER(W)  | +4,000원 → 134,100원  [end_win]
H074 | bet   1,000원 BANKER | P:10♣ J♥ J♥=0  B:A♣ Q♦ J♣=1  BANKER(W)  | +950원 → 135,050원
H075 | bet   1,000원 BANKER | P:8♥ 5♦ 3♥=6  B:A♠ 6♦=7  BANKER(W)  | +950원 → 136,000원
H076 | bet   1,000원 BANKER | P:4♦ 4♣=8  B:7♣ 7♠=4  PLAYER(L)  | -1,000원 → 135,000원  [start]
H077 | bet   2,000원 PLAYER | P:2♠ 7♥=9  B:K♦ 4♥=4  PLAYER(W)  | +2,000원 → 137,000원  [end_win]
H078 | bet   1,000원 BANKER | P:K♥ 2♥ 7♠=9  B:3♥ J♣ 7♣=0  PLAYER(L)  | -1,000원 → 136,000원  [start]
H079 | bet   2,000원 PLAYER | P:K♠ 3♦ J♥=3  B:K♠ K♠ 2♥=2  PLAYER(W)  | +2,000원 → 138,000원  [end_win]
H080 | bet   1,000원 BANKER | P:9♦ 4♦ 5♣=8  B:A♦ 9♣ 9♣=9  BANKER(W)  | +950원 → 138,950원
H081 | bet   1,000원 BANKER | P:K♠ 3♠ 6♥=9  B:2♦ 8♠ 2♦=2  PLAYER(L)  | -1,000원 → 137,950원  [start]
H082 | bet   2,000원 PLAYER | P:7♥ 8♦ 4♣=9  B:3♥ 2♣ 10♣=5  PLAYER(W)  | +2,000원 → 139,950원  [end_win]
H083 | bet   1,000원 BANKER | P:Q♠ A♦ A♣=2  B:2♠ 4♣=6  BANKER(W)  | +950원 → 140,900원
H084 | bet   1,000원 BANKER | P:J♥ 9♦=9  B:5♦ 9♠=4  PLAYER(L)  | -1,000원 → 139,900원  [start]
H085 | bet   2,000원 PLAYER | P:8♦ A♥=9  B:10♠ 6♠=6  PLAYER(W)  | +2,000원 → 141,900원  [end_win]
H086 | bet   1,000원 BANKER | P:5♦ 9♠ J♣=4  B:J♣ 3♠ 7♣=0  PLAYER(L)  | -1,000원 → 140,900원  [start]
H087 | bet   2,000원 PLAYER | P:4♦ A♥ 9♦=4  B:7♣ 4♥ 2♠=3  PLAYER(W)  | +2,000원 → 142,900원  [end_win]
H088 | bet   1,000원 BANKER | P:2♦ 10♣ 5♦=7  B:2♠ 3♣ A♣=6  PLAYER(L)  | -1,000원 → 141,900원  [start]
H089 | bet   2,000원 PLAYER | P:5♥ K♦ A♠=6  B:10♥ Q♦ 9♥=9  BANKER(L)  | -2,000원 → 139,900원
H090 | bet   4,000원 PLAYER | P:7♥ K♣=7  B:7♦ 8♠ J♣=5  PLAYER(W)  | +4,000원 → 143,900원  [end_win]
H091 | bet   1,000원 BANKER | P:K♠ 2♦ A♦=3  B:5♥ 7♣ 6♦=8  BANKER(W)  | +950원 → 144,850원
H092 | bet   1,000원 BANKER | P:3♠ Q♥ K♠=3  B:2♣ K♥ J♦=2  PLAYER(L)  | -1,000원 → 143,850원  [start]
H093 | bet   2,000원 PLAYER | P:7♠ 3♦ 4♦=4  B:Q♣ 2♠ 5♦=7  BANKER(L)  | -2,000원 → 141,850원
H094 | bet   4,000원 PLAYER | P:J♠ K♥ K♦=0  B:9♠ 6♦=5  BANKER(L)  | -4,000원 → 137,850원
H095 | bet   8,000원 PLAYER | P:10♥ 8♥=8  B:10♠ 10♠=0  PLAYER(W)  | +8,000원 → 145,850원  [end_win]
H096 | bet   1,000원 BANKER | P:K♣ 3♥ 2♣=5  B:J♦ K♠ 7♠=7  BANKER(W)  | +950원 → 146,800원
H097 | bet   1,000원 BANKER | P:6♥ J♣=6  B:4♠ 2♦=6  TIE(T)  |     0원 → 146,800원
H098 | bet   1,000원 BANKER | P:10♠ 9♦=9  B:9♦ 7♠=6  PLAYER(L)  | -1,000원 → 145,800원  [start]
H099 | bet   2,000원 PLAYER | P:10♦ 8♣=8  B:Q♣ 7♣=7  PLAYER(W)  | +2,000원 → 147,800원  [end_win]
H100 | bet   1,000원 BANKER | P:3♥ 5♣=8  B:J♥ 5♠=5  PLAYER(L)  | -1,000원 → 146,800원  [start]
H101 | bet   2,000원 PLAYER | P:8♦ 2♠ 8♣=8  B:Q♥ 6♥=6  PLAYER(W)  | +2,000원 → 148,800원  [end_win]
H102 | bet   1,000원 BANKER | P:6♣ J♣=6  B:A♥ 9♠ 3♠=3  PLAYER(L)  | -1,000원 → 147,800원  [start]
H103 | bet   2,000원 PLAYER | P:Q♦ Q♠ 10♣=0  B:8♥ 3♥ 6♠=7  BANKER(L)  | -2,000원 → 145,800원
H104 | bet   4,000원 PLAYER | P:7♠ A♥=8  B:6♣ 6♥=2  PLAYER(W)  | +4,000원 → 149,800원  [end_win]
H105 | bet   1,000원 BANKER | P:9♣ 5♥ A♦=5  B:3♣ 3♣=6  BANKER(W)  | +950원 → 150,750원
H106 | bet   1,000원 BANKER | P:Q♥ K♥=0  B:K♦ 8♥=8  BANKER(W)  | +950원 → 151,700원
H107 | bet   1,000원 BANKER | P:A♦ 4♦=5  B:6♥ 3♥=9  BANKER(W)  | +950원 → 152,650원
H108 | bet   1,000원 BANKER | P:7♦ J♠=7  B:6♦ K♥=6  PLAYER(L)  | -1,000원 → 151,650원  [start]
H109 | bet   2,000원 PLAYER | P:10♥ 4♦ A♦=5  B:K♣ J♦ 7♥=7  BANKER(L)  | -2,000원 → 149,650원
H110 | bet   4,000원 PLAYER | P:9♥ 9♦=8  B:6♣ 10♥=6  PLAYER(W)  | +4,000원 → 153,650원  [end_win]
H111 | bet   1,000원 BANKER | P:Q♥ 3♦ 2♦=5  B:4♠ A♥=5  TIE(T)  |     0원 → 153,650원
H112 | bet   1,000원 BANKER | P:2♥ J♣ 4♥=6  B:6♠ 5♥ A♠=2  PLAYER(L)  | -1,000원 → 152,650원  [start]
H113 | bet   2,000원 PLAYER | P:8♠ 5♦ A♣=4  B:J♦ 10♣ 4♥=4  TIE(T)  |     0원 → 152,650원
H114 | bet   2,000원 PLAYER | P:A♠ J♥ 8♠=9  B:8♥ 3♦ J♣=1  PLAYER(W)  | +2,000원 → 154,650원  [end_win]
H115 | bet   1,000원 BANKER | P:4♠ 2♣=6  B:4♥ J♦ Q♣=4  PLAYER(L)  | -1,000원 → 153,650원  [start]
H116 | bet   2,000원 PLAYER | P:3♠ 7♥ 5♣=5  B:4♦ 3♥=7  BANKER(L)  | -2,000원 → 151,650원
H117 | bet   4,000원 PLAYER | P:Q♦ 3♠ 3♥=6  B:2♥ A♠ 8♠=1  PLAYER(W)  | +4,000원 → 155,650원  [end_win]
H118 | bet   1,000원 BANKER | P:7♦ 2♠=9  B:K♠ 4♠=4  PLAYER(L)  | -1,000원 → 154,650원  [start]
H119 | bet   2,000원 PLAYER | P:7♥ J♥=7  B:9♠ A♣ 5♠=5  PLAYER(W)  | +2,000원 → 156,650원  [end_win]
H120 | bet   1,000원 BANKER | P:5♦ Q♠ Q♠=5  B:4♦ K♠=4  PLAYER(L)  | -1,000원 → 155,650원  [start]
H121 | bet   2,000원 PLAYER | P:Q♦ Q♣ 4♣=4  B:K♣ A♣ 10♦=1  PLAYER(W)  | +2,000원 → 157,650원  [end_win]
H122 | bet   1,000원 BANKER | P:9♣ 10♦=9  B:A♥ K♦=1  PLAYER(L)  | -1,000원 → 156,650원  [start]
H123 | bet   2,000원 PLAYER | P:8♣ 7♦=5  B:Q♥ 9♠=9  BANKER(L)  | -2,000원 → 154,650원
H124 | bet   4,000원 PLAYER | P:Q♠ 6♣=6  B:6♥ 8♥ 5♥=9  BANKER(L)  | -4,000원 → 150,650원
H125 | bet   8,000원 PLAYER | P:10♥ Q♣ 9♥=9  B:9♥ 2♦ 9♦=0  PLAYER(W)  | +8,000원 → 158,650원  [end_win]
H126 | bet   1,000원 BANKER | P:6♦ 8♥ K♥=4  B:8♣ 3♣ 4♣=5  BANKER(W)  | +950원 → 159,600원
H127 | bet   1,000원 BANKER | P:9♥ 6♦ 2♦=7  B:J♥ 6♣=6  PLAYER(L)  | -1,000원 → 158,600원  [start]
H128 | bet   2,000원 PLAYER | P:6♠ 6♠ 7♥=9  B:K♦ K♥ 7♦=7  PLAYER(W)  | +2,000원 → 160,600원  [end_win]
H129 | bet   1,000원 BANKER | P:6♦ Q♣=6  B:4♦ 10♦ 9♠=3  PLAYER(L)  | -1,000원 → 159,600원  [start]
H130 | bet   2,000원 PLAYER | P:J♦ K♣ 3♦=3  B:2♠ 8♦ 5♠=5  BANKER(L)  | -2,000원 → 157,600원
H131 | bet   4,000원 PLAYER | P:J♠ Q♠ Q♦=0  B:7♠ Q♥=7  BANKER(L)  | -4,000원 → 153,600원
H132 | bet   8,000원 PLAYER | P:J♠ A♥ 6♠=7  B:2♣ Q♣ J♥=2  PLAYER(W)  | +8,000원 → 161,600원  [end_win]
H133 | bet   1,000원 BANKER | P:Q♦ 10♦=0  B:8♥ K♠=8  BANKER(W)  | +950원 → 162,550원
H134 | bet   1,000원 BANKER | P:K♠ 4♠ 5♦=9  B:4♥ 2♥=6  PLAYER(L)  | -1,000원 → 161,550원  [start]
H135 | bet   2,000원 PLAYER | P:2♥ 3♣ 3♦=8  B:2♥ K♥ 9♥=1  PLAYER(W)  | +2,000원 → 163,550원  [end_win]
H136 | bet   1,000원 BANKER | P:A♣ J♠=1  B:K♦ 8♠=8  BANKER(W)  | +950원 → 164,500원
H137 | bet   1,000원 BANKER | P:J♠ 5♣=5  B:2♦ 7♠=9  BANKER(W)  | +950원 → 165,450원
H138 | bet   1,000원 BANKER | P:9♥ 3♦ 3♠=5  B:9♦ 8♣=7  BANKER(W)  | +950원 → 166,400원
H139 | bet   1,000원 BANKER | P:4♦ 2♠=6  B:8♣ 4♥ 8♠=0  PLAYER(L)  | -1,000원 → 165,400원  [start]
H140 | bet   2,000원 PLAYER | P:J♠ Q♥ 10♥=0  B:3♣ Q♦ 7♣=0  TIE(T)  |     0원 → 165,400원
H141 | bet   2,000원 PLAYER | P:Q♦ 3♦ 6♠=9  B:6♣ 8♦ 10♣=4  PLAYER(W)  | +2,000원 → 167,400원  [end_win]
H142 | bet   1,000원 BANKER | P:3♠ Q♥ 10♠=3  B:10♥ A♦ 8♠=9  BANKER(W)  | +950원 → 168,350원
H143 | bet   1,000원 BANKER | P:9♠ 6♣ A♠=6  B:9♣ 5♣=4  PLAYER(L)  | -1,000원 → 167,350원  [start]
H144 | bet   2,000원 PLAYER | P:3♣ A♣ A♠=5  B:7♠ 3♠ 5♠=5  TIE(T)  |     0원 → 167,350원
H145 | bet   2,000원 PLAYER | P:4♠ J♠ 6♥=0  B:2♥ 10♦ 4♣=6  BANKER(L)  | -2,000원 → 165,350원
H146 | bet   4,000원 PLAYER | P:Q♠ 7♥=7  B:10♣ 7♣=7  TIE(T)  |     0원 → 165,350원
H147 | bet   4,000원 PLAYER | P:2♥ 9♥=1  B:K♦ 8♠=8  BANKER(L)  | -4,000원 → 161,350원
H148 | bet   8,000원 PLAYER | P:J♦ 4♥ J♥=4  B:10♣ 4♣=4  TIE(T)  |     0원 → 161,350원
H149 | bet   8,000원 PLAYER | P:2♦ 6♥=8  B:10♦ 5♥=5  PLAYER(W)  | +8,000원 → 169,350원  [end_win]
H150 | bet   1,000원 BANKER | P:5♣ A♥=6  B:9♣ Q♠=9  BANKER(W)  | +950원 → 170,300원
H151 | bet   1,000원 BANKER | P:2♣ K♣ 8♥=0  B:5♥ J♦=5  BANKER(W)  | +950원 → 171,250원
H152 | bet   1,000원 BANKER | P:2♣ K♠=2  B:4♠ 5♣=9  BANKER(W)  | +950원 → 172,200원
H153 | bet   1,000원 BANKER | P:4♣ 4♠=8  B:Q♣ K♦=0  PLAYER(L)  | -1,000원 → 171,200원  [start]
H154 | bet   2,000원 PLAYER | P:9♣ 5♠ 8♦=2  B:5♠ K♥=5  BANKER(L)  | -2,000원 → 169,200원
H155 | bet   4,000원 PLAYER | P:10♣ 7♥=7  B:A♠ 7♣=8  BANKER(L)  | -4,000원 → 165,200원
H156 | bet   8,000원 PLAYER | P:6♣ 10♠=6  B:7♠ 7♣ A♦=5  PLAYER(W)  | +8,000원 → 173,200원  [end_win]
H157 | bet   1,000원 BANKER | P:10♦ 2♥ 3♥=5  B:8♦ 8♣=6  BANKER(W)  | +950원 → 174,150원
H158 | bet   1,000원 BANKER | P:A♠ 5♠=6  B:9♣ 10♥=9  BANKER(W)  | +950원 → 175,100원
H159 | bet   1,000원 BANKER | P:K♣ 3♣ K♣=3  B:5♥ 6♦ 10♠=1  PLAYER(L)  | -1,000원 → 174,100원  [start]
H160 | bet   2,000원 PLAYER | P:9♣ 10♠=9  B:5♠ 8♦=3  PLAYER(W)  | +2,000원 → 176,100원  [end_win]
H161 | bet   1,000원 BANKER | P:5♣ J♥ 4♥=9  B:7♦ 7♦ 9♣=3  PLAYER(L)  | -1,000원 → 175,100원  [start]
H162 | bet   2,000원 PLAYER | P:8♣ 4♠ J♦=2  B:9♦ 6♣=5  BANKER(L)  | -2,000원 → 173,100원
H163 | bet   4,000원 PLAYER | P:8♦ A♠=9  B:9♣ 7♦=6  PLAYER(W)  | +4,000원 → 177,100원  [end_win]
H164 | bet   1,000원 BANKER | P:3♣ 8♣ Q♠=1  B:8♦ 6♥=4  BANKER(W)  | +950원 → 178,050원
H165 | bet   1,000원 BANKER | P:10♠ K♠=0  B:K♥ 9♠=9  BANKER(W)  | +950원 → 179,000원
H166 | bet   1,000원 BANKER | P:7♠ 9♥=6  B:A♦ Q♣ 2♠=3  PLAYER(L)  | -1,000원 → 178,000원  [start]
H167 | bet   2,000원 PLAYER | P:7♣ 6♣ 10♠=3  B:6♦ 6♦ 9♥=1  PLAYER(W)  | +2,000원 → 180,000원  [end_win]
H168 | bet   1,000원 BANKER | P:2♠ K♥ 3♠=5  B:Q♠ 2♠ 8♥=0  PLAYER(L)  | -1,000원 → 179,000원  [start]
H169 | bet   2,000원 PLAYER | P:6♠ K♦=6  B:7♣ 10♠=7  BANKER(L)  | -2,000원 → 177,000원
H170 | bet   4,000원 PLAYER | P:2♠ 9♣ J♠=1  B:A♦ K♠ A♠=2  BANKER(L)  | -4,000원 → 173,000원
H171 | bet   8,000원 PLAYER | P:2♥ A♠ 4♠=7  B:5♣ 5♥ J♦=0  PLAYER(W)  | +8,000원 → 181,000원  [end_win]
H172 | bet   1,000원 BANKER | P:K♦ J♥ 3♠=3  B:K♦ 3♠ 8♠=1  PLAYER(L)  | -1,000원 → 180,000원  [start]
H173 | bet   2,000원 PLAYER | P:5♠ Q♦ K♣=5  B:A♥ A♥ K♥=2  PLAYER(W)  | +2,000원 → 182,000원  [end_win]
H174 | bet   1,000원 BANKER | P:9♦ 8♦=7  B:5♣ A♣=6  PLAYER(L)  | -1,000원 → 181,000원  [start]
H175 | bet   2,000원 PLAYER | P:7♠ 5♠ 9♠=1  B:3♥ 9♥ 7♥=9  BANKER(L)  | -2,000원 → 179,000원
H176 | bet   4,000원 PLAYER | P:2♣ 8♦ 6♣=6  B:5♦ Q♠ J♣=5  PLAYER(W)  | +4,000원 → 183,000원  [end_win]
H177 | bet   1,000원 BANKER | P:A♥ 10♥ 3♥=4  B:7♣ Q♦=7  BANKER(W)  | +950원 → 183,950원
H178 | bet   1,000원 BANKER | P:3♣ A♥ 8♣=2  B:5♦ 8♠=3  BANKER(W)  | +950원 → 184,900원
H179 | bet   1,000원 BANKER | P:J♦ 3♣=3  B:4♣ 4♥=8  BANKER(W)  | +950원 → 185,850원
H180 | bet   1,000원 BANKER | P:J♠ 9♥=9  B:10♣ 10♥=0  PLAYER(L)  | -1,000원 → 184,850원  [start]
H181 | bet   2,000원 PLAYER | P:J♥ 2♣ 10♥=2  B:J♣ 4♦=4  BANKER(L)  | -2,000원 → 182,850원
H182 | bet   4,000원 PLAYER | P:8♠ J♦=8  B:6♣ K♥=6  PLAYER(W)  | +4,000원 → 186,850원  [end_win]
H183 | bet   1,000원 BANKER | P:5♠ 2♥=7  B:Q♥ 2♠ 6♥=8  BANKER(W)  | +950원 → 187,800원
H184 | bet   1,000원 BANKER | P:Q♠ 7♥=7  B:J♠ 10♥ 7♣=7  TIE(T)  |     0원 → 187,800원
H185 | bet   1,000원 BANKER | P:A♦ 6♠=7  B:4♥ 7♦ 2♥=3  PLAYER(L)  | -1,000원 → 186,800원  [start]
H186 | bet   2,000원 PLAYER | P:6♦ A♥=7  B:2♥ A♠ 9♦=2  PLAYER(W)  | +2,000원 → 188,800원  [end_win]
H187 | bet   1,000원 BANKER | P:9♥ 9♠=8  B:J♥ 4♥=4  PLAYER(L)  | -1,000원 → 187,800원  [start]
H188 | bet   2,000원 PLAYER | P:8♣ 6♦=4  B:9♠ K♠=9  BANKER(L)  | -2,000원 → 185,800원
H189 | bet   4,000원 PLAYER | P:A♣ K♠ 5♣=6  B:A♦ 3♥ J♠=4  PLAYER(W)  | +4,000원 → 189,800원  [end_win]
H190 | bet   1,000원 BANKER | P:5♦ 5♥ 9♣=9  B:7♣ 10♦=7  PLAYER(L)  | -1,000원 → 188,800원  [start]
H191 | bet   2,000원 PLAYER | P:J♣ 10♣ 9♣=9  B:5♥ 5♦ A♦=1  PLAYER(W)  | +2,000원 → 190,800원  [end_win]
H192 | bet   1,000원 BANKER | P:A♣ Q♥ A♦=2  B:Q♦ 4♦=4  BANKER(W)  | +950원 → 191,750원
H193 | bet   1,000원 BANKER | P:9♠ 3♥ 4♦=6  B:8♥ 5♠ Q♦=3  PLAYER(L)  | -1,000원 → 190,750원  [start]
H194 | bet   2,000원 PLAYER | P:3♣ 5♥=8  B:2♦ Q♠=2  PLAYER(W)  | +2,000원 → 192,750원  [end_win]
H195 | bet   1,000원 BANKER | P:2♣ 5♣=7  B:10♠ K♥ 9♣=9  BANKER(W)  | +950원 → 193,700원
H196 | bet   1,000원 BANKER | P:4♣ 3♣=7  B:10♣ 2♥ 7♥=9  BANKER(W)  | +950원 → 194,650원
H197 | bet   1,000원 BANKER | P:8♣ 7♥ Q♣=5  B:9♠ A♣ 4♦=4  PLAYER(L)  | -1,000원 → 193,650원  [start]
H198 | bet   2,000원 PLAYER | P:8♥ K♦=8  B:J♣ Q♥=0  PLAYER(W)  | +2,000원 → 195,650원  [end_win]
H199 | bet   1,000원 BANKER | P:J♥ 2♥ K♥=2  B:4♦ 2♣=6  BANKER(W)  | +950원 → 196,600원
H200 | bet   1,000원 BANKER | P:10♣ 7♦=7  B:9♠ 6♦ 9♦=4  PLAYER(L)  | -1,000원 → 195,600원  [start]
H201 | bet   2,000원 PLAYER | P:3♦ 6♥=9  B:10♠ K♣=0  PLAYER(W)  | +2,000원 → 197,600원  [end_win]
H202 | bet   1,000원 BANKER | P:7♠ 2♣=9  B:10♣ Q♠=0  PLAYER(L)  | -1,000원 → 196,600원  [start]
H203 | bet   2,000원 PLAYER | P:3♣ 3♦=6  B:6♠ Q♣=6  TIE(T)  |     0원 → 196,600원
H204 | bet   2,000원 PLAYER | P:4♥ 10♦=4  B:8♥ K♦=8  BANKER(L)  | -2,000원 → 194,600원
H205 | bet   4,000원 PLAYER | P:10♥ 10♠=0  B:3♥ 5♥=8  BANKER(L)  | -4,000원 → 190,600원
H206 | bet   8,000원 PLAYER | P:Q♣ K♣ 7♥=7  B:10♦ 7♠=7  TIE(T)  |     0원 → 190,600원
H207 | bet   8,000원 PLAYER | P:8♠ K♥=8  B:Q♣ 9♣=9  BANKER(L)  | -8,000원 → 182,600원
H208 | bet  16,000원 PLAYER | P:8♠ 10♦=8  B:6♣ 4♠=0  PLAYER(W)  | +16,000원 → 198,600원  [end_win]
H209 | bet   1,000원 BANKER | P:3♥ 10♣ 5♣=8  B:8♦ 2♦ 5♥=5  PLAYER(L)  | -1,000원 → 197,600원  [start]
H210 | bet   2,000원 PLAYER | P:3♠ J♥=3  B:3♦ 5♠=8  BANKER(L)  | -2,000원 → 195,600원
H211 | bet   4,000원 PLAYER | P:9♣ K♣=9  B:A♣ 2♦=3  PLAYER(W)  | +4,000원 → 199,600원  [end_win]
H212 | bet   1,000원 BANKER | P:7♠ 8♠ 2♠=7  B:4♥ 9♦ J♥=3  PLAYER(L)  | -1,000원 → 198,600원  [start]
H213 | bet   2,000원 PLAYER | P:2♣ 9♥ J♣=1  B:6♠ 4♠ 5♥=5  BANKER(L)  | -2,000원 → 196,600원
H214 | bet   4,000원 PLAYER | P:Q♥ 3♣ 3♦=6  B:J♣ A♥ 6♠=7  BANKER(L)  | -4,000원 → 192,600원
H215 | bet   8,000원 PLAYER | P:J♣ A♦ 6♦=7  B:10♥ 4♦ 4♣=8  BANKER(L)  | -8,000원 → 184,600원
H216 | bet  16,000원 PLAYER | P:3♦ K♠ 7♣=0  B:8♣ 5♦ 7♥=0  TIE(T)  |     0원 → 184,600원
H217 | bet  16,000원 PLAYER | P:5♠ 5♥ Q♦=0  B:10♦ 4♠=4  BANKER(L)  | -16,000원 → 168,600원
H218 | bet  32,000원 PLAYER | P:5♣ 9♦ 7♠=1  B:4♣ 8♣ Q♣=2  BANKER(L)  | -32,000원 → 136,600원  [end_giveup]
H219 | bet   1,000원 BANKER | P:2♦ 10♠=2  B:9♥ J♦=9  BANKER(W)  | +950원 → 137,550원
H220 | bet   1,000원 BANKER | P:Q♣ Q♠=0  B:6♣ 3♥=9  BANKER(W)  | +950원 → 138,500원
H221 | bet   1,000원 BANKER | P:10♦ 5♣ 8♥=3  B:3♠ 4♥=7  BANKER(W)  | +950원 → 139,450원
H222 | bet   1,000원 BANKER | P:2♣ 8♠ Q♥=0  B:J♦ A♣ 2♣=3  BANKER(W)  | +950원 → 140,400원
H223 | bet   1,000원 BANKER | P:K♣ J♠ 10♠=0  B:7♥ 7♣=4  BANKER(W)  | +950원 → 141,350원
H224 | bet   1,000원 BANKER | P:Q♥ 7♦=7  B:A♠ Q♦ K♦=1  PLAYER(L)  | -1,000원 → 140,350원  [start]
H225 | bet   2,000원 PLAYER | P:6♠ 3♠=9  B:10♦ A♥=1  PLAYER(W)  | +2,000원 → 142,350원  [end_win]
H226 | bet   1,000원 BANKER | P:A♠ 9♥=0  B:J♠ 8♠=8  BANKER(W)  | +950원 → 143,300원
H227 | bet   1,000원 BANKER | P:6♠ 7♠ 6♦=9  B:J♠ 6♥ 6♠=2  PLAYER(L)  | -1,000원 → 142,300원  [start]
H228 | bet   2,000원 PLAYER | P:Q♥ 8♦=8  B:Q♦ 7♦=7  PLAYER(W)  | +2,000원 → 144,300원  [end_win]
H229 | bet   1,000원 BANKER | P:9♦ Q♠=9  B:6♣ 5♠=1  PLAYER(L)  | -1,000원 → 143,300원  [start]
H230 | bet   2,000원 PLAYER | P:A♣ J♥ 8♥=9  B:7♥ 10♦=7  PLAYER(W)  | +2,000원 → 145,300원  [end_win]
H231 | bet   1,000원 BANKER | P:6♦ 5♠ 6♥=7  B:8♦ 5♦ 2♦=5  PLAYER(L)  | -1,000원 → 144,300원  [start]
H232 | bet   2,000원 PLAYER | P:10♣ 3♦ K♠=3  B:9♣ 4♠ 2♦=5  BANKER(L)  | -2,000원 → 142,300원
H233 | bet   4,000원 PLAYER | P:5♦ Q♣ 3♠=8  B:6♥ 5♦ 10♣=1  PLAYER(W)  | +4,000원 → 146,300원  [end_win]
H234 | bet   1,000원 BANKER | P:7♣ 4♣ 10♥=1  B:2♥ K♦ K♣=2  BANKER(W)  | +950원 → 147,250원
H235 | bet   1,000원 BANKER | P:2♦ J♦ 10♥=2  B:7♠ 8♦=5  BANKER(W)  | +950원 → 148,200원
H236 | bet   1,000원 BANKER | P:4♥ 2♥=6  B:4♣ 3♥=7  BANKER(W)  | +950원 → 149,150원
H237 | bet   1,000원 BANKER | P:Q♥ 6♥=6  B:A♦ K♥ J♦=1  PLAYER(L)  | -1,000원 → 148,150원  [start]
H238 | bet   2,000원 PLAYER | P:3♠ 3♦=6  B:A♥ 4♠ 5♣=0  PLAYER(W)  | +2,000원 → 150,150원  [end_win]
H239 | bet   1,000원 BANKER | P:8♥ K♣=8  B:9♠ 7♦=6  PLAYER(L)  | -1,000원 → 149,150원  [start]
H240 | bet   2,000원 PLAYER | P:A♠ J♠ J♣=1  B:K♦ 3♣ 3♦=6  BANKER(L)  | -2,000원 → 147,150원
H241 | bet   4,000원 PLAYER | P:2♠ 9♦ 4♠=5  B:7♦ 8♣ 4♦=9  BANKER(L)  | -4,000원 → 143,150원
H242 | bet   8,000원 PLAYER | P:6♣ A♣=7  B:6♥ 7♦ 4♣=7  TIE(T)  |     0원 → 143,150원
H243 | bet   8,000원 PLAYER | P:A♦ 4♣ 7♦=2  B:5♦ 7♠ 7♦=9  BANKER(L)  | -8,000원 → 135,150원
H244 | bet  16,000원 PLAYER | P:2♦ 7♥=9  B:9♣ A♣=0  PLAYER(W)  | +16,000원 → 151,150원  [end_win]
H245 | bet   1,000원 BANKER | P:6♦ 6♣ 10♠=2  B:4♥ 8♥ 2♠=4  BANKER(W)  | +950원 → 152,100원
H246 | bet   1,000원 BANKER | P:A♥ 10♣ 7♦=8  B:4♥ 3♠=7  PLAYER(L)  | -1,000원 → 151,100원  [start]
H247 | bet   2,000원 PLAYER | P:7♣ 8♠ Q♦=5  B:5♠ 8♥ K♠=3  PLAYER(W)  | +2,000원 → 153,100원  [end_win]
H248 | bet   1,000원 BANKER | P:A♠ K♦=1  B:6♥ 2♣=8  BANKER(W)  | +950원 → 154,050원
H249 | bet   1,000원 BANKER | P:K♦ Q♣ 9♣=9  B:9♥ 2♣ 9♠=0  PLAYER(L)  | -1,000원 → 153,050원  [start]
H250 | bet   2,000원 PLAYER | P:J♠ 5♦ 3♥=8  B:J♠ Q♥ 6♣=6  PLAYER(W)  | +2,000원 → 155,050원  [end_win]
H251 | bet   1,000원 BANKER | P:2♣ 2♦=4  B:2♠ 6♣=8  BANKER(W)  | +950원 → 156,000원
H252 | bet   1,000원 BANKER | P:6♦ J♣=6  B:J♣ 4♥ J♥=4  PLAYER(L)  | -1,000원 → 155,000원  [start]
H253 | bet   2,000원 PLAYER | P:4♦ 2♦=6  B:J♠ 10♠ J♥=0  PLAYER(W)  | +2,000원 → 157,000원  [end_win]
H254 | bet   1,000원 BANKER | P:A♥ 3♠=4  B:Q♠ 9♥=9  BANKER(W)  | +950원 → 157,950원
H255 | bet   1,000원 BANKER | P:A♦ K♣ 7♥=8  B:5♣ 10♥ 10♥=5  PLAYER(L)  | -1,000원 → 156,950원  [start]
H256 | bet   2,000원 PLAYER | P:6♠ 3♣=9  B:4♠ 7♠=1  PLAYER(W)  | +2,000원 → 158,950원  [end_win]
H257 | bet   1,000원 BANKER | P:8♦ 3♦ 4♥=5  B:J♥ 5♠ K♣=5  TIE(T)  |     0원 → 158,950원
H258 | bet   1,000원 BANKER | P:Q♠ A♥ J♦=1  B:J♦ 4♦=4  BANKER(W)  | +950원 → 159,900원
H259 | bet   1,000원 BANKER | P:7♠ 5♠ 6♣=8  B:6♣ A♣=7  PLAYER(L)  | -1,000원 → 158,900원  [start]
H260 | bet   2,000원 PLAYER | P:9♦ Q♠=9  B:A♠ 5♦=6  PLAYER(W)  | +2,000원 → 160,900원  [end_win]
H261 | bet   1,000원 BANKER | P:10♦ 5♥ 8♦=3  B:7♥ 3♠ A♠=1  PLAYER(L)  | -1,000원 → 159,900원  [start]
H262 | bet   2,000원 PLAYER | P:9♠ A♣ Q♦=0  B:5♦ 7♣ 6♥=8  BANKER(L)  | -2,000원 → 157,900원
H263 | bet   4,000원 PLAYER | P:J♣ 3♥=3  B:Q♥ 8♣=8  BANKER(L)  | -4,000원 → 153,900원
H264 | bet   8,000원 PLAYER | P:2♠ 5♦=7  B:Q♦ 6♠=6  PLAYER(W)  | +8,000원 → 161,900원  [end_win]
H265 | bet   1,000원 BANKER | P:10♥ 9♦=9  B:5♠ 4♦=9  TIE(T)  |     0원 → 161,900원
H266 | bet   1,000원 BANKER | P:7♦ 5♣ J♥=2  B:4♥ 9♣ 8♣=1  PLAYER(L)  | -1,000원 → 160,900원  [start]
H267 | bet   2,000원 PLAYER | P:K♠ 5♠ 3♣=8  B:4♠ 10♣ 5♠=9  BANKER(L)  | -2,000원 → 158,900원
H268 | bet   4,000원 PLAYER | P:4♠ 3♦=7  B:Q♣ A♠ 8♦=9  BANKER(L)  | -4,000원 → 154,900원
H269 | bet   8,000원 PLAYER | P:4♣ 7♥ A♦=2  B:3♣ A♣=4  BANKER(L)  | -8,000원 → 146,900원
H270 | bet  16,000원 PLAYER | P:3♥ 5♥=8  B:8♠ 2♥=0  PLAYER(W)  | +16,000원 → 162,900원  [end_win]
H271 | bet   1,000원 BANKER | P:J♦ Q♣ A♠=1  B:4♦ J♦=4  BANKER(W)  | +950원 → 163,850원
H272 | bet   1,000원 BANKER | P:3♥ 6♠=9  B:10♦ 10♣=0  PLAYER(L)  | -1,000원 → 162,850원  [start]
H273 | bet   2,000원 PLAYER | P:8♦ 3♦ 9♦=0  B:Q♠ 3♥ 9♦=2  BANKER(L)  | -2,000원 → 160,850원
H274 | bet   4,000원 PLAYER | P:10♣ 2♥ 2♣=4  B:Q♥ 2♥ 9♥=1  PLAYER(W)  | +4,000원 → 164,850원  [end_win]
H275 | bet   1,000원 BANKER | P:2♥ 8♠ 10♣=0  B:9♣ 3♦ 8♣=0  TIE(T)  |     0원 → 164,850원
H276 | bet   1,000원 BANKER | P:A♣ 7♦=8  B:10♣ 10♦=0  PLAYER(L)  | -1,000원 → 163,850원  [start]
H277 | bet   2,000원 PLAYER | P:10♠ 8♠=8  B:4♦ A♥=5  PLAYER(W)  | +2,000원 → 165,850원  [end_win]
H278 | bet   1,000원 BANKER | P:K♣ 9♣=9  B:Q♣ 6♦=6  PLAYER(L)  | -1,000원 → 164,850원  [start]
H279 | bet   2,000원 PLAYER | P:9♥ 2♣ 8♦=9  B:8♣ 4♣ 9♥=1  PLAYER(W)  | +2,000원 → 166,850원  [end_win]
H280 | bet   1,000원 BANKER | P:Q♦ 10♠ 4♣=4  B:Q♣ 7♦=7  BANKER(W)  | +950원 → 167,800원
H281 | bet   1,000원 BANKER | P:8♥ 9♠=7  B:2♦ J♦ 6♥=8  BANKER(W)  | +950원 → 168,750원
H282 | bet   1,000원 BANKER | P:8♣ 3♣ 10♠=1  B:5♠ 9♦=4  BANKER(W)  | +950원 → 169,700원
H283 | bet   1,000원 BANKER | P:7♥ 2♦=9  B:10♦ 6♥=6  PLAYER(L)  | -1,000원 → 168,700원  [start]
H284 | bet   2,000원 PLAYER | P:Q♠ 10♥ 3♦=3  B:5♣ Q♥=5  BANKER(L)  | -2,000원 → 166,700원
H285 | bet   4,000원 PLAYER | P:K♠ 9♣=9  B:2♥ 9♠=1  PLAYER(W)  | +4,000원 → 170,700원  [end_win]
H286 | bet   1,000원 BANKER | P:K♠ 4♣ 3♠=7  B:J♠ 10♥ Q♥=0  PLAYER(L)  | -1,000원 → 169,700원  [start]
H287 | bet   2,000원 PLAYER | P:7♠ 10♣=7  B:5♣ A♦=6  PLAYER(W)  | +2,000원 → 171,700원  [end_win]
H288 | bet   1,000원 BANKER | P:2♣ Q♣=2  B:K♠ 9♥=9  BANKER(W)  | +950원 → 172,650원
H289 | bet   1,000원 BANKER | P:6♠ 8♠ K♣=4  B:Q♦ A♠ A♦=2  PLAYER(L)  | -1,000원 → 171,650원  [start]
H290 | bet   2,000원 PLAYER | P:5♥ 7♠ 7♣=9  B:2♠ 3♠ 6♦=1  PLAYER(W)  | +2,000원 → 173,650원  [end_win]
H291 | bet   1,000원 BANKER | P:2♦ K♥ K♣=2  B:6♣ A♦=7  BANKER(W)  | +950원 → 174,600원
H292 | bet   1,000원 BANKER | P:K♦ J♦ 4♦=4  B:7♥ 8♣ 6♠=1  PLAYER(L)  | -1,000원 → 173,600원  [start]
H293 | bet   2,000원 PLAYER | P:Q♥ 3♠ 2♣=5  B:2♦ 9♦ 4♦=5  TIE(T)  |     0원 → 173,600원
H294 | bet   2,000원 PLAYER | P:A♠ K♦=1  B:Q♥ 9♦=9  BANKER(L)  | -2,000원 → 171,600원
H295 | bet   4,000원 PLAYER | P:8♠ A♠=9  B:J♠ 7♣=7  PLAYER(W)  | +4,000원 → 175,600원  [end_win]
H296 | bet   1,000원 BANKER | P:J♣ 3♦ 6♦=9  B:10♦ 6♣ 2♠=8  PLAYER(L)  | -1,000원 → 174,600원  [start]
H297 | bet   2,000원 PLAYER | P:5♠ 8♥ 4♣=7  B:4♦ K♥ 8♣=2  PLAYER(W)  | +2,000원 → 176,600원  [end_win]
H298 | bet   1,000원 BANKER | P:9♦ Q♦=9  B:6♥ 7♠=3  PLAYER(L)  | -1,000원 → 175,600원  [start]
H299 | bet   2,000원 PLAYER | P:J♠ 3♠=3  B:6♠ 2♥=8  BANKER(L)  | -2,000원 → 173,600원
H300 | bet   4,000원 PLAYER | P:6♦ J♦=6  B:3♥ Q♦ J♠=3  PLAYER(W)  | +4,000원 → 177,600원  [end_win]
H301 | bet   1,000원 BANKER | P:K♠ 3♥ A♣=4  B:5♥ Q♣=5  BANKER(W)  | +950원 → 178,550원
H302 | bet   1,000원 BANKER | P:A♥ Q♠ 9♣=0  B:7♣ Q♦=7  BANKER(W)  | +950원 → 179,500원
H303 | bet   1,000원 BANKER | P:5♥ 3♦=8  B:9♠ 3♣=2  PLAYER(L)  | -1,000원 → 178,500원  [start]
H304 | bet   2,000원 PLAYER | P:10♦ 8♦=8  B:5♣ 10♠=5  PLAYER(W)  | +2,000원 → 180,500원  [end_win]
H305 | bet   1,000원 BANKER | P:6♦ 5♣ 3♣=4  B:10♠ 10♥ 4♠=4  TIE(T)  |     0원 → 180,500원
H306 | bet   1,000원 BANKER | P:10♦ A♥=1  B:9♣ 10♠=9  BANKER(W)  | +950원 → 181,450원
H307 | bet   1,000원 BANKER | P:A♦ 5♦=6  B:10♥ 9♥=9  BANKER(W)  | +950원 → 182,400원
H308 | bet   1,000원 BANKER | P:4♥ 7♣ 10♥=1  B:7♣ 5♣ A♦=3  BANKER(W)  | +950원 → 183,350원
H309 | bet   1,000원 BANKER | P:4♣ 8♣ 3♣=5  B:A♣ 6♦=7  BANKER(W)  | +950원 → 184,300원
H310 | bet   1,000원 BANKER | P:K♥ 5♥ 9♠=4  B:6♥ J♥=6  BANKER(W)  | +950원 → 185,250원
H311 | bet   1,000원 BANKER | P:K♣ 7♣=7  B:8♥ Q♣=8  BANKER(W)  | +950원 → 186,200원
H312 | bet   1,000원 BANKER | P:4♠ 2♠=6  B:Q♠ 7♠=7  BANKER(W)  | +950원 → 187,150원
H313 | bet   1,000원 BANKER | P:J♦ 4♠ 4♠=8  B:4♠ J♣ 9♠=3  PLAYER(L)  | -1,000원 → 186,150원  [start]
H314 | bet   2,000원 PLAYER | P:4♥ 3♠=7  B:K♣ A♥ K♥=1  PLAYER(W)  | +2,000원 → 188,150원  [end_win]
H315 | bet   1,000원 BANKER | P:7♠ J♣=7  B:A♣ K♣ 10♣=1  PLAYER(L)  | -1,000원 → 187,150원  [start]
H316 | bet   2,000원 PLAYER | P:5♦ 8♠ 5♣=8  B:J♣ 7♥=7  PLAYER(W)  | +2,000원 → 189,150원  [end_win]
H317 | bet   1,000원 BANKER | P:K♠ 8♥=8  B:5♥ K♦=5  PLAYER(L)  | -1,000원 → 188,150원  [start]
H318 | bet   2,000원 PLAYER | P:2♠ 2♥=4  B:6♠ 3♥=9  BANKER(L)  | -2,000원 → 186,150원
H319 | bet   4,000원 PLAYER | P:J♣ 5♦ 8♥=3  B:5♥ 8♥=3  TIE(T)  |     0원 → 186,150원
H320 | bet   4,000원 PLAYER | P:2♦ K♦=2  B:J♠ 8♠=8  BANKER(L)  | -4,000원 → 182,150원
H321 | bet   8,000원 PLAYER | P:7♦ K♥=7  B:K♦ J♥ 6♥=6  PLAYER(W)  | +8,000원 → 190,150원  [end_win]
H322 | bet   1,000원 BANKER | P:2♠ 2♥ A♥=5  B:4♥ Q♠=4  PLAYER(L)  | -1,000원 → 189,150원  [start]
H323 | bet   2,000원 PLAYER | P:7♦ K♥=7  B:3♣ 6♣=9  BANKER(L)  | -2,000원 → 187,150원
H324 | bet   4,000원 PLAYER | P:Q♥ 2♣ J♥=2  B:4♣ K♥=4  BANKER(L)  | -4,000원 → 183,150원
H325 | bet   8,000원 PLAYER | P:5♥ 10♣ J♣=5  B:7♠ 5♥ K♥=2  PLAYER(W)  | +8,000원 → 191,150원  [end_win]
H326 | bet   1,000원 BANKER | P:7♠ 2♠=9  B:3♣ A♠=4  PLAYER(L)  | -1,000원 → 190,150원  [start]
H327 | bet   2,000원 PLAYER | P:8♠ J♣=8  B:8♠ 9♣=7  PLAYER(W)  | +2,000원 → 192,150원  [end_win]
H328 | bet   1,000원 BANKER | P:10♥ J♣=0  B:Q♥ 9♥=9  BANKER(W)  | +950원 → 193,100원
H329 | bet   1,000원 BANKER | P:9♠ J♥=9  B:6♣ 2♥=8  PLAYER(L)  | -1,000원 → 192,100원  [start]
H330 | bet   2,000원 PLAYER | P:3♠ J♠ J♦=3  B:Q♥ 4♥=4  BANKER(L)  | -2,000원 → 190,100원
H331 | bet   4,000원 PLAYER | P:J♦ 5♣=5  B:8♦ 10♥=8  BANKER(L)  | -4,000원 → 186,100원
H332 | bet   8,000원 PLAYER | P:Q♣ 10♠ 9♣=9  B:K♠ 6♠=6  PLAYER(W)  | +8,000원 → 194,100원  [end_win]
H333 | bet   1,000원 BANKER | P:10♦ 8♥=8  B:A♠ 10♣=1  PLAYER(L)  | -1,000원 → 193,100원  [start]
H334 | bet   2,000원 PLAYER | P:Q♦ 9♦=9  B:Q♥ 4♣=4  PLAYER(W)  | +2,000원 → 195,100원  [end_win]
H335 | bet   1,000원 BANKER | P:9♦ 4♦ 9♣=2  B:J♦ 10♣ J♥=0  PLAYER(L)  | -1,000원 → 194,100원  [start]
H336 | bet   2,000원 PLAYER | P:7♥ 6♥ 9♣=2  B:10♠ 6♥=6  BANKER(L)  | -2,000원 → 192,100원
H337 | bet   4,000원 PLAYER | P:4♥ 2♦=6  B:8♣ 3♠ 9♣=0  PLAYER(W)  | +4,000원 → 196,100원  [end_win]
H338 | bet   1,000원 BANKER | P:6♥ 2♥=8  B:4♠ 5♥=9  BANKER(W)  | +950원 → 197,050원
H339 | bet   1,000원 BANKER | P:3♦ 10♠ 2♦=5  B:3♦ 4♠=7  BANKER(W)  | +950원 → 198,000원
H340 | bet   1,000원 BANKER | P:7♥ 5♣ 7♦=9  B:4♠ K♠ 8♠=2  PLAYER(L)  | -1,000원 → 197,000원  [start]
H341 | bet   2,000원 PLAYER | P:J♠ 2♠ Q♦=2  B:10♠ 2♣ 3♥=5  BANKER(L)  | -2,000원 → 195,000원
H342 | bet   4,000원 PLAYER | P:4♠ J♦ Q♥=4  B:9♥ 4♣ 6♠=9  BANKER(L)  | -4,000원 → 191,000원
H343 | bet   8,000원 PLAYER | P:Q♥ 6♠=6  B:2♥ 6♣=8  BANKER(L)  | -8,000원 → 183,000원
H344 | bet  16,000원 PLAYER | P:A♣ 4♥ 4♣=9  B:5♠ K♣ 6♣=1  PLAYER(W)  | +16,000원 → 199,000원  [end_win]
H345 | bet   1,000원 BANKER | P:7♣ 7♠ 2♣=6  B:4♦ K♠ K♦=4  PLAYER(L)  | -1,000원 → 198,000원  [start]
H346 | bet   2,000원 PLAYER | P:2♥ 3♥ 5♥=0  B:3♥ 3♠=6  BANKER(L)  | -2,000원 → 196,000원
H347 | bet   4,000원 PLAYER | P:K♥ A♠ K♥=1  B:Q♠ K♦ 3♣=3  BANKER(L)  | -4,000원 → 192,000원
H348 | bet   8,000원 PLAYER | P:7♣ 2♠=9  B:Q♣ 7♣=7  PLAYER(W)  | +8,000원 → 200,000원  [end_win]
H349 | bet   1,000원 BANKER | P:A♥ 5♦=6  B:A♣ 8♣=9  BANKER(W)  | +950원 → 200,950원
H350 | bet   1,000원 BANKER | P:4♦ 10♣ 8♠=2  B:3♦ J♥=3  BANKER(W)  | +950원 → 201,900원
H351 | bet   1,000원 BANKER | P:10♥ 6♦=6  B:9♠ J♦=9  BANKER(W)  | +950원 → 202,850원
H352 | bet   1,000원 BANKER | P:7♥ 4♥ 6♥=7  B:J♦ A♣ 7♥=8  BANKER(W)  | +950원 → 203,800원
H353 | bet   1,000원 BANKER | P:10♣ 8♥=8  B:9♥ 4♦=3  PLAYER(L)  | -1,000원 → 202,800원  [start]
H354 | bet   2,000원 PLAYER | P:9♠ A♦ 7♥=7  B:3♦ A♥ 5♦=9  BANKER(L)  | -2,000원 → 200,800원
H355 | bet   4,000원 PLAYER | P:J♠ 9♥=9  B:Q♣ A♠=1  PLAYER(W)  | +4,000원 → 204,800원  [end_win]
H356 | bet   1,000원 BANKER | P:10♠ 7♠=7  B:3♠ Q♠ Q♠=3  PLAYER(L)  | -1,000원 → 203,800원  [start]
H357 | bet   2,000원 PLAYER | P:6♥ 8♦ 5♦=9  B:5♦ K♣ A♥=6  PLAYER(W)  | +2,000원 → 205,800원  [end_win]
H358 | bet   1,000원 BANKER | P:7♠ 9♣=6  B:2♦ 10♠ 3♥=5  PLAYER(L)  | -1,000원 → 204,800원  [start]
H359 | bet   2,000원 PLAYER | P:3♦ 8♥ 10♠=1  B:A♦ A♥ K♠=2  BANKER(L)  | -2,000원 → 202,800원
H360 | bet   4,000원 PLAYER | P:4♥ 7♠=1  B:8♠ Q♣=8  BANKER(L)  | -4,000원 → 198,800원
H361 | bet   8,000원 PLAYER | P:K♥ 4♦=4  B:5♣ 4♠=9  BANKER(L)  | -8,000원 → 190,800원
H362 | bet  16,000원 PLAYER | P:2♠ J♠=2  B:A♦ 8♦=9  BANKER(L)  | -16,000원 → 174,800원
H363 | bet  32,000원 PLAYER | P:K♦ J♦ 6♣=6  B:9♦ 6♠ 8♦=3  PLAYER(W)  | +32,000원 → 206,800원  [end_win]
H364 | bet   1,000원 BANKER | P:10♦ K♣ 10♥=0  B:10♠ 4♥=4  BANKER(W)  | +950원 → 207,750원
H365 | bet   1,000원 BANKER | P:3♥ K♠ Q♥=3  B:K♣ 3♥ 6♦=9  BANKER(W)  | +950원 → 208,700원
H366 | bet   1,000원 BANKER | P:7♠ 3♦=0  B:6♣ 2♦=8  BANKER(W)  | +950원 → 209,650원
H367 | bet   1,000원 BANKER | P:6♠ 6♣ 8♣=0  B:A♣ 4♦=5  BANKER(W)  | +950원 → 210,600원
H368 | bet   1,000원 BANKER | P:2♦ 10♦ 2♠=4  B:4♠ Q♠ Q♦=4  TIE(T)  |     0원 → 210,600원
H369 | bet   1,000원 BANKER | P:9♥ 4♠=3  B:A♠ 8♥=9  BANKER(W)  | +950원 → 211,550원
H370 | bet   1,000원 BANKER | P:5♣ 8♦ 6♠=9  B:7♦ K♣=7  PLAYER(L)  | -1,000원 → 210,550원  [start]
H371 | bet   2,000원 PLAYER | P:8♣ 8♣=6  B:K♥ K♣ A♣=1  PLAYER(W)  | +2,000원 → 212,550원  [end_win]
H372 | bet   1,000원 BANKER | P:4♦ 2♥=6  B:K♥ 10♥ 10♦=0  PLAYER(L)  | -1,000원 → 211,550원  [start]
H373 | bet   2,000원 PLAYER | P:8♠ 8♦=6  B:J♥ K♠ 9♠=9  BANKER(L)  | -2,000원 → 209,550원
H374 | bet   4,000원 PLAYER | P:J♣ 2♠ 2♣=4  B:4♣ 3♣=7  BANKER(L)  | -4,000원 → 205,550원
H375 | bet   8,000원 PLAYER | P:8♥ 6♥ A♥=5  B:7♣ K♣=7  BANKER(L)  | -8,000원 → 197,550원
H376 | bet  16,000원 PLAYER | P:4♥ 10♣ A♠=5  B:8♠ 2♥ 3♣=3  PLAYER(W)  | +16,000원 → 213,550원  [end_win]
H377 | bet   1,000원 BANKER | P:2♦ 5♥=7  B:A♦ 7♣=8  BANKER(W)  | +950원 → 214,500원
H378 | bet   1,000원 BANKER | P:Q♠ 2♠ 3♠=5  B:7♦ 7♥ 5♥=9  BANKER(W)  | +950원 → 215,450원
H379 | bet   1,000원 BANKER | P:6♠ 10♥=6  B:5♥ 5♣ 5♠=5  PLAYER(L)  | -1,000원 → 214,450원  [start]
H380 | bet   2,000원 PLAYER | P:5♣ A♠=6  B:8♥ 3♥ 8♦=9  BANKER(L)  | -2,000원 → 212,450원
H381 | bet   4,000원 PLAYER | P:6♥ 7♣ 6♥=9  B:9♥ 2♣ A♣=2  PLAYER(W)  | +4,000원 → 216,450원  [end_win]
H382 | bet   1,000원 BANKER | P:3♠ 9♦ 4♥=6  B:9♠ 4♦ 4♣=7  BANKER(W)  | +950원 → 217,400원
H383 | bet   1,000원 BANKER | P:J♠ A♦ Q♣=1  B:6♦ J♠=6  BANKER(W)  | +950원 → 218,350원
H384 | bet   1,000원 BANKER | P:J♥ 10♦ 9♠=9  B:Q♦ 5♠=5  PLAYER(L)  | -1,000원 → 217,350원  [start]
H385 | bet   2,000원 PLAYER | P:Q♣ 5♠ 2♣=7  B:5♦ A♥=6  PLAYER(W)  | +2,000원 → 219,350원  [end_win]
H386 | bet   1,000원 BANKER | P:7♦ A♦=8  B:5♠ 7♦=2  PLAYER(L)  | -1,000원 → 218,350원  [start]
H387 | bet   2,000원 PLAYER | P:2♣ Q♥ K♦=2  B:A♥ 10♦ J♦=1  PLAYER(W)  | +2,000원 → 220,350원  [end_win]
H388 | bet   1,000원 BANKER | P:7♥ 3♣ J♣=0  B:J♥ J♠ Q♠=0  TIE(T)  |     0원 → 220,350원
H389 | bet   1,000원 BANKER | P:6♣ A♣=7  B:9♦ 6♦ 6♦=1  PLAYER(L)  | -1,000원 → 219,350원  [start]
H390 | bet   2,000원 PLAYER | P:J♣ 3♥ 2♥=5  B:J♣ 7♣=7  BANKER(L)  | -2,000원 → 217,350원
H391 | bet   4,000원 PLAYER | P:2♣ J♠ 5♠=7  B:4♣ 9♦ Q♠=3  PLAYER(W)  | +4,000원 → 221,350원  [end_win]
H392 | bet   1,000원 BANKER | P:7♥ 6♠ K♠=3  B:7♣ 7♠=4  BANKER(W)  | +950원 → 222,300원
H393 | bet   1,000원 BANKER | P:Q♠ Q♦ K♣=0  B:5♠ 8♥ J♥=3  BANKER(W)  | +950원 → 223,250원
H394 | bet   1,000원 BANKER | P:9♦ 5♦ 8♣=2  B:K♦ 2♦ J♣=2  TIE(T)  |     0원 → 223,250원
H395 | bet   1,000원 BANKER | P:10♣ 5♦ A♦=6  B:5♣ 2♠=7  BANKER(W)  | +950원 → 224,200원
H396 | bet   1,000원 BANKER | P:5♦ Q♦ 10♥=5  B:10♦ 3♣ Q♦=3  PLAYER(L)  | -1,000원 → 223,200원  [start]
H397 | bet   2,000원 PLAYER | P:K♥ J♥ 6♦=6  B:6♦ A♠=7  BANKER(L)  | -2,000원 → 221,200원
H398 | bet   4,000원 PLAYER | P:3♠ 8♥ 8♣=9  B:K♦ 3♣=3  PLAYER(W)  | +4,000원 → 225,200원  [end_win]
H399 | bet   1,000원 BANKER | P:2♣ 3♦ 10♦=5  B:A♣ A♥ 10♣=2  PLAYER(L)  | -1,000원 → 224,200원  [start]
H400 | bet   2,000원 PLAYER | P:8♣ 10♥=8  B:9♣ 3♠=2  PLAYER(W)  | +2,000원 → 226,200원  [end_win]
H401 | bet   1,000원 BANKER | P:9♦ 2♥ 5♥=6  B:3♣ A♦ 9♥=3  PLAYER(L)  | -1,000원 → 225,200원  [start]
H402 | bet   2,000원 PLAYER | P:5♣ 2♦=7  B:K♦ K♦ 4♣=4  PLAYER(W)  | +2,000원 → 227,200원  [end_win]
H403 | bet   1,000원 BANKER | P:7♦ 3♦ 6♣=6  B:7♦ Q♣=7  BANKER(W)  | +950원 → 228,150원
H404 | bet   1,000원 BANKER | P:9♥ K♥=9  B:4♣ 8♦=2  PLAYER(L)  | -1,000원 → 227,150원  [start]
H405 | bet   2,000원 PLAYER | P:K♦ K♣ 3♦=3  B:Q♣ Q♦ 5♣=5  BANKER(L)  | -2,000원 → 225,150원
H406 | bet   4,000원 PLAYER | P:Q♠ 5♠=5  B:Q♠ 8♣=8  BANKER(L)  | -4,000원 → 221,150원
H407 | bet   8,000원 PLAYER | P:4♥ 5♠=9  B:J♦ 2♦=2  PLAYER(W)  | +8,000원 → 229,150원  [end_win]
H408 | bet   1,000원 BANKER | P:Q♥ 10♦ 10♣=0  B:10♥ 3♦ K♥=3  BANKER(W)  | +950원 → 230,100원
H409 | bet   1,000원 BANKER | P:5♠ 3♦=8  B:2♠ 3♠=5  PLAYER(L)  | -1,000원 → 229,100원  [start]
H410 | bet   2,000원 PLAYER | P:4♣ 8♣ 8♣=0  B:5♠ 2♥=7  BANKER(L)  | -2,000원 → 227,100원
H411 | bet   4,000원 PLAYER | P:6♣ A♥=7  B:10♣ 5♦ 7♥=2  PLAYER(W)  | +4,000원 → 231,100원  [end_win]
H412 | bet   1,000원 BANKER | P:4♠ A♠ A♦=6  B:10♦ K♦ 9♠=9  BANKER(W)  | +950원 → 232,050원
H413 | bet   1,000원 BANKER | P:10♥ A♦ 5♥=6  B:9♦ 3♥ 7♣=9  BANKER(W)  | +950원 → 233,000원
H414 | bet   1,000원 BANKER | P:J♠ 8♥=8  B:5♦ 9♦=4  PLAYER(L)  | -1,000원 → 232,000원  [start]
H415 | bet   2,000원 PLAYER | P:4♣ 10♣ 9♣=3  B:Q♠ 4♠=4  BANKER(L)  | -2,000원 → 230,000원
H416 | bet   4,000원 PLAYER | P:5♠ 8♦ 3♣=6  B:6♥ 10♣=6  TIE(T)  |     0원 → 230,000원
H417 | bet   4,000원 PLAYER | P:Q♣ 2♠ 7♠=9  B:10♣ J♦ 6♥=6  PLAYER(W)  | +4,000원 → 234,000원  [end_win]
H418 | bet   1,000원 BANKER | P:A♥ 3♣ A♥=5  B:9♣ A♣ Q♦=0  PLAYER(L)  | -1,000원 → 233,000원  [start]
H419 | bet   2,000원 PLAYER | P:10♠ 5♥ 2♠=7  B:5♦ 10♠=5  PLAYER(W)  | +2,000원 → 235,000원  [end_win]
H420 | bet   1,000원 BANKER | P:6♠ 10♥=6  B:6♥ 4♦ 3♦=3  PLAYER(L)  | -1,000원 → 234,000원  [start]
H421 | bet   2,000원 PLAYER | P:Q♥ 5♣ 4♥=9  B:7♣ 10♥=7  PLAYER(W)  | +2,000원 → 236,000원  [end_win]
H422 | bet   1,000원 BANKER | P:4♦ 9♣ A♠=4  B:J♥ 2♦ Q♦=2  PLAYER(L)  | -1,000원 → 235,000원  [start]
H423 | bet   2,000원 PLAYER | P:10♠ 4♠ 6♠=0  B:8♠ 2♠ 7♦=7  BANKER(L)  | -2,000원 → 233,000원
H424 | bet   4,000원 PLAYER | P:2♦ K♣ 9♣=1  B:3♥ Q♥ J♦=3  BANKER(L)  | -4,000원 → 229,000원
H425 | bet   8,000원 PLAYER | P:Q♦ 9♥=9  B:3♠ 7♥=0  PLAYER(W)  | +8,000원 → 237,000원  [end_win]
H426 | bet   1,000원 BANKER | P:A♦ 3♦=4  B:7♥ A♠=8  BANKER(W)  | +950원 → 237,950원
H427 | bet   1,000원 BANKER | P:9♠ 6♥ 2♥=7  B:8♥ 2♥ 4♣=4  PLAYER(L)  | -1,000원 → 236,950원  [start]
H428 | bet   2,000원 PLAYER | P:6♦ A♦=7  B:2♥ 8♦ 3♣=3  PLAYER(W)  | +2,000원 → 238,950원  [end_win]
H429 | bet   1,000원 BANKER | P:10♦ 2♣ 7♦=9  B:Q♣ 5♥ 2♣=7  PLAYER(L)  | -1,000원 → 237,950원  [start]
H430 | bet   2,000원 PLAYER | P:2♣ 6♣=8  B:2♦ 6♥=8  TIE(T)  |     0원 → 237,950원
H431 | bet   2,000원 PLAYER | P:2♣ K♦ 8♠=0  B:4♣ A♣=5  BANKER(L)  | -2,000원 → 235,950원
H432 | bet   4,000원 PLAYER | P:9♦ K♥=9  B:J♣ J♦=0  PLAYER(W)  | +4,000원 → 239,950원  [end_win]
H433 | bet   1,000원 BANKER | P:9♦ A♠ Q♠=0  B:9♦ 4♦ 9♦=2  BANKER(W)  | +950원 → 240,900원
H434 | bet   1,000원 BANKER | P:K♦ 2♥ K♦=2  B:4♣ Q♠=4  BANKER(W)  | +950원 → 241,850원
H435 | bet   1,000원 BANKER | P:4♣ 5♥=9  B:4♠ A♥=5  PLAYER(L)  | -1,000원 → 240,850원  [start]
H436 | bet   2,000원 PLAYER | P:K♠ K♥ Q♥=0  B:8♥ 2♣ 5♦=5  BANKER(L)  | -2,000원 → 238,850원
H437 | bet   4,000원 PLAYER | P:K♣ Q♦=0  B:K♠ 9♣=9  BANKER(L)  | -4,000원 → 234,850원
H438 | bet   8,000원 PLAYER | P:Q♣ 5♦ 9♥=4  B:9♠ 6♠=5  BANKER(L)  | -8,000원 → 226,850원
H439 | bet  16,000원 PLAYER | P:6♠ 3♠=9  B:6♣ A♣=7  PLAYER(W)  | +16,000원 → 242,850원  [end_win]
H440 | bet   1,000원 BANKER | P:6♦ 7♣ 3♥=6  B:10♦ 5♠=5  PLAYER(L)  | -1,000원 → 241,850원  [start]
H441 | bet   2,000원 PLAYER | P:K♥ 8♠=8  B:7♥ K♣=7  PLAYER(W)  | +2,000원 → 243,850원  [end_win]
H442 | bet   1,000원 BANKER | P:4♦ J♥=4  B:7♦ 2♣=9  BANKER(W)  | +950원 → 244,800원
H443 | bet   1,000원 BANKER | P:3♥ 7♣ K♥=0  B:5♠ J♣=5  BANKER(W)  | +950원 → 245,750원
H444 | bet   1,000원 BANKER | P:A♠ A♣ 8♣=0  B:5♥ 5♠ K♦=0  TIE(T)  |     0원 → 245,750원
H445 | bet   1,000원 BANKER | P:4♥ J♠ Q♥=4  B:9♦ 6♣=5  BANKER(W)  | +950원 → 246,700원
H446 | bet   1,000원 BANKER | P:7♦ 3♣ 7♦=7  B:2♥ Q♥ 4♥=6  PLAYER(L)  | -1,000원 → 245,700원  [start]
H447 | bet   2,000원 PLAYER | P:5♣ 4♠=9  B:10♠ 2♦=2  PLAYER(W)  | +2,000원 → 247,700원  [end_win]
H448 | bet   1,000원 BANKER | P:3♠ J♠ 7♥=0  B:4♦ K♣ 2♥=6  BANKER(W)  | +950원 → 248,650원
H449 | bet   1,000원 BANKER | P:K♦ 3♦ 4♠=7  B:3♣ 9♥ Q♣=2  PLAYER(L)  | -1,000원 → 247,650원  [start]
H450 | bet   2,000원 PLAYER | P:K♥ K♣=0  B:J♥ 8♠=8  BANKER(L)  | -2,000원 → 245,650원
H451 | bet   4,000원 PLAYER | P:2♦ Q♠ 5♦=7  B:7♠ J♥=7  TIE(T)  |     0원 → 245,650원
H452 | bet   4,000원 PLAYER | P:8♦ 10♠=8  B:K♠ J♣=0  PLAYER(W)  | +4,000원 → 249,650원  [end_win]
H453 | bet   1,000원 BANKER | P:8♦ J♥=8  B:10♦ 9♥=9  BANKER(W)  | +950원 → 250,600원
H454 | bet   1,000원 BANKER | P:Q♣ 8♣=8  B:8♥ A♥=9  BANKER(W)  | +950원 → 251,550원
H455 | bet   1,000원 BANKER | P:4♥ 3♦=7  B:K♠ 7♠=7  TIE(T)  |     0원 → 251,550원
H456 | bet   1,000원 BANKER | P:K♠ 10♣ 7♦=7  B:10♣ A♠ 10♠=1  PLAYER(L)  | -1,000원 → 250,550원  [start]
H457 | bet   2,000원 PLAYER | P:7♣ 8♣=5  B:6♠ 3♠=9  BANKER(L)  | -2,000원 → 248,550원
H458 | bet   4,000원 PLAYER | P:6♦ 3♥=9  B:8♠ 10♥=8  PLAYER(W)  | +4,000원 → 252,550원  [end_win]
H459 | bet   1,000원 BANKER | P:8♥ 8♦=6  B:A♣ 2♠ 4♣=7  BANKER(W)  | +950원 → 253,500원
H460 | bet   1,000원 BANKER | P:J♣ K♦ 10♠=0  B:7♠ 4♦ A♥=2  BANKER(W)  | +950원 → 254,450원
H461 | bet   1,000원 BANKER | P:6♠ J♥=6  B:A♦ 5♦=6  TIE(T)  |     0원 → 254,450원
H462 | bet   1,000원 BANKER | P:8♠ A♣=9  B:Q♥ 4♦=4  PLAYER(L)  | -1,000원 → 253,450원  [start]
H463 | bet   2,000원 PLAYER | P:J♣ 6♣=6  B:2♠ 3♠ 7♣=2  PLAYER(W)  | +2,000원 → 255,450원  [end_win]
H464 | bet   1,000원 BANKER | P:J♦ 2♠ K♣=2  B:4♠ A♦=5  BANKER(W)  | +950원 → 256,400원
H465 | bet   1,000원 BANKER | P:K♠ 9♥=9  B:10♥ 7♥=7  PLAYER(L)  | -1,000원 → 255,400원  [start]
H466 | bet   2,000원 PLAYER | P:6♣ 3♦=9  B:6♠ 7♦=3  PLAYER(W)  | +2,000원 → 257,400원  [end_win]
H467 | bet   1,000원 BANKER | P:Q♠ 9♦=9  B:10♣ 8♣=8  PLAYER(L)  | -1,000원 → 256,400원  [start]
H468 | bet   2,000원 PLAYER | P:7♦ J♣=7  B:6♠ 6♦ K♠=2  PLAYER(W)  | +2,000원 → 258,400원  [end_win]
H469 | bet   1,000원 BANKER | P:9♣ 9♥=8  B:2♥ 5♥=7  PLAYER(L)  | -1,000원 → 257,400원  [start]
H470 | bet   2,000원 PLAYER | P:Q♦ 5♥ Q♦=5  B:7♥ Q♥=7  BANKER(L)  | -2,000원 → 255,400원
H471 | bet   4,000원 PLAYER | P:J♦ 4♣ A♦=5  B:A♥ A♦ 10♥=2  PLAYER(W)  | +4,000원 → 259,400원  [end_win]
H472 | bet   1,000원 BANKER | P:6♥ 7♠ 10♠=3  B:8♦ 7♠=5  BANKER(W)  | +950원 → 260,350원
H473 | bet   1,000원 BANKER | P:5♣ 8♥ 8♠=1  B:4♥ 10♦=4  BANKER(W)  | +950원 → 261,300원
H474 | bet   1,000원 BANKER | P:Q♣ 2♦ 9♣=1  B:4♥ J♥=4  BANKER(W)  | +950원 → 262,250원
H475 | bet   1,000원 BANKER | P:3♠ 2♠=5  B:2♣ 6♣=8  BANKER(W)  | +950원 → 263,200원
H476 | bet   1,000원 BANKER | P:8♠ Q♣=8  B:9♣ 7♣=6  PLAYER(L)  | -1,000원 → 262,200원  [start]
H477 | bet   2,000원 PLAYER | P:4♦ 7♥ 8♣=9  B:3♠ 9♥ 6♦=8  PLAYER(W)  | +2,000원 → 264,200원  [end_win]
H478 | bet   1,000원 BANKER | P:7♠ 8♦ 5♣=0  B:K♠ J♠ 3♥=3  BANKER(W)  | +950원 → 265,150원
H479 | bet   1,000원 BANKER | P:A♣ J♣ 3♥=4  B:5♥ 5♣ 7♠=7  BANKER(W)  | +950원 → 266,100원
H480 | bet   1,000원 BANKER | P:6♦ 8♥ Q♦=4  B:A♠ J♦ J♥=1  PLAYER(L)  | -1,000원 → 265,100원  [start]
H481 | bet   2,000원 PLAYER | P:7♣ 6♥ K♥=3  B:10♥ 10♦ 3♣=3  TIE(T)  |     0원 → 265,100원
H482 | bet   2,000원 PLAYER | P:K♣ 3♥ J♠=3  B:4♠ 8♥ 5♣=7  BANKER(L)  | -2,000원 → 263,100원
H483 | bet   4,000원 PLAYER | P:A♣ J♠=1  B:6♣ 2♣=8  BANKER(L)  | -4,000원 → 259,100원
H484 | bet   8,000원 PLAYER | P:3♣ Q♠ A♠=4  B:9♠ A♥ 6♦=6  BANKER(L)  | -8,000원 → 251,100원
H485 | bet  16,000원 PLAYER | P:9♠ 9♠=8  B:8♦ 9♥=7  PLAYER(W)  | +16,000원 → 267,100원  [end_win]
H486 | bet   1,000원 BANKER | P:4♥ J♠=4  B:5♦ 3♣=8  BANKER(W)  | +950원 → 268,050원
H487 | bet   1,000원 BANKER | P:7♠ 3♠ 9♣=9  B:9♦ 4♣ 5♠=8  PLAYER(L)  | -1,000원 → 267,050원  [start]
H488 | bet   2,000원 PLAYER | P:A♥ 9♥=0  B:3♣ 5♣=8  BANKER(L)  | -2,000원 → 265,050원
H489 | bet   4,000원 PLAYER | P:8♠ 5♥ J♦=3  B:8♠ 5♦ 4♣=7  BANKER(L)  | -4,000원 → 261,050원
H490 | bet   8,000원 PLAYER | P:3♣ 7♥ 5♠=5  B:7♠ 7♣ A♣=5  TIE(T)  |     0원 → 261,050원
H491 | bet   8,000원 PLAYER | P:3♠ 6♥=9  B:K♦ 8♣=8  PLAYER(W)  | +8,000원 → 269,050원  [end_win]
H492 | bet   1,000원 BANKER | P:5♥ J♥=5  B:5♥ 4♣=9  BANKER(W)  | +950원 → 270,000원
H493 | bet   1,000원 BANKER | P:Q♥ 4♠ 2♦=6  B:2♥ 9♦ A♠=2  PLAYER(L)  | -1,000원 → 269,000원  [start]
H494 | bet   2,000원 PLAYER | P:A♣ 10♠=1  B:J♥ 8♣=8  BANKER(L)  | -2,000원 → 267,000원
H495 | bet   4,000원 PLAYER | P:10♦ J♣ Q♠=0  B:Q♣ 6♠=6  BANKER(L)  | -4,000원 → 263,000원
H496 | bet   8,000원 PLAYER | P:7♥ 3♥ 10♠=0  B:6♣ 8♣=4  BANKER(L)  | -8,000원 → 255,000원
H497 | bet  16,000원 PLAYER | P:9♦ K♥=9  B:8♠ 8♠=6  PLAYER(W)  | +16,000원 → 271,000원  [end_win]
H498 | bet   1,000원 BANKER | P:A♣ 3♣ 9♥=3  B:K♦ 4♠=4  BANKER(W)  | +950원 → 271,950원
H499 | bet   1,000원 BANKER | P:5♦ 7♦ J♥=2  B:J♣ 5♣=5  BANKER(W)  | +950원 → 272,900원
H500 | bet   1,000원 BANKER | P:5♦ Q♦ K♠=5  B:J♠ A♦ 3♠=4  PLAYER(L)  | -1,000원 → 271,900원  [start]
H501 | bet   2,000원 PLAYER | P:4♣ 3♠=7  B:A♠ A♣ Q♦=2  PLAYER(W)  | +2,000원 → 273,900원  [end_win]
H502 | bet   1,000원 BANKER | P:5♣ 5♦=0  B:8♦ 10♥=8  BANKER(W)  | +950원 → 274,850원
H503 | bet   1,000원 BANKER | P:8♣ 3♣ 8♣=9  B:10♦ 3♥=3  PLAYER(L)  | -1,000원 → 273,850원  [start]
H504 | bet   2,000원 PLAYER | P:10♥ 8♥=8  B:5♥ 10♦=5  PLAYER(W)  | +2,000원 → 275,850원  [end_win]
H505 | bet   1,000원 BANKER | P:5♦ 7♥ A♣=3  B:J♦ 7♥=7  BANKER(W)  | +950원 → 276,800원
H506 | bet   1,000원 BANKER | P:7♣ K♠=7  B:8♦ 10♦=8  BANKER(W)  | +950원 → 277,750원
H507 | bet   1,000원 BANKER | P:A♣ 6♠=7  B:K♣ 3♥ K♥=3  PLAYER(L)  | -1,000원 → 276,750원  [start]
H508 | bet   2,000원 PLAYER | P:10♣ 9♣=9  B:9♥ 5♥=4  PLAYER(W)  | +2,000원 → 278,750원  [end_win]
H509 | bet   1,000원 BANKER | P:8♠ 10♥=8  B:Q♥ J♥=0  PLAYER(L)  | -1,000원 → 277,750원  [start]
H510 | bet   2,000원 PLAYER | P:A♦ 4♦=5  B:A♦ 8♦=9  BANKER(L)  | -2,000원 → 275,750원
H511 | bet   4,000원 PLAYER | P:J♣ 6♣=6  B:2♣ K♥ 10♦=2  PLAYER(W)  | +4,000원 → 279,750원  [end_win]
H512 | bet   1,000원 BANKER | P:9♦ 8♥=7  B:J♥ 6♣=6  PLAYER(L)  | -1,000원 → 278,750원  [start]
H513 | bet   2,000원 PLAYER | P:J♣ 4♠ 10♠=4  B:2♥ Q♣ 9♣=1  PLAYER(W)  | +2,000원 → 280,750원  [end_win]
H514 | bet   1,000원 BANKER | P:3♥ 4♣=7  B:A♠ 3♦ 2♠=6  PLAYER(L)  | -1,000원 → 279,750원  [start]
H515 | bet   2,000원 PLAYER | P:Q♠ 9♦=9  B:Q♥ Q♦=0  PLAYER(W)  | +2,000원 → 281,750원  [end_win]
H516 | bet   1,000원 BANKER | P:K♥ 5♠=5  B:9♥ K♦=9  BANKER(W)  | +950원 → 282,700원
H517 | bet   1,000원 BANKER | P:4♥ 8♣ 8♠=0  B:6♦ J♥=6  BANKER(W)  | +950원 → 283,650원
H518 | bet   1,000원 BANKER | P:2♥ Q♦ 10♣=2  B:7♠ K♣=7  BANKER(W)  | +950원 → 284,600원
H519 | bet   1,000원 BANKER | P:4♠ 7♦=1  B:J♠ 9♣=9  BANKER(W)  | +950원 → 285,550원
H520 | bet   1,000원 BANKER | P:7♥ K♣=7  B:6♠ K♦=6  PLAYER(L)  | -1,000원 → 284,550원  [start]
H521 | bet   2,000원 PLAYER | P:J♠ 10♠ 7♠=7  B:A♠ 4♥ 3♥=8  BANKER(L)  | -2,000원 → 282,550원
H522 | bet   4,000원 PLAYER | P:K♣ 9♥=9  B:A♦ 3♣=4  PLAYER(W)  | +4,000원 → 286,550원  [end_win]
H523 | bet   1,000원 BANKER | P:8♣ 10♦=8  B:4♠ J♦=4  PLAYER(L)  | -1,000원 → 285,550원  [start]
H524 | bet   2,000원 PLAYER | P:6♥ 5♣ 5♣=6  B:2♣ 3♠ 8♦=3  PLAYER(W)  | +2,000원 → 287,550원  [end_win]
H525 | bet   1,000원 BANKER | P:6♥ 9♥ 8♦=3  B:9♠ A♦ 8♣=8  BANKER(W)  | +950원 → 288,500원
H526 | bet   1,000원 BANKER | P:7♣ 7♠ 2♠=6  B:8♦ 7♣=5  PLAYER(L)  | -1,000원 → 287,500원  [start]
H527 | bet   2,000원 PLAYER | P:4♦ 7♠ 6♥=7  B:6♦ J♦ 6♦=2  PLAYER(W)  | +2,000원 → 289,500원  [end_win]
H528 | bet   1,000원 BANKER | P:7♥ 6♦=3  B:8♥ 10♣=8  BANKER(W)  | +950원 → 290,450원
H529 | bet   1,000원 BANKER | P:2♦ Q♠ J♠=2  B:4♥ 3♣=7  BANKER(W)  | +950원 → 291,400원
H530 | bet   1,000원 BANKER | P:5♥ 9♦ K♠=4  B:7♦ J♠=7  BANKER(W)  | +950원 → 292,350원
H531 | bet   1,000원 BANKER | P:9♣ 2♠ 5♠=6  B:K♦ K♥ 2♦=2  PLAYER(L)  | -1,000원 → 291,350원  [start]
H532 | bet   2,000원 PLAYER | P:7♠ 6♥ Q♥=3  B:Q♦ 5♦=5  BANKER(L)  | -2,000원 → 289,350원
H533 | bet   4,000원 PLAYER | P:A♠ J♥ 4♦=5  B:9♥ 7♣=6  BANKER(L)  | -4,000원 → 285,350원
H534 | bet   8,000원 PLAYER | P:Q♠ 5♠ 8♥=3  B:6♥ 9♣=5  BANKER(L)  | -8,000원 → 277,350원
H535 | bet  16,000원 PLAYER | P:10♦ 5♠=5  B:Q♠ 8♥=8  BANKER(L)  | -16,000원 → 261,350원
H536 | bet  32,000원 PLAYER | P:2♥ 7♦=9  B:5♣ K♠=5  PLAYER(W)  | +32,000원 → 293,350원  [end_win]
H537 | bet   1,000원 BANKER | P:A♠ 3♦=4  B:2♥ 7♥=9  BANKER(W)  | +950원 → 294,300원
H538 | bet   1,000원 BANKER | P:5♥ A♥=6  B:J♣ Q♦ J♣=0  PLAYER(L)  | -1,000원 → 293,300원  [start]
H539 | bet   2,000원 PLAYER | P:K♠ 6♣=6  B:3♦ 6♣=9  BANKER(L)  | -2,000원 → 291,300원
H540 | bet   4,000원 PLAYER | P:4♣ 10♠=4  B:9♠ 9♦=8  BANKER(L)  | -4,000원 → 287,300원
H541 | bet   8,000원 PLAYER | P:Q♣ Q♣ 2♣=2  B:4♥ 2♦=6  BANKER(L)  | -8,000원 → 279,300원
H542 | bet  16,000원 PLAYER | P:A♠ A♦ Q♦=2  B:3♣ K♣ 5♦=8  BANKER(L)  | -16,000원 → 263,300원
H543 | bet  32,000원 PLAYER | P:9♠ 2♠ 10♠=1  B:K♥ 7♦=7  BANKER(L)  | -32,000원 → 231,300원  [end_giveup]
H544 | bet   1,000원 BANKER | P:10♥ 4♦ 7♣=1  B:3♠ 4♠=7  BANKER(W)  | +950원 → 232,250원
H545 | bet   1,000원 BANKER | P:5♠ 9♥ 10♣=4  B:Q♠ 2♥ 3♠=5  BANKER(W)  | +950원 → 233,200원
H546 | bet   1,000원 BANKER | P:7♦ 2♣=9  B:7♣ K♠=7  PLAYER(L)  | -1,000원 → 232,200원  [start]
H547 | bet   2,000원 PLAYER | P:K♣ J♥ 9♦=9  B:A♥ K♥ 4♠=5  PLAYER(W)  | +2,000원 → 234,200원  [end_win]
H548 | bet   1,000원 BANKER | P:7♥ A♠=8  B:J♣ 10♦=0  PLAYER(L)  | -1,000원 → 233,200원  [start]
H549 | bet   2,000원 PLAYER | P:4♦ 10♣ 3♦=7  B:J♠ J♣ J♦=0  PLAYER(W)  | +2,000원 → 235,200원  [end_win]
H550 | bet   1,000원 BANKER | P:4♥ 2♣=6  B:6♥ 2♦=8  BANKER(W)  | +950원 → 236,150원
H551 | bet   1,000원 BANKER | P:9♣ 8♥=7  B:2♠ 8♦ 4♥=4  PLAYER(L)  | -1,000원 → 235,150원  [start]
H552 | bet   2,000원 PLAYER | P:10♠ 4♦ 2♣=6  B:4♥ 6♠ 4♣=4  PLAYER(W)  | +2,000원 → 237,150원  [end_win]
H553 | bet   1,000원 BANKER | P:6♦ 8♠ Q♦=4  B:3♥ 9♣ J♦=2  PLAYER(L)  | -1,000원 → 236,150원  [start]
H554 | bet   2,000원 PLAYER | P:3♦ 8♦=1  B:A♥ 8♥=9  BANKER(L)  | -2,000원 → 234,150원
H555 | bet   4,000원 PLAYER | P:3♦ 2♥ Q♠=5  B:2♠ K♥ Q♣=2  PLAYER(W)  | +4,000원 → 238,150원  [end_win]
H556 | bet   1,000원 BANKER | P:3♦ 10♣ 5♣=8  B:4♠ A♥ Q♠=5  PLAYER(L)  | -1,000원 → 237,150원  [start]
H557 | bet   2,000원 PLAYER | P:6♠ 2♠=8  B:4♦ K♠=4  PLAYER(W)  | +2,000원 → 239,150원  [end_win]
H558 | bet   1,000원 BANKER | P:2♣ 9♠ 7♠=8  B:6♠ K♣ 10♥=6  PLAYER(L)  | -1,000원 → 238,150원  [start]
H559 | bet   2,000원 PLAYER | P:10♥ Q♥ 10♣=0  B:6♥ J♠=6  BANKER(L)  | -2,000원 → 236,150원
H560 | bet   4,000원 PLAYER | P:A♥ 6♣=7  B:A♣ J♦ 2♦=3  PLAYER(W)  | +4,000원 → 240,150원  [end_win]
H561 | bet   1,000원 BANKER | P:K♣ 6♦=6  B:8♥ 2♦ Q♥=0  PLAYER(L)  | -1,000원 → 239,150원  [start]
H562 | bet   2,000원 PLAYER | P:A♣ 6♦=7  B:7♣ Q♥=7  TIE(T)  |     0원 → 239,150원
H563 | bet   2,000원 PLAYER | P:6♠ 3♠=9  B:J♠ Q♣=0  PLAYER(W)  | +2,000원 → 241,150원  [end_win]
H564 | bet   1,000원 BANKER | P:3♥ 3♣=6  B:Q♣ 9♠=9  BANKER(W)  | +950원 → 242,100원
H565 | bet   1,000원 BANKER | P:2♠ 7♦=9  B:4♦ 5♠=9  TIE(T)  |     0원 → 242,100원
H566 | bet   1,000원 BANKER | P:5♣ K♦ A♥=6  B:4♣ A♥=5  PLAYER(L)  | -1,000원 → 241,100원  [start]
H567 | bet   2,000원 PLAYER | P:10♥ 6♦=6  B:K♠ 10♠ 8♠=8  BANKER(L)  | -2,000원 → 239,100원
H568 | bet   4,000원 PLAYER | P:7♦ 6♣ A♦=4  B:K♦ 3♦ 9♠=2  PLAYER(W)  | +4,000원 → 243,100원  [end_win]
H569 | bet   1,000원 BANKER | P:10♥ 9♠=9  B:2♥ 9♠=1  PLAYER(L)  | -1,000원 → 242,100원  [start]
H570 | bet   2,000원 PLAYER | P:6♣ 5♠ 3♦=4  B:6♦ 8♦ 10♦=4  TIE(T)  |     0원 → 242,100원
H571 | bet   2,000원 PLAYER | P:9♥ A♣ 9♥=9  B:2♦ K♥ 7♣=9  TIE(T)  |     0원 → 242,100원
H572 | bet   2,000원 PLAYER | P:8♥ 4♣ 3♦=5  B:J♣ K♣ 6♦=6  BANKER(L)  | -2,000원 → 240,100원
H573 | bet   4,000원 PLAYER | P:A♣ 10♠ 5♥=6  B:10♥ 3♣ 6♥=9  BANKER(L)  | -4,000원 → 236,100원
H574 | bet   8,000원 PLAYER | P:5♦ 6♣ 7♥=8  B:4♠ 6♦ 4♠=4  PLAYER(W)  | +8,000원 → 244,100원  [end_win]
H575 | bet   1,000원 BANKER | P:6♣ 7♣ 2♦=5  B:6♠ 5♠ J♠=1  PLAYER(L)  | -1,000원 → 243,100원  [start]
H576 | bet   2,000원 PLAYER | P:2♥ A♦ K♣=3  B:7♥ J♥=7  BANKER(L)  | -2,000원 → 241,100원
H577 | bet   4,000원 PLAYER | P:4♦ A♠=5  B:J♥ 9♠=9  BANKER(L)  | -4,000원 → 237,100원
H578 | bet   8,000원 PLAYER | P:4♠ A♠=5  B:8♣ Q♠=8  BANKER(L)  | -8,000원 → 229,100원
H579 | bet  16,000원 PLAYER | P:2♦ 3♦ K♣=5  B:6♠ 10♦=6  BANKER(L)  | -16,000원 → 213,100원
H580 | bet  32,000원 PLAYER | P:10♦ K♠ 5♦=5  B:3♠ 9♣ J♠=2  PLAYER(W)  | +32,000원 → 245,100원  [end_win]
H581 | bet   1,000원 BANKER | P:10♣ 7♠=7  B:K♦ A♥ Q♠=1  PLAYER(L)  | -1,000원 → 244,100원  [start]
H582 | bet   2,000원 PLAYER | P:A♥ J♣ 5♦=6  B:7♦ 9♦=6  TIE(T)  |     0원 → 244,100원
H583 | bet   2,000원 PLAYER | P:6♥ 4♦ 4♥=4  B:A♦ A♥ Q♥=2  PLAYER(W)  | +2,000원 → 246,100원  [end_win]
H584 | bet   1,000원 BANKER | P:A♦ 7♠=8  B:7♦ J♦=7  PLAYER(L)  | -1,000원 → 245,100원  [start]
H585 | bet   2,000원 PLAYER | P:10♦ 5♥ Q♦=5  B:Q♦ 3♦ 5♣=8  BANKER(L)  | -2,000원 → 243,100원
H586 | bet   4,000원 PLAYER | P:7♣ 8♦ A♠=6  B:2♣ 2♠=4  PLAYER(W)  | +4,000원 → 247,100원  [end_win]
H587 | bet   1,000원 BANKER | P:A♥ 2♣ A♠=4  B:5♣ 8♥ 10♣=3  PLAYER(L)  | -1,000원 → 246,100원  [start]
H588 | bet   2,000원 PLAYER | P:4♣ A♣ 2♥=7  B:9♣ 3♥ 3♥=5  PLAYER(W)  | +2,000원 → 248,100원  [end_win]
H589 | bet   1,000원 BANKER | P:7♣ 2♥=9  B:Q♠ Q♣=0  PLAYER(L)  | -1,000원 → 247,100원  [start]
H590 | bet   2,000원 PLAYER | P:K♣ 7♥=7  B:A♦ 2♥ 10♦=3  PLAYER(W)  | +2,000원 → 249,100원  [end_win]
H591 | bet   1,000원 BANKER | P:J♦ 2♦ 5♦=7  B:K♦ 4♠ 3♦=7  TIE(T)  |     0원 → 249,100원
H592 | bet   1,000원 BANKER | P:3♦ 3♣=6  B:5♠ K♥ 3♣=8  BANKER(W)  | +950원 → 250,050원
H593 | bet   1,000원 BANKER | P:2♦ 5♠=7  B:7♥ 9♣=6  PLAYER(L)  | -1,000원 → 249,050원  [start]
H594 | bet   2,000원 PLAYER | P:2♠ J♥ 3♠=5  B:9♠ 6♥=5  TIE(T)  |     0원 → 249,050원
H595 | bet   2,000원 PLAYER | P:6♠ 9♠=5  B:K♣ 9♦=9  BANKER(L)  | -2,000원 → 247,050원
H596 | bet   4,000원 PLAYER | P:A♠ Q♦ 4♥=5  B:5♠ 9♣ 6♠=0  PLAYER(W)  | +4,000원 → 251,050원  [end_win]
H597 | bet   1,000원 BANKER | P:4♦ 5♥=9  B:4♣ 4♣=8  PLAYER(L)  | -1,000원 → 250,050원  [start]
H598 | bet   2,000원 PLAYER | P:Q♥ 9♥=9  B:4♣ 4♦=8  PLAYER(W)  | +2,000원 → 252,050원  [end_win]
H599 | bet   1,000원 BANKER | P:Q♣ 10♦ 4♥=4  B:3♣ K♥ J♠=3  PLAYER(L)  | -1,000원 → 251,050원  [start]
H600 | bet   2,000원 PLAYER | P:9♣ 3♥=2  B:9♥ J♦=9  BANKER(L)  | -2,000원 → 249,050원
H601 | bet   4,000원 PLAYER | P:2♠ 3♠=5  B:10♥ 9♣=9  BANKER(L)  | -4,000원 → 245,050원
H602 | bet   8,000원 PLAYER | P:7♣ 6♥=3  B:10♣ 8♠=8  BANKER(L)  | -8,000원 → 237,050원
H603 | bet  16,000원 PLAYER | P:9♠ K♠=9  B:3♣ 2♠=5  PLAYER(W)  | +16,000원 → 253,050원  [end_win]
H604 | bet   1,000원 BANKER | P:3♥ 2♣ 3♣=8  B:2♣ A♦ 8♣=1  PLAYER(L)  | -1,000원 → 252,050원  [start]
H605 | bet   2,000원 PLAYER | P:9♥ K♠=9  B:7♥ 6♦=3  PLAYER(W)  | +2,000원 → 254,050원  [end_win]
H606 | bet   1,000원 BANKER | P:J♣ 4♥ 5♣=9  B:3♣ K♥ 4♣=7  PLAYER(L)  | -1,000원 → 253,050원  [start]
H607 | bet   2,000원 PLAYER | P:10♠ 7♠=7  B:J♣ 6♥=6  PLAYER(W)  | +2,000원 → 255,050원  [end_win]
H608 | bet   1,000원 BANKER | P:8♣ 10♠=8  B:10♥ 2♦=2  PLAYER(L)  | -1,000원 → 254,050원  [start]
H609 | bet   2,000원 PLAYER | P:9♠ A♠ A♦=1  B:A♠ K♠ 8♥=9  BANKER(L)  | -2,000원 → 252,050원
H610 | bet   4,000원 PLAYER | P:2♣ J♣ Q♥=2  B:Q♠ 5♦=5  BANKER(L)  | -4,000원 → 248,050원
H611 | bet   8,000원 PLAYER | P:J♥ 7♥=7  B:6♥ J♥=6  PLAYER(W)  | +8,000원 → 256,050원  [end_win]
H612 | bet   1,000원 BANKER | P:5♣ 2♦=7  B:4♥ 8♥ 2♠=4  PLAYER(L)  | -1,000원 → 255,050원  [start]
H613 | bet   2,000원 PLAYER | P:Q♠ 10♥ 8♠=8  B:K♥ 5♥=5  PLAYER(W)  | +2,000원 → 257,050원  [end_win]
H614 | bet   1,000원 BANKER | P:2♣ 6♣=8  B:6♠ 6♣=2  PLAYER(L)  | -1,000원 → 256,050원  [start]
H615 | bet   2,000원 PLAYER | P:9♦ Q♣=9  B:Q♦ K♥=0  PLAYER(W)  | +2,000원 → 258,050원  [end_win]
H616 | bet   1,000원 BANKER | P:7♣ 8♠ 7♦=2  B:4♠ J♣ J♠=4  BANKER(W)  | +950원 → 259,000원
H617 | bet   1,000원 BANKER | P:4♠ 4♠=8  B:K♦ 9♦=9  BANKER(W)  | +950원 → 259,950원
H618 | bet   1,000원 BANKER | P:9♦ 4♥ 9♠=2  B:7♠ 3♥ 3♥=3  BANKER(W)  | +950원 → 260,900원
H619 | bet   1,000원 BANKER | P:10♥ 10♣ 9♥=9  B:5♥ 10♣=5  PLAYER(L)  | -1,000원 → 259,900원  [start]
H620 | bet   2,000원 PLAYER | P:8♣ K♦=8  B:Q♣ Q♠=0  PLAYER(W)  | +2,000원 → 261,900원  [end_win]
H621 | bet   1,000원 BANKER | P:K♠ 8♦=8  B:10♦ 2♣=2  PLAYER(L)  | -1,000원 → 260,900원  [start]
H622 | bet   2,000원 PLAYER | P:5♣ 9♣ Q♥=4  B:7♥ 6♦ K♦=3  PLAYER(W)  | +2,000원 → 262,900원  [end_win]
H623 | bet   1,000원 BANKER | P:J♦ 5♥ 6♠=1  B:6♥ 10♣ 8♥=4  BANKER(W)  | +950원 → 263,850원
H624 | bet   1,000원 BANKER | P:5♥ A♣=6  B:3♠ A♣ K♣=4  PLAYER(L)  | -1,000원 → 262,850원  [start]
H625 | bet   2,000원 PLAYER | P:8♥ A♣=9  B:9♣ A♥=0  PLAYER(W)  | +2,000원 → 264,850원  [end_win]
H626 | bet   1,000원 BANKER | P:8♠ 5♣=3  B:5♥ 4♦=9  BANKER(W)  | +950원 → 265,800원
H627 | bet   1,000원 BANKER | P:Q♣ Q♦ 7♠=7  B:K♣ Q♠ J♦=0  PLAYER(L)  | -1,000원 → 264,800원  [start]
H628 | bet   2,000원 PLAYER | P:A♥ Q♥ 3♠=4  B:5♣ 5♦ 6♠=6  BANKER(L)  | -2,000원 → 262,800원
H629 | bet   4,000원 PLAYER | P:K♠ J♦ 8♦=8  B:2♥ 8♣ 4♥=4  PLAYER(W)  | +4,000원 → 266,800원  [end_win]
H630 | bet   1,000원 BANKER | P:7♠ 6♥ 4♥=7  B:A♥ J♠ 8♠=9  BANKER(W)  | +950원 → 267,750원
H631 | bet   1,000원 BANKER | P:10♣ 10♠ A♠=1  B:5♠ 6♣ K♣=1  TIE(T)  |     0원 → 267,750원
H632 | bet   1,000원 BANKER | P:8♥ Q♥=8  B:10♥ 7♦=7  PLAYER(L)  | -1,000원 → 266,750원  [start]
H633 | bet   2,000원 PLAYER | P:J♠ 6♣=6  B:6♦ 3♦=9  BANKER(L)  | -2,000원 → 264,750원
H634 | bet   4,000원 PLAYER | P:7♠ 2♥=9  B:5♦ 5♣=0  PLAYER(W)  | +4,000원 → 268,750원  [end_win]
H635 | bet   1,000원 BANKER | P:9♦ 7♦=6  B:Q♣ Q♦ 10♦=0  PLAYER(L)  | -1,000원 → 267,750원  [start]
H636 | bet   2,000원 PLAYER | P:K♠ 3♦=3  B:Q♣ 8♥=8  BANKER(L)  | -2,000원 → 265,750원
H637 | bet   4,000원 PLAYER | P:2♠ J♥ 7♠=9  B:K♦ 7♦=7  PLAYER(W)  | +4,000원 → 269,750원  [end_win]
H638 | bet   1,000원 BANKER | P:9♥ A♣ 10♠=0  B:4♣ 8♦ K♥=2  BANKER(W)  | +950원 → 270,700원
H639 | bet   1,000원 BANKER | P:5♦ J♠ 7♣=2  B:A♣ 3♣ 4♣=8  BANKER(W)  | +950원 → 271,650원
H640 | bet   1,000원 BANKER | P:J♦ J♥ J♥=0  B:2♣ 9♦ 2♥=3  BANKER(W)  | +950원 → 272,600원
H641 | bet   1,000원 BANKER | P:K♦ 6♠=6  B:8♣ J♠=8  BANKER(W)  | +950원 → 273,550원
H642 | bet   1,000원 BANKER | P:2♠ 10♠ 8♣=0  B:3♠ A♥=4  BANKER(W)  | +950원 → 274,500원
H643 | bet   1,000원 BANKER | P:9♠ 8♦=7  B:J♦ Q♦ Q♥=0  PLAYER(L)  | -1,000원 → 273,500원  [start]
H644 | bet   2,000원 PLAYER | P:10♥ 3♥ 8♠=1  B:10♠ 6♦=6  BANKER(L)  | -2,000원 → 271,500원
H645 | bet   4,000원 PLAYER | P:A♦ 5♠=6  B:3♠ 8♣ J♣=1  PLAYER(W)  | +4,000원 → 275,500원  [end_win]
H646 | bet   1,000원 BANKER | P:8♠ 6♦=4  B:9♦ Q♣=9  BANKER(W)  | +950원 → 276,450원
H647 | bet   1,000원 BANKER | P:5♠ 10♠ 10♥=5  B:9♠ 7♦=6  BANKER(W)  | +950원 → 277,400원
H648 | bet   1,000원 BANKER | P:4♦ A♦=5  B:2♥ 7♦=9  BANKER(W)  | +950원 → 278,350원
H649 | bet   1,000원 BANKER | P:4♦ 8♦ 7♣=9  B:8♠ 4♠ 2♦=4  PLAYER(L)  | -1,000원 → 277,350원  [start]
H650 | bet   2,000원 PLAYER | P:9♥ Q♥=9  B:3♠ K♥=3  PLAYER(W)  | +2,000원 → 279,350원  [end_win]
H651 | bet   1,000원 BANKER | P:7♠ 10♥=7  B:8♦ 8♣=6  PLAYER(L)  | -1,000원 → 278,350원  [start]
H652 | bet   2,000원 PLAYER | P:2♦ 4♣=6  B:6♣ Q♦=6  TIE(T)  |     0원 → 278,350원
H653 | bet   2,000원 PLAYER | P:2♠ Q♦=2  B:10♦ 8♠=8  BANKER(L)  | -2,000원 → 276,350원
H654 | bet   4,000원 PLAYER | P:2♠ 7♠=9  B:8♠ 5♠=3  PLAYER(W)  | +4,000원 → 280,350원  [end_win]
H655 | bet   1,000원 BANKER | P:3♣ 8♥=1  B:8♦ A♣=9  BANKER(W)  | +950원 → 281,300원
H656 | bet   1,000원 BANKER | P:7♠ A♦=8  B:7♦ K♦=7  PLAYER(L)  | -1,000원 → 280,300원  [start]
H657 | bet   2,000원 PLAYER | P:2♥ 6♣=8  B:9♣ J♠=9  BANKER(L)  | -2,000원 → 278,300원
H658 | bet   4,000원 PLAYER | P:6♦ 2♦=8  B:J♥ Q♥=0  PLAYER(W)  | +4,000원 → 282,300원  [end_win]
H659 | bet   1,000원 BANKER | P:A♠ 10♣=1  B:10♦ 8♠=8  BANKER(W)  | +950원 → 283,250원
H660 | bet   1,000원 BANKER | P:Q♦ J♥=0  B:J♦ 9♣=9  BANKER(W)  | +950원 → 284,200원
H661 | bet   1,000원 BANKER | P:9♣ 8♥=7  B:Q♦ 2♠ 4♥=6  PLAYER(L)  | -1,000원 → 283,200원  [start]
H662 | bet   2,000원 PLAYER | P:K♦ 2♦=2  B:4♥ 4♦=8  BANKER(L)  | -2,000원 → 281,200원
H663 | bet   4,000원 PLAYER | P:8♣ A♠=9  B:A♥ 4♠=5  PLAYER(W)  | +4,000원 → 285,200원  [end_win]
H664 | bet   1,000원 BANKER | P:3♠ 5♠=8  B:10♥ J♥=0  PLAYER(L)  | -1,000원 → 284,200원  [start]
H665 | bet   2,000원 PLAYER | P:4♠ Q♥ 6♣=0  B:3♦ 4♠=7  BANKER(L)  | -2,000원 → 282,200원
H666 | bet   4,000원 PLAYER | P:2♣ 4♥=6  B:K♠ 10♠ 8♣=8  BANKER(L)  | -4,000원 → 278,200원
H667 | bet   8,000원 PLAYER | P:A♠ K♣=1  B:Q♣ 9♦=9  BANKER(L)  | -8,000원 → 270,200원
H668 | bet  16,000원 PLAYER | P:9♥ 5♣ 5♠=9  B:3♠ Q♠ J♣=3  PLAYER(W)  | +16,000원 → 286,200원  [end_win]
H669 | bet   1,000원 BANKER | P:5♣ 7♥ 10♥=2  B:5♣ K♣=5  BANKER(W)  | +950원 → 287,150원
H670 | bet   1,000원 BANKER | P:4♣ K♠ Q♥=4  B:A♦ J♦ K♦=1  PLAYER(L)  | -1,000원 → 286,150원  [start]
H671 | bet   2,000원 PLAYER | P:5♥ K♦=5  B:4♦ 4♣=8  BANKER(L)  | -2,000원 → 284,150원
H672 | bet   4,000원 PLAYER | P:9♦ 3♦ 5♣=7  B:J♥ 10♠ 6♠=6  PLAYER(W)  | +4,000원 → 288,150원  [end_win]
H673 | bet   1,000원 BANKER | P:10♣ 10♦ 4♠=4  B:J♣ 3♠ A♣=4  TIE(T)  |     0원 → 288,150원
H674 | bet   1,000원 BANKER | P:A♠ K♥ K♥=1  B:7♣ Q♣=7  BANKER(W)  | +950원 → 289,100원
H675 | bet   1,000원 BANKER | P:2♦ 5♦=7  B:7♦ 4♦ J♥=1  PLAYER(L)  | -1,000원 → 288,100원  [start]
H676 | bet   2,000원 PLAYER | P:K♣ J♣ 10♦=0  B:10♦ 5♥=5  BANKER(L)  | -2,000원 → 286,100원
H677 | bet   4,000원 PLAYER | P:4♦ 5♦=9  B:4♣ 3♦=7  PLAYER(W)  | +4,000원 → 290,100원  [end_win]
H678 | bet   1,000원 BANKER | P:3♦ 3♦=6  B:6♥ Q♠=6  TIE(T)  |     0원 → 290,100원
H679 | bet   1,000원 BANKER | P:5♠ 3♥=8  B:2♥ K♣=2  PLAYER(L)  | -1,000원 → 289,100원  [start]
H680 | bet   2,000원 PLAYER | P:K♥ 9♠=9  B:Q♣ J♦=0  PLAYER(W)  | +2,000원 → 291,100원  [end_win]
H681 | bet   1,000원 BANKER | P:K♦ 9♥=9  B:10♣ 7♣=7  PLAYER(L)  | -1,000원 → 290,100원  [start]
H682 | bet   2,000원 PLAYER | P:5♥ 9♣ 8♥=2  B:5♣ Q♣=5  BANKER(L)  | -2,000원 → 288,100원
H683 | bet   4,000원 PLAYER | P:9♠ 8♦=7  B:6♦ 10♠=6  PLAYER(W)  | +4,000원 → 292,100원  [end_win]
H684 | bet   1,000원 BANKER | P:8♦ K♥=8  B:9♠ A♥=0  PLAYER(L)  | -1,000원 → 291,100원  [start]
H685 | bet   2,000원 PLAYER | P:4♦ 10♣ Q♣=4  B:9♥ 8♠=7  BANKER(L)  | -2,000원 → 289,100원
H686 | bet   4,000원 PLAYER | P:8♣ 7♣ Q♠=5  B:4♥ 6♠ 3♣=3  PLAYER(W)  | +4,000원 → 293,100원  [end_win]
H687 | bet   1,000원 BANKER | P:3♥ 8♥=1  B:A♣ 7♦=8  BANKER(W)  | +950원 → 294,050원
H688 | bet   1,000원 BANKER | P:9♣ J♥=9  B:9♥ 10♥=9  TIE(T)  |     0원 → 294,050원
H689 | bet   1,000원 BANKER | P:2♣ 3♣=5  B:7♣ 2♥=9  BANKER(W)  | +950원 → 295,000원
H690 | bet   1,000원 BANKER | P:8♠ 7♠ K♠=5  B:7♥ 7♦=4  PLAYER(L)  | -1,000원 → 294,000원  [start]
H691 | bet   2,000원 PLAYER | P:2♣ 2♣ 5♦=9  B:6♣ J♦=6  PLAYER(W)  | +2,000원 → 296,000원  [end_win]
H692 | bet   1,000원 BANKER | P:5♦ 4♦=9  B:8♥ 5♠=3  PLAYER(L)  | -1,000원 → 295,000원  [start]
H693 | bet   2,000원 PLAYER | P:4♥ 7♦ 9♦=0  B:Q♠ 10♦ 2♣=2  BANKER(L)  | -2,000원 → 293,000원
H694 | bet   4,000원 PLAYER | P:5♥ 3♣=8  B:8♦ 4♣=2  PLAYER(W)  | +4,000원 → 297,000원  [end_win]
H695 | bet   1,000원 BANKER | P:6♥ K♦=6  B:5♥ 8♦ 7♣=0  PLAYER(L)  | -1,000원 → 296,000원  [start]
H696 | bet   2,000원 PLAYER | P:10♥ 7♥=7  B:K♥ K♦ 9♦=9  BANKER(L)  | -2,000원 → 294,000원
H697 | bet   4,000원 PLAYER | P:Q♣ A♠=1  B:2♦ 6♣=8  BANKER(L)  | -4,000원 → 290,000원
H698 | bet   8,000원 PLAYER | P:3♥ 7♦ 10♠=0  B:J♦ J♦ 9♦=9  BANKER(L)  | -8,000원 → 282,000원
H699 | bet  16,000원 PLAYER | P:Q♠ A♠=1  B:8♥ J♦=8  BANKER(L)  | -16,000원 → 266,000원
H700 | bet  32,000원 PLAYER | P:Q♠ 3♦ 4♥=7  B:2♥ 9♥ 2♥=3  PLAYER(W)  | +32,000원 → 298,000원  [end_win]
H701 | bet   1,000원 BANKER | P:9♠ 3♥ 6♠=8  B:3♦ J♣ 10♠=3  PLAYER(L)  | -1,000원 → 297,000원  [start]
H702 | bet   2,000원 PLAYER | P:3♦ 6♦=9  B:Q♦ 6♦=6  PLAYER(W)  | +2,000원 → 299,000원  [end_win]
H703 | bet   1,000원 BANKER | P:Q♥ 8♥=8  B:5♠ 5♣=0  PLAYER(L)  | -1,000원 → 298,000원  [start]
H704 | bet   2,000원 PLAYER | P:K♥ 4♥ K♣=4  B:5♠ 2♠=7  BANKER(L)  | -2,000원 → 296,000원
H705 | bet   4,000원 PLAYER | P:Q♥ K♦=0  B:9♦ 9♠=8  BANKER(L)  | -4,000원 → 292,000원
H706 | bet   8,000원 PLAYER | P:Q♥ 2♥=2  B:9♠ J♥=9  BANKER(L)  | -8,000원 → 284,000원
H707 | bet  16,000원 PLAYER | P:2♦ J♠ 10♠=2  B:7♦ 7♦=4  BANKER(L)  | -16,000원 → 268,000원
H708 | bet  32,000원 PLAYER | P:6♠ 9♠ 6♠=1  B:5♥ K♣ 3♥=8  BANKER(L)  | -32,000원 → 236,000원  [end_giveup]
H709 | bet   1,000원 BANKER | P:2♦ 10♣=2  B:J♣ 9♣=9  BANKER(W)  | +950원 → 236,950원
H710 | bet   1,000원 BANKER | P:A♠ 6♦=7  B:J♠ A♣ 5♥=6  PLAYER(L)  | -1,000원 → 235,950원  [start]
H711 | bet   2,000원 PLAYER | P:K♥ A♣ 9♦=0  B:3♥ K♠ 6♣=9  BANKER(L)  | -2,000원 → 233,950원
H712 | bet   4,000원 PLAYER | P:3♠ A♥ 8♠=2  B:3♠ 7♣ 2♥=2  TIE(T)  |     0원 → 233,950원
H713 | bet   4,000원 PLAYER | P:A♥ A♦ 3♥=5  B:9♥ 8♦=7  BANKER(L)  | -4,000원 → 229,950원
H714 | bet   8,000원 PLAYER | P:3♠ Q♠=3  B:2♠ 7♠=9  BANKER(L)  | -8,000원 → 221,950원
H715 | bet  16,000원 PLAYER | P:A♦ 5♦=6  B:5♦ 8♦ Q♥=3  PLAYER(W)  | +16,000원 → 237,950원  [end_win]
H716 | bet   1,000원 BANKER | P:7♥ 7♥=4  B:8♣ J♠=8  BANKER(W)  | +950원 → 238,900원
H717 | bet   1,000원 BANKER | P:6♠ 10♥=6  B:9♠ J♦=9  BANKER(W)  | +950원 → 239,850원
H718 | bet   1,000원 BANKER | P:6♥ A♣=7  B:J♠ 6♣=6  PLAYER(L)  | -1,000원 → 238,850원  [start]
H719 | bet   2,000원 PLAYER | P:4♦ 3♠=7  B:6♥ 6♣ J♠=2  PLAYER(W)  | +2,000원 → 240,850원  [end_win]
H720 | bet   1,000원 BANKER | P:10♣ 6♠=6  B:7♠ A♣=8  BANKER(W)  | +950원 → 241,800원
H721 | bet   1,000원 BANKER | P:J♥ K♠=0  B:8♣ A♥=9  BANKER(W)  | +950원 → 242,750원
H722 | bet   1,000원 BANKER | P:5♠ 10♣ 7♥=2  B:2♠ J♠ A♠=3  BANKER(W)  | +950원 → 243,700원
H723 | bet   1,000원 BANKER | P:9♥ 4♠ 4♥=7  B:2♦ 8♠ Q♦=0  PLAYER(L)  | -1,000원 → 242,700원  [start]
H724 | bet   2,000원 PLAYER | P:6♥ J♣=6  B:2♣ 7♥=9  BANKER(L)  | -2,000원 → 240,700원
H725 | bet   4,000원 PLAYER | P:6♠ 9♣ K♣=5  B:2♣ 5♦=7  BANKER(L)  | -4,000원 → 236,700원
H726 | bet   8,000원 PLAYER | P:10♦ 7♣=7  B:4♦ A♥ 3♠=8  BANKER(L)  | -8,000원 → 228,700원
H727 | bet  16,000원 PLAYER | P:5♥ 10♠ 2♥=7  B:4♣ K♠ 3♣=7  TIE(T)  |     0원 → 228,700원
H728 | bet  16,000원 PLAYER | P:5♣ 7♣ 4♣=6  B:3♣ Q♠ A♦=4  PLAYER(W)  | +16,000원 → 244,700원  [end_win]
H729 | bet   1,000원 BANKER | P:5♣ Q♥ 2♠=7  B:J♠ 6♦=6  PLAYER(L)  | -1,000원 → 243,700원  [start]
H730 | bet   2,000원 PLAYER | P:9♣ 10♦=9  B:4♠ A♦=5  PLAYER(W)  | +2,000원 → 245,700원  [end_win]
H731 | bet   1,000원 BANKER | P:10♥ 6♦=6  B:4♣ 8♣ 8♠=0  PLAYER(L)  | -1,000원 → 244,700원  [start]
H732 | bet   2,000원 PLAYER | P:3♣ 6♦=9  B:9♦ 6♥=5  PLAYER(W)  | +2,000원 → 246,700원  [end_win]
H733 | bet   1,000원 BANKER | P:J♣ 7♠=7  B:7♠ Q♦=7  TIE(T)  |     0원 → 246,700원
H734 | bet   1,000원 BANKER | P:A♣ K♠ 4♠=5  B:K♣ A♦ 2♠=3  PLAYER(L)  | -1,000원 → 245,700원  [start]
H735 | bet   2,000원 PLAYER | P:A♥ 8♣=9  B:10♣ 7♥=7  PLAYER(W)  | +2,000원 → 247,700원  [end_win]
H736 | bet   1,000원 BANKER | P:Q♦ Q♣ A♥=1  B:4♠ 8♥ 10♠=2  BANKER(W)  | +950원 → 248,650원
H737 | bet   1,000원 BANKER | P:10♦ 2♦ 9♦=1  B:10♣ 6♦=6  BANKER(W)  | +950원 → 249,600원
H738 | bet   1,000원 BANKER | P:2♠ 9♣ 2♠=3  B:8♥ 3♣ 6♣=7  BANKER(W)  | +950원 → 250,550원
H739 | bet   1,000원 BANKER | P:K♣ K♠ 6♦=6  B:5♠ 2♣=7  BANKER(W)  | +950원 → 251,500원
H740 | bet   1,000원 BANKER | P:5♥ A♥=6  B:9♠ K♥=9  BANKER(W)  | +950원 → 252,450원
H741 | bet   1,000원 BANKER | P:2♣ 3♦ 2♠=7  B:A♠ 4♦=5  PLAYER(L)  | -1,000원 → 251,450원  [start]
H742 | bet   2,000원 PLAYER | P:6♠ 3♣=9  B:K♦ 2♥=2  PLAYER(W)  | +2,000원 → 253,450원  [end_win]
H743 | bet   1,000원 BANKER | P:Q♥ J♥ Q♥=0  B:6♥ 10♥=6  BANKER(W)  | +950원 → 254,400원
H744 | bet   1,000원 BANKER | P:10♠ 6♠=6  B:Q♠ 8♦=8  BANKER(W)  | +950원 → 255,350원
H745 | bet   1,000원 BANKER | P:9♥ 3♠ 6♠=8  B:7♦ 10♦=7  PLAYER(L)  | -1,000원 → 254,350원  [start]
H746 | bet   2,000원 PLAYER | P:K♠ 2♦ J♥=2  B:5♠ K♥=5  BANKER(L)  | -2,000원 → 252,350원
H747 | bet   4,000원 PLAYER | P:8♦ K♣=8  B:5♦ 9♥=4  PLAYER(W)  | +4,000원 → 256,350원  [end_win]
H748 | bet   1,000원 BANKER | P:2♦ K♦ J♦=2  B:J♦ 4♣=4  BANKER(W)  | +950원 → 257,300원
H749 | bet   1,000원 BANKER | P:6♥ 9♦ 5♥=0  B:K♥ 2♥ J♠=2  BANKER(W)  | +950원 → 258,250원
H750 | bet   1,000원 BANKER | P:3♣ 6♦=9  B:2♥ 9♣=1  PLAYER(L)  | -1,000원 → 257,250원  [start]
H751 | bet   2,000원 PLAYER | P:4♥ 8♣ 9♥=1  B:K♦ A♥ 2♣=3  BANKER(L)  | -2,000원 → 255,250원
H752 | bet   4,000원 PLAYER | P:5♠ 4♥=9  B:10♠ 2♠=2  PLAYER(W)  | +4,000원 → 259,250원  [end_win]
H753 | bet   1,000원 BANKER | P:K♦ 8♥=8  B:6♦ K♠=6  PLAYER(L)  | -1,000원 → 258,250원  [start]
H754 | bet   2,000원 PLAYER | P:A♥ 9♥ 8♥=8  B:8♣ 3♦ J♥=1  PLAYER(W)  | +2,000원 → 260,250원  [end_win]
H755 | bet   1,000원 BANKER | P:Q♠ 5♦=5  B:3♠ 5♣=8  BANKER(W)  | +950원 → 261,200원
H756 | bet   1,000원 BANKER | P:4♠ 9♠ 3♦=6  B:3♣ K♥ 4♣=7  BANKER(W)  | +950원 → 262,150원
H757 | bet   1,000원 BANKER | P:9♥ K♥=9  B:6♦ 6♠=2  PLAYER(L)  | -1,000원 → 261,150원  [start]
H758 | bet   2,000원 PLAYER | P:Q♠ K♠ 8♦=8  B:5♣ 10♣=5  PLAYER(W)  | +2,000원 → 263,150원  [end_win]
H759 | bet   1,000원 BANKER | P:4♣ 5♥=9  B:10♥ A♣=1  PLAYER(L)  | -1,000원 → 262,150원  [start]
H760 | bet   2,000원 PLAYER | P:K♣ 9♥=9  B:8♠ 6♥=4  PLAYER(W)  | +2,000원 → 264,150원  [end_win]
H761 | bet   1,000원 BANKER | P:3♠ 5♥=8  B:9♦ Q♣=9  BANKER(W)  | +950원 → 265,100원
H762 | bet   1,000원 BANKER | P:4♦ 2♦=6  B:9♦ K♦=9  BANKER(W)  | +950원 → 266,050원
H763 | bet   1,000원 BANKER | P:A♥ J♣ 7♥=8  B:2♥ Q♥ 7♠=9  BANKER(W)  | +950원 → 267,000원
H764 | bet   1,000원 BANKER | P:7♣ 10♥=7  B:J♦ 9♣=9  BANKER(W)  | +950원 → 267,950원
H765 | bet   1,000원 BANKER | P:K♦ Q♠=0  B:9♠ Q♥=9  BANKER(W)  | +950원 → 268,900원
H766 | bet   1,000원 BANKER | P:7♥ A♣=8  B:10♥ 6♥=6  PLAYER(L)  | -1,000원 → 267,900원  [start]
H767 | bet   2,000원 PLAYER | P:J♠ 4♣ 6♣=0  B:5♥ K♣ 10♦=5  BANKER(L)  | -2,000원 → 265,900원
H768 | bet   4,000원 PLAYER | P:6♦ 9♠ 9♦=4  B:2♠ 10♠ 7♠=9  BANKER(L)  | -4,000원 → 261,900원
H769 | bet   8,000원 PLAYER | P:9♥ J♣=9  B:5♦ Q♦=5  PLAYER(W)  | +8,000원 → 269,900원  [end_win]
H770 | bet   1,000원 BANKER | P:3♠ 6♣=9  B:10♣ 8♠=8  PLAYER(L)  | -1,000원 → 268,900원  [start]
H771 | bet   2,000원 PLAYER | P:2♦ Q♦=2  B:3♣ 5♠=8  BANKER(L)  | -2,000원 → 266,900원
H772 | bet   4,000원 PLAYER | P:6♠ Q♠=6  B:7♠ 8♥ 2♣=7  BANKER(L)  | -4,000원 → 262,900원
H773 | bet   8,000원 PLAYER | P:2♣ K♦ 5♠=7  B:K♥ 4♠ Q♥=4  PLAYER(W)  | +8,000원 → 270,900원  [end_win]
H774 | bet   1,000원 BANKER | P:3♠ 10♣ 6♥=9  B:7♦ 8♠ 3♣=8  PLAYER(L)  | -1,000원 → 269,900원  [start]
H775 | bet   2,000원 PLAYER | P:J♠ 5♦=5  B:3♥ 5♣=8  BANKER(L)  | -2,000원 → 267,900원
H776 | bet   4,000원 PLAYER | P:7♥ 10♥=7  B:7♠ K♣=7  TIE(T)  |     0원 → 267,900원
H777 | bet   4,000원 PLAYER | P:2♥ Q♠ A♣=3  B:3♥ 7♦ J♦=0  PLAYER(W)  | +4,000원 → 271,900원  [end_win]
H778 | bet   1,000원 BANKER | P:9♦ 3♦ A♠=3  B:A♣ J♦ 6♥=7  BANKER(W)  | +950원 → 272,850원
H779 | bet   1,000원 BANKER | P:8♦ J♦=8  B:J♥ 4♦=4  PLAYER(L)  | -1,000원 → 271,850원  [start]
H780 | bet   2,000원 PLAYER | P:6♣ A♣=7  B:2♦ 10♣ J♣=2  PLAYER(W)  | +2,000원 → 273,850원  [end_win]
H781 | bet   1,000원 BANKER | P:4♦ A♦=5  B:7♥ 2♦=9  BANKER(W)  | +950원 → 274,800원
H782 | bet   1,000원 BANKER | P:8♦ 3♥ 8♥=9  B:9♠ 6♠=5  PLAYER(L)  | -1,000원 → 273,800원  [start]
H783 | bet   2,000원 PLAYER | P:4♠ 5♣=9  B:9♠ 5♠=4  PLAYER(W)  | +2,000원 → 275,800원  [end_win]
H784 | bet   1,000원 BANKER | P:7♠ Q♦=7  B:J♥ 7♣=7  TIE(T)  |     0원 → 275,800원
H785 | bet   1,000원 BANKER | P:A♦ 9♣ A♦=1  B:3♣ 2♥=5  BANKER(W)  | +950원 → 276,750원
H786 | bet   1,000원 BANKER | P:3♥ A♠=4  B:9♣ K♣=9  BANKER(W)  | +950원 → 277,700원
H787 | bet   1,000원 BANKER | P:2♠ K♦=2  B:Q♦ 8♠=8  BANKER(W)  | +950원 → 278,650원
H788 | bet   1,000원 BANKER | P:A♥ A♦ 8♥=0  B:J♥ 2♣ K♠=2  BANKER(W)  | +950원 → 279,600원
H789 | bet   1,000원 BANKER | P:10♠ J♠ 3♥=3  B:2♣ 2♠ 8♠=2  PLAYER(L)  | -1,000원 → 278,600원  [start]
H790 | bet   2,000원 PLAYER | P:10♣ 4♥ K♣=4  B:7♣ J♠=7  BANKER(L)  | -2,000원 → 276,600원
H791 | bet   4,000원 PLAYER | P:10♣ 7♠=7  B:A♥ Q♣ Q♣=1  PLAYER(W)  | +4,000원 → 280,600원  [end_win]
H792 | bet   1,000원 BANKER | P:5♦ 6♦ J♥=1  B:K♠ A♣ 7♦=8  BANKER(W)  | +950원 → 281,550원
H793 | bet   1,000원 BANKER | P:7♣ 4♥ A♦=2  B:3♥ 8♠ 7♣=8  BANKER(W)  | +950원 → 282,500원
H794 | bet   1,000원 BANKER | P:4♣ 4♠=8  B:10♦ 7♥=7  PLAYER(L)  | -1,000원 → 281,500원  [start]
H795 | bet   2,000원 PLAYER | P:10♠ 5♥=5  B:4♣ 5♣=9  BANKER(L)  | -2,000원 → 279,500원
H796 | bet   4,000원 PLAYER | P:8♠ 2♥ 5♦=5  B:Q♣ J♣ J♣=0  PLAYER(W)  | +4,000원 → 283,500원  [end_win]
H797 | bet   1,000원 BANKER | P:7♦ 3♠ 8♣=8  B:3♠ Q♦=3  PLAYER(L)  | -1,000원 → 282,500원  [start]
H798 | bet   2,000원 PLAYER | P:8♣ 5♣ Q♥=3  B:10♠ 6♥=6  BANKER(L)  | -2,000원 → 280,500원
H799 | bet   4,000원 PLAYER | P:Q♣ K♥=0  B:4♦ 5♦=9  BANKER(L)  | -4,000원 → 276,500원
H800 | bet   8,000원 PLAYER | P:A♦ 3♦ 4♥=8  B:5♥ 5♠ 10♥=0  PLAYER(W)  | +8,000원 → 284,500원  [end_win]
H801 | bet   1,000원 BANKER | P:8♦ 4♦ J♠=2  B:4♥ A♦=5  BANKER(W)  | +950원 → 285,450원
H802 | bet   1,000원 BANKER | P:J♠ A♠ 6♣=7  B:8♥ 7♥ J♦=5  PLAYER(L)  | -1,000원 → 284,450원  [start]
H803 | bet   2,000원 PLAYER | P:8♦ 5♠ Q♦=3  B:A♦ 3♠=4  BANKER(L)  | -2,000원 → 282,450원
H804 | bet   4,000원 PLAYER | P:A♥ 4♠ K♣=5  B:9♦ 7♠=6  BANKER(L)  | -4,000원 → 278,450원
H805 | bet   8,000원 PLAYER | P:J♦ Q♣ 3♦=3  B:Q♦ 7♦=7  BANKER(L)  | -8,000원 → 270,450원
H806 | bet  16,000원 PLAYER | P:9♠ 10♠=9  B:Q♠ 9♣=9  TIE(T)  |     0원 → 270,450원
H807 | bet  16,000원 PLAYER | P:3♥ A♥ 8♦=2  B:K♥ 10♦ 8♣=8  BANKER(L)  | -16,000원 → 254,450원
H808 | bet  32,000원 PLAYER | P:4♦ 4♠=8  B:2♥ 7♣=9  BANKER(L)  | -32,000원 → 222,450원  [end_giveup]
H809 | bet   1,000원 BANKER | P:8♣ 3♦=1  B:3♦ 5♣=8  BANKER(W)  | +950원 → 223,400원
H810 | bet   1,000원 BANKER | P:4♠ Q♥ 10♠=4  B:7♥ 7♦=4  TIE(T)  |     0원 → 223,400원
H811 | bet   1,000원 BANKER | P:7♠ 7♦ 6♣=0  B:A♠ 10♦ 3♥=4  BANKER(W)  | +950원 → 224,350원
H812 | bet   1,000원 BANKER | P:J♣ 6♠=6  B:A♠ 9♣ 9♥=9  BANKER(W)  | +950원 → 225,300원
H813 | bet   1,000원 BANKER | P:2♠ Q♥ 5♦=7  B:10♥ 4♠ 10♣=4  PLAYER(L)  | -1,000원 → 224,300원  [start]
H814 | bet   2,000원 PLAYER | P:A♣ 10♥ 5♥=6  B:J♣ 6♦=6  TIE(T)  |     0원 → 224,300원
H815 | bet   2,000원 PLAYER | P:9♦ K♠=9  B:9♠ 6♣=5  PLAYER(W)  | +2,000원 → 226,300원  [end_win]
H816 | bet   1,000원 BANKER | P:8♥ Q♣=8  B:4♣ 4♥=8  TIE(T)  |     0원 → 226,300원
H817 | bet   1,000원 BANKER | P:8♣ 6♥=4  B:9♣ Q♠=9  BANKER(W)  | +950원 → 227,250원
H818 | bet   1,000원 BANKER | P:A♠ 6♠=7  B:10♦ 8♣=8  BANKER(W)  | +950원 → 228,200원
H819 | bet   1,000원 BANKER | P:8♠ 6♣ 3♣=7  B:J♥ A♠ K♠=1  PLAYER(L)  | -1,000원 → 227,200원  [start]
H820 | bet   2,000원 PLAYER | P:2♦ 7♣=9  B:5♣ 4♦=9  TIE(T)  |     0원 → 227,200원
H821 | bet   2,000원 PLAYER | P:10♣ 9♠=9  B:J♥ 6♠=6  PLAYER(W)  | +2,000원 → 229,200원  [end_win]
H822 | bet   1,000원 BANKER | P:K♥ 2♠ 5♣=7  B:A♠ J♥ J♠=1  PLAYER(L)  | -1,000원 → 228,200원  [start]
H823 | bet   2,000원 PLAYER | P:10♣ 6♥=6  B:J♦ 10♥ 9♠=9  BANKER(L)  | -2,000원 → 226,200원
H824 | bet   4,000원 PLAYER | P:J♦ 3♦=3  B:4♦ 5♣=9  BANKER(L)  | -4,000원 → 222,200원
H825 | bet   8,000원 PLAYER | P:9♣ 2♠ 5♠=6  B:4♦ K♥ 4♥=8  BANKER(L)  | -8,000원 → 214,200원
H826 | bet  16,000원 PLAYER | P:Q♠ 8♦=8  B:3♣ 5♣=8  TIE(T)  |     0원 → 214,200원
H827 | bet  16,000원 PLAYER | P:J♠ 3♥ 4♣=7  B:5♥ K♣ 5♦=0  PLAYER(W)  | +16,000원 → 230,200원  [end_win]
H828 | bet   1,000원 BANKER | P:J♥ 9♥=9  B:5♣ 4♦=9  TIE(T)  |     0원 → 230,200원
H829 | bet   1,000원 BANKER | P:Q♣ A♠ 6♦=7  B:4♣ 3♠=7  TIE(T)  |     0원 → 230,200원
H830 | bet   1,000원 BANKER | P:4♠ 3♦=7  B:J♥ 10♥ 2♦=2  PLAYER(L)  | -1,000원 → 229,200원  [start]
H831 | bet   2,000원 PLAYER | P:3♥ 3♥=6  B:5♦ 8♦ 10♦=3  PLAYER(W)  | +2,000원 → 231,200원  [end_win]
H832 | bet   1,000원 BANKER | P:5♥ 6♣=1  B:9♠ 10♣=9  BANKER(W)  | +950원 → 232,150원
H833 | bet   1,000원 BANKER | P:Q♣ Q♠ J♣=0  B:9♣ A♦ 9♦=9  BANKER(W)  | +950원 → 233,100원
H834 | bet   1,000원 BANKER | P:3♠ 3♠=6  B:3♠ 7♣ 4♦=4  PLAYER(L)  | -1,000원 → 232,100원  [start]
H835 | bet   2,000원 PLAYER | P:6♠ 4♦ 6♠=6  B:7♠ Q♠=7  BANKER(L)  | -2,000원 → 230,100원
H836 | bet   4,000원 PLAYER | P:3♦ J♠ J♥=3  B:9♥ 3♠ 3♥=5  BANKER(L)  | -4,000원 → 226,100원
H837 | bet   8,000원 PLAYER | P:4♥ 9♦ 10♠=3  B:J♦ 4♦=4  BANKER(L)  | -8,000원 → 218,100원
H838 | bet  16,000원 PLAYER | P:4♣ Q♣ A♣=5  B:2♣ 9♥ 9♥=0  PLAYER(W)  | +16,000원 → 234,100원  [end_win]
H839 | bet   1,000원 BANKER | P:A♠ 3♣ Q♠=4  B:Q♥ 7♣=7  BANKER(W)  | +950원 → 235,050원
H840 | bet   1,000원 BANKER | P:K♦ 9♣=9  B:5♠ 6♥=1  PLAYER(L)  | -1,000원 → 234,050원  [start]
H841 | bet   2,000원 PLAYER | P:2♥ 8♥=0  B:8♦ Q♠=8  BANKER(L)  | -2,000원 → 232,050원
H842 | bet   4,000원 PLAYER | P:2♥ A♣ 2♠=5  B:7♦ 6♠ 7♣=0  PLAYER(W)  | +4,000원 → 236,050원  [end_win]
H843 | bet   1,000원 BANKER | P:9♠ 3♥ K♦=2  B:5♣ 2♥=7  BANKER(W)  | +950원 → 237,000원
H844 | bet   1,000원 BANKER | P:4♠ 2♦=6  B:6♦ A♣=7  BANKER(W)  | +950원 → 237,950원
H845 | bet   1,000원 BANKER | P:5♥ Q♦ 6♥=1  B:6♥ A♣=7  BANKER(W)  | +950원 → 238,900원
H846 | bet   1,000원 BANKER | P:5♣ 10♣ 6♥=1  B:2♦ 3♥ 7♦=2  BANKER(W)  | +950원 → 239,850원
H847 | bet   1,000원 BANKER | P:J♦ 3♣=3  B:7♥ A♠=8  BANKER(W)  | +950원 → 240,800원
H848 | bet   1,000원 BANKER | P:7♥ Q♦=7  B:J♣ Q♦ 2♥=2  PLAYER(L)  | -1,000원 → 239,800원  [start]
H849 | bet   2,000원 PLAYER | P:7♦ 9♠=6  B:9♦ 8♥=7  BANKER(L)  | -2,000원 → 237,800원
H850 | bet   4,000원 PLAYER | P:3♣ 6♣=9  B:A♦ 7♣=8  PLAYER(W)  | +4,000원 → 241,800원  [end_win]
H851 | bet   1,000원 BANKER | P:Q♥ 6♦=6  B:J♣ K♣ A♥=1  PLAYER(L)  | -1,000원 → 240,800원  [start]
H852 | bet   2,000원 PLAYER | P:Q♥ 6♠=6  B:8♥ 8♣=6  TIE(T)  |     0원 → 240,800원
H853 | bet   2,000원 PLAYER | P:7♣ 3♣ 9♥=9  B:A♥ K♦ 3♣=4  PLAYER(W)  | +2,000원 → 242,800원  [end_win]
H854 | bet   1,000원 BANKER | P:2♦ K♥ 6♣=8  B:2♠ 3♣ 10♥=5  PLAYER(L)  | -1,000원 → 241,800원  [start]
H855 | bet   2,000원 PLAYER | P:8♠ 8♠=6  B:9♣ 5♥ 10♥=4  PLAYER(W)  | +2,000원 → 243,800원  [end_win]
H856 | bet   1,000원 BANKER | P:6♦ 7♥=3  B:9♥ Q♣=9  BANKER(W)  | +950원 → 244,750원
H857 | bet   1,000원 BANKER | P:9♠ 7♦=6  B:8♦ 9♣=7  BANKER(W)  | +950원 → 245,700원
H858 | bet   1,000원 BANKER | P:8♠ 4♣=2  B:9♦ 10♥=9  BANKER(W)  | +950원 → 246,650원
H859 | bet   1,000원 BANKER | P:7♥ 2♥=9  B:K♠ 3♠=3  PLAYER(L)  | -1,000원 → 245,650원  [start]
H860 | bet   2,000원 PLAYER | P:5♦ 4♠=9  B:K♣ A♦=1  PLAYER(W)  | +2,000원 → 247,650원  [end_win]
H861 | bet   1,000원 BANKER | P:A♥ K♣ 5♥=6  B:10♥ A♣ 7♠=8  BANKER(W)  | +950원 → 248,600원
H862 | bet   1,000원 BANKER | P:10♠ 9♥=9  B:10♦ 4♣=4  PLAYER(L)  | -1,000원 → 247,600원  [start]
H863 | bet   2,000원 PLAYER | P:J♣ K♣ 5♥=5  B:7♠ Q♥=7  BANKER(L)  | -2,000원 → 245,600원
H864 | bet   4,000원 PLAYER | P:7♥ J♣=7  B:K♦ K♥ 5♦=5  PLAYER(W)  | +4,000원 → 249,600원  [end_win]
H865 | bet   1,000원 BANKER | P:6♥ 4♥ 7♠=7  B:Q♣ 4♠ 8♠=2  PLAYER(L)  | -1,000원 → 248,600원  [start]
H866 | bet   2,000원 PLAYER | P:8♥ 10♦=8  B:K♥ K♦=0  PLAYER(W)  | +2,000원 → 250,600원  [end_win]
H867 | bet   1,000원 BANKER | P:J♣ 8♦=8  B:5♠ A♦=6  PLAYER(L)  | -1,000원 → 249,600원  [start]
H868 | bet   2,000원 PLAYER | P:6♦ A♦=7  B:5♥ K♠ 5♠=0  PLAYER(W)  | +2,000원 → 251,600원  [end_win]
H869 | bet   1,000원 BANKER | P:4♦ A♦ 10♥=5  B:2♣ A♣ 9♦=2  PLAYER(L)  | -1,000원 → 250,600원  [start]
H870 | bet   2,000원 PLAYER | P:7♣ 2♣=9  B:2♥ 5♠=7  PLAYER(W)  | +2,000원 → 252,600원  [end_win]
H871 | bet   1,000원 BANKER | P:K♥ 5♠ Q♥=5  B:8♦ 2♠ Q♦=0  PLAYER(L)  | -1,000원 → 251,600원  [start]
H872 | bet   2,000원 PLAYER | P:6♦ 3♣=9  B:9♦ K♠=9  TIE(T)  |     0원 → 251,600원
H873 | bet   2,000원 PLAYER | P:2♣ 8♠ 4♠=4  B:5♥ 10♠ J♠=5  BANKER(L)  | -2,000원 → 249,600원
H874 | bet   4,000원 PLAYER | P:10♦ 2♦ K♠=2  B:10♠ 7♠=7  BANKER(L)  | -4,000원 → 245,600원
H875 | bet   8,000원 PLAYER | P:8♦ 2♦ 7♦=7  B:K♠ A♥ 10♠=1  PLAYER(W)  | +8,000원 → 253,600원  [end_win]
H876 | bet   1,000원 BANKER | P:6♣ 6♥ Q♦=2  B:6♠ K♠=6  BANKER(W)  | +950원 → 254,550원
H877 | bet   1,000원 BANKER | P:8♣ 2♣ 3♦=3  B:J♦ J♥ 8♣=8  BANKER(W)  | +950원 → 255,500원
H878 | bet   1,000원 BANKER | P:J♠ Q♠=0  B:8♥ A♠=9  BANKER(W)  | +950원 → 256,450원
H879 | bet   1,000원 BANKER | P:10♠ 2♣ 7♣=9  B:2♣ Q♦ 8♣=0  PLAYER(L)  | -1,000원 → 255,450원  [start]
H880 | bet   2,000원 PLAYER | P:10♣ A♥ 10♠=1  B:6♣ 7♥ 9♦=2  BANKER(L)  | -2,000원 → 253,450원
H881 | bet   4,000원 PLAYER | P:6♦ 4♥=0  B:6♠ 2♦=8  BANKER(L)  | -4,000원 → 249,450원
H882 | bet   8,000원 PLAYER | P:6♥ 5♦ A♥=2  B:7♣ Q♥=7  BANKER(L)  | -8,000원 → 241,450원
H883 | bet  16,000원 PLAYER | P:A♣ 4♦ 5♦=0  B:Q♣ 10♣ 4♥=4  BANKER(L)  | -16,000원 → 225,450원
H884 | bet  32,000원 PLAYER | P:9♣ 8♥=7  B:K♣ J♣ 6♣=6  PLAYER(W)  | +32,000원 → 257,450원  [end_win]
H885 | bet   1,000원 BANKER | P:K♦ 3♦ K♦=3  B:Q♣ 4♥=4  BANKER(W)  | +950원 → 258,400원
H886 | bet   1,000원 BANKER | P:3♠ K♣ 4♠=7  B:A♥ J♦ 6♣=7  TIE(T)  |     0원 → 258,400원
H887 | bet   1,000원 BANKER | P:3♦ 8♥ Q♦=1  B:10♦ Q♦ 3♠=3  BANKER(W)  | +950원 → 259,350원
H888 | bet   1,000원 BANKER | P:4♠ 7♠=1  B:9♣ 9♠=8  BANKER(W)  | +950원 → 260,300원
H889 | bet   1,000원 BANKER | P:5♣ 7♦ 3♦=5  B:Q♥ 10♦ K♥=0  PLAYER(L)  | -1,000원 → 259,300원  [start]
H890 | bet   2,000원 PLAYER | P:J♠ Q♥ 3♥=3  B:K♣ J♥ 8♣=8  BANKER(L)  | -2,000원 → 257,300원
H891 | bet   4,000원 PLAYER | P:2♣ J♦ 4♣=6  B:Q♠ 6♣=6  TIE(T)  |     0원 → 257,300원
H892 | bet   4,000원 PLAYER | P:5♦ 8♦ K♥=3  B:J♥ 7♥=7  BANKER(L)  | -4,000원 → 253,300원
H893 | bet   8,000원 PLAYER | P:8♥ 2♥ 5♦=5  B:8♠ 3♥ 2♦=3  PLAYER(W)  | +8,000원 → 261,300원  [end_win]
H894 | bet   1,000원 BANKER | P:6♦ Q♣=6  B:A♠ 9♣ 2♠=2  PLAYER(L)  | -1,000원 → 260,300원  [start]
H895 | bet   2,000원 PLAYER | P:A♥ A♠ 10♦=2  B:10♣ 10♥ 7♦=7  BANKER(L)  | -2,000원 → 258,300원
H896 | bet   4,000원 PLAYER | P:Q♠ 8♠=8  B:4♠ A♠=5  PLAYER(W)  | +4,000원 → 262,300원  [end_win]
H897 | bet   1,000원 BANKER | P:4♣ 8♣ K♠=2  B:J♣ A♦ A♣=2  TIE(T)  |     0원 → 262,300원
H898 | bet   1,000원 BANKER | P:5♠ 3♦=8  B:4♣ 10♣=4  PLAYER(L)  | -1,000원 → 261,300원  [start]
H899 | bet   2,000원 PLAYER | P:10♠ 4♥ 2♥=6  B:9♥ 2♠ 8♣=9  BANKER(L)  | -2,000원 → 259,300원
H900 | bet   4,000원 PLAYER | P:7♥ 7♠ 2♠=6  B:J♦ 5♠=5  PLAYER(W)  | +4,000원 → 263,300원  [end_win]
H901 | bet   1,000원 BANKER | P:7♦ J♠=7  B:8♠ 8♣=6  PLAYER(L)  | -1,000원 → 262,300원  [start]
H902 | bet   2,000원 PLAYER | P:10♦ 10♣=0  B:8♣ K♣=8  BANKER(L)  | -2,000원 → 260,300원
H903 | bet   4,000원 PLAYER | P:5♦ 5♦ 8♠=8  B:3♥ K♣=3  PLAYER(W)  | +4,000원 → 264,300원  [end_win]
H904 | bet   1,000원 BANKER | P:J♣ 7♥=7  B:A♦ J♦ Q♣=1  PLAYER(L)  | -1,000원 → 263,300원  [start]
H905 | bet   2,000원 PLAYER | P:K♠ 10♣ 9♣=9  B:9♦ 2♦ 5♥=6  PLAYER(W)  | +2,000원 → 265,300원  [end_win]
H906 | bet   1,000원 BANKER | P:A♦ 2♦ J♣=3  B:2♥ 10♥ 7♠=9  BANKER(W)  | +950원 → 266,250원
H907 | bet   1,000원 BANKER | P:K♣ A♦ A♠=2  B:3♣ J♦ A♣=4  BANKER(W)  | +950원 → 267,200원
H908 | bet   1,000원 BANKER | P:A♥ K♥ 3♥=4  B:A♥ 3♦ 6♦=0  PLAYER(L)  | -1,000원 → 266,200원  [start]
H909 | bet   2,000원 PLAYER | P:K♠ Q♦ A♥=1  B:10♦ 10♣ 6♦=6  BANKER(L)  | -2,000원 → 264,200원
H910 | bet   4,000원 PLAYER | P:A♣ 5♥=6  B:J♦ 3♠ 5♠=8  BANKER(L)  | -4,000원 → 260,200원
H911 | bet   8,000원 PLAYER | P:10♥ 8♣=8  B:4♦ J♠=4  PLAYER(W)  | +8,000원 → 268,200원  [end_win]
H912 | bet   1,000원 BANKER | P:Q♦ Q♦ 4♣=4  B:A♦ 5♠=6  BANKER(W)  | +950원 → 269,150원
H913 | bet   1,000원 BANKER | P:6♣ 3♦=9  B:4♥ 2♦=6  PLAYER(L)  | -1,000원 → 268,150원  [start]
H914 | bet   2,000원 PLAYER | P:6♥ 10♥=6  B:5♥ K♥ 6♣=1  PLAYER(W)  | +2,000원 → 270,150원  [end_win]
H915 | bet   1,000원 BANKER | P:10♦ 2♦ 8♥=0  B:Q♦ 6♣=6  BANKER(W)  | +950원 → 271,100원
H916 | bet   1,000원 BANKER | P:7♠ J♦=7  B:K♠ 7♣=7  TIE(T)  |     0원 → 271,100원
H917 | bet   1,000원 BANKER | P:7♠ 8♠=5  B:10♥ 9♦=9  BANKER(W)  | +950원 → 272,050원
H918 | bet   1,000원 BANKER | P:Q♠ 4♠ 6♦=0  B:A♠ 9♥ 8♥=8  BANKER(W)  | +950원 → 273,000원
H919 | bet   1,000원 BANKER | P:6♠ 5♦ 9♠=0  B:7♥ J♠=7  BANKER(W)  | +950원 → 273,950원
H920 | bet   1,000원 BANKER | P:4♦ 2♥=6  B:10♠ 4♥ 7♣=1  PLAYER(L)  | -1,000원 → 272,950원  [start]
H921 | bet   2,000원 PLAYER | P:9♥ 10♦=9  B:3♣ K♦=3  PLAYER(W)  | +2,000원 → 274,950원  [end_win]
H922 | bet   1,000원 BANKER | P:6♥ Q♥=6  B:8♠ K♠=8  BANKER(W)  | +950원 → 275,900원
H923 | bet   1,000원 BANKER | P:A♥ 9♥=0  B:Q♥ 9♥=9  BANKER(W)  | +950원 → 276,850원
H924 | bet   1,000원 BANKER | P:7♥ 5♦ Q♠=2  B:6♥ 8♦=4  BANKER(W)  | +950원 → 277,800원
H925 | bet   1,000원 BANKER | P:J♠ 5♣ 6♠=1  B:A♥ 5♦ 9♣=5  BANKER(W)  | +950원 → 278,750원
H926 | bet   1,000원 BANKER | P:A♣ 3♦ A♦=5  B:8♣ 9♣=7  BANKER(W)  | +950원 → 279,700원
H927 | bet   1,000원 BANKER | P:Q♣ 4♣ 10♥=4  B:10♥ 5♦=5  BANKER(W)  | +950원 → 280,650원
H928 | bet   1,000원 BANKER | P:6♠ K♣=6  B:3♠ 2♠ 4♣=9  BANKER(W)  | +950원 → 281,600원
H929 | bet   1,000원 BANKER | P:5♠ A♦=6  B:K♠ K♣ 4♦=4  PLAYER(L)  | -1,000원 → 280,600원  [start]
H930 | bet   2,000원 PLAYER | P:4♥ 5♥=9  B:2♣ J♣=2  PLAYER(W)  | +2,000원 → 282,600원  [end_win]
H931 | bet   1,000원 BANKER | P:K♥ 4♣=4  B:Q♥ 9♠=9  BANKER(W)  | +950원 → 283,550원
H932 | bet   1,000원 BANKER | P:Q♠ 7♣=7  B:2♠ 4♦=6  PLAYER(L)  | -1,000원 → 282,550원  [start]
H933 | bet   2,000원 PLAYER | P:8♥ 3♦ 5♥=6  B:8♦ 8♥=6  TIE(T)  |     0원 → 282,550원
H934 | bet   2,000원 PLAYER | P:10♦ 6♦=6  B:Q♥ 3♥ 5♣=8  BANKER(L)  | -2,000원 → 280,550원
H935 | bet   4,000원 PLAYER | P:J♠ 10♣ 5♣=5  B:6♣ 5♣ 3♥=4  PLAYER(W)  | +4,000원 → 284,550원  [end_win]
H936 | bet   1,000원 BANKER | P:9♥ 5♥ Q♥=4  B:6♠ 8♥=4  TIE(T)  |     0원 → 284,550원
H937 | bet   1,000원 BANKER | P:A♣ 3♥=4  B:A♠ 8♠=9  BANKER(W)  | +950원 → 285,500원
H938 | bet   1,000원 BANKER | P:3♠ Q♦ 7♥=0  B:A♣ 9♦ 8♦=8  BANKER(W)  | +950원 → 286,450원
H939 | bet   1,000원 BANKER | P:7♦ 8♦ 3♠=8  B:A♦ 4♠=5  PLAYER(L)  | -1,000원 → 285,450원  [start]
H940 | bet   2,000원 PLAYER | P:7♦ 7♣ 9♦=3  B:7♠ 10♠=7  BANKER(L)  | -2,000원 → 283,450원
H941 | bet   4,000원 PLAYER | P:J♣ 3♣ 9♠=2  B:10♠ 7♥=7  BANKER(L)  | -4,000원 → 279,450원
H942 | bet   8,000원 PLAYER | P:7♣ 4♠ K♠=1  B:Q♣ 4♥=4  BANKER(L)  | -8,000원 → 271,450원
H943 | bet  16,000원 PLAYER | P:3♠ 7♦ K♥=0  B:2♥ J♥ Q♣=2  BANKER(L)  | -16,000원 → 255,450원
H944 | bet  32,000원 PLAYER | P:K♠ 5♥ 7♦=2  B:J♠ 7♣=7  BANKER(L)  | -32,000원 → 223,450원  [end_giveup]
H945 | bet   1,000원 BANKER | P:K♣ J♠=0  B:3♥ 5♠=8  BANKER(W)  | +950원 → 224,400원
H946 | bet   1,000원 BANKER | P:J♥ 5♠ 6♥=1  B:2♠ 2♥ 4♦=8  BANKER(W)  | +950원 → 225,350원
H947 | bet   1,000원 BANKER | P:K♥ 9♠=9  B:J♣ Q♠=0  PLAYER(L)  | -1,000원 → 224,350원  [start]
H948 | bet   2,000원 PLAYER | P:5♦ 8♥=3  B:2♠ 6♥=8  BANKER(L)  | -2,000원 → 222,350원
H949 | bet   4,000원 PLAYER | P:6♣ 2♠=8  B:J♠ A♣=1  PLAYER(W)  | +4,000원 → 226,350원  [end_win]
H950 | bet   1,000원 BANKER | P:J♣ 2♣ 3♣=5  B:5♠ A♠=6  BANKER(W)  | +950원 → 227,300원
H951 | bet   1,000원 BANKER | P:Q♣ 2♣=2  B:J♥ 8♦=8  BANKER(W)  | +950원 → 228,250원
H952 | bet   1,000원 BANKER | P:6♠ 2♠=8  B:6♥ K♠=6  PLAYER(L)  | -1,000원 → 227,250원  [start]
H953 | bet   2,000원 PLAYER | P:9♠ J♣=9  B:4♣ J♥=4  PLAYER(W)  | +2,000원 → 229,250원  [end_win]
H954 | bet   1,000원 BANKER | P:2♣ Q♥ 9♣=1  B:6♦ 10♠=6  BANKER(W)  | +950원 → 230,200원
H955 | bet   1,000원 BANKER | P:9♠ 9♦=8  B:6♣ 9♣=5  PLAYER(L)  | -1,000원 → 229,200원  [start]
H956 | bet   2,000원 PLAYER | P:K♦ 3♠ Q♠=3  B:4♠ 9♣ 6♦=9  BANKER(L)  | -2,000원 → 227,200원
H957 | bet   4,000원 PLAYER | P:4♥ Q♠ 8♥=2  B:9♦ 6♣=5  BANKER(L)  | -4,000원 → 223,200원
H958 | bet   8,000원 PLAYER | P:7♦ 5♣ 2♦=4  B:2♣ Q♦ 3♥=5  BANKER(L)  | -8,000원 → 215,200원
H959 | bet  16,000원 PLAYER | P:2♦ A♣ J♥=3  B:9♣ 3♣ 3♠=5  BANKER(L)  | -16,000원 → 199,200원
H960 | bet  32,000원 PLAYER | P:4♠ 10♥ K♥=4  B:Q♥ 5♠=5  BANKER(L)  | -32,000원 → 167,200원  [end_giveup]
H961 | bet   1,000원 BANKER | P:4♣ 9♥=3  B:8♥ J♥=8  BANKER(W)  | +950원 → 168,150원
H962 | bet   1,000원 BANKER | P:10♠ 10♠ Q♣=0  B:A♦ 9♠ 4♣=4  BANKER(W)  | +950원 → 169,100원
H963 | bet   1,000원 BANKER | P:2♥ A♠ K♥=3  B:3♦ 2♠=5  BANKER(W)  | +950원 → 170,050원
H964 | bet   1,000원 BANKER | P:A♠ 3♦ K♦=4  B:7♥ 10♣=7  BANKER(W)  | +950원 → 171,000원
H965 | bet   1,000원 BANKER | P:8♣ 6♣ 10♠=4  B:A♥ 2♥ 5♥=8  BANKER(W)  | +950원 → 171,950원
H966 | bet   1,000원 BANKER | P:2♦ A♣ 2♣=5  B:4♦ 6♠ 10♦=0  PLAYER(L)  | -1,000원 → 170,950원  [start]
H967 | bet   2,000원 PLAYER | P:Q♠ A♥ 8♦=9  B:7♠ J♦=7  PLAYER(W)  | +2,000원 → 172,950원  [end_win]
H968 | bet   1,000원 BANKER | P:7♣ 9♥=6  B:K♦ 10♥ 2♣=2  PLAYER(L)  | -1,000원 → 171,950원  [start]
H969 | bet   2,000원 PLAYER | P:Q♦ K♦ K♣=0  B:Q♠ 4♠=4  BANKER(L)  | -2,000원 → 169,950원
H970 | bet   4,000원 PLAYER | P:3♣ 9♥ 7♦=9  B:A♥ 2♠ 4♣=7  PLAYER(W)  | +4,000원 → 173,950원  [end_win]
H971 | bet   1,000원 BANKER | P:3♠ 8♣ 7♦=8  B:K♦ 10♠ 8♠=8  TIE(T)  |     0원 → 173,950원
H972 | bet   1,000원 BANKER | P:2♥ 7♠=9  B:2♦ 3♣=5  PLAYER(L)  | -1,000원 → 172,950원  [start]
H973 | bet   2,000원 PLAYER | P:7♠ J♣=7  B:6♦ Q♣=6  PLAYER(W)  | +2,000원 → 174,950원  [end_win]
H974 | bet   1,000원 BANKER | P:7♥ 6♠ Q♥=3  B:7♦ 9♦=6  BANKER(W)  | +950원 → 175,900원
H975 | bet   1,000원 BANKER | P:A♠ A♠ 8♠=0  B:7♠ 4♥ J♦=1  BANKER(W)  | +950원 → 176,850원
H976 | bet   1,000원 BANKER | P:K♥ 5♦ 10♣=5  B:10♦ 3♦ 5♣=8  BANKER(W)  | +950원 → 177,800원
H977 | bet   1,000원 BANKER | P:Q♦ 8♠=8  B:4♦ 8♦=2  PLAYER(L)  | -1,000원 → 176,800원  [start]
H978 | bet   2,000원 PLAYER | P:Q♣ K♦ 6♦=6  B:5♣ 10♦ 5♠=0  PLAYER(W)  | +2,000원 → 178,800원  [end_win]
H979 | bet   1,000원 BANKER | P:2♣ J♦ 6♥=8  B:9♣ 4♠ 10♣=3  PLAYER(L)  | -1,000원 → 177,800원  [start]
H980 | bet   2,000원 PLAYER | P:4♦ K♦ 4♥=8  B:3♥ 2♥ 3♣=8  TIE(T)  |     0원 → 177,800원
H981 | bet   2,000원 PLAYER | P:7♥ 8♠ 10♣=5  B:4♠ 9♠ J♥=3  PLAYER(W)  | +2,000원 → 179,800원  [end_win]
H982 | bet   1,000원 BANKER | P:7♣ K♣=7  B:5♣ 8♣ 9♦=2  PLAYER(L)  | -1,000원 → 178,800원  [start]
H983 | bet   2,000원 PLAYER | P:4♠ K♥ 4♦=8  B:J♦ 3♠ 7♠=0  PLAYER(W)  | +2,000원 → 180,800원  [end_win]
H984 | bet   1,000원 BANKER | P:A♦ 6♦=7  B:9♣ K♦=9  BANKER(W)  | +950원 → 181,750원
H985 | bet   1,000원 BANKER | P:5♣ 7♣ 8♥=0  B:6♥ 5♣ 3♣=4  BANKER(W)  | +950원 → 182,700원
H986 | bet   1,000원 BANKER | P:2♠ 6♥=8  B:J♥ 7♦=7  PLAYER(L)  | -1,000원 → 181,700원  [start]
H987 | bet   2,000원 PLAYER | P:Q♣ 9♥=9  B:9♠ A♦=0  PLAYER(W)  | +2,000원 → 183,700원  [end_win]
H988 | bet   1,000원 BANKER | P:8♠ Q♦=8  B:Q♣ Q♣=0  PLAYER(L)  | -1,000원 → 182,700원  [start]
H989 | bet   2,000원 PLAYER | P:Q♠ 10♦=0  B:7♥ A♣=8  BANKER(L)  | -2,000원 → 180,700원
H990 | bet   4,000원 PLAYER | P:3♣ A♦ 5♦=9  B:8♦ 5♥ J♠=3  PLAYER(W)  | +4,000원 → 184,700원  [end_win]
H991 | bet   1,000원 BANKER | P:8♦ 8♥=6  B:5♦ J♣ 6♥=1  PLAYER(L)  | -1,000원 → 183,700원  [start]
H992 | bet   2,000원 PLAYER | P:J♣ Q♦ 8♥=8  B:Q♠ 4♠=4  PLAYER(W)  | +2,000원 → 185,700원  [end_win]
H993 | bet   1,000원 BANKER | P:4♣ 6♠ 6♥=6  B:7♠ 6♥ 4♦=7  BANKER(W)  | +950원 → 186,650원
H994 | bet   1,000원 BANKER | P:A♠ 3♥ 10♦=4  B:A♥ Q♠ 5♦=6  BANKER(W)  | +950원 → 187,600원
H995 | bet   1,000원 BANKER | P:9♣ 5♦ 6♦=0  B:2♦ 8♣ 10♥=0  TIE(T)  |     0원 → 187,600원
H996 | bet   1,000원 BANKER | P:6♠ J♠=6  B:K♣ 4♣ 10♥=4  PLAYER(L)  | -1,000원 → 186,600원  [start]
H997 | bet   2,000원 PLAYER | P:2♦ 8♣=0  B:8♣ J♦=8  BANKER(L)  | -2,000원 → 184,600원
H998 | bet   4,000원 PLAYER | P:3♠ 8♦ A♣=2  B:4♠ 6♥ 7♠=7  BANKER(L)  | -4,000원 → 180,600원
H999 | bet   8,000원 PLAYER | P:J♣ 5♣ Q♣=5  B:5♦ 6♣ 5♦=6  BANKER(L)  | -8,000원 → 172,600원
H1000 | bet  16,000원 PLAYER | P:10♠ 2♣=2  B:J♥ 8♠=8  BANKER(L)  | -16,000원 → 156,600원
H1001 | bet  32,000원 PLAYER | P:3♠ 10♠ 8♣=1  B:J♦ 6♥=6  BANKER(L)  | -32,000원 → 124,600원  [end_giveup]
H1002 | bet   1,000원 BANKER | P:9♥ 2♥ 9♣=0  B:10♠ 5♥=5  BANKER(W)  | +950원 → 125,550원
H1003 | bet   1,000원 BANKER | P:K♣ 3♣ J♦=3  B:7♣ 6♠ J♣=3  TIE(T)  |     0원 → 125,550원
H1004 | bet   1,000원 BANKER | P:A♦ 6♠=7  B:2♥ 3♥ 10♦=5  PLAYER(L)  | -1,000원 → 124,550원  [start]
H1005 | bet   2,000원 PLAYER | P:10♥ Q♠ 6♦=6  B:2♥ 5♠=7  BANKER(L)  | -2,000원 → 122,550원
H1006 | bet   4,000원 PLAYER | P:K♦ 2♦ 8♥=0  B:9♦ 8♥=7  BANKER(L)  | -4,000원 → 118,550원
H1007 | bet   8,000원 PLAYER | P:4♠ 5♣=9  B:7♦ 9♦=6  PLAYER(W)  | +8,000원 → 126,550원  [end_win]
H1008 | bet   1,000원 BANKER | P:5♠ 4♥=9  B:K♥ 4♥=4  PLAYER(L)  | -1,000원 → 125,550원  [start]
H1009 | bet   2,000원 PLAYER | P:8♠ 9♠=7  B:J♥ 2♠ K♠=2  PLAYER(W)  | +2,000원 → 127,550원  [end_win]
H1010 | bet   1,000원 BANKER | P:K♣ 8♥=8  B:Q♣ 5♥=5  PLAYER(L)  | -1,000원 → 126,550원  [start]
H1011 | bet   2,000원 PLAYER | P:5♣ Q♥ K♦=5  B:5♥ J♣=5  TIE(T)  |     0원 → 126,550원
H1012 | bet   2,000원 PLAYER | P:9♦ Q♣=9  B:9♥ 7♦=6  PLAYER(W)  | +2,000원 → 128,550원  [end_win]
H1013 | bet   1,000원 BANKER | P:10♣ 9♣=9  B:Q♦ 4♠=4  PLAYER(L)  | -1,000원 → 127,550원  [start]
H1014 | bet   2,000원 PLAYER | P:7♦ 3♠ Q♦=0  B:7♥ K♠=7  BANKER(L)  | -2,000원 → 125,550원
H1015 | bet   4,000원 PLAYER | P:3♥ 9♣ 7♥=9  B:J♥ 5♣ 8♠=3  PLAYER(W)  | +4,000원 → 129,550원  [end_win]
H1016 | bet   1,000원 BANKER | P:9♦ Q♥=9  B:A♠ 3♠=4  PLAYER(L)  | -1,000원 → 128,550원  [start]
H1017 | bet   2,000원 PLAYER | P:10♠ A♠ 9♠=0  B:10♥ 4♦=4  BANKER(L)  | -2,000원 → 126,550원
H1018 | bet   4,000원 PLAYER | P:9♣ 3♣=2  B:10♣ 8♠=8  BANKER(L)  | -4,000원 → 122,550원
H1019 | bet   8,000원 PLAYER | P:Q♥ 9♠=9  B:5♠ A♠=6  PLAYER(W)  | +8,000원 → 130,550원  [end_win]
H1020 | bet   1,000원 BANKER | P:Q♦ A♦ 3♣=4  B:A♥ 4♣=5  BANKER(W)  | +950원 → 131,500원
H1021 | bet   1,000원 BANKER | P:10♥ 8♣=8  B:8♠ 4♠=2  PLAYER(L)  | -1,000원 → 130,500원  [start]
H1022 | bet   2,000원 PLAYER | P:A♦ A♥ 2♥=4  B:2♦ Q♠ 6♦=8  BANKER(L)  | -2,000원 → 128,500원
H1023 | bet   4,000원 PLAYER | P:K♠ 7♠=7  B:Q♥ 8♠=8  BANKER(L)  | -4,000원 → 124,500원
H1024 | bet   8,000원 PLAYER | P:Q♠ 3♦=3  B:7♦ A♣=8  BANKER(L)  | -8,000원 → 116,500원
H1025 | bet  16,000원 PLAYER | P:7♣ 3♠ 2♠=2  B:K♥ K♦ 10♠=0  PLAYER(W)  | +16,000원 → 132,500원  [end_win]
H1026 | bet   1,000원 BANKER | P:6♠ 9♠ 4♣=9  B:3♦ 7♠ 2♥=2  PLAYER(L)  | -1,000원 → 131,500원  [start]
H1027 | bet   2,000원 PLAYER | P:3♥ J♦ 4♥=7  B:3♦ 10♠ 4♣=7  TIE(T)  |     0원 → 131,500원
H1028 | bet   2,000원 PLAYER | P:10♣ 6♣=6  B:A♥ 3♥ J♦=4  PLAYER(W)  | +2,000원 → 133,500원  [end_win]
H1029 | bet   1,000원 BANKER | P:10♥ 7♥=7  B:3♦ 5♦=8  BANKER(W)  | +950원 → 134,450원
H1030 | bet   1,000원 BANKER | P:5♠ 2♣=7  B:J♣ 7♠=7  TIE(T)  |     0원 → 134,450원
H1031 | bet   1,000원 BANKER | P:Q♦ 9♥=9  B:3♦ 7♠=0  PLAYER(L)  | -1,000원 → 133,450원  [start]
H1032 | bet   2,000원 PLAYER | P:J♣ 2♦ K♦=2  B:4♣ A♣=5  BANKER(L)  | -2,000원 → 131,450원
H1033 | bet   4,000원 PLAYER | P:4♦ A♠ 8♦=3  B:10♦ 6♦=6  BANKER(L)  | -4,000원 → 127,450원
H1034 | bet   8,000원 PLAYER | P:Q♦ 6♦=6  B:7♥ Q♣=7  BANKER(L)  | -8,000원 → 119,450원
H1035 | bet  16,000원 PLAYER | P:3♥ 2♠ 4♥=9  B:J♥ A♥ J♦=1  PLAYER(W)  | +16,000원 → 135,450원  [end_win]
H1036 | bet   1,000원 BANKER | P:6♣ 4♦ 9♥=9  B:7♥ 3♦ K♠=0  PLAYER(L)  | -1,000원 → 134,450원  [start]
H1037 | bet   2,000원 PLAYER | P:3♦ 10♣ 10♦=3  B:K♥ K♣ 4♥=4  BANKER(L)  | -2,000원 → 132,450원
H1038 | bet   4,000원 PLAYER | P:7♦ K♠=7  B:3♥ 3♣=6  PLAYER(W)  | +4,000원 → 136,450원  [end_win]
H1039 | bet   1,000원 BANKER | P:6♥ J♥=6  B:4♥ Q♥ 2♦=6  TIE(T)  |     0원 → 136,450원
H1040 | bet   1,000원 BANKER | P:K♠ 8♥=8  B:3♠ 2♥=5  PLAYER(L)  | -1,000원 → 135,450원  [start]
H1041 | bet   2,000원 PLAYER | P:8♦ 8♥=6  B:7♥ 8♣ 6♦=1  PLAYER(W)  | +2,000원 → 137,450원  [end_win]
H1042 | bet   1,000원 BANKER | P:5♦ A♠=6  B:A♥ 5♥=6  TIE(T)  |     0원 → 137,450원
H1043 | bet   1,000원 BANKER | P:A♣ 7♦=8  B:J♠ A♣=1  PLAYER(L)  | -1,000원 → 136,450원  [start]
H1044 | bet   2,000원 PLAYER | P:A♥ 6♣=7  B:3♥ J♥ Q♥=3  PLAYER(W)  | +2,000원 → 138,450원  [end_win]
H1045 | bet   1,000원 BANKER | P:6♣ J♠=6  B:A♣ 9♥ 2♠=2  PLAYER(L)  | -1,000원 → 137,450원  [start]
H1046 | bet   2,000원 PLAYER | P:9♠ 2♣ 9♦=0  B:2♣ 3♣=5  BANKER(L)  | -2,000원 → 135,450원
H1047 | bet   4,000원 PLAYER | P:8♠ 2♣ 4♣=4  B:5♣ 9♣ 2♠=6  BANKER(L)  | -4,000원 → 131,450원
H1048 | bet   8,000원 PLAYER | P:4♥ 9♣=3  B:3♦ 5♣=8  BANKER(L)  | -8,000원 → 123,450원
H1049 | bet  16,000원 PLAYER | P:4♥ 7♣ 4♠=5  B:4♦ 3♠=7  BANKER(L)  | -16,000원 → 107,450원
H1050 | bet  32,000원 PLAYER | P:K♦ Q♥ 8♦=8  B:A♠ 4♣=5  PLAYER(W)  | +32,000원 → 139,450원  [end_win]
H1051 | bet   1,000원 BANKER | P:9♦ 9♥=8  B:A♠ 2♣=3  PLAYER(L)  | -1,000원 → 138,450원  [start]
H1052 | bet   2,000원 PLAYER | P:K♠ 9♠=9  B:2♥ 9♦=1  PLAYER(W)  | +2,000원 → 140,450원  [end_win]
H1053 | bet   1,000원 BANKER | P:K♥ A♣ 2♣=3  B:10♦ 7♣=7  BANKER(W)  | +950원 → 141,400원
H1054 | bet   1,000원 BANKER | P:10♣ 6♣=6  B:7♣ Q♦=7  BANKER(W)  | +950원 → 142,350원
H1055 | bet   1,000원 BANKER | P:Q♣ 7♠=7  B:5♥ K♥ J♣=5  PLAYER(L)  | -1,000원 → 141,350원  [start]
H1056 | bet   2,000원 PLAYER | P:10♣ A♦=1  B:K♣ 8♦=8  BANKER(L)  | -2,000원 → 139,350원
H1057 | bet   4,000원 PLAYER | P:A♥ 5♥=6  B:5♠ 5♥ 10♥=0  PLAYER(W)  | +4,000원 → 143,350원  [end_win]
H1058 | bet   1,000원 BANKER | P:4♦ K♦ K♥=4  B:2♠ J♠ 4♠=6  BANKER(W)  | +950원 → 144,300원
H1059 | bet   1,000원 BANKER | P:9♦ 2♥ J♠=1  B:10♣ 2♦ 7♥=9  BANKER(W)  | +950원 → 145,250원
H1060 | bet   1,000원 BANKER | P:6♠ Q♥=6  B:5♠ 5♠ 10♠=0  PLAYER(L)  | -1,000원 → 144,250원  [start]
H1061 | bet   2,000원 PLAYER | P:2♠ 5♠=7  B:6♣ 8♣ K♠=4  PLAYER(W)  | +2,000원 → 146,250원  [end_win]
H1062 | bet   1,000원 BANKER | P:J♠ J♥ 10♣=0  B:4♦ 8♦ 9♠=1  BANKER(W)  | +950원 → 147,200원
H1063 | bet   1,000원 BANKER | P:7♦ K♣=7  B:K♦ 10♦ J♠=0  PLAYER(L)  | -1,000원 → 146,200원  [start]
H1064 | bet   2,000원 PLAYER | P:6♦ 10♠=6  B:7♣ 9♥=6  TIE(T)  |     0원 → 146,200원
H1065 | bet   2,000원 PLAYER | P:7♣ 6♠ Q♠=3  B:2♦ 8♣ 10♥=0  PLAYER(W)  | +2,000원 → 148,200원  [end_win]
H1066 | bet   1,000원 BANKER | P:4♦ 7♣ K♠=1  B:A♦ K♦ 5♥=6  BANKER(W)  | +950원 → 149,150원
H1067 | bet   1,000원 BANKER | P:7♠ 3♦ 8♣=8  B:8♦ 6♣=4  PLAYER(L)  | -1,000원 → 148,150원  [start]
H1068 | bet   2,000원 PLAYER | P:2♥ 7♥=9  B:K♥ 3♠=3  PLAYER(W)  | +2,000원 → 150,150원  [end_win]
H1069 | bet   1,000원 BANKER | P:10♠ 4♦ 7♥=1  B:J♣ 5♦ 10♦=5  BANKER(W)  | +950원 → 151,100원
H1070 | bet   1,000원 BANKER | P:10♣ J♦ A♦=1  B:2♠ 10♠ 4♣=6  BANKER(W)  | +950원 → 152,050원
H1071 | bet   1,000원 BANKER | P:7♦ 6♣ 7♦=0  B:2♠ A♣ 3♠=6  BANKER(W)  | +950원 → 153,000원
H1072 | bet   1,000원 BANKER | P:9♣ 4♥ 5♦=8  B:K♥ Q♥ 7♦=7  PLAYER(L)  | -1,000원 → 152,000원  [start]
H1073 | bet   2,000원 PLAYER | P:8♥ Q♥=8  B:2♣ J♥=2  PLAYER(W)  | +2,000원 → 154,000원  [end_win]
H1074 | bet   1,000원 BANKER | P:7♦ 3♥ 7♠=7  B:J♠ 4♥ 4♦=8  BANKER(W)  | +950원 → 154,950원
H1075 | bet   1,000원 BANKER | P:K♦ Q♠ 3♣=3  B:A♥ 3♦ J♠=4  BANKER(W)  | +950원 → 155,900원
H1076 | bet   1,000원 BANKER | P:A♦ 3♣=4  B:9♥ Q♥=9  BANKER(W)  | +950원 → 156,850원
H1077 | bet   1,000원 BANKER | P:K♠ Q♦=0  B:8♥ Q♣=8  BANKER(W)  | +950원 → 157,800원
H1078 | bet   1,000원 BANKER | P:7♣ 5♥ A♥=3  B:2♣ A♣ 10♥=3  TIE(T)  |     0원 → 157,800원
H1079 | bet   1,000원 BANKER | P:7♠ 8♦ 2♥=7  B:8♣ 5♣ 3♠=6  PLAYER(L)  | -1,000원 → 156,800원  [start]
H1080 | bet   2,000원 PLAYER | P:A♥ 8♦=9  B:6♠ 8♠=4  PLAYER(W)  | +2,000원 → 158,800원  [end_win]
H1081 | bet   1,000원 BANKER | P:9♠ 8♦=7  B:8♣ 10♦=8  BANKER(W)  | +950원 → 159,750원
H1082 | bet   1,000원 BANKER | P:5♣ 6♥ 8♣=9  B:5♦ 7♦ 2♥=4  PLAYER(L)  | -1,000원 → 158,750원  [start]
H1083 | bet   2,000원 PLAYER | P:3♥ 2♣=5  B:3♥ 6♠=9  BANKER(L)  | -2,000원 → 156,750원
H1084 | bet   4,000원 PLAYER | P:9♠ 7♥=6  B:K♣ 2♣ 2♠=4  PLAYER(W)  | +4,000원 → 160,750원  [end_win]
H1085 | bet   1,000원 BANKER | P:K♠ Q♦ 3♥=3  B:5♠ 7♥ 9♦=1  PLAYER(L)  | -1,000원 → 159,750원  [start]
H1086 | bet   2,000원 PLAYER | P:J♦ 5♦ K♦=5  B:A♣ 5♥=6  BANKER(L)  | -2,000원 → 157,750원
H1087 | bet   4,000원 PLAYER | P:J♣ 8♣=8  B:3♦ Q♥=3  PLAYER(W)  | +4,000원 → 161,750원  [end_win]
H1088 | bet   1,000원 BANKER | P:Q♣ 7♣=7  B:9♣ 5♥ 4♥=8  BANKER(W)  | +950원 → 162,700원
H1089 | bet   1,000원 BANKER | P:A♠ Q♦ 6♥=7  B:2♥ 2♠ 4♦=8  BANKER(W)  | +950원 → 163,650원
H1090 | bet   1,000원 BANKER | P:J♠ Q♦ K♠=0  B:2♣ Q♠ K♠=2  BANKER(W)  | +950원 → 164,600원
H1091 | bet   1,000원 BANKER | P:2♦ 9♠ 4♦=5  B:10♠ 4♠ 10♣=4  PLAYER(L)  | -1,000원 → 163,600원  [start]
H1092 | bet   2,000원 PLAYER | P:8♦ K♣=8  B:K♣ A♣=1  PLAYER(W)  | +2,000원 → 165,600원  [end_win]
H1093 | bet   1,000원 BANKER | P:Q♥ 7♦=7  B:2♦ 4♥=6  PLAYER(L)  | -1,000원 → 164,600원  [start]
H1094 | bet   2,000원 PLAYER | P:5♥ J♠ Q♣=5  B:8♠ 9♣=7  BANKER(L)  | -2,000원 → 162,600원
H1095 | bet   4,000원 PLAYER | P:5♦ 3♣=8  B:4♣ J♣=4  PLAYER(W)  | +4,000원 → 166,600원  [end_win]
H1096 | bet   1,000원 BANKER | P:7♥ 6♥ 3♣=6  B:9♣ 6♠=5  PLAYER(L)  | -1,000원 → 165,600원  [start]
H1097 | bet   2,000원 PLAYER | P:8♠ 3♦=1  B:2♠ 6♦=8  BANKER(L)  | -2,000원 → 163,600원
H1098 | bet   4,000원 PLAYER | P:K♠ 5♠ 10♣=5  B:7♠ 6♦ 6♥=9  BANKER(L)  | -4,000원 → 159,600원
H1099 | bet   8,000원 PLAYER | P:Q♠ 5♦ K♠=5  B:K♥ J♥ 10♥=0  PLAYER(W)  | +8,000원 → 167,600원  [end_win]
H1100 | bet   1,000원 BANKER | P:7♣ 6♦=3  B:5♥ 4♦=9  BANKER(W)  | +950원 → 168,550원
H1101 | bet   1,000원 BANKER | P:2♦ 3♥ 6♥=1  B:4♠ 10♦ K♦=4  BANKER(W)  | +950원 → 169,500원
H1102 | bet   1,000원 BANKER | P:5♠ 6♣ 3♥=4  B:3♠ 4♣=7  BANKER(W)  | +950원 → 170,450원
H1103 | bet   1,000원 BANKER | P:2♦ A♠ K♣=3  B:9♦ 8♠=7  BANKER(W)  | +950원 → 171,400원
H1104 | bet   1,000원 BANKER | P:4♥ A♣ 9♠=4  B:2♦ 5♠=7  BANKER(W)  | +950원 → 172,350원
H1105 | bet   1,000원 BANKER | P:7♠ 5♠ 2♥=4  B:A♦ Q♥ A♦=2  PLAYER(L)  | -1,000원 → 171,350원  [start]
H1106 | bet   2,000원 PLAYER | P:A♦ K♣ 7♣=8  B:10♦ 5♣ A♠=6  PLAYER(W)  | +2,000원 → 173,350원  [end_win]
H1107 | bet   1,000원 BANKER | P:5♦ 5♣ 7♠=7  B:K♥ Q♣ Q♣=0  PLAYER(L)  | -1,000원 → 172,350원  [start]
H1108 | bet   2,000원 PLAYER | P:7♣ 6♣ 9♦=2  B:Q♣ J♥ 4♣=4  BANKER(L)  | -2,000원 → 170,350원
H1109 | bet   4,000원 PLAYER | P:Q♣ K♦ K♦=0  B:Q♥ 3♦ Q♠=3  BANKER(L)  | -4,000원 → 166,350원
H1110 | bet   8,000원 PLAYER | P:4♣ 6♥ 4♣=4  B:9♥ 7♣=6  BANKER(L)  | -8,000원 → 158,350원
H1111 | bet  16,000원 PLAYER | P:J♣ 4♣=4  B:8♣ A♣=9  BANKER(L)  | -16,000원 → 142,350원
H1112 | bet  32,000원 PLAYER | P:10♠ J♥ 10♣=0  B:Q♦ J♦ 6♣=6  BANKER(L)  | -32,000원 → 110,350원  [end_giveup]
H1113 | bet   1,000원 BANKER | P:J♥ A♠ J♦=1  B:8♥ 9♣=7  BANKER(W)  | +950원 → 111,300원
H1114 | bet   1,000원 BANKER | P:9♣ 9♦=8  B:A♠ 10♥=1  PLAYER(L)  | -1,000원 → 110,300원  [start]
H1115 | bet   2,000원 PLAYER | P:K♣ 10♣ 7♦=7  B:3♦ 9♠ A♣=3  PLAYER(W)  | +2,000원 → 112,300원  [end_win]
H1116 | bet   1,000원 BANKER | P:Q♦ 2♣ 3♥=5  B:7♥ 10♥=7  BANKER(W)  | +950원 → 113,250원
H1117 | bet   1,000원 BANKER | P:6♦ A♠=7  B:7♠ 6♣ 2♥=5  PLAYER(L)  | -1,000원 → 112,250원  [start]
H1118 | bet   2,000원 PLAYER | P:5♥ 3♠=8  B:A♥ 4♣=5  PLAYER(W)  | +2,000원 → 114,250원  [end_win]
H1119 | bet   1,000원 BANKER | P:J♦ 3♠ 5♣=8  B:7♥ 6♣ 6♦=9  BANKER(W)  | +950원 → 115,200원
H1120 | bet   1,000원 BANKER | P:9♥ A♦ 10♠=0  B:8♠ 4♦ J♣=2  BANKER(W)  | +950원 → 116,150원
H1121 | bet   1,000원 BANKER | P:8♠ 5♠ 6♦=9  B:Q♠ 10♣ 8♥=8  PLAYER(L)  | -1,000원 → 115,150원  [start]
H1122 | bet   2,000원 PLAYER | P:J♥ 9♠=9  B:5♥ 4♥=9  TIE(T)  |     0원 → 115,150원
H1123 | bet   2,000원 PLAYER | P:2♠ 4♥=6  B:9♦ Q♦=9  BANKER(L)  | -2,000원 → 113,150원
H1124 | bet   4,000원 PLAYER | P:J♣ 9♠=9  B:10♦ 4♠=4  PLAYER(W)  | +4,000원 → 117,150원  [end_win]
H1125 | bet   1,000원 BANKER | P:10♥ 6♠=6  B:3♦ 6♥=9  BANKER(W)  | +950원 → 118,100원
H1126 | bet   1,000원 BANKER | P:8♦ 6♠ 4♠=8  B:J♠ 4♠ 9♦=3  PLAYER(L)  | -1,000원 → 117,100원  [start]
H1127 | bet   2,000원 PLAYER | P:2♦ J♦ Q♠=2  B:6♠ 10♦=6  BANKER(L)  | -2,000원 → 115,100원
H1128 | bet   4,000원 PLAYER | P:2♦ J♠=2  B:6♦ 3♦=9  BANKER(L)  | -4,000원 → 111,100원
H1129 | bet   8,000원 PLAYER | P:Q♠ 10♥=0  B:8♥ A♦=9  BANKER(L)  | -8,000원 → 103,100원
H1130 | bet  16,000원 PLAYER | P:9♥ 2♣ 7♠=8  B:6♣ A♥=7  PLAYER(W)  | +16,000원 → 119,100원  [end_win]
H1131 | bet   1,000원 BANKER | P:8♥ 5♦ 9♦=2  B:3♣ A♠=4  BANKER(W)  | +950원 → 120,050원
H1132 | bet   1,000원 BANKER | P:J♥ 3♣=3  B:5♣ 4♠=9  BANKER(W)  | +950원 → 121,000원
H1133 | bet   1,000원 BANKER | P:8♥ J♦=8  B:J♣ 9♣=9  BANKER(W)  | +950원 → 121,950원
H1134 | bet   1,000원 BANKER | P:4♥ 2♥=6  B:3♣ 2♠ J♥=5  PLAYER(L)  | -1,000원 → 120,950원  [start]
H1135 | bet   2,000원 PLAYER | P:3♠ 9♠ 9♥=1  B:5♠ K♥=5  BANKER(L)  | -2,000원 → 118,950원
H1136 | bet   4,000원 PLAYER | P:K♥ 7♣=7  B:10♥ 6♥=6  PLAYER(W)  | +4,000원 → 122,950원  [end_win]
H1137 | bet   1,000원 BANKER | P:10♦ K♣ 3♣=3  B:6♠ 5♣ 9♦=0  PLAYER(L)  | -1,000원 → 121,950원  [start]
H1138 | bet   2,000원 PLAYER | P:A♥ J♠=1  B:A♥ 8♦=9  BANKER(L)  | -2,000원 → 119,950원
H1139 | bet   4,000원 PLAYER | P:J♠ Q♦ 9♣=9  B:8♠ 7♥=5  PLAYER(W)  | +4,000원 → 123,950원  [end_win]
H1140 | bet   1,000원 BANKER | P:4♠ 2♣=6  B:K♦ 9♥=9  BANKER(W)  | +950원 → 124,900원
H1141 | bet   1,000원 BANKER | P:10♦ A♠ 8♥=9  B:5♣ 10♣=5  PLAYER(L)  | -1,000원 → 123,900원  [start]
H1142 | bet   2,000원 PLAYER | P:8♣ Q♣=8  B:8♠ K♥=8  TIE(T)  |     0원 → 123,900원
H1143 | bet   2,000원 PLAYER | P:2♦ 6♠=8  B:K♦ K♣=0  PLAYER(W)  | +2,000원 → 125,900원  [end_win]
H1144 | bet   1,000원 BANKER | P:10♠ 2♠ 10♣=2  B:5♠ J♣=5  BANKER(W)  | +950원 → 126,850원
H1145 | bet   1,000원 BANKER | P:J♦ 3♥ A♣=4  B:K♠ Q♥ 3♠=3  PLAYER(L)  | -1,000원 → 125,850원  [start]
H1146 | bet   2,000원 PLAYER | P:A♥ 8♣=9  B:7♦ 9♥=6  PLAYER(W)  | +2,000원 → 127,850원  [end_win]
H1147 | bet   1,000원 BANKER | P:J♣ 9♣=9  B:8♦ 6♦=4  PLAYER(L)  | -1,000원 → 126,850원  [start]
H1148 | bet   2,000원 PLAYER | P:3♦ Q♦ 7♦=0  B:2♥ 4♥ 4♠=0  TIE(T)  |     0원 → 126,850원
H1149 | bet   2,000원 PLAYER | P:4♠ 7♠=1  B:8♠ J♠=8  BANKER(L)  | -2,000원 → 124,850원
H1150 | bet   4,000원 PLAYER | P:9♠ 10♦=9  B:7♣ A♠=8  PLAYER(W)  | +4,000원 → 128,850원  [end_win]
H1151 | bet   1,000원 BANKER | P:10♣ 8♦=8  B:3♣ 8♥=1  PLAYER(L)  | -1,000원 → 127,850원  [start]
H1152 | bet   2,000원 PLAYER | P:Q♦ 7♦=7  B:J♣ Q♣ A♠=1  PLAYER(W)  | +2,000원 → 129,850원  [end_win]
H1153 | bet   1,000원 BANKER | P:Q♥ J♦ J♥=0  B:J♥ 10♦ 8♠=8  BANKER(W)  | +950원 → 130,800원
H1154 | bet   1,000원 BANKER | P:5♣ 2♣=7  B:3♥ 4♠=7  TIE(T)  |     0원 → 130,800원
H1155 | bet   1,000원 BANKER | P:2♦ 2♠=4  B:3♦ 5♣=8  BANKER(W)  | +950원 → 131,750원
H1156 | bet   1,000원 BANKER | P:3♦ J♦ 6♠=9  B:6♥ K♣ J♥=6  PLAYER(L)  | -1,000원 → 130,750원  [start]
H1157 | bet   2,000원 PLAYER | P:2♦ K♥ J♦=2  B:2♠ A♣ 9♦=2  TIE(T)  |     0원 → 130,750원
H1158 | bet   2,000원 PLAYER | P:6♠ A♠=7  B:3♣ 7♠ 2♦=2  PLAYER(W)  | +2,000원 → 132,750원  [end_win]
H1159 | bet   1,000원 BANKER | P:K♥ 6♦=6  B:7♠ 9♥=6  TIE(T)  |     0원 → 132,750원
H1160 | bet   1,000원 BANKER | P:4♣ 9♣=3  B:3♥ 6♥=9  BANKER(W)  | +950원 → 133,700원
H1161 | bet   1,000원 BANKER | P:9♥ 5♦ Q♦=4  B:2♣ A♣ 7♠=0  PLAYER(L)  | -1,000원 → 132,700원  [start]
H1162 | bet   2,000원 PLAYER | P:5♦ A♠=6  B:9♦ Q♣=9  BANKER(L)  | -2,000원 → 130,700원
H1163 | bet   4,000원 PLAYER | P:K♣ A♦ 4♥=5  B:3♠ K♠ 3♠=6  BANKER(L)  | -4,000원 → 126,700원
H1164 | bet   8,000원 PLAYER | P:Q♣ A♠ Q♣=1  B:Q♦ J♣ A♠=1  TIE(T)  |     0원 → 126,700원
H1165 | bet   8,000원 PLAYER | P:3♦ Q♠ 9♥=2  B:8♠ 2♥ 3♦=3  BANKER(L)  | -8,000원 → 118,700원
H1166 | bet  16,000원 PLAYER | P:8♠ 6♣ J♠=4  B:K♣ J♠ K♦=0  PLAYER(W)  | +16,000원 → 134,700원  [end_win]
H1167 | bet   1,000원 BANKER | P:9♣ 4♥ 4♣=7  B:K♠ 7♥=7  TIE(T)  |     0원 → 134,700원
H1168 | bet   1,000원 BANKER | P:Q♥ 8♣=8  B:8♣ 8♦=6  PLAYER(L)  | -1,000원 → 133,700원  [start]
H1169 | bet   2,000원 PLAYER | P:8♦ 3♥ 4♣=5  B:J♦ 6♣=6  BANKER(L)  | -2,000원 → 131,700원
H1170 | bet   4,000원 PLAYER | P:6♠ A♥=7  B:7♣ 2♠=9  BANKER(L)  | -4,000원 → 127,700원
H1171 | bet   8,000원 PLAYER | P:Q♥ A♣ 7♣=8  B:6♦ Q♦ 5♥=1  PLAYER(W)  | +8,000원 → 135,700원  [end_win]
H1172 | bet   1,000원 BANKER | P:A♥ A♥ 4♠=6  B:5♣ 8♣ A♣=4  PLAYER(L)  | -1,000원 → 134,700원  [start]
H1173 | bet   2,000원 PLAYER | P:6♥ 6♦ 8♣=0  B:K♥ K♥ J♣=0  TIE(T)  |     0원 → 134,700원
H1174 | bet   2,000원 PLAYER | P:6♥ J♠=6  B:A♦ 5♠=6  TIE(T)  |     0원 → 134,700원
H1175 | bet   2,000원 PLAYER | P:K♣ 7♠=7  B:Q♠ 5♠ 4♣=9  BANKER(L)  | -2,000원 → 132,700원
H1176 | bet   4,000원 PLAYER | P:K♠ 5♠ 8♠=3  B:J♠ 3♥=3  TIE(T)  |     0원 → 132,700원
H1177 | bet   4,000원 PLAYER | P:K♣ 3♠ 8♥=1  B:5♣ 5♣ 10♠=0  PLAYER(W)  | +4,000원 → 136,700원  [end_win]
H1178 | bet   1,000원 BANKER | P:8♥ 10♦=8  B:A♣ 7♦=8  TIE(T)  |     0원 → 136,700원
H1179 | bet   1,000원 BANKER | P:8♥ K♥=8  B:K♣ A♣=1  PLAYER(L)  | -1,000원 → 135,700원  [start]
H1180 | bet   2,000원 PLAYER | P:K♦ 6♣=6  B:8♣ 10♥=8  BANKER(L)  | -2,000원 → 133,700원
H1181 | bet   4,000원 PLAYER | P:8♠ 4♥ J♦=2  B:2♠ 5♥=7  BANKER(L)  | -4,000원 → 129,700원
H1182 | bet   8,000원 PLAYER | P:3♣ 4♠=7  B:A♥ 3♥ K♠=4  PLAYER(W)  | +8,000원 → 137,700원  [end_win]
H1183 | bet   1,000원 BANKER | P:7♥ 7♣ 7♥=1  B:3♥ 3♣ 4♥=0  PLAYER(L)  | -1,000원 → 136,700원  [start]
H1184 | bet   2,000원 PLAYER | P:9♠ 8♦=7  B:8♣ 5♦ 7♥=0  PLAYER(W)  | +2,000원 → 138,700원  [end_win]
H1185 | bet   1,000원 BANKER | P:3♥ 5♠=8  B:10♥ Q♦=0  PLAYER(L)  | -1,000원 → 137,700원  [start]
H1186 | bet   2,000원 PLAYER | P:9♠ 10♣=9  B:7♠ 4♣=1  PLAYER(W)  | +2,000원 → 139,700원  [end_win]
H1187 | bet   1,000원 BANKER | P:J♥ 9♣=9  B:6♥ 8♠=4  PLAYER(L)  | -1,000원 → 138,700원  [start]
H1188 | bet   2,000원 PLAYER | P:K♦ 10♣ 5♠=5  B:6♠ 9♦ 9♠=4  PLAYER(W)  | +2,000원 → 140,700원  [end_win]
H1189 | bet   1,000원 BANKER | P:9♠ 6♣ 5♣=0  B:10♦ 3♣ Q♠=3  BANKER(W)  | +950원 → 141,650원
H1190 | bet   1,000원 BANKER | P:A♣ 6♣=7  B:Q♦ 9♦=9  BANKER(W)  | +950원 → 142,600원
H1191 | bet   1,000원 BANKER | P:A♦ 7♥=8  B:J♦ 3♣=3  PLAYER(L)  | -1,000원 → 141,600원  [start]
H1192 | bet   2,000원 PLAYER | P:9♥ 4♥ 10♣=3  B:10♦ 10♦ J♣=0  PLAYER(W)  | +2,000원 → 143,600원  [end_win]
H1193 | bet   1,000원 BANKER | P:2♦ 3♦ 4♦=9  B:6♦ 4♥ 2♣=2  PLAYER(L)  | -1,000원 → 142,600원  [start]
H1194 | bet   2,000원 PLAYER | P:J♣ A♦ 2♣=3  B:6♣ 9♦=5  BANKER(L)  | -2,000원 → 140,600원
H1195 | bet   4,000원 PLAYER | P:9♣ 4♥ 2♠=5  B:5♣ 7♥ A♥=3  PLAYER(W)  | +4,000원 → 144,600원  [end_win]
H1196 | bet   1,000원 BANKER | P:Q♦ 7♠=7  B:3♠ K♦ J♥=3  PLAYER(L)  | -1,000원 → 143,600원  [start]
H1197 | bet   2,000원 PLAYER | P:2♠ A♥ 10♠=3  B:6♠ 6♣ 3♠=5  BANKER(L)  | -2,000원 → 141,600원
H1198 | bet   4,000원 PLAYER | P:5♦ 8♠ 5♥=8  B:3♥ 4♦=7  PLAYER(W)  | +4,000원 → 145,600원  [end_win]
H1199 | bet   1,000원 BANKER | P:3♣ 5♠=8  B:2♣ K♥=2  PLAYER(L)  | -1,000원 → 144,600원  [start]
H1200 | bet   2,000원 PLAYER | P:5♥ Q♠ Q♠=5  B:8♣ 4♦ 10♠=2  PLAYER(W)  | +2,000원 → 146,600원  [end_win]
H1201 | bet   1,000원 BANKER | P:8♥ 7♥=5  B:8♥ K♠=8  BANKER(W)  | +950원 → 147,550원
H1202 | bet   1,000원 BANKER | P:K♦ K♦=0  B:5♥ 4♠=9  BANKER(W)  | +950원 → 148,500원
H1203 | bet   1,000원 BANKER | P:2♠ Q♥ 9♥=1  B:Q♣ 5♦=5  BANKER(W)  | +950원 → 149,450원
H1204 | bet   1,000원 BANKER | P:A♦ 8♥=9  B:4♠ 7♥=1  PLAYER(L)  | -1,000원 → 148,450원  [start]
H1205 | bet   2,000원 PLAYER | P:J♥ J♣ 2♣=2  B:9♥ A♥ 7♦=7  BANKER(L)  | -2,000원 → 146,450원
H1206 | bet   4,000원 PLAYER | P:8♦ K♠=8  B:A♠ 9♦=0  PLAYER(W)  | +4,000원 → 150,450원  [end_win]
H1207 | bet   1,000원 BANKER | P:2♥ 5♦=7  B:7♦ 3♦ Q♥=0  PLAYER(L)  | -1,000원 → 149,450원  [start]
H1208 | bet   2,000원 PLAYER | P:2♦ 4♣=6  B:6♦ 5♥ J♥=1  PLAYER(W)  | +2,000원 → 151,450원  [end_win]
H1209 | bet   1,000원 BANKER | P:J♠ K♥=0  B:9♦ 10♠=9  BANKER(W)  | +950원 → 152,400원
H1210 | bet   1,000원 BANKER | P:Q♣ 3♠ 9♥=2  B:2♥ 2♦=4  BANKER(W)  | +950원 → 153,350원
H1211 | bet   1,000원 BANKER | P:7♣ 9♣=6  B:A♦ 4♦ 2♣=7  BANKER(W)  | +950원 → 154,300원
H1212 | bet   1,000원 BANKER | P:A♥ 6♥=7  B:K♦ 6♦=6  PLAYER(L)  | -1,000원 → 153,300원  [start]
H1213 | bet   2,000원 PLAYER | P:7♣ 5♥ 9♠=1  B:10♥ J♥ Q♥=0  PLAYER(W)  | +2,000원 → 155,300원  [end_win]
H1214 | bet   1,000원 BANKER | P:8♥ 5♠ 10♣=3  B:10♥ 4♠=4  BANKER(W)  | +950원 → 156,250원
H1215 | bet   1,000원 BANKER | P:8♦ J♠=8  B:K♠ 10♦=0  PLAYER(L)  | -1,000원 → 155,250원  [start]
H1216 | bet   2,000원 PLAYER | P:2♥ 6♦=8  B:2♠ J♣=2  PLAYER(W)  | +2,000원 → 157,250원  [end_win]
H1217 | bet   1,000원 BANKER | P:A♦ 3♠ K♣=4  B:Q♠ 10♣ 4♦=4  TIE(T)  |     0원 → 157,250원
H1218 | bet   1,000원 BANKER | P:10♥ 6♣=6  B:2♣ 5♣=7  BANKER(W)  | +950원 → 158,200원
H1219 | bet   1,000원 BANKER | P:Q♣ 4♦ K♦=4  B:5♥ 7♦ Q♣=2  PLAYER(L)  | -1,000원 → 157,200원  [start]
H1220 | bet   2,000원 PLAYER | P:6♥ A♣=7  B:5♦ 3♦=8  BANKER(L)  | -2,000원 → 155,200원
H1221 | bet   4,000원 PLAYER | P:Q♥ 2♦ 2♥=4  B:2♥ 3♣=5  BANKER(L)  | -4,000원 → 151,200원
H1222 | bet   8,000원 PLAYER | P:10♣ 5♦=5  B:9♣ 10♠=9  BANKER(L)  | -8,000원 → 143,200원
H1223 | bet  16,000원 PLAYER | P:4♦ Q♠ 2♦=6  B:4♦ 10♥ 5♠=9  BANKER(L)  | -16,000원 → 127,200원
H1224 | bet  32,000원 PLAYER | P:7♣ J♦=7  B:6♠ 10♠=6  PLAYER(W)  | +32,000원 → 159,200원  [end_win]
H1225 | bet   1,000원 BANKER | P:4♣ 10♠ Q♠=4  B:6♠ 10♥=6  BANKER(W)  | +950원 → 160,150원
H1226 | bet   1,000원 BANKER | P:8♣ 10♣=8  B:6♠ 7♦=3  PLAYER(L)  | -1,000원 → 159,150원  [start]
H1227 | bet   2,000원 PLAYER | P:9♣ 4♣ K♠=3  B:Q♥ 6♥=6  BANKER(L)  | -2,000원 → 157,150원
H1228 | bet   4,000원 PLAYER | P:7♣ A♠=8  B:10♦ 9♥=9  BANKER(L)  | -4,000원 → 153,150원
H1229 | bet   8,000원 PLAYER | P:K♣ J♦ 9♦=9  B:J♠ 7♦=7  PLAYER(W)  | +8,000원 → 161,150원  [end_win]
H1230 | bet   1,000원 BANKER | P:5♠ 7♦ 9♥=1  B:2♣ 3♣=5  BANKER(W)  | +950원 → 162,100원
H1231 | bet   1,000원 BANKER | P:9♠ J♣=9  B:2♣ K♦=2  PLAYER(L)  | -1,000원 → 161,100원  [start]
H1232 | bet   2,000원 PLAYER | P:K♠ J♠ Q♣=0  B:5♥ 8♥ 4♥=7  BANKER(L)  | -2,000원 → 159,100원
H1233 | bet   4,000원 PLAYER | P:K♥ 6♦=6  B:K♣ J♥ 10♠=0  PLAYER(W)  | +4,000원 → 163,100원  [end_win]
H1234 | bet   1,000원 BANKER | P:10♣ Q♦=0  B:8♦ K♥=8  BANKER(W)  | +950원 → 164,050원
H1235 | bet   1,000원 BANKER | P:8♦ A♦=9  B:3♥ 2♣=5  PLAYER(L)  | -1,000원 → 163,050원  [start]
H1236 | bet   2,000원 PLAYER | P:6♦ A♣=7  B:10♠ J♦ 4♥=4  PLAYER(W)  | +2,000원 → 165,050원  [end_win]
H1237 | bet   1,000원 BANKER | P:2♠ 6♥=8  B:A♠ Q♥=1  PLAYER(L)  | -1,000원 → 164,050원  [start]
H1238 | bet   2,000원 PLAYER | P:A♦ 10♣ 2♠=3  B:K♥ 5♦=5  BANKER(L)  | -2,000원 → 162,050원
H1239 | bet   4,000원 PLAYER | P:4♦ 3♥=7  B:4♥ 2♠=6  PLAYER(W)  | +4,000원 → 166,050원  [end_win]
H1240 | bet   1,000원 BANKER | P:9♣ 9♥=8  B:10♣ J♥=0  PLAYER(L)  | -1,000원 → 165,050원  [start]
H1241 | bet   2,000원 PLAYER | P:A♣ J♦=1  B:3♠ 6♠=9  BANKER(L)  | -2,000원 → 163,050원
H1242 | bet   4,000원 PLAYER | P:5♣ 10♠ 8♦=3  B:3♥ 7♣ 10♥=0  PLAYER(W)  | +4,000원 → 167,050원  [end_win]
H1243 | bet   1,000원 BANKER | P:8♥ Q♣=8  B:9♠ J♠=9  BANKER(W)  | +950원 → 168,000원
H1244 | bet   1,000원 BANKER | P:A♣ Q♥ 10♦=1  B:J♦ 6♣=6  BANKER(W)  | +950원 → 168,950원
H1245 | bet   1,000원 BANKER | P:9♦ 7♥=6  B:10♠ 2♦ 3♦=5  PLAYER(L)  | -1,000원 → 167,950원  [start]
H1246 | bet   2,000원 PLAYER | P:6♣ Q♥=6  B:7♣ Q♣=7  BANKER(L)  | -2,000원 → 165,950원
H1247 | bet   4,000원 PLAYER | P:J♠ 2♠ 6♥=8  B:9♠ 3♥ K♥=2  PLAYER(W)  | +4,000원 → 169,950원  [end_win]
H1248 | bet   1,000원 BANKER | P:A♥ 2♥=3  B:J♥ 8♣=8  BANKER(W)  | +950원 → 170,900원
H1249 | bet   1,000원 BANKER | P:6♣ 4♥ 5♥=5  B:4♠ J♣ A♥=5  TIE(T)  |     0원 → 170,900원
H1250 | bet   1,000원 BANKER | P:4♥ 3♥=7  B:4♦ 5♦=9  BANKER(W)  | +950원 → 171,850원
H1251 | bet   1,000원 BANKER | P:10♥ 5♠=5  B:6♦ 2♥=8  BANKER(W)  | +950원 → 172,800원
H1252 | bet   1,000원 BANKER | P:3♦ 4♥=7  B:7♦ Q♦=7  TIE(T)  |     0원 → 172,800원
H1253 | bet   1,000원 BANKER | P:A♦ K♥=1  B:Q♦ 9♣=9  BANKER(W)  | +950원 → 173,750원
H1254 | bet   1,000원 BANKER | P:3♠ 3♣=6  B:Q♥ A♠ 7♠=8  BANKER(W)  | +950원 → 174,700원
H1255 | bet   1,000원 BANKER | P:10♥ 6♦=6  B:5♦ 7♣ 7♥=9  BANKER(W)  | +950원 → 175,650원
H1256 | bet   1,000원 BANKER | P:5♥ J♠ J♣=5  B:10♥ 7♣=7  BANKER(W)  | +950원 → 176,600원
H1257 | bet   1,000원 BANKER | P:4♦ 2♦=6  B:J♦ J♣ Q♥=0  PLAYER(L)  | -1,000원 → 175,600원  [start]
H1258 | bet   2,000원 PLAYER | P:4♣ 2♠=6  B:5♥ Q♣ 6♠=1  PLAYER(W)  | +2,000원 → 177,600원  [end_win]
H1259 | bet   1,000원 BANKER | P:9♣ A♠ 7♠=7  B:8♣ 6♣ 9♥=3  PLAYER(L)  | -1,000원 → 176,600원  [start]
H1260 | bet   2,000원 PLAYER | P:Q♥ 9♦=9  B:3♠ 4♥=7  PLAYER(W)  | +2,000원 → 178,600원  [end_win]
H1261 | bet   1,000원 BANKER | P:8♣ A♠=9  B:3♦ 8♥=1  PLAYER(L)  | -1,000원 → 177,600원  [start]
H1262 | bet   2,000원 PLAYER | P:8♠ 3♠ A♥=2  B:J♥ J♣ 8♣=8  BANKER(L)  | -2,000원 → 175,600원
H1263 | bet   4,000원 PLAYER | P:J♥ 4♦ Q♦=4  B:5♣ A♥=6  BANKER(L)  | -4,000원 → 171,600원
H1264 | bet   8,000원 PLAYER | P:Q♠ K♣ Q♥=0  B:6♦ J♥=6  BANKER(L)  | -8,000원 → 163,600원
H1265 | bet  16,000원 PLAYER | P:4♥ K♠ 10♣=4  B:9♠ 5♥=4  TIE(T)  |     0원 → 163,600원
H1266 | bet  16,000원 PLAYER | P:5♦ 4♦=9  B:Q♣ 3♠=3  PLAYER(W)  | +16,000원 → 179,600원  [end_win]
H1267 | bet   1,000원 BANKER | P:5♠ 8♥ 9♦=2  B:2♥ 8♠ K♣=0  PLAYER(L)  | -1,000원 → 178,600원  [start]
H1268 | bet   2,000원 PLAYER | P:4♣ A♠ 5♥=0  B:5♦ A♦=6  BANKER(L)  | -2,000원 → 176,600원
H1269 | bet   4,000원 PLAYER | P:3♦ Q♠ 4♠=7  B:Q♦ Q♦ 7♦=7  TIE(T)  |     0원 → 176,600원
H1270 | bet   4,000원 PLAYER | P:8♦ K♦=8  B:J♥ 7♥=7  PLAYER(W)  | +4,000원 → 180,600원  [end_win]
H1271 | bet   1,000원 BANKER | P:3♠ 4♣=7  B:K♠ A♣ 6♠=7  TIE(T)  |     0원 → 180,600원
H1272 | bet   1,000원 BANKER | P:K♠ A♣=1  B:J♦ 8♦=8  BANKER(W)  | +950원 → 181,550원
H1273 | bet   1,000원 BANKER | P:10♦ K♥ 2♠=2  B:10♠ 6♠=6  BANKER(W)  | +950원 → 182,500원
H1274 | bet   1,000원 BANKER | P:7♥ 9♠=6  B:5♥ A♦=6  TIE(T)  |     0원 → 182,500원
H1275 | bet   1,000원 BANKER | P:3♠ 10♦ K♦=3  B:5♠ 5♦ 9♦=9  BANKER(W)  | +950원 → 183,450원
H1276 | bet   1,000원 BANKER | P:Q♣ 2♥ J♣=2  B:K♦ 7♦=7  BANKER(W)  | +950원 → 184,400원
H1277 | bet   1,000원 BANKER | P:9♥ 8♣=7  B:10♥ 2♥ 10♠=2  PLAYER(L)  | -1,000원 → 183,400원  [start]
H1278 | bet   2,000원 PLAYER | P:3♣ K♣ 3♥=6  B:A♠ 9♠ K♦=0  PLAYER(W)  | +2,000원 → 185,400원  [end_win]
H1279 | bet   1,000원 BANKER | P:6♥ 7♣ 5♣=8  B:4♣ 8♠ 8♠=0  PLAYER(L)  | -1,000원 → 184,400원  [start]
H1280 | bet   2,000원 PLAYER | P:J♣ Q♠ 7♣=7  B:3♦ A♠ 8♥=2  PLAYER(W)  | +2,000원 → 186,400원  [end_win]
H1281 | bet   1,000원 BANKER | P:2♣ 9♥=1  B:9♣ 10♦=9  BANKER(W)  | +950원 → 187,350원
H1282 | bet   1,000원 BANKER | P:Q♣ 8♠=8  B:K♥ J♠=0  PLAYER(L)  | -1,000원 → 186,350원  [start]
H1283 | bet   2,000원 PLAYER | P:8♠ 7♠ 4♦=9  B:J♥ 3♥ A♥=4  PLAYER(W)  | +2,000원 → 188,350원  [end_win]
H1284 | bet   1,000원 BANKER | P:6♥ 10♦=6  B:3♥ K♦ 10♣=3  PLAYER(L)  | -1,000원 → 187,350원  [start]
H1285 | bet   2,000원 PLAYER | P:A♠ 9♦ 10♥=0  B:Q♦ 7♠=7  BANKER(L)  | -2,000원 → 185,350원
H1286 | bet   4,000원 PLAYER | P:5♥ 6♠ 8♥=9  B:5♣ 8♣=3  PLAYER(W)  | +4,000원 → 189,350원  [end_win]
H1287 | bet   1,000원 BANKER | P:2♣ 8♥ 9♠=9  B:4♣ 8♣ A♥=3  PLAYER(L)  | -1,000원 → 188,350원  [start]
H1288 | bet   2,000원 PLAYER | P:8♥ Q♦=8  B:7♠ K♠=7  PLAYER(W)  | +2,000원 → 190,350원  [end_win]
H1289 | bet   1,000원 BANKER | P:9♦ 4♦ 3♣=6  B:A♦ Q♠ 10♠=1  PLAYER(L)  | -1,000원 → 189,350원  [start]
H1290 | bet   2,000원 PLAYER | P:9♠ 4♦ 9♥=2  B:7♠ 3♣ 3♦=3  BANKER(L)  | -2,000원 → 187,350원
H1291 | bet   4,000원 PLAYER | P:10♦ 6♦=6  B:K♣ A♣ J♠=1  PLAYER(W)  | +4,000원 → 191,350원  [end_win]
H1292 | bet   1,000원 BANKER | P:6♣ 9♣ 6♦=1  B:4♠ Q♠ 2♠=6  BANKER(W)  | +950원 → 192,300원
H1293 | bet   1,000원 BANKER | P:K♠ 4♠ K♣=4  B:2♦ 10♥ 5♠=7  BANKER(W)  | +950원 → 193,250원
H1294 | bet   1,000원 BANKER | P:5♠ 6♥ 2♦=3  B:5♠ 5♣ 10♦=0  PLAYER(L)  | -1,000원 → 192,250원  [start]
H1295 | bet   2,000원 PLAYER | P:4♣ 2♦=6  B:3♦ 10♣ 9♣=2  PLAYER(W)  | +2,000원 → 194,250원  [end_win]
H1296 | bet   1,000원 BANKER | P:8♦ 4♠ 7♥=9  B:8♠ 2♠ 9♦=9  TIE(T)  |     0원 → 194,250원
H1297 | bet   1,000원 BANKER | P:4♣ 8♦ 2♥=4  B:J♠ K♥ 3♣=3  PLAYER(L)  | -1,000원 → 193,250원  [start]
H1298 | bet   2,000원 PLAYER | P:10♠ 5♦ K♦=5  B:6♣ J♦=6  BANKER(L)  | -2,000원 → 191,250원
H1299 | bet   4,000원 PLAYER | P:7♠ K♠=7  B:4♠ 7♣ 7♦=8  BANKER(L)  | -4,000원 → 187,250원
H1300 | bet   8,000원 PLAYER | P:6♦ 9♣ 10♣=5  B:7♥ 5♦ 9♥=1  PLAYER(W)  | +8,000원 → 195,250원  [end_win]
H1301 | bet   1,000원 BANKER | P:3♣ 10♣=3  B:J♦ 9♦=9  BANKER(W)  | +950원 → 196,200원
H1302 | bet   1,000원 BANKER | P:Q♣ A♥ Q♠=1  B:2♣ 2♣=4  BANKER(W)  | +950원 → 197,150원
H1303 | bet   1,000원 BANKER | P:7♥ 6♠ A♣=4  B:3♣ K♠ 5♣=8  BANKER(W)  | +950원 → 198,100원
H1304 | bet   1,000원 BANKER | P:J♣ Q♠ 4♠=4  B:6♥ 4♠ 4♣=4  TIE(T)  |     0원 → 198,100원
H1305 | bet   1,000원 BANKER | P:A♦ 6♣=7  B:A♥ A♣ 2♦=4  PLAYER(L)  | -1,000원 → 197,100원  [start]
H1306 | bet   2,000원 PLAYER | P:8♠ 2♦ 7♣=7  B:2♥ 2♣ 9♣=3  PLAYER(W)  | +2,000원 → 199,100원  [end_win]
H1307 | bet   1,000원 BANKER | P:K♣ 7♦=7  B:6♥ 7♠ 3♦=6  PLAYER(L)  | -1,000원 → 198,100원  [start]
H1308 | bet   2,000원 PLAYER | P:5♣ Q♠ 8♦=3  B:7♥ 6♥=3  TIE(T)  |     0원 → 198,100원
H1309 | bet   2,000원 PLAYER | P:7♦ A♦=8  B:6♠ 10♦=6  PLAYER(W)  | +2,000원 → 200,100원  [end_win]
H1310 | bet   1,000원 BANKER | P:7♦ 5♠ Q♥=2  B:9♥ 3♠ 6♣=8  BANKER(W)  | +950원 → 201,050원
H1311 | bet   1,000원 BANKER | P:3♦ 4♥=7  B:K♦ 3♦ 6♣=9  BANKER(W)  | +950원 → 202,000원
H1312 | bet   1,000원 BANKER | P:9♥ 7♦=6  B:10♦ Q♠ 9♦=9  BANKER(W)  | +950원 → 202,950원
H1313 | bet   1,000원 BANKER | P:4♠ 2♦=6  B:K♦ 5♠ 2♦=7  BANKER(W)  | +950원 → 203,900원
H1314 | bet   1,000원 BANKER | P:K♣ 7♥=7  B:J♦ J♦ Q♠=0  PLAYER(L)  | -1,000원 → 202,900원  [start]
H1315 | bet   2,000원 PLAYER | P:7♦ 9♥=6  B:3♠ 6♣=9  BANKER(L)  | -2,000원 → 200,900원
H1316 | bet   4,000원 PLAYER | P:J♦ K♣=0  B:9♠ 10♥=9  BANKER(L)  | -4,000원 → 196,900원
H1317 | bet   8,000원 PLAYER | P:K♣ 3♥ 6♣=9  B:7♠ Q♦=7  PLAYER(W)  | +8,000원 → 204,900원  [end_win]
H1318 | bet   1,000원 BANKER | P:K♣ Q♣ J♥=0  B:K♣ 5♣=5  BANKER(W)  | +950원 → 205,850원
H1319 | bet   1,000원 BANKER | P:2♣ 6♦=8  B:A♣ 4♥=5  PLAYER(L)  | -1,000원 → 204,850원  [start]
H1320 | bet   2,000원 PLAYER | P:5♥ Q♣ 3♥=8  B:6♥ A♦=7  PLAYER(W)  | +2,000원 → 206,850원  [end_win]
H1321 | bet   1,000원 BANKER | P:5♠ Q♥ 6♦=1  B:J♥ Q♥ A♥=1  TIE(T)  |     0원 → 206,850원
H1322 | bet   1,000원 BANKER | P:7♠ Q♦=7  B:8♦ A♠=9  BANKER(W)  | +950원 → 207,800원
H1323 | bet   1,000원 BANKER | P:3♣ A♥ K♠=4  B:J♠ A♦ 9♣=0  PLAYER(L)  | -1,000원 → 206,800원  [start]
H1324 | bet   2,000원 PLAYER | P:6♦ 2♦=8  B:2♥ 2♣=4  PLAYER(W)  | +2,000원 → 208,800원  [end_win]
H1325 | bet   1,000원 BANKER | P:9♠ 3♠ 4♥=6  B:9♥ 3♠ 2♦=4  PLAYER(L)  | -1,000원 → 207,800원  [start]
H1326 | bet   2,000원 PLAYER | P:J♠ 6♥=6  B:9♦ Q♣=9  BANKER(L)  | -2,000원 → 205,800원
H1327 | bet   4,000원 PLAYER | P:4♠ A♥ 3♦=8  B:5♣ 9♠ 3♣=7  PLAYER(W)  | +4,000원 → 209,800원  [end_win]
H1328 | bet   1,000원 BANKER | P:9♣ 5♥ A♥=5  B:7♥ 9♦=6  BANKER(W)  | +950원 → 210,750원
H1329 | bet   1,000원 BANKER | P:8♦ 8♦=6  B:2♣ 10♦ 2♦=4  PLAYER(L)  | -1,000원 → 209,750원  [start]
H1330 | bet   2,000원 PLAYER | P:4♦ 5♣=9  B:4♣ 4♦=8  PLAYER(W)  | +2,000원 → 211,750원  [end_win]
H1331 | bet   1,000원 BANKER | P:4♠ 6♣ 4♣=4  B:10♥ K♥ 5♥=5  BANKER(W)  | +950원 → 212,700원
H1332 | bet   1,000원 BANKER | P:8♣ A♥=9  B:9♦ 6♣=5  PLAYER(L)  | -1,000원 → 211,700원  [start]
H1333 | bet   2,000원 PLAYER | P:K♥ 8♠=8  B:Q♦ 6♦=6  PLAYER(W)  | +2,000원 → 213,700원  [end_win]
H1334 | bet   1,000원 BANKER | P:5♠ 7♥ Q♠=2  B:9♥ 7♥=6  BANKER(W)  | +950원 → 214,650원
H1335 | bet   1,000원 BANKER | P:6♥ 10♠=6  B:7♥ Q♠=7  BANKER(W)  | +950원 → 215,600원
H1336 | bet   1,000원 BANKER | P:10♦ J♠ 6♠=6  B:9♠ 3♦ 7♣=9  BANKER(W)  | +950원 → 216,550원
H1337 | bet   1,000원 BANKER | P:K♦ A♣ K♦=1  B:Q♦ 3♥ A♣=4  BANKER(W)  | +950원 → 217,500원
H1338 | bet   1,000원 BANKER | P:6♦ 5♥ 4♥=5  B:4♠ 7♥ 3♣=4  PLAYER(L)  | -1,000원 → 216,500원  [start]
H1339 | bet   2,000원 PLAYER | P:2♣ J♠=2  B:J♠ 8♥=8  BANKER(L)  | -2,000원 → 214,500원
H1340 | bet   4,000원 PLAYER | P:9♥ J♠=9  B:9♦ 10♥=9  TIE(T)  |     0원 → 214,500원
H1341 | bet   4,000원 PLAYER | P:10♥ J♣ Q♠=0  B:6♠ J♥=6  BANKER(L)  | -4,000원 → 210,500원
H1342 | bet   8,000원 PLAYER | P:10♠ 9♠=9  B:A♠ J♦=1  PLAYER(W)  | +8,000원 → 218,500원  [end_win]
H1343 | bet   1,000원 BANKER | P:Q♠ 5♦ 3♠=8  B:J♦ 10♦ 4♥=4  PLAYER(L)  | -1,000원 → 217,500원  [start]
H1344 | bet   2,000원 PLAYER | P:6♣ 10♣=6  B:6♠ A♠=7  BANKER(L)  | -2,000원 → 215,500원
H1345 | bet   4,000원 PLAYER | P:8♠ 4♣ Q♣=2  B:A♠ 9♥ 2♠=2  TIE(T)  |     0원 → 215,500원
H1346 | bet   4,000원 PLAYER | P:2♦ 9♣ J♣=1  B:K♦ A♠ J♥=1  TIE(T)  |     0원 → 215,500원
H1347 | bet   4,000원 PLAYER | P:4♣ K♦ 9♣=3  B:8♣ 2♠ A♠=1  PLAYER(W)  | +4,000원 → 219,500원  [end_win]
H1348 | bet   1,000원 BANKER | P:Q♦ 5♦ K♠=5  B:8♦ 9♦=7  BANKER(W)  | +950원 → 220,450원
H1349 | bet   1,000원 BANKER | P:4♠ 10♥ 4♣=8  B:7♠ 4♦ Q♦=1  PLAYER(L)  | -1,000원 → 219,450원  [start]
H1350 | bet   2,000원 PLAYER | P:2♥ 8♥ 3♣=3  B:K♥ J♣ 5♥=5  BANKER(L)  | -2,000원 → 217,450원
H1351 | bet   4,000원 PLAYER | P:9♦ 7♦=6  B:3♠ 3♠=6  TIE(T)  |     0원 → 217,450원
H1352 | bet   4,000원 PLAYER | P:J♣ 3♠=3  B:J♠ 8♠=8  BANKER(L)  | -4,000원 → 213,450원
H1353 | bet   8,000원 PLAYER | P:3♠ K♠ A♦=4  B:8♥ 4♦ Q♥=2  PLAYER(W)  | +8,000원 → 221,450원  [end_win]
H1354 | bet   1,000원 BANKER | P:A♦ 5♦=6  B:10♣ 8♣=8  BANKER(W)  | +950원 → 222,400원
H1355 | bet   1,000원 BANKER | P:8♥ 8♦=6  B:A♠ 9♣ 4♦=4  PLAYER(L)  | -1,000원 → 221,400원  [start]
H1356 | bet   2,000원 PLAYER | P:2♠ 10♠ 3♦=5  B:J♦ 2♠ A♦=3  PLAYER(W)  | +2,000원 → 223,400원  [end_win]
H1357 | bet   1,000원 BANKER | P:2♠ K♠=2  B:K♥ 8♣=8  BANKER(W)  | +950원 → 224,350원
H1358 | bet   1,000원 BANKER | P:Q♠ 8♣=8  B:4♦ 7♥=1  PLAYER(L)  | -1,000원 → 223,350원  [start]
H1359 | bet   2,000원 PLAYER | P:5♣ 7♠ 5♠=7  B:J♣ J♠ 10♣=0  PLAYER(W)  | +2,000원 → 225,350원  [end_win]
H1360 | bet   1,000원 BANKER | P:5♦ 10♦ 2♥=7  B:J♥ 4♥ 4♠=8  BANKER(W)  | +950원 → 226,300원
H1361 | bet   1,000원 BANKER | P:4♣ 10♣ A♥=5  B:8♥ 5♥ Q♥=3  PLAYER(L)  | -1,000원 → 225,300원  [start]
H1362 | bet   2,000원 PLAYER | P:A♣ 2♦ 9♥=2  B:5♦ 8♠ 3♣=6  BANKER(L)  | -2,000원 → 223,300원
H1363 | bet   4,000원 PLAYER | P:A♦ 5♠=6  B:K♠ 7♦=7  BANKER(L)  | -4,000원 → 219,300원
H1364 | bet   8,000원 PLAYER | P:10♠ Q♥=0  B:8♠ K♥=8  BANKER(L)  | -8,000원 → 211,300원
H1365 | bet  16,000원 PLAYER | P:A♦ 2♣ 7♦=0  B:6♦ 5♥ 5♣=6  BANKER(L)  | -16,000원 → 195,300원
H1366 | bet  32,000원 PLAYER | P:Q♣ 9♣=9  B:A♣ 6♥=7  PLAYER(W)  | +32,000원 → 227,300원  [end_win]
H1367 | bet   1,000원 BANKER | P:4♦ 9♠ 6♠=9  B:J♣ 6♥ J♣=6  PLAYER(L)  | -1,000원 → 226,300원  [start]
H1368 | bet   2,000원 PLAYER | P:9♥ 4♣ 8♠=1  B:8♠ 7♠=5  BANKER(L)  | -2,000원 → 224,300원
H1369 | bet   4,000원 PLAYER | P:K♥ 2♣ 7♣=9  B:A♥ 10♣ 7♦=8  PLAYER(W)  | +4,000원 → 228,300원  [end_win]
H1370 | bet   1,000원 BANKER | P:7♣ 2♥=9  B:2♠ 7♠=9  TIE(T)  |     0원 → 228,300원
H1371 | bet   1,000원 BANKER | P:3♦ 6♠=9  B:8♣ Q♥=8  PLAYER(L)  | -1,000원 → 227,300원  [start]
H1372 | bet   2,000원 PLAYER | P:10♣ 3♣ 7♣=0  B:6♦ K♣ J♥=6  BANKER(L)  | -2,000원 → 225,300원
H1373 | bet   4,000원 PLAYER | P:3♥ 10♦ 7♣=0  B:3♥ 10♥ 6♥=9  BANKER(L)  | -4,000원 → 221,300원
H1374 | bet   8,000원 PLAYER | P:8♦ 4♠=2  B:8♦ Q♦=8  BANKER(L)  | -8,000원 → 213,300원
H1375 | bet  16,000원 PLAYER | P:4♣ 8♠ 5♠=7  B:2♠ 9♦ 7♥=8  BANKER(L)  | -16,000원 → 197,300원
H1376 | bet  32,000원 PLAYER | P:5♠ J♥ 10♦=5  B:K♥ 7♣=7  BANKER(L)  | -32,000원 → 165,300원  [end_giveup]
H1377 | bet   1,000원 BANKER | P:5♦ 9♠ A♣=5  B:10♣ J♣ A♠=1  PLAYER(L)  | -1,000원 → 164,300원  [start]
H1378 | bet   2,000원 PLAYER | P:K♠ K♦ 6♥=6  B:3♥ 2♠ 6♥=1  PLAYER(W)  | +2,000원 → 166,300원  [end_win]
H1379 | bet   1,000원 BANKER | P:8♣ 6♣ 2♥=6  B:8♣ 7♦=5  PLAYER(L)  | -1,000원 → 165,300원  [start]
H1380 | bet   2,000원 PLAYER | P:Q♠ 5♦=5  B:K♥ 9♣=9  BANKER(L)  | -2,000원 → 163,300원
H1381 | bet   4,000원 PLAYER | P:10♠ 7♣=7  B:8♥ 9♠=7  TIE(T)  |     0원 → 163,300원
H1382 | bet   4,000원 PLAYER | P:5♠ 3♣=8  B:Q♦ Q♣=0  PLAYER(W)  | +4,000원 → 167,300원  [end_win]
H1383 | bet   1,000원 BANKER | P:K♠ Q♥ 6♠=6  B:J♥ 10♣ A♥=1  PLAYER(L)  | -1,000원 → 166,300원  [start]
H1384 | bet   2,000원 PLAYER | P:2♣ 10♥ 10♥=2  B:4♥ 6♣ A♣=1  PLAYER(W)  | +2,000원 → 168,300원  [end_win]
H1385 | bet   1,000원 BANKER | P:5♣ 4♠=9  B:K♣ 3♥=3  PLAYER(L)  | -1,000원 → 167,300원  [start]
H1386 | bet   2,000원 PLAYER | P:K♣ 3♣ Q♥=3  B:Q♣ 10♠ K♠=0  PLAYER(W)  | +2,000원 → 169,300원  [end_win]
H1387 | bet   1,000원 BANKER | P:5♣ 2♦=7  B:10♦ 2♣ A♦=3  PLAYER(L)  | -1,000원 → 168,300원  [start]
H1388 | bet   2,000원 PLAYER | P:2♥ 8♥ 2♥=2  B:7♦ 7♠ J♦=4  BANKER(L)  | -2,000원 → 166,300원
H1389 | bet   4,000원 PLAYER | P:3♥ 6♦=9  B:5♦ Q♣=5  PLAYER(W)  | +4,000원 → 170,300원  [end_win]
H1390 | bet   1,000원 BANKER | P:2♥ 3♦ 10♠=5  B:5♥ 7♠ 7♣=9  BANKER(W)  | +950원 → 171,250원
H1391 | bet   1,000원 BANKER | P:5♠ 4♠=9  B:Q♦ 10♣=0  PLAYER(L)  | -1,000원 → 170,250원  [start]
H1392 | bet   2,000원 PLAYER | P:J♠ 4♠ 10♣=4  B:9♣ 2♣ 5♠=6  BANKER(L)  | -2,000원 → 168,250원
H1393 | bet   4,000원 PLAYER | P:Q♣ 4♦ K♦=4  B:Q♥ A♠ K♦=1  PLAYER(W)  | +4,000원 → 172,250원  [end_win]
H1394 | bet   1,000원 BANKER | P:5♥ 10♥ Q♦=5  B:5♣ 8♦ 4♦=7  BANKER(W)  | +950원 → 173,200원
H1395 | bet   1,000원 BANKER | P:A♦ 9♥=0  B:9♥ K♠=9  BANKER(W)  | +950원 → 174,150원
H1396 | bet   1,000원 BANKER | P:5♥ Q♥ J♠=5  B:8♣ 3♣ 5♥=6  BANKER(W)  | +950원 → 175,100원
H1397 | bet   1,000원 BANKER | P:10♠ J♣ Q♥=0  B:9♥ 2♦ A♣=2  BANKER(W)  | +950원 → 176,050원
H1398 | bet   1,000원 BANKER | P:3♠ 3♠=6  B:5♠ K♦ 7♣=2  PLAYER(L)  | -1,000원 → 175,050원  [start]
H1399 | bet   2,000원 PLAYER | P:6♦ 5♥=1  B:9♠ K♣=9  BANKER(L)  | -2,000원 → 173,050원
H1400 | bet   4,000원 PLAYER | P:10♦ 6♠=6  B:J♥ A♥ J♥=1  PLAYER(W)  | +4,000원 → 177,050원  [end_win]
H1401 | bet   1,000원 BANKER | P:J♥ 7♥=7  B:10♠ 7♠=7  TIE(T)  |     0원 → 177,050원
H1402 | bet   1,000원 BANKER | P:A♠ 2♦=3  B:9♠ J♣=9  BANKER(W)  | +950원 → 178,000원
H1403 | bet   1,000원 BANKER | P:3♦ Q♦ 8♣=1  B:2♣ Q♠ 9♦=1  TIE(T)  |     0원 → 178,000원
H1404 | bet   1,000원 BANKER | P:7♠ 8♥=5  B:K♦ 9♥=9  BANKER(W)  | +950원 → 178,950원
H1405 | bet   1,000원 BANKER | P:4♣ J♦=4  B:8♠ J♦=8  BANKER(W)  | +950원 → 179,900원
H1406 | bet   1,000원 BANKER | P:7♠ 8♣ A♦=6  B:10♦ 10♥ 3♥=3  PLAYER(L)  | -1,000원 → 178,900원  [start]
H1407 | bet   2,000원 PLAYER | P:2♦ 7♠=9  B:10♠ 10♦=0  PLAYER(W)  | +2,000원 → 180,900원  [end_win]
H1408 | bet   1,000원 BANKER | P:Q♥ 5♦ J♦=5  B:2♠ Q♠ J♥=2  PLAYER(L)  | -1,000원 → 179,900원  [start]
H1409 | bet   2,000원 PLAYER | P:8♥ 10♦=8  B:3♣ 6♣=9  BANKER(L)  | -2,000원 → 177,900원
H1410 | bet   4,000원 PLAYER | P:7♦ 4♠ 7♣=8  B:3♠ Q♥ 8♦=1  PLAYER(W)  | +4,000원 → 181,900원  [end_win]
H1411 | bet   1,000원 BANKER | P:K♥ J♣ 8♦=8  B:Q♣ 10♠ 2♦=2  PLAYER(L)  | -1,000원 → 180,900원  [start]
H1412 | bet   2,000원 PLAYER | P:5♦ 10♥ 6♦=1  B:3♦ 4♥=7  BANKER(L)  | -2,000원 → 178,900원
H1413 | bet   4,000원 PLAYER | P:6♦ 6♠ 2♣=4  B:2♦ K♥ 8♦=0  PLAYER(W)  | +4,000원 → 182,900원  [end_win]
H1414 | bet   1,000원 BANKER | P:7♣ 9♦=6  B:2♥ 7♠=9  BANKER(W)  | +950원 → 183,850원
H1415 | bet   1,000원 BANKER | P:8♥ 3♥ 4♦=5  B:10♣ 5♣ 6♥=1  PLAYER(L)  | -1,000원 → 182,850원  [start]
H1416 | bet   2,000원 PLAYER | P:Q♠ 6♥=6  B:7♣ 4♣ Q♥=1  PLAYER(W)  | +2,000원 → 184,850원  [end_win]
H1417 | bet   1,000원 BANKER | P:J♦ K♦ K♣=0  B:2♦ 5♥=7  BANKER(W)  | +950원 → 185,800원
H1418 | bet   1,000원 BANKER | P:K♣ K♠ 10♥=0  B:A♣ 3♠=4  BANKER(W)  | +950원 → 186,750원
H1419 | bet   1,000원 BANKER | P:10♠ 5♠ 2♦=7  B:2♣ Q♥ 9♣=1  PLAYER(L)  | -1,000원 → 185,750원  [start]
H1420 | bet   2,000원 PLAYER | P:4♠ 3♣=7  B:9♥ 6♣ Q♥=5  PLAYER(W)  | +2,000원 → 187,750원  [end_win]
H1421 | bet   1,000원 BANKER | P:8♠ 7♦ Q♣=5  B:A♠ 3♥=4  PLAYER(L)  | -1,000원 → 186,750원  [start]
H1422 | bet   2,000원 PLAYER | P:9♥ J♦=9  B:J♠ 2♣=2  PLAYER(W)  | +2,000원 → 188,750원  [end_win]
H1423 | bet   1,000원 BANKER | P:3♣ 6♠=9  B:4♣ Q♣=4  PLAYER(L)  | -1,000원 → 187,750원  [start]
H1424 | bet   2,000원 PLAYER | P:A♣ Q♣ 4♥=5  B:10♦ J♣ Q♦=0  PLAYER(W)  | +2,000원 → 189,750원  [end_win]
H1425 | bet   1,000원 BANKER | P:J♥ 2♠ 7♦=9  B:7♦ 8♣ 10♦=5  PLAYER(L)  | -1,000원 → 188,750원  [start]
H1426 | bet   2,000원 PLAYER | P:A♦ J♦ 4♦=5  B:J♠ 6♣=6  BANKER(L)  | -2,000원 → 186,750원
H1427 | bet   4,000원 PLAYER | P:K♣ 8♠=8  B:9♦ 7♦=6  PLAYER(W)  | +4,000원 → 190,750원  [end_win]
H1428 | bet   1,000원 BANKER | P:10♠ A♥ 4♣=5  B:3♦ J♠ J♣=3  PLAYER(L)  | -1,000원 → 189,750원  [start]
H1429 | bet   2,000원 PLAYER | P:A♥ A♦ K♣=2  B:A♦ 6♣=7  BANKER(L)  | -2,000원 → 187,750원
H1430 | bet   4,000원 PLAYER | P:6♦ 8♣ 10♥=4  B:K♠ K♠ 3♦=3  PLAYER(W)  | +4,000원 → 191,750원  [end_win]
H1431 | bet   1,000원 BANKER | P:K♠ A♣ 4♠=5  B:3♥ A♣ A♥=5  TIE(T)  |     0원 → 191,750원
H1432 | bet   1,000원 BANKER | P:7♠ 5♦=2  B:9♠ Q♠=9  BANKER(W)  | +950원 → 192,700원
H1433 | bet   1,000원 BANKER | P:5♥ A♥=6  B:K♦ 4♥ 8♥=2  PLAYER(L)  | -1,000원 → 191,700원  [start]
H1434 | bet   2,000원 PLAYER | P:A♥ 7♣=8  B:4♠ 4♦=8  TIE(T)  |     0원 → 191,700원
H1435 | bet   2,000원 PLAYER | P:6♥ 8♥ Q♣=4  B:10♦ K♥ 8♣=8  BANKER(L)  | -2,000원 → 189,700원
H1436 | bet   4,000원 PLAYER | P:J♥ 9♦=9  B:3♣ Q♦=3  PLAYER(W)  | +4,000원 → 193,700원  [end_win]
H1437 | bet   1,000원 BANKER | P:6♠ 3♣=9  B:5♣ K♠=5  PLAYER(L)  | -1,000원 → 192,700원  [start]
H1438 | bet   2,000원 PLAYER | P:4♦ 3♦=7  B:5♠ 2♣=7  TIE(T)  |     0원 → 192,700원
H1439 | bet   2,000원 PLAYER | P:9♥ 5♦ A♠=5  B:10♦ K♥ 7♥=7  BANKER(L)  | -2,000원 → 190,700원
H1440 | bet   4,000원 PLAYER | P:7♥ K♠=7  B:J♥ 3♦ 8♥=1  PLAYER(W)  | +4,000원 → 194,700원  [end_win]
H1441 | bet   1,000원 BANKER | P:6♦ K♦=6  B:9♣ 5♣ 4♥=8  BANKER(W)  | +950원 → 195,650원
H1442 | bet   1,000원 BANKER | P:A♠ 4♥ 4♠=9  B:3♥ 8♥ 10♥=1  PLAYER(L)  | -1,000원 → 194,650원  [start]
H1443 | bet   2,000원 PLAYER | P:3♠ 9♠=2  B:3♣ 6♠=9  BANKER(L)  | -2,000원 → 192,650원
H1444 | bet   4,000원 PLAYER | P:4♥ 10♣ 9♣=3  B:8♦ 2♥ 2♠=2  PLAYER(W)  | +4,000원 → 196,650원  [end_win]
H1445 | bet   1,000원 BANKER | P:6♣ 4♣ A♣=1  B:5♣ J♦=5  BANKER(W)  | +950원 → 197,600원
H1446 | bet   1,000원 BANKER | P:Q♠ J♦=0  B:9♦ K♠=9  BANKER(W)  | +950원 → 198,550원
H1447 | bet   1,000원 BANKER | P:2♠ 8♠ 7♣=7  B:7♠ 4♦ 6♣=7  TIE(T)  |     0원 → 198,550원
H1448 | bet   1,000원 BANKER | P:A♣ 5♣=6  B:6♣ 2♥=8  BANKER(W)  | +950원 → 199,500원
H1449 | bet   1,000원 BANKER | P:9♥ 4♣ 4♦=7  B:A♦ 3♥ Q♣=4  PLAYER(L)  | -1,000원 → 198,500원  [start]
H1450 | bet   2,000원 PLAYER | P:9♠ 8♥=7  B:9♣ Q♦=9  BANKER(L)  | -2,000원 → 196,500원
H1451 | bet   4,000원 PLAYER | P:A♣ J♣ 8♦=9  B:A♦ 9♠ K♣=0  PLAYER(W)  | +4,000원 → 200,500원  [end_win]
H1452 | bet   1,000원 BANKER | P:A♠ K♣ 10♥=1  B:3♣ 2♦=5  BANKER(W)  | +950원 → 201,450원
H1453 | bet   1,000원 BANKER | P:9♣ J♥=9  B:2♥ 5♥=7  PLAYER(L)  | -1,000원 → 200,450원  [start]
H1454 | bet   2,000원 PLAYER | P:4♣ 6♦ 5♣=5  B:5♦ K♥ 9♠=4  PLAYER(W)  | +2,000원 → 202,450원  [end_win]
H1455 | bet   1,000원 BANKER | P:Q♠ 9♣=9  B:6♥ 7♥=3  PLAYER(L)  | -1,000원 → 201,450원  [start]
H1456 | bet   2,000원 PLAYER | P:7♦ J♠=7  B:10♣ 2♠ 4♥=6  PLAYER(W)  | +2,000원 → 203,450원  [end_win]
H1457 | bet   1,000원 BANKER | P:3♦ 8♣ 2♥=3  B:8♠ 7♥=5  BANKER(W)  | +950원 → 204,400원
H1458 | bet   1,000원 BANKER | P:8♠ K♥=8  B:7♥ 6♣=3  PLAYER(L)  | -1,000원 → 203,400원  [start]
H1459 | bet   2,000원 PLAYER | P:6♦ 10♣=6  B:Q♣ 7♣=7  BANKER(L)  | -2,000원 → 201,400원
H1460 | bet   4,000원 PLAYER | P:3♠ Q♠ 5♦=8  B:2♠ 8♦ K♣=0  PLAYER(W)  | +4,000원 → 205,400원  [end_win]
H1461 | bet   1,000원 BANKER | P:6♦ Q♦=6  B:10♣ Q♦ J♣=0  PLAYER(L)  | -1,000원 → 204,400원  [start]
H1462 | bet   2,000원 PLAYER | P:8♠ 3♦ 3♥=4  B:8♣ 5♣ 6♥=9  BANKER(L)  | -2,000원 → 202,400원
H1463 | bet   4,000원 PLAYER | P:5♠ 10♠ 4♠=9  B:3♠ A♠ 6♥=0  PLAYER(W)  | +4,000원 → 206,400원  [end_win]
H1464 | bet   1,000원 BANKER | P:A♦ 4♥ 7♦=2  B:2♥ 2♣ 7♠=1  PLAYER(L)  | -1,000원 → 205,400원  [start]
H1465 | bet   2,000원 PLAYER | P:Q♠ 9♣=9  B:3♥ K♥=3  PLAYER(W)  | +2,000원 → 207,400원  [end_win]
H1466 | bet   1,000원 BANKER | P:8♠ 2♠ A♠=1  B:5♠ 9♠=4  BANKER(W)  | +950원 → 208,350원
H1467 | bet   1,000원 BANKER | P:5♦ 5♠ 3♠=3  B:9♦ A♥ 2♣=2  PLAYER(L)  | -1,000원 → 207,350원  [start]
H1468 | bet   2,000원 PLAYER | P:6♥ 10♥=6  B:2♥ J♣ 5♦=7  BANKER(L)  | -2,000원 → 205,350원
H1469 | bet   4,000원 PLAYER | P:5♥ 6♠ 6♠=7  B:7♥ 6♥ J♠=3  PLAYER(W)  | +4,000원 → 209,350원  [end_win]
H1470 | bet   1,000원 BANKER | P:A♥ 10♠ 7♣=8  B:2♥ 4♣ 6♠=2  PLAYER(L)  | -1,000원 → 208,350원  [start]
H1471 | bet   2,000원 PLAYER | P:4♣ Q♥ 6♥=0  B:8♣ 7♦ 6♠=1  BANKER(L)  | -2,000원 → 206,350원
H1472 | bet   4,000원 PLAYER | P:10♥ 6♦=6  B:10♠ K♣ 9♥=9  BANKER(L)  | -4,000원 → 202,350원
H1473 | bet   8,000원 PLAYER | P:A♣ 9♠ 9♦=9  B:6♣ J♣=6  PLAYER(W)  | +8,000원 → 210,350원  [end_win]
H1474 | bet   1,000원 BANKER | P:10♥ 8♠=8  B:9♣ 7♦=6  PLAYER(L)  | -1,000원 → 209,350원  [start]
H1475 | bet   2,000원 PLAYER | P:4♠ 9♠ A♥=4  B:8♠ 3♦ 8♥=9  BANKER(L)  | -2,000원 → 207,350원
H1476 | bet   4,000원 PLAYER | P:10♣ J♥ Q♦=0  B:2♦ 9♠ 5♦=6  BANKER(L)  | -4,000원 → 203,350원
H1477 | bet   8,000원 PLAYER | P:K♠ 7♥=7  B:8♠ 8♦=6  PLAYER(W)  | +8,000원 → 211,350원  [end_win]
H1478 | bet   1,000원 BANKER | P:3♥ 3♥=6  B:7♦ 5♣ K♣=2  PLAYER(L)  | -1,000원 → 210,350원  [start]
H1479 | bet   2,000원 PLAYER | P:A♥ J♥ 10♣=1  B:7♦ J♠=7  BANKER(L)  | -2,000원 → 208,350원
H1480 | bet   4,000원 PLAYER | P:3♥ 4♠=7  B:K♦ 9♠=9  BANKER(L)  | -4,000원 → 204,350원
H1481 | bet   8,000원 PLAYER | P:J♣ A♦ Q♥=1  B:3♣ 4♦=7  BANKER(L)  | -8,000원 → 196,350원
H1482 | bet  16,000원 PLAYER | P:A♠ 4♠ K♣=5  B:K♠ 7♠=7  BANKER(L)  | -16,000원 → 180,350원
H1483 | bet  32,000원 PLAYER | P:2♠ 9♥ Q♠=1  B:Q♦ A♦ A♦=2  BANKER(L)  | -32,000원 → 148,350원  [end_giveup]
H1484 | bet   1,000원 BANKER | P:7♦ K♥=7  B:9♥ Q♠=9  BANKER(W)  | +950원 → 149,300원
H1485 | bet   1,000원 BANKER | P:3♥ 5♣=8  B:4♣ 9♦=3  PLAYER(L)  | -1,000원 → 148,300원  [start]
H1486 | bet   2,000원 PLAYER | P:6♥ 5♦ 5♥=6  B:J♥ 5♥ 9♦=4  PLAYER(W)  | +2,000원 → 150,300원  [end_win]
H1487 | bet   1,000원 BANKER | P:10♣ 9♣=9  B:6♦ J♠=6  PLAYER(L)  | -1,000원 → 149,300원  [start]
H1488 | bet   2,000원 PLAYER | P:Q♦ 9♠=9  B:4♥ 7♠=1  PLAYER(W)  | +2,000원 → 151,300원  [end_win]
H1489 | bet   1,000원 BANKER | P:2♥ A♣ 8♥=1  B:5♠ 6♥ 10♦=1  TIE(T)  |     0원 → 151,300원
H1490 | bet   1,000원 BANKER | P:10♦ J♦ 10♥=0  B:2♦ 2♦=4  BANKER(W)  | +950원 → 152,250원
H1491 | bet   1,000원 BANKER | P:8♦ Q♦=8  B:10♠ 7♠=7  PLAYER(L)  | -1,000원 → 151,250원  [start]
H1492 | bet   2,000원 PLAYER | P:7♦ 3♣=0  B:7♣ A♠=8  BANKER(L)  | -2,000원 → 149,250원
H1493 | bet   4,000원 PLAYER | P:A♥ 9♥ K♦=0  B:6♠ 4♥ 4♣=4  BANKER(L)  | -4,000원 → 145,250원
H1494 | bet   8,000원 PLAYER | P:4♣ 6♦ J♣=0  B:K♦ 3♣ 6♣=9  BANKER(L)  | -8,000원 → 137,250원
H1495 | bet  16,000원 PLAYER | P:4♦ 2♣=6  B:7♠ J♥=7  BANKER(L)  | -16,000원 → 121,250원
H1496 | bet  32,000원 PLAYER | P:10♠ K♥ K♥=0  B:6♦ 4♥ 6♠=6  BANKER(L)  | -32,000원 → 89,250원  [end_giveup]
H1497 | bet   1,000원 BANKER | P:Q♠ 5♥ 4♣=9  B:Q♠ 2♦ 8♥=0  PLAYER(L)  | -1,000원 → 88,250원  [start]
H1498 | bet   2,000원 PLAYER | P:Q♥ 5♥ 10♥=5  B:A♣ 5♠=6  BANKER(L)  | -2,000원 → 86,250원
H1499 | bet   4,000원 PLAYER | P:7♥ Q♠=7  B:2♥ 6♦=8  BANKER(L)  | -4,000원 → 82,250원
H1500 | bet   8,000원 PLAYER | P:10♥ 5♣ 7♥=2  B:4♦ J♣ 2♣=6  BANKER(L)  | -8,000원 → 74,250원
H1501 | bet  16,000원 PLAYER | P:J♠ K♦ 2♦=2  B:10♣ 10♦ Q♦=0  PLAYER(W)  | +16,000원 → 90,250원  [end_win]
H1502 | bet   1,000원 BANKER | P:7♣ 8♠ 10♦=5  B:K♠ K♥ Q♣=0  PLAYER(L)  | -1,000원 → 89,250원  [start]
H1503 | bet   2,000원 PLAYER | P:Q♠ 5♦ 3♣=8  B:2♠ 8♥ 10♠=0  PLAYER(W)  | +2,000원 → 91,250원  [end_win]
H1504 | bet   1,000원 BANKER | P:3♦ 3♦=6  B:4♦ 10♦ 3♦=7  BANKER(W)  | +950원 → 92,200원
H1505 | bet   1,000원 BANKER | P:7♠ 9♦=6  B:3♦ 2♠ 6♥=1  PLAYER(L)  | -1,000원 → 91,200원  [start]
H1506 | bet   2,000원 PLAYER | P:9♣ 10♣=9  B:7♣ 8♦=5  PLAYER(W)  | +2,000원 → 93,200원  [end_win]
H1507 | bet   1,000원 BANKER | P:3♠ 4♠=7  B:8♣ A♣=9  BANKER(W)  | +950원 → 94,150원
H1508 | bet   1,000원 BANKER | P:6♠ 7♦ K♣=3  B:2♣ A♥ 9♠=2  PLAYER(L)  | -1,000원 → 93,150원  [start]
H1509 | bet   2,000원 PLAYER | P:K♥ 7♥=7  B:5♥ 5♦ 10♦=0  PLAYER(W)  | +2,000원 → 95,150원  [end_win]
H1510 | bet   1,000원 BANKER | P:J♠ K♦ 6♠=6  B:4♥ 2♠ 3♠=9  BANKER(W)  | +950원 → 96,100원
H1511 | bet   1,000원 BANKER | P:6♦ 3♣=9  B:8♥ 6♥=4  PLAYER(L)  | -1,000원 → 95,100원  [start]
H1512 | bet   2,000원 PLAYER | P:6♣ 2♦=8  B:Q♦ 2♠=2  PLAYER(W)  | +2,000원 → 97,100원  [end_win]
H1513 | bet   1,000원 BANKER | P:5♦ 6♠ 6♣=7  B:8♥ 3♦ K♠=1  PLAYER(L)  | -1,000원 → 96,100원  [start]
H1514 | bet   2,000원 PLAYER | P:2♥ 9♦ 3♣=4  B:A♦ 3♠ K♣=4  TIE(T)  |     0원 → 96,100원
H1515 | bet   2,000원 PLAYER | P:8♣ K♠=8  B:2♣ J♦=2  PLAYER(W)  | +2,000원 → 98,100원  [end_win]
H1516 | bet   1,000원 BANKER | P:2♦ 3♠=5  B:Q♣ 9♥=9  BANKER(W)  | +950원 → 99,050원
H1517 | bet   1,000원 BANKER | P:6♠ 3♥=9  B:5♥ 5♠=0  PLAYER(L)  | -1,000원 → 98,050원  [start]
H1518 | bet   2,000원 PLAYER | P:A♦ 8♠=9  B:2♥ J♦=2  PLAYER(W)  | +2,000원 → 100,050원  [end_win]
H1519 | bet   1,000원 BANKER | P:7♣ 10♠=7  B:A♠ J♦ 10♠=1  PLAYER(L)  | -1,000원 → 99,050원  [start]
H1520 | bet   2,000원 PLAYER | P:2♥ 9♠ 6♠=7  B:5♦ 5♣ Q♠=0  PLAYER(W)  | +2,000원 → 101,050원  [end_win]
H1521 | bet   1,000원 BANKER | P:4♥ 3♦=7  B:5♣ J♣ 7♠=2  PLAYER(L)  | -1,000원 → 100,050원  [start]
H1522 | bet   2,000원 PLAYER | P:A♠ A♣ A♥=3  B:9♦ A♠ A♦=1  PLAYER(W)  | +2,000원 → 102,050원  [end_win]
H1523 | bet   1,000원 BANKER | P:4♣ 8♥ A♣=3  B:7♣ 10♠=7  BANKER(W)  | +950원 → 103,000원
H1524 | bet   1,000원 BANKER | P:6♥ 3♠=9  B:2♣ Q♣=2  PLAYER(L)  | -1,000원 → 102,000원  [start]
H1525 | bet   2,000원 PLAYER | P:9♦ 5♠ 6♦=0  B:4♣ K♥ Q♥=4  BANKER(L)  | -2,000원 → 100,000원
H1526 | bet   4,000원 PLAYER | P:7♠ 8♠ 2♠=7  B:8♦ 5♣ 4♥=7  TIE(T)  |     0원 → 100,000원
H1527 | bet   4,000원 PLAYER | P:6♦ 9♣ Q♥=5  B:3♠ 8♥ A♠=2  PLAYER(W)  | +4,000원 → 104,000원  [end_win]
H1528 | bet   1,000원 BANKER | P:5♠ Q♣ 9♣=4  B:8♣ 8♠=6  BANKER(W)  | +950원 → 104,950원
H1529 | bet   1,000원 BANKER | P:3♥ 10♥=3  B:9♣ K♦=9  BANKER(W)  | +950원 → 105,900원
H1530 | bet   1,000원 BANKER | P:Q♠ 4♠ 3♥=7  B:7♥ 10♣=7  TIE(T)  |     0원 → 105,900원
H1531 | bet   1,000원 BANKER | P:Q♦ K♠=0  B:K♦ 8♣=8  BANKER(W)  | +950원 → 106,850원
H1532 | bet   1,000원 BANKER | P:2♠ Q♣ 10♣=2  B:K♥ Q♦ 3♣=3  BANKER(W)  | +950원 → 107,800원
H1533 | bet   1,000원 BANKER | P:4♥ 6♣=0  B:J♦ 8♦=8  BANKER(W)  | +950원 → 108,750원
H1534 | bet   1,000원 BANKER | P:K♣ 9♣=9  B:5♠ 7♥=2  PLAYER(L)  | -1,000원 → 107,750원  [start]
H1535 | bet   2,000원 PLAYER | P:10♦ Q♣=0  B:Q♥ 9♥=9  BANKER(L)  | -2,000원 → 105,750원
H1536 | bet   4,000원 PLAYER | P:2♦ 10♦ J♥=2  B:8♦ 3♣ 8♦=9  BANKER(L)  | -4,000원 → 101,750원
H1537 | bet   8,000원 PLAYER | P:J♠ 10♣=0  B:8♦ A♥=9  BANKER(L)  | -8,000원 → 93,750원
H1538 | bet  16,000원 PLAYER | P:J♠ 9♥=9  B:5♠ 7♦=2  PLAYER(W)  | +16,000원 → 109,750원  [end_win]
H1539 | bet   1,000원 BANKER | P:7♥ A♦=8  B:4♥ 2♣=6  PLAYER(L)  | -1,000원 → 108,750원  [start]
H1540 | bet   2,000원 PLAYER | P:5♥ A♣=6  B:A♠ 2♥ 10♥=3  PLAYER(W)  | +2,000원 → 110,750원  [end_win]
H1541 | bet   1,000원 BANKER | P:A♣ 8♣=9  B:3♠ 5♦=8  PLAYER(L)  | -1,000원 → 109,750원  [start]
H1542 | bet   2,000원 PLAYER | P:J♦ 4♠ 9♥=3  B:J♥ 2♣ 5♥=7  BANKER(L)  | -2,000원 → 107,750원
H1543 | bet   4,000원 PLAYER | P:6♥ J♦=6  B:A♦ 10♠ 2♥=3  PLAYER(W)  | +4,000원 → 111,750원  [end_win]
H1544 | bet   1,000원 BANKER | P:7♣ 7♣ A♥=5  B:J♦ 10♥ Q♥=0  PLAYER(L)  | -1,000원 → 110,750원  [start]
H1545 | bet   2,000원 PLAYER | P:K♣ 6♣=6  B:9♠ 4♦ K♦=3  PLAYER(W)  | +2,000원 → 112,750원  [end_win]
H1546 | bet   1,000원 BANKER | P:7♣ 4♦ K♠=1  B:A♠ 4♣=5  BANKER(W)  | +950원 → 113,700원
H1547 | bet   1,000원 BANKER | P:3♦ 4♠=7  B:8♣ 5♠ 3♠=6  PLAYER(L)  | -1,000원 → 112,700원  [start]
H1548 | bet   2,000원 PLAYER | P:J♣ 5♦ 6♣=1  B:J♠ J♥ 7♠=7  BANKER(L)  | -2,000원 → 110,700원
H1549 | bet   4,000원 PLAYER | P:Q♣ 5♣ K♠=5  B:9♦ 4♦ 8♠=1  PLAYER(W)  | +4,000원 → 114,700원  [end_win]
H1550 | bet   1,000원 BANKER | P:J♥ K♥ Q♥=0  B:J♣ K♣ 3♥=3  BANKER(W)  | +950원 → 115,650원
H1551 | bet   1,000원 BANKER | P:6♥ J♠=6  B:2♣ 8♣ J♣=0  PLAYER(L)  | -1,000원 → 114,650원  [start]
H1552 | bet   2,000원 PLAYER | P:K♣ Q♣ 4♦=4  B:3♥ 10♣ 2♥=5  BANKER(L)  | -2,000원 → 112,650원
H1553 | bet   4,000원 PLAYER | P:9♥ 6♥=5  B:8♠ Q♣=8  BANKER(L)  | -4,000원 → 108,650원
H1554 | bet   8,000원 PLAYER | P:Q♦ 9♦=9  B:K♠ 5♦=5  PLAYER(W)  | +8,000원 → 116,650원  [end_win]
H1555 | bet   1,000원 BANKER | P:3♠ Q♠ 4♦=7  B:7♠ 5♥ 10♥=2  PLAYER(L)  | -1,000원 → 115,650원  [start]
H1556 | bet   2,000원 PLAYER | P:A♣ 2♠ 4♥=7  B:9♦ 7♣=6  PLAYER(W)  | +2,000원 → 117,650원  [end_win]
H1557 | bet   1,000원 BANKER | P:8♦ 3♦ 5♦=6  B:8♦ 7♦ 2♥=7  BANKER(W)  | +950원 → 118,600원
H1558 | bet   1,000원 BANKER | P:Q♥ Q♥ 10♦=0  B:5♠ 7♦ J♠=2  BANKER(W)  | +950원 → 119,550원
H1559 | bet   1,000원 BANKER | P:K♥ K♠ 8♠=8  B:Q♦ 10♥ 9♥=9  BANKER(W)  | +950원 → 120,500원
H1560 | bet   1,000원 BANKER | P:J♦ 5♥ 5♠=0  B:9♥ 2♣ A♣=2  BANKER(W)  | +950원 → 121,450원
H1561 | bet   1,000원 BANKER | P:K♥ K♣ 4♦=4  B:5♥ Q♣ 9♠=4  TIE(T)  |     0원 → 121,450원
H1562 | bet   1,000원 BANKER | P:3♣ 2♦ K♦=5  B:5♣ J♦=5  TIE(T)  |     0원 → 121,450원
H1563 | bet   1,000원 BANKER | P:5♥ 5♠ 2♠=2  B:7♣ 5♠ 10♦=2  TIE(T)  |     0원 → 121,450원
H1564 | bet   1,000원 BANKER | P:7♦ 8♣ 7♥=2  B:7♦ 10♦=7  BANKER(W)  | +950원 → 122,400원
H1565 | bet   1,000원 BANKER | P:6♥ 9♠ Q♣=5  B:3♥ K♦ 8♥=1  PLAYER(L)  | -1,000원 → 121,400원  [start]
H1566 | bet   2,000원 PLAYER | P:10♣ K♥ 10♥=0  B:9♦ A♦ 4♥=4  BANKER(L)  | -2,000원 → 119,400원
H1567 | bet   4,000원 PLAYER | P:9♥ 3♦ 4♣=6  B:10♠ J♦ 3♠=3  PLAYER(W)  | +4,000원 → 123,400원  [end_win]
H1568 | bet   1,000원 BANKER | P:3♣ 3♠=6  B:3♦ 9♣ Q♠=2  PLAYER(L)  | -1,000원 → 122,400원  [start]
H1569 | bet   2,000원 PLAYER | P:4♣ 4♣=8  B:J♠ Q♣=0  PLAYER(W)  | +2,000원 → 124,400원  [end_win]
H1570 | bet   1,000원 BANKER | P:10♥ 6♦=6  B:8♦ 6♦ 8♠=2  PLAYER(L)  | -1,000원 → 123,400원  [start]
H1571 | bet   2,000원 PLAYER | P:9♣ Q♠=9  B:Q♠ 6♣=6  PLAYER(W)  | +2,000원 → 125,400원  [end_win]
H1572 | bet   1,000원 BANKER | P:K♥ 6♠=6  B:2♥ J♦ 9♣=1  PLAYER(L)  | -1,000원 → 124,400원  [start]
H1573 | bet   2,000원 PLAYER | P:6♦ 8♠ 6♦=0  B:6♣ 10♣ J♦=6  BANKER(L)  | -2,000원 → 122,400원
H1574 | bet   4,000원 PLAYER | P:8♦ 9♦=7  B:J♣ 9♠=9  BANKER(L)  | -4,000원 → 118,400원
H1575 | bet   8,000원 PLAYER | P:7♥ 10♦=7  B:A♠ 7♦=8  BANKER(L)  | -8,000원 → 110,400원
H1576 | bet  16,000원 PLAYER | P:3♥ 9♦ 3♠=5  B:A♣ A♠ 10♣=2  PLAYER(W)  | +16,000원 → 126,400원  [end_win]
H1577 | bet   1,000원 BANKER | P:6♣ 10♠=6  B:7♠ 4♠ 3♦=4  PLAYER(L)  | -1,000원 → 125,400원  [start]
H1578 | bet   2,000원 PLAYER | P:4♥ Q♥ 8♣=2  B:2♣ 3♠=5  BANKER(L)  | -2,000원 → 123,400원
H1579 | bet   4,000원 PLAYER | P:J♠ 5♥ 3♦=8  B:6♦ 5♦ 8♥=9  BANKER(L)  | -4,000원 → 119,400원
H1580 | bet   8,000원 PLAYER | P:6♣ A♦=7  B:5♥ 8♣ 8♣=1  PLAYER(W)  | +8,000원 → 127,400원  [end_win]
H1581 | bet   1,000원 BANKER | P:9♦ 10♥=9  B:2♥ 2♠=4  PLAYER(L)  | -1,000원 → 126,400원  [start]
H1582 | bet   2,000원 PLAYER | P:3♠ 8♥ A♦=2  B:4♦ 6♣ Q♥=0  PLAYER(W)  | +2,000원 → 128,400원  [end_win]
H1583 | bet   1,000원 BANKER | P:7♦ 8♣ A♦=6  B:A♠ A♦ 9♦=1  PLAYER(L)  | -1,000원 → 127,400원  [start]
H1584 | bet   2,000원 PLAYER | P:A♥ 10♦=1  B:7♠ 2♣=9  BANKER(L)  | -2,000원 → 125,400원
H1585 | bet   4,000원 PLAYER | P:J♥ K♦ 4♦=4  B:7♥ 4♣ 3♥=4  TIE(T)  |     0원 → 125,400원
H1586 | bet   4,000원 PLAYER | P:J♠ 10♦ A♦=1  B:7♦ 9♥=6  BANKER(L)  | -4,000원 → 121,400원
H1587 | bet   8,000원 PLAYER | P:2♥ K♠ 10♣=2  B:Q♣ J♥ 7♥=7  BANKER(L)  | -8,000원 → 113,400원
H1588 | bet  16,000원 PLAYER | P:2♦ 10♥ 3♥=5  B:A♠ 10♠ 6♠=7  BANKER(L)  | -16,000원 → 97,400원
H1589 | bet  32,000원 PLAYER | P:4♥ 9♣=3  B:9♣ K♥=9  BANKER(L)  | -32,000원 → 65,400원  [end_giveup]
H1590 | bet   1,000원 BANKER | P:J♠ 6♦=6  B:8♠ 8♦=6  TIE(T)  |     0원 → 65,400원
H1591 | bet   1,000원 BANKER | P:K♣ 7♦=7  B:3♠ K♦ 3♣=6  PLAYER(L)  | -1,000원 → 64,400원  [start]
H1592 | bet   2,000원 PLAYER | P:2♣ A♥=3  B:2♠ 7♣=9  BANKER(L)  | -2,000원 → 62,400원
H1593 | bet   4,000원 PLAYER | P:3♦ 6♠=9  B:J♣ 10♥=0  PLAYER(W)  | +4,000원 → 66,400원  [end_win]
H1594 | bet   1,000원 BANKER | P:2♦ 2♦ K♠=4  B:K♥ 2♦ 7♥=9  BANKER(W)  | +950원 → 67,350원
H1595 | bet   1,000원 BANKER | P:Q♥ 5♣ A♣=6  B:A♠ 5♣=6  TIE(T)  |     0원 → 67,350원
H1596 | bet   1,000원 BANKER | P:5♠ J♣ 8♥=3  B:6♥ 5♣ K♣=1  PLAYER(L)  | -1,000원 → 66,350원  [start]
H1597 | bet   2,000원 PLAYER | P:J♣ 2♣ K♠=2  B:6♠ 7♥ 5♣=8  BANKER(L)  | -2,000원 → 64,350원
H1598 | bet   4,000원 PLAYER | P:5♦ K♣ Q♥=5  B:10♣ Q♠ A♥=1  PLAYER(W)  | +4,000원 → 68,350원  [end_win]
H1599 | bet   1,000원 BANKER | P:9♣ 3♦ 9♠=1  B:7♣ Q♠=7  BANKER(W)  | +950원 → 69,300원
H1600 | bet   1,000원 BANKER | P:10♠ 7♠=7  B:9♠ 9♣=8  BANKER(W)  | +950원 → 70,250원
H1601 | bet   1,000원 BANKER | P:4♠ 7♠ 3♣=4  B:9♠ 5♠ 3♣=7  BANKER(W)  | +950원 → 71,200원
H1602 | bet   1,000원 BANKER | P:6♣ 5♣ 9♥=0  B:4♠ 7♥ K♠=1  BANKER(W)  | +950원 → 72,150원
H1603 | bet   1,000원 BANKER | P:J♥ 6♠=6  B:Q♦ K♣ 9♣=9  BANKER(W)  | +950원 → 73,100원
H1604 | bet   1,000원 BANKER | P:9♦ 8♠=7  B:2♣ A♥ 5♥=8  BANKER(W)  | +950원 → 74,050원
H1605 | bet   1,000원 BANKER | P:10♣ A♥ 7♣=8  B:6♥ 7♠ 2♥=5  PLAYER(L)  | -1,000원 → 73,050원  [start]
H1606 | bet   2,000원 PLAYER | P:3♣ J♣ 6♥=9  B:A♠ 6♣=7  PLAYER(W)  | +2,000원 → 75,050원  [end_win]
H1607 | bet   1,000원 BANKER | P:8♠ 4♥ 4♠=6  B:6♦ 7♠ 8♥=1  PLAYER(L)  | -1,000원 → 74,050원  [start]
H1608 | bet   2,000원 PLAYER | P:2♦ Q♦ 2♥=4  B:K♣ 7♥=7  BANKER(L)  | -2,000원 → 72,050원
H1609 | bet   4,000원 PLAYER | P:6♠ 8♦ A♣=5  B:4♠ 3♥=7  BANKER(L)  | -4,000원 → 68,050원
H1610 | bet   8,000원 PLAYER | P:Q♦ 4♠ J♠=4  B:8♥ 7♣=5  BANKER(L)  | -8,000원 → 60,050원
H1611 | bet  16,000원 PLAYER | P:5♦ 2♠=7  B:4♠ J♣ 8♣=2  PLAYER(W)  | +16,000원 → 76,050원  [end_win]
H1612 | bet   1,000원 BANKER | P:4♦ Q♣ 4♦=8  B:K♥ K♠ 6♦=6  PLAYER(L)  | -1,000원 → 75,050원  [start]
H1613 | bet   2,000원 PLAYER | P:2♠ 10♠ 6♣=8  B:A♠ A♠ 9♥=1  PLAYER(W)  | +2,000원 → 77,050원  [end_win]
H1614 | bet   1,000원 BANKER | P:4♣ J♥ 10♦=4  B:8♦ 5♣ 6♠=9  BANKER(W)  | +950원 → 78,000원
H1615 | bet   1,000원 BANKER | P:4♥ 5♣=9  B:J♦ J♥=0  PLAYER(L)  | -1,000원 → 77,000원  [start]
H1616 | bet   2,000원 PLAYER | P:K♥ 10♠ Q♣=0  B:4♣ J♦=4  BANKER(L)  | -2,000원 → 75,000원
H1617 | bet   4,000원 PLAYER | P:10♠ 7♣=7  B:4♠ J♥ J♥=4  PLAYER(W)  | +4,000원 → 79,000원  [end_win]
H1618 | bet   1,000원 BANKER | P:6♥ J♦=6  B:8♥ A♦=9  BANKER(W)  | +950원 → 79,950원
H1619 | bet   1,000원 BANKER | P:3♥ 4♥=7  B:A♦ 2♥ Q♦=3  PLAYER(L)  | -1,000원 → 78,950원  [start]
H1620 | bet   2,000원 PLAYER | P:2♦ A♣=3  B:7♠ 2♠=9  BANKER(L)  | -2,000원 → 76,950원
H1621 | bet   4,000원 PLAYER | P:5♦ J♥=5  B:4♦ 5♥=9  BANKER(L)  | -4,000원 → 72,950원
H1622 | bet   8,000원 PLAYER | P:Q♠ 10♣ 7♣=7  B:3♣ 2♦ A♥=6  PLAYER(W)  | +8,000원 → 80,950원  [end_win]
H1623 | bet   1,000원 BANKER | P:Q♦ J♣ 3♦=3  B:A♣ J♣ 5♦=6  BANKER(W)  | +950원 → 81,900원
H1624 | bet   1,000원 BANKER | P:K♠ K♦=0  B:9♠ 9♥=8  BANKER(W)  | +950원 → 82,850원
H1625 | bet   1,000원 BANKER | P:8♣ 2♣ A♥=1  B:4♣ 8♣ 8♥=0  PLAYER(L)  | -1,000원 → 81,850원  [start]
H1626 | bet   2,000원 PLAYER | P:K♦ J♠ J♠=0  B:Q♠ Q♥ Q♦=0  TIE(T)  |     0원 → 81,850원
H1627 | bet   2,000원 PLAYER | P:A♣ 10♠ 9♠=0  B:5♦ K♦=5  BANKER(L)  | -2,000원 → 79,850원
H1628 | bet   4,000원 PLAYER | P:4♣ 10♦=4  B:3♥ 5♠=8  BANKER(L)  | -4,000원 → 75,850원
H1629 | bet   8,000원 PLAYER | P:3♣ 6♠=9  B:4♥ 2♠=6  PLAYER(W)  | +8,000원 → 83,850원  [end_win]
H1630 | bet   1,000원 BANKER | P:6♣ 4♣=0  B:K♦ 9♦=9  BANKER(W)  | +950원 → 84,800원
H1631 | bet   1,000원 BANKER | P:J♠ K♠ J♠=0  B:9♠ A♠ 4♠=4  BANKER(W)  | +950원 → 85,750원
H1632 | bet   1,000원 BANKER | P:J♦ K♠ 7♥=7  B:Q♠ 4♦ A♣=5  PLAYER(L)  | -1,000원 → 84,750원  [start]
H1633 | bet   2,000원 PLAYER | P:10♥ K♠ 5♠=5  B:6♠ Q♣=6  BANKER(L)  | -2,000원 → 82,750원
H1634 | bet   4,000원 PLAYER | P:A♥ 7♥=8  B:3♠ 7♦=0  PLAYER(W)  | +4,000원 → 86,750원  [end_win]
H1635 | bet   1,000원 BANKER | P:7♦ 10♣=7  B:3♥ K♦ 2♦=5  PLAYER(L)  | -1,000원 → 85,750원  [start]
H1636 | bet   2,000원 PLAYER | P:3♥ 9♠ 10♥=2  B:J♦ 5♠=5  BANKER(L)  | -2,000원 → 83,750원
H1637 | bet   4,000원 PLAYER | P:10♥ 6♣=6  B:6♠ K♥=6  TIE(T)  |     0원 → 83,750원
H1638 | bet   4,000원 PLAYER | P:8♥ 3♣ 2♦=3  B:2♥ 4♠=6  BANKER(L)  | -4,000원 → 79,750원
H1639 | bet   8,000원 PLAYER | P:6♦ 3♣=9  B:7♥ 10♠=7  PLAYER(W)  | +8,000원 → 87,750원  [end_win]
H1640 | bet   1,000원 BANKER | P:Q♠ 8♥=8  B:6♣ 4♦=0  PLAYER(L)  | -1,000원 → 86,750원  [start]
H1641 | bet   2,000원 PLAYER | P:K♠ Q♥ A♥=1  B:2♣ 5♣=7  BANKER(L)  | -2,000원 → 84,750원
H1642 | bet   4,000원 PLAYER | P:A♠ Q♣ A♠=2  B:5♣ 8♥ 6♦=9  BANKER(L)  | -4,000원 → 80,750원
H1643 | bet   8,000원 PLAYER | P:8♠ 7♣ 6♥=1  B:2♥ 10♣ A♣=3  BANKER(L)  | -8,000원 → 72,750원
H1644 | bet  16,000원 PLAYER | P:10♣ A♥ 7♣=8  B:2♦ Q♦ 3♦=5  PLAYER(W)  | +16,000원 → 88,750원  [end_win]
H1645 | bet   1,000원 BANKER | P:9♥ J♠=9  B:A♦ A♦=2  PLAYER(L)  | -1,000원 → 87,750원  [start]
H1646 | bet   2,000원 PLAYER | P:2♠ 2♥ 9♣=3  B:4♠ 9♥ 6♠=9  BANKER(L)  | -2,000원 → 85,750원
H1647 | bet   4,000원 PLAYER | P:2♦ Q♣ 10♦=2  B:Q♠ 3♦ 10♣=3  BANKER(L)  | -4,000원 → 81,750원
H1648 | bet   8,000원 PLAYER | P:Q♥ 8♣=8  B:Q♦ 8♥=8  TIE(T)  |     0원 → 81,750원
H1649 | bet   8,000원 PLAYER | P:3♥ 7♣ 8♠=8  B:Q♦ J♦ Q♠=0  PLAYER(W)  | +8,000원 → 89,750원  [end_win]
H1650 | bet   1,000원 BANKER | P:7♥ 9♠=6  B:2♣ K♥ 3♥=5  PLAYER(L)  | -1,000원 → 88,750원  [start]
H1651 | bet   2,000원 PLAYER | P:3♠ 3♣=6  B:9♣ 6♠ 4♦=9  BANKER(L)  | -2,000원 → 86,750원
H1652 | bet   4,000원 PLAYER | P:7♣ 8♦ 3♦=8  B:8♣ 9♣=7  PLAYER(W)  | +4,000원 → 90,750원  [end_win]
H1653 | bet   1,000원 BANKER | P:5♦ 5♥ 9♣=9  B:K♦ J♥ K♣=0  PLAYER(L)  | -1,000원 → 89,750원  [start]
H1654 | bet   2,000원 PLAYER | P:4♠ A♣ J♣=5  B:4♦ 8♦ 7♠=9  BANKER(L)  | -2,000원 → 87,750원
H1655 | bet   4,000원 PLAYER | P:7♣ 6♦=3  B:8♣ 10♣=8  BANKER(L)  | -4,000원 → 83,750원
H1656 | bet   8,000원 PLAYER | P:A♦ 2♣ 4♥=7  B:8♦ 3♦ 9♠=0  PLAYER(W)  | +8,000원 → 91,750원  [end_win]
H1657 | bet   1,000원 BANKER | P:Q♣ A♦ 3♠=4  B:J♣ A♣ K♦=1  PLAYER(L)  | -1,000원 → 90,750원  [start]
H1658 | bet   2,000원 PLAYER | P:8♣ 7♣ 10♥=5  B:4♥ 7♦ 8♦=9  BANKER(L)  | -2,000원 → 88,750원
H1659 | bet   4,000원 PLAYER | P:6♦ 2♥=8  B:4♦ 7♥=1  PLAYER(W)  | +4,000원 → 92,750원  [end_win]
H1660 | bet   1,000원 BANKER | P:3♥ 5♥=8  B:8♠ 6♥=4  PLAYER(L)  | -1,000원 → 91,750원  [start]
H1661 | bet   2,000원 PLAYER | P:2♠ A♥=3  B:6♠ 2♠=8  BANKER(L)  | -2,000원 → 89,750원
H1662 | bet   4,000원 PLAYER | P:2♣ 4♦=6  B:5♦ 4♣=9  BANKER(L)  | -4,000원 → 85,750원
H1663 | bet   8,000원 PLAYER | P:8♦ 3♠ 9♣=0  B:A♠ 5♠=6  BANKER(L)  | -8,000원 → 77,750원
H1664 | bet  16,000원 PLAYER | P:Q♠ 6♣=6  B:K♦ 3♦ 2♥=5  PLAYER(W)  | +16,000원 → 93,750원  [end_win]
H1665 | bet   1,000원 BANKER | P:7♠ K♥=7  B:Q♠ K♥ 2♦=2  PLAYER(L)  | -1,000원 → 92,750원  [start]
H1666 | bet   2,000원 PLAYER | P:4♥ 9♥=3  B:A♥ 7♥=8  BANKER(L)  | -2,000원 → 90,750원
H1667 | bet   4,000원 PLAYER | P:K♣ Q♦ 9♦=9  B:3♥ 7♠ Q♣=0  PLAYER(W)  | +4,000원 → 94,750원  [end_win]
H1668 | bet   1,000원 BANKER | P:J♦ A♣ 8♦=9  B:Q♦ 6♥=6  PLAYER(L)  | -1,000원 → 93,750원  [start]
H1669 | bet   2,000원 PLAYER | P:10♥ 6♣=6  B:5♣ 3♠=8  BANKER(L)  | -2,000원 → 91,750원
H1670 | bet   4,000원 PLAYER | P:5♣ Q♦ 2♣=7  B:9♠ 2♣ 4♠=5  PLAYER(W)  | +4,000원 → 95,750원  [end_win]
H1671 | bet   1,000원 BANKER | P:5♦ 7♥ 4♥=6  B:8♠ 5♥ 5♣=8  BANKER(W)  | +950원 → 96,700원
H1672 | bet   1,000원 BANKER | P:5♣ 2♠=7  B:4♣ 5♦=9  BANKER(W)  | +950원 → 97,650원
H1673 | bet   1,000원 BANKER | P:8♣ J♣=8  B:10♠ 7♦=7  PLAYER(L)  | -1,000원 → 96,650원  [start]
H1674 | bet   2,000원 PLAYER | P:9♦ 4♦ 3♣=6  B:9♥ 7♦=6  TIE(T)  |     0원 → 96,650원
H1675 | bet   2,000원 PLAYER | P:6♥ 9♠ 5♦=0  B:A♠ 2♠ J♣=3  BANKER(L)  | -2,000원 → 94,650원
H1676 | bet   4,000원 PLAYER | P:10♠ J♥ 4♦=4  B:2♣ K♠ K♣=2  PLAYER(W)  | +4,000원 → 98,650원  [end_win]
H1677 | bet   1,000원 BANKER | P:J♥ 10♦=0  B:Q♥ 9♠=9  BANKER(W)  | +950원 → 99,600원
H1678 | bet   1,000원 BANKER | P:3♦ K♥ K♣=3  B:J♣ 4♣=4  BANKER(W)  | +950원 → 100,550원
H1679 | bet   1,000원 BANKER | P:5♦ 9♣ Q♣=4  B:8♥ 8♣=6  BANKER(W)  | +950원 → 101,500원
H1680 | bet   1,000원 BANKER | P:7♣ 2♣=9  B:6♠ K♦=6  PLAYER(L)  | -1,000원 → 100,500원  [start]
H1681 | bet   2,000원 PLAYER | P:J♠ 9♠=9  B:J♥ 4♣=4  PLAYER(W)  | +2,000원 → 102,500원  [end_win]
H1682 | bet   1,000원 BANKER | P:6♥ 5♥=1  B:4♣ 5♠=9  BANKER(W)  | +950원 → 103,450원
H1683 | bet   1,000원 BANKER | P:5♠ 8♥ 10♠=3  B:6♠ 4♥ J♥=0  PLAYER(L)  | -1,000원 → 102,450원  [start]
H1684 | bet   2,000원 PLAYER | P:J♦ 7♦=7  B:10♠ 6♦=6  PLAYER(W)  | +2,000원 → 104,450원  [end_win]
H1685 | bet   1,000원 BANKER | P:Q♥ 4♠=4  B:9♥ 10♦=9  BANKER(W)  | +950원 → 105,400원
H1686 | bet   1,000원 BANKER | P:7♠ 7♥ 10♣=4  B:A♦ 10♦ 3♣=4  TIE(T)  |     0원 → 105,400원
H1687 | bet   1,000원 BANKER | P:J♣ 3♣ 9♦=2  B:2♥ 8♥ K♣=0  PLAYER(L)  | -1,000원 → 104,400원  [start]
H1688 | bet   2,000원 PLAYER | P:5♦ 4♣=9  B:8♦ 7♠=5  PLAYER(W)  | +2,000원 → 106,400원  [end_win]
H1689 | bet   1,000원 BANKER | P:3♦ 5♣=8  B:3♦ 2♠=5  PLAYER(L)  | -1,000원 → 105,400원  [start]
H1690 | bet   2,000원 PLAYER | P:8♣ 7♦ A♠=6  B:7♠ 8♥=5  PLAYER(W)  | +2,000원 → 107,400원  [end_win]
H1691 | bet   1,000원 BANKER | P:6♥ J♠=6  B:10♠ A♦ 3♠=4  PLAYER(L)  | -1,000원 → 106,400원  [start]
H1692 | bet   2,000원 PLAYER | P:9♥ Q♥=9  B:K♦ A♣=1  PLAYER(W)  | +2,000원 → 108,400원  [end_win]
H1693 | bet   1,000원 BANKER | P:K♦ K♥=0  B:9♣ 9♥=8  BANKER(W)  | +950원 → 109,350원
H1694 | bet   1,000원 BANKER | P:10♥ 3♥=3  B:6♥ 3♠=9  BANKER(W)  | +950원 → 110,300원
H1695 | bet   1,000원 BANKER | P:5♦ K♥=5  B:6♣ 2♦=8  BANKER(W)  | +950원 → 111,250원
H1696 | bet   1,000원 BANKER | P:K♠ 4♠=4  B:4♥ 5♥=9  BANKER(W)  | +950원 → 112,200원
H1697 | bet   1,000원 BANKER | P:Q♣ 10♠=0  B:2♠ 6♦=8  BANKER(W)  | +950원 → 113,150원
H1698 | bet   1,000원 BANKER | P:5♠ 7♦ K♣=2  B:8♠ 8♠=6  BANKER(W)  | +950원 → 114,100원
H1699 | bet   1,000원 BANKER | P:9♦ 4♠ J♥=3  B:3♠ 4♣=7  BANKER(W)  | +950원 → 115,050원
H1700 | bet   1,000원 BANKER | P:10♥ 5♥=5  B:10♣ 9♦=9  BANKER(W)  | +950원 → 116,000원
H1701 | bet   1,000원 BANKER | P:5♠ K♠ Q♥=5  B:A♣ 6♦=7  BANKER(W)  | +950원 → 116,950원
H1702 | bet   1,000원 BANKER | P:10♦ 8♣=8  B:10♦ A♦=1  PLAYER(L)  | -1,000원 → 115,950원  [start]
H1703 | bet   2,000원 PLAYER | P:2♥ 6♥=8  B:2♦ J♦=2  PLAYER(W)  | +2,000원 → 117,950원  [end_win]
H1704 | bet   1,000원 BANKER | P:J♦ 4♥=4  B:8♦ K♥=8  BANKER(W)  | +950원 → 118,900원
H1705 | bet   1,000원 BANKER | P:Q♣ 7♣=7  B:6♦ 7♠ 10♠=3  PLAYER(L)  | -1,000원 → 117,900원  [start]
H1706 | bet   2,000원 PLAYER | P:Q♠ 5♠=5  B:J♦ 8♠=8  BANKER(L)  | -2,000원 → 115,900원
H1707 | bet   4,000원 PLAYER | P:6♠ Q♥=6  B:A♦ 2♠ A♥=4  PLAYER(W)  | +4,000원 → 119,900원  [end_win]
H1708 | bet   1,000원 BANKER | P:6♣ 5♥=1  B:5♣ 4♥=9  BANKER(W)  | +950원 → 120,850원
H1709 | bet   1,000원 BANKER | P:7♠ K♠=7  B:J♠ 2♥ 2♦=4  PLAYER(L)  | -1,000원 → 119,850원  [start]
H1710 | bet   2,000원 PLAYER | P:Q♦ J♥ A♥=1  B:10♥ K♣ K♣=0  PLAYER(W)  | +2,000원 → 121,850원  [end_win]
H1711 | bet   1,000원 BANKER | P:5♥ A♠=6  B:10♣ J♣ 10♦=0  PLAYER(L)  | -1,000원 → 120,850원  [start]
H1712 | bet   2,000원 PLAYER | P:J♠ 9♦=9  B:9♥ A♠=0  PLAYER(W)  | +2,000원 → 122,850원  [end_win]
H1713 | bet   1,000원 BANKER | P:J♠ 3♥ Q♦=3  B:3♣ Q♠ A♥=4  BANKER(W)  | +950원 → 123,800원
H1714 | bet   1,000원 BANKER | P:7♠ 3♣ 10♥=0  B:6♥ 5♥ 6♠=7  BANKER(W)  | +950원 → 124,750원
H1715 | bet   1,000원 BANKER | P:8♠ 3♣ A♠=2  B:10♦ J♥ 9♦=9  BANKER(W)  | +950원 → 125,700원
H1716 | bet   1,000원 BANKER | P:2♣ 6♣=8  B:3♦ A♥=4  PLAYER(L)  | -1,000원 → 124,700원  [start]
H1717 | bet   2,000원 PLAYER | P:8♥ 4♠ 5♦=7  B:4♣ J♦ 9♦=3  PLAYER(W)  | +2,000원 → 126,700원  [end_win]
H1718 | bet   1,000원 BANKER | P:6♣ 7♣ 2♠=5  B:Q♦ 10♣ A♣=1  PLAYER(L)  | -1,000원 → 125,700원  [start]
H1719 | bet   2,000원 PLAYER | P:Q♣ 6♥=6  B:6♠ 3♥=9  BANKER(L)  | -2,000원 → 123,700원
H1720 | bet   4,000원 PLAYER | P:10♥ 9♠=9  B:3♥ 6♥=9  TIE(T)  |     0원 → 123,700원
H1721 | bet   4,000원 PLAYER | P:5♦ K♣ 4♥=9  B:2♣ 2♠ 9♥=3  PLAYER(W)  | +4,000원 → 127,700원  [end_win]
H1722 | bet   1,000원 BANKER | P:4♣ 10♠ 9♣=3  B:8♥ 5♠ 2♣=5  BANKER(W)  | +950원 → 128,650원
H1723 | bet   1,000원 BANKER | P:8♣ 7♦ 5♥=0  B:4♥ Q♦ A♥=5  BANKER(W)  | +950원 → 129,600원
H1724 | bet   1,000원 BANKER | P:K♠ 9♥=9  B:Q♦ 9♦=9  TIE(T)  |     0원 → 129,600원
H1725 | bet   1,000원 BANKER | P:Q♣ 10♣ 6♥=6  B:3♣ 8♣ K♥=1  PLAYER(L)  | -1,000원 → 128,600원  [start]
H1726 | bet   2,000원 PLAYER | P:2♣ 7♠=9  B:9♥ 7♥=6  PLAYER(W)  | +2,000원 → 130,600원  [end_win]
H1727 | bet   1,000원 BANKER | P:Q♣ Q♣ 10♣=0  B:6♦ 6♥ 5♥=7  BANKER(W)  | +950원 → 131,550원
H1728 | bet   1,000원 BANKER | P:2♠ 9♣ K♣=1  B:7♠ Q♣=7  BANKER(W)  | +950원 → 132,500원
H1729 | bet   1,000원 BANKER | P:9♣ 5♣ A♥=5  B:5♦ 5♦ J♠=0  PLAYER(L)  | -1,000원 → 131,500원  [start]
H1730 | bet   2,000원 PLAYER | P:5♥ 7♣=2  B:J♥ 8♦=8  BANKER(L)  | -2,000원 → 129,500원
H1731 | bet   4,000원 PLAYER | P:7♦ 10♠=7  B:Q♣ 5♠ 6♦=1  PLAYER(W)  | +4,000원 → 133,500원  [end_win]
H1732 | bet   1,000원 BANKER | P:7♠ 10♦=7  B:3♠ K♣ J♠=3  PLAYER(L)  | -1,000원 → 132,500원  [start]
H1733 | bet   2,000원 PLAYER | P:2♦ 8♣ Q♦=0  B:7♦ 10♦=7  BANKER(L)  | -2,000원 → 130,500원
H1734 | bet   4,000원 PLAYER | P:2♥ 10♥ Q♥=2  B:10♥ 2♠ 5♥=7  BANKER(L)  | -4,000원 → 126,500원
H1735 | bet   8,000원 PLAYER | P:4♠ J♣=4  B:10♦ 8♥=8  BANKER(L)  | -8,000원 → 118,500원
H1736 | bet  16,000원 PLAYER | P:Q♠ K♠=0  B:Q♠ 9♠=9  BANKER(L)  | -16,000원 → 102,500원
H1737 | bet  32,000원 PLAYER | P:2♦ 3♠ 10♥=5  B:10♠ 2♦ 6♠=8  BANKER(L)  | -32,000원 → 70,500원  [end_giveup]
H1738 | bet   1,000원 BANKER | P:9♠ 7♠=6  B:K♦ 3♥ 10♥=3  PLAYER(L)  | -1,000원 → 69,500원  [start]
H1739 | bet   2,000원 PLAYER | P:Q♠ J♥ 2♥=2  B:J♦ Q♣ 2♦=2  TIE(T)  |     0원 → 69,500원
H1740 | bet   2,000원 PLAYER | P:8♦ A♦=9  B:8♥ K♣=8  PLAYER(W)  | +2,000원 → 71,500원  [end_win]
H1741 | bet   1,000원 BANKER | P:6♠ Q♥=6  B:5♣ 2♣=7  BANKER(W)  | +950원 → 72,450원
H1742 | bet   1,000원 BANKER | P:A♦ 9♥ 7♦=7  B:3♦ 4♣=7  TIE(T)  |     0원 → 72,450원
H1743 | bet   1,000원 BANKER | P:J♦ K♠ K♦=0  B:6♦ 4♥ J♣=0  TIE(T)  |     0원 → 72,450원
H1744 | bet   1,000원 BANKER | P:7♣ Q♦=7  B:4♣ 8♥ 9♠=1  PLAYER(L)  | -1,000원 → 71,450원  [start]
H1745 | bet   2,000원 PLAYER | P:A♣ K♦ K♥=1  B:4♦ 8♥ 6♥=8  BANKER(L)  | -2,000원 → 69,450원
H1746 | bet   4,000원 PLAYER | P:J♣ A♦ 4♣=5  B:J♦ 5♥ 4♥=9  BANKER(L)  | -4,000원 → 65,450원
H1747 | bet   8,000원 PLAYER | P:5♥ Q♠ Q♣=5  B:K♥ 7♣=7  BANKER(L)  | -8,000원 → 57,450원
H1748 | bet  16,000원 PLAYER | P:3♥ 9♣ 9♥=1  B:10♣ 4♣=4  BANKER(L)  | -16,000원 → 41,450원

Result: RUIN (capital_depleted)
Final: 41,450원  Hands: 1748  Bets: 1613  Wagered: 4,684,000원  Max losing streak: 10
