=== Session 18 ===
Seed: 6344863178936378387
Initial: 100,000원  Target: 500,000원  Ruin: 50,000원  Table-max: 100,000원
Strategy: martingale (pivot, steps=4)
Base bet: 1,000원  Primary side: BANKER

H001 | bet   1,000원 BANKER | P:5♣ Q♣ 6♣=1  B:A♦ K♦ 7♥=8  BANKER(W)  | +950원 → 100,950원
H002 | bet   1,000원 BANKER | P:9♦ 2♥ A♣=2  B:3♠ 4♣=7  BANKER(W)  | +950원 → 101,900원
H003 | bet   1,000원 BANKER | P:3♠ 6♣=9  B:10♦ 6♥=6  PLAYER(L)  | -1,000원 → 100,900원  [start]
H004 | bet   2,000원 PLAYER | P:3♥ Q♣=3  B:8♦ K♥=8  BANKER(L)  | -2,000원 → 98,900원
H005 | bet   4,000원 PLAYER | P:7♠ 4♦=1  B:K♠ 8♥=8  BANKER(L)  | -4,000원 → 94,900원
H006 | bet   8,000원 PLAYER | P:6♠ J♦=6  B:8♦ Q♠=8  BANKER(L)  | -8,000원 → 86,900원
H007 | bet  16,000원 PLAYER | P:4♣ 7♣ 6♦=7  B:5♠ Q♥ 7♣=2  PLAYER(W)  | +16,000원 → 102,900원  [end_win]
H008 | bet   1,000원 BANKER | P:A♣ 10♦ 4♣=5  B:K♠ 7♥=7  BANKER(W)  | +950원 → 103,850원
H009 | bet   1,000원 BANKER | P:7♦ A♦=8  B:2♠ J♥=2  PLAYER(L)  | -1,000원 → 102,850원  [start]
H010 | bet   2,000원 PLAYER | P:5♥ 2♣=7  B:K♦ 6♣=6  PLAYER(W)  | +2,000원 → 104,850원  [end_win]
H011 | bet   1,000원 BANKER | P:A♠ Q♠ 7♦=8  B:10♦ A♣ 10♠=1  PLAYER(L)  | -1,000원 → 103,850원  [start]
H012 | bet   2,000원 PLAYER | P:2♦ 10♣ 5♦=7  B:J♣ J♥ 10♣=0  PLAYER(W)  | +2,000원 → 105,850원  [end_win]
H013 | bet   1,000원 BANKER | P:2♥ A♥ 10♦=3  B:A♦ 6♦=7  BANKER(W)  | +950원 → 106,800원
H014 | bet   1,000원 BANKER | P:9♥ 2♠ K♠=1  B:7♦ 4♥ 5♥=6  BANKER(W)  | +950원 → 107,750원
H015 | bet   1,000원 BANKER | P:Q♠ 7♣=7  B:Q♥ J♥ A♠=1  PLAYER(L)  | -1,000원 → 106,750원  [start]
H016 | bet   2,000원 PLAYER | P:6♦ K♦=6  B:9♥ 10♥=9  BANKER(L)  | -2,000원 → 104,750원
H017 | bet   4,000원 PLAYER | P:2♠ 6♦=8  B:7♠ 5♥=2  PLAYER(W)  | +4,000원 → 108,750원  [end_win]
H018 | bet   1,000원 BANKER | P:4♦ 2♠=6  B:Q♦ 2♠ Q♥=2  PLAYER(L)  | -1,000원 → 107,750원  [start]
H019 | bet   2,000원 PLAYER | P:10♥ 2♠ 2♣=4  B:A♦ 5♣=6  BANKER(L)  | -2,000원 → 105,750원
H020 | bet   4,000원 PLAYER | P:7♥ 5♥=2  B:2♠ 6♥=8  BANKER(L)  | -4,000원 → 101,750원
H021 | bet   8,000원 PLAYER | P:10♦ 6♠=6  B:3♣ 3♦=6  TIE(T)  |     0원 → 101,750원
H022 | bet   8,000원 PLAYER | P:3♠ A♣=4  B:8♦ J♠=8  BANKER(L)  | -8,000원 → 93,750원
H023 | bet  16,000원 PLAYER | P:K♥ 2♦ 5♠=7  B:9♥ 3♠ 6♦=8  BANKER(L)  | -16,000원 → 77,750원  [end_giveup]
H024 | bet   1,000원 BANKER | P:7♥ J♣=7  B:A♦ 7♣=8  BANKER(W)  | +950원 → 78,700원
H025 | bet   1,000원 BANKER | P:J♦ K♥ Q♥=0  B:4♦ 3♣=7  BANKER(W)  | +950원 → 79,650원
H026 | bet   1,000원 BANKER | P:8♠ 3♣ Q♠=1  B:3♥ 8♥ Q♣=1  TIE(T)  |     0원 → 79,650원
H027 | bet   1,000원 BANKER | P:A♠ 6♥=7  B:Q♦ 6♠=6  PLAYER(L)  | -1,000원 → 78,650원  [start]
H028 | bet   2,000원 PLAYER | P:10♠ 2♥=2  B:J♠ 9♠=9  BANKER(L)  | -2,000원 → 76,650원
H029 | bet   4,000원 PLAYER | P:Q♥ 5♥ 6♠=1  B:9♣ 3♥ 10♣=2  BANKER(L)  | -4,000원 → 72,650원
H030 | bet   8,000원 PLAYER | P:J♥ J♣ 9♣=9  B:10♣ 5♠=5  PLAYER(W)  | +8,000원 → 80,650원  [end_win]
H031 | bet   1,000원 BANKER | P:4♣ 4♦=8  B:5♦ J♠=5  PLAYER(L)  | -1,000원 → 79,650원  [start]
H032 | bet   2,000원 PLAYER | P:K♦ 5♦ K♠=5  B:6♥ 9♣=5  TIE(T)  |     0원 → 79,650원
H033 | bet   2,000원 PLAYER | P:8♠ 9♣=7  B:3♦ J♥ K♣=3  PLAYER(W)  | +2,000원 → 81,650원  [end_win]
H034 | bet   1,000원 BANKER | P:8♣ 8♥=6  B:A♣ J♦ 2♦=3  PLAYER(L)  | -1,000원 → 80,650원  [start]
H035 | bet   2,000원 PLAYER | P:K♥ 2♠ Q♦=2  B:3♥ 4♠=7  BANKER(L)  | -2,000원 → 78,650원
H036 | bet   4,000원 PLAYER | P:3♦ 7♠=0  B:8♠ A♥=9  BANKER(L)  | -4,000원 → 74,650원
H037 | bet   8,000원 PLAYER | P:4♥ 8♥ 6♣=8  B:3♣ 7♥ 4♠=4  PLAYER(W)  | +8,000원 → 82,650원  [end_win]
H038 | bet   1,000원 BANKER | P:4♠ J♣ 5♥=9  B:K♦ 3♥ J♣=3  PLAYER(L)  | -1,000원 → 81,650원  [start]
H039 | bet   2,000원 PLAYER | P:7♣ Q♠=7  B:6♥ 8♦ 6♦=0  PLAYER(W)  | +2,000원 → 83,650원  [end_win]
H040 | bet   1,000원 BANKER | P:K♥ 10♦ 5♣=5  B:4♥ A♦ Q♦=5  TIE(T)  |     0원 → 83,650원
H041 | bet   1,000원 BANKER | P:J♠ 8♦=8  B:4♦ 4♥=8  TIE(T)  |     0원 → 83,650원
H042 | bet   1,000원 BANKER | P:K♣ 10♥ 9♠=9  B:A♠ 9♣ 6♥=6  PLAYER(L)  | -1,000원 → 82,650원  [start]
H043 | bet   2,000원 PLAYER | P:8♠ 4♣ 3♥=5  B:3♦ 9♦ 2♣=4  PLAYER(W)  | +2,000원 → 84,650원  [end_win]
H044 | bet   1,000원 BANKER | P:A♠ 8♥=9  B:Q♥ 4♠=4  PLAYER(L)  | -1,000원 → 83,650원  [start]
H045 | bet   2,000원 PLAYER | P:K♠ 9♠=9  B:5♦ 2♦=7  PLAYER(W)  | +2,000원 → 85,650원  [end_win]
H046 | bet   1,000원 BANKER | P:2♣ A♠ 7♦=0  B:10♣ 2♥ 10♥=2  BANKER(W)  | +950원 → 86,600원
H047 | bet   1,000원 BANKER | P:10♠ 9♦=9  B:9♣ J♦=9  TIE(T)  |     0원 → 86,600원
H048 | bet   1,000원 BANKER | P:10♦ 2♥ 2♦=4  B:10♠ Q♦ J♥=0  PLAYER(L)  | -1,000원 → 85,600원  [start]
H049 | bet   2,000원 PLAYER | P:7♣ 10♣=7  B:K♠ Q♣ K♣=0  PLAYER(W)  | +2,000원 → 87,600원  [end_win]
H050 | bet   1,000원 BANKER | P:5♣ 9♠=4  B:J♣ 8♠=8  BANKER(W)  | +950원 → 88,550원
H051 | bet   1,000원 BANKER | P:9♥ K♦=9  B:5♠ A♥=6  PLAYER(L)  | -1,000원 → 87,550원  [start]
H052 | bet   2,000원 PLAYER | P:A♠ K♦ 4♣=5  B:7♥ 4♥ 6♣=7  BANKER(L)  | -2,000원 → 85,550원
H053 | bet   4,000원 PLAYER | P:8♦ 5♦ 10♥=3  B:9♦ 5♠=4  BANKER(L)  | -4,000원 → 81,550원
H054 | bet   8,000원 PLAYER | P:A♥ 2♣=3  B:5♣ 4♦=9  BANKER(L)  | -8,000원 → 73,550원
H055 | bet  16,000원 PLAYER | P:A♣ Q♣ 4♠=5  B:7♣ 8♣ 8♣=3  PLAYER(W)  | +16,000원 → 89,550원  [end_win]
H056 | bet   1,000원 BANKER | P:A♣ 3♥ 10♠=4  B:A♥ 6♠=7  BANKER(W)  | +950원 → 90,500원
H057 | bet   1,000원 BANKER | P:6♣ 7♦ J♦=3  B:Q♠ 7♠=7  BANKER(W)  | +950원 → 91,450원
H058 | bet   1,000원 BANKER | P:6♦ K♥=6  B:3♠ 4♥=7  BANKER(W)  | +950원 → 92,400원
H059 | bet   1,000원 BANKER | P:J♠ 8♠=8  B:K♠ 9♠=9  BANKER(W)  | +950원 → 93,350원
H060 | bet   1,000원 BANKER | P:4♠ 9♥ 2♦=5  B:J♥ 3♠ 8♣=1  PLAYER(L)  | -1,000원 → 92,350원  [start]
H061 | bet   2,000원 PLAYER | P:Q♥ A♥ 7♠=8  B:9♦ 4♠ 3♣=6  PLAYER(W)  | +2,000원 → 94,350원  [end_win]
H062 | bet   1,000원 BANKER | P:4♠ 3♠=7  B:5♥ 8♥ 9♦=2  PLAYER(L)  | -1,000원 → 93,350원  [start]
H063 | bet   2,000원 PLAYER | P:2♦ 7♥=9  B:9♥ 6♣=5  PLAYER(W)  | +2,000원 → 95,350원  [end_win]
H064 | bet   1,000원 BANKER | P:9♣ K♦=9  B:2♣ Q♠=2  PLAYER(L)  | -1,000원 → 94,350원  [start]
H065 | bet   2,000원 PLAYER | P:Q♠ 2♥=2  B:9♥ K♣=9  BANKER(L)  | -2,000원 → 92,350원
H066 | bet   4,000원 PLAYER | P:9♠ 8♦=7  B:10♥ 7♣=7  TIE(T)  |     0원 → 92,350원
H067 | bet   4,000원 PLAYER | P:5♣ 8♥ 7♦=0  B:8♠ 6♠ 5♣=9  BANKER(L)  | -4,000원 → 88,350원
H068 | bet   8,000원 PLAYER | P:4♥ 4♦=8  B:Q♦ 10♠=0  PLAYER(W)  | +8,000원 → 96,350원  [end_win]
H069 | bet   1,000원 BANKER | P:5♣ A♦=6  B:10♥ K♠ Q♣=0  PLAYER(L)  | -1,000원 → 95,350원  [start]
H070 | bet   2,000원 PLAYER | P:2♦ 5♥=7  B:J♠ 7♦=7  TIE(T)  |     0원 → 95,350원
H071 | bet   2,000원 PLAYER | P:3♦ 3♦=6  B:3♣ A♦ 4♦=8  BANKER(L)  | -2,000원 → 93,350원
H072 | bet   4,000원 PLAYER | P:K♣ 8♣=8  B:7♠ J♦=7  PLAYER(W)  | +4,000원 → 97,350원  [end_win]
H073 | bet   1,000원 BANKER | P:3♥ 9♦ 4♣=6  B:9♠ A♣ J♠=0  PLAYER(L)  | -1,000원 → 96,350원  [start]
H074 | bet   2,000원 PLAYER | P:2♥ 2♣ 9♥=3  B:A♥ A♥ K♣=2  PLAYER(W)  | +2,000원 → 98,350원  [end_win]
H075 | bet   1,000원 BANKER | P:8♣ Q♥=8  B:4♣ J♦=4  PLAYER(L)  | -1,000원 → 97,350원  [start]
H076 | bet   2,000원 PLAYER | P:6♥ Q♣=6  B:7♠ 6♠ 3♣=6  TIE(T)  |     0원 → 97,350원
H077 | bet   2,000원 PLAYER | P:7♠ 3♠=0  B:8♥ Q♦=8  BANKER(L)  | -2,000원 → 95,350원
H078 | bet   4,000원 PLAYER | P:6♥ 6♦ K♣=2  B:J♠ 4♥=4  BANKER(L)  | -4,000원 → 91,350원
H079 | bet   8,000원 PLAYER | P:5♦ Q♣ 8♠=3  B:7♥ 6♣=3  TIE(T)  |     0원 → 91,350원
H080 | bet   8,000원 PLAYER | P:6♠ K♥=6  B:10♥ 5♦ 2♣=7  BANKER(L)  | -8,000원 → 83,350원
H081 | bet  16,000원 PLAYER | P:K♥ 10♣ J♣=0  B:10♠ 10♣ 9♠=9  BANKER(L)  | -16,000원 → 67,350원  [end_giveup]
H082 | bet   1,000원 BANKER | P:5♠ 8♣ 8♦=1  B:5♠ K♣=5  BANKER(W)  | +950원 → 68,300원
H083 | bet   1,000원 BANKER | P:3♦ 9♦ Q♦=2  B:10♦ 2♥ 9♣=1  PLAYER(L)  | -1,000원 → 67,300원  [start]
H084 | bet   2,000원 PLAYER | P:5♦ Q♣ 6♣=1  B:3♥ 10♦ J♥=3  BANKER(L)  | -2,000원 → 65,300원
H085 | bet   4,000원 PLAYER | P:10♥ 9♥=9  B:8♣ 8♣=6  PLAYER(W)  | +4,000원 → 69,300원  [end_win]
H086 | bet   1,000원 BANKER | P:Q♦ 7♦=7  B:K♦ 4♥ 10♥=4  PLAYER(L)  | -1,000원 → 68,300원  [start]
H087 | bet   2,000원 PLAYER | P:K♣ 6♦=6  B:K♣ Q♠ Q♦=0  PLAYER(W)  | +2,000원 → 70,300원  [end_win]
H088 | bet   1,000원 BANKER | P:9♥ 4♦ 2♠=5  B:8♣ 3♣ 7♥=8  BANKER(W)  | +950원 → 71,250원
H089 | bet   1,000원 BANKER | P:K♠ 4♠ 4♦=8  B:6♠ 9♣ Q♠=5  PLAYER(L)  | -1,000원 → 70,250원  [start]
H090 | bet   2,000원 PLAYER | P:10♣ 4♣ 2♥=6  B:K♦ 5♦=5  PLAYER(W)  | +2,000원 → 72,250원  [end_win]
H091 | bet   1,000원 BANKER | P:4♠ 4♥=8  B:K♥ 9♣=9  BANKER(W)  | +950원 → 73,200원
H092 | bet   1,000원 BANKER | P:2♦ A♦ 3♣=6  B:5♣ 5♣ 8♦=8  BANKER(W)  | +950원 → 74,150원
H093 | bet   1,000원 BANKER | P:5♥ 7♠=2  B:9♦ 10♣=9  BANKER(W)  | +950원 → 75,100원
H094 | bet   1,000원 BANKER | P:9♦ 2♣=1  B:K♦ 9♦=9  BANKER(W)  | +950원 → 76,050원
H095 | bet   1,000원 BANKER | P:9♠ 7♣=6  B:3♦ Q♣ 3♦=6  TIE(T)  |     0원 → 76,050원
H096 | bet   1,000원 BANKER | P:K♠ A♥=1  B:9♦ Q♠=9  BANKER(W)  | +950원 → 77,000원
H097 | bet   1,000원 BANKER | P:J♠ 7♦=7  B:2♠ 5♠=7  TIE(T)  |     0원 → 77,000원
H098 | bet   1,000원 BANKER | P:9♦ 9♣=8  B:J♠ J♣=0  PLAYER(L)  | -1,000원 → 76,000원  [start]
H099 | bet   2,000원 PLAYER | P:J♠ 7♦=7  B:K♣ 9♠=9  BANKER(L)  | -2,000원 → 74,000원
H100 | bet   4,000원 PLAYER | P:8♠ 2♦ 4♦=4  B:A♥ Q♥ 9♣=0  PLAYER(W)  | +4,000원 → 78,000원  [end_win]
H101 | bet   1,000원 BANKER | P:6♦ J♥=6  B:7♣ 8♠ A♠=6  TIE(T)  |     0원 → 78,000원
H102 | bet   1,000원 BANKER | P:3♠ 8♥ 6♣=7  B:10♦ 6♥ 6♠=2  PLAYER(L)  | -1,000원 → 77,000원  [start]
H103 | bet   2,000원 PLAYER | P:J♣ 6♦=6  B:2♥ A♣ 3♥=6  TIE(T)  |     0원 → 77,000원
H104 | bet   2,000원 PLAYER | P:8♠ 3♣ 2♠=3  B:2♦ A♦ 3♥=6  BANKER(L)  | -2,000원 → 75,000원
H105 | bet   4,000원 PLAYER | P:7♣ A♣=8  B:7♣ 3♦=0  PLAYER(W)  | +4,000원 → 79,000원  [end_win]
H106 | bet   1,000원 BANKER | P:2♥ J♠ 10♣=2  B:7♠ 9♦=6  BANKER(W)  | +950원 → 79,950원
H107 | bet   1,000원 BANKER | P:7♦ 8♥ 6♠=1  B:8♥ 6♥ 3♥=7  BANKER(W)  | +950원 → 80,900원
H108 | bet   1,000원 BANKER | P:K♥ 2♦ K♠=2  B:J♠ 3♣ 8♦=1  PLAYER(L)  | -1,000원 → 79,900원  [start]
H109 | bet   2,000원 PLAYER | P:3♦ Q♠ 6♣=9  B:4♦ 6♦ K♣=0  PLAYER(W)  | +2,000원 → 81,900원  [end_win]
H110 | bet   1,000원 BANKER | P:9♥ J♥=9  B:5♠ 6♦=1  PLAYER(L)  | -1,000원 → 80,900원  [start]
H111 | bet   2,000원 PLAYER | P:2♦ 5♥=7  B:J♦ 10♠ 7♣=7  TIE(T)  |     0원 → 80,900원
H112 | bet   2,000원 PLAYER | P:4♦ 4♠=8  B:K♦ 3♥=3  PLAYER(W)  | +2,000원 → 82,900원  [end_win]
H113 | bet   1,000원 BANKER | P:K♥ 10♠ K♦=0  B:A♥ 9♣ 7♥=7  BANKER(W)  | +950원 → 83,850원
H114 | bet   1,000원 BANKER | P:8♣ 8♣=6  B:7♥ 6♠ 6♥=9  BANKER(W)  | +950원 → 84,800원
H115 | bet   1,000원 BANKER | P:J♣ 10♥=0  B:5♠ 3♠=8  BANKER(W)  | +950원 → 85,750원
H116 | bet   1,000원 BANKER | P:J♦ K♠=0  B:K♣ 9♥=9  BANKER(W)  | +950원 → 86,700원
H117 | bet   1,000원 BANKER | P:A♠ 9♥ A♠=1  B:J♦ 5♣=5  BANKER(W)  | +950원 → 87,650원
H118 | bet   1,000원 BANKER | P:10♦ 8♣=8  B:5♥ 6♠=1  PLAYER(L)  | -1,000원 → 86,650원  [start]
H119 | bet   2,000원 PLAYER | P:7♣ 5♥ 5♥=7  B:6♠ K♠=6  PLAYER(W)  | +2,000원 → 88,650원  [end_win]
H120 | bet   1,000원 BANKER | P:6♥ 4♦ 10♦=0  B:6♦ Q♠=6  BANKER(W)  | +950원 → 89,600원
H121 | bet   1,000원 BANKER | P:9♠ 4♥ 4♠=7  B:4♣ 8♥ 5♠=7  TIE(T)  |     0원 → 89,600원
H122 | bet   1,000원 BANKER | P:4♥ 7♠ J♦=1  B:3♥ Q♦ Q♣=3  BANKER(W)  | +950원 → 90,550원
H123 | bet   1,000원 BANKER | P:3♦ K♣ A♠=4  B:3♠ 2♦=5  BANKER(W)  | +950원 → 91,500원
H124 | bet   1,000원 BANKER | P:5♥ 2♥=7  B:A♦ 2♠ 6♥=9  BANKER(W)  | +950원 → 92,450원
H125 | bet   1,000원 BANKER | P:9♥ A♥=0  B:2♠ 6♥=8  BANKER(W)  | +950원 → 93,400원
H126 | bet   1,000원 BANKER | P:10♣ K♠=0  B:5♣ 4♣=9  BANKER(W)  | +950원 → 94,350원
H127 | bet   1,000원 BANKER | P:J♥ J♣ 4♥=4  B:9♣ 2♣ 2♥=3  PLAYER(L)  | -1,000원 → 93,350원  [start]
H128 | bet   2,000원 PLAYER | P:A♣ 10♥ J♠=1  B:J♣ Q♠ 10♠=0  PLAYER(W)  | +2,000원 → 95,350원  [end_win]
H129 | bet   1,000원 BANKER | P:5♣ 5♦ 9♠=9  B:9♥ 3♠ J♥=2  PLAYER(L)  | -1,000원 → 94,350원  [start]
H130 | bet   2,000원 PLAYER | P:A♦ 10♥ 8♥=9  B:J♦ A♠ 3♠=4  PLAYER(W)  | +2,000원 → 96,350원  [end_win]
H131 | bet   1,000원 BANKER | P:Q♥ 2♥ Q♠=2  B:4♠ 10♦=4  BANKER(W)  | +950원 → 97,300원
H132 | bet   1,000원 BANKER | P:6♣ 5♦ 6♠=7  B:Q♦ Q♥ 8♦=8  BANKER(W)  | +950원 → 98,250원
H133 | bet   1,000원 BANKER | P:7♥ 2♦=9  B:6♣ J♣=6  PLAYER(L)  | -1,000원 → 97,250원  [start]
H134 | bet   2,000원 PLAYER | P:A♦ 10♣ 7♦=8  B:6♣ K♥ 4♥=0  PLAYER(W)  | +2,000원 → 99,250원  [end_win]
H135 | bet   1,000원 BANKER | P:4♠ 2♦=6  B:6♠ 10♠=6  TIE(T)  |     0원 → 99,250원
H136 | bet   1,000원 BANKER | P:10♠ J♦=0  B:9♥ J♦=9  BANKER(W)  | +950원 → 100,200원
H137 | bet   1,000원 BANKER | P:3♥ 2♠ A♣=6  B:3♣ 10♥ 3♦=6  TIE(T)  |     0원 → 100,200원
H138 | bet   1,000원 BANKER | P:2♣ 10♦ A♥=3  B:8♥ 5♦ 10♥=3  TIE(T)  |     0원 → 100,200원
H139 | bet   1,000원 BANKER | P:5♠ 5♥ 7♦=7  B:2♣ 4♥ 3♠=9  BANKER(W)  | +950원 → 101,150원
H140 | bet   1,000원 BANKER | P:9♦ 3♣ 4♣=6  B:8♦ 8♠=6  TIE(T)  |     0원 → 101,150원
H141 | bet   1,000원 BANKER | P:5♠ K♠ Q♥=5  B:A♣ J♠ 7♥=8  BANKER(W)  | +950원 → 102,100원
H142 | bet   1,000원 BANKER | P:3♦ A♦=4  B:5♣ 4♥=9  BANKER(W)  | +950원 → 103,050원
H143 | bet   1,000원 BANKER | P:2♥ A♦ 9♣=2  B:J♥ K♦ 3♣=3  BANKER(W)  | +950원 → 104,000원
H144 | bet   1,000원 BANKER | P:8♦ A♠=9  B:5♦ 6♦=1  PLAYER(L)  | -1,000원 → 103,000원  [start]
H145 | bet   2,000원 PLAYER | P:3♥ K♣ J♥=3  B:K♦ 2♥ Q♦=2  PLAYER(W)  | +2,000원 → 105,000원  [end_win]
H146 | bet   1,000원 BANKER | P:7♠ 4♣=1  B:5♠ 4♠=9  BANKER(W)  | +950원 → 105,950원
H147 | bet   1,000원 BANKER | P:A♣ 4♠ K♥=5  B:Q♣ A♠ 10♣=1  PLAYER(L)  | -1,000원 → 104,950원  [start]
H148 | bet   2,000원 PLAYER | P:5♥ 5♠ 5♦=5  B:8♦ 2♣ 2♣=2  PLAYER(W)  | +2,000원 → 106,950원  [end_win]
H149 | bet   1,000원 BANKER | P:Q♦ 9♠=9  B:7♥ Q♠=7  PLAYER(L)  | -1,000원 → 105,950원  [start]
H150 | bet   2,000원 PLAYER | P:7♠ J♣=7  B:8♥ Q♣=8  BANKER(L)  | -2,000원 → 103,950원
H151 | bet   4,000원 PLAYER | P:7♥ 8♠ 2♠=7  B:10♣ K♥ K♣=0  PLAYER(W)  | +4,000원 → 107,950원  [end_win]
H152 | bet   1,000원 BANKER | P:4♦ K♥=4  B:A♣ 7♥=8  BANKER(W)  | +950원 → 108,900원
H153 | bet   1,000원 BANKER | P:A♥ Q♥ 5♣=6  B:Q♦ 2♣ 7♠=9  BANKER(W)  | +950원 → 109,850원
H154 | bet   1,000원 BANKER | P:10♠ 6♣=6  B:J♣ 3♠ K♠=3  PLAYER(L)  | -1,000원 → 108,850원  [start]
H155 | bet   2,000원 PLAYER | P:10♠ 8♠=8  B:8♥ Q♦=8  TIE(T)  |     0원 → 108,850원
H156 | bet   2,000원 PLAYER | P:4♣ 8♦ 9♠=1  B:Q♣ Q♣ 4♣=4  BANKER(L)  | -2,000원 → 106,850원
H157 | bet   4,000원 PLAYER | P:6♣ 7♦ 9♠=2  B:7♠ 7♣=4  BANKER(L)  | -4,000원 → 102,850원
H158 | bet   8,000원 PLAYER | P:9♣ 7♠=6  B:J♦ 8♠=8  BANKER(L)  | -8,000원 → 94,850원
H159 | bet  16,000원 PLAYER | P:6♥ 4♣ 10♦=0  B:Q♣ 5♣=5  BANKER(L)  | -16,000원 → 78,850원  [end_giveup]
H160 | bet   1,000원 BANKER | P:K♥ A♥ 8♠=9  B:6♥ Q♥=6  PLAYER(L)  | -1,000원 → 77,850원  [start]
H161 | bet   2,000원 PLAYER | P:J♠ A♠=1  B:8♣ A♣=9  BANKER(L)  | -2,000원 → 75,850원
H162 | bet   4,000원 PLAYER | P:J♥ 7♦=7  B:6♦ 8♦ 10♠=4  PLAYER(W)  | +4,000원 → 79,850원  [end_win]
H163 | bet   1,000원 BANKER | P:5♦ A♥=6  B:10♥ 10♣ 3♣=3  PLAYER(L)  | -1,000원 → 78,850원  [start]
H164 | bet   2,000원 PLAYER | P:4♦ J♥ 7♠=1  B:5♦ 7♣ 4♦=6  BANKER(L)  | -2,000원 → 76,850원
H165 | bet   4,000원 PLAYER | P:K♦ 5♣ K♣=5  B:A♠ 4♥=5  TIE(T)  |     0원 → 76,850원
H166 | bet   4,000원 PLAYER | P:K♠ 9♥=9  B:K♣ 5♥=5  PLAYER(W)  | +4,000원 → 80,850원  [end_win]
H167 | bet   1,000원 BANKER | P:A♠ 5♠=6  B:Q♠ A♦ 3♦=4  PLAYER(L)  | -1,000원 → 79,850원  [start]
H168 | bet   2,000원 PLAYER | P:8♠ 6♠ 9♦=3  B:Q♠ 3♣ Q♦=3  TIE(T)  |     0원 → 79,850원
H169 | bet   2,000원 PLAYER | P:9♣ 9♠=8  B:8♣ A♥=9  BANKER(L)  | -2,000원 → 77,850원
H170 | bet   4,000원 PLAYER | P:J♦ 5♠ J♠=5  B:9♦ 8♦=7  BANKER(L)  | -4,000원 → 73,850원
H171 | bet   8,000원 PLAYER | P:5♠ 2♦=7  B:5♥ 3♦=8  BANKER(L)  | -8,000원 → 65,850원
H172 | bet  16,000원 PLAYER | P:7♥ 7♦ 2♦=6  B:10♠ 3♦ J♣=3  PLAYER(W)  | +16,000원 → 81,850원  [end_win]
H173 | bet   1,000원 BANKER | P:8♠ K♦=8  B:7♠ 6♠=3  PLAYER(L)  | -1,000원 → 80,850원  [start]
H174 | bet   2,000원 PLAYER | P:Q♦ 6♦=6  B:10♣ 4♣ 3♥=7  BANKER(L)  | -2,000원 → 78,850원
H175 | bet   4,000원 PLAYER | P:8♥ 8♥=6  B:10♣ K♥ 9♦=9  BANKER(L)  | -4,000원 → 74,850원
H176 | bet   8,000원 PLAYER | P:6♦ A♦=7  B:7♥ Q♣=7  TIE(T)  |     0원 → 74,850원
H177 | bet   8,000원 PLAYER | P:7♣ 3♦ 4♣=4  B:A♦ 10♣ 4♠=5  BANKER(L)  | -8,000원 → 66,850원
H178 | bet  16,000원 PLAYER | P:8♦ 2♠ 6♥=6  B:K♦ 6♠ K♦=6  TIE(T)  |     0원 → 66,850원
H179 | bet  16,000원 PLAYER | P:8♣ Q♠=8  B:A♣ 4♠=5  PLAYER(W)  | +16,000원 → 82,850원  [end_win]
H180 | bet   1,000원 BANKER | P:A♥ Q♥=1  B:K♠ 9♣=9  BANKER(W)  | +950원 → 83,800원
H181 | bet   1,000원 BANKER | P:4♠ 10♠ 4♣=8  B:K♥ 10♣ 2♣=2  PLAYER(L)  | -1,000원 → 82,800원  [start]
H182 | bet   2,000원 PLAYER | P:Q♣ J♦ 3♠=3  B:4♥ 2♠=6  BANKER(L)  | -2,000원 → 80,800원
H183 | bet   4,000원 PLAYER | P:7♣ A♣=8  B:J♥ 7♦=7  PLAYER(W)  | +4,000원 → 84,800원  [end_win]
H184 | bet   1,000원 BANKER | P:4♠ 6♥ K♣=0  B:5♣ A♥=6  BANKER(W)  | +950원 → 85,750원
H185 | bet   1,000원 BANKER | P:9♥ 7♥=6  B:10♠ 4♣ 5♠=9  BANKER(W)  | +950원 → 86,700원
H186 | bet   1,000원 BANKER | P:10♦ 7♠=7  B:A♣ 6♥=7  TIE(T)  |     0원 → 86,700원
H187 | bet   1,000원 BANKER | P:7♥ Q♥=7  B:Q♣ K♥ 2♥=2  PLAYER(L)  | -1,000원 → 85,700원  [start]
H188 | bet   2,000원 PLAYER | P:K♠ J♠ 6♠=6  B:K♣ 3♠ Q♦=3  PLAYER(W)  | +2,000원 → 87,700원  [end_win]
H189 | bet   1,000원 BANKER | P:3♥ 5♥=8  B:6♠ 8♠=4  PLAYER(L)  | -1,000원 → 86,700원  [start]
H190 | bet   2,000원 PLAYER | P:6♣ 6♣ 6♦=8  B:J♥ 6♣ 6♦=2  PLAYER(W)  | +2,000원 → 88,700원  [end_win]
H191 | bet   1,000원 BANKER | P:5♦ 6♦ Q♦=1  B:2♦ J♠ 10♦=2  BANKER(W)  | +950원 → 89,650원
H192 | bet   1,000원 BANKER | P:10♠ K♥ 10♥=0  B:10♥ Q♥ 8♠=8  BANKER(W)  | +950원 → 90,600원
H193 | bet   1,000원 BANKER | P:K♣ 5♦ 5♠=0  B:4♦ K♣ 3♠=7  BANKER(W)  | +950원 → 91,550원
H194 | bet   1,000원 BANKER | P:5♠ 10♣ 6♠=1  B:Q♥ 6♦ 7♦=3  BANKER(W)  | +950원 → 92,500원
H195 | bet   1,000원 BANKER | P:K♥ 4♣ 9♠=3  B:4♥ Q♠=4  BANKER(W)  | +950원 → 93,450원
H196 | bet   1,000원 BANKER | P:5♣ 4♠=9  B:J♠ 4♣=4  PLAYER(L)  | -1,000원 → 92,450원  [start]
H197 | bet   2,000원 PLAYER | P:6♥ A♣=7  B:3♣ 9♠ K♥=2  PLAYER(W)  | +2,000원 → 94,450원  [end_win]
H198 | bet   1,000원 BANKER | P:8♠ 3♥ 5♠=6  B:Q♥ Q♣ 7♣=7  BANKER(W)  | +950원 → 95,400원
H199 | bet   1,000원 BANKER | P:A♥ 4♦ 6♣=1  B:6♦ 8♦ 9♥=3  BANKER(W)  | +950원 → 96,350원
H200 | bet   1,000원 BANKER | P:7♣ 10♦=7  B:Q♣ 8♦=8  BANKER(W)  | +950원 → 97,300원
H201 | bet   1,000원 BANKER | P:A♠ J♦ A♦=2  B:Q♣ 6♥=6  BANKER(W)  | +950원 → 98,250원
H202 | bet   1,000원 BANKER | P:K♥ 7♦=7  B:K♣ 4♥ A♣=5  PLAYER(L)  | -1,000원 → 97,250원  [start]
H203 | bet   2,000원 PLAYER | P:2♠ 5♥=7  B:3♦ K♠ 2♦=5  PLAYER(W)  | +2,000원 → 99,250원  [end_win]
H204 | bet   1,000원 BANKER | P:2♥ 8♥ 2♣=2  B:6♣ K♦=6  BANKER(W)  | +950원 → 100,200원
H205 | bet   1,000원 BANKER | P:4♦ 2♥=6  B:7♠ 9♣=6  TIE(T)  |     0원 → 100,200원
H206 | bet   1,000원 BANKER | P:5♥ K♥ 7♦=2  B:5♥ 5♦ 2♠=2  TIE(T)  |     0원 → 100,200원
H207 | bet   1,000원 BANKER | P:2♣ 5♣=7  B:10♥ J♣ 10♣=0  PLAYER(L)  | -1,000원 → 99,200원  [start]
H208 | bet   2,000원 PLAYER | P:8♦ 6♥ J♣=4  B:3♥ 2♣=5  BANKER(L)  | -2,000원 → 97,200원
H209 | bet   4,000원 PLAYER | P:2♥ 4♠=6  B:10♥ A♥ J♥=1  PLAYER(W)  | +4,000원 → 101,200원  [end_win]
H210 | bet   1,000원 BANKER | P:A♠ J♦ 7♥=8  B:J♥ Q♦ 5♦=5  PLAYER(L)  | -1,000원 → 100,200원  [start]
H211 | bet   2,000원 PLAYER | P:3♣ 7♠=0  B:10♦ 8♣=8  BANKER(L)  | -2,000원 → 98,200원
H212 | bet   4,000원 PLAYER | P:8♠ Q♣=8  B:9♠ J♥=9  BANKER(L)  | -4,000원 → 94,200원
H213 | bet   8,000원 PLAYER | P:J♥ 8♥=8  B:8♥ 7♠=5  PLAYER(W)  | +8,000원 → 102,200원  [end_win]
H214 | bet   1,000원 BANKER | P:9♥ 8♣=7  B:A♣ A♠ K♠=2  PLAYER(L)  | -1,000원 → 101,200원  [start]
H215 | bet   2,000원 PLAYER | P:9♦ 10♦=9  B:Q♦ 4♦=4  PLAYER(W)  | +2,000원 → 103,200원  [end_win]
H216 | bet   1,000원 BANKER | P:8♦ 4♣ 9♠=1  B:9♥ 8♥=7  BANKER(W)  | +950원 → 104,150원
H217 | bet   1,000원 BANKER | P:9♥ 2♥ 9♦=0  B:2♥ K♦ 2♣=4  BANKER(W)  | +950원 → 105,100원
H218 | bet   1,000원 BANKER | P:9♦ 5♥ 4♠=8  B:6♣ J♥=6  PLAYER(L)  | -1,000원 → 104,100원  [start]
H219 | bet   2,000원 PLAYER | P:Q♠ 4♦ 3♠=7  B:Q♠ A♦ 10♠=1  PLAYER(W)  | +2,000원 → 106,100원  [end_win]
H220 | bet   1,000원 BANKER | P:5♣ 7♣ J♣=2  B:8♠ 5♦ 2♣=5  BANKER(W)  | +950원 → 107,050원
H221 | bet   1,000원 BANKER | P:2♦ 6♦=8  B:A♥ J♦=1  PLAYER(L)  | -1,000원 → 106,050원  [start]
H222 | bet   2,000원 PLAYER | P:9♥ 10♣=9  B:6♠ 4♥=0  PLAYER(W)  | +2,000원 → 108,050원  [end_win]
H223 | bet   1,000원 BANKER | P:K♦ 5♥ 3♣=8  B:K♠ A♣ 5♠=6  PLAYER(L)  | -1,000원 → 107,050원  [start]
H224 | bet   2,000원 PLAYER | P:2♦ 3♥ 2♣=7  B:K♠ 7♥=7  TIE(T)  |     0원 → 107,050원
H225 | bet   2,000원 PLAYER | P:8♣ 3♣ 10♠=1  B:A♠ J♠ A♠=2  BANKER(L)  | -2,000원 → 105,050원
H226 | bet   4,000원 PLAYER | P:8♣ 2♦ 6♠=6  B:10♦ 3♠ 9♣=2  PLAYER(W)  | +4,000원 → 109,050원  [end_win]
H227 | bet   1,000원 BANKER | P:A♣ A♦=2  B:6♥ 3♦=9  BANKER(W)  | +950원 → 110,000원
H228 | bet   1,000원 BANKER | P:3♠ 2♦ 5♦=0  B:9♣ 3♠ 4♥=6  BANKER(W)  | +950원 → 110,950원
H229 | bet   1,000원 BANKER | P:2♥ 3♣ Q♠=5  B:5♦ J♣=5  TIE(T)  |     0원 → 110,950원
H230 | bet   1,000원 BANKER | P:5♣ J♠ 7♥=2  B:8♣ 3♣ 9♥=0  PLAYER(L)  | -1,000원 → 109,950원  [start]
H231 | bet   2,000원 PLAYER | P:10♥ 9♦=9  B:7♣ J♠=7  PLAYER(W)  | +2,000원 → 111,950원  [end_win]
H232 | bet   1,000원 BANKER | P:3♣ 4♣=7  B:4♠ 9♣ 9♣=2  PLAYER(L)  | -1,000원 → 110,950원  [start]
H233 | bet   2,000원 PLAYER | P:7♦ 10♥=7  B:K♦ 4♦ 10♥=4  PLAYER(W)  | +2,000원 → 112,950원  [end_win]
H234 | bet   1,000원 BANKER | P:A♠ 9♣ 7♣=7  B:10♠ A♦ K♠=1  PLAYER(L)  | -1,000원 → 111,950원  [start]
H235 | bet   2,000원 PLAYER | P:9♠ Q♠=9  B:2♠ 2♠=4  PLAYER(W)  | +2,000원 → 113,950원  [end_win]
H236 | bet   1,000원 BANKER | P:J♦ J♣ K♣=0  B:J♣ Q♥ 5♣=5  BANKER(W)  | +950원 → 114,900원
H237 | bet   1,000원 BANKER | P:2♣ 10♣ 8♦=0  B:J♣ 7♠=7  BANKER(W)  | +950원 → 115,850원
H238 | bet   1,000원 BANKER | P:A♥ A♦ 8♥=0  B:7♦ 7♠=4  BANKER(W)  | +950원 → 116,800원
H239 | bet   1,000원 BANKER | P:J♦ Q♦ 8♥=8  B:2♥ 2♠=4  PLAYER(L)  | -1,000원 → 115,800원  [start]
H240 | bet   2,000원 PLAYER | P:4♥ Q♥ 5♣=9  B:A♥ 3♦ 10♦=4  PLAYER(W)  | +2,000원 → 117,800원  [end_win]
H241 | bet   1,000원 BANKER | P:6♣ Q♦=6  B:4♥ 6♥ 9♠=9  BANKER(W)  | +950원 → 118,750원
H242 | bet   1,000원 BANKER | P:Q♣ J♦ 7♦=7  B:8♠ 3♠ 9♦=0  PLAYER(L)  | -1,000원 → 117,750원  [start]
H243 | bet   2,000원 PLAYER | P:7♥ 9♠=6  B:10♥ 2♠ 3♥=5  PLAYER(W)  | +2,000원 → 119,750원  [end_win]
H244 | bet   1,000원 BANKER | P:5♠ 7♥=2  B:6♣ 2♣=8  BANKER(W)  | +950원 → 120,700원
H245 | bet   1,000원 BANKER | P:9♦ J♣=9  B:Q♥ 6♠=6  PLAYER(L)  | -1,000원 → 119,700원  [start]
H246 | bet   2,000원 PLAYER | P:A♣ 4♥ 6♣=1  B:7♣ K♦=7  BANKER(L)  | -2,000원 → 117,700원
H247 | bet   4,000원 PLAYER | P:7♥ 9♦=6  B:3♠ 4♣=7  BANKER(L)  | -4,000원 → 113,700원
H248 | bet   8,000원 PLAYER | P:6♦ 3♣=9  B:8♣ 2♦=0  PLAYER(W)  | +8,000원 → 121,700원  [end_win]
H249 | bet   1,000원 BANKER | P:4♠ 10♦ K♠=4  B:6♦ 5♦ 10♦=1  PLAYER(L)  | -1,000원 → 120,700원  [start]
H250 | bet   2,000원 PLAYER | P:8♣ 4♣ A♦=3  B:Q♠ 7♦=7  BANKER(L)  | -2,000원 → 118,700원
H251 | bet   4,000원 PLAYER | P:J♠ A♠ 6♣=7  B:4♥ J♥ 2♥=6  PLAYER(W)  | +4,000원 → 122,700원  [end_win]
H252 | bet   1,000원 BANKER | P:3♥ K♠ J♣=3  B:K♥ A♦ A♥=2  PLAYER(L)  | -1,000원 → 121,700원  [start]
H253 | bet   2,000원 PLAYER | P:Q♠ 9♥=9  B:4♥ J♠=4  PLAYER(W)  | +2,000원 → 123,700원  [end_win]
H254 | bet   1,000원 BANKER | P:4♣ 8♦ 2♣=4  B:10♣ K♥ 2♦=2  PLAYER(L)  | -1,000원 → 122,700원  [start]
H255 | bet   2,000원 PLAYER | P:6♥ K♣=6  B:10♦ J♣ 7♣=7  BANKER(L)  | -2,000원 → 120,700원
H256 | bet   4,000원 PLAYER | P:7♥ 9♠=6  B:3♦ 4♣=7  BANKER(L)  | -4,000원 → 116,700원
H257 | bet   8,000원 PLAYER | P:5♠ 2♣=7  B:Q♥ A♣ 3♥=4  PLAYER(W)  | +8,000원 → 124,700원  [end_win]
H258 | bet   1,000원 BANKER | P:9♥ 5♠ 8♣=2  B:J♣ 7♠=7  BANKER(W)  | +950원 → 125,650원
H259 | bet   1,000원 BANKER | P:9♦ 6♠ J♣=5  B:J♥ 6♦=6  BANKER(W)  | +950원 → 126,600원
H260 | bet   1,000원 BANKER | P:A♥ 10♦ 2♥=3  B:6♥ 4♣ 6♥=6  BANKER(W)  | +950원 → 127,550원
H261 | bet   1,000원 BANKER | P:5♣ K♣ A♣=6  B:5♥ 8♥ A♥=4  PLAYER(L)  | -1,000원 → 126,550원  [start]
H262 | bet   2,000원 PLAYER | P:10♣ 2♦ 6♥=8  B:Q♦ K♣ 7♣=7  PLAYER(W)  | +2,000원 → 128,550원  [end_win]
H263 | bet   1,000원 BANKER | P:2♥ K♥ K♠=2  B:2♠ A♣ Q♠=3  BANKER(W)  | +950원 → 129,500원
H264 | bet   1,000원 BANKER | P:3♣ 8♣ 4♥=5  B:6♦ A♦=7  BANKER(W)  | +950원 → 130,450원
H265 | bet   1,000원 BANKER | P:K♠ 3♠ 6♣=9  B:6♥ Q♣ 8♠=4  PLAYER(L)  | -1,000원 → 129,450원  [start]
H266 | bet   2,000원 PLAYER | P:Q♥ A♠ 5♥=6  B:10♥ 4♦ 2♥=6  TIE(T)  |     0원 → 129,450원
H267 | bet   2,000원 PLAYER | P:Q♠ 6♥=6  B:9♥ 8♦=7  BANKER(L)  | -2,000원 → 127,450원
H268 | bet   4,000원 PLAYER | P:7♣ 4♠ 5♠=6  B:J♦ Q♥ K♣=0  PLAYER(W)  | +4,000원 → 131,450원  [end_win]
H269 | bet   1,000원 BANKER | P:9♥ 2♣ 10♠=1  B:6♣ 5♣ J♦=1  TIE(T)  |     0원 → 131,450원
H270 | bet   1,000원 BANKER | P:5♥ 8♠=3  B:5♣ 4♠=9  BANKER(W)  | +950원 → 132,400원
H271 | bet   1,000원 BANKER | P:2♦ A♣=3  B:J♥ 8♦=8  BANKER(W)  | +950원 → 133,350원
H272 | bet   1,000원 BANKER | P:2♣ 3♣ 3♦=8  B:5♦ 2♦=7  PLAYER(L)  | -1,000원 → 132,350원  [start]
H273 | bet   2,000원 PLAYER | P:K♣ 5♦=5  B:7♠ A♠=8  BANKER(L)  | -2,000원 → 130,350원
H274 | bet   4,000원 PLAYER | P:5♥ A♦=6  B:4♦ 8♠ A♠=3  PLAYER(W)  | +4,000원 → 134,350원  [end_win]
H275 | bet   1,000원 BANKER | P:A♣ J♦ 2♥=3  B:3♦ 3♦=6  BANKER(W)  | +950원 → 135,300원
H276 | bet   1,000원 BANKER | P:J♠ 6♦=6  B:6♦ 7♦ 4♠=7  BANKER(W)  | +950원 → 136,250원
H277 | bet   1,000원 BANKER | P:4♥ J♦ 10♣=4  B:6♠ 4♦ K♦=0  PLAYER(L)  | -1,000원 → 135,250원  [start]
H278 | bet   2,000원 PLAYER | P:A♠ 3♦ 7♣=1  B:J♥ 7♥=7  BANKER(L)  | -2,000원 → 133,250원
H279 | bet   4,000원 PLAYER | P:8♠ K♦=8  B:2♦ 7♠=9  BANKER(L)  | -4,000원 → 129,250원
H280 | bet   8,000원 PLAYER | P:3♦ 6♣=9  B:J♠ 10♣=0  PLAYER(W)  | +8,000원 → 137,250원  [end_win]
H281 | bet   1,000원 BANKER | P:6♠ 9♣ 7♥=2  B:Q♦ 4♦ 4♥=8  BANKER(W)  | +950원 → 138,200원
H282 | bet   1,000원 BANKER | P:10♠ Q♥=0  B:4♣ 4♣=8  BANKER(W)  | +950원 → 139,150원
H283 | bet   1,000원 BANKER | P:4♠ Q♣=4  B:J♦ 8♦=8  BANKER(W)  | +950원 → 140,100원
H284 | bet   1,000원 BANKER | P:9♦ 8♣=7  B:9♥ 9♦=8  BANKER(W)  | +950원 → 141,050원
H285 | bet   1,000원 BANKER | P:2♣ 3♠ 4♠=9  B:10♦ 3♠ 8♦=1  PLAYER(L)  | -1,000원 → 140,050원  [start]
H286 | bet   2,000원 PLAYER | P:Q♠ 3♣ 4♦=7  B:2♠ 10♦ 10♠=2  PLAYER(W)  | +2,000원 → 142,050원  [end_win]
H287 | bet   1,000원 BANKER | P:7♥ Q♣=7  B:J♥ A♣ 9♣=0  PLAYER(L)  | -1,000원 → 141,050원  [start]
H288 | bet   2,000원 PLAYER | P:3♥ K♥ J♠=3  B:K♥ 2♦ Q♦=2  PLAYER(W)  | +2,000원 → 143,050원  [end_win]
H289 | bet   1,000원 BANKER | P:10♠ 8♥=8  B:Q♠ 10♠=0  PLAYER(L)  | -1,000원 → 142,050원  [start]
H290 | bet   2,000원 PLAYER | P:Q♠ A♦ Q♥=1  B:3♦ 3♣=6  BANKER(L)  | -2,000원 → 140,050원
H291 | bet   4,000원 PLAYER | P:5♣ Q♦ 9♠=4  B:2♠ 8♥ A♥=1  PLAYER(W)  | +4,000원 → 144,050원  [end_win]
H292 | bet   1,000원 BANKER | P:A♠ J♥=1  B:9♦ 9♠=8  BANKER(W)  | +950원 → 145,000원
H293 | bet   1,000원 BANKER | P:7♠ 8♦ J♥=5  B:8♦ 9♣=7  BANKER(W)  | +950원 → 145,950원
H294 | bet   1,000원 BANKER | P:Q♣ J♣ K♣=0  B:4♠ 10♦=4  BANKER(W)  | +950원 → 146,900원
H295 | bet   1,000원 BANKER | P:6♦ 5♦ 6♦=7  B:5♠ 9♠ 8♦=2  PLAYER(L)  | -1,000원 → 145,900원  [start]
H296 | bet   2,000원 PLAYER | P:9♣ 3♣=2  B:9♠ 9♠=8  BANKER(L)  | -2,000원 → 143,900원
H297 | bet   4,000원 PLAYER | P:8♥ 8♠=6  B:K♥ 4♥ 7♣=1  PLAYER(W)  | +4,000원 → 147,900원  [end_win]
H298 | bet   1,000원 BANKER | P:2♦ 2♠ 5♣=9  B:Q♣ J♦ 9♦=9  TIE(T)  |     0원 → 147,900원
H299 | bet   1,000원 BANKER | P:K♣ 10♠ 9♥=9  B:A♦ 3♦=4  PLAYER(L)  | -1,000원 → 146,900원  [start]
H300 | bet   2,000원 PLAYER | P:5♠ K♦ 6♥=1  B:10♣ Q♦ J♠=0  PLAYER(W)  | +2,000원 → 148,900원  [end_win]
H301 | bet   1,000원 BANKER | P:K♠ 7♦=7  B:2♠ J♠ J♦=2  PLAYER(L)  | -1,000원 → 147,900원  [start]
H302 | bet   2,000원 PLAYER | P:3♠ 10♥ Q♦=3  B:Q♣ 5♦=5  BANKER(L)  | -2,000원 → 145,900원
H303 | bet   4,000원 PLAYER | P:2♥ 4♦=6  B:2♥ 7♠=9  BANKER(L)  | -4,000원 → 141,900원
H304 | bet   8,000원 PLAYER | P:4♥ K♠ Q♠=4  B:7♦ 8♥=5  BANKER(L)  | -8,000원 → 133,900원
H305 | bet  16,000원 PLAYER | P:4♠ 5♠=9  B:8♣ K♦=8  PLAYER(W)  | +16,000원 → 149,900원  [end_win]
H306 | bet   1,000원 BANKER | P:J♠ 10♥ A♠=1  B:3♠ Q♥ 9♥=2  BANKER(W)  | +950원 → 150,850원
H307 | bet   1,000원 BANKER | P:3♥ J♣=3  B:8♥ 10♥=8  BANKER(W)  | +950원 → 151,800원
H308 | bet   1,000원 BANKER | P:Q♥ A♥ 10♥=1  B:8♥ 8♣=6  BANKER(W)  | +950원 → 152,750원
H309 | bet   1,000원 BANKER | P:J♦ Q♣=0  B:5♦ 4♦=9  BANKER(W)  | +950원 → 153,700원
H310 | bet   1,000원 BANKER | P:10♥ 7♣=7  B:6♠ 7♦ A♦=4  PLAYER(L)  | -1,000원 → 152,700원  [start]
H311 | bet   2,000원 PLAYER | P:5♥ 9♣ 2♥=6  B:7♦ 9♦=6  TIE(T)  |     0원 → 152,700원
H312 | bet   2,000원 PLAYER | P:5♣ 10♥ 6♠=1  B:5♥ A♦ 9♣=5  BANKER(L)  | -2,000원 → 150,700원
H313 | bet   4,000원 PLAYER | P:10♠ 7♠=7  B:9♠ J♣=9  BANKER(L)  | -4,000원 → 146,700원
H314 | bet   8,000원 PLAYER | P:4♦ 6♥ A♠=1  B:9♣ 3♣ 7♠=9  BANKER(L)  | -8,000원 → 138,700원
H315 | bet  16,000원 PLAYER | P:2♠ 10♣ 5♠=7  B:6♠ K♠=6  PLAYER(W)  | +16,000원 → 154,700원  [end_win]
H316 | bet   1,000원 BANKER | P:5♥ 7♦ 7♣=9  B:2♣ K♠ 8♠=0  PLAYER(L)  | -1,000원 → 153,700원  [start]
H317 | bet   2,000원 PLAYER | P:6♣ 10♥=6  B:2♠ 5♦=7  BANKER(L)  | -2,000원 → 151,700원
H318 | bet   4,000원 PLAYER | P:6♣ 10♠=6  B:A♥ 3♥ 8♣=2  PLAYER(W)  | +4,000원 → 155,700원  [end_win]
H319 | bet   1,000원 BANKER | P:K♦ 3♥ 10♣=3  B:3♣ 10♣ K♥=3  TIE(T)  |     0원 → 155,700원
H320 | bet   1,000원 BANKER | P:3♠ K♦ 8♠=1  B:9♥ 5♥=4  BANKER(W)  | +950원 → 156,650원
H321 | bet   1,000원 BANKER | P:8♥ 7♦ 9♣=4  B:Q♣ 7♠=7  BANKER(W)  | +950원 → 157,600원
H322 | bet   1,000원 BANKER | P:10♦ 9♠=9  B:K♣ 3♥=3  PLAYER(L)  | -1,000원 → 156,600원  [start]
H323 | bet   2,000원 PLAYER | P:K♦ 8♠=8  B:K♥ 5♦=5  PLAYER(W)  | +2,000원 → 158,600원  [end_win]
H324 | bet   1,000원 BANKER | P:A♥ 3♠ 2♠=6  B:7♥ 4♣ 5♣=6  TIE(T)  |     0원 → 158,600원
H325 | bet   1,000원 BANKER | P:8♠ 8♣=6  B:A♣ 8♠=9  BANKER(W)  | +950원 → 159,550원
H326 | bet   1,000원 BANKER | P:8♦ 3♦ 4♥=5  B:Q♠ 10♠ J♣=0  PLAYER(L)  | -1,000원 → 158,550원  [start]
H327 | bet   2,000원 PLAYER | P:3♥ 4♣=7  B:4♣ 6♣ K♣=0  PLAYER(W)  | +2,000원 → 160,550원  [end_win]
H328 | bet   1,000원 BANKER | P:9♥ Q♠=9  B:A♥ 9♥=0  PLAYER(L)  | -1,000원 → 159,550원  [start]
H329 | bet   2,000원 PLAYER | P:K♥ J♦ 3♣=3  B:J♦ A♦ 6♣=7  BANKER(L)  | -2,000원 → 157,550원
H330 | bet   4,000원 PLAYER | P:5♦ K♥ 3♠=8  B:A♣ K♠ 6♠=7  PLAYER(W)  | +4,000원 → 161,550원  [end_win]
H331 | bet   1,000원 BANKER | P:A♣ Q♥ 9♥=0  B:2♦ 2♦=4  BANKER(W)  | +950원 → 162,500원
H332 | bet   1,000원 BANKER | P:9♦ 6♣ 7♥=2  B:10♣ Q♣ 10♠=0  PLAYER(L)  | -1,000원 → 161,500원  [start]
H333 | bet   2,000원 PLAYER | P:7♣ 7♣ 10♣=4  B:K♦ 7♣=7  BANKER(L)  | -2,000원 → 159,500원
H334 | bet   4,000원 PLAYER | P:Q♥ 6♦=6  B:J♣ K♠ 5♣=5  PLAYER(W)  | +4,000원 → 163,500원  [end_win]
H335 | bet   1,000원 BANKER | P:J♠ 7♦=7  B:6♥ A♣=7  TIE(T)  |     0원 → 163,500원
H336 | bet   1,000원 BANKER | P:7♠ 4♣=1  B:8♣ K♦=8  BANKER(W)  | +950원 → 164,450원
H337 | bet   1,000원 BANKER | P:Q♣ 3♠ 4♦=7  B:3♦ K♦ A♥=4  PLAYER(L)  | -1,000원 → 163,450원  [start]
H338 | bet   2,000원 PLAYER | P:8♥ Q♠=8  B:6♠ J♥=6  PLAYER(W)  | +2,000원 → 165,450원  [end_win]
H339 | bet   1,000원 BANKER | P:4♦ A♠ 5♦=0  B:3♦ 7♠ 4♣=4  BANKER(W)  | +950원 → 166,400원
H340 | bet   1,000원 BANKER | P:10♠ 9♥=9  B:7♣ Q♥=7  PLAYER(L)  | -1,000원 → 165,400원  [start]
H341 | bet   2,000원 PLAYER | P:4♠ K♥ K♦=4  B:2♠ 9♣ J♥=1  PLAYER(W)  | +2,000원 → 167,400원  [end_win]
H342 | bet   1,000원 BANKER | P:K♦ K♠ 2♦=2  B:2♥ 5♠=7  BANKER(W)  | +950원 → 168,350원
H343 | bet   1,000원 BANKER | P:7♠ 6♦ 2♥=5  B:4♣ 7♦ 3♦=4  PLAYER(L)  | -1,000원 → 167,350원  [start]
H344 | bet   2,000원 PLAYER | P:Q♦ 9♥=9  B:J♣ 7♦=7  PLAYER(W)  | +2,000원 → 169,350원  [end_win]
H345 | bet   1,000원 BANKER | P:2♦ 7♥=9  B:7♥ 10♣=7  PLAYER(L)  | -1,000원 → 168,350원  [start]
H346 | bet   2,000원 PLAYER | P:3♣ 8♦ 4♥=5  B:2♠ 10♦ K♥=2  PLAYER(W)  | +2,000원 → 170,350원  [end_win]
H347 | bet   1,000원 BANKER | P:6♣ 5♠ Q♥=1  B:Q♦ 6♥=6  BANKER(W)  | +950원 → 171,300원
H348 | bet   1,000원 BANKER | P:6♠ 8♥ 9♣=3  B:5♦ 6♣ 8♣=9  BANKER(W)  | +950원 → 172,250원
H349 | bet   1,000원 BANKER | P:6♦ 6♥ 9♥=1  B:9♠ A♣ 5♥=5  BANKER(W)  | +950원 → 173,200원
H350 | bet   1,000원 BANKER | P:A♦ Q♦ A♠=2  B:10♥ J♠ J♠=0  PLAYER(L)  | -1,000원 → 172,200원  [start]
H351 | bet   2,000원 PLAYER | P:A♠ 6♦=7  B:5♦ 2♣=7  TIE(T)  |     0원 → 172,200원
H352 | bet   2,000원 PLAYER | P:Q♥ 4♦=4  B:10♥ 9♣=9  BANKER(L)  | -2,000원 → 170,200원
H353 | bet   4,000원 PLAYER | P:5♦ 8♥ Q♠=3  B:7♠ K♣=7  BANKER(L)  | -4,000원 → 166,200원
H354 | bet   8,000원 PLAYER | P:J♠ 7♥=7  B:9♦ 4♠ 3♥=6  PLAYER(W)  | +8,000원 → 174,200원  [end_win]
H355 | bet   1,000원 BANKER | P:3♠ 4♠=7  B:2♦ J♦ 10♠=2  PLAYER(L)  | -1,000원 → 173,200원  [start]
H356 | bet   2,000원 PLAYER | P:J♥ 4♠ 2♣=6  B:8♠ 7♦=5  PLAYER(W)  | +2,000원 → 175,200원  [end_win]
H357 | bet   1,000원 BANKER | P:J♥ 7♠=7  B:7♦ 10♠=7  TIE(T)  |     0원 → 175,200원
H358 | bet   1,000원 BANKER | P:10♣ 5♦=5  B:6♥ 3♥=9  BANKER(W)  | +950원 → 176,150원
H359 | bet   1,000원 BANKER | P:4♥ 10♠=4  B:10♦ 9♠=9  BANKER(W)  | +950원 → 177,100원
H360 | bet   1,000원 BANKER | P:2♠ 5♥=7  B:4♠ 3♦=7  TIE(T)  |     0원 → 177,100원
H361 | bet   1,000원 BANKER | P:2♥ Q♦ Q♦=2  B:8♥ 9♦=7  BANKER(W)  | +950원 → 178,050원
H362 | bet   1,000원 BANKER | P:5♥ 4♦=9  B:4♦ 3♦=7  PLAYER(L)  | -1,000원 → 177,050원  [start]
H363 | bet   2,000원 PLAYER | P:4♠ 8♦=2  B:8♠ Q♦=8  BANKER(L)  | -2,000원 → 175,050원
H364 | bet   4,000원 PLAYER | P:5♥ 2♥=7  B:Q♣ A♦ 4♦=5  PLAYER(W)  | +4,000원 → 179,050원  [end_win]
H365 | bet   1,000원 BANKER | P:2♣ J♦ A♣=3  B:8♥ 9♥=7  BANKER(W)  | +950원 → 180,000원
H366 | bet   1,000원 BANKER | P:J♦ J♦ A♥=1  B:2♠ 5♣=7  BANKER(W)  | +950원 → 180,950원
H367 | bet   1,000원 BANKER | P:6♦ 8♦ 10♥=4  B:8♠ 5♣ Q♠=3  PLAYER(L)  | -1,000원 → 179,950원  [start]
H368 | bet   2,000원 PLAYER | P:Q♣ Q♠ 7♥=7  B:10♣ J♣ K♥=0  PLAYER(W)  | +2,000원 → 181,950원  [end_win]
H369 | bet   1,000원 BANKER | P:8♥ 6♠ Q♣=4  B:K♣ K♠ 10♥=0  PLAYER(L)  | -1,000원 → 180,950원  [start]
H370 | bet   2,000원 PLAYER | P:J♦ 3♣=3  B:3♣ 6♦=9  BANKER(L)  | -2,000원 → 178,950원
H371 | bet   4,000원 PLAYER | P:2♣ 9♦=1  B:J♣ 8♦=8  BANKER(L)  | -4,000원 → 174,950원
H372 | bet   8,000원 PLAYER | P:J♥ A♠ A♠=2  B:4♥ Q♣=4  BANKER(L)  | -8,000원 → 166,950원
H373 | bet  16,000원 PLAYER | P:2♦ Q♣ A♠=3  B:A♣ 5♣=6  BANKER(L)  | -16,000원 → 150,950원  [end_giveup]
H374 | bet   1,000원 BANKER | P:6♦ K♠=6  B:A♦ 8♠=9  BANKER(W)  | +950원 → 151,900원
H375 | bet   1,000원 BANKER | P:J♥ K♥ 3♥=3  B:A♦ 4♣=5  BANKER(W)  | +950원 → 152,850원
H376 | bet   1,000원 BANKER | P:7♠ 7♣ 5♣=9  B:7♦ 9♣=6  PLAYER(L)  | -1,000원 → 151,850원  [start]
H377 | bet   2,000원 PLAYER | P:2♣ 10♦ 3♥=5  B:8♣ 5♦ 2♥=5  TIE(T)  |     0원 → 151,850원
H378 | bet   2,000원 PLAYER | P:4♦ 3♥=7  B:10♣ 8♣=8  BANKER(L)  | -2,000원 → 149,850원
H379 | bet   4,000원 PLAYER | P:5♠ 8♣ 7♠=0  B:2♠ 3♠ 9♣=4  BANKER(L)  | -4,000원 → 145,850원
H380 | bet   8,000원 PLAYER | P:Q♥ 3♦ J♥=3  B:Q♠ 2♣ 9♣=1  PLAYER(W)  | +8,000원 → 153,850원  [end_win]
H381 | bet   1,000원 BANKER | P:2♠ 9♣ 6♣=7  B:3♣ A♣ 10♣=4  PLAYER(L)  | -1,000원 → 152,850원  [start]
H382 | bet   2,000원 PLAYER | P:8♣ A♠=9  B:K♦ J♠=0  PLAYER(W)  | +2,000원 → 154,850원  [end_win]
H383 | bet   1,000원 BANKER | P:5♠ 3♦=8  B:4♦ 5♠=9  BANKER(W)  | +950원 → 155,800원
H384 | bet   1,000원 BANKER | P:J♠ 9♠=9  B:A♥ 7♥=8  PLAYER(L)  | -1,000원 → 154,800원  [start]
H385 | bet   2,000원 PLAYER | P:6♠ 6♥ K♣=2  B:K♣ A♠ 9♦=0  PLAYER(W)  | +2,000원 → 156,800원  [end_win]
H386 | bet   1,000원 BANKER | P:6♦ J♥=6  B:K♥ 10♥ A♦=1  PLAYER(L)  | -1,000원 → 155,800원  [start]
H387 | bet   2,000원 PLAYER | P:3♠ 10♥ A♥=4  B:Q♥ 7♥=7  BANKER(L)  | -2,000원 → 153,800원
H388 | bet   4,000원 PLAYER | P:3♥ 4♠=7  B:10♦ K♠ 9♠=9  BANKER(L)  | -4,000원 → 149,800원
H389 | bet   8,000원 PLAYER | P:10♦ 7♣=7  B:3♠ 5♠=8  BANKER(L)  | -8,000원 → 141,800원
H390 | bet  16,000원 PLAYER | P:K♣ 6♣=6  B:5♥ J♣ Q♦=5  PLAYER(W)  | +16,000원 → 157,800원  [end_win]
H391 | bet   1,000원 BANKER | P:9♠ 6♠ A♦=6  B:7♥ 5♠ 4♠=6  TIE(T)  |     0원 → 157,800원
H392 | bet   1,000원 BANKER | P:6♠ 4♥ Q♦=0  B:J♣ 6♣=6  BANKER(W)  | +950원 → 158,750원
H393 | bet   1,000원 BANKER | P:10♦ 8♥=8  B:J♠ J♣=0  PLAYER(L)  | -1,000원 → 157,750원  [start]
H394 | bet   2,000원 PLAYER | P:5♠ J♠ 2♦=7  B:9♥ 5♥ 5♥=9  BANKER(L)  | -2,000원 → 155,750원
H395 | bet   4,000원 PLAYER | P:2♥ 10♥ 3♣=5  B:2♦ 10♣ Q♣=2  PLAYER(W)  | +4,000원 → 159,750원  [end_win]
H396 | bet   1,000원 BANKER | P:7♣ A♥=8  B:6♥ 9♦=5  PLAYER(L)  | -1,000원 → 158,750원  [start]
H397 | bet   2,000원 PLAYER | P:8♥ 2♥ 9♠=9  B:K♣ 3♣ A♥=4  PLAYER(W)  | +2,000원 → 160,750원  [end_win]
H398 | bet   1,000원 BANKER | P:8♣ J♦=8  B:K♠ 8♦=8  TIE(T)  |     0원 → 160,750원
H399 | bet   1,000원 BANKER | P:9♦ K♦=9  B:8♠ 10♠=8  PLAYER(L)  | -1,000원 → 159,750원  [start]
H400 | bet   2,000원 PLAYER | P:3♠ 2♥=5  B:4♣ 4♥=8  BANKER(L)  | -2,000원 → 157,750원
H401 | bet   4,000원 PLAYER | P:10♦ 7♣=7  B:4♥ 5♣=9  BANKER(L)  | -4,000원 → 153,750원
H402 | bet   8,000원 PLAYER | P:2♠ 3♥ 5♣=0  B:6♠ 10♥=6  BANKER(L)  | -8,000원 → 145,750원
H403 | bet  16,000원 PLAYER | P:5♦ K♠=5  B:9♣ Q♠=9  BANKER(L)  | -16,000원 → 129,750원  [end_giveup]
H404 | bet   1,000원 BANKER | P:6♥ 5♥ 2♣=3  B:5♣ 8♦ 9♠=2  PLAYER(L)  | -1,000원 → 128,750원  [start]
H405 | bet   2,000원 PLAYER | P:2♠ 6♥=8  B:K♣ K♥=0  PLAYER(W)  | +2,000원 → 130,750원  [end_win]
H406 | bet   1,000원 BANKER | P:K♦ 2♣ 3♠=5  B:10♦ 7♦=7  BANKER(W)  | +950원 → 131,700원
H407 | bet   1,000원 BANKER | P:10♦ 3♦ 10♣=3  B:6♣ 10♦=6  BANKER(W)  | +950원 → 132,650원
H408 | bet   1,000원 BANKER | P:8♠ 2♣ 2♠=2  B:3♦ 10♣ 4♦=7  BANKER(W)  | +950원 → 133,600원
H409 | bet   1,000원 BANKER | P:10♥ 9♦=9  B:8♥ 10♥=8  PLAYER(L)  | -1,000원 → 132,600원  [start]
H410 | bet   2,000원 PLAYER | P:10♥ 5♦ J♥=5  B:4♥ J♥=4  PLAYER(W)  | +2,000원 → 134,600원  [end_win]
H411 | bet   1,000원 BANKER | P:J♦ 5♠ 3♠=8  B:Q♣ 3♦ 3♣=6  PLAYER(L)  | -1,000원 → 133,600원  [start]
H412 | bet   2,000원 PLAYER | P:3♥ K♣ 4♠=7  B:7♣ 6♦ 8♠=1  PLAYER(W)  | +2,000원 → 135,600원  [end_win]
H413 | bet   1,000원 BANKER | P:2♣ 3♦ 8♠=3  B:A♦ 4♦=5  BANKER(W)  | +950원 → 136,550원
H414 | bet   1,000원 BANKER | P:Q♦ 2♦=2  B:J♥ 8♦=8  BANKER(W)  | +950원 → 137,500원
H415 | bet   1,000원 BANKER | P:K♣ 3♣ K♥=3  B:7♣ 4♣ Q♠=1  PLAYER(L)  | -1,000원 → 136,500원  [start]
H416 | bet   2,000원 PLAYER | P:9♥ K♠=9  B:9♦ 3♥=2  PLAYER(W)  | +2,000원 → 138,500원  [end_win]
H417 | bet   1,000원 BANKER | P:Q♥ Q♥ 4♠=4  B:5♥ J♦ 6♦=1  PLAYER(L)  | -1,000원 → 137,500원  [start]
H418 | bet   2,000원 PLAYER | P:J♣ 8♦=8  B:4♣ 2♠=6  PLAYER(W)  | +2,000원 → 139,500원  [end_win]
H419 | bet   1,000원 BANKER | P:K♣ A♠ 7♠=8  B:A♣ 10♦ 2♣=3  PLAYER(L)  | -1,000원 → 138,500원  [start]
H420 | bet   2,000원 PLAYER | P:A♦ 6♦=7  B:J♣ 5♣ A♥=6  PLAYER(W)  | +2,000원 → 140,500원  [end_win]
H421 | bet   1,000원 BANKER | P:7♠ 4♣ J♣=1  B:J♥ 4♥=4  BANKER(W)  | +950원 → 141,450원
H422 | bet   1,000원 BANKER | P:K♦ 9♥=9  B:3♣ 8♣=1  PLAYER(L)  | -1,000원 → 140,450원  [start]
H423 | bet   2,000원 PLAYER | P:7♣ 4♣ 4♠=5  B:2♦ 10♥ K♠=2  PLAYER(W)  | +2,000원 → 142,450원  [end_win]
H424 | bet   1,000원 BANKER | P:Q♦ 9♠=9  B:Q♣ 2♠=2  PLAYER(L)  | -1,000원 → 141,450원  [start]
H425 | bet   2,000원 PLAYER | P:5♣ K♣=5  B:2♣ 7♥=9  BANKER(L)  | -2,000원 → 139,450원
H426 | bet   4,000원 PLAYER | P:7♦ 9♣=6  B:5♥ 8♦ 7♣=0  PLAYER(W)  | +4,000원 → 143,450원  [end_win]
H427 | bet   1,000원 BANKER | P:J♦ 4♦ 4♣=8  B:6♣ K♦=6  PLAYER(L)  | -1,000원 → 142,450원  [start]
H428 | bet   2,000원 PLAYER | P:8♣ 5♦ 3♦=6  B:4♣ K♥ K♠=4  PLAYER(W)  | +2,000원 → 144,450원  [end_win]
H429 | bet   1,000원 BANKER | P:7♦ 2♣=9  B:10♠ 5♣=5  PLAYER(L)  | -1,000원 → 143,450원  [start]
H430 | bet   2,000원 PLAYER | P:5♦ 2♥=7  B:6♣ 3♠=9  BANKER(L)  | -2,000원 → 141,450원
H431 | bet   4,000원 PLAYER | P:8♣ 6♣ 8♠=2  B:Q♥ 5♦=5  BANKER(L)  | -4,000원 → 137,450원
H432 | bet   8,000원 PLAYER | P:8♣ 10♠=8  B:3♠ 5♠=8  TIE(T)  |     0원 → 137,450원
H433 | bet   8,000원 PLAYER | P:K♣ 4♥ 6♥=0  B:2♦ 3♣ K♥=5  BANKER(L)  | -8,000원 → 129,450원
H434 | bet  16,000원 PLAYER | P:4♥ 6♦ A♣=1  B:9♠ 4♠ 5♦=8  BANKER(L)  | -16,000원 → 113,450원  [end_giveup]
H435 | bet   1,000원 BANKER | P:7♦ Q♦=7  B:9♠ 10♦=9  BANKER(W)  | +950원 → 114,400원
H436 | bet   1,000원 BANKER | P:J♠ A♣ 9♥=0  B:10♣ 2♥ J♦=2  BANKER(W)  | +950원 → 115,350원
H437 | bet   1,000원 BANKER | P:7♦ K♥=7  B:7♥ 5♣ 5♥=7  TIE(T)  |     0원 → 115,350원
H438 | bet   1,000원 BANKER | P:J♠ 5♦ 9♦=4  B:5♥ 10♦=5  BANKER(W)  | +950원 → 116,300원
H439 | bet   1,000원 BANKER | P:7♣ 5♥ 4♦=6  B:7♦ 7♣ 4♥=8  BANKER(W)  | +950원 → 117,250원
H440 | bet   1,000원 BANKER | P:7♥ 7♣=4  B:7♥ 2♥=9  BANKER(W)  | +950원 → 118,200원
H441 | bet   1,000원 BANKER | P:4♥ K♠ A♠=5  B:4♠ Q♣=4  PLAYER(L)  | -1,000원 → 117,200원  [start]
H442 | bet   2,000원 PLAYER | P:A♠ K♦ 7♠=8  B:6♥ A♠=7  PLAYER(W)  | +2,000원 → 119,200원  [end_win]
H443 | bet   1,000원 BANKER | P:2♦ 10♦ 8♥=0  B:10♣ 5♣=5  BANKER(W)  | +950원 → 120,150원
H444 | bet   1,000원 BANKER | P:6♥ Q♥=6  B:4♦ Q♦ Q♠=4  PLAYER(L)  | -1,000원 → 119,150원  [start]
H445 | bet   2,000원 PLAYER | P:A♣ J♦ 3♠=4  B:J♥ A♥ 6♠=7  BANKER(L)  | -2,000원 → 117,150원
H446 | bet   4,000원 PLAYER | P:2♦ 9♦ 6♠=7  B:A♠ 6♦=7  TIE(T)  |     0원 → 117,150원
H447 | bet   4,000원 PLAYER | P:6♣ 6♠ A♥=3  B:5♥ 10♥=5  BANKER(L)  | -4,000원 → 113,150원
H448 | bet   8,000원 PLAYER | P:J♣ 6♠=6  B:3♣ 2♥ 8♦=3  PLAYER(W)  | +8,000원 → 121,150원  [end_win]
H449 | bet   1,000원 BANKER | P:3♠ K♦ 2♥=5  B:9♣ 6♥=5  TIE(T)  |     0원 → 121,150원
H450 | bet   1,000원 BANKER | P:7♠ 5♠ 3♣=5  B:Q♣ 7♠=7  BANKER(W)  | +950원 → 122,100원
H451 | bet   1,000원 BANKER | P:8♦ 3♣ 9♦=0  B:J♣ 10♥ A♠=1  BANKER(W)  | +950원 → 123,050원
H452 | bet   1,000원 BANKER | P:K♠ 7♥=7  B:4♠ 8♣ J♥=2  PLAYER(L)  | -1,000원 → 122,050원  [start]
H453 | bet   2,000원 PLAYER | P:6♠ 7♥=3  B:3♦ 6♦=9  BANKER(L)  | -2,000원 → 120,050원
H454 | bet   4,000원 PLAYER | P:Q♦ 4♦ 7♣=1  B:3♥ 3♥ 9♠=5  BANKER(L)  | -4,000원 → 116,050원
H455 | bet   8,000원 PLAYER | P:2♥ K♥=2  B:6♣ 3♥=9  BANKER(L)  | -8,000원 → 108,050원
H456 | bet  16,000원 PLAYER | P:4♣ J♠ 8♠=2  B:8♦ 3♣ 6♥=7  BANKER(L)  | -16,000원 → 92,050원  [end_giveup]
H457 | bet   1,000원 BANKER | P:2♥ Q♠=2  B:10♥ 9♠=9  BANKER(W)  | +950원 → 93,000원
H458 | bet   1,000원 BANKER | P:K♦ 3♥ 6♣=9  B:9♠ 5♦ Q♠=4  PLAYER(L)  | -1,000원 → 92,000원  [start]
H459 | bet   2,000원 PLAYER | P:2♠ 8♣ 6♦=6  B:Q♠ 6♠ 10♠=6  TIE(T)  |     0원 → 92,000원
H460 | bet   2,000원 PLAYER | P:Q♦ J♦=0  B:8♠ 10♣=8  BANKER(L)  | -2,000원 → 90,000원
H461 | bet   4,000원 PLAYER | P:3♦ 10♦ K♥=3  B:K♠ 2♣ 8♠=0  PLAYER(W)  | +4,000원 → 94,000원  [end_win]
H462 | bet   1,000원 BANKER | P:10♠ 6♥=6  B:9♥ 5♦ 2♠=6  TIE(T)  |     0원 → 94,000원
H463 | bet   1,000원 BANKER | P:2♣ K♥ 3♠=5  B:5♠ Q♦=5  TIE(T)  |     0원 → 94,000원
H464 | bet   1,000원 BANKER | P:J♣ A♣ 5♥=6  B:7♠ 4♣ 3♥=4  PLAYER(L)  | -1,000원 → 93,000원  [start]
H465 | bet   2,000원 PLAYER | P:K♣ 7♥=7  B:A♦ 6♠=7  TIE(T)  |     0원 → 93,000원
H466 | bet   2,000원 PLAYER | P:9♦ 6♠ Q♣=5  B:Q♦ A♣ 2♠=3  PLAYER(W)  | +2,000원 → 95,000원  [end_win]
H467 | bet   1,000원 BANKER | P:A♠ Q♠ K♠=1  B:8♠ 7♠=5  BANKER(W)  | +950원 → 95,950원
H468 | bet   1,000원 BANKER | P:A♥ 9♣=0  B:J♥ 8♦=8  BANKER(W)  | +950원 → 96,900원
H469 | bet   1,000원 BANKER | P:5♣ 2♠=7  B:4♥ A♥ 2♠=7  TIE(T)  |     0원 → 96,900원
H470 | bet   1,000원 BANKER | P:5♣ J♠=5  B:9♥ 10♥=9  BANKER(W)  | +950원 → 97,850원
H471 | bet   1,000원 BANKER | P:2♦ 3♠ K♥=5  B:J♠ J♥ 10♦=0  PLAYER(L)  | -1,000원 → 96,850원  [start]
H472 | bet   2,000원 PLAYER | P:J♣ 7♥=7  B:2♣ 10♠ 9♠=1  PLAYER(W)  | +2,000원 → 98,850원  [end_win]
H473 | bet   1,000원 BANKER | P:A♦ 9♦ A♦=1  B:8♣ 7♦=5  BANKER(W)  | +950원 → 99,800원
H474 | bet   1,000원 BANKER | P:10♠ 5♠ 5♠=0  B:A♣ 5♠=6  BANKER(W)  | +950원 → 100,750원
H475 | bet   1,000원 BANKER | P:5♠ J♠ 6♦=1  B:10♣ Q♥ 6♥=6  BANKER(W)  | +950원 → 101,700원
H476 | bet   1,000원 BANKER | P:8♦ 4♠ K♣=2  B:4♦ Q♣=4  BANKER(W)  | +950원 → 102,650원
H477 | bet   1,000원 BANKER | P:3♠ A♦ 9♠=3  B:10♣ J♦ A♥=1  PLAYER(L)  | -1,000원 → 101,650원  [start]
H478 | bet   2,000원 PLAYER | P:J♠ 10♠ Q♣=0  B:4♥ 9♣ A♠=4  BANKER(L)  | -2,000원 → 99,650원
H479 | bet   4,000원 PLAYER | P:Q♠ 3♦ Q♥=3  B:2♥ 8♥ K♠=0  PLAYER(W)  | +4,000원 → 103,650원  [end_win]
H480 | bet   1,000원 BANKER | P:J♠ 9♣=9  B:Q♠ 3♥=3  PLAYER(L)  | -1,000원 → 102,650원  [start]
H481 | bet   2,000원 PLAYER | P:4♠ 8♥=2  B:9♣ K♦=9  BANKER(L)  | -2,000원 → 100,650원
H482 | bet   4,000원 PLAYER | P:Q♥ 8♣=8  B:Q♥ 8♥=8  TIE(T)  |     0원 → 100,650원
H483 | bet   4,000원 PLAYER | P:8♥ 8♥=6  B:7♠ 7♦ 9♥=3  PLAYER(W)  | +4,000원 → 104,650원  [end_win]
H484 | bet   1,000원 BANKER | P:4♦ 9♥ 6♣=9  B:10♣ A♥ J♣=1  PLAYER(L)  | -1,000원 → 103,650원  [start]
H485 | bet   2,000원 PLAYER | P:7♦ 5♥ 9♣=1  B:2♦ 10♠ K♦=2  BANKER(L)  | -2,000원 → 101,650원
H486 | bet   4,000원 PLAYER | P:A♦ A♦ 9♣=1  B:A♥ 9♦ Q♣=0  PLAYER(W)  | +4,000원 → 105,650원  [end_win]
H487 | bet   1,000원 BANKER | P:5♠ 8♦ 10♠=3  B:J♦ Q♠ 10♦=0  PLAYER(L)  | -1,000원 → 104,650원  [start]
H488 | bet   2,000원 PLAYER | P:2♥ 6♠=8  B:3♣ 5♦=8  TIE(T)  |     0원 → 104,650원
H489 | bet   2,000원 PLAYER | P:10♠ Q♣ 8♠=8  B:K♠ K♠ 3♦=3  PLAYER(W)  | +2,000원 → 106,650원  [end_win]
H490 | bet   1,000원 BANKER | P:10♣ 8♣=8  B:K♣ 5♠=5  PLAYER(L)  | -1,000원 → 105,650원  [start]
H491 | bet   2,000원 PLAYER | P:K♥ 8♦=8  B:J♥ A♦=1  PLAYER(W)  | +2,000원 → 107,650원  [end_win]
H492 | bet   1,000원 BANKER | P:4♥ 2♣=6  B:7♣ 3♦ K♣=0  PLAYER(L)  | -1,000원 → 106,650원  [start]
H493 | bet   2,000원 PLAYER | P:2♠ Q♣ 4♣=6  B:10♥ 4♥ Q♦=4  PLAYER(W)  | +2,000원 → 108,650원  [end_win]
H494 | bet   1,000원 BANKER | P:5♠ Q♥ 6♥=1  B:9♣ 8♠=7  BANKER(W)  | +950원 → 109,600원
H495 | bet   1,000원 BANKER | P:A♦ 9♦ K♥=0  B:J♦ 2♦ 4♣=6  BANKER(W)  | +950원 → 110,550원
H496 | bet   1,000원 BANKER | P:9♠ K♥=9  B:Q♦ 7♠=7  PLAYER(L)  | -1,000원 → 109,550원  [start]
H497 | bet   2,000원 PLAYER | P:K♠ 7♣=7  B:10♦ K♥ J♦=0  PLAYER(W)  | +2,000원 → 111,550원  [end_win]
H498 | bet   1,000원 BANKER | P:6♠ 10♥=6  B:Q♦ A♠ 8♠=9  BANKER(W)  | +950원 → 112,500원
H499 | bet   1,000원 BANKER | P:3♠ 4♠=7  B:4♥ 5♠=9  BANKER(W)  | +950원 → 113,450원
H500 | bet   1,000원 BANKER | P:4♦ 10♥ J♠=4  B:8♥ 7♠=5  BANKER(W)  | +950원 → 114,400원
H501 | bet   1,000원 BANKER | P:3♦ 9♣ 8♣=0  B:6♠ 5♦ 9♠=0  TIE(T)  |     0원 → 114,400원
H502 | bet   1,000원 BANKER | P:7♣ 5♦ 5♠=7  B:Q♥ 5♥ 4♥=9  BANKER(W)  | +950원 → 115,350원
H503 | bet   1,000원 BANKER | P:9♦ 10♠=9  B:J♠ J♣=0  PLAYER(L)  | -1,000원 → 114,350원  [start]
H504 | bet   2,000원 PLAYER | P:3♠ 7♥=0  B:3♥ 6♥=9  BANKER(L)  | -2,000원 → 112,350원
H505 | bet   4,000원 PLAYER | P:9♥ J♦=9  B:6♣ J♠=6  PLAYER(W)  | +4,000원 → 116,350원  [end_win]
H506 | bet   1,000원 BANKER | P:A♣ 5♥=6  B:8♠ 6♦ 8♣=2  PLAYER(L)  | -1,000원 → 115,350원  [start]
H507 | bet   2,000원 PLAYER | P:8♠ 10♦=8  B:2♠ 6♥=8  TIE(T)  |     0원 → 115,350원
H508 | bet   2,000원 PLAYER | P:2♠ 8♦ 6♦=6  B:5♠ K♦ 3♠=8  BANKER(L)  | -2,000원 → 113,350원
H509 | bet   4,000원 PLAYER | P:J♥ 9♠=9  B:Q♠ J♥=0  PLAYER(W)  | +4,000원 → 117,350원  [end_win]
H510 | bet   1,000원 BANKER | P:A♣ A♠ 2♥=4  B:Q♠ K♠ 5♣=5  BANKER(W)  | +950원 → 118,300원
H511 | bet   1,000원 BANKER | P:K♥ K♣ J♠=0  B:5♣ 7♦ 3♠=5  BANKER(W)  | +950원 → 119,250원
H512 | bet   1,000원 BANKER | P:9♣ A♣=0  B:9♦ 10♣=9  BANKER(W)  | +950원 → 120,200원
H513 | bet   1,000원 BANKER | P:3♦ 4♠=7  B:2♣ 8♣ A♠=1  PLAYER(L)  | -1,000원 → 119,200원  [start]
H514 | bet   2,000원 PLAYER | P:6♥ A♥=7  B:A♥ 3♣ 10♠=4  PLAYER(W)  | +2,000원 → 121,200원  [end_win]
H515 | bet   1,000원 BANKER | P:5♠ 9♥ K♣=4  B:3♥ 10♠ 3♦=6  BANKER(W)  | +950원 → 122,150원
H516 | bet   1,000원 BANKER | P:A♠ 4♦ 5♥=0  B:5♣ 10♦ 10♦=5  BANKER(W)  | +950원 → 123,100원
H517 | bet   1,000원 BANKER | P:3♥ 7♠=0  B:A♣ 7♦=8  BANKER(W)  | +950원 → 124,050원
H518 | bet   1,000원 BANKER | P:K♥ Q♣ 2♣=2  B:5♦ 2♠=7  BANKER(W)  | +950원 → 125,000원
H519 | bet   1,000원 BANKER | P:4♦ J♣ 8♠=2  B:8♣ 2♠ Q♣=0  PLAYER(L)  | -1,000원 → 124,000원  [start]
H520 | bet   2,000원 PLAYER | P:A♦ J♣ K♠=1  B:9♠ 3♣ K♣=2  BANKER(L)  | -2,000원 → 122,000원
H521 | bet   4,000원 PLAYER | P:10♥ A♣ Q♦=1  B:6♠ A♠=7  BANKER(L)  | -4,000원 → 118,000원
H522 | bet   8,000원 PLAYER | P:9♥ A♣ Q♠=0  B:10♦ A♠ 5♣=6  BANKER(L)  | -8,000원 → 110,000원
H523 | bet  16,000원 PLAYER | P:4♥ J♠ 2♦=6  B:A♥ 3♠ 8♥=2  PLAYER(W)  | +16,000원 → 126,000원  [end_win]
H524 | bet   1,000원 BANKER | P:4♣ 3♣=7  B:K♠ J♥ Q♣=0  PLAYER(L)  | -1,000원 → 125,000원  [start]
H525 | bet   2,000원 PLAYER | P:6♠ 10♥=6  B:2♣ 9♣ Q♣=1  PLAYER(W)  | +2,000원 → 127,000원  [end_win]
H526 | bet   1,000원 BANKER | P:2♦ 7♣=9  B:Q♥ Q♠=0  PLAYER(L)  | -1,000원 → 126,000원  [start]
H527 | bet   2,000원 PLAYER | P:2♦ 4♥=6  B:J♦ 6♠=6  TIE(T)  |     0원 → 126,000원
H528 | bet   2,000원 PLAYER | P:8♣ 4♣ 9♥=1  B:K♦ 4♠=4  BANKER(L)  | -2,000원 → 124,000원
H529 | bet   4,000원 PLAYER | P:A♥ 9♦ J♣=0  B:3♠ Q♦ 10♣=3  BANKER(L)  | -4,000원 → 120,000원
H530 | bet   8,000원 PLAYER | P:A♦ J♠=1  B:K♦ 9♦=9  BANKER(L)  | -8,000원 → 112,000원
H531 | bet  16,000원 PLAYER | P:J♣ 8♦=8  B:9♣ 7♦=6  PLAYER(W)  | +16,000원 → 128,000원  [end_win]
H532 | bet   1,000원 BANKER | P:7♠ 6♦ Q♦=3  B:7♥ J♥=7  BANKER(W)  | +950원 → 128,950원
H533 | bet   1,000원 BANKER | P:A♠ 4♣ Q♥=5  B:3♠ 9♦ 6♣=8  BANKER(W)  | +950원 → 129,900원
H534 | bet   1,000원 BANKER | P:2♦ 3♥ 7♥=2  B:4♠ 8♣ 7♠=9  BANKER(W)  | +950원 → 130,850원
H535 | bet   1,000원 BANKER | P:6♣ 7♣ 10♠=3  B:9♥ 7♦=6  BANKER(W)  | +950원 → 131,800원
H536 | bet   1,000원 BANKER | P:A♥ 2♠ 8♦=1  B:6♥ Q♠=6  BANKER(W)  | +950원 → 132,750원
H537 | bet   1,000원 BANKER | P:Q♦ 3♥=3  B:7♥ A♥=8  BANKER(W)  | +950원 → 133,700원
H538 | bet   1,000원 BANKER | P:9♥ 8♦=7  B:7♣ 7♦ J♥=4  PLAYER(L)  | -1,000원 → 132,700원  [start]
H539 | bet   2,000원 PLAYER | P:2♥ 2♠ 4♦=8  B:K♣ A♣ A♦=2  PLAYER(W)  | +2,000원 → 134,700원  [end_win]
H540 | bet   1,000원 BANKER | P:10♣ A♣=1  B:5♣ 4♦=9  BANKER(W)  | +950원 → 135,650원
H541 | bet   1,000원 BANKER | P:8♦ 9♦=7  B:9♠ 10♦=9  BANKER(W)  | +950원 → 136,600원
H542 | bet   1,000원 BANKER | P:A♦ 4♦ 6♦=1  B:A♠ 5♦ 10♣=6  BANKER(W)  | +950원 → 137,550원
H543 | bet   1,000원 BANKER | P:10♥ K♦ 2♦=2  B:A♥ 3♣ 4♠=8  BANKER(W)  | +950원 → 138,500원
H544 | bet   1,000원 BANKER | P:5♦ 10♥ Q♥=5  B:K♦ 6♥=6  BANKER(W)  | +950원 → 139,450원
H545 | bet   1,000원 BANKER | P:K♦ 2♥ 2♠=4  B:3♥ K♠ 6♥=9  BANKER(W)  | +950원 → 140,400원
H546 | bet   1,000원 BANKER | P:4♦ K♦ 9♣=3  B:4♥ 9♠ J♦=3  TIE(T)  |     0원 → 140,400원
H547 | bet   1,000원 BANKER | P:9♠ 4♦ 6♦=9  B:2♥ 4♥ J♣=6  PLAYER(L)  | -1,000원 → 139,400원  [start]
H548 | bet   2,000원 PLAYER | P:8♥ 7♠ 5♣=0  B:8♥ 6♣ 6♣=0  TIE(T)  |     0원 → 139,400원
H549 | bet   2,000원 PLAYER | P:8♥ 3♣=1  B:3♥ 6♦=9  BANKER(L)  | -2,000원 → 137,400원
H550 | bet   4,000원 PLAYER | P:J♠ J♠ 10♣=0  B:7♣ 9♣=6  BANKER(L)  | -4,000원 → 133,400원
H551 | bet   8,000원 PLAYER | P:6♣ 3♦=9  B:K♥ 6♣=6  PLAYER(W)  | +8,000원 → 141,400원  [end_win]
H552 | bet   1,000원 BANKER | P:10♥ J♦ 5♥=5  B:6♦ Q♠=6  BANKER(W)  | +950원 → 142,350원
H553 | bet   1,000원 BANKER | P:7♦ 2♣=9  B:5♣ Q♥=5  PLAYER(L)  | -1,000원 → 141,350원  [start]
H554 | bet   2,000원 PLAYER | P:7♥ 2♦=9  B:K♠ A♦=1  PLAYER(W)  | +2,000원 → 143,350원  [end_win]
H555 | bet   1,000원 BANKER | P:8♠ 4♣=2  B:5♥ 3♣=8  BANKER(W)  | +950원 → 144,300원
H556 | bet   1,000원 BANKER | P:7♠ 6♣ 9♥=2  B:Q♠ 5♥=5  BANKER(W)  | +950원 → 145,250원
H557 | bet   1,000원 BANKER | P:Q♥ Q♣ 4♠=4  B:3♦ 8♥ 10♦=1  PLAYER(L)  | -1,000원 → 144,250원  [start]
H558 | bet   2,000원 PLAYER | P:7♥ 9♥=6  B:K♥ J♥ 9♣=9  BANKER(L)  | -2,000원 → 142,250원
H559 | bet   4,000원 PLAYER | P:2♥ 6♠=8  B:2♦ 8♥=0  PLAYER(W)  | +4,000원 → 146,250원  [end_win]
H560 | bet   1,000원 BANKER | P:3♥ 5♦=8  B:Q♣ 5♥=5  PLAYER(L)  | -1,000원 → 145,250원  [start]
H561 | bet   2,000원 PLAYER | P:6♦ 6♥ K♦=2  B:8♦ 8♠=6  BANKER(L)  | -2,000원 → 143,250원
H562 | bet   4,000원 PLAYER | P:4♣ 5♥=9  B:8♥ 2♣=0  PLAYER(W)  | +4,000원 → 147,250원  [end_win]
H563 | bet   1,000원 BANKER | P:7♥ 5♠ 8♣=0  B:10♣ A♥ 10♠=1  BANKER(W)  | +950원 → 148,200원
H564 | bet   1,000원 BANKER | P:K♣ 5♣ 7♣=2  B:9♦ 7♥ 7♦=3  BANKER(W)  | +950원 → 149,150원
H565 | bet   1,000원 BANKER | P:7♠ 4♣ J♥=1  B:J♣ 5♦=5  BANKER(W)  | +950원 → 150,100원
H566 | bet   1,000원 BANKER | P:7♦ 4♠=1  B:9♠ J♣=9  BANKER(W)  | +950원 → 151,050원
H567 | bet   1,000원 BANKER | P:A♦ 3♦ 10♠=4  B:4♠ Q♦=4  TIE(T)  |     0원 → 151,050원
H568 | bet   1,000원 BANKER | P:10♦ A♠ 3♠=4  B:7♠ 7♥ 7♠=1  PLAYER(L)  | -1,000원 → 150,050원  [start]
H569 | bet   2,000원 PLAYER | P:8♣ Q♦=8  B:5♦ 2♠=7  PLAYER(W)  | +2,000원 → 152,050원  [end_win]
H570 | bet   1,000원 BANKER | P:6♦ 6♣ 2♥=4  B:5♥ 6♦ 5♦=6  BANKER(W)  | +950원 → 153,000원
H571 | bet   1,000원 BANKER | P:5♠ Q♠ Q♣=5  B:2♦ 2♥=4  PLAYER(L)  | -1,000원 → 152,000원  [start]
H572 | bet   2,000원 PLAYER | P:6♣ J♣=6  B:Q♣ 8♥=8  BANKER(L)  | -2,000원 → 150,000원
H573 | bet   4,000원 PLAYER | P:J♥ 6♥=6  B:6♦ 9♦ 9♣=4  PLAYER(W)  | +4,000원 → 154,000원  [end_win]
H574 | bet   1,000원 BANKER | P:5♣ 8♠ 3♠=6  B:4♦ 8♣ 6♣=8  BANKER(W)  | +950원 → 154,950원
H575 | bet   1,000원 BANKER | P:7♥ 2♠=9  B:10♥ J♦=0  PLAYER(L)  | -1,000원 → 153,950원  [start]
H576 | bet   2,000원 PLAYER | P:J♠ K♦ 2♠=2  B:6♠ 10♣=6  BANKER(L)  | -2,000원 → 151,950원
H577 | bet   4,000원 PLAYER | P:A♣ A♠ 10♠=2  B:8♣ 8♥=6  BANKER(L)  | -4,000원 → 147,950원
H578 | bet   8,000원 PLAYER | P:3♣ J♣ 3♣=6  B:7♥ 3♦ 4♦=4  PLAYER(W)  | +8,000원 → 155,950원  [end_win]
H579 | bet   1,000원 BANKER | P:6♠ 9♣ A♠=6  B:Q♣ 10♠ K♣=0  PLAYER(L)  | -1,000원 → 154,950원  [start]
H580 | bet   2,000원 PLAYER | P:9♦ K♦=9  B:Q♥ 8♣=8  PLAYER(W)  | +2,000원 → 156,950원  [end_win]
H581 | bet   1,000원 BANKER | P:9♣ 4♣ 10♣=3  B:7♣ 6♥ A♥=4  BANKER(W)  | +950원 → 157,900원
H582 | bet   1,000원 BANKER | P:5♥ J♥ 3♠=8  B:J♠ A♦ 8♣=9  BANKER(W)  | +950원 → 158,850원
H583 | bet   1,000원 BANKER | P:4♣ 7♥ A♥=2  B:2♦ 10♥ 4♣=6  BANKER(W)  | +950원 → 159,800원
H584 | bet   1,000원 BANKER | P:7♦ 9♣=6  B:2♥ 8♠ A♠=1  PLAYER(L)  | -1,000원 → 158,800원  [start]
H585 | bet   2,000원 PLAYER | P:4♥ A♥ 8♠=3  B:Q♦ J♥ 4♣=4  BANKER(L)  | -2,000원 → 156,800원
H586 | bet   4,000원 PLAYER | P:A♣ 10♣ 9♠=0  B:Q♠ Q♠ 5♥=5  BANKER(L)  | -4,000원 → 152,800원
H587 | bet   8,000원 PLAYER | P:2♠ A♠ 3♦=6  B:8♦ 6♦ A♦=5  PLAYER(W)  | +8,000원 → 160,800원  [end_win]
H588 | bet   1,000원 BANKER | P:J♠ 6♥=6  B:5♠ 3♣=8  BANKER(W)  | +950원 → 161,750원
H589 | bet   1,000원 BANKER | P:8♥ 4♦ 8♦=0  B:3♥ 2♣=5  BANKER(W)  | +950원 → 162,700원
H590 | bet   1,000원 BANKER | P:9♦ 4♦ 7♦=0  B:5♠ 6♣ 3♥=4  BANKER(W)  | +950원 → 163,650원
H591 | bet   1,000원 BANKER | P:7♣ 9♠=6  B:Q♣ K♥ 2♥=2  PLAYER(L)  | -1,000원 → 162,650원  [start]
H592 | bet   2,000원 PLAYER | P:J♦ 3♥ 8♦=1  B:Q♠ Q♥ 8♠=8  BANKER(L)  | -2,000원 → 160,650원
H593 | bet   4,000원 PLAYER | P:A♣ K♥ 10♥=1  B:J♦ 2♦ 2♥=4  BANKER(L)  | -4,000원 → 156,650원
H594 | bet   8,000원 PLAYER | P:3♥ 3♣=6  B:9♠ 5♦ Q♠=4  PLAYER(W)  | +8,000원 → 164,650원  [end_win]
H595 | bet   1,000원 BANKER | P:5♥ 5♥ 7♦=7  B:7♦ J♠=7  TIE(T)  |     0원 → 164,650원
H596 | bet   1,000원 BANKER | P:J♠ Q♦ Q♥=0  B:10♠ 2♣ 10♥=2  BANKER(W)  | +950원 → 165,600원
H597 | bet   1,000원 BANKER | P:9♦ K♠=9  B:7♦ 2♣=9  TIE(T)  |     0원 → 165,600원
H598 | bet   1,000원 BANKER | P:9♣ 3♦ 4♠=6  B:A♦ 2♠ 6♥=9  BANKER(W)  | +950원 → 166,550원
H599 | bet   1,000원 BANKER | P:7♣ K♥=7  B:4♠ 8♥ 5♥=7  TIE(T)  |     0원 → 166,550원
H600 | bet   1,000원 BANKER | P:3♠ 5♦=8  B:6♦ 6♠=2  PLAYER(L)  | -1,000원 → 165,550원  [start]
H601 | bet   2,000원 PLAYER | P:A♥ A♦=2  B:2♦ 7♥=9  BANKER(L)  | -2,000원 → 163,550원
H602 | bet   4,000원 PLAYER | P:3♥ 4♦=7  B:8♠ 3♣ 3♦=4  PLAYER(W)  | +4,000원 → 167,550원  [end_win]
H603 | bet   1,000원 BANKER | P:8♥ J♥=8  B:10♦ Q♣=0  PLAYER(L)  | -1,000원 → 166,550원  [start]
H604 | bet   2,000원 PLAYER | P:3♣ Q♠ 3♠=6  B:5♦ 2♠=7  BANKER(L)  | -2,000원 → 164,550원
H605 | bet   4,000원 PLAYER | P:9♦ 6♠=5  B:9♦ J♦=9  BANKER(L)  | -4,000원 → 160,550원
H606 | bet   8,000원 PLAYER | P:10♠ 9♣=9  B:6♥ 10♣=6  PLAYER(W)  | +8,000원 → 168,550원  [end_win]
H607 | bet   1,000원 BANKER | P:10♠ 4♥ 10♠=4  B:6♣ 10♠=6  BANKER(W)  | +950원 → 169,500원
H608 | bet   1,000원 BANKER | P:J♣ 10♦ 8♦=8  B:5♠ 10♥=5  PLAYER(L)  | -1,000원 → 168,500원  [start]
H609 | bet   2,000원 PLAYER | P:K♠ 7♠=7  B:4♠ 5♠=9  BANKER(L)  | -2,000원 → 166,500원
H610 | bet   4,000원 PLAYER | P:10♥ 2♣ 4♠=6  B:A♣ 9♠ 8♦=8  BANKER(L)  | -4,000원 → 162,500원
H611 | bet   8,000원 PLAYER | P:J♥ 9♣=9  B:5♠ K♣=5  PLAYER(W)  | +8,000원 → 170,500원  [end_win]
H612 | bet   1,000원 BANKER | P:7♥ 3♣ 6♠=6  B:7♥ 10♦=7  BANKER(W)  | +950원 → 171,450원
H613 | bet   1,000원 BANKER | P:A♣ Q♠ 9♥=0  B:J♣ 7♠=7  BANKER(W)  | +950원 → 172,400원
H614 | bet   1,000원 BANKER | P:6♦ 8♣ A♥=5  B:4♦ 2♠=6  BANKER(W)  | +950원 → 173,350원
H615 | bet   1,000원 BANKER | P:9♦ 7♦=6  B:4♠ 10♦ J♣=4  PLAYER(L)  | -1,000원 → 172,350원  [start]
H616 | bet   2,000원 PLAYER | P:J♥ 5♣ J♦=5  B:2♣ K♠ 7♣=9  BANKER(L)  | -2,000원 → 170,350원
H617 | bet   4,000원 PLAYER | P:8♠ J♦=8  B:K♦ 9♥=9  BANKER(L)  | -4,000원 → 166,350원
H618 | bet   8,000원 PLAYER | P:10♣ J♥=0  B:9♥ 9♥=8  BANKER(L)  | -8,000원 → 158,350원
H619 | bet  16,000원 PLAYER | P:6♦ 9♠ 8♥=3  B:10♣ 10♦ 2♥=2  PLAYER(W)  | +16,000원 → 174,350원  [end_win]
H620 | bet   1,000원 BANKER | P:5♣ 6♠ Q♦=1  B:4♣ 6♥ 9♥=9  BANKER(W)  | +950원 → 175,300원
H621 | bet   1,000원 BANKER | P:3♦ 3♥=6  B:3♦ 3♣=6  TIE(T)  |     0원 → 175,300원
H622 | bet   1,000원 BANKER | P:3♥ 6♠=9  B:6♥ J♣=6  PLAYER(L)  | -1,000원 → 174,300원  [start]
H623 | bet   2,000원 PLAYER | P:8♦ K♦=8  B:8♥ K♦=8  TIE(T)  |     0원 → 174,300원
H624 | bet   2,000원 PLAYER | P:5♥ 4♥=9  B:Q♥ 3♦=3  PLAYER(W)  | +2,000원 → 176,300원  [end_win]
H625 | bet   1,000원 BANKER | P:5♣ 5♦ K♦=0  B:7♣ 3♦ 7♠=7  BANKER(W)  | +950원 → 177,250원
H626 | bet   1,000원 BANKER | P:3♥ A♦ 6♠=0  B:4♠ Q♥ K♥=4  BANKER(W)  | +950원 → 178,200원
H627 | bet   1,000원 BANKER | P:K♦ 7♣=7  B:Q♠ 9♥=9  BANKER(W)  | +950원 → 179,150원
H628 | bet   1,000원 BANKER | P:10♥ 5♠ K♥=5  B:4♥ 3♠=7  BANKER(W)  | +950원 → 180,100원
H629 | bet   1,000원 BANKER | P:4♣ 2♣=6  B:A♦ K♥ K♠=1  PLAYER(L)  | -1,000원 → 179,100원  [start]
H630 | bet   2,000원 PLAYER | P:7♠ 4♠ A♦=2  B:8♠ 2♦ 10♥=0  PLAYER(W)  | +2,000원 → 181,100원  [end_win]
H631 | bet   1,000원 BANKER | P:6♣ 9♥ 4♥=9  B:3♠ J♠ 10♠=3  PLAYER(L)  | -1,000원 → 180,100원  [start]
H632 | bet   2,000원 PLAYER | P:5♣ 7♥=2  B:J♣ 9♦=9  BANKER(L)  | -2,000원 → 178,100원
H633 | bet   4,000원 PLAYER | P:2♦ 5♣=7  B:K♦ J♣ Q♦=0  PLAYER(W)  | +4,000원 → 182,100원  [end_win]
H634 | bet   1,000원 BANKER | P:10♣ Q♥=0  B:A♦ 7♦=8  BANKER(W)  | +950원 → 183,050원
H635 | bet   1,000원 BANKER | P:10♦ 5♣ 8♠=3  B:A♠ Q♦ A♣=2  PLAYER(L)  | -1,000원 → 182,050원  [start]
H636 | bet   2,000원 PLAYER | P:5♦ Q♥ Q♥=5  B:2♥ A♣ 3♠=6  BANKER(L)  | -2,000원 → 180,050원
H637 | bet   4,000원 PLAYER | P:K♠ 9♣=9  B:K♥ 9♠=9  TIE(T)  |     0원 → 180,050원
H638 | bet   4,000원 PLAYER | P:Q♦ 7♣=7  B:K♣ K♣ K♣=0  PLAYER(W)  | +4,000원 → 184,050원  [end_win]
H639 | bet   1,000원 BANKER | P:9♠ Q♦=9  B:4♥ 6♣=0  PLAYER(L)  | -1,000원 → 183,050원  [start]
H640 | bet   2,000원 PLAYER | P:8♣ 4♣=2  B:K♥ 9♠=9  BANKER(L)  | -2,000원 → 181,050원
H641 | bet   4,000원 PLAYER | P:K♠ 10♣ J♠=0  B:8♥ 7♦=5  BANKER(L)  | -4,000원 → 177,050원
H642 | bet   8,000원 PLAYER | P:Q♣ J♦ A♣=1  B:4♦ J♦=4  BANKER(L)  | -8,000원 → 169,050원
H643 | bet  16,000원 PLAYER | P:4♠ Q♣ 5♠=9  B:6♥ 10♦=6  PLAYER(W)  | +16,000원 → 185,050원  [end_win]
H644 | bet   1,000원 BANKER | P:A♥ 7♠=8  B:5♣ 8♣=3  PLAYER(L)  | -1,000원 → 184,050원  [start]
H645 | bet   2,000원 PLAYER | P:7♠ K♣=7  B:8♦ 7♣ 4♥=9  BANKER(L)  | -2,000원 → 182,050원
H646 | bet   4,000원 PLAYER | P:A♥ K♠ 4♦=5  B:A♠ Q♣ 2♦=3  PLAYER(W)  | +4,000원 → 186,050원  [end_win]
H647 | bet   1,000원 BANKER | P:5♥ 2♦=7  B:A♥ K♣ 2♣=3  PLAYER(L)  | -1,000원 → 185,050원  [start]
H648 | bet   2,000원 PLAYER | P:9♥ 4♥ 8♦=1  B:2♣ 2♠=4  BANKER(L)  | -2,000원 → 183,050원
H649 | bet   4,000원 PLAYER | P:5♠ A♥=6  B:4♦ A♦ Q♥=5  PLAYER(W)  | +4,000원 → 187,050원  [end_win]
H650 | bet   1,000원 BANKER | P:10♦ 2♦ A♦=3  B:10♥ Q♠ 7♦=7  BANKER(W)  | +950원 → 188,000원
H651 | bet   1,000원 BANKER | P:A♥ A♥ 9♣=1  B:3♠ 10♠ K♦=3  BANKER(W)  | +950원 → 188,950원
H652 | bet   1,000원 BANKER | P:7♥ 2♦=9  B:8♠ 2♠=0  PLAYER(L)  | -1,000원 → 187,950원  [start]
H653 | bet   2,000원 PLAYER | P:8♥ 5♦ 4♣=7  B:8♥ 6♥ 10♦=4  PLAYER(W)  | +2,000원 → 189,950원  [end_win]
H654 | bet   1,000원 BANKER | P:A♣ 6♠=7  B:8♠ 9♣=7  TIE(T)  |     0원 → 189,950원
H655 | bet   1,000원 BANKER | P:K♥ K♠ 5♥=5  B:A♠ Q♠ 9♣=0  PLAYER(L)  | -1,000원 → 188,950원  [start]
H656 | bet   2,000원 PLAYER | P:8♦ Q♠=8  B:2♦ Q♦=2  PLAYER(W)  | +2,000원 → 190,950원  [end_win]
H657 | bet   1,000원 BANKER | P:10♣ 5♦=5  B:9♦ K♣=9  BANKER(W)  | +950원 → 191,900원
H658 | bet   1,000원 BANKER | P:K♦ 9♠=9  B:3♣ A♣=4  PLAYER(L)  | -1,000원 → 190,900원  [start]
H659 | bet   2,000원 PLAYER | P:9♦ 6♥ 5♥=0  B:J♥ 5♦ 6♦=1  BANKER(L)  | -2,000원 → 188,900원
H660 | bet   4,000원 PLAYER | P:4♠ 4♣=8  B:7♥ 4♦=1  PLAYER(W)  | +4,000원 → 192,900원  [end_win]
H661 | bet   1,000원 BANKER | P:Q♥ 6♦=6  B:4♦ 8♠ 6♥=8  BANKER(W)  | +950원 → 193,850원
H662 | bet   1,000원 BANKER | P:6♦ 5♣ 9♣=0  B:3♦ 2♦=5  BANKER(W)  | +950원 → 194,800원
H663 | bet   1,000원 BANKER | P:2♣ A♣ 8♠=1  B:9♥ 3♥ Q♣=2  BANKER(W)  | +950원 → 195,750원
H664 | bet   1,000원 BANKER | P:10♥ 9♦=9  B:6♦ 8♣=4  PLAYER(L)  | -1,000원 → 194,750원  [start]
H665 | bet   2,000원 PLAYER | P:6♣ 3♥=9  B:2♥ Q♠=2  PLAYER(W)  | +2,000원 → 196,750원  [end_win]
H666 | bet   1,000원 BANKER | P:7♠ 7♣=4  B:6♥ 2♦=8  BANKER(W)  | +950원 → 197,700원
H667 | bet   1,000원 BANKER | P:J♣ J♣ 5♠=5  B:4♠ 6♦ 7♥=7  BANKER(W)  | +950원 → 198,650원
H668 | bet   1,000원 BANKER | P:J♣ 3♣=3  B:8♦ A♠=9  BANKER(W)  | +950원 → 199,600원
H669 | bet   1,000원 BANKER | P:Q♣ J♦ 6♣=6  B:8♦ 7♥ A♥=6  TIE(T)  |     0원 → 199,600원
H670 | bet   1,000원 BANKER | P:2♠ A♠ 6♦=9  B:5♦ 8♣ 2♣=5  PLAYER(L)  | -1,000원 → 198,600원  [start]
H671 | bet   2,000원 PLAYER | P:7♣ 6♣ 9♣=2  B:5♥ 7♠ 3♠=5  BANKER(L)  | -2,000원 → 196,600원
H672 | bet   4,000원 PLAYER | P:3♦ 4♥=7  B:10♥ 7♣=7  TIE(T)  |     0원 → 196,600원
H673 | bet   4,000원 PLAYER | P:Q♦ 4♠=4  B:5♦ 4♥=9  BANKER(L)  | -4,000원 → 192,600원
H674 | bet   8,000원 PLAYER | P:6♠ 8♥=4  B:K♣ 8♠=8  BANKER(L)  | -8,000원 → 184,600원
H675 | bet  16,000원 PLAYER | P:10♥ 2♠=2  B:8♣ A♠=9  BANKER(L)  | -16,000원 → 168,600원  [end_giveup]
H676 | bet   1,000원 BANKER | P:7♠ K♠=7  B:Q♥ K♠ 7♠=7  TIE(T)  |     0원 → 168,600원
H677 | bet   1,000원 BANKER | P:10♦ K♥ A♥=1  B:10♠ 5♠=5  BANKER(W)  | +950원 → 169,550원
H678 | bet   1,000원 BANKER | P:Q♥ 8♥=8  B:3♦ Q♥=3  PLAYER(L)  | -1,000원 → 168,550원  [start]
H679 | bet   2,000원 PLAYER | P:A♠ 5♣=6  B:7♣ J♥=7  BANKER(L)  | -2,000원 → 166,550원
H680 | bet   4,000원 PLAYER | P:Q♦ Q♦ 2♥=2  B:J♠ J♦ 9♦=9  BANKER(L)  | -4,000원 → 162,550원
H681 | bet   8,000원 PLAYER | P:K♦ 3♠ J♦=3  B:A♠ 6♠=7  BANKER(L)  | -8,000원 → 154,550원
H682 | bet  16,000원 PLAYER | P:5♠ 4♥=9  B:2♠ 2♣=4  PLAYER(W)  | +16,000원 → 170,550원  [end_win]
H683 | bet   1,000원 BANKER | P:10♠ 8♣=8  B:Q♥ 7♥=7  PLAYER(L)  | -1,000원 → 169,550원  [start]
H684 | bet   2,000원 PLAYER | P:7♦ 9♥=6  B:2♥ 2♥ 7♣=1  PLAYER(W)  | +2,000원 → 171,550원  [end_win]
H685 | bet   1,000원 BANKER | P:4♣ A♥ 9♣=4  B:J♠ 3♦ 6♠=9  BANKER(W)  | +950원 → 172,500원
H686 | bet   1,000원 BANKER | P:9♠ K♣=9  B:6♥ J♥=6  PLAYER(L)  | -1,000원 → 171,500원  [start]
H687 | bet   2,000원 PLAYER | P:8♥ 6♣ 8♥=2  B:9♦ 4♠=3  BANKER(L)  | -2,000원 → 169,500원
H688 | bet   4,000원 PLAYER | P:4♣ 3♣=7  B:3♥ 7♠ 5♠=5  PLAYER(W)  | +4,000원 → 173,500원  [end_win]
H689 | bet   1,000원 BANKER | P:10♦ J♥ K♦=0  B:A♥ 3♦=4  BANKER(W)  | +950원 → 174,450원
H690 | bet   1,000원 BANKER | P:2♥ 9♥ 10♣=1  B:5♦ A♣=6  BANKER(W)  | +950원 → 175,400원
H691 | bet   1,000원 BANKER | P:A♣ 4♦ A♦=6  B:K♠ 7♠=7  BANKER(W)  | +950원 → 176,350원
H692 | bet   1,000원 BANKER | P:9♣ 6♠ 7♣=2  B:7♦ K♠=7  BANKER(W)  | +950원 → 177,300원
H693 | bet   1,000원 BANKER | P:Q♣ Q♠ 8♦=8  B:3♥ Q♠=3  PLAYER(L)  | -1,000원 → 176,300원  [start]
H694 | bet   2,000원 PLAYER | P:3♠ 10♦ K♣=3  B:5♥ J♥=5  BANKER(L)  | -2,000원 → 174,300원
H695 | bet   4,000원 PLAYER | P:4♣ 6♦ 5♠=5  B:6♥ A♠=7  BANKER(L)  | -4,000원 → 170,300원
H696 | bet   8,000원 PLAYER | P:J♦ J♣ 6♠=6  B:4♠ 9♣ K♥=3  PLAYER(W)  | +8,000원 → 178,300원  [end_win]
H697 | bet   1,000원 BANKER | P:8♦ 3♠ 5♥=6  B:8♣ 4♦ J♦=2  PLAYER(L)  | -1,000원 → 177,300원  [start]
H698 | bet   2,000원 PLAYER | P:5♣ 6♦ 4♣=5  B:A♦ 10♠ 5♣=6  BANKER(L)  | -2,000원 → 175,300원
H699 | bet   4,000원 PLAYER | P:2♣ 10♣ 7♣=9  B:A♣ 2♠ 3♥=6  PLAYER(W)  | +4,000원 → 179,300원  [end_win]
H700 | bet   1,000원 BANKER | P:J♠ 2♠ 10♥=2  B:9♥ 8♠=7  BANKER(W)  | +950원 → 180,250원
H701 | bet   1,000원 BANKER | P:Q♥ J♥ K♥=0  B:K♦ 7♥=7  BANKER(W)  | +950원 → 181,200원
H702 | bet   1,000원 BANKER | P:K♦ 5♣ 9♥=4  B:4♥ Q♣=4  TIE(T)  |     0원 → 181,200원
H703 | bet   1,000원 BANKER | P:6♣ 3♦=9  B:8♥ 2♠=0  PLAYER(L)  | -1,000원 → 180,200원  [start]
H704 | bet   2,000원 PLAYER | P:2♦ 3♦ 3♠=8  B:8♠ 7♥=5  PLAYER(W)  | +2,000원 → 182,200원  [end_win]
H705 | bet   1,000원 BANKER | P:4♦ J♣ A♠=5  B:9♦ 2♣ 2♦=3  PLAYER(L)  | -1,000원 → 181,200원  [start]
H706 | bet   2,000원 PLAYER | P:2♣ 5♦=7  B:Q♥ K♣ 7♠=7  TIE(T)  |     0원 → 181,200원
H707 | bet   2,000원 PLAYER | P:K♠ 2♥ J♠=2  B:K♦ Q♣ 3♥=3  BANKER(L)  | -2,000원 → 179,200원
H708 | bet   4,000원 PLAYER | P:4♥ 4♦=8  B:Q♦ 9♠=9  BANKER(L)  | -4,000원 → 175,200원
H709 | bet   8,000원 PLAYER | P:J♠ 3♣=3  B:9♦ J♣=9  BANKER(L)  | -8,000원 → 167,200원
H710 | bet  16,000원 PLAYER | P:4♥ 9♠ Q♦=3  B:J♠ 7♦=7  BANKER(L)  | -16,000원 → 151,200원  [end_giveup]
H711 | bet   1,000원 BANKER | P:J♦ 7♠=7  B:A♣ K♥ 3♣=4  PLAYER(L)  | -1,000원 → 150,200원  [start]
H712 | bet   2,000원 PLAYER | P:10♥ 2♥ J♦=2  B:8♠ 2♣ 10♠=0  PLAYER(W)  | +2,000원 → 152,200원  [end_win]
H713 | bet   1,000원 BANKER | P:J♣ 6♣=6  B:9♥ J♠=9  BANKER(W)  | +950원 → 153,150원
H714 | bet   1,000원 BANKER | P:10♦ 5♥=5  B:8♣ Q♦=8  BANKER(W)  | +950원 → 154,100원
H715 | bet   1,000원 BANKER | P:K♣ 4♠ 9♠=3  B:3♣ 10♣ A♦=4  BANKER(W)  | +950원 → 155,050원
H716 | bet   1,000원 BANKER | P:5♦ 8♦ A♦=4  B:10♦ 6♣=6  BANKER(W)  | +950원 → 156,000원
H717 | bet   1,000원 BANKER | P:6♠ 3♣=9  B:K♥ A♣=1  PLAYER(L)  | -1,000원 → 155,000원  [start]
H718 | bet   2,000원 PLAYER | P:A♦ 6♣=7  B:4♣ 2♣=6  PLAYER(W)  | +2,000원 → 157,000원  [end_win]
H719 | bet   1,000원 BANKER | P:4♣ 7♣ 8♦=9  B:3♥ 7♦ 2♦=2  PLAYER(L)  | -1,000원 → 156,000원  [start]
H720 | bet   2,000원 PLAYER | P:5♠ 4♦=9  B:2♠ 10♣=2  PLAYER(W)  | +2,000원 → 158,000원  [end_win]
H721 | bet   1,000원 BANKER | P:K♠ 8♦=8  B:4♠ K♣=4  PLAYER(L)  | -1,000원 → 157,000원  [start]
H722 | bet   2,000원 PLAYER | P:9♠ 10♥=9  B:10♠ J♥=0  PLAYER(W)  | +2,000원 → 159,000원  [end_win]
H723 | bet   1,000원 BANKER | P:9♥ 10♠=9  B:8♣ 9♠=7  PLAYER(L)  | -1,000원 → 158,000원  [start]
H724 | bet   2,000원 PLAYER | P:K♥ 10♣ 3♥=3  B:5♥ A♥=6  BANKER(L)  | -2,000원 → 156,000원
H725 | bet   4,000원 PLAYER | P:6♠ 10♦=6  B:K♦ 8♣=8  BANKER(L)  | -4,000원 → 152,000원
H726 | bet   8,000원 PLAYER | P:Q♣ 6♥=6  B:3♦ 7♥ 5♣=5  PLAYER(W)  | +8,000원 → 160,000원  [end_win]
H727 | bet   1,000원 BANKER | P:5♣ K♠ 6♥=1  B:10♣ 3♠ J♦=3  BANKER(W)  | +950원 → 160,950원
H728 | bet   1,000원 BANKER | P:Q♠ K♥=0  B:5♥ 4♥=9  BANKER(W)  | +950원 → 161,900원
H729 | bet   1,000원 BANKER | P:Q♦ 10♥ 4♥=4  B:7♦ 3♣ 3♠=3  PLAYER(L)  | -1,000원 → 160,900원  [start]
H730 | bet   2,000원 PLAYER | P:7♦ 5♠ Q♣=2  B:5♣ 9♥=4  BANKER(L)  | -2,000원 → 158,900원
H731 | bet   4,000원 PLAYER | P:10♣ 9♠=9  B:J♥ 7♦=7  PLAYER(W)  | +4,000원 → 162,900원  [end_win]
H732 | bet   1,000원 BANKER | P:J♦ 8♠=8  B:5♥ 6♣=1  PLAYER(L)  | -1,000원 → 161,900원  [start]
H733 | bet   2,000원 PLAYER | P:4♠ 8♥ 3♥=5  B:5♦ K♦=5  TIE(T)  |     0원 → 161,900원
H734 | bet   2,000원 PLAYER | P:8♦ K♠=8  B:3♠ 3♦=6  PLAYER(W)  | +2,000원 → 163,900원  [end_win]
H735 | bet   1,000원 BANKER | P:6♥ 2♥=8  B:K♥ 5♠=5  PLAYER(L)  | -1,000원 → 162,900원  [start]
H736 | bet   2,000원 PLAYER | P:9♣ 2♣=1  B:K♦ 9♦=9  BANKER(L)  | -2,000원 → 160,900원
H737 | bet   4,000원 PLAYER | P:10♥ 10♦ 2♣=2  B:J♦ K♣ Q♥=0  PLAYER(W)  | +4,000원 → 164,900원  [end_win]
H738 | bet   1,000원 BANKER | P:J♠ J♥=0  B:10♥ 9♥=9  BANKER(W)  | +950원 → 165,850원
H739 | bet   1,000원 BANKER | P:K♥ A♠ J♦=1  B:10♠ 2♥ A♣=3  BANKER(W)  | +950원 → 166,800원
H740 | bet   1,000원 BANKER | P:5♥ 2♠=7  B:8♣ 10♣=8  BANKER(W)  | +950원 → 167,750원
H741 | bet   1,000원 BANKER | P:A♥ 5♣=6  B:9♥ 5♣ 3♠=7  BANKER(W)  | +950원 → 168,700원
H742 | bet   1,000원 BANKER | P:K♣ 3♥ 6♦=9  B:A♦ 10♦ 2♠=3  PLAYER(L)  | -1,000원 → 167,700원  [start]
H743 | bet   2,000원 PLAYER | P:A♦ 4♥ 9♠=4  B:7♠ K♠=7  BANKER(L)  | -2,000원 → 165,700원
H744 | bet   4,000원 PLAYER | P:6♠ K♠=6  B:7♠ 8♣ 10♠=5  PLAYER(W)  | +4,000원 → 169,700원  [end_win]
H745 | bet   1,000원 BANKER | P:4♣ 4♣=8  B:9♦ 8♥=7  PLAYER(L)  | -1,000원 → 168,700원  [start]
H746 | bet   2,000원 PLAYER | P:K♠ 7♦=7  B:6♥ A♥=7  TIE(T)  |     0원 → 168,700원
H747 | bet   2,000원 PLAYER | P:6♦ 7♥ 5♣=8  B:5♦ J♣ Q♥=5  PLAYER(W)  | +2,000원 → 170,700원  [end_win]
H748 | bet   1,000원 BANKER | P:Q♦ 8♥=8  B:3♦ 5♣=8  TIE(T)  |     0원 → 170,700원
H749 | bet   1,000원 BANKER | P:9♣ K♦=9  B:3♦ K♣=3  PLAYER(L)  | -1,000원 → 169,700원  [start]
H750 | bet   2,000원 PLAYER | P:2♦ 9♥ 8♣=9  B:3♦ J♣=3  PLAYER(W)  | +2,000원 → 171,700원  [end_win]
H751 | bet   1,000원 BANKER | P:2♣ 9♦ 3♣=4  B:5♣ 6♠ 9♠=0  PLAYER(L)  | -1,000원 → 170,700원  [start]
H752 | bet   2,000원 PLAYER | P:5♠ Q♦=5  B:6♥ 2♦=8  BANKER(L)  | -2,000원 → 168,700원
H753 | bet   4,000원 PLAYER | P:2♦ 7♦=9  B:8♠ A♠=9  TIE(T)  |     0원 → 168,700원
H754 | bet   4,000원 PLAYER | P:8♦ 3♦ 7♠=8  B:3♠ 8♣ A♦=2  PLAYER(W)  | +4,000원 → 172,700원  [end_win]
H755 | bet   1,000원 BANKER | P:7♣ 6♣=3  B:9♠ J♠=9  BANKER(W)  | +950원 → 173,650원
H756 | bet   1,000원 BANKER | P:7♦ A♥=8  B:4♥ 10♥=4  PLAYER(L)  | -1,000원 → 172,650원  [start]
H757 | bet   2,000원 PLAYER | P:K♣ 8♠=8  B:A♣ A♠=2  PLAYER(W)  | +2,000원 → 174,650원  [end_win]
H758 | bet   1,000원 BANKER | P:A♣ 6♣=7  B:6♦ 3♥=9  BANKER(W)  | +950원 → 175,600원
H759 | bet   1,000원 BANKER | P:10♦ 5♥ 6♣=1  B:7♣ 10♦=7  BANKER(W)  | +950원 → 176,550원
H760 | bet   1,000원 BANKER | P:J♥ 7♦=7  B:Q♦ 4♥ 9♠=3  PLAYER(L)  | -1,000원 → 175,550원  [start]
H761 | bet   2,000원 PLAYER | P:2♣ 3♣ J♠=5  B:Q♦ Q♦ 8♦=8  BANKER(L)  | -2,000원 → 173,550원
H762 | bet   4,000원 PLAYER | P:10♠ K♣ 4♠=4  B:2♠ 8♥ 5♥=5  BANKER(L)  | -4,000원 → 169,550원
H763 | bet   8,000원 PLAYER | P:7♥ 10♦=7  B:3♠ J♠ 7♠=0  PLAYER(W)  | +8,000원 → 177,550원  [end_win]
H764 | bet   1,000원 BANKER | P:J♥ J♣ 9♦=9  B:4♦ K♣=4  PLAYER(L)  | -1,000원 → 176,550원  [start]
H765 | bet   2,000원 PLAYER | P:4♠ 10♥ 3♣=7  B:Q♠ 10♦ 7♣=7  TIE(T)  |     0원 → 176,550원
H766 | bet   2,000원 PLAYER | P:4♣ Q♦ Q♦=4  B:5♠ J♥=5  BANKER(L)  | -2,000원 → 174,550원
H767 | bet   4,000원 PLAYER | P:9♠ 4♠ 3♦=6  B:8♦ 6♦ A♠=5  PLAYER(W)  | +4,000원 → 178,550원  [end_win]
H768 | bet   1,000원 BANKER | P:3♣ 6♦=9  B:2♥ 5♠=7  PLAYER(L)  | -1,000원 → 177,550원  [start]
H769 | bet   2,000원 PLAYER | P:4♦ 8♠ A♥=3  B:A♥ 2♥ 2♠=5  BANKER(L)  | -2,000원 → 175,550원
H770 | bet   4,000원 PLAYER | P:7♦ 7♦ A♥=5  B:J♦ 6♠=6  BANKER(L)  | -4,000원 → 171,550원
H771 | bet   8,000원 PLAYER | P:4♣ 7♦ 10♥=1  B:Q♠ 6♣=6  BANKER(L)  | -8,000원 → 163,550원
H772 | bet  16,000원 PLAYER | P:K♥ 6♠=6  B:2♠ 9♦ 10♣=1  PLAYER(W)  | +16,000원 → 179,550원  [end_win]
H773 | bet   1,000원 BANKER | P:5♣ 3♣=8  B:7♣ 10♣=7  PLAYER(L)  | -1,000원 → 178,550원  [start]
H774 | bet   2,000원 PLAYER | P:Q♣ K♥ 3♥=3  B:J♥ 6♠=6  BANKER(L)  | -2,000원 → 176,550원
H775 | bet   4,000원 PLAYER | P:4♠ J♠ J♦=4  B:J♥ Q♥ 3♠=3  PLAYER(W)  | +4,000원 → 180,550원  [end_win]
H776 | bet   1,000원 BANKER | P:2♠ 2♠ 8♣=2  B:Q♥ 10♠ A♣=1  PLAYER(L)  | -1,000원 → 179,550원  [start]
H777 | bet   2,000원 PLAYER | P:3♠ 8♣ A♠=2  B:K♠ K♦ 2♦=2  TIE(T)  |     0원 → 179,550원
H778 | bet   2,000원 PLAYER | P:4♦ K♦ 4♠=8  B:4♣ A♥ 8♠=3  PLAYER(W)  | +2,000원 → 181,550원  [end_win]
H779 | bet   1,000원 BANKER | P:5♠ 8♣ A♣=4  B:Q♥ J♠ 9♥=9  BANKER(W)  | +950원 → 182,500원
H780 | bet   1,000원 BANKER | P:6♦ 8♦ 4♣=8  B:Q♠ 6♥=6  PLAYER(L)  | -1,000원 → 181,500원  [start]
H781 | bet   2,000원 PLAYER | P:10♥ 9♣=9  B:A♠ 3♦=4  PLAYER(W)  | +2,000원 → 183,500원  [end_win]
H782 | bet   1,000원 BANKER | P:A♣ 8♦=9  B:4♥ J♣=4  PLAYER(L)  | -1,000원 → 182,500원  [start]
H783 | bet   2,000원 PLAYER | P:4♠ Q♣ 7♥=1  B:Q♣ Q♠ 7♠=7  BANKER(L)  | -2,000원 → 180,500원
H784 | bet   4,000원 PLAYER | P:3♥ Q♣ 2♣=5  B:4♦ 10♠ 3♦=7  BANKER(L)  | -4,000원 → 176,500원
H785 | bet   8,000원 PLAYER | P:5♦ 2♠=7  B:2♣ 10♣ A♦=3  PLAYER(W)  | +8,000원 → 184,500원  [end_win]
H786 | bet   1,000원 BANKER | P:2♣ Q♣ K♦=2  B:4♣ 7♥ 6♦=7  BANKER(W)  | +950원 → 185,450원
H787 | bet   1,000원 BANKER | P:2♦ 8♠ 8♠=8  B:7♦ K♠=7  PLAYER(L)  | -1,000원 → 184,450원  [start]
H788 | bet   2,000원 PLAYER | P:10♣ 7♣=7  B:6♣ 6♥ J♣=2  PLAYER(W)  | +2,000원 → 186,450원  [end_win]
H789 | bet   1,000원 BANKER | P:8♦ 2♣ Q♦=0  B:7♥ 5♥ J♠=2  BANKER(W)  | +950원 → 187,400원
H790 | bet   1,000원 BANKER | P:2♦ 6♥=8  B:5♦ K♥=5  PLAYER(L)  | -1,000원 → 186,400원  [start]
H791 | bet   2,000원 PLAYER | P:9♦ 5♠ 3♥=7  B:J♣ 10♣ 6♠=6  PLAYER(W)  | +2,000원 → 188,400원  [end_win]
H792 | bet   1,000원 BANKER | P:6♦ 8♦ 2♥=6  B:3♠ 9♥ 7♥=9  BANKER(W)  | +950원 → 189,350원
H793 | bet   1,000원 BANKER | P:9♣ 3♠=2  B:10♦ 8♥=8  BANKER(W)  | +950원 → 190,300원
H794 | bet   1,000원 BANKER | P:J♦ 5♦ 7♥=2  B:Q♥ 4♥ 4♦=8  BANKER(W)  | +950원 → 191,250원
H795 | bet   1,000원 BANKER | P:8♠ J♦=8  B:K♣ Q♣=0  PLAYER(L)  | -1,000원 → 190,250원  [start]
H796 | bet   2,000원 PLAYER | P:9♥ Q♣=9  B:9♠ K♦=9  TIE(T)  |     0원 → 190,250원
H797 | bet   2,000원 PLAYER | P:K♥ 9♣=9  B:9♣ 6♣=5  PLAYER(W)  | +2,000원 → 192,250원  [end_win]
H798 | bet   1,000원 BANKER | P:4♣ 5♥=9  B:A♦ J♦=1  PLAYER(L)  | -1,000원 → 191,250원  [start]
H799 | bet   2,000원 PLAYER | P:5♠ J♣ Q♥=5  B:5♦ 8♥ 10♠=3  PLAYER(W)  | +2,000원 → 193,250원  [end_win]
H800 | bet   1,000원 BANKER | P:5♠ A♠=6  B:Q♠ 4♥ A♦=5  PLAYER(L)  | -1,000원 → 192,250원  [start]
H801 | bet   2,000원 PLAYER | P:A♣ 4♥ J♠=5  B:10♦ K♦ K♥=0  PLAYER(W)  | +2,000원 → 194,250원  [end_win]
H802 | bet   1,000원 BANKER | P:9♥ 3♣=2  B:5♣ 3♣=8  BANKER(W)  | +950원 → 195,200원
H803 | bet   1,000원 BANKER | P:9♣ 5♣=4  B:7♠ 2♥=9  BANKER(W)  | +950원 → 196,150원
H804 | bet   1,000원 BANKER | P:4♦ 7♠ 9♣=0  B:5♦ K♥=5  BANKER(W)  | +950원 → 197,100원
H805 | bet   1,000원 BANKER | P:10♥ J♥=0  B:8♣ 10♥=8  BANKER(W)  | +950원 → 198,050원
H806 | bet   1,000원 BANKER | P:8♥ 7♣=5  B:7♣ A♣=8  BANKER(W)  | +950원 → 199,000원
H807 | bet   1,000원 BANKER | P:A♠ 6♣=7  B:10♠ 4♦ 2♦=6  PLAYER(L)  | -1,000원 → 198,000원  [start]
H808 | bet   2,000원 PLAYER | P:5♥ 9♠ 7♥=1  B:2♦ A♦ 10♣=3  BANKER(L)  | -2,000원 → 196,000원
H809 | bet   4,000원 PLAYER | P:5♥ 6♥ K♠=1  B:Q♣ 3♥ 6♠=9  BANKER(L)  | -4,000원 → 192,000원
H810 | bet   8,000원 PLAYER | P:Q♠ 9♦=9  B:9♦ J♥=9  TIE(T)  |     0원 → 192,000원
H811 | bet   8,000원 PLAYER | P:Q♥ 9♠=9  B:4♠ 8♥=2  PLAYER(W)  | +8,000원 → 200,000원  [end_win]
H812 | bet   1,000원 BANKER | P:10♠ 10♣ K♠=0  B:2♥ Q♠ A♦=3  BANKER(W)  | +950원 → 200,950원
H813 | bet   1,000원 BANKER | P:7♠ 3♥ 5♦=5  B:K♣ 4♥ J♣=4  PLAYER(L)  | -1,000원 → 199,950원  [start]
H814 | bet   2,000원 PLAYER | P:3♣ Q♥ 5♠=8  B:7♥ 5♥ 8♣=0  PLAYER(W)  | +2,000원 → 201,950원  [end_win]
H815 | bet   1,000원 BANKER | P:9♥ K♠=9  B:K♠ 9♠=9  TIE(T)  |     0원 → 201,950원
H816 | bet   1,000원 BANKER | P:9♠ 6♦=5  B:9♦ Q♥=9  BANKER(W)  | +950원 → 202,900원
H817 | bet   1,000원 BANKER | P:5♣ 9♥ J♦=4  B:2♣ Q♠ J♠=2  PLAYER(L)  | -1,000원 → 201,900원  [start]
H818 | bet   2,000원 PLAYER | P:3♦ Q♥ J♦=3  B:Q♦ K♥ 3♥=3  TIE(T)  |     0원 → 201,900원
H819 | bet   2,000원 PLAYER | P:K♦ 5♣ J♣=5  B:7♣ 9♥=6  BANKER(L)  | -2,000원 → 199,900원
H820 | bet   4,000원 PLAYER | P:6♦ 8♣ 8♣=2  B:A♣ 6♦=7  BANKER(L)  | -4,000원 → 195,900원
H821 | bet   8,000원 PLAYER | P:4♥ 3♠=7  B:J♣ 4♣ 5♠=9  BANKER(L)  | -8,000원 → 187,900원
H822 | bet  16,000원 PLAYER | P:A♠ 5♥=6  B:7♦ J♦=7  BANKER(L)  | -16,000원 → 171,900원  [end_giveup]
H823 | bet   1,000원 BANKER | P:K♠ 4♣ K♣=4  B:2♣ A♦ J♦=3  PLAYER(L)  | -1,000원 → 170,900원  [start]
H824 | bet   2,000원 PLAYER | P:8♠ A♣=9  B:8♥ 6♠=4  PLAYER(W)  | +2,000원 → 172,900원  [end_win]
H825 | bet   1,000원 BANKER | P:6♥ A♠=7  B:6♥ 4♦ A♥=1  PLAYER(L)  | -1,000원 → 171,900원  [start]
H826 | bet   2,000원 PLAYER | P:6♠ 7♣ 7♥=0  B:3♠ 9♣ 8♣=0  TIE(T)  |     0원 → 171,900원
H827 | bet   2,000원 PLAYER | P:7♦ A♠=8  B:4♠ Q♣=4  PLAYER(W)  | +2,000원 → 173,900원  [end_win]
H828 | bet   1,000원 BANKER | P:7♥ J♣=7  B:8♥ Q♦=8  BANKER(W)  | +950원 → 174,850원
H829 | bet   1,000원 BANKER | P:2♣ K♦ 10♠=2  B:10♥ 3♣ 7♥=0  PLAYER(L)  | -1,000원 → 173,850원  [start]
H830 | bet   2,000원 PLAYER | P:6♣ 3♦=9  B:4♣ 2♦=6  PLAYER(W)  | +2,000원 → 175,850원  [end_win]
H831 | bet   1,000원 BANKER | P:9♦ 7♠=6  B:6♥ 4♥ Q♣=0  PLAYER(L)  | -1,000원 → 174,850원  [start]
H832 | bet   2,000원 PLAYER | P:2♠ 2♠=4  B:3♣ 6♦=9  BANKER(L)  | -2,000원 → 172,850원
H833 | bet   4,000원 PLAYER | P:9♦ 2♠ 5♠=6  B:10♥ 7♠=7  BANKER(L)  | -4,000원 → 168,850원
H834 | bet   8,000원 PLAYER | P:6♥ 2♥=8  B:A♦ 6♣=7  PLAYER(W)  | +8,000원 → 176,850원  [end_win]
H835 | bet   1,000원 BANKER | P:8♥ 5♣ 5♦=8  B:K♥ A♥ 9♦=0  PLAYER(L)  | -1,000원 → 175,850원  [start]
H836 | bet   2,000원 PLAYER | P:A♣ 5♣=6  B:5♠ 2♦=7  BANKER(L)  | -2,000원 → 173,850원
H837 | bet   4,000원 PLAYER | P:3♣ 6♠=9  B:6♦ 9♣=5  PLAYER(W)  | +4,000원 → 177,850원  [end_win]
H838 | bet   1,000원 BANKER | P:8♦ Q♣=8  B:3♦ 7♠=0  PLAYER(L)  | -1,000원 → 176,850원  [start]
H839 | bet   2,000원 PLAYER | P:3♥ 3♦=6  B:7♣ 5♣ K♦=2  PLAYER(W)  | +2,000원 → 178,850원  [end_win]
H840 | bet   1,000원 BANKER | P:4♣ J♣ 5♥=9  B:8♠ 2♦ 10♥=0  PLAYER(L)  | -1,000원 → 177,850원  [start]
H841 | bet   2,000원 PLAYER | P:7♣ 6♠ A♣=4  B:K♦ A♦ 5♥=6  BANKER(L)  | -2,000원 → 175,850원
H842 | bet   4,000원 PLAYER | P:6♦ Q♣=6  B:Q♣ 7♥=7  BANKER(L)  | -4,000원 → 171,850원
H843 | bet   8,000원 PLAYER | P:6♣ 6♥ 6♣=8  B:5♥ J♥ Q♦=5  PLAYER(W)  | +8,000원 → 179,850원  [end_win]
H844 | bet   1,000원 BANKER | P:10♠ 2♣=2  B:2♣ 6♣=8  BANKER(W)  | +950원 → 180,800원
H845 | bet   1,000원 BANKER | P:J♠ 3♦ 5♦=8  B:2♥ 3♣ 9♠=4  PLAYER(L)  | -1,000원 → 179,800원  [start]
H846 | bet   2,000원 PLAYER | P:3♣ 2♦=5  B:8♦ J♣=8  BANKER(L)  | -2,000원 → 177,800원
H847 | bet   4,000원 PLAYER | P:7♠ Q♣=7  B:9♠ 2♣ A♥=2  PLAYER(W)  | +4,000원 → 181,800원  [end_win]
H848 | bet   1,000원 BANKER | P:2♠ 2♠=4  B:8♥ K♥=8  BANKER(W)  | +950원 → 182,750원
H849 | bet   1,000원 BANKER | P:Q♠ 7♦=7  B:3♠ 4♥=7  TIE(T)  |     0원 → 182,750원
H850 | bet   1,000원 BANKER | P:8♥ 9♥=7  B:K♦ 2♦ A♣=3  PLAYER(L)  | -1,000원 → 181,750원  [start]
H851 | bet   2,000원 PLAYER | P:2♠ J♦ 10♠=2  B:4♦ 6♦ 10♥=0  PLAYER(W)  | +2,000원 → 183,750원  [end_win]
H852 | bet   1,000원 BANKER | P:9♣ Q♠=9  B:K♥ 4♠=4  PLAYER(L)  | -1,000원 → 182,750원  [start]
H853 | bet   2,000원 PLAYER | P:3♥ A♠ 3♥=7  B:5♦ 10♦=5  PLAYER(W)  | +2,000원 → 184,750원  [end_win]
H854 | bet   1,000원 BANKER | P:5♦ K♦ 6♥=1  B:Q♥ 6♥ J♥=6  BANKER(W)  | +950원 → 185,700원
H855 | bet   1,000원 BANKER | P:2♦ 4♦=6  B:3♥ 10♥ 3♠=6  TIE(T)  |     0원 → 185,700원
H856 | bet   1,000원 BANKER | P:10♠ J♠ 9♦=9  B:K♦ 5♠=5  PLAYER(L)  | -1,000원 → 184,700원  [start]
H857 | bet   2,000원 PLAYER | P:J♥ J♥ 8♦=8  B:5♠ A♦=6  PLAYER(W)  | +2,000원 → 186,700원  [end_win]
H858 | bet   1,000원 BANKER | P:A♠ A♣ Q♠=2  B:4♥ 3♠=7  BANKER(W)  | +950원 → 187,650원
H859 | bet   1,000원 BANKER | P:2♠ Q♦ 10♠=2  B:9♠ 4♣ A♣=4  BANKER(W)  | +950원 → 188,600원
H860 | bet   1,000원 BANKER | P:8♠ A♦=9  B:8♠ 4♠=2  PLAYER(L)  | -1,000원 → 187,600원  [start]
H861 | bet   2,000원 PLAYER | P:2♠ J♠ A♥=3  B:Q♦ 3♠ 4♦=7  BANKER(L)  | -2,000원 → 185,600원
H862 | bet   4,000원 PLAYER | P:5♥ 9♣ 4♠=8  B:10♦ J♥ 8♠=8  TIE(T)  |     0원 → 185,600원
H863 | bet   4,000원 PLAYER | P:A♥ 4♥ Q♥=5  B:7♠ 4♥ 4♠=5  TIE(T)  |     0원 → 185,600원
H864 | bet   4,000원 PLAYER | P:3♥ 10♣ 9♦=2  B:7♦ 10♣=7  BANKER(L)  | -4,000원 → 181,600원
H865 | bet   8,000원 PLAYER | P:J♦ K♠ 8♣=8  B:A♥ K♥ 10♦=1  PLAYER(W)  | +8,000원 → 189,600원  [end_win]
H866 | bet   1,000원 BANKER | P:6♣ 3♥=9  B:8♦ 10♣=8  PLAYER(L)  | -1,000원 → 188,600원  [start]
H867 | bet   2,000원 PLAYER | P:4♠ 3♣=7  B:6♣ 7♦ 10♣=3  PLAYER(W)  | +2,000원 → 190,600원  [end_win]
H868 | bet   1,000원 BANKER | P:4♣ Q♦ J♣=4  B:K♣ 10♣ 7♥=7  BANKER(W)  | +950원 → 191,550원
H869 | bet   1,000원 BANKER | P:10♣ 7♣=7  B:10♦ A♣ K♣=1  PLAYER(L)  | -1,000원 → 190,550원  [start]
H870 | bet   2,000원 PLAYER | P:6♦ 6♠ 5♦=7  B:8♦ 5♥ 4♥=7  TIE(T)  |     0원 → 190,550원
H871 | bet   2,000원 PLAYER | P:8♣ J♠=8  B:7♦ A♦=8  TIE(T)  |     0원 → 190,550원
H872 | bet   2,000원 PLAYER | P:2♥ A♦ J♦=3  B:4♠ 9♥ K♥=3  TIE(T)  |     0원 → 190,550원
H873 | bet   2,000원 PLAYER | P:2♥ A♥=3  B:4♣ 5♦=9  BANKER(L)  | -2,000원 → 188,550원
H874 | bet   4,000원 PLAYER | P:5♦ 8♦ 7♣=0  B:Q♠ A♠ Q♦=1  BANKER(L)  | -4,000원 → 184,550원
H875 | bet   8,000원 PLAYER | P:8♥ J♥=8  B:5♠ 9♠=4  PLAYER(W)  | +8,000원 → 192,550원  [end_win]
H876 | bet   1,000원 BANKER | P:8♠ 6♠ J♦=4  B:10♦ 7♣=7  BANKER(W)  | +950원 → 193,500원
H877 | bet   1,000원 BANKER | P:5♥ 2♥=7  B:8♣ 10♦=8  BANKER(W)  | +950원 → 194,450원
H878 | bet   1,000원 BANKER | P:10♣ 8♠=8  B:K♥ 8♥=8  TIE(T)  |     0원 → 194,450원
H879 | bet   1,000원 BANKER | P:3♠ K♠ 3♠=6  B:9♣ 7♦=6  TIE(T)  |     0원 → 194,450원
H880 | bet   1,000원 BANKER | P:3♦ 4♣=7  B:2♣ 2♥ K♣=4  PLAYER(L)  | -1,000원 → 193,450원  [start]
H881 | bet   2,000원 PLAYER | P:K♦ 6♣=6  B:10♥ 9♥=9  BANKER(L)  | -2,000원 → 191,450원
H882 | bet   4,000원 PLAYER | P:7♥ 8♦ 4♦=9  B:4♠ J♣ 10♥=4  PLAYER(W)  | +4,000원 → 195,450원  [end_win]
H883 | bet   1,000원 BANKER | P:K♠ 9♦=9  B:7♠ 7♦=4  PLAYER(L)  | -1,000원 → 194,450원  [start]
H884 | bet   2,000원 PLAYER | P:J♠ 10♠=0  B:Q♣ 9♠=9  BANKER(L)  | -2,000원 → 192,450원
H885 | bet   4,000원 PLAYER | P:7♠ K♣=7  B:2♥ K♣ 3♦=5  PLAYER(W)  | +4,000원 → 196,450원  [end_win]
H886 | bet   1,000원 BANKER | P:Q♥ Q♠ J♠=0  B:4♦ Q♥=4  BANKER(W)  | +950원 → 197,400원
H887 | bet   1,000원 BANKER | P:Q♥ 7♥=7  B:9♣ 10♥=9  BANKER(W)  | +950원 → 198,350원
H888 | bet   1,000원 BANKER | P:10♠ 5♠ 3♣=8  B:Q♠ K♥ 10♦=0  PLAYER(L)  | -1,000원 → 197,350원  [start]
H889 | bet   2,000원 PLAYER | P:Q♠ K♠ 6♠=6  B:5♣ 9♣ Q♦=4  PLAYER(W)  | +2,000원 → 199,350원  [end_win]
H890 | bet   1,000원 BANKER | P:2♣ 9♦=1  B:9♥ J♠=9  BANKER(W)  | +950원 → 200,300원
H891 | bet   1,000원 BANKER | P:K♠ 9♠=9  B:7♠ 2♥=9  TIE(T)  |     0원 → 200,300원
H892 | bet   1,000원 BANKER | P:A♠ 2♦ 8♥=1  B:K♣ 5♦=5  BANKER(W)  | +950원 → 201,250원
H893 | bet   1,000원 BANKER | P:6♠ 9♥ A♥=6  B:3♥ 2♦=5  PLAYER(L)  | -1,000원 → 200,250원  [start]
H894 | bet   2,000원 PLAYER | P:10♣ 10♠ 4♦=4  B:4♦ 10♦ Q♣=4  TIE(T)  |     0원 → 200,250원
H895 | bet   2,000원 PLAYER | P:5♣ 8♣ A♠=4  B:6♥ K♣=6  BANKER(L)  | -2,000원 → 198,250원
H896 | bet   4,000원 PLAYER | P:5♦ Q♠ 7♦=2  B:Q♦ Q♦ 8♥=8  BANKER(L)  | -4,000원 → 194,250원
H897 | bet   8,000원 PLAYER | P:J♥ J♠ A♦=1  B:A♥ 6♠=7  BANKER(L)  | -8,000원 → 186,250원
H898 | bet  16,000원 PLAYER | P:4♦ A♦ Q♠=5  B:K♥ 6♥=6  BANKER(L)  | -16,000원 → 170,250원  [end_giveup]
H899 | bet   1,000원 BANKER | P:Q♥ 2♠=2  B:8♠ J♥=8  BANKER(W)  | +950원 → 171,200원
H900 | bet   1,000원 BANKER | P:3♥ 3♠=6  B:K♠ 5♠ 2♥=7  BANKER(W)  | +950원 → 172,150원
H901 | bet   1,000원 BANKER | P:5♣ A♠=6  B:3♦ 4♥=7  BANKER(W)  | +950원 → 173,100원
H902 | bet   1,000원 BANKER | P:7♦ 10♠=7  B:6♥ 2♣=8  BANKER(W)  | +950원 → 174,050원
H903 | bet   1,000원 BANKER | P:7♣ 2♥=9  B:9♥ 10♣=9  TIE(T)  |     0원 → 174,050원
H904 | bet   1,000원 BANKER | P:5♦ 7♦ 4♥=6  B:4♠ 7♠ 6♣=7  BANKER(W)  | +950원 → 175,000원
H905 | bet   1,000원 BANKER | P:K♦ 6♥=6  B:6♣ 3♥=9  BANKER(W)  | +950원 → 175,950원
H906 | bet   1,000원 BANKER | P:Q♥ A♥ 2♠=3  B:10♣ K♣ 2♦=2  PLAYER(L)  | -1,000원 → 174,950원  [start]
H907 | bet   2,000원 PLAYER | P:J♣ 3♠ A♥=4  B:2♣ 5♣=7  BANKER(L)  | -2,000원 → 172,950원
H908 | bet   4,000원 PLAYER | P:7♦ 7♣ 3♠=7  B:7♣ 10♣=7  TIE(T)  |     0원 → 172,950원
H909 | bet   4,000원 PLAYER | P:5♣ J♥=5  B:8♣ K♥=8  BANKER(L)  | -4,000원 → 168,950원
H910 | bet   8,000원 PLAYER | P:Q♣ 8♥=8  B:2♠ 9♥=1  PLAYER(W)  | +8,000원 → 176,950원  [end_win]
H911 | bet   1,000원 BANKER | P:7♦ 7♣ 6♦=0  B:5♥ Q♣ 7♠=2  BANKER(W)  | +950원 → 177,900원
H912 | bet   1,000원 BANKER | P:A♣ K♦=1  B:4♦ 4♠=8  BANKER(W)  | +950원 → 178,850원
H913 | bet   1,000원 BANKER | P:A♦ 9♠=0  B:3♠ 6♠=9  BANKER(W)  | +950원 → 179,800원
H914 | bet   1,000원 BANKER | P:8♠ J♠=8  B:J♥ 10♥=0  PLAYER(L)  | -1,000원 → 178,800원  [start]
H915 | bet   2,000원 PLAYER | P:7♥ 2♣=9  B:3♣ K♠=3  PLAYER(W)  | +2,000원 → 180,800원  [end_win]
H916 | bet   1,000원 BANKER | P:9♣ 8♠=7  B:J♠ 8♦=8  BANKER(W)  | +950원 → 181,750원
H917 | bet   1,000원 BANKER | P:9♠ J♠=9  B:6♣ 10♠=6  PLAYER(L)  | -1,000원 → 180,750원  [start]
H918 | bet   2,000원 PLAYER | P:Q♥ K♣ 8♣=8  B:A♠ 3♦=4  PLAYER(W)  | +2,000원 → 182,750원  [end_win]
H919 | bet   1,000원 BANKER | P:8♣ 2♦=0  B:A♠ 7♠=8  BANKER(W)  | +950원 → 183,700원
H920 | bet   1,000원 BANKER | P:8♥ Q♣=8  B:5♦ 9♥=4  PLAYER(L)  | -1,000원 → 182,700원  [start]
H921 | bet   2,000원 PLAYER | P:4♦ 10♥ 10♦=4  B:3♦ 2♠=5  BANKER(L)  | -2,000원 → 180,700원
H922 | bet   4,000원 PLAYER | P:3♥ Q♣ 6♦=9  B:7♦ 3♠ K♠=0  PLAYER(W)  | +4,000원 → 184,700원  [end_win]
H923 | bet   1,000원 BANKER | P:8♠ 10♦=8  B:K♥ 4♦=4  PLAYER(L)  | -1,000원 → 183,700원  [start]
H924 | bet   2,000원 PLAYER | P:2♠ 10♣ 6♦=8  B:A♦ 4♥ 7♠=2  PLAYER(W)  | +2,000원 → 185,700원  [end_win]
H925 | bet   1,000원 BANKER | P:K♦ A♥ 9♦=0  B:K♥ Q♣ J♦=0  TIE(T)  |     0원 → 185,700원
H926 | bet   1,000원 BANKER | P:5♣ 8♦ A♣=4  B:J♣ K♦ 9♠=9  BANKER(W)  | +950원 → 186,650원
H927 | bet   1,000원 BANKER | P:K♥ 6♣=6  B:9♣ 9♣=8  BANKER(W)  | +950원 → 187,600원
H928 | bet   1,000원 BANKER | P:9♦ 10♠=9  B:6♦ 2♦=8  PLAYER(L)  | -1,000원 → 186,600원  [start]
H929 | bet   2,000원 PLAYER | P:8♣ 10♠=8  B:K♣ J♥=0  PLAYER(W)  | +2,000원 → 188,600원  [end_win]
H930 | bet   1,000원 BANKER | P:6♠ 8♠=4  B:J♦ 8♥=8  BANKER(W)  | +950원 → 189,550원
H931 | bet   1,000원 BANKER | P:2♣ 4♣=6  B:7♥ Q♦=7  BANKER(W)  | +950원 → 190,500원
H932 | bet   1,000원 BANKER | P:Q♠ 6♣=6  B:10♦ 8♦=8  BANKER(W)  | +950원 → 191,450원
H933 | bet   1,000원 BANKER | P:4♣ A♦=5  B:10♦ 9♦=9  BANKER(W)  | +950원 → 192,400원
H934 | bet   1,000원 BANKER | P:3♣ 5♥=8  B:Q♥ Q♦=0  PLAYER(L)  | -1,000원 → 191,400원  [start]
H935 | bet   2,000원 PLAYER | P:2♥ J♥ 10♠=2  B:4♠ 8♦ 8♣=0  PLAYER(W)  | +2,000원 → 193,400원  [end_win]
H936 | bet   1,000원 BANKER | P:3♠ Q♥ 4♣=7  B:A♠ 3♦ 2♠=6  PLAYER(L)  | -1,000원 → 192,400원  [start]
H937 | bet   2,000원 PLAYER | P:9♣ 5♥ Q♠=4  B:4♦ 10♥=4  TIE(T)  |     0원 → 192,400원
H938 | bet   2,000원 PLAYER | P:4♦ 7♠ A♦=2  B:7♣ 10♠=7  BANKER(L)  | -2,000원 → 190,400원
H939 | bet   4,000원 PLAYER | P:6♥ A♠=7  B:4♥ 8♦ 6♠=8  BANKER(L)  | -4,000원 → 186,400원
H940 | bet   8,000원 PLAYER | P:9♣ 10♦=9  B:J♣ 2♦=2  PLAYER(W)  | +8,000원 → 194,400원  [end_win]
H941 | bet   1,000원 BANKER | P:8♥ 4♦=2  B:6♣ 3♦=9  BANKER(W)  | +950원 → 195,350원
H942 | bet   1,000원 BANKER | P:4♣ 2♥=6  B:A♠ 3♥ Q♦=4  PLAYER(L)  | -1,000원 → 194,350원  [start]
H943 | bet   2,000원 PLAYER | P:2♣ 7♣=9  B:Q♣ 2♥=2  PLAYER(W)  | +2,000원 → 196,350원  [end_win]
H944 | bet   1,000원 BANKER | P:9♣ 5♠ Q♠=4  B:10♥ A♣ 9♥=0  PLAYER(L)  | -1,000원 → 195,350원  [start]
H945 | bet   2,000원 PLAYER | P:A♠ 7♠=8  B:10♦ K♥=0  PLAYER(W)  | +2,000원 → 197,350원  [end_win]
H946 | bet   1,000원 BANKER | P:10♦ 9♠=9  B:K♣ 6♣=6  PLAYER(L)  | -1,000원 → 196,350원  [start]
H947 | bet   2,000원 PLAYER | P:J♣ 10♥ 5♣=5  B:4♥ K♠ J♠=4  PLAYER(W)  | +2,000원 → 198,350원  [end_win]
H948 | bet   1,000원 BANKER | P:3♣ J♦=3  B:J♣ 8♠=8  BANKER(W)  | +950원 → 199,300원
H949 | bet   1,000원 BANKER | P:7♥ K♠=7  B:8♠ 10♥=8  BANKER(W)  | +950원 → 200,250원
H950 | bet   1,000원 BANKER | P:6♥ 8♦ 9♦=3  B:Q♠ A♣ 3♣=4  BANKER(W)  | +950원 → 201,200원
H951 | bet   1,000원 BANKER | P:9♦ A♣ 5♠=5  B:2♦ J♠ 5♥=7  BANKER(W)  | +950원 → 202,150원
H952 | bet   1,000원 BANKER | P:10♣ 4♠=4  B:5♦ 3♦=8  BANKER(W)  | +950원 → 203,100원
H953 | bet   1,000원 BANKER | P:4♠ 3♠=7  B:6♠ 9♣ 2♥=7  TIE(T)  |     0원 → 203,100원
H954 | bet   1,000원 BANKER | P:4♣ 6♦ 4♣=4  B:9♠ 3♥ A♣=3  PLAYER(L)  | -1,000원 → 202,100원  [start]
H955 | bet   2,000원 PLAYER | P:Q♣ 4♣ 10♣=4  B:3♦ 9♦ 3♣=5  BANKER(L)  | -2,000원 → 200,100원
H956 | bet   4,000원 PLAYER | P:4♠ 9♥ A♣=4  B:4♥ 3♥=7  BANKER(L)  | -4,000원 → 196,100원
H957 | bet   8,000원 PLAYER | P:9♣ A♦ K♠=0  B:Q♠ 5♥=5  BANKER(L)  | -8,000원 → 188,100원
H958 | bet  16,000원 PLAYER | P:5♣ 7♠ 9♠=1  B:7♥ 10♥=7  BANKER(L)  | -16,000원 → 172,100원  [end_giveup]
H959 | bet   1,000원 BANKER | P:8♥ A♣=9  B:3♥ 3♣=6  PLAYER(L)  | -1,000원 → 171,100원  [start]
H960 | bet   2,000원 PLAYER | P:7♥ 8♣ J♠=5  B:6♠ 7♠ 6♣=9  BANKER(L)  | -2,000원 → 169,100원
H961 | bet   4,000원 PLAYER | P:Q♦ K♦ 8♥=8  B:K♣ 5♠=5  PLAYER(W)  | +4,000원 → 173,100원  [end_win]
H962 | bet   1,000원 BANKER | P:5♥ J♦ 5♦=0  B:A♥ Q♦ 8♦=9  BANKER(W)  | +950원 → 174,050원
H963 | bet   1,000원 BANKER | P:7♥ Q♦=7  B:9♥ 3♠ K♥=2  PLAYER(L)  | -1,000원 → 173,050원  [start]
H964 | bet   2,000원 PLAYER | P:5♠ 9♠ 4♠=8  B:J♣ 6♦=6  PLAYER(W)  | +2,000원 → 175,050원  [end_win]
H965 | bet   1,000원 BANKER | P:5♣ A♥=6  B:5♦ Q♥ 5♠=0  PLAYER(L)  | -1,000원 → 174,050원  [start]
H966 | bet   2,000원 PLAYER | P:A♥ Q♠ 5♦=6  B:J♦ J♦ 10♣=0  PLAYER(W)  | +2,000원 → 176,050원  [end_win]
H967 | bet   1,000원 BANKER | P:3♦ 4♥=7  B:10♣ K♣ A♦=1  PLAYER(L)  | -1,000원 → 175,050원  [start]
H968 | bet   2,000원 PLAYER | P:10♦ 8♣=8  B:K♠ 4♦=4  PLAYER(W)  | +2,000원 → 177,050원  [end_win]
H969 | bet   1,000원 BANKER | P:J♣ 5♠=5  B:6♠ 2♣=8  BANKER(W)  | +950원 → 178,000원
H970 | bet   1,000원 BANKER | P:7♦ 2♣=9  B:5♠ K♦=5  PLAYER(L)  | -1,000원 → 177,000원  [start]
H971 | bet   2,000원 PLAYER | P:7♦ J♦=7  B:Q♥ 9♦=9  BANKER(L)  | -2,000원 → 175,000원
H972 | bet   4,000원 PLAYER | P:2♦ 4♥=6  B:7♣ 6♠ 6♥=9  BANKER(L)  | -4,000원 → 171,000원
H973 | bet   8,000원 PLAYER | P:5♥ Q♣ 9♠=4  B:2♠ K♣ 4♣=6  BANKER(L)  | -8,000원 → 163,000원
H974 | bet  16,000원 PLAYER | P:9♥ 2♠ 3♣=4  B:K♦ 7♥=7  BANKER(L)  | -16,000원 → 147,000원  [end_giveup]
H975 | bet   1,000원 BANKER | P:J♣ 9♦=9  B:6♦ A♠=7  PLAYER(L)  | -1,000원 → 146,000원  [start]
H976 | bet   2,000원 PLAYER | P:Q♥ 10♠ 3♥=3  B:2♦ K♣ A♥=3  TIE(T)  |     0원 → 146,000원
H977 | bet   2,000원 PLAYER | P:9♥ 6♥=5  B:5♦ 3♣=8  BANKER(L)  | -2,000원 → 144,000원
H978 | bet   4,000원 PLAYER | P:2♣ 10♠ 8♠=0  B:J♦ 2♥ J♥=2  BANKER(L)  | -4,000원 → 140,000원
H979 | bet   8,000원 PLAYER | P:2♥ 2♦ J♥=4  B:K♦ K♠ 6♥=6  BANKER(L)  | -8,000원 → 132,000원
H980 | bet  16,000원 PLAYER | P:K♠ A♥ 4♥=5  B:2♠ Q♣ A♥=3  PLAYER(W)  | +16,000원 → 148,000원  [end_win]
H981 | bet   1,000원 BANKER | P:3♦ K♣ 9♣=2  B:8♥ 4♠ 10♠=2  TIE(T)  |     0원 → 148,000원
H982 | bet   1,000원 BANKER | P:Q♦ 3♥ K♦=3  B:J♦ Q♥ 8♥=8  BANKER(W)  | +950원 → 148,950원
H983 | bet   1,000원 BANKER | P:J♥ 10♠ 6♦=6  B:9♦ 8♦=7  BANKER(W)  | +950원 → 149,900원
H984 | bet   1,000원 BANKER | P:J♣ 6♥=6  B:K♠ 5♦ 4♣=9  BANKER(W)  | +950원 → 150,850원
H985 | bet   1,000원 BANKER | P:Q♥ 6♣=6  B:7♠ J♠=7  BANKER(W)  | +950원 → 151,800원
H986 | bet   1,000원 BANKER | P:5♥ 4♥=9  B:4♥ A♦=5  PLAYER(L)  | -1,000원 → 150,800원  [start]
H987 | bet   2,000원 PLAYER | P:J♦ 6♣=6  B:2♥ J♠ A♦=3  PLAYER(W)  | +2,000원 → 152,800원  [end_win]
H988 | bet   1,000원 BANKER | P:3♠ 5♥=8  B:7♣ Q♦=7  PLAYER(L)  | -1,000원 → 151,800원  [start]
H989 | bet   2,000원 PLAYER | P:4♠ 8♦=2  B:6♦ 2♦=8  BANKER(L)  | -2,000원 → 149,800원
H990 | bet   4,000원 PLAYER | P:5♣ Q♣ 3♣=8  B:K♠ A♦ 2♠=3  PLAYER(W)  | +4,000원 → 153,800원  [end_win]
H991 | bet   1,000원 BANKER | P:9♣ Q♥=9  B:9♦ 3♠=2  PLAYER(L)  | -1,000원 → 152,800원  [start]
H992 | bet   2,000원 PLAYER | P:8♦ 9♦=7  B:6♣ 4♠ 3♠=3  PLAYER(W)  | +2,000원 → 154,800원  [end_win]
H993 | bet   1,000원 BANKER | P:6♠ A♠=7  B:4♠ 10♠ 5♦=9  BANKER(W)  | +950원 → 155,750원
H994 | bet   1,000원 BANKER | P:5♦ A♠=6  B:2♦ K♠ 7♥=9  BANKER(W)  | +950원 → 156,700원
H995 | bet   1,000원 BANKER | P:3♣ A♣=4  B:A♥ 7♥=8  BANKER(W)  | +950원 → 157,650원
H996 | bet   1,000원 BANKER | P:6♥ 10♠=6  B:K♥ 6♦=6  TIE(T)  |     0원 → 157,650원
H997 | bet   1,000원 BANKER | P:6♠ 6♠ 4♠=6  B:J♦ 7♥=7  BANKER(W)  | +950원 → 158,600원
H998 | bet   1,000원 BANKER | P:2♠ 10♣=2  B:7♦ 2♥=9  BANKER(W)  | +950원 → 159,550원
H999 | bet   1,000원 BANKER | P:3♦ 4♥=7  B:K♦ 4♥ 6♠=0  PLAYER(L)  | -1,000원 → 158,550원  [start]
H1000 | bet   2,000원 PLAYER | P:7♣ 6♣=3  B:10♥ 9♥=9  BANKER(L)  | -2,000원 → 156,550원
H1001 | bet   4,000원 PLAYER | P:J♣ K♠ K♥=0  B:3♦ 8♦ Q♠=1  BANKER(L)  | -4,000원 → 152,550원
H1002 | bet   8,000원 PLAYER | P:6♥ 6♥ J♣=2  B:3♦ J♣ Q♦=3  BANKER(L)  | -8,000원 → 144,550원
H1003 | bet  16,000원 PLAYER | P:6♥ 5♠ Q♣=1  B:10♦ 3♠ 8♠=1  TIE(T)  |     0원 → 144,550원
H1004 | bet  16,000원 PLAYER | P:2♣ J♠ 8♠=0  B:K♦ A♦ 2♠=3  BANKER(L)  | -16,000원 → 128,550원  [end_giveup]
H1005 | bet   1,000원 BANKER | P:K♥ A♠ 10♥=1  B:K♠ J♦ 3♥=3  BANKER(W)  | +950원 → 129,500원
H1006 | bet   1,000원 BANKER | P:6♣ K♣=6  B:4♣ Q♥ 3♣=7  BANKER(W)  | +950원 → 130,450원
H1007 | bet   1,000원 BANKER | P:A♥ 7♣=8  B:3♥ A♦=4  PLAYER(L)  | -1,000원 → 129,450원  [start]
H1008 | bet   2,000원 PLAYER | P:9♦ 6♠ 9♣=4  B:J♠ 2♥ 7♠=9  BANKER(L)  | -2,000원 → 127,450원
H1009 | bet   4,000원 PLAYER | P:10♠ 10♦ 8♥=8  B:Q♠ 7♠=7  PLAYER(W)  | +4,000원 → 131,450원  [end_win]
H1010 | bet   1,000원 BANKER | P:2♦ 7♥=9  B:3♥ 8♥=1  PLAYER(L)  | -1,000원 → 130,450원  [start]
H1011 | bet   2,000원 PLAYER | P:Q♥ 7♠=7  B:10♠ 5♥ 2♥=7  TIE(T)  |     0원 → 130,450원
H1012 | bet   2,000원 PLAYER | P:3♣ 4♥=7  B:A♠ 3♦ 5♣=9  BANKER(L)  | -2,000원 → 128,450원
H1013 | bet   4,000원 PLAYER | P:6♦ 8♣ 2♣=6  B:3♥ 2♥=5  PLAYER(W)  | +4,000원 → 132,450원  [end_win]
H1014 | bet   1,000원 BANKER | P:10♣ 2♣ 9♠=1  B:K♣ Q♠ 9♠=9  BANKER(W)  | +950원 → 133,400원
H1015 | bet   1,000원 BANKER | P:8♣ J♥=8  B:6♥ 9♠=5  PLAYER(L)  | -1,000원 → 132,400원  [start]
H1016 | bet   2,000원 PLAYER | P:A♣ K♥ K♥=1  B:K♣ Q♦ K♠=0  PLAYER(W)  | +2,000원 → 134,400원  [end_win]
H1017 | bet   1,000원 BANKER | P:2♥ 7♦=9  B:2♦ 9♥=1  PLAYER(L)  | -1,000원 → 133,400원  [start]
H1018 | bet   2,000원 PLAYER | P:9♥ 9♥=8  B:7♦ J♦=7  PLAYER(W)  | +2,000원 → 135,400원  [end_win]
H1019 | bet   1,000원 BANKER | P:10♥ K♦ 8♣=8  B:6♦ 10♠=6  PLAYER(L)  | -1,000원 → 134,400원  [start]
H1020 | bet   2,000원 PLAYER | P:Q♦ 9♣=9  B:9♠ 4♣=3  PLAYER(W)  | +2,000원 → 136,400원  [end_win]
H1021 | bet   1,000원 BANKER | P:4♣ 5♦=9  B:9♠ 10♥=9  TIE(T)  |     0원 → 136,400원
H1022 | bet   1,000원 BANKER | P:A♠ 10♣=1  B:J♣ 9♦=9  BANKER(W)  | +950원 → 137,350원
H1023 | bet   1,000원 BANKER | P:10♣ 9♥=9  B:5♦ J♦=5  PLAYER(L)  | -1,000원 → 136,350원  [start]
H1024 | bet   2,000원 PLAYER | P:10♥ 5♠ 10♣=5  B:K♦ 3♦ K♣=3  PLAYER(W)  | +2,000원 → 138,350원  [end_win]
H1025 | bet   1,000원 BANKER | P:Q♥ J♦ A♣=1  B:3♠ 7♣ Q♠=0  PLAYER(L)  | -1,000원 → 137,350원  [start]
H1026 | bet   2,000원 PLAYER | P:5♣ A♦=6  B:7♥ 4♦ 6♣=7  BANKER(L)  | -2,000원 → 135,350원
H1027 | bet   4,000원 PLAYER | P:5♥ 7♦=2  B:J♦ 8♣=8  BANKER(L)  | -4,000원 → 131,350원
H1028 | bet   8,000원 PLAYER | P:J♣ 10♦=0  B:8♥ K♦=8  BANKER(L)  | -8,000원 → 123,350원
H1029 | bet  16,000원 PLAYER | P:5♥ 5♠ A♣=1  B:4♦ 7♣ J♣=1  TIE(T)  |     0원 → 123,350원
H1030 | bet  16,000원 PLAYER | P:Q♣ Q♣ 8♠=8  B:8♠ 4♠ 10♥=2  PLAYER(W)  | +16,000원 → 139,350원  [end_win]
H1031 | bet   1,000원 BANKER | P:K♥ 6♣=6  B:5♥ 7♦ Q♣=2  PLAYER(L)  | -1,000원 → 138,350원  [start]
H1032 | bet   2,000원 PLAYER | P:10♥ Q♠ A♥=1  B:2♣ 8♥ 10♣=0  PLAYER(W)  | +2,000원 → 140,350원  [end_win]
H1033 | bet   1,000원 BANKER | P:8♠ 3♦ 5♠=6  B:4♣ Q♥ A♥=5  PLAYER(L)  | -1,000원 → 139,350원  [start]
H1034 | bet   2,000원 PLAYER | P:6♥ 8♣ 3♥=7  B:8♦ 9♣=7  TIE(T)  |     0원 → 139,350원
H1035 | bet   2,000원 PLAYER | P:2♠ 8♠ 8♠=8  B:8♦ 9♥=7  PLAYER(W)  | +2,000원 → 141,350원  [end_win]
H1036 | bet   1,000원 BANKER | P:9♦ 2♦=1  B:7♣ 2♠=9  BANKER(W)  | +950원 → 142,300원
H1037 | bet   1,000원 BANKER | P:J♠ Q♠=0  B:8♣ K♦=8  BANKER(W)  | +950원 → 143,250원
H1038 | bet   1,000원 BANKER | P:6♠ A♣=7  B:A♣ 8♠=9  BANKER(W)  | +950원 → 144,200원
H1039 | bet   1,000원 BANKER | P:3♥ A♥ J♥=4  B:7♦ 3♣ 10♦=0  PLAYER(L)  | -1,000원 → 143,200원  [start]
H1040 | bet   2,000원 PLAYER | P:2♦ K♥=2  B:2♣ 7♦=9  BANKER(L)  | -2,000원 → 141,200원
H1041 | bet   4,000원 PLAYER | P:3♣ 7♠ 5♥=5  B:7♥ J♥=7  BANKER(L)  | -4,000원 → 137,200원
H1042 | bet   8,000원 PLAYER | P:9♠ K♣=9  B:J♥ 4♦=4  PLAYER(W)  | +8,000원 → 145,200원  [end_win]
H1043 | bet   1,000원 BANKER | P:4♠ 5♣=9  B:8♦ J♠=8  PLAYER(L)  | -1,000원 → 144,200원  [start]
H1044 | bet   2,000원 PLAYER | P:Q♣ Q♠ 4♦=4  B:2♣ A♠ 10♥=3  PLAYER(W)  | +2,000원 → 146,200원  [end_win]
H1045 | bet   1,000원 BANKER | P:8♥ 5♠=3  B:7♥ 2♦=9  BANKER(W)  | +950원 → 147,150원
H1046 | bet   1,000원 BANKER | P:K♦ K♠ 3♥=3  B:2♥ 5♥=7  BANKER(W)  | +950원 → 148,100원
H1047 | bet   1,000원 BANKER | P:8♦ 6♥=4  B:9♠ 9♣=8  BANKER(W)  | +950원 → 149,050원
H1048 | bet   1,000원 BANKER | P:8♣ 7♦=5  B:4♠ 5♣=9  BANKER(W)  | +950원 → 150,000원
H1049 | bet   1,000원 BANKER | P:5♣ 10♦ 2♣=7  B:J♠ K♣ 5♠=5  PLAYER(L)  | -1,000원 → 149,000원  [start]
H1050 | bet   2,000원 PLAYER | P:5♦ J♥ 2♠=7  B:J♠ Q♣ A♣=1  PLAYER(W)  | +2,000원 → 151,000원  [end_win]
H1051 | bet   1,000원 BANKER | P:3♣ 9♦ 3♠=5  B:9♣ 7♠=6  BANKER(W)  | +950원 → 151,950원
H1052 | bet   1,000원 BANKER | P:K♥ 5♦ 10♣=5  B:9♥ 5♠=4  PLAYER(L)  | -1,000원 → 150,950원  [start]
H1053 | bet   2,000원 PLAYER | P:3♣ 6♦=9  B:A♠ 10♠=1  PLAYER(W)  | +2,000원 → 152,950원  [end_win]
H1054 | bet   1,000원 BANKER | P:10♦ A♣=1  B:10♦ 9♣=9  BANKER(W)  | +950원 → 153,900원
H1055 | bet   1,000원 BANKER | P:4♦ 4♥=8  B:A♥ 6♠=7  PLAYER(L)  | -1,000원 → 152,900원  [start]
H1056 | bet   2,000원 PLAYER | P:10♦ 7♣=7  B:7♠ 3♠ A♦=1  PLAYER(W)  | +2,000원 → 154,900원  [end_win]
H1057 | bet   1,000원 BANKER | P:3♠ J♥ 4♦=7  B:5♠ Q♥ 6♦=1  PLAYER(L)  | -1,000원 → 153,900원  [start]
H1058 | bet   2,000원 PLAYER | P:2♦ 5♣=7  B:Q♦ 7♠=7  TIE(T)  |     0원 → 153,900원
H1059 | bet   2,000원 PLAYER | P:8♥ 6♣ J♣=4  B:Q♦ 10♣ 4♦=4  TIE(T)  |     0원 → 153,900원
H1060 | bet   2,000원 PLAYER | P:7♥ 4♣ 9♦=0  B:A♦ 9♥ 4♣=4  BANKER(L)  | -2,000원 → 151,900원
H1061 | bet   4,000원 PLAYER | P:J♥ 8♣=8  B:4♥ 2♣=6  PLAYER(W)  | +4,000원 → 155,900원  [end_win]
H1062 | bet   1,000원 BANKER | P:A♠ 6♠=7  B:9♠ 7♣=6  PLAYER(L)  | -1,000원 → 154,900원  [start]
H1063 | bet   2,000원 PLAYER | P:A♣ K♦ 6♣=7  B:A♦ K♥ J♠=1  PLAYER(W)  | +2,000원 → 156,900원  [end_win]
H1064 | bet   1,000원 BANKER | P:8♣ A♠=9  B:9♣ 4♥=3  PLAYER(L)  | -1,000원 → 155,900원  [start]
H1065 | bet   2,000원 PLAYER | P:2♠ 3♠=5  B:J♦ 9♥=9  BANKER(L)  | -2,000원 → 153,900원
H1066 | bet   4,000원 PLAYER | P:A♦ 7♣=8  B:10♥ 8♥=8  TIE(T)  |     0원 → 153,900원
H1067 | bet   4,000원 PLAYER | P:4♦ J♦=4  B:6♥ 2♠=8  BANKER(L)  | -4,000원 → 149,900원
H1068 | bet   8,000원 PLAYER | P:A♥ 6♥=7  B:K♥ Q♦ A♣=1  PLAYER(W)  | +8,000원 → 157,900원  [end_win]
H1069 | bet   1,000원 BANKER | P:6♦ 9♦ 8♠=3  B:A♦ 2♣=3  TIE(T)  |     0원 → 157,900원
H1070 | bet   1,000원 BANKER | P:J♠ 8♠=8  B:5♦ 9♠=4  PLAYER(L)  | -1,000원 → 156,900원  [start]
H1071 | bet   2,000원 PLAYER | P:A♦ 8♣=9  B:J♦ K♥=0  PLAYER(W)  | +2,000원 → 158,900원  [end_win]
H1072 | bet   1,000원 BANKER | P:J♣ 7♠=7  B:10♥ 2♣ 10♣=2  PLAYER(L)  | -1,000원 → 157,900원  [start]
H1073 | bet   2,000원 PLAYER | P:9♦ 5♣ J♦=4  B:Q♣ 3♦ J♥=3  PLAYER(W)  | +2,000원 → 159,900원  [end_win]
H1074 | bet   1,000원 BANKER | P:J♣ 5♠ K♠=5  B:K♥ 10♣ Q♠=0  PLAYER(L)  | -1,000원 → 158,900원  [start]
H1075 | bet   2,000원 PLAYER | P:10♦ 9♠=9  B:6♦ 8♠=4  PLAYER(W)  | +2,000원 → 160,900원  [end_win]
H1076 | bet   1,000원 BANKER | P:10♠ 7♠=7  B:4♦ 7♠ K♣=1  PLAYER(L)  | -1,000원 → 159,900원  [start]
H1077 | bet   2,000원 PLAYER | P:3♥ 7♦ 9♦=9  B:6♥ 6♠ 5♦=7  PLAYER(W)  | +2,000원 → 161,900원  [end_win]
H1078 | bet   1,000원 BANKER | P:K♣ 4♠=4  B:K♦ 8♦=8  BANKER(W)  | +950원 → 162,850원
H1079 | bet   1,000원 BANKER | P:3♠ 9♣ J♦=2  B:10♠ K♣ J♠=0  PLAYER(L)  | -1,000원 → 161,850원  [start]
H1080 | bet   2,000원 PLAYER | P:J♣ 10♥ J♠=0  B:J♥ 3♥ 6♦=9  BANKER(L)  | -2,000원 → 159,850원
H1081 | bet   4,000원 PLAYER | P:Q♣ 6♠=6  B:A♣ 9♥ Q♠=0  PLAYER(W)  | +4,000원 → 163,850원  [end_win]
H1082 | bet   1,000원 BANKER | P:J♠ 9♣=9  B:9♠ 2♠=1  PLAYER(L)  | -1,000원 → 162,850원  [start]
H1083 | bet   2,000원 PLAYER | P:5♥ 10♥=5  B:8♦ A♥=9  BANKER(L)  | -2,000원 → 160,850원
H1084 | bet   4,000원 PLAYER | P:6♦ 7♥ Q♥=3  B:7♣ 6♦ 3♠=6  BANKER(L)  | -4,000원 → 156,850원
H1085 | bet   8,000원 PLAYER | P:10♣ 3♠=3  B:8♣ 10♦=8  BANKER(L)  | -8,000원 → 148,850원
H1086 | bet  16,000원 PLAYER | P:3♦ 4♥=7  B:7♥ 9♠=6  PLAYER(W)  | +16,000원 → 164,850원  [end_win]
H1087 | bet   1,000원 BANKER | P:A♦ A♥ 2♦=4  B:Q♦ 3♣ 10♦=3  PLAYER(L)  | -1,000원 → 163,850원  [start]
H1088 | bet   2,000원 PLAYER | P:10♠ K♠=0  B:7♣ 2♥=9  BANKER(L)  | -2,000원 → 161,850원
H1089 | bet   4,000원 PLAYER | P:Q♥ 9♦=9  B:10♥ 8♥=8  PLAYER(W)  | +4,000원 → 165,850원  [end_win]
H1090 | bet   1,000원 BANKER | P:A♥ 10♦=1  B:8♦ K♦=8  BANKER(W)  | +950원 → 166,800원
H1091 | bet   1,000원 BANKER | P:5♠ 2♦=7  B:5♥ 7♥ 6♦=8  BANKER(W)  | +950원 → 167,750원
H1092 | bet   1,000원 BANKER | P:7♦ 10♦=7  B:4♣ 8♠ 5♣=7  TIE(T)  |     0원 → 167,750원
H1093 | bet   1,000원 BANKER | P:Q♥ K♦ 6♥=6  B:A♣ 4♣ 2♠=7  BANKER(W)  | +950원 → 168,700원
H1094 | bet   1,000원 BANKER | P:7♣ 3♠ Q♠=0  B:2♦ 5♦=7  BANKER(W)  | +950원 → 169,650원
H1095 | bet   1,000원 BANKER | P:K♠ 3♥=3  B:2♣ 6♣=8  BANKER(W)  | +950원 → 170,600원
H1096 | bet   1,000원 BANKER | P:3♥ 9♠ 7♣=9  B:9♦ 4♠ 4♦=7  PLAYER(L)  | -1,000원 → 169,600원  [start]
H1097 | bet   2,000원 PLAYER | P:9♥ K♠=9  B:8♥ J♥=8  PLAYER(W)  | +2,000원 → 171,600원  [end_win]
H1098 | bet   1,000원 BANKER | P:8♣ 10♠=8  B:Q♠ K♦=0  PLAYER(L)  | -1,000원 → 170,600원  [start]
H1099 | bet   2,000원 PLAYER | P:7♣ 5♦ 10♥=2  B:6♠ 9♣=5  BANKER(L)  | -2,000원 → 168,600원
H1100 | bet   4,000원 PLAYER | P:K♥ 5♣ J♦=5  B:3♦ 10♣ A♣=4  PLAYER(W)  | +4,000원 → 172,600원  [end_win]
H1101 | bet   1,000원 BANKER | P:3♦ 3♣=6  B:8♠ 9♣=7  BANKER(W)  | +950원 → 173,550원
H1102 | bet   1,000원 BANKER | P:9♦ 4♥ 6♣=9  B:7♥ J♥=7  PLAYER(L)  | -1,000원 → 172,550원  [start]
H1103 | bet   2,000원 PLAYER | P:5♠ 8♠ 7♠=0  B:5♣ K♦ 8♠=3  BANKER(L)  | -2,000원 → 170,550원
H1104 | bet   4,000원 PLAYER | P:5♥ 6♠ 7♦=8  B:A♠ 2♠ 8♥=1  PLAYER(W)  | +4,000원 → 174,550원  [end_win]
H1105 | bet   1,000원 BANKER | P:3♣ 9♣ 3♣=5  B:3♥ 2♣=5  TIE(T)  |     0원 → 174,550원
H1106 | bet   1,000원 BANKER | P:6♠ 2♥=8  B:4♠ 6♣=0  PLAYER(L)  | -1,000원 → 173,550원  [start]
H1107 | bet   2,000원 PLAYER | P:9♠ 6♦ 4♣=9  B:K♣ A♥ J♥=1  PLAYER(W)  | +2,000원 → 175,550원  [end_win]
H1108 | bet   1,000원 BANKER | P:J♣ 7♥=7  B:6♠ 3♣=9  BANKER(W)  | +950원 → 176,500원
H1109 | bet   1,000원 BANKER | P:J♠ K♠ 2♥=2  B:A♥ 2♣ 4♦=7  BANKER(W)  | +950원 → 177,450원
H1110 | bet   1,000원 BANKER | P:8♦ 5♠ 5♣=8  B:9♣ 5♠ Q♠=4  PLAYER(L)  | -1,000원 → 176,450원  [start]
H1111 | bet   2,000원 PLAYER | P:A♠ A♣ Q♥=2  B:Q♦ 2♠ J♣=2  TIE(T)  |     0원 → 176,450원
H1112 | bet   2,000원 PLAYER | P:10♠ 3♠ A♠=4  B:J♣ J♣ 2♥=2  PLAYER(W)  | +2,000원 → 178,450원  [end_win]
H1113 | bet   1,000원 BANKER | P:10♠ Q♦ 4♥=4  B:J♠ Q♣ A♠=1  PLAYER(L)  | -1,000원 → 177,450원  [start]
H1114 | bet   2,000원 PLAYER | P:A♠ 3♥=4  B:9♥ Q♠=9  BANKER(L)  | -2,000원 → 175,450원
H1115 | bet   4,000원 PLAYER | P:6♥ Q♦=6  B:9♥ 6♠ 10♥=5  PLAYER(W)  | +4,000원 → 179,450원  [end_win]
H1116 | bet   1,000원 BANKER | P:6♦ 5♦=1  B:K♠ 8♦=8  BANKER(W)  | +950원 → 180,400원
H1117 | bet   1,000원 BANKER | P:8♣ Q♣=8  B:6♣ 8♣=4  PLAYER(L)  | -1,000원 → 179,400원  [start]
H1118 | bet   2,000원 PLAYER | P:K♦ Q♠ K♠=0  B:3♦ 9♦ 9♥=1  BANKER(L)  | -2,000원 → 177,400원
H1119 | bet   4,000원 PLAYER | P:3♦ 5♥=8  B:A♣ A♦=2  PLAYER(W)  | +4,000원 → 181,400원  [end_win]
H1120 | bet   1,000원 BANKER | P:2♦ 5♥=7  B:4♥ 6♣ K♦=0  PLAYER(L)  | -1,000원 → 180,400원  [start]
H1121 | bet   2,000원 PLAYER | P:Q♣ 4♠ 4♠=8  B:J♥ 3♠ 5♠=8  TIE(T)  |     0원 → 180,400원
H1122 | bet   2,000원 PLAYER | P:5♥ 2♠=7  B:J♥ 4♣ 5♣=9  BANKER(L)  | -2,000원 → 178,400원
H1123 | bet   4,000원 PLAYER | P:Q♦ Q♥ 8♣=8  B:7♠ 4♠ 10♦=1  PLAYER(W)  | +4,000원 → 182,400원  [end_win]
H1124 | bet   1,000원 BANKER | P:7♠ K♣=7  B:2♥ 7♦=9  BANKER(W)  | +950원 → 183,350원
H1125 | bet   1,000원 BANKER | P:7♠ Q♠=7  B:7♣ A♥=8  BANKER(W)  | +950원 → 184,300원
H1126 | bet   1,000원 BANKER | P:4♥ 5♦=9  B:4♦ 7♥=1  PLAYER(L)  | -1,000원 → 183,300원  [start]
H1127 | bet   2,000원 PLAYER | P:4♥ 2♣=6  B:5♠ 2♦=7  BANKER(L)  | -2,000원 → 181,300원
H1128 | bet   4,000원 PLAYER | P:9♠ 8♣=7  B:6♠ A♦=7  TIE(T)  |     0원 → 181,300원
H1129 | bet   4,000원 PLAYER | P:2♣ 6♥=8  B:A♦ Q♦=1  PLAYER(W)  | +4,000원 → 185,300원  [end_win]
H1130 | bet   1,000원 BANKER | P:3♣ 2♦ Q♣=5  B:Q♥ Q♦ 7♥=7  BANKER(W)  | +950원 → 186,250원
H1131 | bet   1,000원 BANKER | P:4♠ 10♠ 7♦=1  B:A♣ 9♥ 2♦=2  BANKER(W)  | +950원 → 187,200원
H1132 | bet   1,000원 BANKER | P:10♦ 8♥=8  B:Q♣ A♠=1  PLAYER(L)  | -1,000원 → 186,200원  [start]
H1133 | bet   2,000원 PLAYER | P:4♦ 7♦ A♥=2  B:K♣ 5♣=5  BANKER(L)  | -2,000원 → 184,200원
H1134 | bet   4,000원 PLAYER | P:8♥ 10♥=8  B:5♣ 3♠=8  TIE(T)  |     0원 → 184,200원
H1135 | bet   4,000원 PLAYER | P:J♥ 2♣ 4♦=6  B:2♥ K♥ J♠=2  PLAYER(W)  | +4,000원 → 188,200원  [end_win]
H1136 | bet   1,000원 BANKER | P:8♦ 3♣ 7♦=8  B:4♣ 2♥ 5♠=1  PLAYER(L)  | -1,000원 → 187,200원  [start]
H1137 | bet   2,000원 PLAYER | P:4♦ 6♣ 10♣=0  B:7♣ 3♦ 9♦=9  BANKER(L)  | -2,000원 → 185,200원
H1138 | bet   4,000원 PLAYER | P:8♥ 7♠ 2♠=7  B:4♥ Q♥ 5♥=9  BANKER(L)  | -4,000원 → 181,200원
H1139 | bet   8,000원 PLAYER | P:8♠ K♥=8  B:10♦ 10♣=0  PLAYER(W)  | +8,000원 → 189,200원  [end_win]
H1140 | bet   1,000원 BANKER | P:3♦ 10♣ 4♣=7  B:6♣ 5♦ 7♦=8  BANKER(W)  | +950원 → 190,150원
H1141 | bet   1,000원 BANKER | P:9♠ 3♥ 7♥=9  B:5♥ 10♣ 9♥=4  PLAYER(L)  | -1,000원 → 189,150원  [start]
H1142 | bet   2,000원 PLAYER | P:J♦ 3♥ K♣=3  B:J♦ 2♦ K♣=2  PLAYER(W)  | +2,000원 → 191,150원  [end_win]
H1143 | bet   1,000원 BANKER | P:Q♥ 4♣=4  B:8♥ Q♣=8  BANKER(W)  | +950원 → 192,100원
H1144 | bet   1,000원 BANKER | P:5♦ 8♦=3  B:2♥ 6♥=8  BANKER(W)  | +950원 → 193,050원
H1145 | bet   1,000원 BANKER | P:6♥ K♦=6  B:Q♠ 7♥=7  BANKER(W)  | +950원 → 194,000원
H1146 | bet   1,000원 BANKER | P:6♠ 2♦=8  B:10♦ 4♣=4  PLAYER(L)  | -1,000원 → 193,000원  [start]
H1147 | bet   2,000원 PLAYER | P:9♠ 2♥ Q♥=1  B:2♠ 9♦ K♠=1  TIE(T)  |     0원 → 193,000원
H1148 | bet   2,000원 PLAYER | P:2♠ 8♥ 5♦=5  B:9♦ A♠ J♠=0  PLAYER(W)  | +2,000원 → 195,000원  [end_win]
H1149 | bet   1,000원 BANKER | P:K♦ 5♦ 9♠=4  B:6♦ 8♦=4  TIE(T)  |     0원 → 195,000원
H1150 | bet   1,000원 BANKER | P:K♥ 7♠=7  B:10♥ 5♥ Q♦=5  PLAYER(L)  | -1,000원 → 194,000원  [start]
H1151 | bet   2,000원 PLAYER | P:Q♣ 5♥ 2♥=7  B:8♦ 6♥ 8♣=2  PLAYER(W)  | +2,000원 → 196,000원  [end_win]
H1152 | bet   1,000원 BANKER | P:2♦ J♦ Q♣=2  B:K♠ Q♣ 7♦=7  BANKER(W)  | +950원 → 196,950원
H1153 | bet   1,000원 BANKER | P:4♥ 6♦ 9♦=9  B:10♦ 10♥ 8♣=8  PLAYER(L)  | -1,000원 → 195,950원  [start]
H1154 | bet   2,000원 PLAYER | P:4♦ 10♦ K♥=4  B:Q♠ 2♥ 6♦=8  BANKER(L)  | -2,000원 → 193,950원
H1155 | bet   4,000원 PLAYER | P:6♣ K♠=6  B:K♠ 2♥ 7♣=9  BANKER(L)  | -4,000원 → 189,950원
H1156 | bet   8,000원 PLAYER | P:4♥ J♠=4  B:3♣ 5♠=8  BANKER(L)  | -8,000원 → 181,950원
H1157 | bet  16,000원 PLAYER | P:3♦ Q♦ Q♣=3  B:Q♠ 7♣=7  BANKER(L)  | -16,000원 → 165,950원  [end_giveup]
H1158 | bet   1,000원 BANKER | P:9♣ 9♣=8  B:2♣ 2♣=4  PLAYER(L)  | -1,000원 → 164,950원  [start]
H1159 | bet   2,000원 PLAYER | P:6♥ 5♦ 10♣=1  B:K♦ A♣ 4♠=5  BANKER(L)  | -2,000원 → 162,950원
H1160 | bet   4,000원 PLAYER | P:A♥ 10♦=1  B:5♣ 3♣=8  BANKER(L)  | -4,000원 → 158,950원
H1161 | bet   8,000원 PLAYER | P:2♥ 7♥=9  B:2♠ 3♣=5  PLAYER(W)  | +8,000원 → 166,950원  [end_win]
H1162 | bet   1,000원 BANKER | P:9♣ J♦=9  B:3♠ 8♣=1  PLAYER(L)  | -1,000원 → 165,950원  [start]
H1163 | bet   2,000원 PLAYER | P:7♠ 2♠=9  B:K♠ J♣=0  PLAYER(W)  | +2,000원 → 167,950원  [end_win]
H1164 | bet   1,000원 BANKER | P:3♠ 5♠=8  B:10♣ 10♥=0  PLAYER(L)  | -1,000원 → 166,950원  [start]
H1165 | bet   2,000원 PLAYER | P:5♣ K♣ 8♠=3  B:5♠ 10♣=5  BANKER(L)  | -2,000원 → 164,950원
H1166 | bet   4,000원 PLAYER | P:A♣ 3♦ 10♥=4  B:4♣ 9♥ 3♠=6  BANKER(L)  | -4,000원 → 160,950원
H1167 | bet   8,000원 PLAYER | P:2♣ 10♥=2  B:Q♥ 8♦=8  BANKER(L)  | -8,000원 → 152,950원
H1168 | bet  16,000원 PLAYER | P:6♥ 8♥=4  B:6♠ 2♦=8  BANKER(L)  | -16,000원 → 136,950원  [end_giveup]
H1169 | bet   1,000원 BANKER | P:3♦ A♦ 10♠=4  B:9♦ A♥ 5♣=5  BANKER(W)  | +950원 → 137,900원
H1170 | bet   1,000원 BANKER | P:6♥ 10♣=6  B:J♥ K♦ 3♣=3  PLAYER(L)  | -1,000원 → 136,900원  [start]
H1171 | bet   2,000원 PLAYER | P:A♥ 10♦ 3♥=4  B:10♠ J♠ 9♦=9  BANKER(L)  | -2,000원 → 134,900원
H1172 | bet   4,000원 PLAYER | P:5♠ Q♠ 3♠=8  B:J♥ 2♥ 8♣=0  PLAYER(W)  | +4,000원 → 138,900원  [end_win]
H1173 | bet   1,000원 BANKER | P:10♠ 8♥=8  B:K♠ 9♥=9  BANKER(W)  | +950원 → 139,850원
H1174 | bet   1,000원 BANKER | P:6♦ 5♣=1  B:8♣ A♣=9  BANKER(W)  | +950원 → 140,800원
H1175 | bet   1,000원 BANKER | P:10♥ 6♠=6  B:4♥ 6♦ 9♠=9  BANKER(W)  | +950원 → 141,750원
H1176 | bet   1,000원 BANKER | P:8♠ J♥=8  B:3♥ 8♦=1  PLAYER(L)  | -1,000원 → 140,750원  [start]
H1177 | bet   2,000원 PLAYER | P:5♥ Q♣ 6♦=1  B:2♣ 9♠ 3♣=4  BANKER(L)  | -2,000원 → 138,750원
H1178 | bet   4,000원 PLAYER | P:4♦ 6♣ A♥=1  B:7♠ Q♣=7  BANKER(L)  | -4,000원 → 134,750원
H1179 | bet   8,000원 PLAYER | P:4♥ 8♦ 7♣=9  B:5♥ A♠ 2♠=8  PLAYER(W)  | +8,000원 → 142,750원  [end_win]
H1180 | bet   1,000원 BANKER | P:3♥ 8♥ 10♣=1  B:Q♥ 3♥ 5♥=8  BANKER(W)  | +950원 → 143,700원
H1181 | bet   1,000원 BANKER | P:J♦ J♦ 8♥=8  B:3♦ 4♣=7  PLAYER(L)  | -1,000원 → 142,700원  [start]
H1182 | bet   2,000원 PLAYER | P:J♠ J♣ Q♦=0  B:10♣ A♦ 3♥=4  BANKER(L)  | -2,000원 → 140,700원
H1183 | bet   4,000원 PLAYER | P:K♥ 4♦ 7♠=1  B:J♣ J♥ K♦=0  PLAYER(W)  | +4,000원 → 144,700원  [end_win]
H1184 | bet   1,000원 BANKER | P:5♣ 10♦ A♦=6  B:4♦ 9♠ K♣=3  PLAYER(L)  | -1,000원 → 143,700원  [start]
H1185 | bet   2,000원 PLAYER | P:9♠ 4♣ 4♣=7  B:2♥ 5♦=7  TIE(T)  |     0원 → 143,700원
H1186 | bet   2,000원 PLAYER | P:7♣ 4♣ K♥=1  B:3♦ Q♦ 6♣=9  BANKER(L)  | -2,000원 → 141,700원
H1187 | bet   4,000원 PLAYER | P:A♦ J♣ 6♥=7  B:9♦ 8♦=7  TIE(T)  |     0원 → 141,700원
H1188 | bet   4,000원 PLAYER | P:K♥ A♠=1  B:2♠ 7♦=9  BANKER(L)  | -4,000원 → 137,700원
H1189 | bet   8,000원 PLAYER | P:3♦ 10♥ 3♥=6  B:6♠ 4♠ 3♦=3  PLAYER(W)  | +8,000원 → 145,700원  [end_win]
H1190 | bet   1,000원 BANKER | P:J♥ Q♥ 10♦=0  B:3♣ J♣ 9♦=2  BANKER(W)  | +950원 → 146,650원
H1191 | bet   1,000원 BANKER | P:A♣ 9♣ K♣=0  B:J♣ 3♥ 9♣=2  BANKER(W)  | +950원 → 147,600원
H1192 | bet   1,000원 BANKER | P:8♥ 5♠ 4♦=7  B:2♠ 9♥ K♣=1  PLAYER(L)  | -1,000원 → 146,600원  [start]
H1193 | bet   2,000원 PLAYER | P:8♦ 7♥=5  B:10♠ 9♥=9  BANKER(L)  | -2,000원 → 144,600원
H1194 | bet   4,000원 PLAYER | P:8♠ Q♠=8  B:J♦ 4♠=4  PLAYER(W)  | +4,000원 → 148,600원  [end_win]
H1195 | bet   1,000원 BANKER | P:A♣ 3♦ K♠=4  B:9♦ 6♣=5  BANKER(W)  | +950원 → 149,550원
H1196 | bet   1,000원 BANKER | P:10♠ 10♣ J♣=0  B:J♦ 7♣=7  BANKER(W)  | +950원 → 150,500원
H1197 | bet   1,000원 BANKER | P:4♠ 9♣ A♠=4  B:A♠ 4♦=5  BANKER(W)  | +950원 → 151,450원
H1198 | bet   1,000원 BANKER | P:4♠ Q♠ 5♦=9  B:4♦ A♠ 6♣=1  PLAYER(L)  | -1,000원 → 150,450원  [start]
H1199 | bet   2,000원 PLAYER | P:Q♣ 9♥=9  B:4♣ 5♥=9  TIE(T)  |     0원 → 150,450원
H1200 | bet   2,000원 PLAYER | P:4♥ A♥ 4♠=9  B:6♦ A♣=7  PLAYER(W)  | +2,000원 → 152,450원  [end_win]
H1201 | bet   1,000원 BANKER | P:8♠ 3♠ Q♠=1  B:4♣ A♦=5  BANKER(W)  | +950원 → 153,400원
H1202 | bet   1,000원 BANKER | P:5♠ A♦=6  B:K♥ 5♣ 7♦=2  PLAYER(L)  | -1,000원 → 152,400원  [start]
H1203 | bet   2,000원 PLAYER | P:A♠ 6♥=7  B:A♣ 7♣=8  BANKER(L)  | -2,000원 → 150,400원
H1204 | bet   4,000원 PLAYER | P:7♦ 2♣=9  B:5♦ 5♦=0  PLAYER(W)  | +4,000원 → 154,400원  [end_win]
H1205 | bet   1,000원 BANKER | P:2♦ A♦ 2♣=5  B:6♠ A♥=7  BANKER(W)  | +950원 → 155,350원
H1206 | bet   1,000원 BANKER | P:10♦ K♠ 2♣=2  B:J♥ Q♥ 6♠=6  BANKER(W)  | +950원 → 156,300원
H1207 | bet   1,000원 BANKER | P:3♥ 5♦=8  B:8♠ 4♠=2  PLAYER(L)  | -1,000원 → 155,300원  [start]
H1208 | bet   2,000원 PLAYER | P:8♥ 7♥=5  B:Q♥ 8♣=8  BANKER(L)  | -2,000원 → 153,300원
H1209 | bet   4,000원 PLAYER | P:7♦ 5♣ J♠=2  B:3♣ J♥ A♠=4  BANKER(L)  | -4,000원 → 149,300원
H1210 | bet   8,000원 PLAYER | P:8♠ Q♦=8  B:7♥ Q♦=7  PLAYER(W)  | +8,000원 → 157,300원  [end_win]
H1211 | bet   1,000원 BANKER | P:9♣ J♠=9  B:4♥ 7♥=1  PLAYER(L)  | -1,000원 → 156,300원  [start]
H1212 | bet   2,000원 PLAYER | P:7♣ Q♦=7  B:3♠ 9♥ 6♥=8  BANKER(L)  | -2,000원 → 154,300원
H1213 | bet   4,000원 PLAYER | P:5♥ A♥=6  B:J♠ K♥ 8♦=8  BANKER(L)  | -4,000원 → 150,300원
H1214 | bet   8,000원 PLAYER | P:2♥ 10♠ 8♣=0  B:7♠ 3♣ 7♦=7  BANKER(L)  | -8,000원 → 142,300원
H1215 | bet  16,000원 PLAYER | P:9♥ 7♠=6  B:6♠ 7♦ J♥=3  PLAYER(W)  | +16,000원 → 158,300원  [end_win]
H1216 | bet   1,000원 BANKER | P:7♥ 6♣ K♣=3  B:10♥ 6♣=6  BANKER(W)  | +950원 → 159,250원
H1217 | bet   1,000원 BANKER | P:J♣ 2♦ 7♥=9  B:Q♥ A♥ 2♦=3  PLAYER(L)  | -1,000원 → 158,250원  [start]
H1218 | bet   2,000원 PLAYER | P:8♥ 8♣=6  B:5♠ 8♠ 10♠=3  PLAYER(W)  | +2,000원 → 160,250원  [end_win]
H1219 | bet   1,000원 BANKER | P:6♣ 3♠=9  B:3♠ A♦=4  PLAYER(L)  | -1,000원 → 159,250원  [start]
H1220 | bet   2,000원 PLAYER | P:4♥ 5♥=9  B:10♠ 7♣=7  PLAYER(W)  | +2,000원 → 161,250원  [end_win]
H1221 | bet   1,000원 BANKER | P:10♣ K♦ 2♣=2  B:6♠ 7♠ K♣=3  BANKER(W)  | +950원 → 162,200원
H1222 | bet   1,000원 BANKER | P:A♣ 2♦=3  B:K♦ 9♣=9  BANKER(W)  | +950원 → 163,150원
H1223 | bet   1,000원 BANKER | P:9♠ J♠=9  B:9♠ 5♣=4  PLAYER(L)  | -1,000원 → 162,150원  [start]
H1224 | bet   2,000원 PLAYER | P:5♠ 4♥=9  B:7♦ K♦=7  PLAYER(W)  | +2,000원 → 164,150원  [end_win]
H1225 | bet   1,000원 BANKER | P:K♥ 2♦ 4♦=6  B:6♦ Q♠=6  TIE(T)  |     0원 → 164,150원
H1226 | bet   1,000원 BANKER | P:A♠ 2♣ J♦=3  B:10♥ 6♠=6  BANKER(W)  | +950원 → 165,100원
H1227 | bet   1,000원 BANKER | P:K♠ 3♣ 3♠=6  B:Q♥ 3♣ A♣=4  PLAYER(L)  | -1,000원 → 164,100원  [start]
H1228 | bet   2,000원 PLAYER | P:7♥ J♥=7  B:5♣ 2♦=7  TIE(T)  |     0원 → 164,100원
H1229 | bet   2,000원 PLAYER | P:4♣ Q♦ 9♥=3  B:2♠ K♦ 2♣=4  BANKER(L)  | -2,000원 → 162,100원
H1230 | bet   4,000원 PLAYER | P:9♦ K♦=9  B:7♠ 4♣=1  PLAYER(W)  | +4,000원 → 166,100원  [end_win]
H1231 | bet   1,000원 BANKER | P:J♠ 8♠=8  B:4♠ 5♥=9  BANKER(W)  | +950원 → 167,050원
H1232 | bet   1,000원 BANKER | P:A♠ 8♦=9  B:10♠ 9♦=9  TIE(T)  |     0원 → 167,050원
H1233 | bet   1,000원 BANKER | P:K♦ 9♥=9  B:5♥ 4♣=9  TIE(T)  |     0원 → 167,050원
H1234 | bet   1,000원 BANKER | P:6♦ 4♥=0  B:2♥ 6♠=8  BANKER(W)  | +950원 → 168,000원
H1235 | bet   1,000원 BANKER | P:3♦ K♥=3  B:10♣ 8♠=8  BANKER(W)  | +950원 → 168,950원
H1236 | bet   1,000원 BANKER | P:J♦ 3♣=3  B:A♦ 8♥=9  BANKER(W)  | +950원 → 169,900원
H1237 | bet   1,000원 BANKER | P:2♥ 6♣=8  B:5♣ K♣=5  PLAYER(L)  | -1,000원 → 168,900원  [start]
H1238 | bet   2,000원 PLAYER | P:8♦ 8♦=6  B:10♣ K♠ 6♥=6  TIE(T)  |     0원 → 168,900원
H1239 | bet   2,000원 PLAYER | P:8♥ J♦=8  B:10♦ J♥=0  PLAYER(W)  | +2,000원 → 170,900원  [end_win]
H1240 | bet   1,000원 BANKER | P:10♦ 7♥=7  B:5♥ 4♦=9  BANKER(W)  | +950원 → 171,850원
H1241 | bet   1,000원 BANKER | P:3♥ 8♥ K♠=1  B:J♥ K♠ 2♥=2  BANKER(W)  | +950원 → 172,800원
H1242 | bet   1,000원 BANKER | P:K♠ 8♣=8  B:6♣ J♥=6  PLAYER(L)  | -1,000원 → 171,800원  [start]
H1243 | bet   2,000원 PLAYER | P:9♣ A♥ 3♠=3  B:Q♦ Q♠ A♦=1  PLAYER(W)  | +2,000원 → 173,800원  [end_win]
H1244 | bet   1,000원 BANKER | P:J♦ 8♠=8  B:9♠ A♥=0  PLAYER(L)  | -1,000원 → 172,800원  [start]
H1245 | bet   2,000원 PLAYER | P:6♥ Q♦=6  B:3♠ 10♦ A♥=4  PLAYER(W)  | +2,000원 → 174,800원  [end_win]
H1246 | bet   1,000원 BANKER | P:7♦ A♦=8  B:6♦ 3♦=9  BANKER(W)  | +950원 → 175,750원
H1247 | bet   1,000원 BANKER | P:5♦ K♣=5  B:A♣ 8♣=9  BANKER(W)  | +950원 → 176,700원
H1248 | bet   1,000원 BANKER | P:3♣ 3♣=6  B:5♦ 8♣ 3♥=6  TIE(T)  |     0원 → 176,700원
H1249 | bet   1,000원 BANKER | P:2♠ 7♥=9  B:A♣ Q♥=1  PLAYER(L)  | -1,000원 → 175,700원  [start]
H1250 | bet   2,000원 PLAYER | P:5♠ 7♠ J♣=2  B:8♠ 7♦=5  BANKER(L)  | -2,000원 → 173,700원
H1251 | bet   4,000원 PLAYER | P:8♥ 7♥=5  B:3♠ 6♥=9  BANKER(L)  | -4,000원 → 169,700원
H1252 | bet   8,000원 PLAYER | P:2♥ 10♠ K♦=2  B:7♠ 9♥=6  BANKER(L)  | -8,000원 → 161,700원
H1253 | bet  16,000원 PLAYER | P:4♥ 9♠ 8♠=1  B:4♥ Q♠=4  BANKER(L)  | -16,000원 → 145,700원  [end_giveup]
H1254 | bet   1,000원 BANKER | P:K♠ 5♠=5  B:4♠ 4♦=8  BANKER(W)  | +950원 → 146,650원
H1255 | bet   1,000원 BANKER | P:7♣ Q♥=7  B:A♣ 10♣ 7♣=8  BANKER(W)  | +950원 → 147,600원
H1256 | bet   1,000원 BANKER | P:5♣ 10♥ 2♣=7  B:4♥ 10♣ Q♣=4  PLAYER(L)  | -1,000원 → 146,600원  [start]
H1257 | bet   2,000원 PLAYER | P:6♠ 6♥ 8♠=0  B:8♣ 2♣ 4♣=4  BANKER(L)  | -2,000원 → 144,600원
H1258 | bet   4,000원 PLAYER | P:3♦ 6♦=9  B:J♣ 3♣=3  PLAYER(W)  | +4,000원 → 148,600원  [end_win]
H1259 | bet   1,000원 BANKER | P:8♦ 9♥=7  B:5♠ 4♥=9  BANKER(W)  | +950원 → 149,550원
H1260 | bet   1,000원 BANKER | P:9♣ K♣=9  B:5♦ 7♣=2  PLAYER(L)  | -1,000원 → 148,550원  [start]
H1261 | bet   2,000원 PLAYER | P:9♠ A♦ 6♣=6  B:10♠ 5♥ 7♦=2  PLAYER(W)  | +2,000원 → 150,550원  [end_win]
H1262 | bet   1,000원 BANKER | P:10♠ 5♦ 10♦=5  B:J♦ 4♠=4  PLAYER(L)  | -1,000원 → 149,550원  [start]
H1263 | bet   2,000원 PLAYER | P:6♣ 4♥=0  B:3♥ 5♦=8  BANKER(L)  | -2,000원 → 147,550원
H1264 | bet   4,000원 PLAYER | P:A♠ 8♣=9  B:8♦ 3♣=1  PLAYER(W)  | +4,000원 → 151,550원  [end_win]
H1265 | bet   1,000원 BANKER | P:K♦ Q♠ 4♠=4  B:10♣ A♠ 4♣=5  BANKER(W)  | +950원 → 152,500원
H1266 | bet   1,000원 BANKER | P:7♠ 8♥ A♠=6  B:J♦ 7♥=7  BANKER(W)  | +950원 → 153,450원
H1267 | bet   1,000원 BANKER | P:K♥ J♦=0  B:Q♠ 9♠=9  BANKER(W)  | +950원 → 154,400원
H1268 | bet   1,000원 BANKER | P:10♦ 4♣ 2♦=6  B:K♥ Q♦ 3♠=3  PLAYER(L)  | -1,000원 → 153,400원  [start]
H1269 | bet   2,000원 PLAYER | P:4♦ 6♠ Q♠=0  B:10♠ 2♠ 9♣=1  BANKER(L)  | -2,000원 → 151,400원
H1270 | bet   4,000원 PLAYER | P:5♠ 10♥ 5♥=0  B:K♣ Q♣ 7♣=7  BANKER(L)  | -4,000원 → 147,400원
H1271 | bet   8,000원 PLAYER | P:9♣ 2♦ 2♦=3  B:J♦ Q♠ 4♠=4  BANKER(L)  | -8,000원 → 139,400원
H1272 | bet  16,000원 PLAYER | P:Q♠ A♦ 5♣=6  B:4♣ 9♠ K♣=3  PLAYER(W)  | +16,000원 → 155,400원  [end_win]
H1273 | bet   1,000원 BANKER | P:5♦ 5♠=0  B:9♥ Q♥=9  BANKER(W)  | +950원 → 156,350원
H1274 | bet   1,000원 BANKER | P:A♠ 9♦=0  B:J♠ 9♣=9  BANKER(W)  | +950원 → 157,300원
H1275 | bet   1,000원 BANKER | P:6♣ A♠=7  B:10♥ 3♦ 4♠=7  TIE(T)  |     0원 → 157,300원
H1276 | bet   1,000원 BANKER | P:2♦ 6♦=8  B:2♦ Q♣=2  PLAYER(L)  | -1,000원 → 156,300원  [start]
H1277 | bet   2,000원 PLAYER | P:4♥ A♦ 10♦=5  B:K♥ 4♦=4  PLAYER(W)  | +2,000원 → 158,300원  [end_win]
H1278 | bet   1,000원 BANKER | P:J♣ 6♥=6  B:K♣ 8♠=8  BANKER(W)  | +950원 → 159,250원
H1279 | bet   1,000원 BANKER | P:2♦ 9♦=1  B:10♣ 9♣=9  BANKER(W)  | +950원 → 160,200원
H1280 | bet   1,000원 BANKER | P:9♣ 9♥=8  B:4♦ K♦=4  PLAYER(L)  | -1,000원 → 159,200원  [start]
H1281 | bet   2,000원 PLAYER | P:J♠ 9♦=9  B:2♠ J♠=2  PLAYER(W)  | +2,000원 → 161,200원  [end_win]
H1282 | bet   1,000원 BANKER | P:J♣ 5♣ 6♣=1  B:A♣ K♥ 10♣=1  TIE(T)  |     0원 → 161,200원
H1283 | bet   1,000원 BANKER | P:7♠ 6♦ 6♥=9  B:3♥ A♦ K♣=4  PLAYER(L)  | -1,000원 → 160,200원  [start]
H1284 | bet   2,000원 PLAYER | P:J♠ 7♠=7  B:Q♦ A♣ 3♠=4  PLAYER(W)  | +2,000원 → 162,200원  [end_win]
H1285 | bet   1,000원 BANKER | P:3♠ 7♦=0  B:4♦ 4♠=8  BANKER(W)  | +950원 → 163,150원
H1286 | bet   1,000원 BANKER | P:3♥ 6♦=9  B:8♥ 8♦=6  PLAYER(L)  | -1,000원 → 162,150원  [start]
H1287 | bet   2,000원 PLAYER | P:7♥ A♥=8  B:K♠ 7♦=7  PLAYER(W)  | +2,000원 → 164,150원  [end_win]
H1288 | bet   1,000원 BANKER | P:2♥ A♥ 3♦=6  B:6♣ 10♦=6  TIE(T)  |     0원 → 164,150원
H1289 | bet   1,000원 BANKER | P:Q♥ K♦ A♣=1  B:10♦ 7♣=7  BANKER(W)  | +950원 → 165,100원
H1290 | bet   1,000원 BANKER | P:2♥ J♠=2  B:3♦ 6♦=9  BANKER(W)  | +950원 → 166,050원
H1291 | bet   1,000원 BANKER | P:9♠ Q♠=9  B:5♣ 3♥=8  PLAYER(L)  | -1,000원 → 165,050원  [start]
H1292 | bet   2,000원 PLAYER | P:6♥ 3♥=9  B:2♣ 5♥=7  PLAYER(W)  | +2,000원 → 167,050원  [end_win]
H1293 | bet   1,000원 BANKER | P:9♠ 5♦ 5♥=9  B:5♣ K♠ 7♥=2  PLAYER(L)  | -1,000원 → 166,050원  [start]
H1294 | bet   2,000원 PLAYER | P:2♣ 6♥=8  B:6♠ 4♣=0  PLAYER(W)  | +2,000원 → 168,050원  [end_win]
H1295 | bet   1,000원 BANKER | P:7♦ 2♥=9  B:6♠ Q♥=6  PLAYER(L)  | -1,000원 → 167,050원  [start]
H1296 | bet   2,000원 PLAYER | P:2♠ 7♣=9  B:K♥ 5♠=5  PLAYER(W)  | +2,000원 → 169,050원  [end_win]
H1297 | bet   1,000원 BANKER | P:10♥ 8♦=8  B:10♥ J♠=0  PLAYER(L)  | -1,000원 → 168,050원  [start]
H1298 | bet   2,000원 PLAYER | P:Q♥ J♥ 5♥=5  B:Q♣ 5♠ 2♣=7  BANKER(L)  | -2,000원 → 166,050원
H1299 | bet   4,000원 PLAYER | P:2♥ Q♣ Q♦=2  B:Q♣ A♥ 8♣=9  BANKER(L)  | -4,000원 → 162,050원
H1300 | bet   8,000원 PLAYER | P:A♥ J♥ 2♠=3  B:Q♦ 7♠=7  BANKER(L)  | -8,000원 → 154,050원
H1301 | bet  16,000원 PLAYER | P:J♣ 7♥=7  B:8♣ 3♣ J♠=1  PLAYER(W)  | +16,000원 → 170,050원  [end_win]
H1302 | bet   1,000원 BANKER | P:6♣ 7♠ 6♠=9  B:5♦ Q♥ 5♠=0  PLAYER(L)  | -1,000원 → 169,050원  [start]
H1303 | bet   2,000원 PLAYER | P:K♦ J♥ Q♣=0  B:10♠ 10♠ 9♣=9  BANKER(L)  | -2,000원 → 167,050원
H1304 | bet   4,000원 PLAYER | P:A♦ A♣=2  B:10♥ 8♠=8  BANKER(L)  | -4,000원 → 163,050원
H1305 | bet   8,000원 PLAYER | P:6♦ 10♣=6  B:2♣ 7♦=9  BANKER(L)  | -8,000원 → 155,050원
H1306 | bet  16,000원 PLAYER | P:9♠ 8♦=7  B:9♥ 9♥=8  BANKER(L)  | -16,000원 → 139,050원  [end_giveup]
H1307 | bet   1,000원 BANKER | P:K♥ 10♠ 2♠=2  B:A♠ 4♠=5  BANKER(W)  | +950원 → 140,000원
H1308 | bet   1,000원 BANKER | P:A♥ J♣ 2♠=3  B:3♥ 4♥=7  BANKER(W)  | +950원 → 140,950원
H1309 | bet   1,000원 BANKER | P:8♥ 7♣ 3♠=8  B:Q♣ K♣ 9♦=9  BANKER(W)  | +950원 → 141,900원
H1310 | bet   1,000원 BANKER | P:8♥ 10♥=8  B:4♦ J♣=4  PLAYER(L)  | -1,000원 → 140,900원  [start]
H1311 | bet   2,000원 PLAYER | P:5♣ 3♦=8  B:2♦ 8♣=0  PLAYER(W)  | +2,000원 → 142,900원  [end_win]
H1312 | bet   1,000원 BANKER | P:7♠ 3♠ J♦=0  B:5♥ 6♦ 10♦=1  BANKER(W)  | +950원 → 143,850원
H1313 | bet   1,000원 BANKER | P:4♣ 2♦=6  B:10♦ Q♠ 4♥=4  PLAYER(L)  | -1,000원 → 142,850원  [start]
H1314 | bet   2,000원 PLAYER | P:Q♠ J♣ K♥=0  B:5♠ 2♠=7  BANKER(L)  | -2,000원 → 140,850원
H1315 | bet   4,000원 PLAYER | P:A♦ 7♦=8  B:8♠ Q♣=8  TIE(T)  |     0원 → 140,850원
H1316 | bet   4,000원 PLAYER | P:10♣ 5♥ 4♥=9  B:9♥ 7♣=6  PLAYER(W)  | +4,000원 → 144,850원  [end_win]
H1317 | bet   1,000원 BANKER | P:J♦ A♣ A♦=2  B:10♠ 3♥ 4♦=7  BANKER(W)  | +950원 → 145,800원
H1318 | bet   1,000원 BANKER | P:10♥ 8♠=8  B:9♥ 10♣=9  BANKER(W)  | +950원 → 146,750원
H1319 | bet   1,000원 BANKER | P:7♠ 8♦ 3♦=8  B:10♦ J♦ 8♦=8  TIE(T)  |     0원 → 146,750원
H1320 | bet   1,000원 BANKER | P:4♥ 2♥=6  B:J♣ 8♠=8  BANKER(W)  | +950원 → 147,700원
H1321 | bet   1,000원 BANKER | P:K♠ Q♥ 8♥=8  B:10♠ 6♣=6  PLAYER(L)  | -1,000원 → 146,700원  [start]
H1322 | bet   2,000원 PLAYER | P:A♠ Q♠ 10♦=1  B:6♣ 4♦ J♠=0  PLAYER(W)  | +2,000원 → 148,700원  [end_win]
H1323 | bet   1,000원 BANKER | P:4♣ A♦ 6♠=1  B:4♦ 6♥ J♦=0  PLAYER(L)  | -1,000원 → 147,700원  [start]
H1324 | bet   2,000원 PLAYER | P:8♥ K♣=8  B:3♦ 9♥=2  PLAYER(W)  | +2,000원 → 149,700원  [end_win]
H1325 | bet   1,000원 BANKER | P:7♣ 5♥=2  B:Q♥ 8♦=8  BANKER(W)  | +950원 → 150,650원
H1326 | bet   1,000원 BANKER | P:4♠ Q♦ K♥=4  B:A♥ 4♥=5  BANKER(W)  | +950원 → 151,600원
H1327 | bet   1,000원 BANKER | P:2♠ 8♥ 2♠=2  B:K♣ K♣ 10♥=0  PLAYER(L)  | -1,000원 → 150,600원  [start]
H1328 | bet   2,000원 PLAYER | P:7♣ 3♣ 2♦=2  B:9♦ 7♠=6  BANKER(L)  | -2,000원 → 148,600원
H1329 | bet   4,000원 PLAYER | P:K♥ 9♦=9  B:9♣ J♠=9  TIE(T)  |     0원 → 148,600원
H1330 | bet   4,000원 PLAYER | P:Q♠ 6♦=6  B:A♣ 6♠=7  BANKER(L)  | -4,000원 → 144,600원
H1331 | bet   8,000원 PLAYER | P:3♣ 5♠=8  B:3♦ 4♦=7  PLAYER(W)  | +8,000원 → 152,600원  [end_win]
H1332 | bet   1,000원 BANKER | P:9♦ A♠ J♠=0  B:7♥ 9♦=6  BANKER(W)  | +950원 → 153,550원
H1333 | bet   1,000원 BANKER | P:8♠ 9♠=7  B:9♠ 2♦ 3♥=4  PLAYER(L)  | -1,000원 → 152,550원  [start]
H1334 | bet   2,000원 PLAYER | P:3♦ J♥ J♦=3  B:K♣ 5♦=5  BANKER(L)  | -2,000원 → 150,550원
H1335 | bet   4,000원 PLAYER | P:J♥ 8♣=8  B:Q♦ 7♦=7  PLAYER(W)  | +4,000원 → 154,550원  [end_win]
H1336 | bet   1,000원 BANKER | P:K♠ Q♦ A♠=1  B:A♦ J♥ K♠=1  TIE(T)  |     0원 → 154,550원
H1337 | bet   1,000원 BANKER | P:6♣ K♥=6  B:4♥ 10♣ 10♦=4  PLAYER(L)  | -1,000원 → 153,550원  [start]
H1338 | bet   2,000원 PLAYER | P:8♠ K♣=8  B:8♣ 6♥=4  PLAYER(W)  | +2,000원 → 155,550원  [end_win]
H1339 | bet   1,000원 BANKER | P:10♠ 5♠=5  B:J♥ 9♠=9  BANKER(W)  | +950원 → 156,500원
H1340 | bet   1,000원 BANKER | P:6♦ 3♣=9  B:5♣ 7♥=2  PLAYER(L)  | -1,000원 → 155,500원  [start]
H1341 | bet   2,000원 PLAYER | P:J♦ 3♦ Q♥=3  B:Q♣ 7♣=7  BANKER(L)  | -2,000원 → 153,500원
H1342 | bet   4,000원 PLAYER | P:7♥ 5♠ 4♦=6  B:A♣ A♥ 8♣=0  PLAYER(W)  | +4,000원 → 157,500원  [end_win]
H1343 | bet   1,000원 BANKER | P:9♦ 7♥=6  B:2♥ 3♥ 9♦=4  PLAYER(L)  | -1,000원 → 156,500원  [start]
H1344 | bet   2,000원 PLAYER | P:3♥ J♦ 8♥=1  B:2♠ 2♦=4  BANKER(L)  | -2,000원 → 154,500원
H1345 | bet   4,000원 PLAYER | P:3♥ 2♣ 10♠=5  B:9♥ 2♣ J♣=1  PLAYER(W)  | +4,000원 → 158,500원  [end_win]
H1346 | bet   1,000원 BANKER | P:7♣ A♣=8  B:10♣ K♦=0  PLAYER(L)  | -1,000원 → 157,500원  [start]
H1347 | bet   2,000원 PLAYER | P:A♣ 6♠=7  B:7♥ 7♦ 6♠=0  PLAYER(W)  | +2,000원 → 159,500원  [end_win]
H1348 | bet   1,000원 BANKER | P:2♦ 2♥ 10♣=4  B:5♣ 8♥ Q♦=3  PLAYER(L)  | -1,000원 → 158,500원  [start]
H1349 | bet   2,000원 PLAYER | P:6♥ 10♦=6  B:3♠ 2♣ 10♥=5  PLAYER(W)  | +2,000원 → 160,500원  [end_win]
H1350 | bet   1,000원 BANKER | P:3♥ 6♦=9  B:K♦ 4♦=4  PLAYER(L)  | -1,000원 → 159,500원  [start]
H1351 | bet   2,000원 PLAYER | P:3♦ 2♣ 6♥=1  B:2♦ 5♠=7  BANKER(L)  | -2,000원 → 157,500원
H1352 | bet   4,000원 PLAYER | P:J♥ A♦ 2♥=3  B:8♣ 2♣ 5♦=5  BANKER(L)  | -4,000원 → 153,500원
H1353 | bet   8,000원 PLAYER | P:8♥ 7♥ 5♣=0  B:9♥ 4♣ 10♠=3  BANKER(L)  | -8,000원 → 145,500원
H1354 | bet  16,000원 PLAYER | P:10♠ K♦ J♦=0  B:9♣ A♠ 4♣=4  BANKER(L)  | -16,000원 → 129,500원  [end_giveup]
H1355 | bet   1,000원 BANKER | P:7♦ Q♦=7  B:7♦ 8♣ A♥=6  PLAYER(L)  | -1,000원 → 128,500원  [start]
H1356 | bet   2,000원 PLAYER | P:K♦ Q♣ 7♠=7  B:Q♠ 3♠ Q♥=3  PLAYER(W)  | +2,000원 → 130,500원  [end_win]
H1357 | bet   1,000원 BANKER | P:A♠ K♠ 5♠=6  B:9♠ 5♥ 4♦=8  BANKER(W)  | +950원 → 131,450원
H1358 | bet   1,000원 BANKER | P:K♦ 5♣ 7♥=2  B:9♣ 8♦=7  BANKER(W)  | +950원 → 132,400원
H1359 | bet   1,000원 BANKER | P:6♠ 7♦ 10♣=3  B:2♠ 3♣=5  BANKER(W)  | +950원 → 133,350원
H1360 | bet   1,000원 BANKER | P:3♣ 8♦ Q♣=1  B:Q♦ K♥ 7♦=7  BANKER(W)  | +950원 → 134,300원
H1361 | bet   1,000원 BANKER | P:K♦ 9♠=9  B:Q♣ 6♠=6  PLAYER(L)  | -1,000원 → 133,300원  [start]
H1362 | bet   2,000원 PLAYER | P:K♣ 4♥=4  B:8♣ 10♦=8  BANKER(L)  | -2,000원 → 131,300원
H1363 | bet   4,000원 PLAYER | P:5♦ 7♣ 10♠=2  B:A♣ 4♠=5  BANKER(L)  | -4,000원 → 127,300원
H1364 | bet   8,000원 PLAYER | P:5♦ 2♣=7  B:3♠ 2♣ Q♣=5  PLAYER(W)  | +8,000원 → 135,300원  [end_win]
H1365 | bet   1,000원 BANKER | P:9♥ 9♥=8  B:8♠ 6♥=4  PLAYER(L)  | -1,000원 → 134,300원  [start]
H1366 | bet   2,000원 PLAYER | P:9♠ 7♣=6  B:K♦ 3♦ 4♣=7  BANKER(L)  | -2,000원 → 132,300원
H1367 | bet   4,000원 PLAYER | P:9♠ Q♠=9  B:5♠ 10♥=5  PLAYER(W)  | +4,000원 → 136,300원  [end_win]
H1368 | bet   1,000원 BANKER | P:5♣ 5♥ 3♦=3  B:8♣ 8♥=6  BANKER(W)  | +950원 → 137,250원
H1369 | bet   1,000원 BANKER | P:7♠ 8♣ 7♠=2  B:9♣ 4♣ A♦=4  BANKER(W)  | +950원 → 138,200원
H1370 | bet   1,000원 BANKER | P:K♥ 8♥=8  B:10♥ 9♣=9  BANKER(W)  | +950원 → 139,150원
H1371 | bet   1,000원 BANKER | P:6♣ A♥=7  B:J♣ A♥ 9♦=0  PLAYER(L)  | -1,000원 → 138,150원  [start]
H1372 | bet   2,000원 PLAYER | P:6♥ 2♦=8  B:J♠ 5♠=5  PLAYER(W)  | +2,000원 → 140,150원  [end_win]
H1373 | bet   1,000원 BANKER | P:6♦ A♦=7  B:2♥ 6♥=8  BANKER(W)  | +950원 → 141,100원
H1374 | bet   1,000원 BANKER | P:5♥ J♥ K♥=5  B:Q♠ K♠ 3♠=3  PLAYER(L)  | -1,000원 → 140,100원  [start]
H1375 | bet   2,000원 PLAYER | P:K♠ A♥ 3♠=4  B:A♥ A♥ K♠=2  PLAYER(W)  | +2,000원 → 142,100원  [end_win]
H1376 | bet   1,000원 BANKER | P:3♥ 7♠ 6♣=6  B:4♠ 3♠=7  BANKER(W)  | +950원 → 143,050원
H1377 | bet   1,000원 BANKER | P:4♥ A♠ 10♣=5  B:J♠ 6♣=6  BANKER(W)  | +950원 → 144,000원
H1378 | bet   1,000원 BANKER | P:J♠ 8♠=8  B:6♦ Q♦=6  PLAYER(L)  | -1,000원 → 143,000원  [start]
H1379 | bet   2,000원 PLAYER | P:2♠ 6♦=8  B:A♣ 4♣=5  PLAYER(W)  | +2,000원 → 145,000원  [end_win]
H1380 | bet   1,000원 BANKER | P:2♠ Q♥=2  B:9♠ 9♦=8  BANKER(W)  | +950원 → 145,950원
H1381 | bet   1,000원 BANKER | P:Q♥ Q♣ 4♠=4  B:2♣ 2♦ 2♥=6  BANKER(W)  | +950원 → 146,900원
H1382 | bet   1,000원 BANKER | P:5♦ Q♥ 3♣=8  B:6♣ A♦=7  PLAYER(L)  | -1,000원 → 145,900원  [start]
H1383 | bet   2,000원 PLAYER | P:3♣ J♠ K♦=3  B:5♦ J♥=5  BANKER(L)  | -2,000원 → 143,900원
H1384 | bet   4,000원 PLAYER | P:9♣ 8♦=7  B:4♠ 10♠ Q♣=4  PLAYER(W)  | +4,000원 → 147,900원  [end_win]
H1385 | bet   1,000원 BANKER | P:8♦ Q♥=8  B:5♣ K♠=5  PLAYER(L)  | -1,000원 → 146,900원  [start]
H1386 | bet   2,000원 PLAYER | P:A♠ 2♥ 4♣=7  B:5♥ 6♦ 7♥=8  BANKER(L)  | -2,000원 → 144,900원
H1387 | bet   4,000원 PLAYER | P:J♣ 4♠ 3♣=7  B:Q♠ 6♠=6  PLAYER(W)  | +4,000원 → 148,900원  [end_win]
H1388 | bet   1,000원 BANKER | P:K♣ 10♥ 5♥=5  B:5♦ K♣ 3♠=8  BANKER(W)  | +950원 → 149,850원
H1389 | bet   1,000원 BANKER | P:4♦ 4♠=8  B:J♥ 7♣=7  PLAYER(L)  | -1,000원 → 148,850원  [start]
H1390 | bet   2,000원 PLAYER | P:8♦ 10♥=8  B:4♠ 3♥=7  PLAYER(W)  | +2,000원 → 150,850원  [end_win]
H1391 | bet   1,000원 BANKER | P:9♣ 10♣=9  B:10♦ 2♠=2  PLAYER(L)  | -1,000원 → 149,850원  [start]
H1392 | bet   2,000원 PLAYER | P:5♦ 7♦=2  B:A♠ 8♠=9  BANKER(L)  | -2,000원 → 147,850원
H1393 | bet   4,000원 PLAYER | P:7♠ 4♥ A♣=2  B:6♠ 5♣ J♣=1  PLAYER(W)  | +4,000원 → 151,850원  [end_win]
H1394 | bet   1,000원 BANKER | P:9♣ 3♣=2  B:8♠ Q♣=8  BANKER(W)  | +950원 → 152,800원
H1395 | bet   1,000원 BANKER | P:Q♦ K♠ 6♥=6  B:6♣ 4♦ 9♣=9  BANKER(W)  | +950원 → 153,750원
H1396 | bet   1,000원 BANKER | P:Q♥ Q♣ 8♥=8  B:8♣ 6♦=4  PLAYER(L)  | -1,000원 → 152,750원  [start]
H1397 | bet   2,000원 PLAYER | P:8♥ 3♠ K♥=1  B:K♣ K♦ 5♠=5  BANKER(L)  | -2,000원 → 150,750원
H1398 | bet   4,000원 PLAYER | P:10♠ 5♠ 10♣=5  B:A♥ J♥ 4♣=5  TIE(T)  |     0원 → 150,750원
H1399 | bet   4,000원 PLAYER | P:9♣ 9♣=8  B:3♥ A♦=4  PLAYER(W)  | +4,000원 → 154,750원  [end_win]
H1400 | bet   1,000원 BANKER | P:4♣ K♦ 2♥=6  B:4♠ 7♦ 9♥=0  PLAYER(L)  | -1,000원 → 153,750원  [start]
H1401 | bet   2,000원 PLAYER | P:J♦ 5♦ 6♠=1  B:5♥ 6♥ 2♠=3  BANKER(L)  | -2,000원 → 151,750원
H1402 | bet   4,000원 PLAYER | P:2♥ 4♠=6  B:6♦ J♣=6  TIE(T)  |     0원 → 151,750원
H1403 | bet   4,000원 PLAYER | P:9♠ 5♥ 5♠=9  B:8♦ 4♥ 9♠=1  PLAYER(W)  | +4,000원 → 155,750원  [end_win]
H1404 | bet   1,000원 BANKER | P:10♠ 6♠=6  B:2♣ 5♥=7  BANKER(W)  | +950원 → 156,700원
H1405 | bet   1,000원 BANKER | P:A♠ A♦ A♣=3  B:8♠ 7♦=5  BANKER(W)  | +950원 → 157,650원
H1406 | bet   1,000원 BANKER | P:9♣ K♣=9  B:3♣ 9♦=2  PLAYER(L)  | -1,000원 → 156,650원  [start]
H1407 | bet   2,000원 PLAYER | P:A♠ 8♥=9  B:J♠ 6♥=6  PLAYER(W)  | +2,000원 → 158,650원  [end_win]
H1408 | bet   1,000원 BANKER | P:10♥ 8♠=8  B:5♦ 3♦=8  TIE(T)  |     0원 → 158,650원
H1409 | bet   1,000원 BANKER | P:3♦ K♠=3  B:6♠ 2♣=8  BANKER(W)  | +950원 → 159,600원
H1410 | bet   1,000원 BANKER | P:8♣ 7♦ 7♦=2  B:3♦ 7♠ 9♣=9  BANKER(W)  | +950원 → 160,550원
H1411 | bet   1,000원 BANKER | P:A♦ Q♥=1  B:8♠ Q♦=8  BANKER(W)  | +950원 → 161,500원
H1412 | bet   1,000원 BANKER | P:5♠ 2♠=7  B:10♦ 10♦ A♠=1  PLAYER(L)  | -1,000원 → 160,500원  [start]
H1413 | bet   2,000원 PLAYER | P:J♠ 7♥=7  B:J♠ 6♥=6  PLAYER(W)  | +2,000원 → 162,500원  [end_win]
H1414 | bet   1,000원 BANKER | P:7♦ 10♠=7  B:J♣ 5♥ A♦=6  PLAYER(L)  | -1,000원 → 161,500원  [start]
H1415 | bet   2,000원 PLAYER | P:7♥ 2♥=9  B:J♠ 3♣=3  PLAYER(W)  | +2,000원 → 163,500원  [end_win]
H1416 | bet   1,000원 BANKER | P:K♦ 6♣=6  B:A♠ Q♣ 5♣=6  TIE(T)  |     0원 → 163,500원
H1417 | bet   1,000원 BANKER | P:K♣ J♣ 3♦=3  B:2♥ 3♥=5  BANKER(W)  | +950원 → 164,450원
H1418 | bet   1,000원 BANKER | P:9♠ J♣=9  B:2♠ 3♦=5  PLAYER(L)  | -1,000원 → 163,450원  [start]
H1419 | bet   2,000원 PLAYER | P:8♥ K♠=8  B:3♥ A♥=4  PLAYER(W)  | +2,000원 → 165,450원  [end_win]
H1420 | bet   1,000원 BANKER | P:9♦ 3♣ 9♥=1  B:9♠ 7♥=6  BANKER(W)  | +950원 → 166,400원
H1421 | bet   1,000원 BANKER | P:3♠ 6♥=9  B:10♦ J♦=0  PLAYER(L)  | -1,000원 → 165,400원  [start]
H1422 | bet   2,000원 PLAYER | P:3♠ A♥ K♥=4  B:K♠ 4♣=4  TIE(T)  |     0원 → 165,400원
H1423 | bet   2,000원 PLAYER | P:K♠ 8♦=8  B:7♥ 2♣=9  BANKER(L)  | -2,000원 → 163,400원
H1424 | bet   4,000원 PLAYER | P:5♦ 10♦ 2♦=7  B:4♥ J♣ 6♦=0  PLAYER(W)  | +4,000원 → 167,400원  [end_win]
H1425 | bet   1,000원 BANKER | P:Q♦ 10♥ A♣=1  B:10♥ K♥ A♠=1  TIE(T)  |     0원 → 167,400원
H1426 | bet   1,000원 BANKER | P:6♣ 8♣ 2♥=6  B:4♣ 2♣=6  TIE(T)  |     0원 → 167,400원
H1427 | bet   1,000원 BANKER | P:4♦ 7♣ 3♥=4  B:8♣ 7♦=5  BANKER(W)  | +950원 → 168,350원
H1428 | bet   1,000원 BANKER | P:A♠ 4♦ K♦=5  B:9♣ 2♠ 7♠=8  BANKER(W)  | +950원 → 169,300원
H1429 | bet   1,000원 BANKER | P:J♣ 6♠=6  B:3♥ 8♦ 5♣=6  TIE(T)  |     0원 → 169,300원
H1430 | bet   1,000원 BANKER | P:7♠ 3♠ K♣=0  B:6♣ 9♦=5  BANKER(W)  | +950원 → 170,250원
H1431 | bet   1,000원 BANKER | P:2♠ J♥=2  B:J♥ 9♦=9  BANKER(W)  | +950원 → 171,200원
H1432 | bet   1,000원 BANKER | P:Q♥ 3♥=3  B:K♥ 9♥=9  BANKER(W)  | +950원 → 172,150원
H1433 | bet   1,000원 BANKER | P:5♥ 8♠ 4♦=7  B:4♠ 2♦=6  PLAYER(L)  | -1,000원 → 171,150원  [start]
H1434 | bet   2,000원 PLAYER | P:10♥ 6♥=6  B:7♥ 4♥ 2♠=3  PLAYER(W)  | +2,000원 → 173,150원  [end_win]
H1435 | bet   1,000원 BANKER | P:9♥ 6♠ J♣=5  B:3♦ 2♦=5  TIE(T)  |     0원 → 173,150원
H1436 | bet   1,000원 BANKER | P:2♦ 10♣ 5♣=7  B:6♥ 4♥ 7♠=7  TIE(T)  |     0원 → 173,150원
H1437 | bet   1,000원 BANKER | P:J♥ Q♣ 6♠=6  B:10♥ 5♠ 4♠=9  BANKER(W)  | +950원 → 174,100원
H1438 | bet   1,000원 BANKER | P:10♣ 4♣ 5♦=9  B:10♣ Q♦ A♥=1  PLAYER(L)  | -1,000원 → 173,100원  [start]
H1439 | bet   2,000원 PLAYER | P:K♠ 2♣ 8♦=0  B:10♠ Q♣ Q♠=0  TIE(T)  |     0원 → 173,100원
H1440 | bet   2,000원 PLAYER | P:Q♥ J♥ A♣=1  B:5♥ K♥=5  BANKER(L)  | -2,000원 → 171,100원
H1441 | bet   4,000원 PLAYER | P:A♠ A♦ 2♠=4  B:8♠ 3♦ J♦=1  PLAYER(W)  | +4,000원 → 175,100원  [end_win]
H1442 | bet   1,000원 BANKER | P:3♠ 3♠=6  B:J♥ 3♠ 5♠=8  BANKER(W)  | +950원 → 176,050원
H1443 | bet   1,000원 BANKER | P:6♠ 4♦=0  B:8♣ K♠=8  BANKER(W)  | +950원 → 177,000원
H1444 | bet   1,000원 BANKER | P:K♦ 2♦ 9♥=1  B:2♣ 3♣=5  BANKER(W)  | +950원 → 177,950원
H1445 | bet   1,000원 BANKER | P:8♥ 2♣ 4♣=4  B:K♣ Q♠ 7♣=7  BANKER(W)  | +950원 → 178,900원
H1446 | bet   1,000원 BANKER | P:6♦ 3♣=9  B:10♣ 8♥=8  PLAYER(L)  | -1,000원 → 177,900원  [start]
H1447 | bet   2,000원 PLAYER | P:K♣ 10♣ 5♣=5  B:3♣ 2♣ 4♣=9  BANKER(L)  | -2,000원 → 175,900원
H1448 | bet   4,000원 PLAYER | P:10♥ 5♠ 10♣=5  B:A♣ Q♣ 4♦=5  TIE(T)  |     0원 → 175,900원
H1449 | bet   4,000원 PLAYER | P:6♥ 5♣ J♠=1  B:6♣ J♠=6  BANKER(L)  | -4,000원 → 171,900원
H1450 | bet   8,000원 PLAYER | P:J♠ 3♠ 2♦=5  B:6♣ 7♠ 10♥=3  PLAYER(W)  | +8,000원 → 179,900원  [end_win]
H1451 | bet   1,000원 BANKER | P:6♣ 10♠=6  B:6♠ 4♦ 10♥=0  PLAYER(L)  | -1,000원 → 178,900원  [start]
H1452 | bet   2,000원 PLAYER | P:J♥ 7♣=7  B:K♣ J♦ K♠=0  PLAYER(W)  | +2,000원 → 180,900원  [end_win]
H1453 | bet   1,000원 BANKER | P:10♦ 8♦=8  B:A♣ Q♠=1  PLAYER(L)  | -1,000원 → 179,900원  [start]
H1454 | bet   2,000원 PLAYER | P:5♣ 4♠=9  B:A♣ 4♥=5  PLAYER(W)  | +2,000원 → 181,900원  [end_win]
H1455 | bet   1,000원 BANKER | P:Q♠ Q♥ 8♣=8  B:5♥ 8♠=3  PLAYER(L)  | -1,000원 → 180,900원  [start]
H1456 | bet   2,000원 PLAYER | P:7♣ Q♠=7  B:Q♥ 7♣=7  TIE(T)  |     0원 → 180,900원
H1457 | bet   2,000원 PLAYER | P:7♥ 9♦=6  B:10♠ J♥ A♦=1  PLAYER(W)  | +2,000원 → 182,900원  [end_win]
H1458 | bet   1,000원 BANKER | P:3♣ K♣ 2♥=5  B:2♦ 2♦ K♥=4  PLAYER(L)  | -1,000원 → 181,900원  [start]
H1459 | bet   2,000원 PLAYER | P:7♣ Q♦=7  B:9♣ 2♥ K♥=1  PLAYER(W)  | +2,000원 → 183,900원  [end_win]
H1460 | bet   1,000원 BANKER | P:7♦ 7♣ 10♠=4  B:6♦ A♥=7  BANKER(W)  | +950원 → 184,850원
H1461 | bet   1,000원 BANKER | P:7♥ 9♥=6  B:10♠ 10♦ 9♥=9  BANKER(W)  | +950원 → 185,800원
H1462 | bet   1,000원 BANKER | P:J♣ 8♣=8  B:9♥ Q♦=9  BANKER(W)  | +950원 → 186,750원
H1463 | bet   1,000원 BANKER | P:5♦ 6♦ 10♣=1  B:6♦ 4♠ 9♠=9  BANKER(W)  | +950원 → 187,700원
H1464 | bet   1,000원 BANKER | P:5♥ 5♦ Q♥=0  B:J♦ 7♣=7  BANKER(W)  | +950원 → 188,650원
H1465 | bet   1,000원 BANKER | P:2♠ 5♦=7  B:4♠ K♦ J♦=4  PLAYER(L)  | -1,000원 → 187,650원  [start]
H1466 | bet   2,000원 PLAYER | P:Q♣ 7♠=7  B:6♣ 4♥ Q♥=0  PLAYER(W)  | +2,000원 → 189,650원  [end_win]
H1467 | bet   1,000원 BANKER | P:10♦ A♦=1  B:8♦ K♦=8  BANKER(W)  | +950원 → 190,600원
H1468 | bet   1,000원 BANKER | P:9♠ K♥=9  B:9♦ A♣=0  PLAYER(L)  | -1,000원 → 189,600원  [start]
H1469 | bet   2,000원 PLAYER | P:5♠ Q♦ 4♦=9  B:5♣ 8♥ 7♠=0  PLAYER(W)  | +2,000원 → 191,600원  [end_win]
H1470 | bet   1,000원 BANKER | P:7♥ Q♠=7  B:4♠ 8♠ A♦=3  PLAYER(L)  | -1,000원 → 190,600원  [start]
H1471 | bet   2,000원 PLAYER | P:9♠ 9♦=8  B:8♣ 2♥=0  PLAYER(W)  | +2,000원 → 192,600원  [end_win]
H1472 | bet   1,000원 BANKER | P:4♥ A♥ A♣=6  B:Q♠ J♦ 7♦=7  BANKER(W)  | +950원 → 193,550원
H1473 | bet   1,000원 BANKER | P:9♦ 3♦ Q♠=2  B:J♠ 3♥ K♦=3  BANKER(W)  | +950원 → 194,500원
H1474 | bet   1,000원 BANKER | P:8♥ A♥=9  B:5♣ 8♦=3  PLAYER(L)  | -1,000원 → 193,500원  [start]
H1475 | bet   2,000원 PLAYER | P:K♥ K♦=0  B:8♦ Q♥=8  BANKER(L)  | -2,000원 → 191,500원
H1476 | bet   4,000원 PLAYER | P:Q♣ 4♥ J♣=4  B:5♠ A♣=6  BANKER(L)  | -4,000원 → 187,500원
H1477 | bet   8,000원 PLAYER | P:K♠ 3♠ Q♦=3  B:2♣ 2♠=4  BANKER(L)  | -8,000원 → 179,500원
H1478 | bet  16,000원 PLAYER | P:J♠ 6♦=6  B:9♥ K♣=9  BANKER(L)  | -16,000원 → 163,500원  [end_giveup]
H1479 | bet   1,000원 BANKER | P:9♦ 6♠=5  B:6♠ 2♠=8  BANKER(W)  | +950원 → 164,450원
H1480 | bet   1,000원 BANKER | P:Q♠ 4♣ 10♠=4  B:Q♦ 6♣=6  BANKER(W)  | +950원 → 165,400원
H1481 | bet   1,000원 BANKER | P:4♥ J♥ 2♣=6  B:K♥ K♥ A♠=1  PLAYER(L)  | -1,000원 → 164,400원  [start]
H1482 | bet   2,000원 PLAYER | P:10♦ 5♣=5  B:9♥ 10♦=9  BANKER(L)  | -2,000원 → 162,400원
H1483 | bet   4,000원 PLAYER | P:7♣ 8♥ 6♦=1  B:6♦ K♥ 10♠=6  BANKER(L)  | -4,000원 → 158,400원
H1484 | bet   8,000원 PLAYER | P:10♦ 6♦=6  B:5♥ 10♣ 10♦=5  PLAYER(W)  | +8,000원 → 166,400원  [end_win]
H1485 | bet   1,000원 BANKER | P:9♥ 8♠=7  B:3♦ 7♦ 4♠=4  PLAYER(L)  | -1,000원 → 165,400원  [start]
H1486 | bet   2,000원 PLAYER | P:6♥ 5♦=1  B:5♣ 4♦=9  BANKER(L)  | -2,000원 → 163,400원
H1487 | bet   4,000원 PLAYER | P:A♠ J♠ 3♦=4  B:4♥ K♦ 8♣=2  PLAYER(W)  | +4,000원 → 167,400원  [end_win]
H1488 | bet   1,000원 BANKER | P:K♥ K♥ 2♥=2  B:7♦ J♣=7  BANKER(W)  | +950원 → 168,350원
H1489 | bet   1,000원 BANKER | P:6♥ 8♥ J♣=4  B:8♠ 9♠=7  BANKER(W)  | +950원 → 169,300원
H1490 | bet   1,000원 BANKER | P:6♣ 4♥ 8♠=8  B:4♣ 6♦ 4♦=4  PLAYER(L)  | -1,000원 → 168,300원  [start]
H1491 | bet   2,000원 PLAYER | P:5♥ 5♦ A♠=1  B:4♠ 6♦ J♠=0  PLAYER(W)  | +2,000원 → 170,300원  [end_win]
H1492 | bet   1,000원 BANKER | P:8♠ A♣=9  B:K♠ 3♥=3  PLAYER(L)  | -1,000원 → 169,300원  [start]
H1493 | bet   2,000원 PLAYER | P:5♥ J♦ 2♣=7  B:3♣ 9♠ A♠=3  PLAYER(W)  | +2,000원 → 171,300원  [end_win]
H1494 | bet   1,000원 BANKER | P:J♦ 4♥ 3♠=7  B:J♦ 5♥=5  PLAYER(L)  | -1,000원 → 170,300원  [start]
H1495 | bet   2,000원 PLAYER | P:J♠ 7♠=7  B:8♠ 5♣ 2♦=5  PLAYER(W)  | +2,000원 → 172,300원  [end_win]
H1496 | bet   1,000원 BANKER | P:8♣ 9♥=7  B:4♠ A♣ 9♣=4  PLAYER(L)  | -1,000원 → 171,300원  [start]
H1497 | bet   2,000원 PLAYER | P:5♥ 2♥=7  B:8♣ A♥=9  BANKER(L)  | -2,000원 → 169,300원
H1498 | bet   4,000원 PLAYER | P:7♥ A♦=8  B:3♣ 7♣=0  PLAYER(W)  | +4,000원 → 173,300원  [end_win]
H1499 | bet   1,000원 BANKER | P:10♠ 6♠=6  B:2♥ 4♣=6  TIE(T)  |     0원 → 173,300원
H1500 | bet   1,000원 BANKER | P:Q♣ K♥ 9♠=9  B:7♦ 6♥ 7♥=0  PLAYER(L)  | -1,000원 → 172,300원  [start]
H1501 | bet   2,000원 PLAYER | P:Q♥ 8♣=8  B:8♦ 7♥=5  PLAYER(W)  | +2,000원 → 174,300원  [end_win]
H1502 | bet   1,000원 BANKER | P:K♦ 3♥=3  B:9♦ 10♣=9  BANKER(W)  | +950원 → 175,250원
H1503 | bet   1,000원 BANKER | P:8♦ 5♠ 8♥=1  B:2♦ 3♥=5  BANKER(W)  | +950원 → 176,200원
H1504 | bet   1,000원 BANKER | P:A♠ 2♣ K♣=3  B:Q♣ 2♥ Q♠=2  PLAYER(L)  | -1,000원 → 175,200원  [start]
H1505 | bet   2,000원 PLAYER | P:10♠ 6♠=6  B:4♣ 2♠=6  TIE(T)  |     0원 → 175,200원
H1506 | bet   2,000원 PLAYER | P:K♥ 10♠ 3♣=3  B:Q♠ 4♣ 3♥=7  BANKER(L)  | -2,000원 → 173,200원
H1507 | bet   4,000원 PLAYER | P:7♣ K♠=7  B:6♥ 2♣=8  BANKER(L)  | -4,000원 → 169,200원
H1508 | bet   8,000원 PLAYER | P:10♥ K♦ Q♠=0  B:3♣ A♣=4  BANKER(L)  | -8,000원 → 161,200원
H1509 | bet  16,000원 PLAYER | P:6♣ 3♥=9  B:Q♦ A♦=1  PLAYER(W)  | +16,000원 → 177,200원  [end_win]
H1510 | bet   1,000원 BANKER | P:2♦ Q♣ J♥=2  B:6♦ 5♣ 5♠=6  BANKER(W)  | +950원 → 178,150원
H1511 | bet   1,000원 BANKER | P:A♦ 9♣ 8♠=8  B:7♦ 5♦ 2♠=4  PLAYER(L)  | -1,000원 → 177,150원  [start]
H1512 | bet   2,000원 PLAYER | P:K♠ K♣ 2♥=2  B:8♥ 8♦=6  BANKER(L)  | -2,000원 → 175,150원
H1513 | bet   4,000원 PLAYER | P:10♦ 2♣=2  B:9♣ 9♦=8  BANKER(L)  | -4,000원 → 171,150원
H1514 | bet   8,000원 PLAYER | P:8♦ A♣=9  B:Q♦ 8♣=8  PLAYER(W)  | +8,000원 → 179,150원  [end_win]
H1515 | bet   1,000원 BANKER | P:J♠ 4♥ 4♦=8  B:J♥ 5♦ 3♦=8  TIE(T)  |     0원 → 179,150원
H1516 | bet   1,000원 BANKER | P:7♠ 3♣=0  B:9♦ Q♥=9  BANKER(W)  | +950원 → 180,100원
H1517 | bet   1,000원 BANKER | P:A♥ 7♠=8  B:K♠ 7♥=7  PLAYER(L)  | -1,000원 → 179,100원  [start]
H1518 | bet   2,000원 PLAYER | P:J♣ 8♥=8  B:4♦ 4♣=8  TIE(T)  |     0원 → 179,100원
H1519 | bet   2,000원 PLAYER | P:8♠ 6♥=4  B:J♦ 8♣=8  BANKER(L)  | -2,000원 → 177,100원
H1520 | bet   4,000원 PLAYER | P:7♠ 9♦=6  B:K♠ 8♠=8  BANKER(L)  | -4,000원 → 173,100원
H1521 | bet   8,000원 PLAYER | P:7♣ 9♣=6  B:2♥ 7♠=9  BANKER(L)  | -8,000원 → 165,100원
H1522 | bet  16,000원 PLAYER | P:4♠ J♥ J♣=4  B:K♣ 10♠ 3♦=3  PLAYER(W)  | +16,000원 → 181,100원  [end_win]
H1523 | bet   1,000원 BANKER | P:7♦ 7♠ 2♦=6  B:Q♠ 5♥=5  PLAYER(L)  | -1,000원 → 180,100원  [start]
H1524 | bet   2,000원 PLAYER | P:5♠ 8♦=3  B:2♥ 7♣=9  BANKER(L)  | -2,000원 → 178,100원
H1525 | bet   4,000원 PLAYER | P:5♥ 5♣ 5♦=5  B:A♠ 9♦ 3♥=3  PLAYER(W)  | +4,000원 → 182,100원  [end_win]
H1526 | bet   1,000원 BANKER | P:10♥ 9♣=9  B:Q♥ J♦=0  PLAYER(L)  | -1,000원 → 181,100원  [start]
H1527 | bet   2,000원 PLAYER | P:7♥ 2♣=9  B:Q♥ A♥=1  PLAYER(W)  | +2,000원 → 183,100원  [end_win]
H1528 | bet   1,000원 BANKER | P:K♦ 4♣ A♠=5  B:A♣ 2♦ 7♣=0  PLAYER(L)  | -1,000원 → 182,100원  [start]
H1529 | bet   2,000원 PLAYER | P:5♦ K♣ 6♥=1  B:A♦ 3♥ Q♠=4  BANKER(L)  | -2,000원 → 180,100원
H1530 | bet   4,000원 PLAYER | P:8♥ 10♦=8  B:4♦ 10♥=4  PLAYER(W)  | +4,000원 → 184,100원  [end_win]
H1531 | bet   1,000원 BANKER | P:A♥ 10♦ A♦=2  B:9♦ 5♣=4  BANKER(W)  | +950원 → 185,050원
H1532 | bet   1,000원 BANKER | P:6♣ 3♠=9  B:8♦ 2♦=0  PLAYER(L)  | -1,000원 → 184,050원  [start]
H1533 | bet   2,000원 PLAYER | P:K♣ Q♦ 5♦=5  B:10♣ A♣ 10♦=1  PLAYER(W)  | +2,000원 → 186,050원  [end_win]
H1534 | bet   1,000원 BANKER | P:9♠ 4♣=3  B:6♣ 2♠=8  BANKER(W)  | +950원 → 187,000원
H1535 | bet   1,000원 BANKER | P:A♥ Q♣ 10♥=1  B:5♠ 9♠=4  BANKER(W)  | +950원 → 187,950원
H1536 | bet   1,000원 BANKER | P:K♣ 7♦=7  B:5♠ A♥=6  PLAYER(L)  | -1,000원 → 186,950원  [start]
H1537 | bet   2,000원 PLAYER | P:10♠ 3♥ 10♣=3  B:4♠ Q♥=4  BANKER(L)  | -2,000원 → 184,950원
H1538 | bet   4,000원 PLAYER | P:10♣ 6♥=6  B:7♥ 9♥=6  TIE(T)  |     0원 → 184,950원
H1539 | bet   4,000원 PLAYER | P:8♥ J♦=8  B:Q♣ J♥=0  PLAYER(W)  | +4,000원 → 188,950원  [end_win]
H1540 | bet   1,000원 BANKER | P:6♠ Q♣=6  B:6♠ Q♣=6  TIE(T)  |     0원 → 188,950원
H1541 | bet   1,000원 BANKER | P:3♦ 9♠ 9♣=1  B:10♥ J♥ J♠=0  PLAYER(L)  | -1,000원 → 187,950원  [start]
H1542 | bet   2,000원 PLAYER | P:10♥ 7♦=7  B:A♦ J♣ 3♦=4  PLAYER(W)  | +2,000원 → 189,950원  [end_win]
H1543 | bet   1,000원 BANKER | P:9♥ 5♣ 7♣=1  B:9♠ 4♠ Q♦=3  BANKER(W)  | +950원 → 190,900원
H1544 | bet   1,000원 BANKER | P:A♥ 3♠ 5♠=9  B:2♠ Q♦ 8♥=0  PLAYER(L)  | -1,000원 → 189,900원  [start]
H1545 | bet   2,000원 PLAYER | P:2♦ Q♠ 7♥=9  B:2♠ 9♣ 10♣=1  PLAYER(W)  | +2,000원 → 191,900원  [end_win]
H1546 | bet   1,000원 BANKER | P:5♣ 4♠=9  B:10♥ 10♣=0  PLAYER(L)  | -1,000원 → 190,900원  [start]
H1547 | bet   2,000원 PLAYER | P:3♠ 7♣ 4♥=4  B:8♦ 2♠ 10♥=0  PLAYER(W)  | +2,000원 → 192,900원  [end_win]
H1548 | bet   1,000원 BANKER | P:K♠ Q♥ 6♣=6  B:A♦ 3♠ 6♠=0  PLAYER(L)  | -1,000원 → 191,900원  [start]
H1549 | bet   2,000원 PLAYER | P:2♣ 4♦=6  B:J♠ 2♥ 3♦=5  PLAYER(W)  | +2,000원 → 193,900원  [end_win]
H1550 | bet   1,000원 BANKER | P:3♠ 6♣=9  B:J♥ 6♠=6  PLAYER(L)  | -1,000원 → 192,900원  [start]
H1551 | bet   2,000원 PLAYER | P:10♣ 5♠ 3♠=8  B:J♦ J♣ Q♥=0  PLAYER(W)  | +2,000원 → 194,900원  [end_win]
H1552 | bet   1,000원 BANKER | P:A♠ 10♠=1  B:J♣ 8♣=8  BANKER(W)  | +950원 → 195,850원
H1553 | bet   1,000원 BANKER | P:4♦ A♣ 6♦=1  B:Q♠ K♦ 9♥=9  BANKER(W)  | +950원 → 196,800원
H1554 | bet   1,000원 BANKER | P:7♦ 3♣ 4♠=4  B:3♣ J♥ 2♦=5  BANKER(W)  | +950원 → 197,750원
H1555 | bet   1,000원 BANKER | P:K♣ Q♦ 7♠=7  B:4♥ J♦ 9♠=3  PLAYER(L)  | -1,000원 → 196,750원  [start]
H1556 | bet   2,000원 PLAYER | P:7♥ 5♦=2  B:9♣ J♠=9  BANKER(L)  | -2,000원 → 194,750원
H1557 | bet   4,000원 PLAYER | P:6♣ K♠=6  B:9♥ K♦=9  BANKER(L)  | -4,000원 → 190,750원
H1558 | bet   8,000원 PLAYER | P:5♦ K♥=5  B:10♦ 8♥=8  BANKER(L)  | -8,000원 → 182,750원
H1559 | bet  16,000원 PLAYER | P:10♠ Q♦=0  B:8♥ A♥=9  BANKER(L)  | -16,000원 → 166,750원  [end_giveup]
H1560 | bet   1,000원 BANKER | P:5♣ 10♣ 4♣=9  B:4♠ A♦ 4♥=9  TIE(T)  |     0원 → 166,750원
H1561 | bet   1,000원 BANKER | P:2♦ 6♦=8  B:K♣ 7♥=7  PLAYER(L)  | -1,000원 → 165,750원  [start]
H1562 | bet   2,000원 PLAYER | P:K♥ 7♣=7  B:K♦ 6♦=6  PLAYER(W)  | +2,000원 → 167,750원  [end_win]
H1563 | bet   1,000원 BANKER | P:Q♠ 6♣=6  B:2♠ J♣ K♦=2  PLAYER(L)  | -1,000원 → 166,750원  [start]
H1564 | bet   2,000원 PLAYER | P:7♥ 10♦=7  B:Q♣ 3♠ A♣=4  PLAYER(W)  | +2,000원 → 168,750원  [end_win]
H1565 | bet   1,000원 BANKER | P:8♥ J♣=8  B:6♣ Q♠=6  PLAYER(L)  | -1,000원 → 167,750원  [start]
H1566 | bet   2,000원 PLAYER | P:6♥ 2♦=8  B:4♣ 8♣=2  PLAYER(W)  | +2,000원 → 169,750원  [end_win]
H1567 | bet   1,000원 BANKER | P:4♣ 7♥=1  B:3♥ 6♥=9  BANKER(W)  | +950원 → 170,700원
H1568 | bet   1,000원 BANKER | P:5♥ 8♥ 4♣=7  B:10♥ 4♠ K♥=4  PLAYER(L)  | -1,000원 → 169,700원  [start]
H1569 | bet   2,000원 PLAYER | P:9♥ 2♥=1  B:4♦ 4♦=8  BANKER(L)  | -2,000원 → 167,700원
H1570 | bet   4,000원 PLAYER | P:A♣ Q♦ 7♠=8  B:J♠ 4♥ 5♥=9  BANKER(L)  | -4,000원 → 163,700원
H1571 | bet   8,000원 PLAYER | P:J♠ 3♠ 5♦=8  B:K♠ 4♠ 10♥=4  PLAYER(W)  | +8,000원 → 171,700원  [end_win]
H1572 | bet   1,000원 BANKER | P:Q♥ K♣ 7♠=7  B:3♠ 4♣=7  TIE(T)  |     0원 → 171,700원
H1573 | bet   1,000원 BANKER | P:2♥ 5♠=7  B:10♠ Q♣ 4♠=4  PLAYER(L)  | -1,000원 → 170,700원  [start]
H1574 | bet   2,000원 PLAYER | P:2♣ 7♦=9  B:7♣ 7♣=4  PLAYER(W)  | +2,000원 → 172,700원  [end_win]
H1575 | bet   1,000원 BANKER | P:A♦ 9♣ A♥=1  B:9♣ 2♠ 10♦=1  TIE(T)  |     0원 → 172,700원
H1576 | bet   1,000원 BANKER | P:6♣ 10♣=6  B:5♥ 9♠ A♥=5  PLAYER(L)  | -1,000원 → 171,700원  [start]
H1577 | bet   2,000원 PLAYER | P:8♠ 7♦=5  B:8♠ A♦=9  BANKER(L)  | -2,000원 → 169,700원
H1578 | bet   4,000원 PLAYER | P:9♥ A♥ Q♣=0  B:A♦ 10♣ 9♦=0  TIE(T)  |     0원 → 169,700원
H1579 | bet   4,000원 PLAYER | P:3♣ 5♠=8  B:K♣ 3♦=3  PLAYER(W)  | +4,000원 → 173,700원  [end_win]
H1580 | bet   1,000원 BANKER | P:6♠ 2♦=8  B:9♣ J♣=9  BANKER(W)  | +950원 → 174,650원
H1581 | bet   1,000원 BANKER | P:A♥ 2♠=3  B:A♠ 7♦=8  BANKER(W)  | +950원 → 175,600원
H1582 | bet   1,000원 BANKER | P:J♦ 6♦=6  B:4♥ K♠ 2♠=6  TIE(T)  |     0원 → 175,600원
H1583 | bet   1,000원 BANKER | P:2♠ 6♦=8  B:7♠ K♦=7  PLAYER(L)  | -1,000원 → 174,600원  [start]
H1584 | bet   2,000원 PLAYER | P:6♥ 6♣ 7♥=9  B:2♠ 2♥ J♣=4  PLAYER(W)  | +2,000원 → 176,600원  [end_win]
H1585 | bet   1,000원 BANKER | P:K♥ J♥ A♣=1  B:K♦ 4♦=4  BANKER(W)  | +950원 → 177,550원
H1586 | bet   1,000원 BANKER | P:10♠ A♥ 7♥=8  B:5♠ K♠ 6♦=1  PLAYER(L)  | -1,000원 → 176,550원  [start]
H1587 | bet   2,000원 PLAYER | P:Q♦ 10♠ J♣=0  B:8♣ 4♠ Q♦=2  BANKER(L)  | -2,000원 → 174,550원
H1588 | bet   4,000원 PLAYER | P:4♠ 6♠ 3♥=3  B:4♥ 3♣=7  BANKER(L)  | -4,000원 → 170,550원
H1589 | bet   8,000원 PLAYER | P:5♥ 10♦ 9♦=4  B:6♥ 8♠=4  TIE(T)  |     0원 → 170,550원
H1590 | bet   8,000원 PLAYER | P:J♥ 5♥ 6♠=1  B:6♠ 8♦ 5♦=9  BANKER(L)  | -8,000원 → 162,550원
H1591 | bet  16,000원 PLAYER | P:Q♠ 9♠=9  B:7♦ 10♥=7  PLAYER(W)  | +16,000원 → 178,550원  [end_win]
H1592 | bet   1,000원 BANKER | P:A♠ Q♥ 6♦=7  B:5♥ 8♠ 7♠=0  PLAYER(L)  | -1,000원 → 177,550원  [start]
H1593 | bet   2,000원 PLAYER | P:7♦ 9♥=6  B:8♦ 3♠ 4♥=5  PLAYER(W)  | +2,000원 → 179,550원  [end_win]
H1594 | bet   1,000원 BANKER | P:A♠ 6♣=7  B:10♦ 7♦=7  TIE(T)  |     0원 → 179,550원
H1595 | bet   1,000원 BANKER | P:Q♥ 5♦ 3♣=8  B:6♥ Q♥=6  PLAYER(L)  | -1,000원 → 178,550원  [start]
H1596 | bet   2,000원 PLAYER | P:5♣ 2♣=7  B:10♣ 8♥=8  BANKER(L)  | -2,000원 → 176,550원
H1597 | bet   4,000원 PLAYER | P:J♥ A♥ 5♣=6  B:7♥ J♠=7  BANKER(L)  | -4,000원 → 172,550원
H1598 | bet   8,000원 PLAYER | P:Q♦ 10♦ 9♠=9  B:3♣ 2♣=5  PLAYER(W)  | +8,000원 → 180,550원  [end_win]
H1599 | bet   1,000원 BANKER | P:5♥ Q♥=5  B:10♥ 9♥=9  BANKER(W)  | +950원 → 181,500원
H1600 | bet   1,000원 BANKER | P:6♠ 9♥ A♦=6  B:3♦ J♥ 7♣=0  PLAYER(L)  | -1,000원 → 180,500원  [start]
H1601 | bet   2,000원 PLAYER | P:2♦ 5♣=7  B:7♠ 3♦ A♠=1  PLAYER(W)  | +2,000원 → 182,500원  [end_win]
H1602 | bet   1,000원 BANKER | P:10♠ 8♣=8  B:3♠ 9♥=2  PLAYER(L)  | -1,000원 → 181,500원  [start]
H1603 | bet   2,000원 PLAYER | P:4♣ 8♥ 10♣=2  B:7♠ 5♠ Q♥=2  TIE(T)  |     0원 → 181,500원
H1604 | bet   2,000원 PLAYER | P:K♥ 3♠ 9♣=2  B:8♥ 6♠=4  BANKER(L)  | -2,000원 → 179,500원
H1605 | bet   4,000원 PLAYER | P:Q♣ 8♠=8  B:K♠ K♠=0  PLAYER(W)  | +4,000원 → 183,500원  [end_win]
H1606 | bet   1,000원 BANKER | P:5♦ 3♣=8  B:Q♣ Q♠=0  PLAYER(L)  | -1,000원 → 182,500원  [start]
H1607 | bet   2,000원 PLAYER | P:9♠ 3♥=2  B:8♦ 10♦=8  BANKER(L)  | -2,000원 → 180,500원
H1608 | bet   4,000원 PLAYER | P:2♣ 3♣ 2♦=7  B:J♦ A♣ 6♥=7  TIE(T)  |     0원 → 180,500원
H1609 | bet   4,000원 PLAYER | P:J♠ 2♠ 4♣=6  B:2♥ 3♣ 5♠=0  PLAYER(W)  | +4,000원 → 184,500원  [end_win]
H1610 | bet   1,000원 BANKER | P:K♠ J♦ K♥=0  B:8♦ 8♣=6  BANKER(W)  | +950원 → 185,450원
H1611 | bet   1,000원 BANKER | P:2♦ K♥ 8♥=0  B:2♣ 9♦ 10♥=1  BANKER(W)  | +950원 → 186,400원
H1612 | bet   1,000원 BANKER | P:5♠ 3♠=8  B:5♦ 3♦=8  TIE(T)  |     0원 → 186,400원
H1613 | bet   1,000원 BANKER | P:7♠ 8♠=5  B:9♣ 9♣=8  BANKER(W)  | +950원 → 187,350원
H1614 | bet   1,000원 BANKER | P:8♣ Q♠=8  B:9♠ 9♠=8  TIE(T)  |     0원 → 187,350원
H1615 | bet   1,000원 BANKER | P:3♦ 5♥=8  B:5♠ 10♠=5  PLAYER(L)  | -1,000원 → 186,350원  [start]
H1616 | bet   2,000원 PLAYER | P:J♥ Q♠=0  B:2♥ 7♠=9  BANKER(L)  | -2,000원 → 184,350원
H1617 | bet   4,000원 PLAYER | P:2♥ 4♦=6  B:8♣ J♥=8  BANKER(L)  | -4,000원 → 180,350원
H1618 | bet   8,000원 PLAYER | P:J♦ 2♦ Q♣=2  B:7♦ Q♦=7  BANKER(L)  | -8,000원 → 172,350원
H1619 | bet  16,000원 PLAYER | P:2♥ 5♣=7  B:A♠ 10♥ A♦=2  PLAYER(W)  | +16,000원 → 188,350원  [end_win]
H1620 | bet   1,000원 BANKER | P:J♥ 6♥=6  B:7♥ 3♥ 10♦=0  PLAYER(L)  | -1,000원 → 187,350원  [start]
H1621 | bet   2,000원 PLAYER | P:A♠ J♦ K♣=1  B:9♣ A♣ 4♦=4  BANKER(L)  | -2,000원 → 185,350원
H1622 | bet   4,000원 PLAYER | P:6♣ J♦=6  B:9♣ 7♣=6  TIE(T)  |     0원 → 185,350원
H1623 | bet   4,000원 PLAYER | P:A♦ 4♦ 8♠=3  B:J♥ J♦ 6♦=6  BANKER(L)  | -4,000원 → 181,350원
H1624 | bet   8,000원 PLAYER | P:8♦ 5♠ 8♠=1  B:K♥ Q♣ J♠=0  PLAYER(W)  | +8,000원 → 189,350원  [end_win]
H1625 | bet   1,000원 BANKER | P:3♣ 8♦ 6♦=7  B:4♦ A♠ 9♥=4  PLAYER(L)  | -1,000원 → 188,350원  [start]
H1626 | bet   2,000원 PLAYER | P:9♠ 5♣ K♣=4  B:6♠ 9♥=5  BANKER(L)  | -2,000원 → 186,350원
H1627 | bet   4,000원 PLAYER | P:4♥ K♣ 5♣=9  B:Q♥ 7♣=7  PLAYER(W)  | +4,000원 → 190,350원  [end_win]
H1628 | bet   1,000원 BANKER | P:A♥ J♣ K♦=1  B:10♣ A♠ Q♥=1  TIE(T)  |     0원 → 190,350원
H1629 | bet   1,000원 BANKER | P:4♥ 7♦ 9♦=0  B:2♦ 10♣ A♣=3  BANKER(W)  | +950원 → 191,300원
H1630 | bet   1,000원 BANKER | P:5♦ 2♥=7  B:4♠ 3♥=7  TIE(T)  |     0원 → 191,300원
H1631 | bet   1,000원 BANKER | P:3♠ J♠ K♦=3  B:3♦ K♦ J♠=3  TIE(T)  |     0원 → 191,300원
H1632 | bet   1,000원 BANKER | P:J♣ 10♣ J♣=0  B:2♣ Q♣ 4♠=6  BANKER(W)  | +950원 → 192,250원
H1633 | bet   1,000원 BANKER | P:Q♦ 4♦ 7♣=1  B:10♥ A♦ 4♥=5  BANKER(W)  | +950원 → 193,200원
H1634 | bet   1,000원 BANKER | P:Q♦ 7♥=7  B:10♥ 9♦=9  BANKER(W)  | +950원 → 194,150원
H1635 | bet   1,000원 BANKER | P:2♠ 6♥=8  B:Q♠ A♣=1  PLAYER(L)  | -1,000원 → 193,150원  [start]
H1636 | bet   2,000원 PLAYER | P:8♦ 3♦ 5♣=6  B:K♣ J♦ 3♦=3  PLAYER(W)  | +2,000원 → 195,150원  [end_win]
H1637 | bet   1,000원 BANKER | P:10♠ 6♣=6  B:6♠ 3♥=9  BANKER(W)  | +950원 → 196,100원
H1638 | bet   1,000원 BANKER | P:10♠ 3♥ 8♦=1  B:J♠ K♦ 9♠=9  BANKER(W)  | +950원 → 197,050원
H1639 | bet   1,000원 BANKER | P:6♣ Q♠=6  B:5♦ K♠ 2♣=7  BANKER(W)  | +950원 → 198,000원
H1640 | bet   1,000원 BANKER | P:5♦ 2♦=7  B:3♦ A♥ 6♥=0  PLAYER(L)  | -1,000원 → 197,000원  [start]
H1641 | bet   2,000원 PLAYER | P:K♠ 10♥ 2♦=2  B:10♣ 6♠=6  BANKER(L)  | -2,000원 → 195,000원
H1642 | bet   4,000원 PLAYER | P:7♣ A♥=8  B:Q♣ 5♣=5  PLAYER(W)  | +4,000원 → 199,000원  [end_win]
H1643 | bet   1,000원 BANKER | P:10♠ 8♥=8  B:7♦ A♠=8  TIE(T)  |     0원 → 199,000원
H1644 | bet   1,000원 BANKER | P:K♠ 6♥=6  B:K♣ 7♥=7  BANKER(W)  | +950원 → 199,950원
H1645 | bet   1,000원 BANKER | P:6♦ 5♠ 10♣=1  B:9♠ 5♥=4  BANKER(W)  | +950원 → 200,900원
H1646 | bet   1,000원 BANKER | P:A♠ 2♠=3  B:K♥ 9♣=9  BANKER(W)  | +950원 → 201,850원
H1647 | bet   1,000원 BANKER | P:7♠ 3♣ Q♠=0  B:6♠ 6♠ 5♣=7  BANKER(W)  | +950원 → 202,800원
H1648 | bet   1,000원 BANKER | P:3♠ 5♣=8  B:8♠ Q♠=8  TIE(T)  |     0원 → 202,800원
H1649 | bet   1,000원 BANKER | P:4♣ 5♠=9  B:6♥ 9♥=5  PLAYER(L)  | -1,000원 → 201,800원  [start]
H1650 | bet   2,000원 PLAYER | P:8♦ 2♣ 4♥=4  B:6♦ K♥=6  BANKER(L)  | -2,000원 → 199,800원
H1651 | bet   4,000원 PLAYER | P:4♦ 10♦ 2♦=6  B:8♣ 3♦ 10♥=1  PLAYER(W)  | +4,000원 → 203,800원  [end_win]
H1652 | bet   1,000원 BANKER | P:Q♠ K♥ 5♣=5  B:K♣ K♠ 5♣=5  TIE(T)  |     0원 → 203,800원
H1653 | bet   1,000원 BANKER | P:9♠ 3♣=2  B:8♠ K♦=8  BANKER(W)  | +950원 → 204,750원
H1654 | bet   1,000원 BANKER | P:5♦ 9♠ 8♠=2  B:4♥ 3♣=7  BANKER(W)  | +950원 → 205,700원
H1655 | bet   1,000원 BANKER | P:4♥ 4♦=8  B:3♣ Q♣=3  PLAYER(L)  | -1,000원 → 204,700원  [start]
H1656 | bet   2,000원 PLAYER | P:A♠ 4♦ 4♥=9  B:7♠ 4♦ 10♦=1  PLAYER(W)  | +2,000원 → 206,700원  [end_win]
H1657 | bet   1,000원 BANKER | P:4♠ Q♣=4  B:A♥ 7♣=8  BANKER(W)  | +950원 → 207,650원
H1658 | bet   1,000원 BANKER | P:J♦ 3♦=3  B:8♠ 10♣=8  BANKER(W)  | +950원 → 208,600원
H1659 | bet   1,000원 BANKER | P:2♣ 4♦=6  B:6♥ A♣=7  BANKER(W)  | +950원 → 209,550원
H1660 | bet   1,000원 BANKER | P:6♠ 9♥ 4♦=9  B:6♠ 7♦ 9♥=2  PLAYER(L)  | -1,000원 → 208,550원  [start]
H1661 | bet   2,000원 PLAYER | P:10♠ 9♠=9  B:K♣ 2♣=2  PLAYER(W)  | +2,000원 → 210,550원  [end_win]
H1662 | bet   1,000원 BANKER | P:10♣ 2♥ 8♦=0  B:6♦ K♠=6  BANKER(W)  | +950원 → 211,500원
H1663 | bet   1,000원 BANKER | P:5♣ A♦=6  B:K♦ 3♠ 8♣=1  PLAYER(L)  | -1,000원 → 210,500원  [start]
H1664 | bet   2,000원 PLAYER | P:J♠ 2♥ K♣=2  B:Q♥ 5♠=5  BANKER(L)  | -2,000원 → 208,500원
H1665 | bet   4,000원 PLAYER | P:A♣ 4♦=5  B:Q♦ 8♦=8  BANKER(L)  | -4,000원 → 204,500원
H1666 | bet   8,000원 PLAYER | P:10♥ 10♠ 8♣=8  B:10♥ 7♠=7  PLAYER(W)  | +8,000원 → 212,500원  [end_win]
H1667 | bet   1,000원 BANKER | P:Q♣ J♣=0  B:3♥ 5♥=8  BANKER(W)  | +950원 → 213,450원
H1668 | bet   1,000원 BANKER | P:3♥ 9♣ 8♣=0  B:6♥ 6♦ 8♣=0  TIE(T)  |     0원 → 213,450원
H1669 | bet   1,000원 BANKER | P:2♦ Q♣ 2♥=4  B:K♥ 6♥=6  BANKER(W)  | +950원 → 214,400원
H1670 | bet   1,000원 BANKER | P:5♦ 6♣=1  B:2♦ 6♣=8  BANKER(W)  | +950원 → 215,350원
H1671 | bet   1,000원 BANKER | P:K♣ 10♦ K♠=0  B:4♣ J♠=4  BANKER(W)  | +950원 → 216,300원
H1672 | bet   1,000원 BANKER | P:J♠ 6♣=6  B:Q♥ 7♦=7  BANKER(W)  | +950원 → 217,250원
H1673 | bet   1,000원 BANKER | P:5♥ A♠=6  B:8♠ A♦=9  BANKER(W)  | +950원 → 218,200원
H1674 | bet   1,000원 BANKER | P:A♣ 5♣=6  B:7♥ Q♥=7  BANKER(W)  | +950원 → 219,150원
H1675 | bet   1,000원 BANKER | P:K♥ A♠ 4♠=5  B:A♠ 10♦ 3♠=4  PLAYER(L)  | -1,000원 → 218,150원  [start]
H1676 | bet   2,000원 PLAYER | P:K♥ 4♦=4  B:3♦ 5♠=8  BANKER(L)  | -2,000원 → 216,150원
H1677 | bet   4,000원 PLAYER | P:6♥ J♥=6  B:A♣ J♦ 4♥=5  PLAYER(W)  | +4,000원 → 220,150원  [end_win]
H1678 | bet   1,000원 BANKER | P:J♥ 2♣ 7♥=9  B:5♦ 2♠=7  PLAYER(L)  | -1,000원 → 219,150원  [start]
H1679 | bet   2,000원 PLAYER | P:A♦ 3♦ 8♥=2  B:7♣ 4♠ J♠=1  PLAYER(W)  | +2,000원 → 221,150원  [end_win]
H1680 | bet   1,000원 BANKER | P:Q♥ J♥ 3♣=3  B:10♠ 2♦ 6♠=8  BANKER(W)  | +950원 → 222,100원
H1681 | bet   1,000원 BANKER | P:Q♥ 10♥=0  B:9♦ Q♠=9  BANKER(W)  | +950원 → 223,050원
H1682 | bet   1,000원 BANKER | P:4♣ 6♣ 9♠=9  B:Q♦ 4♠=4  PLAYER(L)  | -1,000원 → 222,050원  [start]
H1683 | bet   2,000원 PLAYER | P:9♥ 7♦=6  B:J♣ J♥ 8♣=8  BANKER(L)  | -2,000원 → 220,050원
H1684 | bet   4,000원 PLAYER | P:4♣ Q♦ 8♠=2  B:3♠ Q♦=3  BANKER(L)  | -4,000원 → 216,050원
H1685 | bet   8,000원 PLAYER | P:5♠ 7♠ 6♣=8  B:8♦ 4♣ 6♦=8  TIE(T)  |     0원 → 216,050원
H1686 | bet   8,000원 PLAYER | P:7♣ 10♣=7  B:3♥ 6♠=9  BANKER(L)  | -8,000원 → 208,050원
H1687 | bet  16,000원 PLAYER | P:5♦ Q♠ 3♠=8  B:K♦ 3♣ 7♦=0  PLAYER(W)  | +16,000원 → 224,050원  [end_win]
H1688 | bet   1,000원 BANKER | P:Q♥ 2♣=2  B:A♦ 8♥=9  BANKER(W)  | +950원 → 225,000원
H1689 | bet   1,000원 BANKER | P:J♠ A♣ K♥=1  B:Q♣ 7♠=7  BANKER(W)  | +950원 → 225,950원
H1690 | bet   1,000원 BANKER | P:3♥ Q♦=3  B:Q♠ 9♣=9  BANKER(W)  | +950원 → 226,900원
H1691 | bet   1,000원 BANKER | P:9♥ 5♠ K♦=4  B:Q♥ 7♠=7  BANKER(W)  | +950원 → 227,850원
H1692 | bet   1,000원 BANKER | P:2♥ J♠ A♠=3  B:3♠ 8♠ K♣=1  PLAYER(L)  | -1,000원 → 226,850원  [start]
H1693 | bet   2,000원 PLAYER | P:Q♠ 9♥=9  B:10♠ K♦=0  PLAYER(W)  | +2,000원 → 228,850원  [end_win]
H1694 | bet   1,000원 BANKER | P:9♣ 8♠=7  B:5♦ Q♦ 2♠=7  TIE(T)  |     0원 → 228,850원
H1695 | bet   1,000원 BANKER | P:7♠ K♥=7  B:8♥ 9♦=7  TIE(T)  |     0원 → 228,850원
H1696 | bet   1,000원 BANKER | P:Q♦ 2♠=2  B:6♥ 2♥=8  BANKER(W)  | +950원 → 229,800원
H1697 | bet   1,000원 BANKER | P:J♥ J♣ 3♥=3  B:2♥ 10♥ 5♥=7  BANKER(W)  | +950원 → 230,750원
H1698 | bet   1,000원 BANKER | P:7♦ 4♣ 6♣=7  B:5♥ A♥ 2♦=8  BANKER(W)  | +950원 → 231,700원
H1699 | bet   1,000원 BANKER | P:8♦ 10♠=8  B:2♠ 2♦=4  PLAYER(L)  | -1,000원 → 230,700원  [start]
H1700 | bet   2,000원 PLAYER | P:9♥ J♦=9  B:9♠ A♥=0  PLAYER(W)  | +2,000원 → 232,700원  [end_win]
H1701 | bet   1,000원 BANKER | P:8♦ J♣=8  B:A♦ 3♦=4  PLAYER(L)  | -1,000원 → 231,700원  [start]
H1702 | bet   2,000원 PLAYER | P:7♣ A♦=8  B:J♥ J♠=0  PLAYER(W)  | +2,000원 → 233,700원  [end_win]
H1703 | bet   1,000원 BANKER | P:J♣ 6♣=6  B:J♥ J♦ 4♠=4  PLAYER(L)  | -1,000원 → 232,700원  [start]
H1704 | bet   2,000원 PLAYER | P:3♦ 2♥=5  B:9♣ K♠=9  BANKER(L)  | -2,000원 → 230,700원
H1705 | bet   4,000원 PLAYER | P:8♥ 6♦ J♣=4  B:4♥ 8♥ 9♣=1  PLAYER(W)  | +4,000원 → 234,700원  [end_win]
H1706 | bet   1,000원 BANKER | P:10♦ 10♥ 2♠=2  B:9♣ 3♥ J♦=2  TIE(T)  |     0원 → 234,700원
H1707 | bet   1,000원 BANKER | P:K♣ A♥ 5♣=6  B:10♦ 3♦ J♥=3  PLAYER(L)  | -1,000원 → 233,700원  [start]
H1708 | bet   2,000원 PLAYER | P:J♦ 4♠=4  B:2♠ 7♥=9  BANKER(L)  | -2,000원 → 231,700원
H1709 | bet   4,000원 PLAYER | P:8♦ 7♣ K♣=5  B:7♥ 5♥ 3♠=5  TIE(T)  |     0원 → 231,700원
H1710 | bet   4,000원 PLAYER | P:10♥ K♦ J♣=0  B:4♣ 9♣ 5♥=8  BANKER(L)  | -4,000원 → 227,700원
H1711 | bet   8,000원 PLAYER | P:6♣ 2♥=8  B:6♠ 5♠=1  PLAYER(W)  | +8,000원 → 235,700원  [end_win]
H1712 | bet   1,000원 BANKER | P:7♥ 7♦ 8♣=2  B:J♠ 6♦=6  BANKER(W)  | +950원 → 236,650원
H1713 | bet   1,000원 BANKER | P:10♣ 4♠ 9♦=3  B:Q♣ 2♣ 9♥=1  PLAYER(L)  | -1,000원 → 235,650원  [start]
H1714 | bet   2,000원 PLAYER | P:Q♣ 7♠=7  B:2♠ A♠ A♣=4  PLAYER(W)  | +2,000원 → 237,650원  [end_win]
H1715 | bet   1,000원 BANKER | P:8♣ 9♠=7  B:3♣ 4♠=7  TIE(T)  |     0원 → 237,650원
H1716 | bet   1,000원 BANKER | P:3♥ 10♣=3  B:10♣ 9♦=9  BANKER(W)  | +950원 → 238,600원
H1717 | bet   1,000원 BANKER | P:5♦ 10♠ 7♥=2  B:A♥ A♦ Q♦=2  TIE(T)  |     0원 → 238,600원
H1718 | bet   1,000원 BANKER | P:5♦ 3♥=8  B:A♥ 7♥=8  TIE(T)  |     0원 → 238,600원
H1719 | bet   1,000원 BANKER | P:4♣ 7♦=1  B:J♦ 8♥=8  BANKER(W)  | +950원 → 239,550원
H1720 | bet   1,000원 BANKER | P:8♦ J♣=8  B:A♣ K♦=1  PLAYER(L)  | -1,000원 → 238,550원  [start]
H1721 | bet   2,000원 PLAYER | P:9♦ 9♦=8  B:9♠ 2♣=1  PLAYER(W)  | +2,000원 → 240,550원  [end_win]
H1722 | bet   1,000원 BANKER | P:2♣ A♦=3  B:9♦ K♠=9  BANKER(W)  | +950원 → 241,500원
H1723 | bet   1,000원 BANKER | P:5♥ 7♣ 7♣=9  B:10♦ 4♥ J♦=4  PLAYER(L)  | -1,000원 → 240,500원  [start]
H1724 | bet   2,000원 PLAYER | P:Q♥ 5♥=5  B:6♦ 2♥=8  BANKER(L)  | -2,000원 → 238,500원
H1725 | bet   4,000원 PLAYER | P:6♠ 4♦ 4♣=4  B:K♠ 7♣=7  BANKER(L)  | -4,000원 → 234,500원
H1726 | bet   8,000원 PLAYER | P:Q♠ 7♦=7  B:7♥ 2♥=9  BANKER(L)  | -8,000원 → 226,500원
H1727 | bet  16,000원 PLAYER | P:2♠ 10♥=2  B:K♦ 8♦=8  BANKER(L)  | -16,000원 → 210,500원  [end_giveup]
H1728 | bet   1,000원 BANKER | P:3♠ 6♠=9  B:J♠ 10♣=0  PLAYER(L)  | -1,000원 → 209,500원  [start]
H1729 | bet   2,000원 PLAYER | P:7♠ A♠=8  B:5♥ 4♥=9  BANKER(L)  | -2,000원 → 207,500원
H1730 | bet   4,000원 PLAYER | P:7♣ Q♠=7  B:5♣ 9♠ J♣=4  PLAYER(W)  | +4,000원 → 211,500원  [end_win]
H1731 | bet   1,000원 BANKER | P:8♣ 4♦ 10♦=2  B:4♥ 7♥ 10♠=1  PLAYER(L)  | -1,000원 → 210,500원  [start]
H1732 | bet   2,000원 PLAYER | P:6♥ 6♥ 7♥=9  B:9♥ 4♥ Q♥=3  PLAYER(W)  | +2,000원 → 212,500원  [end_win]
H1733 | bet   1,000원 BANKER | P:2♦ K♥ 6♥=8  B:A♥ 3♠ 10♥=4  PLAYER(L)  | -1,000원 → 211,500원  [start]
H1734 | bet   2,000원 PLAYER | P:2♥ 3♥ Q♦=5  B:5♠ 9♥=4  PLAYER(W)  | +2,000원 → 213,500원  [end_win]
H1735 | bet   1,000원 BANKER | P:5♠ 5♠ 3♦=3  B:9♣ 5♦ 8♥=2  PLAYER(L)  | -1,000원 → 212,500원  [start]
H1736 | bet   2,000원 PLAYER | P:8♦ 9♦=7  B:Q♦ A♣ 6♠=7  TIE(T)  |     0원 → 212,500원
H1737 | bet   2,000원 PLAYER | P:2♦ Q♦ 8♥=0  B:J♣ 10♣ 3♠=3  BANKER(L)  | -2,000원 → 210,500원
H1738 | bet   4,000원 PLAYER | P:K♦ J♦ K♣=0  B:8♣ 8♦=6  BANKER(L)  | -4,000원 → 206,500원
H1739 | bet   8,000원 PLAYER | P:9♥ 6♦ A♠=6  B:A♦ 3♣=4  PLAYER(W)  | +8,000원 → 214,500원  [end_win]
H1740 | bet   1,000원 BANKER | P:4♣ 7♠ Q♣=1  B:K♠ 5♠=5  BANKER(W)  | +950원 → 215,450원
H1741 | bet   1,000원 BANKER | P:7♠ 3♦ 5♦=5  B:2♦ 3♣ A♦=6  BANKER(W)  | +950원 → 216,400원
H1742 | bet   1,000원 BANKER | P:Q♥ 6♠=6  B:8♦ 8♥=6  TIE(T)  |     0원 → 216,400원
H1743 | bet   1,000원 BANKER | P:4♠ Q♣ 3♥=7  B:2♦ J♦ A♣=3  PLAYER(L)  | -1,000원 → 215,400원  [start]
H1744 | bet   2,000원 PLAYER | P:Q♣ 10♥=0  B:8♣ K♥=8  BANKER(L)  | -2,000원 → 213,400원
H1745 | bet   4,000원 PLAYER | P:J♠ 3♠ 7♠=0  B:7♦ 6♣ 10♣=3  BANKER(L)  | -4,000원 → 209,400원
H1746 | bet   8,000원 PLAYER | P:7♠ A♥=8  B:5♦ J♥=5  PLAYER(W)  | +8,000원 → 217,400원  [end_win]
H1747 | bet   1,000원 BANKER | P:K♥ 2♠ 10♦=2  B:Q♥ 5♣=5  BANKER(W)  | +950원 → 218,350원
H1748 | bet   1,000원 BANKER | P:9♦ 8♠=7  B:J♥ 3♦ A♥=4  PLAYER(L)  | -1,000원 → 217,350원  [start]
H1749 | bet   2,000원 PLAYER | P:4♣ 9♥ A♦=4  B:6♦ 5♠ 3♠=4  TIE(T)  |     0원 → 217,350원
H1750 | bet   2,000원 PLAYER | P:5♦ 4♠=9  B:8♦ 8♥=6  PLAYER(W)  | +2,000원 → 219,350원  [end_win]
H1751 | bet   1,000원 BANKER | P:2♦ 7♥=9  B:8♠ 6♣=4  PLAYER(L)  | -1,000원 → 218,350원  [start]
H1752 | bet   2,000원 PLAYER | P:10♥ 6♣=6  B:7♥ 3♣ 7♣=7  BANKER(L)  | -2,000원 → 216,350원
H1753 | bet   4,000원 PLAYER | P:K♠ K♦ 6♣=6  B:7♥ 10♥=7  BANKER(L)  | -4,000원 → 212,350원
H1754 | bet   8,000원 PLAYER | P:J♠ Q♦ 8♦=8  B:9♦ 8♠=7  PLAYER(W)  | +8,000원 → 220,350원  [end_win]
H1755 | bet   1,000원 BANKER | P:K♣ 6♥=6  B:J♦ J♣ 10♠=0  PLAYER(L)  | -1,000원 → 219,350원  [start]
H1756 | bet   2,000원 PLAYER | P:2♠ 2♠ Q♥=4  B:4♣ K♥=4  TIE(T)  |     0원 → 219,350원
H1757 | bet   2,000원 PLAYER | P:6♠ K♣=6  B:9♥ 3♥ 9♣=1  PLAYER(W)  | +2,000원 → 221,350원  [end_win]
H1758 | bet   1,000원 BANKER | P:6♣ 4♦=0  B:3♠ 6♣=9  BANKER(W)  | +950원 → 222,300원
H1759 | bet   1,000원 BANKER | P:4♥ 2♣=6  B:6♠ 10♠=6  TIE(T)  |     0원 → 222,300원
H1760 | bet   1,000원 BANKER | P:Q♠ 9♥=9  B:9♣ 10♠=9  TIE(T)  |     0원 → 222,300원
H1761 | bet   1,000원 BANKER | P:9♦ 3♥ J♦=2  B:2♦ A♠ J♣=3  BANKER(W)  | +950원 → 223,250원
H1762 | bet   1,000원 BANKER | P:7♦ 8♠ 10♣=5  B:9♠ 2♥ 9♦=0  PLAYER(L)  | -1,000원 → 222,250원  [start]
H1763 | bet   2,000원 PLAYER | P:4♣ 3♣=7  B:A♦ K♦ 6♥=7  TIE(T)  |     0원 → 222,250원
H1764 | bet   2,000원 PLAYER | P:3♣ A♠ 6♥=0  B:2♥ J♠ 3♣=5  BANKER(L)  | -2,000원 → 220,250원
H1765 | bet   4,000원 PLAYER | P:7♦ 6♦ 7♣=0  B:9♠ 6♥ 4♥=9  BANKER(L)  | -4,000원 → 216,250원
H1766 | bet   8,000원 PLAYER | P:3♥ 3♦=6  B:Q♠ 9♣=9  BANKER(L)  | -8,000원 → 208,250원
H1767 | bet  16,000원 PLAYER | P:2♣ Q♣ 7♦=9  B:6♣ 10♦ 3♥=9  TIE(T)  |     0원 → 208,250원
H1768 | bet  16,000원 PLAYER | P:K♥ 8♣=8  B:J♣ Q♦=0  PLAYER(W)  | +16,000원 → 224,250원  [end_win]
H1769 | bet   1,000원 BANKER | P:6♦ Q♦=6  B:2♥ 5♦=7  BANKER(W)  | +950원 → 225,200원
H1770 | bet   1,000원 BANKER | P:J♥ 8♠=8  B:2♠ A♠=3  PLAYER(L)  | -1,000원 → 224,200원  [start]
H1771 | bet   2,000원 PLAYER | P:K♣ Q♥=0  B:K♦ 9♠=9  BANKER(L)  | -2,000원 → 222,200원
H1772 | bet   4,000원 PLAYER | P:5♣ J♣ 2♣=7  B:7♦ 5♥ Q♥=2  PLAYER(W)  | +4,000원 → 226,200원  [end_win]
H1773 | bet   1,000원 BANKER | P:4♣ J♥=4  B:A♣ 7♣=8  BANKER(W)  | +950원 → 227,150원
H1774 | bet   1,000원 BANKER | P:4♦ 3♦=7  B:K♣ 5♠ A♣=6  PLAYER(L)  | -1,000원 → 226,150원  [start]
H1775 | bet   2,000원 PLAYER | P:K♠ 10♣ 5♦=5  B:A♦ Q♣ 2♠=3  PLAYER(W)  | +2,000원 → 228,150원  [end_win]
H1776 | bet   1,000원 BANKER | P:4♣ A♦ 5♦=0  B:3♣ 9♠ 9♣=1  BANKER(W)  | +950원 → 229,100원
H1777 | bet   1,000원 BANKER | P:10♠ 7♣=7  B:A♠ A♥ 8♥=0  PLAYER(L)  | -1,000원 → 228,100원  [start]
H1778 | bet   2,000원 PLAYER | P:3♦ 9♣ 5♥=7  B:2♥ 10♥ 8♠=0  PLAYER(W)  | +2,000원 → 230,100원  [end_win]
H1779 | bet   1,000원 BANKER | P:8♦ 2♣ 10♠=0  B:9♦ A♣ 7♣=7  BANKER(W)  | +950원 → 231,050원
H1780 | bet   1,000원 BANKER | P:J♦ 5♥ 8♠=3  B:4♠ 2♠=6  BANKER(W)  | +950원 → 232,000원
H1781 | bet   1,000원 BANKER | P:10♦ 6♦=6  B:J♥ 5♣ 8♥=3  PLAYER(L)  | -1,000원 → 231,000원  [start]
H1782 | bet   2,000원 PLAYER | P:A♣ J♠ A♣=2  B:4♥ 9♦ 10♥=3  BANKER(L)  | -2,000원 → 229,000원
H1783 | bet   4,000원 PLAYER | P:4♠ 10♥ 7♠=1  B:A♠ K♥ 7♥=8  BANKER(L)  | -4,000원 → 225,000원
H1784 | bet   8,000원 PLAYER | P:6♣ 3♥=9  B:J♣ J♥=0  PLAYER(W)  | +8,000원 → 233,000원  [end_win]
H1785 | bet   1,000원 BANKER | P:K♣ J♦=0  B:4♥ 4♠=8  BANKER(W)  | +950원 → 233,950원
H1786 | bet   1,000원 BANKER | P:7♥ 3♦ 8♥=8  B:2♣ A♦=3  PLAYER(L)  | -1,000원 → 232,950원  [start]
H1787 | bet   2,000원 PLAYER | P:Q♠ 8♥=8  B:7♦ 5♠=2  PLAYER(W)  | +2,000원 → 234,950원  [end_win]
H1788 | bet   1,000원 BANKER | P:6♠ K♦=6  B:4♦ 9♥ 5♣=8  BANKER(W)  | +950원 → 235,900원
H1789 | bet   1,000원 BANKER | P:K♦ 2♣ 10♣=2  B:10♣ 5♥=5  BANKER(W)  | +950원 → 236,850원
H1790 | bet   1,000원 BANKER | P:A♥ 4♥ Q♣=5  B:10♦ 10♠ 10♦=0  PLAYER(L)  | -1,000원 → 235,850원  [start]
H1791 | bet   2,000원 PLAYER | P:5♣ 5♠ 9♣=9  B:9♠ 7♣=6  PLAYER(W)  | +2,000원 → 237,850원  [end_win]
H1792 | bet   1,000원 BANKER | P:Q♥ Q♣ 4♣=4  B:6♥ A♥=7  BANKER(W)  | +950원 → 238,800원
H1793 | bet   1,000원 BANKER | P:K♠ Q♦=0  B:9♥ Q♠=9  BANKER(W)  | +950원 → 239,750원
H1794 | bet   1,000원 BANKER | P:9♦ 5♣ 9♠=3  B:5♣ J♦=5  BANKER(W)  | +950원 → 240,700원
H1795 | bet   1,000원 BANKER | P:A♦ 7♦=8  B:6♦ 8♠=4  PLAYER(L)  | -1,000원 → 239,700원  [start]
H1796 | bet   2,000원 PLAYER | P:4♦ Q♣ 3♥=7  B:3♠ A♠ Q♦=4  PLAYER(W)  | +2,000원 → 241,700원  [end_win]
H1797 | bet   1,000원 BANKER | P:2♥ 8♣=0  B:J♠ 8♣=8  BANKER(W)  | +950원 → 242,650원
H1798 | bet   1,000원 BANKER | P:2♠ 8♣ A♥=1  B:3♠ K♣ 6♠=9  BANKER(W)  | +950원 → 243,600원
H1799 | bet   1,000원 BANKER | P:7♠ K♠=7  B:8♣ J♥=8  BANKER(W)  | +950원 → 244,550원
H1800 | bet   1,000원 BANKER | P:4♦ 2♦=6  B:3♦ J♥ J♦=3  PLAYER(L)  | -1,000원 → 243,550원  [start]
H1801 | bet   2,000원 PLAYER | P:2♣ 9♠ 10♦=1  B:2♦ 10♣ K♠=2  BANKER(L)  | -2,000원 → 241,550원
H1802 | bet   4,000원 PLAYER | P:9♣ K♥=9  B:4♠ A♣=5  PLAYER(W)  | +4,000원 → 245,550원  [end_win]
H1803 | bet   1,000원 BANKER | P:8♦ 5♦ K♦=3  B:10♦ 5♥=5  BANKER(W)  | +950원 → 246,500원
H1804 | bet   1,000원 BANKER | P:5♥ A♥=6  B:J♣ 2♣ 10♠=2  PLAYER(L)  | -1,000원 → 245,500원  [start]
H1805 | bet   2,000원 PLAYER | P:A♠ Q♠ 2♦=3  B:6♠ A♠=7  BANKER(L)  | -2,000원 → 243,500원
H1806 | bet   4,000원 PLAYER | P:J♦ J♥ 8♥=8  B:4♣ 7♣ 9♠=0  PLAYER(W)  | +4,000원 → 247,500원  [end_win]
H1807 | bet   1,000원 BANKER | P:10♣ 8♣=8  B:2♠ 2♣=4  PLAYER(L)  | -1,000원 → 246,500원  [start]
H1808 | bet   2,000원 PLAYER | P:K♥ 3♣ 4♣=7  B:7♦ 5♣ J♣=2  PLAYER(W)  | +2,000원 → 248,500원  [end_win]
H1809 | bet   1,000원 BANKER | P:2♠ 7♠=9  B:8♠ 2♦=0  PLAYER(L)  | -1,000원 → 247,500원  [start]
H1810 | bet   2,000원 PLAYER | P:2♣ K♣ 9♦=1  B:3♥ 3♣=6  BANKER(L)  | -2,000원 → 245,500원
H1811 | bet   4,000원 PLAYER | P:8♥ A♣=9  B:3♥ K♥=3  PLAYER(W)  | +4,000원 → 249,500원  [end_win]
H1812 | bet   1,000원 BANKER | P:Q♠ Q♠=0  B:7♣ A♦=8  BANKER(W)  | +950원 → 250,450원
H1813 | bet   1,000원 BANKER | P:7♣ K♥=7  B:A♣ 9♦ 7♠=7  TIE(T)  |     0원 → 250,450원
H1814 | bet   1,000원 BANKER | P:9♣ 6♥=5  B:K♥ 8♠=8  BANKER(W)  | +950원 → 251,400원
H1815 | bet   1,000원 BANKER | P:6♦ 8♠ K♠=4  B:9♥ 5♦=4  TIE(T)  |     0원 → 251,400원
H1816 | bet   1,000원 BANKER | P:4♥ K♣=4  B:6♣ 3♣=9  BANKER(W)  | +950원 → 252,350원
H1817 | bet   1,000원 BANKER | P:A♦ 5♥=6  B:9♥ Q♦=9  BANKER(W)  | +950원 → 253,300원
H1818 | bet   1,000원 BANKER | P:A♣ K♣ K♠=1  B:A♥ 5♣=6  BANKER(W)  | +950원 → 254,250원
H1819 | bet   1,000원 BANKER | P:10♦ 6♥=6  B:7♥ 8♦ Q♦=5  PLAYER(L)  | -1,000원 → 253,250원  [start]
H1820 | bet   2,000원 PLAYER | P:A♦ 10♣=1  B:10♥ 9♦=9  BANKER(L)  | -2,000원 → 251,250원
H1821 | bet   4,000원 PLAYER | P:6♠ 10♠=6  B:7♥ A♦=8  BANKER(L)  | -4,000원 → 247,250원
H1822 | bet   8,000원 PLAYER | P:5♠ J♠ 7♠=2  B:10♦ Q♣ Q♦=0  PLAYER(W)  | +8,000원 → 255,250원  [end_win]
H1823 | bet   1,000원 BANKER | P:5♥ A♥=6  B:A♥ 4♦ 10♠=5  PLAYER(L)  | -1,000원 → 254,250원  [start]
H1824 | bet   2,000원 PLAYER | P:3♠ 5♣=8  B:K♥ 6♠=6  PLAYER(W)  | +2,000원 → 256,250원  [end_win]
H1825 | bet   1,000원 BANKER | P:K♦ 2♣ K♣=2  B:J♥ J♥ Q♦=0  PLAYER(L)  | -1,000원 → 255,250원  [start]
H1826 | bet   2,000원 PLAYER | P:3♥ Q♦=3  B:2♥ 7♥=9  BANKER(L)  | -2,000원 → 253,250원
H1827 | bet   4,000원 PLAYER | P:7♣ 9♣=6  B:8♦ 5♦ 9♣=2  PLAYER(W)  | +4,000원 → 257,250원  [end_win]
H1828 | bet   1,000원 BANKER | P:4♥ A♣ 4♠=9  B:7♠ 10♦=7  PLAYER(L)  | -1,000원 → 256,250원  [start]
H1829 | bet   2,000원 PLAYER | P:6♦ 7♦ 5♠=8  B:2♦ 10♣ 7♠=9  BANKER(L)  | -2,000원 → 254,250원
H1830 | bet   4,000원 PLAYER | P:A♣ 10♠ Q♦=1  B:K♣ 3♥ 10♦=3  BANKER(L)  | -4,000원 → 250,250원
H1831 | bet   8,000원 PLAYER | P:10♥ 9♠=9  B:Q♥ 3♠=3  PLAYER(W)  | +8,000원 → 258,250원  [end_win]
H1832 | bet   1,000원 BANKER | P:8♥ 5♠=3  B:4♣ 4♦=8  BANKER(W)  | +950원 → 259,200원
H1833 | bet   1,000원 BANKER | P:J♠ 8♦=8  B:8♣ 6♣=4  PLAYER(L)  | -1,000원 → 258,200원  [start]
H1834 | bet   2,000원 PLAYER | P:5♣ K♠ J♠=5  B:7♦ 6♠ 8♠=1  PLAYER(W)  | +2,000원 → 260,200원  [end_win]
H1835 | bet   1,000원 BANKER | P:8♠ 5♥ 4♦=7  B:6♦ 10♥=6  PLAYER(L)  | -1,000원 → 259,200원  [start]
H1836 | bet   2,000원 PLAYER | P:8♣ 4♠ 9♠=1  B:A♠ J♣ 4♥=5  BANKER(L)  | -2,000원 → 257,200원
H1837 | bet   4,000원 PLAYER | P:3♦ 4♦=7  B:4♣ 4♣=8  BANKER(L)  | -4,000원 → 253,200원
H1838 | bet   8,000원 PLAYER | P:10♣ 4♣ 6♥=0  B:5♦ 7♠ 9♥=1  BANKER(L)  | -8,000원 → 245,200원
H1839 | bet  16,000원 PLAYER | P:2♣ 8♠ A♦=1  B:4♥ K♣=4  BANKER(L)  | -16,000원 → 229,200원  [end_giveup]
H1840 | bet   1,000원 BANKER | P:5♠ 3♠=8  B:6♣ 8♦=4  PLAYER(L)  | -1,000원 → 228,200원  [start]
H1841 | bet   2,000원 PLAYER | P:6♠ K♠=6  B:9♠ Q♣=9  BANKER(L)  | -2,000원 → 226,200원
H1842 | bet   4,000원 PLAYER | P:A♠ K♦ 10♣=1  B:10♥ 3♦ 3♣=6  BANKER(L)  | -4,000원 → 222,200원
H1843 | bet   8,000원 PLAYER | P:Q♣ A♠ J♥=1  B:J♠ 2♥ 2♠=4  BANKER(L)  | -8,000원 → 214,200원
H1844 | bet  16,000원 PLAYER | P:J♣ 5♣ K♠=5  B:2♦ J♣ K♦=2  PLAYER(W)  | +16,000원 → 230,200원  [end_win]
H1845 | bet   1,000원 BANKER | P:Q♥ 8♦=8  B:4♠ 5♦=9  BANKER(W)  | +950원 → 231,150원
H1846 | bet   1,000원 BANKER | P:9♦ 4♦ 6♣=9  B:2♠ J♦ Q♣=2  PLAYER(L)  | -1,000원 → 230,150원  [start]
H1847 | bet   2,000원 PLAYER | P:7♦ 7♥ 8♥=2  B:10♣ 10♠ J♠=0  PLAYER(W)  | +2,000원 → 232,150원  [end_win]
H1848 | bet   1,000원 BANKER | P:4♣ 3♥=7  B:8♦ 4♦ Q♣=2  PLAYER(L)  | -1,000원 → 231,150원  [start]
H1849 | bet   2,000원 PLAYER | P:2♠ 3♣ 8♠=3  B:9♦ A♠ Q♥=0  PLAYER(W)  | +2,000원 → 233,150원  [end_win]
H1850 | bet   1,000원 BANKER | P:5♠ 3♦=8  B:4♠ 6♥=0  PLAYER(L)  | -1,000원 → 232,150원  [start]
H1851 | bet   2,000원 PLAYER | P:Q♥ 9♣=9  B:3♥ 5♥=8  PLAYER(W)  | +2,000원 → 234,150원  [end_win]
H1852 | bet   1,000원 BANKER | P:K♠ 6♦=6  B:Q♣ 7♥=7  BANKER(W)  | +950원 → 235,100원
H1853 | bet   1,000원 BANKER | P:2♣ 3♠=5  B:7♣ A♣=8  BANKER(W)  | +950원 → 236,050원
H1854 | bet   1,000원 BANKER | P:2♥ 8♣ 2♣=2  B:4♥ A♥=5  BANKER(W)  | +950원 → 237,000원
H1855 | bet   1,000원 BANKER | P:4♣ 4♦=8  B:5♣ Q♠=5  PLAYER(L)  | -1,000원 → 236,000원  [start]
H1856 | bet   2,000원 PLAYER | P:3♦ 8♥ 8♥=9  B:5♣ 8♥=3  PLAYER(W)  | +2,000원 → 238,000원  [end_win]
H1857 | bet   1,000원 BANKER | P:K♥ 5♥ 2♣=7  B:6♥ A♥=7  TIE(T)  |     0원 → 238,000원
H1858 | bet   1,000원 BANKER | P:8♥ A♠=9  B:8♣ 9♣=7  PLAYER(L)  | -1,000원 → 237,000원  [start]
H1859 | bet   2,000원 PLAYER | P:7♥ 10♥=7  B:A♦ 10♥ J♣=1  PLAYER(W)  | +2,000원 → 239,000원  [end_win]
H1860 | bet   1,000원 BANKER | P:8♣ J♦=8  B:6♥ 5♣=1  PLAYER(L)  | -1,000원 → 238,000원  [start]
H1861 | bet   2,000원 PLAYER | P:6♠ 7♣ 6♣=9  B:J♦ 6♣ 9♥=5  PLAYER(W)  | +2,000원 → 240,000원  [end_win]
H1862 | bet   1,000원 BANKER | P:7♣ 6♥=3  B:7♦ 2♣=9  BANKER(W)  | +950원 → 240,950원
H1863 | bet   1,000원 BANKER | P:Q♣ 3♥ 9♥=2  B:K♥ J♦ 6♠=6  BANKER(W)  | +950원 → 241,900원
H1864 | bet   1,000원 BANKER | P:5♥ Q♠ 6♣=1  B:J♥ A♠ 2♥=3  BANKER(W)  | +950원 → 242,850원
H1865 | bet   1,000원 BANKER | P:5♦ J♥=5  B:9♣ K♦=9  BANKER(W)  | +950원 → 243,800원
H1866 | bet   1,000원 BANKER | P:A♦ 3♣=4  B:3♠ 5♦=8  BANKER(W)  | +950원 → 244,750원
H1867 | bet   1,000원 BANKER | P:5♥ K♦=5  B:10♦ 8♣=8  BANKER(W)  | +950원 → 245,700원
H1868 | bet   1,000원 BANKER | P:Q♦ 6♦=6  B:4♦ 3♠=7  BANKER(W)  | +950원 → 246,650원
H1869 | bet   1,000원 BANKER | P:3♣ 9♥ A♥=3  B:Q♠ Q♣ 10♠=0  PLAYER(L)  | -1,000원 → 245,650원  [start]
H1870 | bet   2,000원 PLAYER | P:6♦ 2♥=8  B:7♦ 9♠=6  PLAYER(W)  | +2,000원 → 247,650원  [end_win]
H1871 | bet   1,000원 BANKER | P:2♦ 7♦=9  B:9♦ 6♣=5  PLAYER(L)  | -1,000원 → 246,650원  [start]
H1872 | bet   2,000원 PLAYER | P:J♠ 4♠ K♥=4  B:7♥ 7♠=4  TIE(T)  |     0원 → 246,650원
H1873 | bet   2,000원 PLAYER | P:J♦ 10♥ A♥=1  B:3♠ 10♦ Q♥=3  BANKER(L)  | -2,000원 → 244,650원
H1874 | bet   4,000원 PLAYER | P:8♠ 7♣ 2♦=7  B:J♣ Q♥ 3♥=3  PLAYER(W)  | +4,000원 → 248,650원  [end_win]
H1875 | bet   1,000원 BANKER | P:4♠ 3♦=7  B:Q♠ 4♠ J♦=4  PLAYER(L)  | -1,000원 → 247,650원  [start]
H1876 | bet   2,000원 PLAYER | P:9♠ 2♦ J♥=1  B:J♠ 4♥=4  BANKER(L)  | -2,000원 → 245,650원
H1877 | bet   4,000원 PLAYER | P:7♦ K♣=7  B:3♦ K♣ A♣=4  PLAYER(W)  | +4,000원 → 249,650원  [end_win]
H1878 | bet   1,000원 BANKER | P:5♦ 6♠ 9♦=0  B:2♠ Q♦ 3♦=5  BANKER(W)  | +950원 → 250,600원
H1879 | bet   1,000원 BANKER | P:10♣ 5♥ 10♥=5  B:8♣ 6♥=4  PLAYER(L)  | -1,000원 → 249,600원  [start]
H1880 | bet   2,000원 PLAYER | P:5♦ J♠ 9♥=4  B:9♦ 2♥ Q♥=1  PLAYER(W)  | +2,000원 → 251,600원  [end_win]
H1881 | bet   1,000원 BANKER | P:5♠ K♦ Q♥=5  B:7♥ 9♥=6  BANKER(W)  | +950원 → 252,550원
H1882 | bet   1,000원 BANKER | P:K♠ K♦ J♥=0  B:10♠ 2♠ J♣=2  BANKER(W)  | +950원 → 253,500원
H1883 | bet   1,000원 BANKER | P:6♦ 6♦ J♦=2  B:3♠ K♦ 2♥=5  BANKER(W)  | +950원 → 254,450원
H1884 | bet   1,000원 BANKER | P:10♠ 5♠ K♠=5  B:4♥ 3♣=7  BANKER(W)  | +950원 → 255,400원
H1885 | bet   1,000원 BANKER | P:7♠ 9♣=6  B:10♦ 2♥ A♥=3  PLAYER(L)  | -1,000원 → 254,400원  [start]
H1886 | bet   2,000원 PLAYER | P:9♣ 8♦=7  B:10♠ 9♠=9  BANKER(L)  | -2,000원 → 252,400원
H1887 | bet   4,000원 PLAYER | P:K♥ 6♦=6  B:7♠ 7♠ 7♦=1  PLAYER(W)  | +4,000원 → 256,400원  [end_win]
H1888 | bet   1,000원 BANKER | P:A♣ 3♦ 9♠=3  B:A♦ 10♥ A♥=2  PLAYER(L)  | -1,000원 → 255,400원  [start]
H1889 | bet   2,000원 PLAYER | P:4♦ 7♥ 5♣=6  B:A♠ 9♠ 9♣=9  BANKER(L)  | -2,000원 → 253,400원
H1890 | bet   4,000원 PLAYER | P:3♣ K♠=3  B:8♦ 10♦=8  BANKER(L)  | -4,000원 → 249,400원
H1891 | bet   8,000원 PLAYER | P:8♣ 4♦ 2♦=4  B:9♥ 3♦ A♠=3  PLAYER(W)  | +8,000원 → 257,400원  [end_win]
H1892 | bet   1,000원 BANKER | P:A♣ 6♠=7  B:J♣ J♦ 2♣=2  PLAYER(L)  | -1,000원 → 256,400원  [start]
H1893 | bet   2,000원 PLAYER | P:Q♦ 10♦ J♥=0  B:A♦ 10♣ 2♠=3  BANKER(L)  | -2,000원 → 254,400원
H1894 | bet   4,000원 PLAYER | P:8♥ K♣=8  B:A♦ Q♦=1  PLAYER(W)  | +4,000원 → 258,400원  [end_win]
H1895 | bet   1,000원 BANKER | P:3♥ 9♣ J♥=2  B:A♥ K♠ Q♠=1  PLAYER(L)  | -1,000원 → 257,400원  [start]
H1896 | bet   2,000원 PLAYER | P:5♠ 4♠=9  B:3♥ 5♠=8  PLAYER(W)  | +2,000원 → 259,400원  [end_win]
H1897 | bet   1,000원 BANKER | P:4♥ 10♥ 9♥=3  B:J♦ 3♥ K♦=3  TIE(T)  |     0원 → 259,400원
H1898 | bet   1,000원 BANKER | P:J♥ 4♠=4  B:8♦ 10♥=8  BANKER(W)  | +950원 → 260,350원
H1899 | bet   1,000원 BANKER | P:6♣ 2♠=8  B:9♠ 10♠=9  BANKER(W)  | +950원 → 261,300원
H1900 | bet   1,000원 BANKER | P:4♠ 8♠=2  B:5♠ 3♠=8  BANKER(W)  | +950원 → 262,250원
H1901 | bet   1,000원 BANKER | P:2♣ 10♦ 9♠=1  B:7♦ 7♣=4  BANKER(W)  | +950원 → 263,200원
H1902 | bet   1,000원 BANKER | P:4♣ Q♣ 5♠=9  B:Q♠ 3♣ 9♦=2  PLAYER(L)  | -1,000원 → 262,200원  [start]
H1903 | bet   2,000원 PLAYER | P:5♥ K♣ 8♠=3  B:3♥ 4♦=7  BANKER(L)  | -2,000원 → 260,200원
H1904 | bet   4,000원 PLAYER | P:K♣ 6♠=6  B:5♠ Q♣ 3♦=8  BANKER(L)  | -4,000원 → 256,200원
H1905 | bet   8,000원 PLAYER | P:3♦ J♥ Q♠=3  B:4♥ 2♥=6  BANKER(L)  | -8,000원 → 248,200원
H1906 | bet  16,000원 PLAYER | P:6♥ A♥=7  B:J♠ A♦ 7♥=8  BANKER(L)  | -16,000원 → 232,200원  [end_giveup]
H1907 | bet   1,000원 BANKER | P:6♥ K♦=6  B:A♠ 6♦=7  BANKER(W)  | +950원 → 233,150원
H1908 | bet   1,000원 BANKER | P:10♥ 6♠=6  B:3♦ 6♠=9  BANKER(W)  | +950원 → 234,100원
H1909 | bet   1,000원 BANKER | P:10♥ Q♦ 10♦=0  B:Q♠ 6♥=6  BANKER(W)  | +950원 → 235,050원
H1910 | bet   1,000원 BANKER | P:4♦ K♥ 8♣=2  B:K♦ 3♦=3  BANKER(W)  | +950원 → 236,000원
H1911 | bet   1,000원 BANKER | P:7♣ 4♦ Q♦=1  B:7♥ 6♥ Q♦=3  BANKER(W)  | +950원 → 236,950원
H1912 | bet   1,000원 BANKER | P:2♠ 3♣ 6♣=1  B:8♣ 8♥ Q♥=6  BANKER(W)  | +950원 → 237,900원
H1913 | bet   1,000원 BANKER | P:10♠ A♦ 4♦=5  B:10♥ 4♣ 2♣=6  BANKER(W)  | +950원 → 238,850원
H1914 | bet   1,000원 BANKER | P:6♠ 5♦ 6♣=7  B:6♦ 9♦ 9♥=4  PLAYER(L)  | -1,000원 → 237,850원  [start]
H1915 | bet   2,000원 PLAYER | P:7♠ 3♠ 5♣=5  B:8♥ 5♣ 8♠=1  PLAYER(W)  | +2,000원 → 239,850원  [end_win]
H1916 | bet   1,000원 BANKER | P:5♥ 8♦ 8♦=1  B:5♦ 10♣=5  BANKER(W)  | +950원 → 240,800원
H1917 | bet   1,000원 BANKER | P:8♠ 4♣ 7♥=9  B:A♥ 5♣ 3♣=9  TIE(T)  |     0원 → 240,800원
H1918 | bet   1,000원 BANKER | P:K♣ 9♥=9  B:9♦ 8♣=7  PLAYER(L)  | -1,000원 → 239,800원  [start]
H1919 | bet   2,000원 PLAYER | P:K♥ 2♦ 3♠=5  B:J♣ 3♥ A♣=4  PLAYER(W)  | +2,000원 → 241,800원  [end_win]
H1920 | bet   1,000원 BANKER | P:K♥ A♥ 3♥=4  B:J♣ 10♣ 8♥=8  BANKER(W)  | +950원 → 242,750원
H1921 | bet   1,000원 BANKER | P:4♥ 7♣ 10♥=1  B:3♠ 9♦ Q♠=2  BANKER(W)  | +950원 → 243,700원
H1922 | bet   1,000원 BANKER | P:4♣ 5♠=9  B:9♣ 3♦=2  PLAYER(L)  | -1,000원 → 242,700원  [start]
H1923 | bet   2,000원 PLAYER | P:6♥ 7♠ K♣=3  B:5♣ 10♣=5  BANKER(L)  | -2,000원 → 240,700원
H1924 | bet   4,000원 PLAYER | P:Q♥ 3♥ J♦=3  B:A♠ J♥ Q♥=1  PLAYER(W)  | +4,000원 → 244,700원  [end_win]
H1925 | bet   1,000원 BANKER | P:J♥ Q♥ K♥=0  B:6♦ Q♥=6  BANKER(W)  | +950원 → 245,650원
H1926 | bet   1,000원 BANKER | P:8♠ 8♠=6  B:J♠ 2♦ 9♥=1  PLAYER(L)  | -1,000원 → 244,650원  [start]
H1927 | bet   2,000원 PLAYER | P:9♠ 2♣ 4♠=5  B:8♥ 4♥ 3♣=5  TIE(T)  |     0원 → 244,650원
H1928 | bet   2,000원 PLAYER | P:J♣ 10♣ K♠=0  B:10♠ 10♣ 9♥=9  BANKER(L)  | -2,000원 → 242,650원
H1929 | bet   4,000원 PLAYER | P:J♣ K♦ Q♥=0  B:9♦ 6♦=5  BANKER(L)  | -4,000원 → 238,650원
H1930 | bet   8,000원 PLAYER | P:2♥ 4♥=6  B:2♥ 5♠=7  BANKER(L)  | -8,000원 → 230,650원
H1931 | bet  16,000원 PLAYER | P:2♠ 8♦=0  B:9♦ J♣=9  BANKER(L)  | -16,000원 → 214,650원  [end_giveup]
H1932 | bet   1,000원 BANKER | P:8♦ 9♠=7  B:4♣ J♥ 6♣=0  PLAYER(L)  | -1,000원 → 213,650원  [start]
H1933 | bet   2,000원 PLAYER | P:7♣ 5♦ 6♥=8  B:5♣ 7♣ Q♦=2  PLAYER(W)  | +2,000원 → 215,650원  [end_win]
H1934 | bet   1,000원 BANKER | P:7♥ Q♥=7  B:10♦ 3♣ K♠=3  PLAYER(L)  | -1,000원 → 214,650원  [start]
H1935 | bet   2,000원 PLAYER | P:5♥ Q♣ A♠=6  B:J♠ 2♠ 7♥=9  BANKER(L)  | -2,000원 → 212,650원
H1936 | bet   4,000원 PLAYER | P:6♦ 10♠=6  B:2♥ 10♠ K♣=2  PLAYER(W)  | +4,000원 → 216,650원  [end_win]
H1937 | bet   1,000원 BANKER | P:4♥ 4♠=8  B:8♥ 7♠=5  PLAYER(L)  | -1,000원 → 215,650원  [start]
H1938 | bet   2,000원 PLAYER | P:5♦ 6♠ 10♠=1  B:7♠ 8♦=5  BANKER(L)  | -2,000원 → 213,650원
H1939 | bet   4,000원 PLAYER | P:10♣ 2♣=2  B:8♦ K♦=8  BANKER(L)  | -4,000원 → 209,650원
H1940 | bet   8,000원 PLAYER | P:9♣ 4♦ 2♦=5  B:J♠ A♥ 4♠=5  TIE(T)  |     0원 → 209,650원
H1941 | bet   8,000원 PLAYER | P:10♦ 2♦ 10♥=2  B:7♣ 9♠=6  BANKER(L)  | -8,000원 → 201,650원
H1942 | bet  16,000원 PLAYER | P:Q♣ 10♠ 3♠=3  B:K♣ 5♥=5  BANKER(L)  | -16,000원 → 185,650원  [end_giveup]
H1943 | bet   1,000원 BANKER | P:9♦ A♦ 3♠=3  B:2♥ 9♣ 7♦=8  BANKER(W)  | +950원 → 186,600원
H1944 | bet   1,000원 BANKER | P:6♠ 9♥ 5♦=0  B:Q♠ 3♠ 8♠=1  BANKER(W)  | +950원 → 187,550원
H1945 | bet   1,000원 BANKER | P:7♦ 9♣=6  B:6♣ 7♣ 2♦=5  PLAYER(L)  | -1,000원 → 186,550원  [start]
H1946 | bet   2,000원 PLAYER | P:6♦ 6♥ 4♣=6  B:5♥ 6♣ 2♣=3  PLAYER(W)  | +2,000원 → 188,550원  [end_win]
H1947 | bet   1,000원 BANKER | P:6♣ J♠=6  B:A♥ K♠ J♦=1  PLAYER(L)  | -1,000원 → 187,550원  [start]
H1948 | bet   2,000원 PLAYER | P:10♦ 6♦=6  B:A♣ 2♥ J♣=3  PLAYER(W)  | +2,000원 → 189,550원  [end_win]
H1949 | bet   1,000원 BANKER | P:7♠ A♠=8  B:Q♣ Q♠=0  PLAYER(L)  | -1,000원 → 188,550원  [start]
H1950 | bet   2,000원 PLAYER | P:5♦ J♦ 2♦=7  B:7♦ 3♣ 7♥=7  TIE(T)  |     0원 → 188,550원
H1951 | bet   2,000원 PLAYER | P:J♠ A♦ 8♥=9  B:J♣ 5♥=5  PLAYER(W)  | +2,000원 → 190,550원  [end_win]
H1952 | bet   1,000원 BANKER | P:9♦ 9♥=8  B:8♣ A♠=9  BANKER(W)  | +950원 → 191,500원
H1953 | bet   1,000원 BANKER | P:6♣ Q♦=6  B:2♣ A♦ A♣=4  PLAYER(L)  | -1,000원 → 190,500원  [start]
H1954 | bet   2,000원 PLAYER | P:K♠ 2♥ K♠=2  B:9♣ 3♠ K♥=2  TIE(T)  |     0원 → 190,500원
H1955 | bet   2,000원 PLAYER | P:2♥ K♦ 5♦=7  B:Q♠ 4♦ 3♥=7  TIE(T)  |     0원 → 190,500원
H1956 | bet   2,000원 PLAYER | P:K♥ 5♥ 2♣=7  B:A♣ J♦ 7♣=8  BANKER(L)  | -2,000원 → 188,500원
H1957 | bet   4,000원 PLAYER | P:7♠ A♣=8  B:K♣ A♥=1  PLAYER(W)  | +4,000원 → 192,500원  [end_win]
H1958 | bet   1,000원 BANKER | P:7♦ K♦=7  B:5♣ Q♣ J♥=5  PLAYER(L)  | -1,000원 → 191,500원  [start]
H1959 | bet   2,000원 PLAYER | P:A♣ A♠ 4♠=6  B:Q♣ 7♦=7  BANKER(L)  | -2,000원 → 189,500원
H1960 | bet   4,000원 PLAYER | P:5♥ 4♥=9  B:J♦ 8♣=8  PLAYER(W)  | +4,000원 → 193,500원  [end_win]
H1961 | bet   1,000원 BANKER | P:10♦ Q♦ 8♣=8  B:2♠ 5♦=7  PLAYER(L)  | -1,000원 → 192,500원  [start]
H1962 | bet   2,000원 PLAYER | P:7♥ 3♦ 6♠=6  B:J♦ K♥ 2♠=2  PLAYER(W)  | +2,000원 → 194,500원  [end_win]
H1963 | bet   1,000원 BANKER | P:4♣ 10♠ 8♥=2  B:3♣ Q♥=3  BANKER(W)  | +950원 → 195,450원
H1964 | bet   1,000원 BANKER | P:8♣ K♦=8  B:2♠ 2♦=4  PLAYER(L)  | -1,000원 → 194,450원  [start]
H1965 | bet   2,000원 PLAYER | P:J♠ 5♠ K♠=5  B:J♠ 7♦=7  BANKER(L)  | -2,000원 → 192,450원
H1966 | bet   4,000원 PLAYER | P:A♣ J♥=1  B:8♥ J♥=8  BANKER(L)  | -4,000원 → 188,450원
H1967 | bet   8,000원 PLAYER | P:6♣ 6♥=2  B:3♦ 6♦=9  BANKER(L)  | -8,000원 → 180,450원
H1968 | bet  16,000원 PLAYER | P:J♥ 8♦=8  B:4♦ 4♥=8  TIE(T)  |     0원 → 180,450원
H1969 | bet  16,000원 PLAYER | P:3♦ 5♦=8  B:A♥ Q♥=1  PLAYER(W)  | +16,000원 → 196,450원  [end_win]
H1970 | bet   1,000원 BANKER | P:5♦ 8♠=3  B:Q♠ 9♠=9  BANKER(W)  | +950원 → 197,400원
H1971 | bet   1,000원 BANKER | P:10♦ 8♣=8  B:10♣ 2♣=2  PLAYER(L)  | -1,000원 → 196,400원  [start]
H1972 | bet   2,000원 PLAYER | P:10♦ 7♣=7  B:K♣ K♣ 3♠=3  PLAYER(W)  | +2,000원 → 198,400원  [end_win]
H1973 | bet   1,000원 BANKER | P:J♥ 5♣ 2♥=7  B:A♠ Q♠ 7♦=8  BANKER(W)  | +950원 → 199,350원
H1974 | bet   1,000원 BANKER | P:J♦ 3♥ J♦=3  B:8♥ 6♠=4  BANKER(W)  | +950원 → 200,300원
H1975 | bet   1,000원 BANKER | P:9♣ K♥=9  B:3♣ 2♠=5  PLAYER(L)  | -1,000원 → 199,300원  [start]
H1976 | bet   2,000원 PLAYER | P:6♥ 9♦ Q♥=5  B:J♣ 7♠=7  BANKER(L)  | -2,000원 → 197,300원
H1977 | bet   4,000원 PLAYER | P:4♣ 4♦=8  B:J♥ 7♥=7  PLAYER(W)  | +4,000원 → 201,300원  [end_win]
H1978 | bet   1,000원 BANKER | P:Q♥ 8♥=8  B:Q♠ 8♦=8  TIE(T)  |     0원 → 201,300원
H1979 | bet   1,000원 BANKER | P:A♥ 3♦=4  B:J♠ 9♦=9  BANKER(W)  | +950원 → 202,250원
H1980 | bet   1,000원 BANKER | P:2♦ 10♠ K♣=2  B:10♣ J♠ J♠=0  PLAYER(L)  | -1,000원 → 201,250원  [start]
H1981 | bet   2,000원 PLAYER | P:7♥ 4♠=1  B:8♥ 10♥=8  BANKER(L)  | -2,000원 → 199,250원
H1982 | bet   4,000원 PLAYER | P:10♦ 9♣=9  B:A♣ 10♠=1  PLAYER(W)  | +4,000원 → 203,250원  [end_win]
H1983 | bet   1,000원 BANKER | P:5♣ 8♦=3  B:10♦ 9♠=9  BANKER(W)  | +950원 → 204,200원
H1984 | bet   1,000원 BANKER | P:9♥ 7♣=6  B:8♦ 6♣ 2♠=6  TIE(T)  |     0원 → 204,200원
H1985 | bet   1,000원 BANKER | P:8♥ 3♠ 3♠=4  B:5♥ 7♠ J♥=2  PLAYER(L)  | -1,000원 → 203,200원  [start]
H1986 | bet   2,000원 PLAYER | P:K♦ K♣=0  B:8♦ Q♣=8  BANKER(L)  | -2,000원 → 201,200원
H1987 | bet   4,000원 PLAYER | P:K♠ J♠ A♦=1  B:5♥ 2♥=7  BANKER(L)  | -4,000원 → 197,200원
H1988 | bet   8,000원 PLAYER | P:K♥ 9♦=9  B:9♥ K♠=9  TIE(T)  |     0원 → 197,200원
H1989 | bet   8,000원 PLAYER | P:Q♦ 8♣=8  B:A♠ 4♦=5  PLAYER(W)  | +8,000원 → 205,200원  [end_win]
H1990 | bet   1,000원 BANKER | P:7♣ 3♠ Q♠=0  B:3♣ 10♥ 8♠=1  BANKER(W)  | +950원 → 206,150원
H1991 | bet   1,000원 BANKER | P:2♣ J♣=2  B:6♠ 2♦=8  BANKER(W)  | +950원 → 207,100원
H1992 | bet   1,000원 BANKER | P:7♠ A♦=8  B:10♦ 9♣=9  BANKER(W)  | +950원 → 208,050원
H1993 | bet   1,000원 BANKER | P:A♦ A♠ 4♣=6  B:9♥ A♥ 4♣=4  PLAYER(L)  | -1,000원 → 207,050원  [start]
H1994 | bet   2,000원 PLAYER | P:9♣ 8♦=7  B:A♣ A♥ 3♣=5  PLAYER(W)  | +2,000원 → 209,050원  [end_win]
H1995 | bet   1,000원 BANKER | P:9♥ 2♥ 2♠=3  B:2♠ 10♥ K♠=2  PLAYER(L)  | -1,000원 → 208,050원  [start]
H1996 | bet   2,000원 PLAYER | P:K♥ A♦ 3♠=4  B:9♣ 2♦ 9♥=0  PLAYER(W)  | +2,000원 → 210,050원  [end_win]
H1997 | bet   1,000원 BANKER | P:J♣ A♦ J♦=1  B:J♦ K♣ 7♠=7  BANKER(W)  | +950원 → 211,000원
H1998 | bet   1,000원 BANKER | P:Q♦ J♠ 9♥=9  B:6♣ Q♣=6  PLAYER(L)  | -1,000원 → 210,000원  [start]
H1999 | bet   2,000원 PLAYER | P:Q♣ 7♣=7  B:10♣ 5♥ 10♠=5  PLAYER(W)  | +2,000원 → 212,000원  [end_win]
H2000 | bet   1,000원 BANKER | P:4♥ 5♦=9  B:3♣ Q♣=3  PLAYER(L)  | -1,000원 → 211,000원  [start]
H2001 | bet   2,000원 PLAYER | P:4♥ 7♥ A♦=2  B:2♣ Q♦ 6♥=8  BANKER(L)  | -2,000원 → 209,000원
H2002 | bet   4,000원 PLAYER | P:J♦ 8♣=8  B:J♦ 2♣=2  PLAYER(W)  | +4,000원 → 213,000원  [end_win]
H2003 | bet   1,000원 BANKER | P:A♠ 7♦=8  B:7♦ 2♦=9  BANKER(W)  | +950원 → 213,950원
H2004 | bet   1,000원 BANKER | P:6♥ K♦=6  B:3♥ 8♠ K♥=1  PLAYER(L)  | -1,000원 → 212,950원  [start]
H2005 | bet   2,000원 PLAYER | P:A♥ A♣ 6♠=8  B:K♥ K♠ 10♦=0  PLAYER(W)  | +2,000원 → 214,950원  [end_win]
H2006 | bet   1,000원 BANKER | P:10♠ 4♣ A♥=5  B:A♠ 10♠ 6♥=7  BANKER(W)  | +950원 → 215,900원
H2007 | bet   1,000원 BANKER | P:5♠ 9♣ 3♣=7  B:K♣ 7♣=7  TIE(T)  |     0원 → 215,900원
H2008 | bet   1,000원 BANKER | P:3♣ 3♥=6  B:K♦ 3♣ 4♣=7  BANKER(W)  | +950원 → 216,850원
H2009 | bet   1,000원 BANKER | P:Q♣ K♦=0  B:Q♥ 8♠=8  BANKER(W)  | +950원 → 217,800원
H2010 | bet   1,000원 BANKER | P:10♦ J♥ 6♠=6  B:K♠ J♦ 4♦=4  PLAYER(L)  | -1,000원 → 216,800원  [start]
H2011 | bet   2,000원 PLAYER | P:8♦ 2♠ Q♦=0  B:Q♦ 7♦=7  BANKER(L)  | -2,000원 → 214,800원
H2012 | bet   4,000원 PLAYER | P:3♦ 8♣ A♠=2  B:2♥ 8♠ K♦=0  PLAYER(W)  | +4,000원 → 218,800원  [end_win]
H2013 | bet   1,000원 BANKER | P:3♦ 4♠=7  B:K♥ 3♠ 6♣=9  BANKER(W)  | +950원 → 219,750원
H2014 | bet   1,000원 BANKER | P:9♣ 3♠ 9♦=1  B:J♣ J♠ 3♥=3  BANKER(W)  | +950원 → 220,700원
H2015 | bet   1,000원 BANKER | P:J♥ 7♣=7  B:A♥ 5♦=6  PLAYER(L)  | -1,000원 → 219,700원  [start]
H2016 | bet   2,000원 PLAYER | P:6♦ 7♥ 8♥=1  B:7♥ 10♣=7  BANKER(L)  | -2,000원 → 217,700원
H2017 | bet   4,000원 PLAYER | P:3♠ 9♣ 5♣=7  B:6♠ 6♦ 5♥=7  TIE(T)  |     0원 → 217,700원
H2018 | bet   4,000원 PLAYER | P:2♦ 8♣=0  B:10♥ 9♦=9  BANKER(L)  | -4,000원 → 213,700원
H2019 | bet   8,000원 PLAYER | P:4♠ 7♦=1  B:Q♠ 8♣=8  BANKER(L)  | -8,000원 → 205,700원
H2020 | bet  16,000원 PLAYER | P:10♥ 3♦ 7♥=0  B:Q♠ 5♦ 2♦=7  BANKER(L)  | -16,000원 → 189,700원  [end_giveup]
H2021 | bet   1,000원 BANKER | P:3♥ 10♥ 6♣=9  B:7♣ 4♥ 9♠=0  PLAYER(L)  | -1,000원 → 188,700원  [start]
H2022 | bet   2,000원 PLAYER | P:4♠ Q♠ 8♦=2  B:2♥ 5♠=7  BANKER(L)  | -2,000원 → 186,700원
H2023 | bet   4,000원 PLAYER | P:9♥ Q♥=9  B:K♣ 8♣=8  PLAYER(W)  | +4,000원 → 190,700원  [end_win]
H2024 | bet   1,000원 BANKER | P:6♥ Q♣=6  B:5♣ 8♣ 9♠=2  PLAYER(L)  | -1,000원 → 189,700원  [start]
H2025 | bet   2,000원 PLAYER | P:3♥ 9♠=2  B:5♠ 4♣=9  BANKER(L)  | -2,000원 → 187,700원
H2026 | bet   4,000원 PLAYER | P:2♠ 3♥ 6♦=1  B:Q♦ J♣ 7♥=7  BANKER(L)  | -4,000원 → 183,700원
H2027 | bet   8,000원 PLAYER | P:10♦ Q♣ 5♣=5  B:Q♥ J♠ 2♣=2  PLAYER(W)  | +8,000원 → 191,700원  [end_win]
H2028 | bet   1,000원 BANKER | P:4♦ 10♣=4  B:5♠ 4♥=9  BANKER(W)  | +950원 → 192,650원
H2029 | bet   1,000원 BANKER | P:2♦ 5♥=7  B:5♠ 4♠=9  BANKER(W)  | +950원 → 193,600원
H2030 | bet   1,000원 BANKER | P:10♠ 6♣=6  B:8♥ 5♥ 3♦=6  TIE(T)  |     0원 → 193,600원
H2031 | bet   1,000원 BANKER | P:10♣ 10♣ 4♥=4  B:7♦ 6♣ 5♠=8  BANKER(W)  | +950원 → 194,550원
H2032 | bet   1,000원 BANKER | P:A♣ 5♦=6  B:2♣ 10♥ 9♥=1  PLAYER(L)  | -1,000원 → 193,550원  [start]
H2033 | bet   2,000원 PLAYER | P:5♥ 8♠ A♥=4  B:4♠ 7♦ J♠=1  PLAYER(W)  | +2,000원 → 195,550원  [end_win]
H2034 | bet   1,000원 BANKER | P:6♦ 7♣=3  B:A♠ 8♠=9  BANKER(W)  | +950원 → 196,500원
H2035 | bet   1,000원 BANKER | P:4♥ K♠ 5♠=9  B:4♦ 7♠ 5♥=6  PLAYER(L)  | -1,000원 → 195,500원  [start]
H2036 | bet   2,000원 PLAYER | P:5♦ A♠=6  B:7♠ 6♠ Q♥=3  PLAYER(W)  | +2,000원 → 197,500원  [end_win]
H2037 | bet   1,000원 BANKER | P:J♣ K♠ 7♦=7  B:7♠ 9♠ 2♣=8  BANKER(W)  | +950원 → 198,450원
H2038 | bet   1,000원 BANKER | P:A♦ 10♥=1  B:4♣ 4♦=8  BANKER(W)  | +950원 → 199,400원
H2039 | bet   1,000원 BANKER | P:6♦ A♦=7  B:5♦ Q♣ 5♣=0  PLAYER(L)  | -1,000원 → 198,400원  [start]
H2040 | bet   2,000원 PLAYER | P:A♣ 6♥=7  B:A♣ 10♠ 6♣=7  TIE(T)  |     0원 → 198,400원
H2041 | bet   2,000원 PLAYER | P:6♠ 3♦=9  B:8♠ 3♣=1  PLAYER(W)  | +2,000원 → 200,400원  [end_win]
H2042 | bet   1,000원 BANKER | P:6♥ 9♠=5  B:5♣ 4♠=9  BANKER(W)  | +950원 → 201,350원
H2043 | bet   1,000원 BANKER | P:K♦ 5♣ Q♥=5  B:Q♠ K♣ 9♠=9  BANKER(W)  | +950원 → 202,300원
H2044 | bet   1,000원 BANKER | P:4♥ K♦ K♦=4  B:5♠ 7♥ 4♣=6  BANKER(W)  | +950원 → 203,250원
H2045 | bet   1,000원 BANKER | P:2♥ 2♥ 2♠=6  B:2♦ 4♠=6  TIE(T)  |     0원 → 203,250원
H2046 | bet   1,000원 BANKER | P:K♥ 2♥=2  B:6♦ 2♣=8  BANKER(W)  | +950원 → 204,200원
H2047 | bet   1,000원 BANKER | P:2♠ J♦ 10♣=2  B:6♠ 9♦=5  BANKER(W)  | +950원 → 205,150원
H2048 | bet   1,000원 BANKER | P:K♠ Q♦ 10♠=0  B:J♣ 4♦=4  BANKER(W)  | +950원 → 206,100원
H2049 | bet   1,000원 BANKER | P:3♠ 7♦=0  B:2♣ 6♣=8  BANKER(W)  | +950원 → 207,050원
H2050 | bet   1,000원 BANKER | P:10♠ 6♥=6  B:K♦ 9♥=9  BANKER(W)  | +950원 → 208,000원
H2051 | bet   1,000원 BANKER | P:Q♣ 10♠=0  B:K♦ 8♠=8  BANKER(W)  | +950원 → 208,950원
H2052 | bet   1,000원 BANKER | P:10♦ Q♠ K♥=0  B:5♠ K♦=5  BANKER(W)  | +950원 → 209,900원
H2053 | bet   1,000원 BANKER | P:A♦ Q♥ K♦=1  B:A♦ 9♠ A♠=1  TIE(T)  |     0원 → 209,900원
H2054 | bet   1,000원 BANKER | P:6♥ A♠=7  B:4♠ Q♠ J♦=4  PLAYER(L)  | -1,000원 → 208,900원  [start]
H2055 | bet   2,000원 PLAYER | P:9♦ 2♣=1  B:A♠ 7♥=8  BANKER(L)  | -2,000원 → 206,900원
H2056 | bet   4,000원 PLAYER | P:6♣ 5♠ 4♦=5  B:9♠ 2♥ 4♠=5  TIE(T)  |     0원 → 206,900원
H2057 | bet   4,000원 PLAYER | P:4♥ A♠ 7♦=2  B:4♦ 7♣ A♦=2  TIE(T)  |     0원 → 206,900원
H2058 | bet   4,000원 PLAYER | P:2♥ 4♣=6  B:3♦ 7♠ 7♣=7  BANKER(L)  | -4,000원 → 202,900원
H2059 | bet   8,000원 PLAYER | P:5♠ 8♠=3  B:K♠ 9♠=9  BANKER(L)  | -8,000원 → 194,900원
H2060 | bet  16,000원 PLAYER | P:4♦ 8♠ 9♣=1  B:4♠ J♣=4  BANKER(L)  | -16,000원 → 178,900원  [end_giveup]
H2061 | bet   1,000원 BANKER | P:J♣ A♠ 6♦=7  B:10♠ 7♥=7  TIE(T)  |     0원 → 178,900원
H2062 | bet   1,000원 BANKER | P:4♣ J♦ 7♣=1  B:8♣ 5♠ 10♣=3  BANKER(W)  | +950원 → 179,850원
H2063 | bet   1,000원 BANKER | P:6♦ 6♠ J♣=2  B:5♥ 8♠ 3♣=6  BANKER(W)  | +950원 → 180,800원
H2064 | bet   1,000원 BANKER | P:8♥ Q♦=8  B:2♠ Q♠=2  PLAYER(L)  | -1,000원 → 179,800원  [start]
H2065 | bet   2,000원 PLAYER | P:8♥ 6♠ 9♦=3  B:10♦ 2♣ 3♠=5  BANKER(L)  | -2,000원 → 177,800원
H2066 | bet   4,000원 PLAYER | P:9♦ 3♦ 3♥=5  B:5♣ 7♠ 4♥=6  BANKER(L)  | -4,000원 → 173,800원
H2067 | bet   8,000원 PLAYER | P:2♠ 9♠=1  B:J♠ 9♥=9  BANKER(L)  | -8,000원 → 165,800원
H2068 | bet  16,000원 PLAYER | P:2♣ 5♣=7  B:4♠ 5♣=9  BANKER(L)  | -16,000원 → 149,800원  [end_giveup]
H2069 | bet   1,000원 BANKER | P:4♥ 5♦=9  B:2♠ Q♠=2  PLAYER(L)  | -1,000원 → 148,800원  [start]
H2070 | bet   2,000원 PLAYER | P:10♦ 9♦=9  B:5♣ A♥=6  PLAYER(W)  | +2,000원 → 150,800원  [end_win]
H2071 | bet   1,000원 BANKER | P:Q♠ 8♣=8  B:J♦ 2♥=2  PLAYER(L)  | -1,000원 → 149,800원  [start]
H2072 | bet   2,000원 PLAYER | P:6♠ 3♠=9  B:8♥ A♠=9  TIE(T)  |     0원 → 149,800원
H2073 | bet   2,000원 PLAYER | P:7♥ 4♠ 3♦=4  B:6♥ A♣=7  BANKER(L)  | -2,000원 → 147,800원
H2074 | bet   4,000원 PLAYER | P:8♠ 8♠=6  B:2♥ J♦ K♦=2  PLAYER(W)  | +4,000원 → 151,800원  [end_win]
H2075 | bet   1,000원 BANKER | P:7♦ 6♥ A♥=4  B:K♣ 6♣=6  BANKER(W)  | +950원 → 152,750원
H2076 | bet   1,000원 BANKER | P:10♠ Q♥=0  B:5♥ 4♠=9  BANKER(W)  | +950원 → 153,700원
H2077 | bet   1,000원 BANKER | P:5♣ J♠ Q♣=5  B:7♠ 4♥ K♣=1  PLAYER(L)  | -1,000원 → 152,700원  [start]
H2078 | bet   2,000원 PLAYER | P:K♣ 4♥ 4♣=8  B:9♦ 8♣=7  PLAYER(W)  | +2,000원 → 154,700원  [end_win]
H2079 | bet   1,000원 BANKER | P:K♠ 6♥=6  B:K♥ 4♦ A♣=5  PLAYER(L)  | -1,000원 → 153,700원  [start]
H2080 | bet   2,000원 PLAYER | P:5♣ Q♦ 4♣=9  B:8♦ 3♠ J♣=1  PLAYER(W)  | +2,000원 → 155,700원  [end_win]
H2081 | bet   1,000원 BANKER | P:9♣ 10♦=9  B:K♠ 7♦=7  PLAYER(L)  | -1,000원 → 154,700원  [start]
H2082 | bet   2,000원 PLAYER | P:10♠ 2♣=2  B:10♦ 9♣=9  BANKER(L)  | -2,000원 → 152,700원
H2083 | bet   4,000원 PLAYER | P:2♠ 3♣ 8♦=3  B:7♠ 3♦ K♥=0  PLAYER(W)  | +4,000원 → 156,700원  [end_win]
H2084 | bet   1,000원 BANKER | P:J♥ 10♣ 7♥=7  B:A♥ J♥ K♥=1  PLAYER(L)  | -1,000원 → 155,700원  [start]
H2085 | bet   2,000원 PLAYER | P:3♥ 7♥ K♦=0  B:10♠ 3♦ A♥=4  BANKER(L)  | -2,000원 → 153,700원
H2086 | bet   4,000원 PLAYER | P:10♥ J♣ 8♣=8  B:A♣ J♣ 6♦=7  PLAYER(W)  | +4,000원 → 157,700원  [end_win]
H2087 | bet   1,000원 BANKER | P:A♣ K♥=1  B:3♠ 5♠=8  BANKER(W)  | +950원 → 158,650원
H2088 | bet   1,000원 BANKER | P:7♣ 3♠ 10♦=0  B:A♦ 2♣ 10♦=3  BANKER(W)  | +950원 → 159,600원
H2089 | bet   1,000원 BANKER | P:3♥ 9♠ 5♠=7  B:Q♣ 6♦=6  PLAYER(L)  | -1,000원 → 158,600원  [start]
H2090 | bet   2,000원 PLAYER | P:J♠ 2♥ A♠=3  B:K♦ 4♣=4  BANKER(L)  | -2,000원 → 156,600원
H2091 | bet   4,000원 PLAYER | P:6♠ 2♥=8  B:A♣ A♦=2  PLAYER(W)  | +4,000원 → 160,600원  [end_win]
H2092 | bet   1,000원 BANKER | P:7♥ Q♦=7  B:8♠ 9♥=7  TIE(T)  |     0원 → 160,600원
H2093 | bet   1,000원 BANKER | P:8♦ 8♠=6  B:7♣ 4♣ 10♦=1  PLAYER(L)  | -1,000원 → 159,600원  [start]
H2094 | bet   2,000원 PLAYER | P:J♠ 9♥=9  B:5♦ 3♥=8  PLAYER(W)  | +2,000원 → 161,600원  [end_win]
H2095 | bet   1,000원 BANKER | P:4♦ K♠ 9♥=3  B:Q♣ 5♥=5  BANKER(W)  | +950원 → 162,550원
H2096 | bet   1,000원 BANKER | P:10♥ 3♠ 10♥=3  B:3♦ J♠ 10♥=3  TIE(T)  |     0원 → 162,550원
H2097 | bet   1,000원 BANKER | P:J♥ 4♠=4  B:9♠ Q♥=9  BANKER(W)  | +950원 → 163,500원
H2098 | bet   1,000원 BANKER | P:K♠ 5♣ 10♣=5  B:A♣ 4♥=5  TIE(T)  |     0원 → 163,500원
H2099 | bet   1,000원 BANKER | P:J♠ 4♣ 4♥=8  B:9♣ 8♦=7  PLAYER(L)  | -1,000원 → 162,500원  [start]
H2100 | bet   2,000원 PLAYER | P:K♠ 10♣ 2♥=2  B:9♣ 3♣ Q♥=2  TIE(T)  |     0원 → 162,500원
H2101 | bet   2,000원 PLAYER | P:8♦ 4♦ A♠=3  B:5♠ 5♥ K♣=0  PLAYER(W)  | +2,000원 → 164,500원  [end_win]
H2102 | bet   1,000원 BANKER | P:A♥ 8♥=9  B:4♦ 4♠=8  PLAYER(L)  | -1,000원 → 163,500원  [start]
H2103 | bet   2,000원 PLAYER | P:7♦ 6♠ 6♣=9  B:A♦ 3♣ 7♠=1  PLAYER(W)  | +2,000원 → 165,500원  [end_win]
H2104 | bet   1,000원 BANKER | P:J♦ 2♠ 2♦=4  B:K♦ 2♣ 3♦=5  BANKER(W)  | +950원 → 166,450원
H2105 | bet   1,000원 BANKER | P:6♦ 7♠ K♥=3  B:5♦ 10♣=5  BANKER(W)  | +950원 → 167,400원
H2106 | bet   1,000원 BANKER | P:A♦ Q♣ 6♦=7  B:3♥ K♣ 6♣=9  BANKER(W)  | +950원 → 168,350원
H2107 | bet   1,000원 BANKER | P:Q♦ Q♦ 5♥=5  B:7♦ 3♠ 9♠=9  BANKER(W)  | +950원 → 169,300원
H2108 | bet   1,000원 BANKER | P:8♥ 7♥ 2♠=7  B:K♣ J♥ Q♣=0  PLAYER(L)  | -1,000원 → 168,300원  [start]
H2109 | bet   2,000원 PLAYER | P:6♥ Q♥=6  B:3♥ 4♣=7  BANKER(L)  | -2,000원 → 166,300원
H2110 | bet   4,000원 PLAYER | P:6♣ 5♥ 2♦=3  B:3♥ A♥ 2♦=6  BANKER(L)  | -4,000원 → 162,300원
H2111 | bet   8,000원 PLAYER | P:J♣ J♥ J♠=0  B:3♦ 3♣=6  BANKER(L)  | -8,000원 → 154,300원
H2112 | bet  16,000원 PLAYER | P:6♠ 8♣ 7♠=1  B:7♦ 6♥ Q♠=3  BANKER(L)  | -16,000원 → 138,300원  [end_giveup]
H2113 | bet   1,000원 BANKER | P:5♠ J♠ 3♣=8  B:6♥ 9♠=5  PLAYER(L)  | -1,000원 → 137,300원  [start]
H2114 | bet   2,000원 PLAYER | P:8♥ K♠=8  B:4♥ 10♠=4  PLAYER(W)  | +2,000원 → 139,300원  [end_win]
H2115 | bet   1,000원 BANKER | P:9♣ A♥ 10♣=0  B:9♦ 2♦ 3♣=4  BANKER(W)  | +950원 → 140,250원
H2116 | bet   1,000원 BANKER | P:7♣ 2♥=9  B:6♦ 7♣=3  PLAYER(L)  | -1,000원 → 139,250원  [start]
H2117 | bet   2,000원 PLAYER | P:2♦ A♣=3  B:Q♦ 8♥=8  BANKER(L)  | -2,000원 → 137,250원
H2118 | bet   4,000원 PLAYER | P:8♦ J♦=8  B:Q♥ 2♦=2  PLAYER(W)  | +4,000원 → 141,250원  [end_win]
H2119 | bet   1,000원 BANKER | P:5♦ 5♥=0  B:J♥ 9♣=9  BANKER(W)  | +950원 → 142,200원
H2120 | bet   1,000원 BANKER | P:K♥ K♣ 5♥=5  B:2♦ A♥ 10♣=3  PLAYER(L)  | -1,000원 → 141,200원  [start]
H2121 | bet   2,000원 PLAYER | P:9♦ 2♣=1  B:8♣ A♣=9  BANKER(L)  | -2,000원 → 139,200원
H2122 | bet   4,000원 PLAYER | P:2♦ 8♦ 6♠=6  B:5♦ 8♣ J♦=3  PLAYER(W)  | +4,000원 → 143,200원  [end_win]
H2123 | bet   1,000원 BANKER | P:Q♥ 5♦=5  B:10♣ 9♦=9  BANKER(W)  | +950원 → 144,150원
H2124 | bet   1,000원 BANKER | P:A♦ 5♣=6  B:2♠ 7♠=9  BANKER(W)  | +950원 → 145,100원
H2125 | bet   1,000원 BANKER | P:8♦ 6♣ 10♠=4  B:10♥ 6♦=6  BANKER(W)  | +950원 → 146,050원
H2126 | bet   1,000원 BANKER | P:Q♠ 7♣=7  B:Q♣ Q♥ 6♣=6  PLAYER(L)  | -1,000원 → 145,050원  [start]
H2127 | bet   2,000원 PLAYER | P:J♥ 7♦=7  B:8♣ 3♣ J♦=1  PLAYER(W)  | +2,000원 → 147,050원  [end_win]
H2128 | bet   1,000원 BANKER | P:9♥ 10♥=9  B:J♣ 2♠=2  PLAYER(L)  | -1,000원 → 146,050원  [start]
H2129 | bet   2,000원 PLAYER | P:5♦ 9♣ Q♠=4  B:Q♣ 4♦=4  TIE(T)  |     0원 → 146,050원
H2130 | bet   2,000원 PLAYER | P:6♠ Q♦=6  B:K♣ 9♥=9  BANKER(L)  | -2,000원 → 144,050원
H2131 | bet   4,000원 PLAYER | P:2♠ 7♣=9  B:3♣ J♣=3  PLAYER(W)  | +4,000원 → 148,050원  [end_win]
H2132 | bet   1,000원 BANKER | P:9♥ 6♦ 3♦=8  B:J♥ J♠ 7♣=7  PLAYER(L)  | -1,000원 → 147,050원  [start]
H2133 | bet   2,000원 PLAYER | P:7♠ J♠=7  B:2♦ J♥ 10♣=2  PLAYER(W)  | +2,000원 → 149,050원  [end_win]
H2134 | bet   1,000원 BANKER | P:2♠ 6♦=8  B:10♣ 7♥=7  PLAYER(L)  | -1,000원 → 148,050원  [start]
H2135 | bet   2,000원 PLAYER | P:K♠ 4♠ K♦=4  B:3♥ Q♥ A♣=4  TIE(T)  |     0원 → 148,050원
H2136 | bet   2,000원 PLAYER | P:6♦ Q♦=6  B:K♠ 10♠ K♥=0  PLAYER(W)  | +2,000원 → 150,050원  [end_win]
H2137 | bet   1,000원 BANKER | P:7♠ 4♥=1  B:4♥ 5♠=9  BANKER(W)  | +950원 → 151,000원
H2138 | bet   1,000원 BANKER | P:6♠ 4♣ 8♦=8  B:10♣ 3♥=3  PLAYER(L)  | -1,000원 → 150,000원  [start]
H2139 | bet   2,000원 PLAYER | P:6♠ 10♥=6  B:4♥ 7♦ 5♣=6  TIE(T)  |     0원 → 150,000원
H2140 | bet   2,000원 PLAYER | P:5♦ K♣ 8♠=3  B:4♦ Q♣=4  BANKER(L)  | -2,000원 → 148,000원
H2141 | bet   4,000원 PLAYER | P:2♦ 6♥=8  B:J♠ 4♦=4  PLAYER(W)  | +4,000원 → 152,000원  [end_win]
H2142 | bet   1,000원 BANKER | P:5♦ A♠=6  B:5♣ A♦=6  TIE(T)  |     0원 → 152,000원
H2143 | bet   1,000원 BANKER | P:2♦ 3♦ 4♦=9  B:10♦ Q♠ A♥=1  PLAYER(L)  | -1,000원 → 151,000원  [start]
H2144 | bet   2,000원 PLAYER | P:7♠ 7♥ 10♥=4  B:8♣ 8♦=6  BANKER(L)  | -2,000원 → 149,000원
H2145 | bet   4,000원 PLAYER | P:7♠ 9♠=6  B:7♠ 8♣ 5♠=0  PLAYER(W)  | +4,000원 → 153,000원  [end_win]
H2146 | bet   1,000원 BANKER | P:9♦ J♣=9  B:2♠ 6♣=8  PLAYER(L)  | -1,000원 → 152,000원  [start]
H2147 | bet   2,000원 PLAYER | P:5♣ J♦ 7♥=2  B:Q♥ 7♥=7  BANKER(L)  | -2,000원 → 150,000원
H2148 | bet   4,000원 PLAYER | P:2♣ 7♦=9  B:A♣ K♣=1  PLAYER(W)  | +4,000원 → 154,000원  [end_win]
H2149 | bet   1,000원 BANKER | P:4♣ 6♠ A♥=1  B:3♠ Q♥ 5♥=8  BANKER(W)  | +950원 → 154,950원
H2150 | bet   1,000원 BANKER | P:9♣ 3♥ K♥=2  B:K♥ J♥ J♠=0  PLAYER(L)  | -1,000원 → 153,950원  [start]
H2151 | bet   2,000원 PLAYER | P:A♠ K♥ 4♣=5  B:8♣ 6♠ 5♥=9  BANKER(L)  | -2,000원 → 151,950원
H2152 | bet   4,000원 PLAYER | P:8♣ Q♦=8  B:K♦ 3♦=3  PLAYER(W)  | +4,000원 → 155,950원  [end_win]
H2153 | bet   1,000원 BANKER | P:Q♠ A♠ 9♠=0  B:A♦ K♦ 6♠=7  BANKER(W)  | +950원 → 156,900원
H2154 | bet   1,000원 BANKER | P:K♦ 7♠=7  B:10♠ 7♦=7  TIE(T)  |     0원 → 156,900원
H2155 | bet   1,000원 BANKER | P:J♠ 9♦=9  B:4♦ Q♥=4  PLAYER(L)  | -1,000원 → 155,900원  [start]
H2156 | bet   2,000원 PLAYER | P:Q♦ 8♥=8  B:K♥ 2♠=2  PLAYER(W)  | +2,000원 → 157,900원  [end_win]
H2157 | bet   1,000원 BANKER | P:9♠ 7♣=6  B:Q♥ Q♣ 5♣=5  PLAYER(L)  | -1,000원 → 156,900원  [start]
H2158 | bet   2,000원 PLAYER | P:8♠ A♠=9  B:9♣ 2♣=1  PLAYER(W)  | +2,000원 → 158,900원  [end_win]
H2159 | bet   1,000원 BANKER | P:A♥ A♣=2  B:5♦ 4♣=9  BANKER(W)  | +950원 → 159,850원
H2160 | bet   1,000원 BANKER | P:2♠ 4♣=6  B:Q♣ 4♠ J♠=4  PLAYER(L)  | -1,000원 → 158,850원  [start]
H2161 | bet   2,000원 PLAYER | P:3♠ J♣=3  B:3♥ 5♦=8  BANKER(L)  | -2,000원 → 156,850원
H2162 | bet   4,000원 PLAYER | P:3♠ 4♥=7  B:9♦ 5♥ 5♠=9  BANKER(L)  | -4,000원 → 152,850원
H2163 | bet   8,000원 PLAYER | P:7♠ 7♦ A♦=5  B:6♣ Q♦=6  BANKER(L)  | -8,000원 → 144,850원
H2164 | bet  16,000원 PLAYER | P:9♥ 10♦=9  B:9♦ Q♠=9  TIE(T)  |     0원 → 144,850원
H2165 | bet  16,000원 PLAYER | P:9♠ 3♠ 9♦=1  B:J♦ 4♠=4  BANKER(L)  | -16,000원 → 128,850원  [end_giveup]
H2166 | bet   1,000원 BANKER | P:Q♦ 6♥=6  B:Q♠ 6♥=6  TIE(T)  |     0원 → 128,850원
H2167 | bet   1,000원 BANKER | P:K♦ 2♦ K♠=2  B:Q♣ J♥ Q♠=0  PLAYER(L)  | -1,000원 → 127,850원  [start]
H2168 | bet   2,000원 PLAYER | P:A♥ 2♠ 6♦=9  B:K♥ 7♥=7  PLAYER(W)  | +2,000원 → 129,850원  [end_win]
H2169 | bet   1,000원 BANKER | P:4♥ 10♦ K♥=4  B:7♣ 6♥ 5♦=8  BANKER(W)  | +950원 → 130,800원
H2170 | bet   1,000원 BANKER | P:7♣ 5♣ K♠=2  B:8♥ 3♦ 8♦=9  BANKER(W)  | +950원 → 131,750원
H2171 | bet   1,000원 BANKER | P:5♠ 2♣=7  B:Q♠ 6♦=6  PLAYER(L)  | -1,000원 → 130,750원  [start]
H2172 | bet   2,000원 PLAYER | P:9♦ A♥ K♠=0  B:10♦ 2♣ 10♠=2  BANKER(L)  | -2,000원 → 128,750원
H2173 | bet   4,000원 PLAYER | P:8♠ 2♣=0  B:K♣ 9♠=9  BANKER(L)  | -4,000원 → 124,750원
H2174 | bet   8,000원 PLAYER | P:4♥ 10♦ J♣=4  B:A♥ 10♠ K♦=1  PLAYER(W)  | +8,000원 → 132,750원  [end_win]
H2175 | bet   1,000원 BANKER | P:2♥ 9♣=1  B:9♥ 9♣=8  BANKER(W)  | +950원 → 133,700원
H2176 | bet   1,000원 BANKER | P:6♠ K♣=6  B:5♥ 9♣ J♣=4  PLAYER(L)  | -1,000원 → 132,700원  [start]
H2177 | bet   2,000원 PLAYER | P:A♠ Q♣ 10♣=1  B:10♠ 4♠=4  BANKER(L)  | -2,000원 → 130,700원
H2178 | bet   4,000원 PLAYER | P:6♣ 5♥ J♦=1  B:3♠ 3♦=6  BANKER(L)  | -4,000원 → 126,700원
H2179 | bet   8,000원 PLAYER | P:J♣ A♣ 4♠=5  B:A♠ 4♥ 4♦=9  BANKER(L)  | -8,000원 → 118,700원
H2180 | bet  16,000원 PLAYER | P:10♣ 4♠ 5♠=9  B:A♦ K♣ K♥=1  PLAYER(W)  | +16,000원 → 134,700원  [end_win]
H2181 | bet   1,000원 BANKER | P:7♠ 8♠ 6♣=1  B:5♥ Q♥ 3♣=8  BANKER(W)  | +950원 → 135,650원
H2182 | bet   1,000원 BANKER | P:5♠ Q♥ 8♠=3  B:9♦ 3♣ J♠=2  PLAYER(L)  | -1,000원 → 134,650원  [start]
H2183 | bet   2,000원 PLAYER | P:6♥ 9♣=5  B:8♣ J♥=8  BANKER(L)  | -2,000원 → 132,650원
H2184 | bet   4,000원 PLAYER | P:8♣ 8♥=6  B:9♣ 9♠=8  BANKER(L)  | -4,000원 → 128,650원
H2185 | bet   8,000원 PLAYER | P:2♥ 5♦=7  B:2♠ 2♥ 6♥=0  PLAYER(W)  | +8,000원 → 136,650원  [end_win]
H2186 | bet   1,000원 BANKER | P:Q♦ 2♥=2  B:7♣ A♦=8  BANKER(W)  | +950원 → 137,600원
H2187 | bet   1,000원 BANKER | P:K♣ 7♦=7  B:2♦ 6♠=8  BANKER(W)  | +950원 → 138,550원
H2188 | bet   1,000원 BANKER | P:2♦ 6♣=8  B:6♣ 3♦=9  BANKER(W)  | +950원 → 139,500원
H2189 | bet   1,000원 BANKER | P:8♦ K♠=8  B:J♥ 4♥=4  PLAYER(L)  | -1,000원 → 138,500원  [start]
H2190 | bet   2,000원 PLAYER | P:Q♠ 9♦=9  B:9♥ Q♥=9  TIE(T)  |     0원 → 138,500원
H2191 | bet   2,000원 PLAYER | P:8♥ J♠=8  B:8♠ A♥=9  BANKER(L)  | -2,000원 → 136,500원
H2192 | bet   4,000원 PLAYER | P:A♣ 2♥ 8♥=1  B:10♥ 3♣=3  BANKER(L)  | -4,000원 → 132,500원
H2193 | bet   8,000원 PLAYER | P:9♥ 3♣=2  B:8♦ Q♣=8  BANKER(L)  | -8,000원 → 124,500원
H2194 | bet  16,000원 PLAYER | P:A♣ A♠ 10♥=2  B:4♦ 2♥=6  BANKER(L)  | -16,000원 → 108,500원  [end_giveup]
H2195 | bet   1,000원 BANKER | P:Q♣ J♦=0  B:9♥ 10♠=9  BANKER(W)  | +950원 → 109,450원
H2196 | bet   1,000원 BANKER | P:10♥ 5♣ 5♥=0  B:10♠ A♥ 8♣=9  BANKER(W)  | +950원 → 110,400원
H2197 | bet   1,000원 BANKER | P:3♦ 3♥=6  B:6♥ 10♣=6  TIE(T)  |     0원 → 110,400원
H2198 | bet   1,000원 BANKER | P:5♠ 9♣ 6♦=0  B:A♦ 2♣ 6♦=9  BANKER(W)  | +950원 → 111,350원
H2199 | bet   1,000원 BANKER | P:J♥ 10♥=0  B:8♦ 10♦=8  BANKER(W)  | +950원 → 112,300원
H2200 | bet   1,000원 BANKER | P:2♠ 6♣=8  B:7♦ A♣=8  TIE(T)  |     0원 → 112,300원
H2201 | bet   1,000원 BANKER | P:4♠ 10♥ 2♦=6  B:2♥ 5♠=7  BANKER(W)  | +950원 → 113,250원
H2202 | bet   1,000원 BANKER | P:8♠ 10♣=8  B:Q♦ 3♥=3  PLAYER(L)  | -1,000원 → 112,250원  [start]
H2203 | bet   2,000원 PLAYER | P:3♣ 4♦=7  B:2♥ J♦ 7♥=9  BANKER(L)  | -2,000원 → 110,250원
H2204 | bet   4,000원 PLAYER | P:10♠ J♣ Q♣=0  B:5♦ 8♥ 4♣=7  BANKER(L)  | -4,000원 → 106,250원
H2205 | bet   8,000원 PLAYER | P:3♣ 7♦ 7♦=7  B:6♣ 6♥ Q♦=2  PLAYER(W)  | +8,000원 → 114,250원  [end_win]
H2206 | bet   1,000원 BANKER | P:5♣ 3♥=8  B:Q♠ K♦=0  PLAYER(L)  | -1,000원 → 113,250원  [start]
H2207 | bet   2,000원 PLAYER | P:5♦ 3♣=8  B:3♠ 7♣=0  PLAYER(W)  | +2,000원 → 115,250원  [end_win]
H2208 | bet   1,000원 BANKER | P:6♠ 3♥=9  B:K♠ 9♠=9  TIE(T)  |     0원 → 115,250원
H2209 | bet   1,000원 BANKER | P:10♥ 4♣ K♠=4  B:8♥ 7♥=5  BANKER(W)  | +950원 → 116,200원
H2210 | bet   1,000원 BANKER | P:2♣ A♦ 2♦=5  B:10♦ 5♥=5  TIE(T)  |     0원 → 116,200원
H2211 | bet   1,000원 BANKER | P:10♦ 9♠=9  B:K♣ A♦=1  PLAYER(L)  | -1,000원 → 115,200원  [start]
H2212 | bet   2,000원 PLAYER | P:J♦ 8♣=8  B:J♦ J♥=0  PLAYER(W)  | +2,000원 → 117,200원  [end_win]
H2213 | bet   1,000원 BANKER | P:3♦ 2♣=5  B:5♣ 4♣=9  BANKER(W)  | +950원 → 118,150원
H2214 | bet   1,000원 BANKER | P:4♦ 8♦=2  B:8♦ A♣=9  BANKER(W)  | +950원 → 119,100원
H2215 | bet   1,000원 BANKER | P:9♥ J♣=9  B:3♠ A♠=4  PLAYER(L)  | -1,000원 → 118,100원  [start]
H2216 | bet   2,000원 PLAYER | P:8♠ J♣=8  B:2♣ 2♦=4  PLAYER(W)  | +2,000원 → 120,100원  [end_win]
H2217 | bet   1,000원 BANKER | P:K♣ 10♥ 7♥=7  B:8♥ 9♥=7  TIE(T)  |     0원 → 120,100원
H2218 | bet   1,000원 BANKER | P:K♣ 5♥ J♥=5  B:Q♠ J♠ 5♦=5  TIE(T)  |     0원 → 120,100원
H2219 | bet   1,000원 BANKER | P:3♦ 5♠=8  B:A♥ Q♠=1  PLAYER(L)  | -1,000원 → 119,100원  [start]
H2220 | bet   2,000원 PLAYER | P:K♣ 7♣=7  B:4♥ 7♥ Q♣=1  PLAYER(W)  | +2,000원 → 121,100원  [end_win]
H2221 | bet   1,000원 BANKER | P:5♥ Q♦ 7♣=2  B:7♠ 10♣=7  BANKER(W)  | +950원 → 122,050원
H2222 | bet   1,000원 BANKER | P:A♦ 7♠=8  B:A♦ A♠=2  PLAYER(L)  | -1,000원 → 121,050원  [start]
H2223 | bet   2,000원 PLAYER | P:2♠ Q♥=2  B:J♠ 8♥=8  BANKER(L)  | -2,000원 → 119,050원
H2224 | bet   4,000원 PLAYER | P:8♦ 5♦ J♥=3  B:4♠ 7♣ 5♠=6  BANKER(L)  | -4,000원 → 115,050원
H2225 | bet   8,000원 PLAYER | P:10♦ 3♥ K♠=3  B:6♦ K♣=6  BANKER(L)  | -8,000원 → 107,050원
H2226 | bet  16,000원 PLAYER | P:Q♥ 3♠ 7♠=0  B:A♥ 6♠=7  BANKER(L)  | -16,000원 → 91,050원  [end_giveup]
H2227 | bet   1,000원 BANKER | P:Q♦ 5♠=5  B:8♣ Q♠=8  BANKER(W)  | +950원 → 92,000원
H2228 | bet   1,000원 BANKER | P:J♦ 10♠ A♦=1  B:3♦ 10♥ 2♣=5  BANKER(W)  | +950원 → 92,950원
H2229 | bet   1,000원 BANKER | P:J♦ 10♦ 10♣=0  B:4♣ 8♣ 2♣=4  BANKER(W)  | +950원 → 93,900원
H2230 | bet   1,000원 BANKER | P:3♥ A♦ 10♥=4  B:6♦ K♥=6  BANKER(W)  | +950원 → 94,850원
H2231 | bet   1,000원 BANKER | P:9♥ 5♣ A♥=5  B:J♣ 2♦ 9♠=1  PLAYER(L)  | -1,000원 → 93,850원  [start]
H2232 | bet   2,000원 PLAYER | P:9♠ A♣ 9♣=9  B:A♦ 9♥ 9♠=9  TIE(T)  |     0원 → 93,850원
H2233 | bet   2,000원 PLAYER | P:3♣ 4♣=7  B:A♣ 4♦ 5♦=0  PLAYER(W)  | +2,000원 → 95,850원  [end_win]
H2234 | bet   1,000원 BANKER | P:3♦ Q♣ 5♠=8  B:3♥ K♦ A♣=4  PLAYER(L)  | -1,000원 → 94,850원  [start]
H2235 | bet   2,000원 PLAYER | P:6♠ 2♦=8  B:8♠ K♣=8  TIE(T)  |     0원 → 94,850원
H2236 | bet   2,000원 PLAYER | P:2♠ 2♥ 3♣=7  B:Q♥ J♠ 6♦=6  PLAYER(W)  | +2,000원 → 96,850원  [end_win]
H2237 | bet   1,000원 BANKER | P:5♣ 2♦=7  B:3♥ 3♠=6  PLAYER(L)  | -1,000원 → 95,850원  [start]
H2238 | bet   2,000원 PLAYER | P:3♥ 9♥ 7♥=9  B:2♠ J♣ 10♠=2  PLAYER(W)  | +2,000원 → 97,850원  [end_win]
H2239 | bet   1,000원 BANKER | P:2♥ 9♣=1  B:10♠ 9♥=9  BANKER(W)  | +950원 → 98,800원
H2240 | bet   1,000원 BANKER | P:Q♥ A♠ J♦=1  B:6♣ 8♥=4  BANKER(W)  | +950원 → 99,750원
H2241 | bet   1,000원 BANKER | P:6♦ 5♣ 6♦=7  B:9♥ 4♦ 5♣=8  BANKER(W)  | +950원 → 100,700원
H2242 | bet   1,000원 BANKER | P:4♠ 4♥=8  B:4♥ 3♥=7  PLAYER(L)  | -1,000원 → 99,700원  [start]
H2243 | bet   2,000원 PLAYER | P:J♠ J♣ 3♠=3  B:9♣ 6♣=5  BANKER(L)  | -2,000원 → 97,700원
H2244 | bet   4,000원 PLAYER | P:5♥ A♠=6  B:3♣ 8♣ 2♥=3  PLAYER(W)  | +4,000원 → 101,700원  [end_win]
H2245 | bet   1,000원 BANKER | P:5♠ 2♥=7  B:4♠ 4♠=8  BANKER(W)  | +950원 → 102,650원
H2246 | bet   1,000원 BANKER | P:K♠ K♠=0  B:8♣ 10♥=8  BANKER(W)  | +950원 → 103,600원
H2247 | bet   1,000원 BANKER | P:Q♥ 9♠=9  B:10♣ Q♠=0  PLAYER(L)  | -1,000원 → 102,600원  [start]
H2248 | bet   2,000원 PLAYER | P:Q♦ 7♥=7  B:8♥ K♦=8  BANKER(L)  | -2,000원 → 100,600원
H2249 | bet   4,000원 PLAYER | P:3♠ 6♥=9  B:8♦ 10♦=8  PLAYER(W)  | +4,000원 → 104,600원  [end_win]
H2250 | bet   1,000원 BANKER | P:J♣ 7♣=7  B:3♦ 3♦=6  PLAYER(L)  | -1,000원 → 103,600원  [start]
H2251 | bet   2,000원 PLAYER | P:3♣ 8♣ 8♦=9  B:5♠ Q♣=5  PLAYER(W)  | +2,000원 → 105,600원  [end_win]
H2252 | bet   1,000원 BANKER | P:8♠ Q♠=8  B:A♠ 6♥=7  PLAYER(L)  | -1,000원 → 104,600원  [start]
H2253 | bet   2,000원 PLAYER | P:4♦ 9♦=3  B:4♥ 5♥=9  BANKER(L)  | -2,000원 → 102,600원
H2254 | bet   4,000원 PLAYER | P:2♠ 9♦=1  B:9♣ 10♦=9  BANKER(L)  | -4,000원 → 98,600원
H2255 | bet   8,000원 PLAYER | P:3♦ K♠ J♦=3  B:7♠ 6♥ Q♣=3  TIE(T)  |     0원 → 98,600원
H2256 | bet   8,000원 PLAYER | P:4♠ 4♥=8  B:A♥ 10♠=1  PLAYER(W)  | +8,000원 → 106,600원  [end_win]
H2257 | bet   1,000원 BANKER | P:J♥ 9♣=9  B:J♠ 3♥=3  PLAYER(L)  | -1,000원 → 105,600원  [start]
H2258 | bet   2,000원 PLAYER | P:10♠ 3♣ J♠=3  B:2♣ 4♣=6  BANKER(L)  | -2,000원 → 103,600원
H2259 | bet   4,000원 PLAYER | P:A♠ 10♠ 10♠=1  B:4♥ 7♥ 6♣=7  BANKER(L)  | -4,000원 → 99,600원
H2260 | bet   8,000원 PLAYER | P:Q♦ J♥ 9♦=9  B:10♣ 2♥ A♦=3  PLAYER(W)  | +8,000원 → 107,600원  [end_win]
H2261 | bet   1,000원 BANKER | P:6♥ K♦=6  B:6♣ K♦=6  TIE(T)  |     0원 → 107,600원
H2262 | bet   1,000원 BANKER | P:9♠ 4♦ 7♠=0  B:J♥ 2♦ 7♥=9  BANKER(W)  | +950원 → 108,550원
H2263 | bet   1,000원 BANKER | P:A♣ K♥ K♣=1  B:8♠ 4♠ 7♥=9  BANKER(W)  | +950원 → 109,500원
H2264 | bet   1,000원 BANKER | P:5♦ A♦=6  B:2♦ Q♣ 9♣=1  PLAYER(L)  | -1,000원 → 108,500원  [start]
H2265 | bet   2,000원 PLAYER | P:5♠ 2♣=7  B:5♦ 8♣ 10♥=3  PLAYER(W)  | +2,000원 → 110,500원  [end_win]
H2266 | bet   1,000원 BANKER | P:2♣ 6♦=8  B:5♥ 9♠=4  PLAYER(L)  | -1,000원 → 109,500원  [start]
H2267 | bet   2,000원 PLAYER | P:K♠ Q♠ 7♠=7  B:7♦ 7♦ 6♠=0  PLAYER(W)  | +2,000원 → 111,500원  [end_win]
H2268 | bet   1,000원 BANKER | P:K♥ 3♦ 3♦=6  B:2♠ K♠ 10♣=2  PLAYER(L)  | -1,000원 → 110,500원  [start]
H2269 | bet   2,000원 PLAYER | P:6♠ 2♣=8  B:7♦ K♦=7  PLAYER(W)  | +2,000원 → 112,500원  [end_win]
H2270 | bet   1,000원 BANKER | P:K♦ 7♦=7  B:6♦ 6♣ J♠=2  PLAYER(L)  | -1,000원 → 111,500원  [start]
H2271 | bet   2,000원 PLAYER | P:7♣ K♥=7  B:A♦ 4♣ 9♥=4  PLAYER(W)  | +2,000원 → 113,500원  [end_win]
H2272 | bet   1,000원 BANKER | P:10♥ 3♠ 3♠=6  B:8♠ 9♣=7  BANKER(W)  | +950원 → 114,450원
H2273 | bet   1,000원 BANKER | P:10♦ 7♠=7  B:10♦ 6♣=6  PLAYER(L)  | -1,000원 → 113,450원  [start]
H2274 | bet   2,000원 PLAYER | P:10♦ J♦ 7♠=7  B:K♠ K♦ J♣=0  PLAYER(W)  | +2,000원 → 115,450원  [end_win]
H2275 | bet   1,000원 BANKER | P:10♠ 4♦ K♠=4  B:4♦ K♥=4  TIE(T)  |     0원 → 115,450원
H2276 | bet   1,000원 BANKER | P:J♦ A♠ 6♥=7  B:3♠ Q♥ 9♠=2  PLAYER(L)  | -1,000원 → 114,450원  [start]
H2277 | bet   2,000원 PLAYER | P:2♥ 4♠=6  B:5♥ 2♠=7  BANKER(L)  | -2,000원 → 112,450원
H2278 | bet   4,000원 PLAYER | P:A♣ 9♠ 7♦=7  B:Q♣ Q♦ 8♦=8  BANKER(L)  | -4,000원 → 108,450원
H2279 | bet   8,000원 PLAYER | P:Q♦ 8♦=8  B:A♠ 4♣=5  PLAYER(W)  | +8,000원 → 116,450원  [end_win]
H2280 | bet   1,000원 BANKER | P:3♣ J♣ 6♠=9  B:J♥ 10♣ 2♠=2  PLAYER(L)  | -1,000원 → 115,450원  [start]
H2281 | bet   2,000원 PLAYER | P:10♦ 9♦=9  B:5♥ 6♠=1  PLAYER(W)  | +2,000원 → 117,450원  [end_win]
H2282 | bet   1,000원 BANKER | P:K♥ 5♥ J♦=5  B:2♥ 2♣=4  PLAYER(L)  | -1,000원 → 116,450원  [start]
H2283 | bet   2,000원 PLAYER | P:Q♥ 3♣ 4♦=7  B:7♦ 8♠ 6♣=1  PLAYER(W)  | +2,000원 → 118,450원  [end_win]
H2284 | bet   1,000원 BANKER | P:6♦ J♦=6  B:9♦ 9♦=8  BANKER(W)  | +950원 → 119,400원
H2285 | bet   1,000원 BANKER | P:A♣ 8♥=9  B:8♣ 2♦=0  PLAYER(L)  | -1,000원 → 118,400원  [start]
H2286 | bet   2,000원 PLAYER | P:7♣ 8♣ 3♠=8  B:10♣ 4♣ 6♥=0  PLAYER(W)  | +2,000원 → 120,400원  [end_win]
H2287 | bet   1,000원 BANKER | P:8♦ J♥=8  B:7♣ 6♥=3  PLAYER(L)  | -1,000원 → 119,400원  [start]
H2288 | bet   2,000원 PLAYER | P:7♥ A♠=8  B:4♥ 10♥=4  PLAYER(W)  | +2,000원 → 121,400원  [end_win]
H2289 | bet   1,000원 BANKER | P:5♣ 4♠=9  B:6♠ 2♠=8  PLAYER(L)  | -1,000원 → 120,400원  [start]
H2290 | bet   2,000원 PLAYER | P:5♠ 4♣=9  B:7♦ 6♠=3  PLAYER(W)  | +2,000원 → 122,400원  [end_win]
H2291 | bet   1,000원 BANKER | P:8♦ A♥=9  B:J♣ 4♥=4  PLAYER(L)  | -1,000원 → 121,400원  [start]
H2292 | bet   2,000원 PLAYER | P:Q♠ A♣ 10♥=1  B:8♠ 5♣ 8♥=1  TIE(T)  |     0원 → 121,400원
H2293 | bet   2,000원 PLAYER | P:K♥ Q♦ 4♣=4  B:5♣ Q♠ 2♦=7  BANKER(L)  | -2,000원 → 119,400원
H2294 | bet   4,000원 PLAYER | P:A♥ A♥ 5♦=7  B:5♣ Q♥ 6♣=1  PLAYER(W)  | +4,000원 → 123,400원  [end_win]
H2295 | bet   1,000원 BANKER | P:A♣ 4♦=5  B:J♠ 8♥=8  BANKER(W)  | +950원 → 124,350원
H2296 | bet   1,000원 BANKER | P:5♦ 7♣ A♥=3  B:6♥ K♦=6  BANKER(W)  | +950원 → 125,300원
H2297 | bet   1,000원 BANKER | P:3♣ 8♦ K♣=1  B:Q♣ 2♥ 8♠=0  PLAYER(L)  | -1,000원 → 124,300원  [start]
H2298 | bet   2,000원 PLAYER | P:A♣ 4♥ 9♦=4  B:9♣ 5♠=4  TIE(T)  |     0원 → 124,300원
H2299 | bet   2,000원 PLAYER | P:8♣ 7♠ 10♥=5  B:2♦ K♣ 7♣=9  BANKER(L)  | -2,000원 → 122,300원
H2300 | bet   4,000원 PLAYER | P:2♥ J♠ 6♣=8  B:K♥ 3♣ 2♠=5  PLAYER(W)  | +4,000원 → 126,300원  [end_win]
H2301 | bet   1,000원 BANKER | P:5♣ Q♣ Q♠=5  B:10♠ 7♥=7  BANKER(W)  | +950원 → 127,250원
H2302 | bet   1,000원 BANKER | P:J♦ 8♣=8  B:4♣ 9♥=3  PLAYER(L)  | -1,000원 → 126,250원  [start]
H2303 | bet   2,000원 PLAYER | P:Q♣ A♠ K♦=1  B:3♠ 4♠=7  BANKER(L)  | -2,000원 → 124,250원
H2304 | bet   4,000원 PLAYER | P:3♣ 5♥=8  B:3♥ K♣=3  PLAYER(W)  | +4,000원 → 128,250원  [end_win]
H2305 | bet   1,000원 BANKER | P:5♣ 7♠ 2♥=4  B:6♦ 6♣ 7♠=9  BANKER(W)  | +950원 → 129,200원
H2306 | bet   1,000원 BANKER | P:2♦ 3♥ A♥=6  B:A♣ K♣ K♦=1  PLAYER(L)  | -1,000원 → 128,200원  [start]
H2307 | bet   2,000원 PLAYER | P:10♥ Q♥=0  B:9♠ K♠=9  BANKER(L)  | -2,000원 → 126,200원
H2308 | bet   4,000원 PLAYER | P:K♣ 4♦ 9♠=3  B:5♣ 9♦=4  BANKER(L)  | -4,000원 → 122,200원
H2309 | bet   8,000원 PLAYER | P:6♣ 5♦ J♣=1  B:6♥ 5♠ Q♦=1  TIE(T)  |     0원 → 122,200원
H2310 | bet   8,000원 PLAYER | P:9♠ K♠=9  B:3♦ 9♣=2  PLAYER(W)  | +8,000원 → 130,200원  [end_win]
H2311 | bet   1,000원 BANKER | P:8♠ A♥=9  B:8♦ 6♠=4  PLAYER(L)  | -1,000원 → 129,200원  [start]
H2312 | bet   2,000원 PLAYER | P:3♠ 8♠ 8♥=9  B:6♦ 4♠ 3♠=3  PLAYER(W)  | +2,000원 → 131,200원  [end_win]
H2313 | bet   1,000원 BANKER | P:8♦ 3♦ 9♥=0  B:9♥ 4♥ 7♥=0  TIE(T)  |     0원 → 131,200원
H2314 | bet   1,000원 BANKER | P:3♠ 10♦ 4♣=7  B:6♠ 6♥ 8♥=0  PLAYER(L)  | -1,000원 → 130,200원  [start]
H2315 | bet   2,000원 PLAYER | P:A♠ 3♥ J♥=4  B:2♦ K♠ 3♥=5  BANKER(L)  | -2,000원 → 128,200원
H2316 | bet   4,000원 PLAYER | P:3♥ K♠ 5♣=8  B:3♠ Q♦ 9♣=2  PLAYER(W)  | +4,000원 → 132,200원  [end_win]
H2317 | bet   1,000원 BANKER | P:7♠ A♥=8  B:5♦ 3♥=8  TIE(T)  |     0원 → 132,200원
H2318 | bet   1,000원 BANKER | P:A♣ 4♥ 5♣=0  B:4♥ 6♥ K♣=0  TIE(T)  |     0원 → 132,200원
H2319 | bet   1,000원 BANKER | P:4♠ 4♦=8  B:10♥ 7♠=7  PLAYER(L)  | -1,000원 → 131,200원  [start]
H2320 | bet   2,000원 PLAYER | P:10♠ 7♣=7  B:A♠ 5♠=6  PLAYER(W)  | +2,000원 → 133,200원  [end_win]
H2321 | bet   1,000원 BANKER | P:Q♥ 7♥=7  B:2♥ 6♣=8  BANKER(W)  | +950원 → 134,150원
H2322 | bet   1,000원 BANKER | P:Q♠ 3♣ 5♠=8  B:10♠ 2♦ 10♥=2  PLAYER(L)  | -1,000원 → 133,150원  [start]
H2323 | bet   2,000원 PLAYER | P:10♣ Q♦ 4♣=4  B:2♣ 8♦ 2♠=2  PLAYER(W)  | +2,000원 → 135,150원  [end_win]
H2324 | bet   1,000원 BANKER | P:5♦ K♦ 7♦=2  B:2♠ 5♦=7  BANKER(W)  | +950원 → 136,100원
H2325 | bet   1,000원 BANKER | P:J♠ 3♦ K♦=3  B:7♦ 10♣=7  BANKER(W)  | +950원 → 137,050원
H2326 | bet   1,000원 BANKER | P:J♥ Q♣ Q♠=0  B:A♦ 2♥ 4♦=7  BANKER(W)  | +950원 → 138,000원
H2327 | bet   1,000원 BANKER | P:Q♣ 7♦=7  B:4♠ 2♠=6  PLAYER(L)  | -1,000원 → 137,000원  [start]
H2328 | bet   2,000원 PLAYER | P:9♠ 3♣ A♦=3  B:3♣ 9♥ 2♥=4  BANKER(L)  | -2,000원 → 135,000원
H2329 | bet   4,000원 PLAYER | P:Q♣ 6♦=6  B:9♣ K♦=9  BANKER(L)  | -4,000원 → 131,000원
H2330 | bet   8,000원 PLAYER | P:4♦ J♥ 3♦=7  B:9♣ 2♠ A♣=2  PLAYER(W)  | +8,000원 → 139,000원  [end_win]
H2331 | bet   1,000원 BANKER | P:2♠ 7♣=9  B:K♠ 10♣=0  PLAYER(L)  | -1,000원 → 138,000원  [start]
H2332 | bet   2,000원 PLAYER | P:4♣ 3♥=7  B:9♣ A♠ 2♦=2  PLAYER(W)  | +2,000원 → 140,000원  [end_win]
H2333 | bet   1,000원 BANKER | P:2♣ 6♦=8  B:8♦ J♥=8  TIE(T)  |     0원 → 140,000원
H2334 | bet   1,000원 BANKER | P:K♥ 2♦ 9♦=1  B:5♥ J♣=5  BANKER(W)  | +950원 → 140,950원
H2335 | bet   1,000원 BANKER | P:Q♥ 10♠ 8♣=8  B:10♣ 5♠=5  PLAYER(L)  | -1,000원 → 139,950원  [start]
H2336 | bet   2,000원 PLAYER | P:6♣ 8♠ 10♦=4  B:10♥ 2♣ 5♠=7  BANKER(L)  | -2,000원 → 137,950원
H2337 | bet   4,000원 PLAYER | P:6♠ 6♦=2  B:2♥ 7♥=9  BANKER(L)  | -4,000원 → 133,950원
H2338 | bet   8,000원 PLAYER | P:9♦ 9♠=8  B:6♣ 4♠=0  PLAYER(W)  | +8,000원 → 141,950원  [end_win]
H2339 | bet   1,000원 BANKER | P:3♦ 5♦=8  B:J♦ 10♦=0  PLAYER(L)  | -1,000원 → 140,950원  [start]
H2340 | bet   2,000원 PLAYER | P:10♣ 10♦ 10♣=0  B:J♥ 7♥=7  BANKER(L)  | -2,000원 → 138,950원
H2341 | bet   4,000원 PLAYER | P:8♦ Q♥=8  B:6♣ 5♦=1  PLAYER(W)  | +4,000원 → 142,950원  [end_win]
H2342 | bet   1,000원 BANKER | P:K♠ 10♦ Q♠=0  B:K♥ A♣ 7♣=8  BANKER(W)  | +950원 → 143,900원
H2343 | bet   1,000원 BANKER | P:10♦ 4♦ 2♥=6  B:A♥ J♣ 4♦=5  PLAYER(L)  | -1,000원 → 142,900원  [start]
H2344 | bet   2,000원 PLAYER | P:3♣ 7♦=0  B:K♥ 8♥=8  BANKER(L)  | -2,000원 → 140,900원
H2345 | bet   4,000원 PLAYER | P:4♣ 7♠ Q♦=1  B:K♥ 10♥ 10♣=0  PLAYER(W)  | +4,000원 → 144,900원  [end_win]
H2346 | bet   1,000원 BANKER | P:7♦ 4♥=1  B:Q♥ 9♥=9  BANKER(W)  | +950원 → 145,850원
H2347 | bet   1,000원 BANKER | P:J♣ 5♠ 6♠=1  B:5♥ Q♣ A♠=6  BANKER(W)  | +950원 → 146,800원
H2348 | bet   1,000원 BANKER | P:5♦ 7♦ A♦=3  B:A♣ 4♦=5  BANKER(W)  | +950원 → 147,750원
H2349 | bet   1,000원 BANKER | P:Q♥ K♠ J♠=0  B:3♣ A♥=4  BANKER(W)  | +950원 → 148,700원
H2350 | bet   1,000원 BANKER | P:8♣ A♠=9  B:8♥ J♥=8  PLAYER(L)  | -1,000원 → 147,700원  [start]
H2351 | bet   2,000원 PLAYER | P:J♣ 6♠=6  B:J♠ Q♥ 6♣=6  TIE(T)  |     0원 → 147,700원
H2352 | bet   2,000원 PLAYER | P:10♣ 8♣=8  B:Q♦ 6♥=6  PLAYER(W)  | +2,000원 → 149,700원  [end_win]
H2353 | bet   1,000원 BANKER | P:6♥ 3♣=9  B:K♦ J♠=0  PLAYER(L)  | -1,000원 → 148,700원  [start]
H2354 | bet   2,000원 PLAYER | P:J♣ A♠=1  B:8♠ J♠=8  BANKER(L)  | -2,000원 → 146,700원
H2355 | bet   4,000원 PLAYER | P:J♠ 4♣ A♣=5  B:6♦ 8♣=4  PLAYER(W)  | +4,000원 → 150,700원  [end_win]
H2356 | bet   1,000원 BANKER | P:4♥ 10♠=4  B:8♥ J♦=8  BANKER(W)  | +950원 → 151,650원
H2357 | bet   1,000원 BANKER | P:10♥ 7♥=7  B:7♥ 4♥ 10♠=1  PLAYER(L)  | -1,000원 → 150,650원  [start]
H2358 | bet   2,000원 PLAYER | P:A♦ A♣ 5♣=7  B:5♥ A♥=6  PLAYER(W)  | +2,000원 → 152,650원  [end_win]
H2359 | bet   1,000원 BANKER | P:9♠ 7♣=6  B:6♠ 5♥ 7♣=8  BANKER(W)  | +950원 → 153,600원
H2360 | bet   1,000원 BANKER | P:3♦ 6♠=9  B:K♥ 8♠=8  PLAYER(L)  | -1,000원 → 152,600원  [start]
H2361 | bet   2,000원 PLAYER | P:6♥ K♣=6  B:J♣ Q♦ 6♥=6  TIE(T)  |     0원 → 152,600원
H2362 | bet   2,000원 PLAYER | P:5♥ 10♠=5  B:8♠ Q♣=8  BANKER(L)  | -2,000원 → 150,600원
H2363 | bet   4,000원 PLAYER | P:7♦ 2♣=9  B:6♥ K♦=6  PLAYER(W)  | +4,000원 → 154,600원  [end_win]
H2364 | bet   1,000원 BANKER | P:3♦ Q♠=3  B:3♦ 5♦=8  BANKER(W)  | +950원 → 155,550원
H2365 | bet   1,000원 BANKER | P:2♣ 9♥ K♥=1  B:10♠ 2♠ 4♠=6  BANKER(W)  | +950원 → 156,500원
H2366 | bet   1,000원 BANKER | P:3♠ 2♣ J♥=5  B:A♦ J♦ J♦=1  PLAYER(L)  | -1,000원 → 155,500원  [start]
H2367 | bet   2,000원 PLAYER | P:A♥ 8♠=9  B:9♠ 8♣=7  PLAYER(W)  | +2,000원 → 157,500원  [end_win]
H2368 | bet   1,000원 BANKER | P:2♣ 5♥=7  B:10♦ 7♦=7  TIE(T)  |     0원 → 157,500원
H2369 | bet   1,000원 BANKER | P:A♠ 10♥ A♦=2  B:5♥ 7♠ Q♦=2  TIE(T)  |     0원 → 157,500원
H2370 | bet   1,000원 BANKER | P:9♠ 7♥=6  B:6♦ 8♥ 8♠=2  PLAYER(L)  | -1,000원 → 156,500원  [start]
H2371 | bet   2,000원 PLAYER | P:K♦ 4♣ 4♠=8  B:K♣ K♣ 3♠=3  PLAYER(W)  | +2,000원 → 158,500원  [end_win]
H2372 | bet   1,000원 BANKER | P:4♥ 2♠=6  B:7♣ 7♠ 10♦=4  PLAYER(L)  | -1,000원 → 157,500원  [start]
H2373 | bet   2,000원 PLAYER | P:Q♦ J♣ 9♣=9  B:A♦ 5♣=6  PLAYER(W)  | +2,000원 → 159,500원  [end_win]
H2374 | bet   1,000원 BANKER | P:2♦ 8♣=0  B:8♦ Q♠=8  BANKER(W)  | +950원 → 160,450원
H2375 | bet   1,000원 BANKER | P:9♦ J♦=9  B:2♦ K♥=2  PLAYER(L)  | -1,000원 → 159,450원  [start]
H2376 | bet   2,000원 PLAYER | P:8♥ 2♥ 3♠=3  B:J♥ 5♣=5  BANKER(L)  | -2,000원 → 157,450원
H2377 | bet   4,000원 PLAYER | P:2♣ 9♦ 9♥=0  B:J♦ Q♥ A♥=1  BANKER(L)  | -4,000원 → 153,450원
H2378 | bet   8,000원 PLAYER | P:Q♠ 9♦=9  B:9♣ 6♠=5  PLAYER(W)  | +8,000원 → 161,450원  [end_win]
H2379 | bet   1,000원 BANKER | P:J♦ A♦=1  B:9♦ Q♠=9  BANKER(W)  | +950원 → 162,400원
H2380 | bet   1,000원 BANKER | P:4♥ A♥ 5♦=0  B:K♣ 10♥ 3♥=3  BANKER(W)  | +950원 → 163,350원
H2381 | bet   1,000원 BANKER | P:7♥ 5♦ J♥=2  B:8♠ 4♠ K♣=2  TIE(T)  |     0원 → 163,350원
H2382 | bet   1,000원 BANKER | P:9♥ 6♠=5  B:9♥ K♣=9  BANKER(W)  | +950원 → 164,300원
H2383 | bet   1,000원 BANKER | P:6♠ 7♣ Q♦=3  B:Q♣ Q♥ 9♥=9  BANKER(W)  | +950원 → 165,250원
H2384 | bet   1,000원 BANKER | P:2♥ 4♠=6  B:K♦ 9♠=9  BANKER(W)  | +950원 → 166,200원
H2385 | bet   1,000원 BANKER | P:6♣ 6♥ 7♣=9  B:K♠ A♣ 5♣=6  PLAYER(L)  | -1,000원 → 165,200원  [start]
H2386 | bet   2,000원 PLAYER | P:10♠ K♣ 10♥=0  B:6♥ 6♠ 2♠=4  BANKER(L)  | -2,000원 → 163,200원
H2387 | bet   4,000원 PLAYER | P:J♦ 3♦ 4♥=7  B:7♦ 3♣ 4♣=4  PLAYER(W)  | +4,000원 → 167,200원  [end_win]
H2388 | bet   1,000원 BANKER | P:4♠ 5♠=9  B:10♣ K♥=0  PLAYER(L)  | -1,000원 → 166,200원  [start]
H2389 | bet   2,000원 PLAYER | P:5♥ 10♣ 2♠=7  B:6♥ Q♠=6  PLAYER(W)  | +2,000원 → 168,200원  [end_win]
H2390 | bet   1,000원 BANKER | P:2♥ 10♥ 4♣=6  B:J♦ Q♦ Q♣=0  PLAYER(L)  | -1,000원 → 167,200원  [start]
H2391 | bet   2,000원 PLAYER | P:7♦ 8♠ 3♦=8  B:7♥ J♣=7  PLAYER(W)  | +2,000원 → 169,200원  [end_win]
H2392 | bet   1,000원 BANKER | P:2♠ 2♣=4  B:4♥ 4♣=8  BANKER(W)  | +950원 → 170,150원
H2393 | bet   1,000원 BANKER | P:6♠ 9♦ 7♠=2  B:J♣ A♦ 7♠=8  BANKER(W)  | +950원 → 171,100원
H2394 | bet   1,000원 BANKER | P:2♦ 3♦=5  B:8♣ A♠=9  BANKER(W)  | +950원 → 172,050원
H2395 | bet   1,000원 BANKER | P:3♦ 9♦ 4♠=6  B:8♥ 7♠ 10♠=5  PLAYER(L)  | -1,000원 → 171,050원  [start]
H2396 | bet   2,000원 PLAYER | P:10♠ 8♣=8  B:9♦ K♠=9  BANKER(L)  | -2,000원 → 169,050원
H2397 | bet   4,000원 PLAYER | P:6♦ A♦=7  B:4♣ 8♠ 7♥=9  BANKER(L)  | -4,000원 → 165,050원
H2398 | bet   8,000원 PLAYER | P:3♥ Q♣ K♥=3  B:4♣ 7♦ 10♦=1  PLAYER(W)  | +8,000원 → 173,050원  [end_win]
H2399 | bet   1,000원 BANKER | P:10♦ 10♠ 8♥=8  B:3♠ 2♠=5  PLAYER(L)  | -1,000원 → 172,050원  [start]
H2400 | bet   2,000원 PLAYER | P:3♠ J♦ A♣=4  B:3♣ 8♦ 7♠=8  BANKER(L)  | -2,000원 → 170,050원
H2401 | bet   4,000원 PLAYER | P:3♥ A♦ 10♣=4  B:5♥ A♠=6  BANKER(L)  | -4,000원 → 166,050원
H2402 | bet   8,000원 PLAYER | P:2♦ 5♠=7  B:4♥ 8♥ 6♣=8  BANKER(L)  | -8,000원 → 158,050원
H2403 | bet  16,000원 PLAYER | P:3♣ 5♦=8  B:Q♠ 8♠=8  TIE(T)  |     0원 → 158,050원
H2404 | bet  16,000원 PLAYER | P:7♣ A♣=8  B:A♥ A♠=2  PLAYER(W)  | +16,000원 → 174,050원  [end_win]
H2405 | bet   1,000원 BANKER | P:9♥ K♣=9  B:Q♥ K♥=0  PLAYER(L)  | -1,000원 → 173,050원  [start]
H2406 | bet   2,000원 PLAYER | P:3♦ 8♦ 9♠=0  B:4♦ 9♣ 6♠=9  BANKER(L)  | -2,000원 → 171,050원
H2407 | bet   4,000원 PLAYER | P:K♥ 5♣ 8♥=3  B:10♠ Q♣ 7♦=7  BANKER(L)  | -4,000원 → 167,050원
H2408 | bet   8,000원 PLAYER | P:6♥ J♦=6  B:5♠ Q♥ 7♣=2  PLAYER(W)  | +8,000원 → 175,050원  [end_win]
H2409 | bet   1,000원 BANKER | P:8♥ K♠=8  B:3♣ J♥=3  PLAYER(L)  | -1,000원 → 174,050원  [start]
H2410 | bet   2,000원 PLAYER | P:7♠ 10♥=7  B:Q♦ 3♣ K♦=3  PLAYER(W)  | +2,000원 → 176,050원  [end_win]
H2411 | bet   1,000원 BANKER | P:J♣ 9♣=9  B:9♦ A♣=0  PLAYER(L)  | -1,000원 → 175,050원  [start]
H2412 | bet   2,000원 PLAYER | P:2♣ 2♦ 10♠=4  B:2♥ 3♥=5  BANKER(L)  | -2,000원 → 173,050원
H2413 | bet   4,000원 PLAYER | P:J♣ 10♥ J♦=0  B:9♦ 7♣=6  BANKER(L)  | -4,000원 → 169,050원
H2414 | bet   8,000원 PLAYER | P:Q♦ 3♥ J♣=3  B:2♥ 5♠=7  BANKER(L)  | -8,000원 → 161,050원
H2415 | bet  16,000원 PLAYER | P:8♣ 6♦=4  B:4♦ 5♥=9  BANKER(L)  | -16,000원 → 145,050원  [end_giveup]
H2416 | bet   1,000원 BANKER | P:Q♠ A♥ Q♠=1  B:10♠ 4♣=4  BANKER(W)  | +950원 → 146,000원
H2417 | bet   1,000원 BANKER | P:8♦ 10♥=8  B:8♦ 4♠=2  PLAYER(L)  | -1,000원 → 145,000원  [start]
H2418 | bet   2,000원 PLAYER | P:6♣ K♦=6  B:9♥ 7♥=6  TIE(T)  |     0원 → 145,000원
H2419 | bet   2,000원 PLAYER | P:9♣ 8♣=7  B:6♦ 8♣ J♠=4  PLAYER(W)  | +2,000원 → 147,000원  [end_win]
H2420 | bet   1,000원 BANKER | P:10♣ 5♦=5  B:7♥ 2♦=9  BANKER(W)  | +950원 → 147,950원
H2421 | bet   1,000원 BANKER | P:K♣ Q♥ 9♥=9  B:A♠ 2♥ 7♥=0  PLAYER(L)  | -1,000원 → 146,950원  [start]
H2422 | bet   2,000원 PLAYER | P:6♦ 8♠=4  B:7♦ 2♠=9  BANKER(L)  | -2,000원 → 144,950원
H2423 | bet   4,000원 PLAYER | P:5♦ 3♦=8  B:A♠ 7♣=8  TIE(T)  |     0원 → 144,950원
H2424 | bet   4,000원 PLAYER | P:A♣ Q♣ 3♠=4  B:5♦ K♦=5  BANKER(L)  | -4,000원 → 140,950원
H2425 | bet   8,000원 PLAYER | P:10♣ 10♠ K♣=0  B:4♦ 3♥=7  BANKER(L)  | -8,000원 → 132,950원
H2426 | bet  16,000원 PLAYER | P:A♦ 2♣ 5♣=8  B:Q♣ K♠ 2♣=2  PLAYER(W)  | +16,000원 → 148,950원  [end_win]
H2427 | bet   1,000원 BANKER | P:4♦ 9♥ J♦=3  B:3♠ 4♥=7  BANKER(W)  | +950원 → 149,900원
H2428 | bet   1,000원 BANKER | P:10♦ 2♦=2  B:A♦ 8♣=9  BANKER(W)  | +950원 → 150,850원
H2429 | bet   1,000원 BANKER | P:K♣ 9♣=9  B:6♣ 6♥=2  PLAYER(L)  | -1,000원 → 149,850원  [start]
H2430 | bet   2,000원 PLAYER | P:6♠ 7♦=3  B:K♠ 8♠=8  BANKER(L)  | -2,000원 → 147,850원
H2431 | bet   4,000원 PLAYER | P:5♠ 8♣ K♦=3  B:K♦ 4♣=4  BANKER(L)  | -4,000원 → 143,850원
H2432 | bet   8,000원 PLAYER | P:8♦ 8♣=6  B:5♣ K♥ J♥=5  PLAYER(W)  | +8,000원 → 151,850원  [end_win]
H2433 | bet   1,000원 BANKER | P:5♣ 4♠=9  B:8♦ 9♠=7  PLAYER(L)  | -1,000원 → 150,850원  [start]
H2434 | bet   2,000원 PLAYER | P:7♥ 10♦=7  B:6♣ 4♦ 2♣=2  PLAYER(W)  | +2,000원 → 152,850원  [end_win]
H2435 | bet   1,000원 BANKER | P:7♥ Q♠=7  B:K♦ 5♣ K♠=5  PLAYER(L)  | -1,000원 → 151,850원  [start]
H2436 | bet   2,000원 PLAYER | P:Q♠ Q♦=0  B:8♦ A♣=9  BANKER(L)  | -2,000원 → 149,850원
H2437 | bet   4,000원 PLAYER | P:2♠ 2♣ 7♦=1  B:3♣ 9♠ 9♣=1  TIE(T)  |     0원 → 149,850원
H2438 | bet   4,000원 PLAYER | P:7♣ 7♠ K♥=4  B:Q♠ 5♥=5  BANKER(L)  | -4,000원 → 145,850원
H2439 | bet   8,000원 PLAYER | P:4♠ 3♠=7  B:8♠ 3♣ 5♥=6  PLAYER(W)  | +8,000원 → 153,850원  [end_win]
H2440 | bet   1,000원 BANKER | P:A♠ 2♠ A♥=4  B:A♥ 3♥=4  TIE(T)  |     0원 → 153,850원
H2441 | bet   1,000원 BANKER | P:6♦ 4♦ 6♠=6  B:Q♥ 10♣ 2♠=2  PLAYER(L)  | -1,000원 → 152,850원  [start]
H2442 | bet   2,000원 PLAYER | P:4♣ 10♥ 9♦=3  B:J♠ 6♣=6  BANKER(L)  | -2,000원 → 150,850원
H2443 | bet   4,000원 PLAYER | P:3♠ 9♦ 4♦=6  B:J♠ A♠ Q♥=1  PLAYER(W)  | +4,000원 → 154,850원  [end_win]
H2444 | bet   1,000원 BANKER | P:Q♣ 6♦=6  B:9♣ J♥=9  BANKER(W)  | +950원 → 155,800원
H2445 | bet   1,000원 BANKER | P:6♥ 7♣=3  B:2♥ 6♥=8  BANKER(W)  | +950원 → 156,750원
H2446 | bet   1,000원 BANKER | P:3♠ A♦ Q♦=4  B:Q♣ K♦ 9♥=9  BANKER(W)  | +950원 → 157,700원
H2447 | bet   1,000원 BANKER | P:J♥ 9♠=9  B:5♠ 3♠=8  PLAYER(L)  | -1,000원 → 156,700원  [start]
H2448 | bet   2,000원 PLAYER | P:6♥ J♠=6  B:A♠ J♠ 5♦=6  TIE(T)  |     0원 → 156,700원
H2449 | bet   2,000원 PLAYER | P:2♣ J♠ 4♥=6  B:7♠ 3♣ 9♠=9  BANKER(L)  | -2,000원 → 154,700원
H2450 | bet   4,000원 PLAYER | P:7♠ A♣=8  B:9♦ K♠=9  BANKER(L)  | -4,000원 → 150,700원
H2451 | bet   8,000원 PLAYER | P:5♥ 3♦=8  B:J♠ Q♦=0  PLAYER(W)  | +8,000원 → 158,700원  [end_win]
H2452 | bet   1,000원 BANKER | P:2♥ A♦ 3♦=6  B:A♥ A♣ Q♦=2  PLAYER(L)  | -1,000원 → 157,700원  [start]
H2453 | bet   2,000원 PLAYER | P:K♠ J♣=0  B:8♥ J♣=8  BANKER(L)  | -2,000원 → 155,700원
H2454 | bet   4,000원 PLAYER | P:J♥ 4♥ 2♦=6  B:8♥ 2♦ 6♣=6  TIE(T)  |     0원 → 155,700원
H2455 | bet   4,000원 PLAYER | P:9♣ A♥=0  B:9♣ 10♣=9  BANKER(L)  | -4,000원 → 151,700원
H2456 | bet   8,000원 PLAYER | P:K♥ 8♦=8  B:J♠ 6♦=6  PLAYER(W)  | +8,000원 → 159,700원  [end_win]
H2457 | bet   1,000원 BANKER | P:J♥ J♣ 5♦=5  B:10♥ 5♣ 10♦=5  TIE(T)  |     0원 → 159,700원
H2458 | bet   1,000원 BANKER | P:4♥ A♦ 8♠=3  B:2♥ 2♣=4  BANKER(W)  | +950원 → 160,650원
H2459 | bet   1,000원 BANKER | P:2♦ 6♠=8  B:9♠ J♦=9  BANKER(W)  | +950원 → 161,600원
H2460 | bet   1,000원 BANKER | P:10♣ 3♥ J♥=3  B:7♦ 5♥ 10♦=2  PLAYER(L)  | -1,000원 → 160,600원  [start]
H2461 | bet   2,000원 PLAYER | P:Q♥ J♦ 9♠=9  B:5♥ Q♥=5  PLAYER(W)  | +2,000원 → 162,600원  [end_win]
H2462 | bet   1,000원 BANKER | P:K♣ 5♥ 4♦=9  B:7♥ 3♥ Q♠=0  PLAYER(L)  | -1,000원 → 161,600원  [start]
H2463 | bet   2,000원 PLAYER | P:4♦ 8♦ K♠=2  B:10♣ K♦ 4♥=4  BANKER(L)  | -2,000원 → 159,600원
H2464 | bet   4,000원 PLAYER | P:A♣ 7♥=8  B:4♣ Q♠=4  PLAYER(W)  | +4,000원 → 163,600원  [end_win]
H2465 | bet   1,000원 BANKER | P:10♠ J♥ 8♦=8  B:10♣ 4♥=4  PLAYER(L)  | -1,000원 → 162,600원  [start]
H2466 | bet   2,000원 PLAYER | P:9♦ 5♦ 10♦=4  B:Q♠ 4♠=4  TIE(T)  |     0원 → 162,600원
H2467 | bet   2,000원 PLAYER | P:6♦ K♥=6  B:5♣ Q♣ 6♣=1  PLAYER(W)  | +2,000원 → 164,600원  [end_win]
H2468 | bet   1,000원 BANKER | P:5♠ K♦ 7♠=2  B:A♥ 10♠ J♠=1  PLAYER(L)  | -1,000원 → 163,600원  [start]
H2469 | bet   2,000원 PLAYER | P:4♥ 3♥=7  B:5♥ 4♦=9  BANKER(L)  | -2,000원 → 161,600원
H2470 | bet   4,000원 PLAYER | P:5♦ 9♠ 8♥=2  B:K♦ 3♠=3  BANKER(L)  | -4,000원 → 157,600원
H2471 | bet   8,000원 PLAYER | P:K♦ 4♠ 6♣=0  B:5♠ 9♠ Q♣=4  BANKER(L)  | -8,000원 → 149,600원
H2472 | bet  16,000원 PLAYER | P:10♥ 2♣ 8♥=0  B:5♣ K♠=5  BANKER(L)  | -16,000원 → 133,600원  [end_giveup]
H2473 | bet   1,000원 BANKER | P:7♣ A♦=8  B:K♥ 8♦=8  TIE(T)  |     0원 → 133,600원
H2474 | bet   1,000원 BANKER | P:2♠ 2♠ A♦=5  B:4♦ J♦=4  PLAYER(L)  | -1,000원 → 132,600원  [start]
H2475 | bet   2,000원 PLAYER | P:4♠ 6♦ Q♣=0  B:7♠ 3♠ 8♣=8  BANKER(L)  | -2,000원 → 130,600원
H2476 | bet   4,000원 PLAYER | P:4♠ K♠ 8♠=2  B:J♥ K♦ Q♣=0  PLAYER(W)  | +4,000원 → 134,600원  [end_win]
H2477 | bet   1,000원 BANKER | P:A♦ Q♣ K♥=1  B:4♣ Q♦=4  BANKER(W)  | +950원 → 135,550원
H2478 | bet   1,000원 BANKER | P:J♣ 7♦=7  B:2♣ 7♥=9  BANKER(W)  | +950원 → 136,500원
H2479 | bet   1,000원 BANKER | P:Q♠ 9♦=9  B:9♣ 5♥=4  PLAYER(L)  | -1,000원 → 135,500원  [start]
H2480 | bet   2,000원 PLAYER | P:A♠ 6♥=7  B:3♣ Q♠ 3♦=6  PLAYER(W)  | +2,000원 → 137,500원  [end_win]
H2481 | bet   1,000원 BANKER | P:4♣ A♥=5  B:K♥ 9♣=9  BANKER(W)  | +950원 → 138,450원
H2482 | bet   1,000원 BANKER | P:3♣ J♣ 10♥=3  B:10♦ 3♦ A♠=4  BANKER(W)  | +950원 → 139,400원
H2483 | bet   1,000원 BANKER | P:J♥ 2♦ 8♠=0  B:7♥ 6♦=3  BANKER(W)  | +950원 → 140,350원
H2484 | bet   1,000원 BANKER | P:7♦ J♠=7  B:2♥ 8♠ 6♦=6  PLAYER(L)  | -1,000원 → 139,350원  [start]
H2485 | bet   2,000원 PLAYER | P:3♦ A♠ Q♦=4  B:A♦ 9♦ 3♠=3  PLAYER(W)  | +2,000원 → 141,350원  [end_win]
H2486 | bet   1,000원 BANKER | P:K♥ 3♠ 2♦=5  B:8♥ 9♦=7  BANKER(W)  | +950원 → 142,300원
H2487 | bet   1,000원 BANKER | P:9♥ J♠=9  B:5♥ K♣=5  PLAYER(L)  | -1,000원 → 141,300원  [start]
H2488 | bet   2,000원 PLAYER | P:7♦ 7♦ 6♣=0  B:9♠ 6♥ 10♦=5  BANKER(L)  | -2,000원 → 139,300원
H2489 | bet   4,000원 PLAYER | P:K♣ 7♣=7  B:7♠ 4♣ J♥=1  PLAYER(W)  | +4,000원 → 143,300원  [end_win]
H2490 | bet   1,000원 BANKER | P:Q♥ 2♥ 9♥=1  B:2♣ 10♠ 2♣=4  BANKER(W)  | +950원 → 144,250원
H2491 | bet   1,000원 BANKER | P:2♥ A♣ 5♣=8  B:2♥ 4♦=6  PLAYER(L)  | -1,000원 → 143,250원  [start]
H2492 | bet   2,000원 PLAYER | P:4♠ 6♠ Q♥=0  B:A♦ 5♣=6  BANKER(L)  | -2,000원 → 141,250원
H2493 | bet   4,000원 PLAYER | P:6♣ 6♥=2  B:2♥ 6♦=8  BANKER(L)  | -4,000원 → 137,250원
H2494 | bet   8,000원 PLAYER | P:A♣ Q♠ 4♣=5  B:5♦ A♦=6  BANKER(L)  | -8,000원 → 129,250원
H2495 | bet  16,000원 PLAYER | P:6♦ J♠=6  B:10♦ 5♦ 4♦=9  BANKER(L)  | -16,000원 → 113,250원  [end_giveup]
H2496 | bet   1,000원 BANKER | P:10♣ A♣=1  B:10♦ 9♥=9  BANKER(W)  | +950원 → 114,200원
H2497 | bet   1,000원 BANKER | P:9♦ K♠=9  B:4♣ 7♣=1  PLAYER(L)  | -1,000원 → 113,200원  [start]
H2498 | bet   2,000원 PLAYER | P:Q♦ 3♣ Q♦=3  B:5♣ Q♦=5  BANKER(L)  | -2,000원 → 111,200원
H2499 | bet   4,000원 PLAYER | P:8♦ 5♠ J♣=3  B:6♦ J♦=6  BANKER(L)  | -4,000원 → 107,200원
H2500 | bet   8,000원 PLAYER | P:3♥ 3♥=6  B:6♠ K♣=6  TIE(T)  |     0원 → 107,200원
H2501 | bet   8,000원 PLAYER | P:K♠ 5♦=5  B:3♦ 5♣=8  BANKER(L)  | -8,000원 → 99,200원
H2502 | bet  16,000원 PLAYER | P:A♣ J♥ 10♣=1  B:4♦ A♥=5  BANKER(L)  | -16,000원 → 83,200원  [end_giveup]
H2503 | bet   1,000원 BANKER | P:8♣ 7♠ K♥=5  B:J♥ J♣ 5♠=5  TIE(T)  |     0원 → 83,200원
H2504 | bet   1,000원 BANKER | P:6♠ K♣=6  B:10♥ 10♠ 7♦=7  BANKER(W)  | +950원 → 84,150원
H2505 | bet   1,000원 BANKER | P:A♥ 10♣=1  B:8♣ K♦=8  BANKER(W)  | +950원 → 85,100원
H2506 | bet   1,000원 BANKER | P:2♦ K♣ 4♣=6  B:2♥ Q♥ J♣=2  PLAYER(L)  | -1,000원 → 84,100원  [start]
H2507 | bet   2,000원 PLAYER | P:5♥ 4♣=9  B:10♥ A♣=1  PLAYER(W)  | +2,000원 → 86,100원  [end_win]
H2508 | bet   1,000원 BANKER | P:10♠ J♦=0  B:2♦ 7♠=9  BANKER(W)  | +950원 → 87,050원
H2509 | bet   1,000원 BANKER | P:2♠ 3♥ 8♦=3  B:3♠ A♠=4  BANKER(W)  | +950원 → 88,000원
H2510 | bet   1,000원 BANKER | P:4♠ 3♦=7  B:K♣ 10♣ K♠=0  PLAYER(L)  | -1,000원 → 87,000원  [start]
H2511 | bet   2,000원 PLAYER | P:A♥ 8♥=9  B:7♠ 5♠=2  PLAYER(W)  | +2,000원 → 89,000원  [end_win]
H2512 | bet   1,000원 BANKER | P:5♠ 5♥ 8♣=8  B:3♣ 7♣ 3♥=3  PLAYER(L)  | -1,000원 → 88,000원  [start]
H2513 | bet   2,000원 PLAYER | P:4♥ 4♠=8  B:8♥ 2♥=0  PLAYER(W)  | +2,000원 → 90,000원  [end_win]
H2514 | bet   1,000원 BANKER | P:2♣ Q♥=2  B:5♥ 3♥=8  BANKER(W)  | +950원 → 90,950원
H2515 | bet   1,000원 BANKER | P:7♥ 7♣ 8♠=2  B:6♥ 9♠=5  BANKER(W)  | +950원 → 91,900원
H2516 | bet   1,000원 BANKER | P:K♠ J♦=0  B:9♥ K♦=9  BANKER(W)  | +950원 → 92,850원
H2517 | bet   1,000원 BANKER | P:6♠ 10♦=6  B:3♣ J♣ A♠=4  PLAYER(L)  | -1,000원 → 91,850원  [start]
H2518 | bet   2,000원 PLAYER | P:7♣ K♠=7  B:9♥ 3♣ 9♥=1  PLAYER(W)  | +2,000원 → 93,850원  [end_win]
H2519 | bet   1,000원 BANKER | P:5♣ 9♦ 2♦=6  B:4♠ 7♦ K♥=1  PLAYER(L)  | -1,000원 → 92,850원  [start]
H2520 | bet   2,000원 PLAYER | P:Q♠ 10♠=0  B:8♠ Q♣=8  BANKER(L)  | -2,000원 → 90,850원
H2521 | bet   4,000원 PLAYER | P:9♣ 5♠ 8♠=2  B:A♦ A♠ 8♦=0  PLAYER(W)  | +4,000원 → 94,850원  [end_win]
H2522 | bet   1,000원 BANKER | P:4♥ 6♥ 3♠=3  B:6♥ K♦=6  BANKER(W)  | +950원 → 95,800원
H2523 | bet   1,000원 BANKER | P:2♦ 9♣ 9♠=0  B:A♦ J♠ A♣=2  BANKER(W)  | +950원 → 96,750원
H2524 | bet   1,000원 BANKER | P:Q♥ 3♠ 7♦=0  B:10♣ 10♠ A♥=1  BANKER(W)  | +950원 → 97,700원
H2525 | bet   1,000원 BANKER | P:2♣ Q♣=2  B:8♣ J♥=8  BANKER(W)  | +950원 → 98,650원
H2526 | bet   1,000원 BANKER | P:Q♦ 4♥ 10♦=4  B:7♦ 6♠ 10♠=3  PLAYER(L)  | -1,000원 → 97,650원  [start]
H2527 | bet   2,000원 PLAYER | P:A♣ 6♠=7  B:6♥ 9♠ 6♣=1  PLAYER(W)  | +2,000원 → 99,650원  [end_win]
H2528 | bet   1,000원 BANKER | P:3♦ 7♥=0  B:2♦ 6♦=8  BANKER(W)  | +950원 → 100,600원
H2529 | bet   1,000원 BANKER | P:9♠ 7♥=6  B:9♣ 9♦=8  BANKER(W)  | +950원 → 101,550원
H2530 | bet   1,000원 BANKER | P:A♠ J♠ 6♠=7  B:6♥ 8♣ J♠=4  PLAYER(L)  | -1,000원 → 100,550원  [start]
H2531 | bet   2,000원 PLAYER | P:8♥ 2♠=0  B:9♠ 10♥=9  BANKER(L)  | -2,000원 → 98,550원
H2532 | bet   4,000원 PLAYER | P:4♥ 9♥=3  B:2♦ 7♣=9  BANKER(L)  | -4,000원 → 94,550원
H2533 | bet   8,000원 PLAYER | P:2♥ Q♥ 9♥=1  B:2♣ 8♠ Q♦=0  PLAYER(W)  | +8,000원 → 102,550원  [end_win]
H2534 | bet   1,000원 BANKER | P:J♦ 10♥ 9♣=9  B:6♣ 5♠ 2♠=3  PLAYER(L)  | -1,000원 → 101,550원  [start]
H2535 | bet   2,000원 PLAYER | P:2♠ J♣ 3♦=5  B:10♥ 3♦ 10♥=3  PLAYER(W)  | +2,000원 → 103,550원  [end_win]
H2536 | bet   1,000원 BANKER | P:6♠ 9♣ A♠=6  B:J♦ 6♣=6  TIE(T)  |     0원 → 103,550원
H2537 | bet   1,000원 BANKER | P:J♠ 10♦ 3♣=3  B:2♣ Q♠ J♦=2  PLAYER(L)  | -1,000원 → 102,550원  [start]
H2538 | bet   2,000원 PLAYER | P:9♦ 5♦=4  B:K♥ 8♦=8  BANKER(L)  | -2,000원 → 100,550원
H2539 | bet   4,000원 PLAYER | P:8♥ 3♥ 9♣=0  B:7♥ 8♦=5  BANKER(L)  | -4,000원 → 96,550원
H2540 | bet   8,000원 PLAYER | P:Q♦ K♣ 5♦=5  B:J♣ 3♠ Q♣=3  PLAYER(W)  | +8,000원 → 104,550원  [end_win]
H2541 | bet   1,000원 BANKER | P:7♣ 2♠=9  B:10♣ 3♣=3  PLAYER(L)  | -1,000원 → 103,550원  [start]
H2542 | bet   2,000원 PLAYER | P:8♣ 8♠=6  B:A♥ 8♣=9  BANKER(L)  | -2,000원 → 101,550원
H2543 | bet   4,000원 PLAYER | P:J♦ J♥ 7♠=7  B:4♦ 7♠ 8♥=9  BANKER(L)  | -4,000원 → 97,550원
H2544 | bet   8,000원 PLAYER | P:10♣ 9♦=9  B:7♠ 2♥=9  TIE(T)  |     0원 → 97,550원
H2545 | bet   8,000원 PLAYER | P:5♥ 5♦ 2♥=2  B:9♣ 7♦=6  BANKER(L)  | -8,000원 → 89,550원
H2546 | bet  16,000원 PLAYER | P:5♠ 8♦ 10♥=3  B:10♠ 4♣=4  BANKER(L)  | -16,000원 → 73,550원  [end_giveup]
H2547 | bet   1,000원 BANKER | P:3♥ 8♥ 8♠=9  B:9♣ 3♣ 4♦=6  PLAYER(L)  | -1,000원 → 72,550원  [start]
H2548 | bet   2,000원 PLAYER | P:9♠ J♦=9  B:7♣ 2♦=9  TIE(T)  |     0원 → 72,550원
H2549 | bet   2,000원 PLAYER | P:2♦ Q♦=2  B:4♣ 5♥=9  BANKER(L)  | -2,000원 → 70,550원
H2550 | bet   4,000원 PLAYER | P:10♦ 3♠ Q♦=3  B:8♠ 9♦=7  BANKER(L)  | -4,000원 → 66,550원
H2551 | bet   8,000원 PLAYER | P:5♦ 10♥ 6♣=1  B:Q♠ 6♦ 6♠=2  BANKER(L)  | -8,000원 → 58,550원
H2552 | bet  16,000원 PLAYER | P:10♦ 2♣ 6♦=8  B:2♣ 5♣=7  PLAYER(W)  | +16,000원 → 74,550원  [end_win]
H2553 | bet   1,000원 BANKER | P:6♥ A♠=7  B:4♥ 5♥=9  BANKER(W)  | +950원 → 75,500원
H2554 | bet   1,000원 BANKER | P:10♠ 7♥=7  B:7♣ 10♣=7  TIE(T)  |     0원 → 75,500원
H2555 | bet   1,000원 BANKER | P:K♠ 10♣ 4♣=4  B:K♦ Q♥ J♣=0  PLAYER(L)  | -1,000원 → 74,500원  [start]
H2556 | bet   2,000원 PLAYER | P:4♥ 6♥ Q♦=0  B:2♥ A♦ 6♦=9  BANKER(L)  | -2,000원 → 72,500원
H2557 | bet   4,000원 PLAYER | P:A♣ Q♥=1  B:8♦ Q♥=8  BANKER(L)  | -4,000원 → 68,500원
H2558 | bet   8,000원 PLAYER | P:2♥ K♠ 5♦=7  B:2♣ 9♦ J♣=1  PLAYER(W)  | +8,000원 → 76,500원  [end_win]
H2559 | bet   1,000원 BANKER | P:2♦ 5♦=7  B:5♥ Q♠ 10♠=5  PLAYER(L)  | -1,000원 → 75,500원  [start]
H2560 | bet   2,000원 PLAYER | P:2♣ K♣ 7♠=9  B:Q♠ Q♠ 10♣=0  PLAYER(W)  | +2,000원 → 77,500원  [end_win]
H2561 | bet   1,000원 BANKER | P:2♣ 9♠ A♣=2  B:K♦ Q♦ K♣=0  PLAYER(L)  | -1,000원 → 76,500원  [start]
H2562 | bet   2,000원 PLAYER | P:5♦ 2♠=7  B:9♦ A♠ 5♥=5  PLAYER(W)  | +2,000원 → 78,500원  [end_win]
H2563 | bet   1,000원 BANKER | P:7♦ A♦=8  B:Q♠ Q♥=0  PLAYER(L)  | -1,000원 → 77,500원  [start]
H2564 | bet   2,000원 PLAYER | P:3♠ 2♠ 4♦=9  B:9♠ 3♥ 4♦=6  PLAYER(W)  | +2,000원 → 79,500원  [end_win]
H2565 | bet   1,000원 BANKER | P:5♣ 10♦=5  B:8♣ 10♠=8  BANKER(W)  | +950원 → 80,450원
H2566 | bet   1,000원 BANKER | P:8♣ 7♣=5  B:9♠ K♥=9  BANKER(W)  | +950원 → 81,400원
H2567 | bet   1,000원 BANKER | P:J♦ A♥ 6♠=7  B:7♣ 10♣=7  TIE(T)  |     0원 → 81,400원
H2568 | bet   1,000원 BANKER | P:J♠ 4♣ 3♥=7  B:J♥ 5♥=5  PLAYER(L)  | -1,000원 → 80,400원  [start]
H2569 | bet   2,000원 PLAYER | P:K♥ 9♥=9  B:4♦ 10♥=4  PLAYER(W)  | +2,000원 → 82,400원  [end_win]
H2570 | bet   1,000원 BANKER | P:7♥ 10♥=7  B:3♥ 3♣=6  PLAYER(L)  | -1,000원 → 81,400원  [start]
H2571 | bet   2,000원 PLAYER | P:6♣ 10♠=6  B:A♦ 5♣=6  TIE(T)  |     0원 → 81,400원
H2572 | bet   2,000원 PLAYER | P:A♦ 4♠ 9♠=4  B:5♣ 5♦ 6♥=6  BANKER(L)  | -2,000원 → 79,400원
H2573 | bet   4,000원 PLAYER | P:K♥ A♣ 7♥=8  B:Q♣ 2♥ 3♦=5  PLAYER(W)  | +4,000원 → 83,400원  [end_win]
H2574 | bet   1,000원 BANKER | P:J♠ 6♣=6  B:J♠ 4♠ A♠=5  PLAYER(L)  | -1,000원 → 82,400원  [start]
H2575 | bet   2,000원 PLAYER | P:8♣ J♥=8  B:8♦ 7♠=5  PLAYER(W)  | +2,000원 → 84,400원  [end_win]
H2576 | bet   1,000원 BANKER | P:3♥ 8♦ Q♥=1  B:7♣ 6♥ J♣=3  BANKER(W)  | +950원 → 85,350원
H2577 | bet   1,000원 BANKER | P:5♠ A♦=6  B:2♠ Q♥ 6♣=8  BANKER(W)  | +950원 → 86,300원
H2578 | bet   1,000원 BANKER | P:8♦ 2♣=0  B:9♥ K♦=9  BANKER(W)  | +950원 → 87,250원
H2579 | bet   1,000원 BANKER | P:J♦ 8♣=8  B:K♥ 10♥=0  PLAYER(L)  | -1,000원 → 86,250원  [start]
H2580 | bet   2,000원 PLAYER | P:4♦ K♥ 4♠=8  B:K♣ A♠ 8♦=9  BANKER(L)  | -2,000원 → 84,250원
H2581 | bet   4,000원 PLAYER | P:9♦ Q♣=9  B:5♠ 10♣=5  PLAYER(W)  | +4,000원 → 88,250원  [end_win]
H2582 | bet   1,000원 BANKER | P:J♥ 7♦=7  B:A♦ 9♦ A♥=1  PLAYER(L)  | -1,000원 → 87,250원  [start]
H2583 | bet   2,000원 PLAYER | P:7♥ 9♦=6  B:7♣ A♣=8  BANKER(L)  | -2,000원 → 85,250원
H2584 | bet   4,000원 PLAYER | P:3♥ 9♠ 9♠=1  B:3♣ Q♦ 8♥=1  TIE(T)  |     0원 → 85,250원
H2585 | bet   4,000원 PLAYER | P:J♠ J♦=0  B:8♣ A♣=9  BANKER(L)  | -4,000원 → 81,250원
H2586 | bet   8,000원 PLAYER | P:10♣ 4♣ 10♥=4  B:Q♠ J♠ A♠=1  PLAYER(W)  | +8,000원 → 89,250원  [end_win]
H2587 | bet   1,000원 BANKER | P:A♦ 3♠ J♠=4  B:Q♦ 2♥ A♣=3  PLAYER(L)  | -1,000원 → 88,250원  [start]
H2588 | bet   2,000원 PLAYER | P:J♦ J♣ 2♠=2  B:K♥ K♣ 3♥=3  BANKER(L)  | -2,000원 → 86,250원
H2589 | bet   4,000원 PLAYER | P:5♠ A♣=6  B:K♣ A♠ 4♠=5  PLAYER(W)  | +4,000원 → 90,250원  [end_win]
H2590 | bet   1,000원 BANKER | P:J♦ Q♣=0  B:6♠ 3♠=9  BANKER(W)  | +950원 → 91,200원
H2591 | bet   1,000원 BANKER | P:7♣ 4♥ 5♥=6  B:8♣ 7♠ 4♠=9  BANKER(W)  | +950원 → 92,150원
H2592 | bet   1,000원 BANKER | P:J♥ 3♠ 5♠=8  B:9♥ 6♠ 6♦=1  PLAYER(L)  | -1,000원 → 91,150원  [start]
H2593 | bet   2,000원 PLAYER | P:10♦ 7♥=7  B:7♦ J♣=7  TIE(T)  |     0원 → 91,150원
H2594 | bet   2,000원 PLAYER | P:5♣ A♠=6  B:6♠ 10♥=6  TIE(T)  |     0원 → 91,150원
H2595 | bet   2,000원 PLAYER | P:Q♣ 10♦ 8♣=8  B:6♥ J♥=6  PLAYER(W)  | +2,000원 → 93,150원  [end_win]
H2596 | bet   1,000원 BANKER | P:9♥ 3♠ 7♥=9  B:5♣ A♦ A♥=7  PLAYER(L)  | -1,000원 → 92,150원  [start]
H2597 | bet   2,000원 PLAYER | P:8♦ A♥=9  B:Q♣ 6♠=6  PLAYER(W)  | +2,000원 → 94,150원  [end_win]
H2598 | bet   1,000원 BANKER | P:2♠ 4♥=6  B:Q♠ 3♣ 9♥=2  PLAYER(L)  | -1,000원 → 93,150원  [start]
H2599 | bet   2,000원 PLAYER | P:10♦ K♣ 4♥=4  B:6♦ 4♣ 5♣=5  BANKER(L)  | -2,000원 → 91,150원
H2600 | bet   4,000원 PLAYER | P:7♠ 7♠ 8♠=2  B:9♦ 4♣=3  BANKER(L)  | -4,000원 → 87,150원
H2601 | bet   8,000원 PLAYER | P:K♣ 7♦=7  B:7♠ 8♥ 4♠=9  BANKER(L)  | -8,000원 → 79,150원
H2602 | bet  16,000원 PLAYER | P:K♦ 4♣ J♥=4  B:Q♦ J♦ 3♦=3  PLAYER(W)  | +16,000원 → 95,150원  [end_win]
H2603 | bet   1,000원 BANKER | P:7♥ 3♥ 6♠=6  B:8♠ 4♥ 2♣=4  PLAYER(L)  | -1,000원 → 94,150원  [start]
H2604 | bet   2,000원 PLAYER | P:6♣ 2♦=8  B:2♠ 8♥=0  PLAYER(W)  | +2,000원 → 96,150원  [end_win]
H2605 | bet   1,000원 BANKER | P:3♠ K♦ 6♦=9  B:9♠ 8♠=7  PLAYER(L)  | -1,000원 → 95,150원  [start]
H2606 | bet   2,000원 PLAYER | P:Q♣ Q♠ Q♦=0  B:K♦ 4♠=4  BANKER(L)  | -2,000원 → 93,150원
H2607 | bet   4,000원 PLAYER | P:3♣ 8♠ K♠=1  B:3♠ 8♠ 5♦=6  BANKER(L)  | -4,000원 → 89,150원
H2608 | bet   8,000원 PLAYER | P:6♥ 9♣ K♥=5  B:Q♣ 4♦=4  PLAYER(W)  | +8,000원 → 97,150원  [end_win]
H2609 | bet   1,000원 BANKER | P:3♣ 9♥ 5♠=7  B:10♠ 2♠ 9♣=1  PLAYER(L)  | -1,000원 → 96,150원  [start]
H2610 | bet   2,000원 PLAYER | P:A♠ 5♦=6  B:Q♣ A♥ 6♣=7  BANKER(L)  | -2,000원 → 94,150원
H2611 | bet   4,000원 PLAYER | P:3♣ 3♦=6  B:6♠ Q♥=6  TIE(T)  |     0원 → 94,150원
H2612 | bet   4,000원 PLAYER | P:J♥ 8♠=8  B:J♠ Q♥=0  PLAYER(W)  | +4,000원 → 98,150원  [end_win]
H2613 | bet   1,000원 BANKER | P:4♥ 5♠=9  B:10♠ K♠=0  PLAYER(L)  | -1,000원 → 97,150원  [start]
H2614 | bet   2,000원 PLAYER | P:K♥ 8♦=8  B:5♠ 6♦=1  PLAYER(W)  | +2,000원 → 99,150원  [end_win]
H2615 | bet   1,000원 BANKER | P:7♣ 8♥=5  B:6♣ 2♥=8  BANKER(W)  | +950원 → 100,100원
H2616 | bet   1,000원 BANKER | P:9♥ K♣=9  B:J♠ 2♠=2  PLAYER(L)  | -1,000원 → 99,100원  [start]
H2617 | bet   2,000원 PLAYER | P:2♦ 10♥ A♣=3  B:2♦ 9♣ 6♥=7  BANKER(L)  | -2,000원 → 97,100원
H2618 | bet   4,000원 PLAYER | P:K♦ K♠ 2♣=2  B:3♦ 4♦=7  BANKER(L)  | -4,000원 → 93,100원
H2619 | bet   8,000원 PLAYER | P:3♦ 7♦ 6♦=6  B:J♦ 3♣ 7♠=0  PLAYER(W)  | +8,000원 → 101,100원  [end_win]
H2620 | bet   1,000원 BANKER | P:9♥ A♥ 10♦=0  B:2♦ 8♣ 7♦=7  BANKER(W)  | +950원 → 102,050원
H2621 | bet   1,000원 BANKER | P:8♥ 4♠ 3♦=5  B:7♥ 4♦ 7♦=8  BANKER(W)  | +950원 → 103,000원
H2622 | bet   1,000원 BANKER | P:9♣ 3♦ 9♣=1  B:A♥ 4♥=5  BANKER(W)  | +950원 → 103,950원
H2623 | bet   1,000원 BANKER | P:A♥ J♣ J♣=1  B:K♠ J♣ 10♦=0  PLAYER(L)  | -1,000원 → 102,950원  [start]
H2624 | bet   2,000원 PLAYER | P:K♦ J♥ 8♥=8  B:2♦ 5♥=7  PLAYER(W)  | +2,000원 → 104,950원  [end_win]
H2625 | bet   1,000원 BANKER | P:8♠ 10♥=8  B:Q♠ A♥=1  PLAYER(L)  | -1,000원 → 103,950원  [start]
H2626 | bet   2,000원 PLAYER | P:K♠ 8♣=8  B:9♠ 4♠=3  PLAYER(W)  | +2,000원 → 105,950원  [end_win]
H2627 | bet   1,000원 BANKER | P:Q♦ 4♣ Q♦=4  B:7♣ J♦=7  BANKER(W)  | +950원 → 106,900원
H2628 | bet   1,000원 BANKER | P:9♣ A♥ 5♠=5  B:6♥ 10♦=6  BANKER(W)  | +950원 → 107,850원
H2629 | bet   1,000원 BANKER | P:7♣ 9♣=6  B:2♦ 8♣ 2♥=2  PLAYER(L)  | -1,000원 → 106,850원  [start]
H2630 | bet   2,000원 PLAYER | P:5♥ J♦=5  B:Q♣ 8♠=8  BANKER(L)  | -2,000원 → 104,850원
H2631 | bet   4,000원 PLAYER | P:9♦ 5♥ 9♦=3  B:2♣ 4♣=6  BANKER(L)  | -4,000원 → 100,850원
H2632 | bet   8,000원 PLAYER | P:3♠ 8♦=1  B:9♦ K♥=9  BANKER(L)  | -8,000원 → 92,850원
H2633 | bet  16,000원 PLAYER | P:10♠ 10♠ 5♠=5  B:9♠ 6♠ J♦=5  TIE(T)  |     0원 → 92,850원
H2634 | bet  16,000원 PLAYER | P:J♠ 3♥ J♣=3  B:7♦ 10♥=7  BANKER(L)  | -16,000원 → 76,850원  [end_giveup]
H2635 | bet   1,000원 BANKER | P:7♥ 5♠ 5♣=7  B:5♦ 10♣ 2♥=7  TIE(T)  |     0원 → 76,850원
H2636 | bet   1,000원 BANKER | P:Q♥ 9♠=9  B:5♠ J♦=5  PLAYER(L)  | -1,000원 → 75,850원  [start]
H2637 | bet   2,000원 PLAYER | P:4♥ K♣ 9♣=3  B:J♠ 2♥ 7♥=9  BANKER(L)  | -2,000원 → 73,850원
H2638 | bet   4,000원 PLAYER | P:2♦ J♥=2  B:A♣ 7♦=8  BANKER(L)  | -4,000원 → 69,850원
H2639 | bet   8,000원 PLAYER | P:A♠ 6♦=7  B:3♣ J♠ 8♥=1  PLAYER(W)  | +8,000원 → 77,850원  [end_win]
H2640 | bet   1,000원 BANKER | P:3♥ 6♣=9  B:A♠ 4♣=5  PLAYER(L)  | -1,000원 → 76,850원  [start]
H2641 | bet   2,000원 PLAYER | P:5♦ 5♠ 9♦=9  B:4♦ Q♣=4  PLAYER(W)  | +2,000원 → 78,850원  [end_win]
H2642 | bet   1,000원 BANKER | P:A♣ A♣ J♥=2  B:4♥ A♦=5  BANKER(W)  | +950원 → 79,800원
H2643 | bet   1,000원 BANKER | P:Q♣ Q♣=0  B:3♣ 6♣=9  BANKER(W)  | +950원 → 80,750원
H2644 | bet   1,000원 BANKER | P:10♠ J♥ J♣=0  B:10♦ J♠ 6♦=6  BANKER(W)  | +950원 → 81,700원
H2645 | bet   1,000원 BANKER | P:2♣ 4♥=6  B:5♦ 9♥ 7♦=1  PLAYER(L)  | -1,000원 → 80,700원  [start]
H2646 | bet   2,000원 PLAYER | P:K♥ K♣ A♠=1  B:Q♦ J♠ 9♠=9  BANKER(L)  | -2,000원 → 78,700원
H2647 | bet   4,000원 PLAYER | P:6♣ K♦=6  B:6♥ 9♥ 2♥=7  BANKER(L)  | -4,000원 → 74,700원
H2648 | bet   8,000원 PLAYER | P:A♦ 10♠ 7♣=8  B:5♥ 7♥ 4♦=6  PLAYER(W)  | +8,000원 → 82,700원  [end_win]
H2649 | bet   1,000원 BANKER | P:5♦ J♣ 7♦=2  B:K♠ K♠ 7♣=7  BANKER(W)  | +950원 → 83,650원
H2650 | bet   1,000원 BANKER | P:A♦ J♣=1  B:4♥ 5♥=9  BANKER(W)  | +950원 → 84,600원
H2651 | bet   1,000원 BANKER | P:K♥ 6♥=6  B:9♦ 8♣=7  BANKER(W)  | +950원 → 85,550원
H2652 | bet   1,000원 BANKER | P:7♠ Q♥=7  B:8♦ 4♠ 7♦=9  BANKER(W)  | +950원 → 86,500원
H2653 | bet   1,000원 BANKER | P:10♥ 2♠ 2♥=4  B:3♦ A♥ 8♦=2  PLAYER(L)  | -1,000원 → 85,500원  [start]
H2654 | bet   2,000원 PLAYER | P:6♠ 5♣ 8♣=9  B:8♦ 8♠=6  PLAYER(W)  | +2,000원 → 87,500원  [end_win]
H2655 | bet   1,000원 BANKER | P:A♠ 9♣ Q♦=0  B:J♣ 10♦ 3♦=3  BANKER(W)  | +950원 → 88,450원
H2656 | bet   1,000원 BANKER | P:J♣ 6♠=6  B:5♥ 8♦ K♣=3  PLAYER(L)  | -1,000원 → 87,450원  [start]
H2657 | bet   2,000원 PLAYER | P:6♥ Q♦=6  B:8♥ A♣=9  BANKER(L)  | -2,000원 → 85,450원
H2658 | bet   4,000원 PLAYER | P:7♣ 5♥ 10♥=2  B:6♠ J♠=6  BANKER(L)  | -4,000원 → 81,450원
H2659 | bet   8,000원 PLAYER | P:10♦ Q♣ K♠=0  B:3♠ 7♣ 8♣=8  BANKER(L)  | -8,000원 → 73,450원
H2660 | bet  16,000원 PLAYER | P:A♠ 2♦ 9♥=2  B:5♠ 7♠ K♦=2  TIE(T)  |     0원 → 73,450원
H2661 | bet  16,000원 PLAYER | P:2♦ 4♦=6  B:2♠ 9♠ Q♠=1  PLAYER(W)  | +16,000원 → 89,450원  [end_win]
H2662 | bet   1,000원 BANKER | P:9♠ K♥=9  B:A♦ 5♣=6  PLAYER(L)  | -1,000원 → 88,450원  [start]
H2663 | bet   2,000원 PLAYER | P:9♣ Q♠=9  B:10♠ 8♣=8  PLAYER(W)  | +2,000원 → 90,450원  [end_win]
H2664 | bet   1,000원 BANKER | P:10♦ 9♠=9  B:8♥ 9♥=7  PLAYER(L)  | -1,000원 → 89,450원  [start]
H2665 | bet   2,000원 PLAYER | P:A♠ 9♣ A♥=1  B:A♥ 6♦=7  BANKER(L)  | -2,000원 → 87,450원
H2666 | bet   4,000원 PLAYER | P:10♦ 7♥=7  B:9♥ A♠ 2♥=2  PLAYER(W)  | +4,000원 → 91,450원  [end_win]
H2667 | bet   1,000원 BANKER | P:J♦ 6♥=6  B:10♥ 8♥=8  BANKER(W)  | +950원 → 92,400원
H2668 | bet   1,000원 BANKER | P:6♠ J♦=6  B:2♠ 5♣=7  BANKER(W)  | +950원 → 93,350원
H2669 | bet   1,000원 BANKER | P:7♠ K♣=7  B:3♣ 3♦=6  PLAYER(L)  | -1,000원 → 92,350원  [start]
H2670 | bet   2,000원 PLAYER | P:7♣ 7♠ 10♣=4  B:6♣ 6♣ 2♦=4  TIE(T)  |     0원 → 92,350원
H2671 | bet   2,000원 PLAYER | P:Q♠ 2♦ 3♣=5  B:8♥ 5♣ 3♥=6  BANKER(L)  | -2,000원 → 90,350원
H2672 | bet   4,000원 PLAYER | P:2♥ A♥ 3♠=6  B:7♥ 10♣=7  BANKER(L)  | -4,000원 → 86,350원
H2673 | bet   8,000원 PLAYER | P:3♦ A♦ A♦=5  B:Q♥ K♦ 7♥=7  BANKER(L)  | -8,000원 → 78,350원
H2674 | bet  16,000원 PLAYER | P:K♦ Q♥ 9♥=9  B:4♠ K♥=4  PLAYER(W)  | +16,000원 → 94,350원  [end_win]
H2675 | bet   1,000원 BANKER | P:4♥ 4♦=8  B:7♦ 2♣=9  BANKER(W)  | +950원 → 95,300원
H2676 | bet   1,000원 BANKER | P:9♦ 2♦ Q♦=1  B:Q♥ K♠ K♥=0  PLAYER(L)  | -1,000원 → 94,300원  [start]
H2677 | bet   2,000원 PLAYER | P:Q♠ 9♥=9  B:6♦ A♥=7  PLAYER(W)  | +2,000원 → 96,300원  [end_win]
H2678 | bet   1,000원 BANKER | P:3♥ 8♦ 4♣=5  B:J♦ J♣ 6♥=6  BANKER(W)  | +950원 → 97,250원
H2679 | bet   1,000원 BANKER | P:2♣ 6♠=8  B:5♦ 8♠=3  PLAYER(L)  | -1,000원 → 96,250원  [start]
H2680 | bet   2,000원 PLAYER | P:5♦ 10♥ J♠=5  B:J♠ 4♦=4  PLAYER(W)  | +2,000원 → 98,250원  [end_win]
H2681 | bet   1,000원 BANKER | P:4♣ 4♥=8  B:4♠ K♥=4  PLAYER(L)  | -1,000원 → 97,250원  [start]
H2682 | bet   2,000원 PLAYER | P:10♠ 4♠ 5♣=9  B:10♣ 4♠ K♠=4  PLAYER(W)  | +2,000원 → 99,250원  [end_win]
H2683 | bet   1,000원 BANKER | P:J♦ 4♠=4  B:8♦ J♥=8  BANKER(W)  | +950원 → 100,200원
H2684 | bet   1,000원 BANKER | P:9♦ 10♠=9  B:5♥ 10♦=5  PLAYER(L)  | -1,000원 → 99,200원  [start]
H2685 | bet   2,000원 PLAYER | P:K♠ 4♦=4  B:A♣ 7♠=8  BANKER(L)  | -2,000원 → 97,200원
H2686 | bet   4,000원 PLAYER | P:3♠ 3♠=6  B:5♣ 6♦ 6♥=7  BANKER(L)  | -4,000원 → 93,200원
H2687 | bet   8,000원 PLAYER | P:3♦ 2♦ 5♣=0  B:10♣ K♣ 6♠=6  BANKER(L)  | -8,000원 → 85,200원
H2688 | bet  16,000원 PLAYER | P:A♥ 7♣=8  B:3♣ 2♠=5  PLAYER(W)  | +16,000원 → 101,200원  [end_win]
H2689 | bet   1,000원 BANKER | P:2♠ K♦=2  B:7♦ A♦=8  BANKER(W)  | +950원 → 102,150원
H2690 | bet   1,000원 BANKER | P:3♥ 6♣=9  B:2♣ 8♠=0  PLAYER(L)  | -1,000원 → 101,150원  [start]
H2691 | bet   2,000원 PLAYER | P:K♣ 5♦ 4♣=9  B:3♦ Q♠ 9♥=2  PLAYER(W)  | +2,000원 → 103,150원  [end_win]
H2692 | bet   1,000원 BANKER | P:K♦ K♥ A♣=1  B:4♦ 7♥ Q♥=1  TIE(T)  |     0원 → 103,150원
H2693 | bet   1,000원 BANKER | P:A♦ Q♥ 4♥=5  B:Q♣ 4♣ Q♦=4  PLAYER(L)  | -1,000원 → 102,150원  [start]
H2694 | bet   2,000원 PLAYER | P:2♥ 8♣ 7♠=7  B:A♣ 3♥ Q♣=4  PLAYER(W)  | +2,000원 → 104,150원  [end_win]
H2695 | bet   1,000원 BANKER | P:K♦ 6♦=6  B:2♣ 6♣=8  BANKER(W)  | +950원 → 105,100원
H2696 | bet   1,000원 BANKER | P:6♥ 10♦=6  B:J♥ 7♦=7  BANKER(W)  | +950원 → 106,050원
H2697 | bet   1,000원 BANKER | P:5♠ 10♣ 6♠=1  B:3♥ 3♣ 3♠=9  BANKER(W)  | +950원 → 107,000원
H2698 | bet   1,000원 BANKER | P:8♥ Q♠=8  B:4♠ 3♣=7  PLAYER(L)  | -1,000원 → 106,000원  [start]
H2699 | bet   2,000원 PLAYER | P:3♣ 10♠ Q♠=3  B:7♠ 3♠ 3♠=3  TIE(T)  |     0원 → 106,000원
H2700 | bet   2,000원 PLAYER | P:A♠ 8♦=9  B:J♥ 10♥=0  PLAYER(W)  | +2,000원 → 108,000원  [end_win]
H2701 | bet   1,000원 BANKER | P:3♦ 6♣=9  B:6♦ 4♦=0  PLAYER(L)  | -1,000원 → 107,000원  [start]
H2702 | bet   2,000원 PLAYER | P:3♥ 8♠ 10♥=1  B:2♠ Q♣ K♣=2  BANKER(L)  | -2,000원 → 105,000원
H2703 | bet   4,000원 PLAYER | P:Q♥ 5♦ 3♦=8  B:5♠ 6♦ 7♠=8  TIE(T)  |     0원 → 105,000원
H2704 | bet   4,000원 PLAYER | P:9♣ K♣=9  B:8♠ 8♥=6  PLAYER(W)  | +4,000원 → 109,000원  [end_win]
H2705 | bet   1,000원 BANKER | P:4♥ 2♣=6  B:5♥ J♥ 7♥=2  PLAYER(L)  | -1,000원 → 108,000원  [start]
H2706 | bet   2,000원 PLAYER | P:8♠ J♣=8  B:2♠ 10♣=2  PLAYER(W)  | +2,000원 → 110,000원  [end_win]
H2707 | bet   1,000원 BANKER | P:2♥ 5♥=7  B:A♦ 3♥ 2♣=6  PLAYER(L)  | -1,000원 → 109,000원  [start]
H2708 | bet   2,000원 PLAYER | P:4♣ 10♥ 10♦=4  B:J♣ K♥ 3♣=3  PLAYER(W)  | +2,000원 → 111,000원  [end_win]
H2709 | bet   1,000원 BANKER | P:9♦ 10♣=9  B:10♥ 3♠=3  PLAYER(L)  | -1,000원 → 110,000원  [start]
H2710 | bet   2,000원 PLAYER | P:5♠ 7♥=2  B:7♣ 2♣=9  BANKER(L)  | -2,000원 → 108,000원
H2711 | bet   4,000원 PLAYER | P:J♠ 2♠ 2♣=4  B:10♠ 7♦=7  BANKER(L)  | -4,000원 → 104,000원
H2712 | bet   8,000원 PLAYER | P:3♥ 2♣=5  B:J♥ 9♥=9  BANKER(L)  | -8,000원 → 96,000원
H2713 | bet  16,000원 PLAYER | P:A♣ 6♥=7  B:4♣ 8♦ J♦=2  PLAYER(W)  | +16,000원 → 112,000원  [end_win]
H2714 | bet   1,000원 BANKER | P:3♥ Q♦ 9♥=2  B:10♦ 5♣=5  BANKER(W)  | +950원 → 112,950원
H2715 | bet   1,000원 BANKER | P:2♠ 9♠=1  B:A♦ 8♠=9  BANKER(W)  | +950원 → 113,900원
H2716 | bet   1,000원 BANKER | P:8♠ 3♦ A♣=2  B:A♠ 5♠=6  BANKER(W)  | +950원 → 114,850원
H2717 | bet   1,000원 BANKER | P:A♣ 6♣=7  B:7♠ 9♦=6  PLAYER(L)  | -1,000원 → 113,850원  [start]
H2718 | bet   2,000원 PLAYER | P:5♦ 10♥ K♠=5  B:2♣ A♣ Q♣=3  PLAYER(W)  | +2,000원 → 115,850원  [end_win]
H2719 | bet   1,000원 BANKER | P:Q♣ Q♣=0  B:4♥ 5♥=9  BANKER(W)  | +950원 → 116,800원
H2720 | bet   1,000원 BANKER | P:7♠ 3♠ 6♦=6  B:7♦ 10♥=7  BANKER(W)  | +950원 → 117,750원
H2721 | bet   1,000원 BANKER | P:8♦ J♣=8  B:9♥ 9♦=8  TIE(T)  |     0원 → 117,750원
H2722 | bet   1,000원 BANKER | P:9♣ Q♠=9  B:3♠ 3♣=6  PLAYER(L)  | -1,000원 → 116,750원  [start]
H2723 | bet   2,000원 PLAYER | P:J♦ 2♥ 3♥=5  B:A♦ Q♦ A♠=2  PLAYER(W)  | +2,000원 → 118,750원  [end_win]
H2724 | bet   1,000원 BANKER | P:4♣ 8♦ 4♥=6  B:4♥ 2♦=6  TIE(T)  |     0원 → 118,750원
H2725 | bet   1,000원 BANKER | P:A♥ A♥=2  B:K♦ 8♠=8  BANKER(W)  | +950원 → 119,700원
H2726 | bet   1,000원 BANKER | P:A♥ 6♦=7  B:7♣ 10♥=7  TIE(T)  |     0원 → 119,700원
H2727 | bet   1,000원 BANKER | P:10♦ 7♠=7  B:8♠ K♣=8  BANKER(W)  | +950원 → 120,650원
H2728 | bet   1,000원 BANKER | P:3♣ 9♥ 10♦=2  B:8♥ 2♣ 9♥=9  BANKER(W)  | +950원 → 121,600원
H2729 | bet   1,000원 BANKER | P:4♠ Q♦ 3♣=7  B:2♦ A♦ K♦=3  PLAYER(L)  | -1,000원 → 120,600원  [start]
H2730 | bet   2,000원 PLAYER | P:2♥ A♣ Q♥=3  B:4♥ 2♥=6  BANKER(L)  | -2,000원 → 118,600원
H2731 | bet   4,000원 PLAYER | P:8♦ Q♦=8  B:Q♣ 5♠=5  PLAYER(W)  | +4,000원 → 122,600원  [end_win]
H2732 | bet   1,000원 BANKER | P:4♠ J♥ 5♠=9  B:A♠ 4♥ 2♠=7  PLAYER(L)  | -1,000원 → 121,600원  [start]
H2733 | bet   2,000원 PLAYER | P:7♦ 4♦=1  B:9♠ K♠=9  BANKER(L)  | -2,000원 → 119,600원
H2734 | bet   4,000원 PLAYER | P:6♠ 2♥=8  B:7♦ K♣=7  PLAYER(W)  | +4,000원 → 123,600원  [end_win]
H2735 | bet   1,000원 BANKER | P:9♥ 9♠=8  B:J♥ 9♠=9  BANKER(W)  | +950원 → 124,550원
H2736 | bet   1,000원 BANKER | P:6♣ 10♠=6  B:3♠ 3♦=6  TIE(T)  |     0원 → 124,550원
H2737 | bet   1,000원 BANKER | P:Q♣ A♠=1  B:K♦ 8♥=8  BANKER(W)  | +950원 → 125,500원
H2738 | bet   1,000원 BANKER | P:6♣ 7♠ 6♣=9  B:4♠ A♠ 5♠=0  PLAYER(L)  | -1,000원 → 124,500원  [start]
H2739 | bet   2,000원 PLAYER | P:A♣ 6♦=7  B:5♠ Q♠ J♥=5  PLAYER(W)  | +2,000원 → 126,500원  [end_win]
H2740 | bet   1,000원 BANKER | P:K♠ 3♣ J♠=3  B:K♣ 2♠ K♦=2  PLAYER(L)  | -1,000원 → 125,500원  [start]
H2741 | bet   2,000원 PLAYER | P:9♣ K♥=9  B:6♥ K♣=6  PLAYER(W)  | +2,000원 → 127,500원  [end_win]
H2742 | bet   1,000원 BANKER | P:K♣ J♦ 9♠=9  B:K♦ 6♠=6  PLAYER(L)  | -1,000원 → 126,500원  [start]
H2743 | bet   2,000원 PLAYER | P:J♦ 8♦=8  B:7♥ 9♣=6  PLAYER(W)  | +2,000원 → 128,500원  [end_win]
H2744 | bet   1,000원 BANKER | P:3♦ A♣ 4♣=8  B:K♠ 7♠=7  PLAYER(L)  | -1,000원 → 127,500원  [start]
H2745 | bet   2,000원 PLAYER | P:5♣ 3♠=8  B:J♣ Q♠=0  PLAYER(W)  | +2,000원 → 129,500원  [end_win]
H2746 | bet   1,000원 BANKER | P:4♠ 7♣ A♠=2  B:J♣ J♠ 10♦=0  PLAYER(L)  | -1,000원 → 128,500원  [start]
H2747 | bet   2,000원 PLAYER | P:4♠ 5♥=9  B:10♠ 2♠=2  PLAYER(W)  | +2,000원 → 130,500원  [end_win]
H2748 | bet   1,000원 BANKER | P:4♦ 6♠ 7♣=7  B:5♦ 6♣ Q♠=1  PLAYER(L)  | -1,000원 → 129,500원  [start]
H2749 | bet   2,000원 PLAYER | P:9♣ 8♣=7  B:10♠ Q♦ J♣=0  PLAYER(W)  | +2,000원 → 131,500원  [end_win]
H2750 | bet   1,000원 BANKER | P:K♦ 8♥=8  B:3♣ 3♠=6  PLAYER(L)  | -1,000원 → 130,500원  [start]
H2751 | bet   2,000원 PLAYER | P:3♥ 6♥=9  B:Q♦ Q♥=0  PLAYER(W)  | +2,000원 → 132,500원  [end_win]
H2752 | bet   1,000원 BANKER | P:10♣ 7♥=7  B:K♣ 5♥ 2♠=7  TIE(T)  |     0원 → 132,500원
H2753 | bet   1,000원 BANKER | P:2♠ 8♣ 5♦=5  B:9♦ 3♣ 6♠=8  BANKER(W)  | +950원 → 133,450원
H2754 | bet   1,000원 BANKER | P:10♣ 8♠=8  B:Q♥ 2♦=2  PLAYER(L)  | -1,000원 → 132,450원  [start]
H2755 | bet   2,000원 PLAYER | P:9♣ A♥ 2♦=2  B:Q♥ J♣ 2♣=2  TIE(T)  |     0원 → 132,450원
H2756 | bet   2,000원 PLAYER | P:J♠ Q♦ J♦=0  B:5♣ 8♣ 7♣=0  TIE(T)  |     0원 → 132,450원
H2757 | bet   2,000원 PLAYER | P:7♦ A♦=8  B:5♣ 6♦=1  PLAYER(W)  | +2,000원 → 134,450원  [end_win]
H2758 | bet   1,000원 BANKER | P:J♥ 3♦ 10♠=3  B:4♠ 8♦ 4♦=6  BANKER(W)  | +950원 → 135,400원
H2759 | bet   1,000원 BANKER | P:J♠ Q♣=0  B:J♦ 8♣=8  BANKER(W)  | +950원 → 136,350원
H2760 | bet   1,000원 BANKER | P:8♠ 7♠=5  B:6♣ 2♥=8  BANKER(W)  | +950원 → 137,300원
H2761 | bet   1,000원 BANKER | P:K♥ 8♠=8  B:A♠ 6♠=7  PLAYER(L)  | -1,000원 → 136,300원  [start]
H2762 | bet   2,000원 PLAYER | P:Q♠ A♦ 10♥=1  B:5♦ K♥=5  BANKER(L)  | -2,000원 → 134,300원
H2763 | bet   4,000원 PLAYER | P:Q♥ 7♠=7  B:4♥ Q♠ A♦=5  PLAYER(W)  | +4,000원 → 138,300원  [end_win]
H2764 | bet   1,000원 BANKER | P:8♦ 7♥ 10♠=5  B:5♥ 2♠=7  BANKER(W)  | +950원 → 139,250원
H2765 | bet   1,000원 BANKER | P:Q♠ 4♣ 8♠=2  B:4♥ 10♣=4  BANKER(W)  | +950원 → 140,200원
H2766 | bet   1,000원 BANKER | P:3♥ 7♣ 6♠=6  B:J♠ A♠ 4♣=5  PLAYER(L)  | -1,000원 → 139,200원  [start]
H2767 | bet   2,000원 PLAYER | P:8♣ A♥=9  B:9♦ 9♦=8  PLAYER(W)  | +2,000원 → 141,200원  [end_win]
H2768 | bet   1,000원 BANKER | P:3♦ 7♦ 10♠=0  B:2♦ J♣ 5♦=7  BANKER(W)  | +950원 → 142,150원
H2769 | bet   1,000원 BANKER | P:5♥ 2♦=7  B:Q♥ 4♣ 8♥=2  PLAYER(L)  | -1,000원 → 141,150원  [start]
H2770 | bet   2,000원 PLAYER | P:6♦ 10♥=6  B:3♠ J♥ K♠=3  PLAYER(W)  | +2,000원 → 143,150원  [end_win]
H2771 | bet   1,000원 BANKER | P:6♥ 7♠ 3♣=6  B:A♣ 10♠ 8♥=9  BANKER(W)  | +950원 → 144,100원
H2772 | bet   1,000원 BANKER | P:9♥ 7♦=6  B:5♦ 3♦=8  BANKER(W)  | +950원 → 145,050원
H2773 | bet   1,000원 BANKER | P:4♦ K♦ 10♣=4  B:4♦ 8♥ 6♥=8  BANKER(W)  | +950원 → 146,000원
H2774 | bet   1,000원 BANKER | P:6♦ 7♦ J♥=3  B:9♣ 4♥ Q♦=3  TIE(T)  |     0원 → 146,000원
H2775 | bet   1,000원 BANKER | P:8♥ 4♣ 8♣=0  B:6♦ 5♣ 4♦=5  BANKER(W)  | +950원 → 146,950원
H2776 | bet   1,000원 BANKER | P:Q♠ 2♥ 8♦=0  B:3♦ 10♦=3  BANKER(W)  | +950원 → 147,900원
H2777 | bet   1,000원 BANKER | P:6♥ 4♦ 3♦=3  B:4♠ 9♠ 6♠=9  BANKER(W)  | +950원 → 148,850원
H2778 | bet   1,000원 BANKER | P:A♥ 4♦=5  B:9♣ K♥=9  BANKER(W)  | +950원 → 149,800원
H2779 | bet   1,000원 BANKER | P:5♣ 7♥ J♦=2  B:J♣ A♥ 8♥=9  BANKER(W)  | +950원 → 150,750원
H2780 | bet   1,000원 BANKER | P:K♠ 2♥ 6♣=8  B:Q♣ 7♣=7  PLAYER(L)  | -1,000원 → 149,750원  [start]
H2781 | bet   2,000원 PLAYER | P:6♠ 9♦ K♥=5  B:9♠ 5♣=4  PLAYER(W)  | +2,000원 → 151,750원  [end_win]
H2782 | bet   1,000원 BANKER | P:10♣ 6♣=6  B:10♦ K♥ K♠=0  PLAYER(L)  | -1,000원 → 150,750원  [start]
H2783 | bet   2,000원 PLAYER | P:4♠ K♣ 7♥=1  B:9♦ A♦ 5♥=5  BANKER(L)  | -2,000원 → 148,750원
H2784 | bet   4,000원 PLAYER | P:5♠ K♥=5  B:5♥ 3♥=8  BANKER(L)  | -4,000원 → 144,750원
H2785 | bet   8,000원 PLAYER | P:A♥ K♠ J♦=1  B:J♥ Q♥ 10♣=0  PLAYER(W)  | +8,000원 → 152,750원  [end_win]
H2786 | bet   1,000원 BANKER | P:5♠ 5♣ 10♥=0  B:7♥ K♦=7  BANKER(W)  | +950원 → 153,700원
H2787 | bet   1,000원 BANKER | P:9♣ 10♣=9  B:K♣ Q♥=0  PLAYER(L)  | -1,000원 → 152,700원  [start]
H2788 | bet   2,000원 PLAYER | P:8♣ J♠=8  B:J♠ 3♠=3  PLAYER(W)  | +2,000원 → 154,700원  [end_win]
H2789 | bet   1,000원 BANKER | P:6♥ 2♦=8  B:8♣ 7♥=5  PLAYER(L)  | -1,000원 → 153,700원  [start]
H2790 | bet   2,000원 PLAYER | P:8♦ 3♥ 7♣=8  B:Q♠ 6♦ 4♣=0  PLAYER(W)  | +2,000원 → 155,700원  [end_win]
H2791 | bet   1,000원 BANKER | P:K♣ Q♥=0  B:J♦ 9♥=9  BANKER(W)  | +950원 → 156,650원
H2792 | bet   1,000원 BANKER | P:2♣ 8♥ A♠=1  B:5♣ 10♠=5  BANKER(W)  | +950원 → 157,600원
H2793 | bet   1,000원 BANKER | P:9♣ J♦=9  B:8♦ 5♥=3  PLAYER(L)  | -1,000원 → 156,600원  [start]
H2794 | bet   2,000원 PLAYER | P:6♦ Q♣=6  B:4♥ A♣ Q♦=5  PLAYER(W)  | +2,000원 → 158,600원  [end_win]
H2795 | bet   1,000원 BANKER | P:J♣ 5♥=5  B:Q♠ 8♠=8  BANKER(W)  | +950원 → 159,550원
H2796 | bet   1,000원 BANKER | P:A♥ J♠ 4♦=5  B:2♠ Q♠ 4♠=6  BANKER(W)  | +950원 → 160,500원
H2797 | bet   1,000원 BANKER | P:J♥ A♦=1  B:2♦ 6♣=8  BANKER(W)  | +950원 → 161,450원
H2798 | bet   1,000원 BANKER | P:Q♥ K♥ 3♥=3  B:2♠ 9♠ 9♦=0  PLAYER(L)  | -1,000원 → 160,450원  [start]
H2799 | bet   2,000원 PLAYER | P:5♣ 8♦=3  B:3♣ 5♠=8  BANKER(L)  | -2,000원 → 158,450원
H2800 | bet   4,000원 PLAYER | P:2♣ J♦ 7♦=9  B:J♦ 7♦=7  PLAYER(W)  | +4,000원 → 162,450원  [end_win]
H2801 | bet   1,000원 BANKER | P:A♠ 4♥ 2♠=7  B:K♦ K♥ 6♥=6  PLAYER(L)  | -1,000원 → 161,450원  [start]
H2802 | bet   2,000원 PLAYER | P:6♣ 7♥ A♣=4  B:9♥ 8♦=7  BANKER(L)  | -2,000원 → 159,450원
H2803 | bet   4,000원 PLAYER | P:A♥ J♥ 6♣=7  B:6♦ 5♣ 8♣=9  BANKER(L)  | -4,000원 → 155,450원
H2804 | bet   8,000원 PLAYER | P:J♦ 6♦=6  B:9♥ 3♣ 10♣=2  PLAYER(W)  | +8,000원 → 163,450원  [end_win]
H2805 | bet   1,000원 BANKER | P:10♠ Q♠ 6♠=6  B:7♦ J♥=7  BANKER(W)  | +950원 → 164,400원
H2806 | bet   1,000원 BANKER | P:5♣ K♠ 3♣=8  B:7♦ 6♥ 5♠=8  TIE(T)  |     0원 → 164,400원
H2807 | bet   1,000원 BANKER | P:10♠ 7♠=7  B:9♥ A♠ Q♦=0  PLAYER(L)  | -1,000원 → 163,400원  [start]
H2808 | bet   2,000원 PLAYER | P:A♦ 6♦=7  B:8♥ J♥=8  BANKER(L)  | -2,000원 → 161,400원
H2809 | bet   4,000원 PLAYER | P:8♥ A♥=9  B:5♦ 8♥=3  PLAYER(W)  | +4,000원 → 165,400원  [end_win]
H2810 | bet   1,000원 BANKER | P:A♠ 10♥ J♠=1  B:A♦ 4♣=5  BANKER(W)  | +950원 → 166,350원
H2811 | bet   1,000원 BANKER | P:2♥ 5♦=7  B:A♥ 7♠=8  BANKER(W)  | +950원 → 167,300원
H2812 | bet   1,000원 BANKER | P:K♥ 3♦ 9♠=2  B:8♠ 3♣ Q♦=1  PLAYER(L)  | -1,000원 → 166,300원  [start]
H2813 | bet   2,000원 PLAYER | P:K♣ 5♦ 6♠=1  B:A♠ 6♣=7  BANKER(L)  | -2,000원 → 164,300원
H2814 | bet   4,000원 PLAYER | P:A♠ 10♥ 9♠=0  B:7♠ 10♣=7  BANKER(L)  | -4,000원 → 160,300원
H2815 | bet   8,000원 PLAYER | P:10♣ 9♦=9  B:4♣ 7♣=1  PLAYER(W)  | +8,000원 → 168,300원  [end_win]
H2816 | bet   1,000원 BANKER | P:Q♣ 6♠=6  B:9♥ 5♦ K♠=4  PLAYER(L)  | -1,000원 → 167,300원  [start]
H2817 | bet   2,000원 PLAYER | P:A♥ K♣ 3♣=4  B:10♦ K♣ 9♦=9  BANKER(L)  | -2,000원 → 165,300원
H2818 | bet   4,000원 PLAYER | P:9♣ J♣=9  B:9♠ 10♦=9  TIE(T)  |     0원 → 165,300원
H2819 | bet   4,000원 PLAYER | P:2♦ 9♣=1  B:Q♣ 8♣=8  BANKER(L)  | -4,000원 → 161,300원
H2820 | bet   8,000원 PLAYER | P:9♥ 9♦=8  B:3♣ 6♠=9  BANKER(L)  | -8,000원 → 153,300원
H2821 | bet  16,000원 PLAYER | P:7♦ K♦=7  B:6♠ 9♠ K♦=5  PLAYER(W)  | +16,000원 → 169,300원  [end_win]
H2822 | bet   1,000원 BANKER | P:4♦ 6♥ A♠=1  B:7♣ Q♥=7  BANKER(W)  | +950원 → 170,250원
H2823 | bet   1,000원 BANKER | P:2♠ 8♣ K♥=0  B:2♣ J♣ A♦=3  BANKER(W)  | +950원 → 171,200원
H2824 | bet   1,000원 BANKER | P:8♣ 5♣ A♣=4  B:8♠ 7♦=5  BANKER(W)  | +950원 → 172,150원
H2825 | bet   1,000원 BANKER | P:A♣ 2♠=3  B:5♦ 3♠=8  BANKER(W)  | +950원 → 173,100원
H2826 | bet   1,000원 BANKER | P:8♣ 2♣ 5♠=5  B:8♦ 7♠ 4♥=9  BANKER(W)  | +950원 → 174,050원
H2827 | bet   1,000원 BANKER | P:5♥ 8♠ 3♥=6  B:2♥ 8♠ 2♠=2  PLAYER(L)  | -1,000원 → 173,050원  [start]
H2828 | bet   2,000원 PLAYER | P:A♦ 7♦=8  B:10♥ 3♦=3  PLAYER(W)  | +2,000원 → 175,050원  [end_win]
H2829 | bet   1,000원 BANKER | P:K♦ 5♠ 6♥=1  B:5♠ 10♠ 5♠=0  PLAYER(L)  | -1,000원 → 174,050원  [start]
H2830 | bet   2,000원 PLAYER | P:4♣ 7♣ 2♥=3  B:7♥ 3♦ 10♦=0  PLAYER(W)  | +2,000원 → 176,050원  [end_win]
H2831 | bet   1,000원 BANKER | P:9♠ K♣=9  B:7♠ 5♠=2  PLAYER(L)  | -1,000원 → 175,050원  [start]
H2832 | bet   2,000원 PLAYER | P:J♦ 5♣ K♣=5  B:4♠ A♦=5  TIE(T)  |     0원 → 175,050원
H2833 | bet   2,000원 PLAYER | P:6♦ 3♥=9  B:9♥ 5♥=4  PLAYER(W)  | +2,000원 → 177,050원  [end_win]
H2834 | bet   1,000원 BANKER | P:J♠ 10♥ 9♦=9  B:7♠ 4♠ J♣=1  PLAYER(L)  | -1,000원 → 176,050원  [start]
H2835 | bet   2,000원 PLAYER | P:J♣ A♥ 9♣=0  B:J♠ 3♠ 4♣=7  BANKER(L)  | -2,000원 → 174,050원
H2836 | bet   4,000원 PLAYER | P:6♠ A♦=7  B:Q♥ Q♠ 8♦=8  BANKER(L)  | -4,000원 → 170,050원
H2837 | bet   8,000원 PLAYER | P:K♥ K♠ 9♦=9  B:3♠ 3♥=6  PLAYER(W)  | +8,000원 → 178,050원  [end_win]
H2838 | bet   1,000원 BANKER | P:2♦ 4♥=6  B:K♠ Q♣ 2♦=2  PLAYER(L)  | -1,000원 → 177,050원  [start]
H2839 | bet   2,000원 PLAYER | P:A♠ 10♥ 4♥=5  B:6♥ J♣=6  BANKER(L)  | -2,000원 → 175,050원
H2840 | bet   4,000원 PLAYER | P:4♦ J♠ 10♣=4  B:7♦ 9♠=6  BANKER(L)  | -4,000원 → 171,050원
H2841 | bet   8,000원 PLAYER | P:4♥ 3♦=7  B:9♣ 9♣=8  BANKER(L)  | -8,000원 → 163,050원
H2842 | bet  16,000원 PLAYER | P:2♣ 6♦=8  B:5♦ J♥=5  PLAYER(W)  | +16,000원 → 179,050원  [end_win]
H2843 | bet   1,000원 BANKER | P:4♠ 7♥=1  B:3♠ 6♣=9  BANKER(W)  | +950원 → 180,000원
H2844 | bet   1,000원 BANKER | P:6♠ 4♦ 7♣=7  B:K♣ A♥ 5♣=6  PLAYER(L)  | -1,000원 → 179,000원  [start]
H2845 | bet   2,000원 PLAYER | P:K♥ 3♠ J♥=3  B:3♠ 3♦=6  BANKER(L)  | -2,000원 → 177,000원
H2846 | bet   4,000원 PLAYER | P:5♦ 10♠ K♥=5  B:K♦ 10♥ 10♠=0  PLAYER(W)  | +4,000원 → 181,000원  [end_win]
H2847 | bet   1,000원 BANKER | P:2♥ 10♣ 4♦=6  B:3♠ J♠ 10♠=3  PLAYER(L)  | -1,000원 → 180,000원  [start]
H2848 | bet   2,000원 PLAYER | P:2♣ 4♠=6  B:Q♦ 7♣=7  BANKER(L)  | -2,000원 → 178,000원
H2849 | bet   4,000원 PLAYER | P:2♥ J♣ 8♥=0  B:3♠ K♠=3  BANKER(L)  | -4,000원 → 174,000원
H2850 | bet   8,000원 PLAYER | P:7♥ 4♥ 7♥=8  B:Q♦ Q♦ 6♥=6  PLAYER(W)  | +8,000원 → 182,000원  [end_win]
H2851 | bet   1,000원 BANKER | P:Q♣ 10♦ 8♣=8  B:9♠ 8♠=7  PLAYER(L)  | -1,000원 → 181,000원  [start]
H2852 | bet   2,000원 PLAYER | P:10♠ 2♦ 6♣=8  B:2♥ K♣ J♥=2  PLAYER(W)  | +2,000원 → 183,000원  [end_win]
H2853 | bet   1,000원 BANKER | P:A♥ Q♥ 5♦=6  B:3♦ J♦ 2♣=5  PLAYER(L)  | -1,000원 → 182,000원  [start]
H2854 | bet   2,000원 PLAYER | P:8♦ 4♣ 7♣=9  B:10♥ 7♥=7  PLAYER(W)  | +2,000원 → 184,000원  [end_win]
H2855 | bet   1,000원 BANKER | P:3♥ Q♥ 5♠=8  B:7♠ 3♥ Q♥=0  PLAYER(L)  | -1,000원 → 183,000원  [start]
H2856 | bet   2,000원 PLAYER | P:J♣ 3♦ 4♣=7  B:A♣ K♠ 8♥=9  BANKER(L)  | -2,000원 → 181,000원
H2857 | bet   4,000원 PLAYER | P:Q♠ 8♠=8  B:2♣ K♦=2  PLAYER(W)  | +4,000원 → 185,000원  [end_win]
H2858 | bet   1,000원 BANKER | P:7♣ 4♠ 10♥=1  B:Q♠ 6♣=6  BANKER(W)  | +950원 → 185,950원
H2859 | bet   1,000원 BANKER | P:4♥ 9♦ 3♥=6  B:2♥ K♠ 8♣=0  PLAYER(L)  | -1,000원 → 184,950원  [start]
H2860 | bet   2,000원 PLAYER | P:K♥ Q♦ J♦=0  B:5♥ A♣=6  BANKER(L)  | -2,000원 → 182,950원
H2861 | bet   4,000원 PLAYER | P:3♣ 2♠ J♠=5  B:Q♣ 2♦ Q♠=2  PLAYER(W)  | +4,000원 → 186,950원  [end_win]
H2862 | bet   1,000원 BANKER | P:3♦ 10♣ 4♠=7  B:10♦ 7♠=7  TIE(T)  |     0원 → 186,950원
H2863 | bet   1,000원 BANKER | P:2♦ 10♦ 5♥=7  B:5♥ 10♣ 2♦=7  TIE(T)  |     0원 → 186,950원
H2864 | bet   1,000원 BANKER | P:4♣ Q♦=4  B:6♠ 2♠=8  BANKER(W)  | +950원 → 187,900원
H2865 | bet   1,000원 BANKER | P:Q♥ A♣ 7♥=8  B:6♥ K♠ 9♣=5  PLAYER(L)  | -1,000원 → 186,900원  [start]
H2866 | bet   2,000원 PLAYER | P:7♥ K♦=7  B:5♣ 9♥ Q♣=4  PLAYER(W)  | +2,000원 → 188,900원  [end_win]
H2867 | bet   1,000원 BANKER | P:4♦ 5♥=9  B:4♠ K♦=4  PLAYER(L)  | -1,000원 → 187,900원  [start]
H2868 | bet   2,000원 PLAYER | P:J♥ 4♦ 10♦=4  B:A♣ 10♣ 8♦=9  BANKER(L)  | -2,000원 → 185,900원
H2869 | bet   4,000원 PLAYER | P:10♦ Q♣ 6♣=6  B:4♦ 9♣ 6♦=9  BANKER(L)  | -4,000원 → 181,900원
H2870 | bet   8,000원 PLAYER | P:J♥ 2♠ 7♦=9  B:2♥ 2♠ 9♣=3  PLAYER(W)  | +8,000원 → 189,900원  [end_win]
H2871 | bet   1,000원 BANKER | P:2♣ 6♣=8  B:8♣ 10♠=8  TIE(T)  |     0원 → 189,900원
H2872 | bet   1,000원 BANKER | P:3♣ 5♠=8  B:3♠ 8♠=1  PLAYER(L)  | -1,000원 → 188,900원  [start]
H2873 | bet   2,000원 PLAYER | P:3♥ 9♠ 7♠=9  B:2♣ 8♠ 5♠=5  PLAYER(W)  | +2,000원 → 190,900원  [end_win]
H2874 | bet   1,000원 BANKER | P:2♦ 9♦ 9♦=0  B:6♠ Q♠=6  BANKER(W)  | +950원 → 191,850원
H2875 | bet   1,000원 BANKER | P:4♥ A♠ 10♣=5  B:K♥ A♦ J♥=1  PLAYER(L)  | -1,000원 → 190,850원  [start]
H2876 | bet   2,000원 PLAYER | P:9♥ 5♥=4  B:9♥ K♠=9  BANKER(L)  | -2,000원 → 188,850원
H2877 | bet   4,000원 PLAYER | P:8♦ Q♠=8  B:2♠ K♥=2  PLAYER(W)  | +4,000원 → 192,850원  [end_win]
H2878 | bet   1,000원 BANKER | P:9♠ K♥=9  B:3♠ J♣=3  PLAYER(L)  | -1,000원 → 191,850원  [start]
H2879 | bet   2,000원 PLAYER | P:3♠ 7♣=0  B:Q♦ 9♠=9  BANKER(L)  | -2,000원 → 189,850원
H2880 | bet   4,000원 PLAYER | P:A♦ K♠ A♠=2  B:4♥ 3♣=7  BANKER(L)  | -4,000원 → 185,850원
H2881 | bet   8,000원 PLAYER | P:6♥ 10♥=6  B:Q♣ J♥ Q♦=0  PLAYER(W)  | +8,000원 → 193,850원  [end_win]
H2882 | bet   1,000원 BANKER | P:3♥ K♥ 3♣=6  B:7♦ 7♥ 8♥=2  PLAYER(L)  | -1,000원 → 192,850원  [start]
H2883 | bet   2,000원 PLAYER | P:K♠ 4♣ 2♦=6  B:Q♠ A♣ 9♥=0  PLAYER(W)  | +2,000원 → 194,850원  [end_win]
H2884 | bet   1,000원 BANKER | P:6♦ 8♠ 5♠=9  B:A♦ 10♥ 2♠=3  PLAYER(L)  | -1,000원 → 193,850원  [start]
H2885 | bet   2,000원 PLAYER | P:3♥ Q♠=3  B:2♠ 6♠=8  BANKER(L)  | -2,000원 → 191,850원
H2886 | bet   4,000원 PLAYER | P:10♣ 10♠ K♣=0  B:7♠ 9♦=6  BANKER(L)  | -4,000원 → 187,850원
H2887 | bet   8,000원 PLAYER | P:A♥ 4♦ J♦=5  B:10♥ J♠ 2♣=2  PLAYER(W)  | +8,000원 → 195,850원  [end_win]
H2888 | bet   1,000원 BANKER | P:8♦ Q♣=8  B:Q♠ Q♠=0  PLAYER(L)  | -1,000원 → 194,850원  [start]
H2889 | bet   2,000원 PLAYER | P:6♦ 10♠=6  B:2♣ 3♥ 10♥=5  PLAYER(W)  | +2,000원 → 196,850원  [end_win]
H2890 | bet   1,000원 BANKER | P:K♠ 9♠=9  B:10♠ K♦=0  PLAYER(L)  | -1,000원 → 195,850원  [start]
H2891 | bet   2,000원 PLAYER | P:3♠ K♥ J♥=3  B:7♥ 4♣ 3♠=4  BANKER(L)  | -2,000원 → 193,850원
H2892 | bet   4,000원 PLAYER | P:4♥ K♣=4  B:Q♣ 9♠=9  BANKER(L)  | -4,000원 → 189,850원
H2893 | bet   8,000원 PLAYER | P:J♦ 3♥ Q♥=3  B:5♥ 8♠ 10♦=3  TIE(T)  |     0원 → 189,850원
H2894 | bet   8,000원 PLAYER | P:8♥ K♣=8  B:8♠ 10♣=8  TIE(T)  |     0원 → 189,850원
H2895 | bet   8,000원 PLAYER | P:6♥ J♣=6  B:A♦ 5♠=6  TIE(T)  |     0원 → 189,850원
H2896 | bet   8,000원 PLAYER | P:2♦ J♥ 6♥=8  B:5♥ Q♥ 10♥=5  PLAYER(W)  | +8,000원 → 197,850원  [end_win]
H2897 | bet   1,000원 BANKER | P:Q♦ 10♦=0  B:10♣ 9♥=9  BANKER(W)  | +950원 → 198,800원
H2898 | bet   1,000원 BANKER | P:J♠ K♦ 4♥=4  B:7♥ 7♦ 6♠=0  PLAYER(L)  | -1,000원 → 197,800원  [start]
H2899 | bet   2,000원 PLAYER | P:J♦ Q♥=0  B:A♦ 7♥=8  BANKER(L)  | -2,000원 → 195,800원
H2900 | bet   4,000원 PLAYER | P:7♠ 4♥ 6♠=7  B:K♣ 3♥ 5♠=8  BANKER(L)  | -4,000원 → 191,800원
H2901 | bet   8,000원 PLAYER | P:5♦ 7♣=2  B:7♣ A♥=8  BANKER(L)  | -8,000원 → 183,800원
H2902 | bet  16,000원 PLAYER | P:4♠ 2♥=6  B:7♦ K♣=7  BANKER(L)  | -16,000원 → 167,800원  [end_giveup]
H2903 | bet   1,000원 BANKER | P:A♠ Q♦ J♦=1  B:7♦ 8♦=5  BANKER(W)  | +950원 → 168,750원
H2904 | bet   1,000원 BANKER | P:6♦ 9♣ 4♦=9  B:6♣ Q♣=6  PLAYER(L)  | -1,000원 → 167,750원  [start]
H2905 | bet   2,000원 PLAYER | P:7♣ J♣=7  B:10♦ 10♣ 4♦=4  PLAYER(W)  | +2,000원 → 169,750원  [end_win]
H2906 | bet   1,000원 BANKER | P:10♣ 7♠=7  B:K♠ 5♣ Q♠=5  PLAYER(L)  | -1,000원 → 168,750원  [start]
H2907 | bet   2,000원 PLAYER | P:5♣ 7♥ 10♣=2  B:5♠ 6♠ 9♥=0  PLAYER(W)  | +2,000원 → 170,750원  [end_win]
H2908 | bet   1,000원 BANKER | P:K♠ K♣ A♦=1  B:Q♦ 4♠=4  BANKER(W)  | +950원 → 171,700원
H2909 | bet   1,000원 BANKER | P:A♣ 6♦=7  B:8♦ 6♥ 7♥=1  PLAYER(L)  | -1,000원 → 170,700원  [start]
H2910 | bet   2,000원 PLAYER | P:3♦ 10♠ 4♣=7  B:4♥ 9♦ 10♣=3  PLAYER(W)  | +2,000원 → 172,700원  [end_win]
H2911 | bet   1,000원 BANKER | P:8♣ 5♥ 2♣=5  B:5♣ A♠=6  BANKER(W)  | +950원 → 173,650원
H2912 | bet   1,000원 BANKER | P:3♣ K♦ J♦=3  B:Q♠ A♠ 9♦=0  PLAYER(L)  | -1,000원 → 172,650원  [start]
H2913 | bet   2,000원 PLAYER | P:5♦ 5♣ A♠=1  B:Q♣ 3♦ 5♦=8  BANKER(L)  | -2,000원 → 170,650원
H2914 | bet   4,000원 PLAYER | P:Q♣ 8♣=8  B:4♣ 2♠=6  PLAYER(W)  | +4,000원 → 174,650원  [end_win]
H2915 | bet   1,000원 BANKER | P:5♦ 6♦ 5♣=6  B:A♥ 2♠ 10♦=3  PLAYER(L)  | -1,000원 → 173,650원  [start]
H2916 | bet   2,000원 PLAYER | P:7♥ Q♥=7  B:A♣ 7♥=8  BANKER(L)  | -2,000원 → 171,650원
H2917 | bet   4,000원 PLAYER | P:6♣ 8♥ 7♠=1  B:K♥ K♦ 2♣=2  BANKER(L)  | -4,000원 → 167,650원
H2918 | bet   8,000원 PLAYER | P:2♦ 5♥=7  B:J♦ 4♣ K♠=4  PLAYER(W)  | +8,000원 → 175,650원  [end_win]
H2919 | bet   1,000원 BANKER | P:J♠ 4♦ J♣=4  B:7♦ 5♠ 6♥=8  BANKER(W)  | +950원 → 176,600원
H2920 | bet   1,000원 BANKER | P:3♦ 8♦ 5♣=6  B:K♦ 6♥=6  TIE(T)  |     0원 → 176,600원
H2921 | bet   1,000원 BANKER | P:Q♥ 7♠=7  B:7♦ 2♥=9  BANKER(W)  | +950원 → 177,550원
H2922 | bet   1,000원 BANKER | P:7♣ J♥=7  B:3♠ 3♣=6  PLAYER(L)  | -1,000원 → 176,550원  [start]
H2923 | bet   2,000원 PLAYER | P:8♠ 2♦ 4♠=4  B:7♣ 6♦ 9♣=2  PLAYER(W)  | +2,000원 → 178,550원  [end_win]
H2924 | bet   1,000원 BANKER | P:Q♦ 9♣=9  B:6♠ 3♦=9  TIE(T)  |     0원 → 178,550원
H2925 | bet   1,000원 BANKER | P:A♣ 10♥ 8♥=9  B:5♦ 10♦=5  PLAYER(L)  | -1,000원 → 177,550원  [start]
H2926 | bet   2,000원 PLAYER | P:2♦ 8♥ 9♠=9  B:3♥ Q♦ 5♦=8  PLAYER(W)  | +2,000원 → 179,550원  [end_win]
H2927 | bet   1,000원 BANKER | P:J♠ 9♣=9  B:J♣ J♥=0  PLAYER(L)  | -1,000원 → 178,550원  [start]
H2928 | bet   2,000원 PLAYER | P:4♥ 7♣ 7♠=8  B:J♠ 3♦ 4♠=7  PLAYER(W)  | +2,000원 → 180,550원  [end_win]
H2929 | bet   1,000원 BANKER | P:3♦ 4♠=7  B:2♠ A♣ Q♥=3  PLAYER(L)  | -1,000원 → 179,550원  [start]
H2930 | bet   2,000원 PLAYER | P:8♣ 8♠=6  B:J♠ A♥ J♠=1  PLAYER(W)  | +2,000원 → 181,550원  [end_win]
H2931 | bet   1,000원 BANKER | P:8♥ J♥=8  B:J♦ A♠=1  PLAYER(L)  | -1,000원 → 180,550원  [start]
H2932 | bet   2,000원 PLAYER | P:4♦ 4♦=8  B:A♣ J♣=1  PLAYER(W)  | +2,000원 → 182,550원  [end_win]
H2933 | bet   1,000원 BANKER | P:5♥ 10♦ 7♦=2  B:10♦ 4♥ 5♥=9  BANKER(W)  | +950원 → 183,500원
H2934 | bet   1,000원 BANKER | P:4♣ 3♣=7  B:J♦ 3♠ 8♠=1  PLAYER(L)  | -1,000원 → 182,500원  [start]
H2935 | bet   2,000원 PLAYER | P:A♣ K♣ 10♠=1  B:2♣ 2♥=4  BANKER(L)  | -2,000원 → 180,500원
H2936 | bet   4,000원 PLAYER | P:9♦ 3♣ 2♦=4  B:6♦ 4♦ 3♠=3  PLAYER(W)  | +4,000원 → 184,500원  [end_win]
H2937 | bet   1,000원 BANKER | P:K♦ A♦=1  B:10♥ 9♥=9  BANKER(W)  | +950원 → 185,450원
H2938 | bet   1,000원 BANKER | P:6♥ 5♥ K♠=1  B:3♦ 7♣ 10♠=0  PLAYER(L)  | -1,000원 → 184,450원  [start]
H2939 | bet   2,000원 PLAYER | P:K♥ 9♦=9  B:6♣ A♣=7  PLAYER(W)  | +2,000원 → 186,450원  [end_win]
H2940 | bet   1,000원 BANKER | P:Q♦ 10♦ 9♣=9  B:K♥ 6♠=6  PLAYER(L)  | -1,000원 → 185,450원  [start]
H2941 | bet   2,000원 PLAYER | P:9♥ 6♣=5  B:Q♥ 8♦=8  BANKER(L)  | -2,000원 → 183,450원
H2942 | bet   4,000원 PLAYER | P:8♦ 6♦ 9♣=3  B:2♥ 3♣=5  BANKER(L)  | -4,000원 → 179,450원
H2943 | bet   8,000원 PLAYER | P:5♦ 4♠=9  B:K♦ 6♣=6  PLAYER(W)  | +8,000원 → 187,450원  [end_win]
H2944 | bet   1,000원 BANKER | P:A♠ 8♥=9  B:A♥ 2♦=3  PLAYER(L)  | -1,000원 → 186,450원  [start]
H2945 | bet   2,000원 PLAYER | P:6♥ K♦=6  B:Q♥ 8♥=8  BANKER(L)  | -2,000원 → 184,450원
H2946 | bet   4,000원 PLAYER | P:J♣ J♠ 8♣=8  B:4♣ 9♦=3  PLAYER(W)  | +4,000원 → 188,450원  [end_win]
H2947 | bet   1,000원 BANKER | P:2♥ 9♠=1  B:2♥ 7♠=9  BANKER(W)  | +950원 → 189,400원
H2948 | bet   1,000원 BANKER | P:2♥ 4♣=6  B:8♣ 8♣=6  TIE(T)  |     0원 → 189,400원
H2949 | bet   1,000원 BANKER | P:A♥ A♦=2  B:K♣ 8♦=8  BANKER(W)  | +950원 → 190,350원
H2950 | bet   1,000원 BANKER | P:4♠ 9♥ 8♣=1  B:A♥ 5♦=6  BANKER(W)  | +950원 → 191,300원
H2951 | bet   1,000원 BANKER | P:J♣ 6♠=6  B:10♥ 5♣ 6♣=1  PLAYER(L)  | -1,000원 → 190,300원  [start]
H2952 | bet   2,000원 PLAYER | P:4♥ 7♠ 6♠=7  B:K♦ Q♣ 5♦=5  PLAYER(W)  | +2,000원 → 192,300원  [end_win]
H2953 | bet   1,000원 BANKER | P:K♥ 6♣=6  B:A♣ 8♠=9  BANKER(W)  | +950원 → 193,250원
H2954 | bet   1,000원 BANKER | P:8♦ 8♣=6  B:J♣ 2♥ 2♣=4  PLAYER(L)  | -1,000원 → 192,250원  [start]
H2955 | bet   2,000원 PLAYER | P:4♣ 3♣=7  B:J♥ 8♥=8  BANKER(L)  | -2,000원 → 190,250원
H2956 | bet   4,000원 PLAYER | P:J♦ K♣ 2♦=2  B:5♠ K♠=5  BANKER(L)  | -4,000원 → 186,250원
H2957 | bet   8,000원 PLAYER | P:8♠ A♦=9  B:5♠ 5♥=0  PLAYER(W)  | +8,000원 → 194,250원  [end_win]
H2958 | bet   1,000원 BANKER | P:J♠ 6♣=6  B:3♦ 4♠=7  BANKER(W)  | +950원 → 195,200원
H2959 | bet   1,000원 BANKER | P:A♠ J♣=1  B:8♣ Q♠=8  BANKER(W)  | +950원 → 196,150원
H2960 | bet   1,000원 BANKER | P:7♠ 2♣=9  B:A♥ 6♠=7  PLAYER(L)  | -1,000원 → 195,150원  [start]
H2961 | bet   2,000원 PLAYER | P:2♦ 3♦ 9♠=4  B:10♠ K♦ K♥=0  PLAYER(W)  | +2,000원 → 197,150원  [end_win]
H2962 | bet   1,000원 BANKER | P:6♣ 10♥=6  B:J♦ 2♠ J♥=2  PLAYER(L)  | -1,000원 → 196,150원  [start]
H2963 | bet   2,000원 PLAYER | P:7♣ 9♣=6  B:10♥ 7♦=7  BANKER(L)  | -2,000원 → 194,150원
H2964 | bet   4,000원 PLAYER | P:9♠ K♥=9  B:6♣ 10♦=6  PLAYER(W)  | +4,000원 → 198,150원  [end_win]
H2965 | bet   1,000원 BANKER | P:6♠ A♠=7  B:K♦ 8♥=8  BANKER(W)  | +950원 → 199,100원
H2966 | bet   1,000원 BANKER | P:J♦ K♠=0  B:10♥ 8♥=8  BANKER(W)  | +950원 → 200,050원
H2967 | bet   1,000원 BANKER | P:6♣ 2♣=8  B:9♣ 8♦=7  PLAYER(L)  | -1,000원 → 199,050원  [start]
H2968 | bet   2,000원 PLAYER | P:8♦ 10♦=8  B:2♠ 6♥=8  TIE(T)  |     0원 → 199,050원
H2969 | bet   2,000원 PLAYER | P:A♠ 8♠=9  B:K♠ 7♦=7  PLAYER(W)  | +2,000원 → 201,050원  [end_win]
H2970 | bet   1,000원 BANKER | P:K♣ 6♠=6  B:A♦ 8♦=9  BANKER(W)  | +950원 → 202,000원
H2971 | bet   1,000원 BANKER | P:7♥ 5♣ 10♣=2  B:4♦ A♦=5  BANKER(W)  | +950원 → 202,950원
H2972 | bet   1,000원 BANKER | P:5♦ 3♠=8  B:J♣ K♠=0  PLAYER(L)  | -1,000원 → 201,950원  [start]
H2973 | bet   2,000원 PLAYER | P:9♠ 5♥ A♦=5  B:A♣ 2♥ 2♠=5  TIE(T)  |     0원 → 201,950원
H2974 | bet   2,000원 PLAYER | P:7♠ 5♣=2  B:8♠ Q♠=8  BANKER(L)  | -2,000원 → 199,950원
H2975 | bet   4,000원 PLAYER | P:J♥ 6♥=6  B:5♣ Q♣ 4♠=9  BANKER(L)  | -4,000원 → 195,950원
H2976 | bet   8,000원 PLAYER | P:A♥ Q♥ 9♣=0  B:2♥ 4♣=6  BANKER(L)  | -8,000원 → 187,950원
H2977 | bet  16,000원 PLAYER | P:6♠ 6♠ 8♦=0  B:J♦ K♦ Q♥=0  TIE(T)  |     0원 → 187,950원
H2978 | bet  16,000원 PLAYER | P:8♠ 9♠=7  B:Q♠ 8♠=8  BANKER(L)  | -16,000원 → 171,950원  [end_giveup]
H2979 | bet   1,000원 BANKER | P:9♦ 7♠=6  B:10♦ 8♥=8  BANKER(W)  | +950원 → 172,900원
H2980 | bet   1,000원 BANKER | P:3♠ J♣ Q♠=3  B:3♥ Q♥ 5♠=8  BANKER(W)  | +950원 → 173,850원
H2981 | bet   1,000원 BANKER | P:9♦ 2♣ 3♣=4  B:4♠ A♠=5  BANKER(W)  | +950원 → 174,800원
H2982 | bet   1,000원 BANKER | P:3♠ 6♠=9  B:7♠ 10♦=7  PLAYER(L)  | -1,000원 → 173,800원  [start]
H2983 | bet   2,000원 PLAYER | P:5♠ 8♣ 4♦=7  B:6♠ 7♥ 7♦=0  PLAYER(W)  | +2,000원 → 175,800원  [end_win]
H2984 | bet   1,000원 BANKER | P:K♠ 10♥ 3♣=3  B:2♥ A♣ 9♣=2  PLAYER(L)  | -1,000원 → 174,800원  [start]
H2985 | bet   2,000원 PLAYER | P:K♣ J♥=0  B:3♦ 5♦=8  BANKER(L)  | -2,000원 → 172,800원
H2986 | bet   4,000원 PLAYER | P:10♣ 4♥ 4♠=8  B:A♦ J♠ J♠=1  PLAYER(W)  | +4,000원 → 176,800원  [end_win]
H2987 | bet   1,000원 BANKER | P:A♣ 3♠ 4♥=8  B:J♥ 3♦ 8♣=1  PLAYER(L)  | -1,000원 → 175,800원  [start]
H2988 | bet   2,000원 PLAYER | P:2♠ 10♣ A♣=3  B:3♥ 2♣=5  BANKER(L)  | -2,000원 → 173,800원
H2989 | bet   4,000원 PLAYER | P:2♦ 3♠=5  B:8♣ Q♠=8  BANKER(L)  | -4,000원 → 169,800원
H2990 | bet   8,000원 PLAYER | P:5♦ J♠ 2♠=7  B:Q♣ 7♣=7  TIE(T)  |     0원 → 169,800원
H2991 | bet   8,000원 PLAYER | P:3♥ Q♦ K♥=3  B:7♥ 6♦ 8♣=1  PLAYER(W)  | +8,000원 → 177,800원  [end_win]
H2992 | bet   1,000원 BANKER | P:6♥ Q♥=6  B:Q♦ 5♠ 10♠=5  PLAYER(L)  | -1,000원 → 176,800원  [start]
H2993 | bet   2,000원 PLAYER | P:4♠ K♥ 10♠=4  B:J♠ 10♣ 8♦=8  BANKER(L)  | -2,000원 → 174,800원
H2994 | bet   4,000원 PLAYER | P:2♥ J♦ 9♦=1  B:A♠ 9♣ 2♠=2  BANKER(L)  | -4,000원 → 170,800원
H2995 | bet   8,000원 PLAYER | P:K♥ 8♥=8  B:K♦ 2♦=2  PLAYER(W)  | +8,000원 → 178,800원  [end_win]
H2996 | bet   1,000원 BANKER | P:9♣ 3♣ 2♥=4  B:5♥ 5♠ Q♥=0  PLAYER(L)  | -1,000원 → 177,800원  [start]
H2997 | bet   2,000원 PLAYER | P:4♦ 3♣=7  B:7♣ 10♠=7  TIE(T)  |     0원 → 177,800원
H2998 | bet   2,000원 PLAYER | P:3♠ 7♠ J♣=0  B:A♣ 5♦=6  BANKER(L)  | -2,000원 → 175,800원
H2999 | bet   4,000원 PLAYER | P:A♦ 10♥ Q♦=1  B:3♥ K♠ 6♥=9  BANKER(L)  | -4,000원 → 171,800원
H3000 | bet   8,000원 PLAYER | P:6♥ 5♥ J♥=1  B:4♥ 10♠=4  BANKER(L)  | -8,000원 → 163,800원
H3001 | bet  16,000원 PLAYER | P:3♥ Q♣ 2♠=5  B:J♠ J♣ 8♦=8  BANKER(L)  | -16,000원 → 147,800원  [end_giveup]
H3002 | bet   1,000원 BANKER | P:3♦ 7♣ 4♥=4  B:7♥ 9♥=6  BANKER(W)  | +950원 → 148,750원
H3003 | bet   1,000원 BANKER | P:A♠ 7♥=8  B:3♥ 6♦=9  BANKER(W)  | +950원 → 149,700원
H3004 | bet   1,000원 BANKER | P:A♥ Q♣ 10♦=1  B:7♣ J♣=7  BANKER(W)  | +950원 → 150,650원
H3005 | bet   1,000원 BANKER | P:Q♦ J♠=0  B:9♠ 10♣=9  BANKER(W)  | +950원 → 151,600원
H3006 | bet   1,000원 BANKER | P:4♦ 5♦=9  B:10♠ 3♣=3  PLAYER(L)  | -1,000원 → 150,600원  [start]
H3007 | bet   2,000원 PLAYER | P:9♠ 2♦ 7♦=8  B:4♦ 7♠ 2♦=3  PLAYER(W)  | +2,000원 → 152,600원  [end_win]
H3008 | bet   1,000원 BANKER | P:5♦ K♥ 9♠=4  B:Q♥ Q♥ Q♦=0  PLAYER(L)  | -1,000원 → 151,600원  [start]
H3009 | bet   2,000원 PLAYER | P:9♦ 4♦ 7♦=0  B:A♥ A♥ Q♠=2  BANKER(L)  | -2,000원 → 149,600원
H3010 | bet   4,000원 PLAYER | P:A♠ 6♦=7  B:4♣ Q♦ 4♣=8  BANKER(L)  | -4,000원 → 145,600원
H3011 | bet   8,000원 PLAYER | P:10♦ 10♥ Q♠=0  B:A♠ 3♦=4  BANKER(L)  | -8,000원 → 137,600원
H3012 | bet  16,000원 PLAYER | P:K♦ 10♣ 7♥=7  B:5♣ J♥ 3♦=8  BANKER(L)  | -16,000원 → 121,600원  [end_giveup]
H3013 | bet   1,000원 BANKER | P:J♦ Q♥=0  B:K♣ 9♦=9  BANKER(W)  | +950원 → 122,550원
H3014 | bet   1,000원 BANKER | P:4♠ 2♦=6  B:9♥ 8♦=7  BANKER(W)  | +950원 → 123,500원
H3015 | bet   1,000원 BANKER | P:K♠ 3♠ 6♥=9  B:2♣ 2♥ K♣=4  PLAYER(L)  | -1,000원 → 122,500원  [start]
H3016 | bet   2,000원 PLAYER | P:7♣ 4♥=1  B:10♠ 8♥=8  BANKER(L)  | -2,000원 → 120,500원
H3017 | bet   4,000원 PLAYER | P:6♣ K♥=6  B:9♥ 5♥ 4♣=8  BANKER(L)  | -4,000원 → 116,500원
H3018 | bet   8,000원 PLAYER | P:K♠ 7♣=7  B:J♦ 6♦=6  PLAYER(W)  | +8,000원 → 124,500원  [end_win]
H3019 | bet   1,000원 BANKER | P:9♣ 2♣=1  B:A♣ 7♣=8  BANKER(W)  | +950원 → 125,450원
H3020 | bet   1,000원 BANKER | P:9♥ 5♦ 2♥=6  B:3♦ J♣ J♠=3  PLAYER(L)  | -1,000원 → 124,450원  [start]
H3021 | bet   2,000원 PLAYER | P:Q♦ 4♣ 10♥=4  B:5♣ K♣=5  BANKER(L)  | -2,000원 → 122,450원
H3022 | bet   4,000원 PLAYER | P:Q♦ K♦ A♦=1  B:4♦ 6♥ 10♣=0  PLAYER(W)  | +4,000원 → 126,450원  [end_win]
H3023 | bet   1,000원 BANKER | P:6♦ 9♥=5  B:4♠ 5♠=9  BANKER(W)  | +950원 → 127,400원
H3024 | bet   1,000원 BANKER | P:7♦ 9♦=6  B:8♣ 10♥=8  BANKER(W)  | +950원 → 128,350원
H3025 | bet   1,000원 BANKER | P:8♣ Q♣=8  B:2♦ J♦=2  PLAYER(L)  | -1,000원 → 127,350원  [start]
H3026 | bet   2,000원 PLAYER | P:6♥ 5♣=1  B:A♥ 7♠=8  BANKER(L)  | -2,000원 → 125,350원
H3027 | bet   4,000원 PLAYER | P:4♠ 5♣=9  B:A♥ 9♦=0  PLAYER(W)  | +4,000원 → 129,350원  [end_win]
H3028 | bet   1,000원 BANKER | P:9♦ 8♠=7  B:3♣ 4♣=7  TIE(T)  |     0원 → 129,350원
H3029 | bet   1,000원 BANKER | P:9♣ 9♥=8  B:6♦ K♦=6  PLAYER(L)  | -1,000원 → 128,350원  [start]
H3030 | bet   2,000원 PLAYER | P:6♣ Q♣=6  B:K♣ A♦ 9♥=0  PLAYER(W)  | +2,000원 → 130,350원  [end_win]
H3031 | bet   1,000원 BANKER | P:5♠ 2♣=7  B:7♥ 2♠=9  BANKER(W)  | +950원 → 131,300원
H3032 | bet   1,000원 BANKER | P:5♥ K♣ Q♣=5  B:3♥ 3♠=6  BANKER(W)  | +950원 → 132,250원
H3033 | bet   1,000원 BANKER | P:10♣ 8♥=8  B:4♥ 7♥=1  PLAYER(L)  | -1,000원 → 131,250원  [start]
H3034 | bet   2,000원 PLAYER | P:Q♠ 5♥ 4♦=9  B:10♠ 10♦ 7♦=7  PLAYER(W)  | +2,000원 → 133,250원  [end_win]
H3035 | bet   1,000원 BANKER | P:10♦ J♥ 9♥=9  B:A♣ 9♠ 8♥=8  PLAYER(L)  | -1,000원 → 132,250원  [start]
H3036 | bet   2,000원 PLAYER | P:9♥ A♠ 2♥=2  B:4♥ 7♥ J♣=1  PLAYER(W)  | +2,000원 → 134,250원  [end_win]
H3037 | bet   1,000원 BANKER | P:Q♠ Q♦=0  B:6♦ 3♠=9  BANKER(W)  | +950원 → 135,200원
H3038 | bet   1,000원 BANKER | P:Q♠ 7♥=7  B:5♣ Q♦ 9♣=4  PLAYER(L)  | -1,000원 → 134,200원  [start]
H3039 | bet   2,000원 PLAYER | P:A♣ K♣ 3♣=4  B:K♥ 3♣ J♥=3  PLAYER(W)  | +2,000원 → 136,200원  [end_win]
H3040 | bet   1,000원 BANKER | P:2♣ 6♥=8  B:A♠ 4♠=5  PLAYER(L)  | -1,000원 → 135,200원  [start]
H3041 | bet   2,000원 PLAYER | P:A♥ J♥ 7♠=8  B:2♠ K♠ 7♥=9  BANKER(L)  | -2,000원 → 133,200원
H3042 | bet   4,000원 PLAYER | P:4♦ 3♠=7  B:7♦ 6♥ K♠=3  PLAYER(W)  | +4,000원 → 137,200원  [end_win]
H3043 | bet   1,000원 BANKER | P:10♣ K♦ A♥=1  B:10♠ 6♦=6  BANKER(W)  | +950원 → 138,150원
H3044 | bet   1,000원 BANKER | P:5♣ 3♠=8  B:9♣ 8♠=7  PLAYER(L)  | -1,000원 → 137,150원  [start]
H3045 | bet   2,000원 PLAYER | P:6♦ 10♥=6  B:2♥ 6♥=8  BANKER(L)  | -2,000원 → 135,150원
H3046 | bet   4,000원 PLAYER | P:10♣ 5♠=5  B:7♠ A♠=8  BANKER(L)  | -4,000원 → 131,150원
H3047 | bet   8,000원 PLAYER | P:K♥ 10♠ 8♥=8  B:3♦ 3♣=6  PLAYER(W)  | +8,000원 → 139,150원  [end_win]
H3048 | bet   1,000원 BANKER | P:3♠ 2♣ K♦=5  B:7♠ 8♥=5  TIE(T)  |     0원 → 139,150원
H3049 | bet   1,000원 BANKER | P:A♦ 2♦ 8♥=1  B:6♥ K♦=6  BANKER(W)  | +950원 → 140,100원
H3050 | bet   1,000원 BANKER | P:3♠ K♥ 5♥=8  B:2♦ 3♦ 5♦=0  PLAYER(L)  | -1,000원 → 139,100원  [start]
H3051 | bet   2,000원 PLAYER | P:8♥ 7♦ 3♠=8  B:9♦ 6♠=5  PLAYER(W)  | +2,000원 → 141,100원  [end_win]
H3052 | bet   1,000원 BANKER | P:Q♠ 7♣=7  B:K♣ 4♣ 8♦=2  PLAYER(L)  | -1,000원 → 140,100원  [start]
H3053 | bet   2,000원 PLAYER | P:Q♣ 5♠=5  B:Q♦ 9♣=9  BANKER(L)  | -2,000원 → 138,100원
H3054 | bet   4,000원 PLAYER | P:7♣ 10♥=7  B:3♦ 9♥ J♥=2  PLAYER(W)  | +4,000원 → 142,100원  [end_win]
H3055 | bet   1,000원 BANKER | P:9♦ Q♣=9  B:Q♣ 8♥=8  PLAYER(L)  | -1,000원 → 141,100원  [start]
H3056 | bet   2,000원 PLAYER | P:4♥ 5♦=9  B:6♣ 3♥=9  TIE(T)  |     0원 → 141,100원
H3057 | bet   2,000원 PLAYER | P:Q♦ 4♣ 10♥=4  B:6♥ J♠=6  BANKER(L)  | -2,000원 → 139,100원
H3058 | bet   4,000원 PLAYER | P:5♣ 9♣ 10♣=4  B:8♥ 9♣=7  BANKER(L)  | -4,000원 → 135,100원
H3059 | bet   8,000원 PLAYER | P:3♥ 9♣=2  B:4♥ 5♠=9  BANKER(L)  | -8,000원 → 127,100원
H3060 | bet  16,000원 PLAYER | P:Q♠ J♥ 6♣=6  B:8♠ 2♦ Q♥=0  PLAYER(W)  | +16,000원 → 143,100원  [end_win]
H3061 | bet   1,000원 BANKER | P:Q♣ A♦ K♥=1  B:A♥ K♠ K♠=1  TIE(T)  |     0원 → 143,100원
H3062 | bet   1,000원 BANKER | P:2♥ K♣ 2♦=4  B:A♣ 3♣ 8♥=2  PLAYER(L)  | -1,000원 → 142,100원  [start]
H3063 | bet   2,000원 PLAYER | P:9♦ 8♣=7  B:5♦ 6♠ Q♣=1  PLAYER(W)  | +2,000원 → 144,100원  [end_win]
H3064 | bet   1,000원 BANKER | P:7♣ A♥=8  B:2♠ 4♠=6  PLAYER(L)  | -1,000원 → 143,100원  [start]
H3065 | bet   2,000원 PLAYER | P:10♦ 2♦ 5♠=7  B:2♠ K♥ 4♠=6  PLAYER(W)  | +2,000원 → 145,100원  [end_win]
H3066 | bet   1,000원 BANKER | P:4♦ 7♠ 6♣=7  B:8♣ 5♣ 2♣=5  PLAYER(L)  | -1,000원 → 144,100원  [start]
H3067 | bet   2,000원 PLAYER | P:4♣ J♠=4  B:K♠ 9♠=9  BANKER(L)  | -2,000원 → 142,100원
H3068 | bet   4,000원 PLAYER | P:9♠ 8♦=7  B:10♥ 5♠ 7♠=2  PLAYER(W)  | +4,000원 → 146,100원  [end_win]
H3069 | bet   1,000원 BANKER | P:4♣ J♦ K♦=4  B:Q♣ 2♥ 8♣=0  PLAYER(L)  | -1,000원 → 145,100원  [start]
H3070 | bet   2,000원 PLAYER | P:2♦ 9♠ A♣=2  B:A♥ 4♠=5  BANKER(L)  | -2,000원 → 143,100원
H3071 | bet   4,000원 PLAYER | P:9♠ 10♦=9  B:6♠ 5♠=1  PLAYER(W)  | +4,000원 → 147,100원  [end_win]
H3072 | bet   1,000원 BANKER | P:9♥ 2♠ 9♦=0  B:4♣ Q♠=4  BANKER(W)  | +950원 → 148,050원
H3073 | bet   1,000원 BANKER | P:9♠ 10♥=9  B:Q♦ A♠=1  PLAYER(L)  | -1,000원 → 147,050원  [start]
H3074 | bet   2,000원 PLAYER | P:J♦ 5♥ 7♣=2  B:J♣ 5♦ J♥=5  BANKER(L)  | -2,000원 → 145,050원
H3075 | bet   4,000원 PLAYER | P:6♠ 8♣ 6♠=0  B:4♦ 8♦ 4♣=6  BANKER(L)  | -4,000원 → 141,050원
H3076 | bet   8,000원 PLAYER | P:6♥ 2♣=8  B:3♣ 4♦=7  PLAYER(W)  | +8,000원 → 149,050원  [end_win]
H3077 | bet   1,000원 BANKER | P:8♠ A♠=9  B:6♦ 2♠=8  PLAYER(L)  | -1,000원 → 148,050원  [start]
H3078 | bet   2,000원 PLAYER | P:7♥ A♣=8  B:Q♠ A♥=1  PLAYER(W)  | +2,000원 → 150,050원  [end_win]
H3079 | bet   1,000원 BANKER | P:5♣ 4♦=9  B:8♦ 10♠=8  PLAYER(L)  | -1,000원 → 149,050원  [start]
H3080 | bet   2,000원 PLAYER | P:Q♥ 6♣=6  B:J♠ K♣ K♣=0  PLAYER(W)  | +2,000원 → 151,050원  [end_win]
H3081 | bet   1,000원 BANKER | P:7♣ 8♣ 4♥=9  B:10♦ A♦ 4♥=5  PLAYER(L)  | -1,000원 → 150,050원  [start]
H3082 | bet   2,000원 PLAYER | P:Q♥ A♠ 10♦=1  B:10♠ J♥ 10♥=0  PLAYER(W)  | +2,000원 → 152,050원  [end_win]
H3083 | bet   1,000원 BANKER | P:A♠ K♦ 4♣=5  B:A♣ 2♣ J♦=3  PLAYER(L)  | -1,000원 → 151,050원  [start]
H3084 | bet   2,000원 PLAYER | P:J♠ 9♥=9  B:7♠ 10♣=7  PLAYER(W)  | +2,000원 → 153,050원  [end_win]
H3085 | bet   1,000원 BANKER | P:4♠ 3♥=7  B:2♠ 8♠ 9♠=9  BANKER(W)  | +950원 → 154,000원
H3086 | bet   1,000원 BANKER | P:4♠ 6♣ 5♠=5  B:A♥ 3♥ 7♦=1  PLAYER(L)  | -1,000원 → 153,000원  [start]
H3087 | bet   2,000원 PLAYER | P:J♦ 7♣=7  B:7♦ 6♠ 7♣=0  PLAYER(W)  | +2,000원 → 155,000원  [end_win]
H3088 | bet   1,000원 BANKER | P:7♦ 9♦=6  B:9♦ 5♠ 2♣=6  TIE(T)  |     0원 → 155,000원
H3089 | bet   1,000원 BANKER | P:10♠ 3♣=3  B:Q♥ 9♥=9  BANKER(W)  | +950원 → 155,950원
H3090 | bet   1,000원 BANKER | P:2♠ 4♦=6  B:3♠ 8♦ 6♦=7  BANKER(W)  | +950원 → 156,900원
H3091 | bet   1,000원 BANKER | P:Q♦ J♣ J♦=0  B:K♣ 6♠=6  BANKER(W)  | +950원 → 157,850원
H3092 | bet   1,000원 BANKER | P:Q♥ 2♥ K♠=2  B:10♥ A♦ J♦=1  PLAYER(L)  | -1,000원 → 156,850원  [start]
H3093 | bet   2,000원 PLAYER | P:8♦ A♣=9  B:K♣ K♣=0  PLAYER(W)  | +2,000원 → 158,850원  [end_win]
H3094 | bet   1,000원 BANKER | P:9♥ 2♥ 9♦=0  B:Q♠ 3♣ J♣=3  BANKER(W)  | +950원 → 159,800원
H3095 | bet   1,000원 BANKER | P:6♣ A♥=7  B:A♠ 3♠ 7♦=1  PLAYER(L)  | -1,000원 → 158,800원  [start]
H3096 | bet   2,000원 PLAYER | P:6♥ 5♣ 2♣=3  B:K♥ 6♣=6  BANKER(L)  | -2,000원 → 156,800원
H3097 | bet   4,000원 PLAYER | P:5♥ Q♦ 8♠=3  B:8♣ 9♠=7  BANKER(L)  | -4,000원 → 152,800원
H3098 | bet   8,000원 PLAYER | P:8♦ 6♦=4  B:4♦ 5♦=9  BANKER(L)  | -8,000원 → 144,800원
H3099 | bet  16,000원 PLAYER | P:Q♣ 10♠=0  B:3♥ 6♣=9  BANKER(L)  | -16,000원 → 128,800원  [end_giveup]
H3100 | bet   1,000원 BANKER | P:4♥ 7♠ 5♥=6  B:Q♥ A♣ K♦=1  PLAYER(L)  | -1,000원 → 127,800원  [start]
H3101 | bet   2,000원 PLAYER | P:5♦ Q♣ 5♦=0  B:J♣ 3♦ 5♦=8  BANKER(L)  | -2,000원 → 125,800원
H3102 | bet   4,000원 PLAYER | P:A♦ K♠ K♦=1  B:4♥ 3♥=7  BANKER(L)  | -4,000원 → 121,800원
H3103 | bet   8,000원 PLAYER | P:3♦ 6♦=9  B:5♥ A♦=6  PLAYER(W)  | +8,000원 → 129,800원  [end_win]
H3104 | bet   1,000원 BANKER | P:7♦ 8♦ Q♠=5  B:J♠ K♥ 2♥=2  PLAYER(L)  | -1,000원 → 128,800원  [start]
H3105 | bet   2,000원 PLAYER | P:J♣ 4♠=4  B:9♠ 9♣=8  BANKER(L)  | -2,000원 → 126,800원
H3106 | bet   4,000원 PLAYER | P:2♦ 10♣ K♠=2  B:J♣ 7♥=7  BANKER(L)  | -4,000원 → 122,800원
H3107 | bet   8,000원 PLAYER | P:J♠ 5♥ 7♥=2  B:J♠ J♥ 7♠=7  BANKER(L)  | -8,000원 → 114,800원
H3108 | bet  16,000원 PLAYER | P:8♣ Q♦=8  B:9♥ 6♦=5  PLAYER(W)  | +16,000원 → 130,800원  [end_win]
H3109 | bet   1,000원 BANKER | P:2♥ 2♦=4  B:9♥ 10♥=9  BANKER(W)  | +950원 → 131,750원
H3110 | bet   1,000원 BANKER | P:8♥ 2♠ 3♥=3  B:4♠ 6♥ 3♦=3  TIE(T)  |     0원 → 131,750원
H3111 | bet   1,000원 BANKER | P:Q♥ 10♦ J♠=0  B:3♦ 8♠ J♦=1  BANKER(W)  | +950원 → 132,700원
H3112 | bet   1,000원 BANKER | P:J♣ 5♣ K♦=5  B:10♦ 7♣=7  BANKER(W)  | +950원 → 133,650원
H3113 | bet   1,000원 BANKER | P:K♥ 8♠=8  B:A♣ J♦=1  PLAYER(L)  | -1,000원 → 132,650원  [start]
H3114 | bet   2,000원 PLAYER | P:10♦ 7♦=7  B:4♣ 10♣ 10♣=4  PLAYER(W)  | +2,000원 → 134,650원  [end_win]
H3115 | bet   1,000원 BANKER | P:7♥ J♥=7  B:3♣ 10♠ 3♥=6  PLAYER(L)  | -1,000원 → 133,650원  [start]
H3116 | bet   2,000원 PLAYER | P:4♥ 9♣ Q♥=3  B:2♣ 5♣=7  BANKER(L)  | -2,000원 → 131,650원
H3117 | bet   4,000원 PLAYER | P:8♥ A♥=9  B:10♥ 4♦=4  PLAYER(W)  | +4,000원 → 135,650원  [end_win]
H3118 | bet   1,000원 BANKER | P:3♣ 8♦ 3♦=4  B:K♥ Q♠ 2♠=2  PLAYER(L)  | -1,000원 → 134,650원  [start]
H3119 | bet   2,000원 PLAYER | P:2♥ 7♣=9  B:4♥ 5♣=9  TIE(T)  |     0원 → 134,650원
H3120 | bet   2,000원 PLAYER | P:5♦ K♣ A♠=6  B:3♥ K♣ 9♠=2  PLAYER(W)  | +2,000원 → 136,650원  [end_win]
H3121 | bet   1,000원 BANKER | P:A♦ 2♥=3  B:9♦ K♦=9  BANKER(W)  | +950원 → 137,600원
H3122 | bet   1,000원 BANKER | P:4♣ 6♦=0  B:7♦ 2♦=9  BANKER(W)  | +950원 → 138,550원
H3123 | bet   1,000원 BANKER | P:6♥ K♣=6  B:J♥ 8♥=8  BANKER(W)  | +950원 → 139,500원
H3124 | bet   1,000원 BANKER | P:8♦ K♦=8  B:10♣ 4♣=4  PLAYER(L)  | -1,000원 → 138,500원  [start]
H3125 | bet   2,000원 PLAYER | P:9♥ J♥=9  B:J♥ 2♠=2  PLAYER(W)  | +2,000원 → 140,500원  [end_win]
H3126 | bet   1,000원 BANKER | P:3♣ Q♥ Q♦=3  B:7♣ 10♣=7  BANKER(W)  | +950원 → 141,450원
H3127 | bet   1,000원 BANKER | P:3♣ 6♣=9  B:J♥ J♣=0  PLAYER(L)  | -1,000원 → 140,450원  [start]
H3128 | bet   2,000원 PLAYER | P:10♠ 5♣ 7♠=2  B:2♥ 9♥ J♥=1  PLAYER(W)  | +2,000원 → 142,450원  [end_win]
H3129 | bet   1,000원 BANKER | P:K♥ K♠=0  B:5♥ 3♦=8  BANKER(W)  | +950원 → 143,400원
H3130 | bet   1,000원 BANKER | P:Q♦ 9♥=9  B:10♦ A♠=1  PLAYER(L)  | -1,000원 → 142,400원  [start]
H3131 | bet   2,000원 PLAYER | P:2♥ A♣ J♠=3  B:2♠ Q♠ 8♣=0  PLAYER(W)  | +2,000원 → 144,400원  [end_win]
H3132 | bet   1,000원 BANKER | P:9♣ Q♦=9  B:6♠ 8♦=4  PLAYER(L)  | -1,000원 → 143,400원  [start]
H3133 | bet   2,000원 PLAYER | P:6♥ 5♦ 4♦=5  B:4♠ 10♦ 9♠=3  PLAYER(W)  | +2,000원 → 145,400원  [end_win]
H3134 | bet   1,000원 BANKER | P:6♠ A♥=7  B:K♥ 4♠ 8♠=2  PLAYER(L)  | -1,000원 → 144,400원  [start]
H3135 | bet   2,000원 PLAYER | P:3♠ 6♣=9  B:4♥ Q♦=4  PLAYER(W)  | +2,000원 → 146,400원  [end_win]
H3136 | bet   1,000원 BANKER | P:7♥ 9♦=6  B:2♣ 8♥ Q♥=0  PLAYER(L)  | -1,000원 → 145,400원  [start]
H3137 | bet   2,000원 PLAYER | P:5♠ A♥=6  B:Q♦ 6♥=6  TIE(T)  |     0원 → 145,400원
H3138 | bet   2,000원 PLAYER | P:2♦ Q♠=2  B:3♠ 5♣=8  BANKER(L)  | -2,000원 → 143,400원
H3139 | bet   4,000원 PLAYER | P:J♦ 3♠ Q♠=3  B:3♦ A♣=4  BANKER(L)  | -4,000원 → 139,400원
H3140 | bet   8,000원 PLAYER | P:8♦ J♣=8  B:7♦ 9♠=6  PLAYER(W)  | +8,000원 → 147,400원  [end_win]
H3141 | bet   1,000원 BANKER | P:A♥ 3♥ 6♠=0  B:4♣ 6♦ 7♥=7  BANKER(W)  | +950원 → 148,350원
H3142 | bet   1,000원 BANKER | P:6♦ 5♦ Q♦=1  B:9♠ 8♣=7  BANKER(W)  | +950원 → 149,300원
H3143 | bet   1,000원 BANKER | P:2♦ 7♦=9  B:K♠ 4♠=4  PLAYER(L)  | -1,000원 → 148,300원  [start]
H3144 | bet   2,000원 PLAYER | P:8♦ 10♠=8  B:3♥ A♣=4  PLAYER(W)  | +2,000원 → 150,300원  [end_win]
H3145 | bet   1,000원 BANKER | P:9♦ K♣=9  B:A♣ A♠=2  PLAYER(L)  | -1,000원 → 149,300원  [start]
H3146 | bet   2,000원 PLAYER | P:A♥ A♦ 5♠=7  B:Q♣ J♠ 7♣=7  TIE(T)  |     0원 → 149,300원
H3147 | bet   2,000원 PLAYER | P:9♥ J♠=9  B:7♣ 5♦=2  PLAYER(W)  | +2,000원 → 151,300원  [end_win]
H3148 | bet   1,000원 BANKER | P:8♠ 2♣=0  B:8♠ J♠=8  BANKER(W)  | +950원 → 152,250원
H3149 | bet   1,000원 BANKER | P:A♦ K♠=1  B:9♥ K♦=9  BANKER(W)  | +950원 → 153,200원
H3150 | bet   1,000원 BANKER | P:7♥ J♣=7  B:2♣ K♦ 3♠=5  PLAYER(L)  | -1,000원 → 152,200원  [start]
H3151 | bet   2,000원 PLAYER | P:2♥ A♣ 7♦=0  B:9♣ 5♣ J♥=4  BANKER(L)  | -2,000원 → 150,200원
H3152 | bet   4,000원 PLAYER | P:J♥ 9♠=9  B:10♥ 10♥=0  PLAYER(W)  | +4,000원 → 154,200원  [end_win]
H3153 | bet   1,000원 BANKER | P:Q♠ J♦ 9♣=9  B:Q♣ 3♠ 7♠=0  PLAYER(L)  | -1,000원 → 153,200원  [start]
H3154 | bet   2,000원 PLAYER | P:K♦ 8♠=8  B:3♣ 4♣=7  PLAYER(W)  | +2,000원 → 155,200원  [end_win]
H3155 | bet   1,000원 BANKER | P:9♦ 2♠ K♠=1  B:10♣ 5♦=5  BANKER(W)  | +950원 → 156,150원
H3156 | bet   1,000원 BANKER | P:3♣ 10♠ 8♦=1  B:4♦ A♥=5  BANKER(W)  | +950원 → 157,100원
H3157 | bet   1,000원 BANKER | P:5♠ 5♥ 10♠=0  B:5♦ 6♠ 3♠=4  BANKER(W)  | +950원 → 158,050원
H3158 | bet   1,000원 BANKER | P:J♠ 7♦=7  B:2♣ Q♥ 3♦=5  PLAYER(L)  | -1,000원 → 157,050원  [start]
H3159 | bet   2,000원 PLAYER | P:6♣ K♣=6  B:6♣ J♥=6  TIE(T)  |     0원 → 157,050원
H3160 | bet   2,000원 PLAYER | P:2♠ 4♥=6  B:7♦ K♥=7  BANKER(L)  | -2,000원 → 155,050원
H3161 | bet   4,000원 PLAYER | P:J♣ K♠ A♦=1  B:3♦ J♣ A♥=4  BANKER(L)  | -4,000원 → 151,050원
H3162 | bet   8,000원 PLAYER | P:A♦ 4♣ 4♥=9  B:7♠ K♠=7  PLAYER(W)  | +8,000원 → 159,050원  [end_win]
H3163 | bet   1,000원 BANKER | P:9♣ 7♥=6  B:Q♣ 4♦ 6♦=0  PLAYER(L)  | -1,000원 → 158,050원  [start]
H3164 | bet   2,000원 PLAYER | P:5♣ 5♠ K♥=0  B:J♦ 4♠=4  BANKER(L)  | -2,000원 → 156,050원
H3165 | bet   4,000원 PLAYER | P:3♦ A♠=4  B:Q♥ 9♠=9  BANKER(L)  | -4,000원 → 152,050원
H3166 | bet   8,000원 PLAYER | P:6♠ 9♣ K♥=5  B:6♥ K♥=6  BANKER(L)  | -8,000원 → 144,050원
H3167 | bet  16,000원 PLAYER | P:2♣ 5♦=7  B:A♥ Q♠ 3♦=4  PLAYER(W)  | +16,000원 → 160,050원  [end_win]
H3168 | bet   1,000원 BANKER | P:8♥ 4♠ Q♠=2  B:9♣ 5♥=4  BANKER(W)  | +950원 → 161,000원
H3169 | bet   1,000원 BANKER | P:J♣ 10♥ 8♠=8  B:4♥ Q♣=4  PLAYER(L)  | -1,000원 → 160,000원  [start]
H3170 | bet   2,000원 PLAYER | P:6♦ K♣=6  B:9♥ 7♥=6  TIE(T)  |     0원 → 160,000원
H3171 | bet   2,000원 PLAYER | P:J♠ 8♠=8  B:3♠ 8♥=1  PLAYER(W)  | +2,000원 → 162,000원  [end_win]
H3172 | bet   1,000원 BANKER | P:3♥ 8♣=1  B:4♠ 4♦=8  BANKER(W)  | +950원 → 162,950원
H3173 | bet   1,000원 BANKER | P:2♦ A♠ 10♣=3  B:K♦ 4♣=4  BANKER(W)  | +950원 → 163,900원
H3174 | bet   1,000원 BANKER | P:2♣ 10♠ 10♦=2  B:6♥ 8♥=4  BANKER(W)  | +950원 → 164,850원
H3175 | bet   1,000원 BANKER | P:6♠ 2♥=8  B:9♥ 2♠=1  PLAYER(L)  | -1,000원 → 163,850원  [start]
H3176 | bet   2,000원 PLAYER | P:8♦ 5♥ 5♠=8  B:7♣ 9♦=6  PLAYER(W)  | +2,000원 → 165,850원  [end_win]
H3177 | bet   1,000원 BANKER | P:6♣ A♦=7  B:6♥ 3♥=9  BANKER(W)  | +950원 → 166,800원
H3178 | bet   1,000원 BANKER | P:7♥ 3♠ 7♠=7  B:A♠ 10♣ 9♥=0  PLAYER(L)  | -1,000원 → 165,800원  [start]
H3179 | bet   2,000원 PLAYER | P:6♠ 5♥ 2♦=3  B:4♥ 8♠ 5♥=7  BANKER(L)  | -2,000원 → 163,800원
H3180 | bet   4,000원 PLAYER | P:5♠ 7♠ 7♣=9  B:2♥ 10♥ J♦=2  PLAYER(W)  | +4,000원 → 167,800원  [end_win]
H3181 | bet   1,000원 BANKER | P:6♥ A♠=7  B:4♣ J♦ 6♣=0  PLAYER(L)  | -1,000원 → 166,800원  [start]
H3182 | bet   2,000원 PLAYER | P:J♠ 10♦ Q♦=0  B:2♥ 4♦=6  BANKER(L)  | -2,000원 → 164,800원
H3183 | bet   4,000원 PLAYER | P:J♦ 8♦=8  B:5♠ 7♦=2  PLAYER(W)  | +4,000원 → 168,800원  [end_win]
H3184 | bet   1,000원 BANKER | P:6♦ 8♣ 10♥=4  B:10♦ 3♦ Q♥=3  PLAYER(L)  | -1,000원 → 167,800원  [start]
H3185 | bet   2,000원 PLAYER | P:K♠ Q♣=0  B:4♠ 4♠=8  BANKER(L)  | -2,000원 → 165,800원
H3186 | bet   4,000원 PLAYER | P:2♠ 4♦=6  B:3♥ 2♦ A♣=6  TIE(T)  |     0원 → 165,800원
H3187 | bet   4,000원 PLAYER | P:5♣ 7♥ K♦=2  B:7♣ 10♦=7  BANKER(L)  | -4,000원 → 161,800원
H3188 | bet   8,000원 PLAYER | P:Q♣ 10♣=0  B:Q♥ 8♠=8  BANKER(L)  | -8,000원 → 153,800원
H3189 | bet  16,000원 PLAYER | P:J♦ 7♠=7  B:J♣ 9♦=9  BANKER(L)  | -16,000원 → 137,800원  [end_giveup]
H3190 | bet   1,000원 BANKER | P:2♠ 7♦=9  B:3♥ K♣=3  PLAYER(L)  | -1,000원 → 136,800원  [start]
H3191 | bet   2,000원 PLAYER | P:3♣ A♦=4  B:9♣ J♣=9  BANKER(L)  | -2,000원 → 134,800원
H3192 | bet   4,000원 PLAYER | P:Q♥ 3♣ 9♦=2  B:10♠ 5♣=5  BANKER(L)  | -4,000원 → 130,800원
H3193 | bet   8,000원 PLAYER | P:A♣ 2♦ K♥=3  B:10♣ 3♣ 7♠=0  PLAYER(W)  | +8,000원 → 138,800원  [end_win]
H3194 | bet   1,000원 BANKER | P:A♣ 5♦=6  B:7♠ J♦=7  BANKER(W)  | +950원 → 139,750원
H3195 | bet   1,000원 BANKER | P:7♣ 10♠=7  B:8♥ 10♦=8  BANKER(W)  | +950원 → 140,700원
H3196 | bet   1,000원 BANKER | P:9♣ Q♣=9  B:10♣ Q♣=0  PLAYER(L)  | -1,000원 → 139,700원  [start]
H3197 | bet   2,000원 PLAYER | P:8♥ 9♦=7  B:A♠ 10♥ 9♠=0  PLAYER(W)  | +2,000원 → 141,700원  [end_win]
H3198 | bet   1,000원 BANKER | P:6♣ 6♦ 10♦=2  B:9♠ 7♥=6  BANKER(W)  | +950원 → 142,650원
H3199 | bet   1,000원 BANKER | P:4♦ Q♥ 4♥=8  B:5♣ 8♣ Q♦=3  PLAYER(L)  | -1,000원 → 141,650원  [start]
H3200 | bet   2,000원 PLAYER | P:K♣ 5♥ A♦=6  B:J♠ 2♣ 5♠=7  BANKER(L)  | -2,000원 → 139,650원
H3201 | bet   4,000원 PLAYER | P:8♣ 6♦ 3♥=7  B:6♠ K♦=6  PLAYER(W)  | +4,000원 → 143,650원  [end_win]
H3202 | bet   1,000원 BANKER | P:4♠ A♦=5  B:4♥ 4♦=8  BANKER(W)  | +950원 → 144,600원
H3203 | bet   1,000원 BANKER | P:9♦ 7♥=6  B:Q♠ Q♠ 8♥=8  BANKER(W)  | +950원 → 145,550원
H3204 | bet   1,000원 BANKER | P:2♥ 9♣=1  B:A♠ 8♥=9  BANKER(W)  | +950원 → 146,500원
H3205 | bet   1,000원 BANKER | P:10♦ Q♠ 3♦=3  B:6♥ Q♠=6  BANKER(W)  | +950원 → 147,450원
H3206 | bet   1,000원 BANKER | P:5♣ 7♠ 8♣=0  B:2♥ K♦ Q♥=2  BANKER(W)  | +950원 → 148,400원
H3207 | bet   1,000원 BANKER | P:4♣ 9♦ 7♠=0  B:6♥ 10♣ 9♣=5  BANKER(W)  | +950원 → 149,350원
H3208 | bet   1,000원 BANKER | P:4♠ 8♣=2  B:3♦ 6♠=9  BANKER(W)  | +950원 → 150,300원
H3209 | bet   1,000원 BANKER | P:9♠ 2♦ A♦=2  B:5♥ 6♦ 10♦=1  PLAYER(L)  | -1,000원 → 149,300원  [start]
H3210 | bet   2,000원 PLAYER | P:10♥ 8♠=8  B:7♥ 2♦=9  BANKER(L)  | -2,000원 → 147,300원
H3211 | bet   4,000원 PLAYER | P:8♦ J♦=8  B:8♥ 3♥=1  PLAYER(W)  | +4,000원 → 151,300원  [end_win]
H3212 | bet   1,000원 BANKER | P:K♦ 2♥=2  B:7♠ A♣=8  BANKER(W)  | +950원 → 152,250원
H3213 | bet   1,000원 BANKER | P:10♥ 5♦ J♠=5  B:K♣ 2♥ 3♥=5  TIE(T)  |     0원 → 152,250원
H3214 | bet   1,000원 BANKER | P:7♠ 8♠=5  B:3♦ 5♣=8  BANKER(W)  | +950원 → 153,200원
H3215 | bet   1,000원 BANKER | P:Q♦ 8♥=8  B:A♦ 9♣=0  PLAYER(L)  | -1,000원 → 152,200원  [start]
H3216 | bet   2,000원 PLAYER | P:7♠ 9♦=6  B:9♣ A♥ 2♣=2  PLAYER(W)  | +2,000원 → 154,200원  [end_win]
H3217 | bet   1,000원 BANKER | P:5♦ J♥ 2♥=7  B:A♥ A♣ 4♣=6  PLAYER(L)  | -1,000원 → 153,200원  [start]
H3218 | bet   2,000원 PLAYER | P:J♣ 4♥ A♥=5  B:Q♦ K♥ K♥=0  PLAYER(W)  | +2,000원 → 155,200원  [end_win]
H3219 | bet   1,000원 BANKER | P:J♦ Q♠ 8♥=8  B:J♣ 3♥=3  PLAYER(L)  | -1,000원 → 154,200원  [start]
H3220 | bet   2,000원 PLAYER | P:Q♥ 5♠=5  B:Q♥ 8♦=8  BANKER(L)  | -2,000원 → 152,200원
H3221 | bet   4,000원 PLAYER | P:A♠ K♠ 7♦=8  B:6♣ 8♣ 7♦=1  PLAYER(W)  | +4,000원 → 156,200원  [end_win]
H3222 | bet   1,000원 BANKER | P:7♣ A♥=8  B:5♣ 5♠=0  PLAYER(L)  | -1,000원 → 155,200원  [start]
H3223 | bet   2,000원 PLAYER | P:8♣ 3♠ 8♠=9  B:8♣ 2♦ J♦=0  PLAYER(W)  | +2,000원 → 157,200원  [end_win]
H3224 | bet   1,000원 BANKER | P:4♣ J♣=4  B:3♠ 5♠=8  BANKER(W)  | +950원 → 158,150원
H3225 | bet   1,000원 BANKER | P:5♦ A♥=6  B:3♣ 8♠ A♠=2  PLAYER(L)  | -1,000원 → 157,150원  [start]
H3226 | bet   2,000원 PLAYER | P:4♦ 7♣ K♥=1  B:3♦ 7♦ K♣=0  PLAYER(W)  | +2,000원 → 159,150원  [end_win]
H3227 | bet   1,000원 BANKER | P:A♠ 9♠=0  B:J♦ 9♠=9  BANKER(W)  | +950원 → 160,100원
H3228 | bet   1,000원 BANKER | P:3♣ A♣=4  B:6♠ 2♠=8  BANKER(W)  | +950원 → 161,050원
H3229 | bet   1,000원 BANKER | P:J♦ 4♥ 8♠=2  B:K♥ 2♥ 9♠=1  PLAYER(L)  | -1,000원 → 160,050원  [start]
H3230 | bet   2,000원 PLAYER | P:J♣ A♠ K♦=1  B:Q♦ 4♣=4  BANKER(L)  | -2,000원 → 158,050원
H3231 | bet   4,000원 PLAYER | P:4♥ 5♣=9  B:2♣ 2♣=4  PLAYER(W)  | +4,000원 → 162,050원  [end_win]
H3232 | bet   1,000원 BANKER | P:7♣ 2♠=9  B:6♠ 2♠=8  PLAYER(L)  | -1,000원 → 161,050원  [start]
H3233 | bet   2,000원 PLAYER | P:2♦ 9♥ J♠=1  B:K♥ 3♠ 7♥=0  PLAYER(W)  | +2,000원 → 163,050원  [end_win]
H3234 | bet   1,000원 BANKER | P:6♦ 6♠ 8♠=0  B:6♣ J♠=6  BANKER(W)  | +950원 → 164,000원
H3235 | bet   1,000원 BANKER | P:5♥ K♦ 9♦=4  B:3♥ J♥ 8♣=1  PLAYER(L)  | -1,000원 → 163,000원  [start]
H3236 | bet   2,000원 PLAYER | P:Q♦ 8♦=8  B:5♥ 4♦=9  BANKER(L)  | -2,000원 → 161,000원
H3237 | bet   4,000원 PLAYER | P:9♥ 10♣=9  B:4♥ 2♦=6  PLAYER(W)  | +4,000원 → 165,000원  [end_win]
H3238 | bet   1,000원 BANKER | P:3♠ 9♦ 6♠=8  B:3♥ Q♣ 5♥=8  TIE(T)  |     0원 → 165,000원
H3239 | bet   1,000원 BANKER | P:7♣ K♦=7  B:5♦ A♣=6  PLAYER(L)  | -1,000원 → 164,000원  [start]
H3240 | bet   2,000원 PLAYER | P:Q♣ 7♣=7  B:3♦ 3♥=6  PLAYER(W)  | +2,000원 → 166,000원  [end_win]
H3241 | bet   1,000원 BANKER | P:10♠ Q♥ K♦=0  B:10♠ 6♠=6  BANKER(W)  | +950원 → 166,950원
H3242 | bet   1,000원 BANKER | P:A♥ 7♦=8  B:5♠ J♥=5  PLAYER(L)  | -1,000원 → 165,950원  [start]
H3243 | bet   2,000원 PLAYER | P:7♣ 9♥=6  B:6♥ 2♥=8  BANKER(L)  | -2,000원 → 163,950원
H3244 | bet   4,000원 PLAYER | P:4♥ 7♦ 3♥=4  B:Q♥ 10♦ J♦=0  PLAYER(W)  | +4,000원 → 167,950원  [end_win]
H3245 | bet   1,000원 BANKER | P:10♥ 10♦ 3♦=3  B:10♠ 10♠ 3♣=3  TIE(T)  |     0원 → 167,950원
H3246 | bet   1,000원 BANKER | P:Q♠ K♦=0  B:A♣ 7♦=8  BANKER(W)  | +950원 → 168,900원
H3247 | bet   1,000원 BANKER | P:K♠ 5♣ K♣=5  B:6♣ 5♠ 4♦=5  TIE(T)  |     0원 → 168,900원
H3248 | bet   1,000원 BANKER | P:J♠ 10♠ 7♦=7  B:4♠ 2♣ 2♣=8  BANKER(W)  | +950원 → 169,850원
H3249 | bet   1,000원 BANKER | P:3♣ 7♥ 5♣=5  B:A♣ 10♥ 4♠=5  TIE(T)  |     0원 → 169,850원
H3250 | bet   1,000원 BANKER | P:3♠ J♠=3  B:10♦ 9♦=9  BANKER(W)  | +950원 → 170,800원
H3251 | bet   1,000원 BANKER | P:7♦ 5♣ J♣=2  B:Q♦ 6♣=6  BANKER(W)  | +950원 → 171,750원
H3252 | bet   1,000원 BANKER | P:8♦ 9♠=7  B:7♣ 4♦ 10♦=1  PLAYER(L)  | -1,000원 → 170,750원  [start]
H3253 | bet   2,000원 PLAYER | P:A♠ 4♠ 10♦=5  B:8♣ 5♥ A♦=4  PLAYER(W)  | +2,000원 → 172,750원  [end_win]
H3254 | bet   1,000원 BANKER | P:2♣ 6♥=8  B:K♠ 3♣=3  PLAYER(L)  | -1,000원 → 171,750원  [start]
H3255 | bet   2,000원 PLAYER | P:10♣ Q♠ A♦=1  B:J♠ 10♣ 7♥=7  BANKER(L)  | -2,000원 → 169,750원
H3256 | bet   4,000원 PLAYER | P:10♠ 3♣ 9♥=2  B:9♣ 6♥=5  BANKER(L)  | -4,000원 → 165,750원
H3257 | bet   8,000원 PLAYER | P:J♥ 5♠ 10♣=5  B:Q♣ 2♦ K♠=2  PLAYER(W)  | +8,000원 → 173,750원  [end_win]
H3258 | bet   1,000원 BANKER | P:K♥ 2♥=2  B:J♥ 8♠=8  BANKER(W)  | +950원 → 174,700원
H3259 | bet   1,000원 BANKER | P:J♣ Q♥ 8♦=8  B:Q♥ 10♣ 8♥=8  TIE(T)  |     0원 → 174,700원
H3260 | bet   1,000원 BANKER | P:5♦ 5♥ 8♦=8  B:Q♥ A♦ 9♠=0  PLAYER(L)  | -1,000원 → 173,700원  [start]
H3261 | bet   2,000원 PLAYER | P:K♦ K♠ K♣=0  B:J♥ K♣ 4♥=4  BANKER(L)  | -2,000원 → 171,700원
H3262 | bet   4,000원 PLAYER | P:2♠ A♦ 3♠=6  B:7♠ K♠=7  BANKER(L)  | -4,000원 → 167,700원
H3263 | bet   8,000원 PLAYER | P:4♦ 9♥ 2♠=5  B:6♦ 7♣ 10♥=3  PLAYER(W)  | +8,000원 → 175,700원  [end_win]
H3264 | bet   1,000원 BANKER | P:4♣ J♠ A♣=5  B:8♦ 6♣=4  PLAYER(L)  | -1,000원 → 174,700원  [start]
H3265 | bet   2,000원 PLAYER | P:J♥ 7♥=7  B:6♦ 9♣ 4♣=9  BANKER(L)  | -2,000원 → 172,700원
H3266 | bet   4,000원 PLAYER | P:6♣ 6♦ 2♠=4  B:9♥ 5♥ 4♥=8  BANKER(L)  | -4,000원 → 168,700원
H3267 | bet   8,000원 PLAYER | P:A♦ 4♣ 6♣=1  B:5♦ K♣ 3♥=8  BANKER(L)  | -8,000원 → 160,700원
H3268 | bet  16,000원 PLAYER | P:A♠ 8♥=9  B:6♠ 10♥=6  PLAYER(W)  | +16,000원 → 176,700원  [end_win]
H3269 | bet   1,000원 BANKER | P:6♥ 8♠ Q♦=4  B:4♦ 6♥ Q♣=0  PLAYER(L)  | -1,000원 → 175,700원  [start]
H3270 | bet   2,000원 PLAYER | P:K♠ Q♦ A♣=1  B:10♠ Q♣ 3♠=3  BANKER(L)  | -2,000원 → 173,700원
H3271 | bet   4,000원 PLAYER | P:9♣ 6♦ K♥=5  B:10♠ 10♣ 9♠=9  BANKER(L)  | -4,000원 → 169,700원
H3272 | bet   8,000원 PLAYER | P:A♥ 2♠ 5♠=8  B:9♥ 3♣ 6♣=8  TIE(T)  |     0원 → 169,700원
H3273 | bet   8,000원 PLAYER | P:4♣ 3♣=7  B:6♦ 7♥ 7♥=0  PLAYER(W)  | +8,000원 → 177,700원  [end_win]
H3274 | bet   1,000원 BANKER | P:5♠ 5♥ 9♥=9  B:10♥ 10♦ 10♣=0  PLAYER(L)  | -1,000원 → 176,700원  [start]
H3275 | bet   2,000원 PLAYER | P:K♣ 9♣=9  B:4♠ 2♠=6  PLAYER(W)  | +2,000원 → 178,700원  [end_win]
H3276 | bet   1,000원 BANKER | P:5♣ 8♦ 6♥=9  B:3♦ 3♠ K♥=6  PLAYER(L)  | -1,000원 → 177,700원  [start]
H3277 | bet   2,000원 PLAYER | P:4♠ 4♠=8  B:K♠ 9♠=9  BANKER(L)  | -2,000원 → 175,700원
H3278 | bet   4,000원 PLAYER | P:J♦ 3♦=3  B:9♦ J♦=9  BANKER(L)  | -4,000원 → 171,700원
H3279 | bet   8,000원 PLAYER | P:2♣ A♠ 2♣=5  B:J♠ J♥ 6♦=6  BANKER(L)  | -8,000원 → 163,700원
H3280 | bet  16,000원 PLAYER | P:7♠ 7♠ 10♥=4  B:K♣ A♥ 5♦=6  BANKER(L)  | -16,000원 → 147,700원  [end_giveup]
H3281 | bet   1,000원 BANKER | P:5♦ Q♣ 4♦=9  B:J♣ Q♣ Q♦=0  PLAYER(L)  | -1,000원 → 146,700원  [start]
H3282 | bet   2,000원 PLAYER | P:Q♠ Q♣ 4♥=4  B:A♣ 9♦ 7♠=7  BANKER(L)  | -2,000원 → 144,700원
H3283 | bet   4,000원 PLAYER | P:8♣ 2♠ A♣=1  B:A♠ 5♠=6  BANKER(L)  | -4,000원 → 140,700원
H3284 | bet   8,000원 PLAYER | P:8♥ 6♣ J♦=4  B:Q♥ 5♥=5  BANKER(L)  | -8,000원 → 132,700원
H3285 | bet  16,000원 PLAYER | P:8♦ 7♦ J♥=5  B:6♠ 4♠ 3♣=3  PLAYER(W)  | +16,000원 → 148,700원  [end_win]
H3286 | bet   1,000원 BANKER | P:8♠ 2♠ K♥=0  B:J♣ 5♠=5  BANKER(W)  | +950원 → 149,650원
H3287 | bet   1,000원 BANKER | P:2♥ 8♥ 3♠=3  B:Q♠ 10♣ 8♠=8  BANKER(W)  | +950원 → 150,600원
H3288 | bet   1,000원 BANKER | P:Q♦ 8♣=8  B:2♦ A♠=3  PLAYER(L)  | -1,000원 → 149,600원  [start]
H3289 | bet   2,000원 PLAYER | P:4♠ 3♠=7  B:6♦ 5♦ Q♣=1  PLAYER(W)  | +2,000원 → 151,600원  [end_win]
H3290 | bet   1,000원 BANKER | P:J♠ 7♥=7  B:J♠ 10♣ Q♠=0  PLAYER(L)  | -1,000원 → 150,600원  [start]
H3291 | bet   2,000원 PLAYER | P:J♥ A♦ K♦=1  B:Q♥ J♠ 2♥=2  BANKER(L)  | -2,000원 → 148,600원
H3292 | bet   4,000원 PLAYER | P:6♦ 2♣=8  B:2♠ 8♦=0  PLAYER(W)  | +4,000원 → 152,600원  [end_win]
H3293 | bet   1,000원 BANKER | P:7♣ Q♥=7  B:A♦ K♥ 10♦=1  PLAYER(L)  | -1,000원 → 151,600원  [start]
H3294 | bet   2,000원 PLAYER | P:3♥ J♠ 8♠=1  B:9♥ 4♣=3  BANKER(L)  | -2,000원 → 149,600원
H3295 | bet   4,000원 PLAYER | P:K♣ A♦=1  B:K♣ 8♥=8  BANKER(L)  | -4,000원 → 145,600원
H3296 | bet   8,000원 PLAYER | P:5♠ J♣ 3♠=8  B:2♥ 10♣ 3♥=5  PLAYER(W)  | +8,000원 → 153,600원  [end_win]
H3297 | bet   1,000원 BANKER | P:4♠ J♥ Q♣=4  B:A♣ 6♣=7  BANKER(W)  | +950원 → 154,550원
H3298 | bet   1,000원 BANKER | P:J♣ A♦ A♦=2  B:6♥ A♣=7  BANKER(W)  | +950원 → 155,500원
H3299 | bet   1,000원 BANKER | P:5♥ K♠ J♥=5  B:K♦ 5♦=5  TIE(T)  |     0원 → 155,500원
H3300 | bet   1,000원 BANKER | P:A♥ 6♦=7  B:6♣ 7♠ 8♦=1  PLAYER(L)  | -1,000원 → 154,500원  [start]
H3301 | bet   2,000원 PLAYER | P:2♦ 9♣ 3♥=4  B:3♦ Q♦ 7♠=0  PLAYER(W)  | +2,000원 → 156,500원  [end_win]
H3302 | bet   1,000원 BANKER | P:Q♠ 3♣ 5♦=8  B:Q♥ Q♠ 5♣=5  PLAYER(L)  | -1,000원 → 155,500원  [start]
H3303 | bet   2,000원 PLAYER | P:6♠ 10♦=6  B:2♦ 10♥ 5♥=7  BANKER(L)  | -2,000원 → 153,500원
H3304 | bet   4,000원 PLAYER | P:3♣ J♣ 2♠=5  B:J♦ Q♦ 4♥=4  PLAYER(W)  | +4,000원 → 157,500원  [end_win]
H3305 | bet   1,000원 BANKER | P:4♣ K♥ 3♣=7  B:4♣ 9♠ 3♦=6  PLAYER(L)  | -1,000원 → 156,500원  [start]
H3306 | bet   2,000원 PLAYER | P:5♥ J♠ 6♥=1  B:7♥ 5♣ A♥=3  BANKER(L)  | -2,000원 → 154,500원
H3307 | bet   4,000원 PLAYER | P:3♣ 5♣=8  B:10♥ 3♦=3  PLAYER(W)  | +4,000원 → 158,500원  [end_win]
H3308 | bet   1,000원 BANKER | P:5♠ J♣=5  B:9♣ 9♣=8  BANKER(W)  | +950원 → 159,450원
H3309 | bet   1,000원 BANKER | P:3♦ 10♦=3  B:8♣ 10♣=8  BANKER(W)  | +950원 → 160,400원
H3310 | bet   1,000원 BANKER | P:J♥ 4♥=4  B:3♥ 5♠=8  BANKER(W)  | +950원 → 161,350원
H3311 | bet   1,000원 BANKER | P:5♥ 7♥=2  B:8♦ K♦=8  BANKER(W)  | +950원 → 162,300원
H3312 | bet   1,000원 BANKER | P:3♠ 2♠ J♥=5  B:J♠ A♠ 6♠=7  BANKER(W)  | +950원 → 163,250원
H3313 | bet   1,000원 BANKER | P:K♠ 8♠=8  B:2♦ K♠=2  PLAYER(L)  | -1,000원 → 162,250원  [start]
H3314 | bet   2,000원 PLAYER | P:10♥ Q♦ 5♣=5  B:J♣ 6♣=6  BANKER(L)  | -2,000원 → 160,250원
H3315 | bet   4,000원 PLAYER | P:2♦ J♦ 7♣=9  B:9♠ 4♥ J♣=3  PLAYER(W)  | +4,000원 → 164,250원  [end_win]
H3316 | bet   1,000원 BANKER | P:Q♥ 4♣ 10♠=4  B:Q♠ 3♥ A♣=4  TIE(T)  |     0원 → 164,250원
H3317 | bet   1,000원 BANKER | P:Q♣ 4♣=4  B:4♦ 5♥=9  BANKER(W)  | +950원 → 165,200원
H3318 | bet   1,000원 BANKER | P:K♦ K♣ K♣=0  B:5♥ 8♦ K♠=3  BANKER(W)  | +950원 → 166,150원
H3319 | bet   1,000원 BANKER | P:8♦ 10♦=8  B:9♦ 5♣=4  PLAYER(L)  | -1,000원 → 165,150원  [start]
H3320 | bet   2,000원 PLAYER | P:6♦ Q♠=6  B:2♦ A♠ 6♦=9  BANKER(L)  | -2,000원 → 163,150원
H3321 | bet   4,000원 PLAYER | P:9♥ 4♦ 10♠=3  B:9♦ 6♦=5  BANKER(L)  | -4,000원 → 159,150원
H3322 | bet   8,000원 PLAYER | P:6♠ J♥=6  B:9♦ 4♥ K♦=3  PLAYER(W)  | +8,000원 → 167,150원  [end_win]
H3323 | bet   1,000원 BANKER | P:J♠ 5♣ 9♠=4  B:7♦ 10♦=7  BANKER(W)  | +950원 → 168,100원
H3324 | bet   1,000원 BANKER | P:6♠ J♦=6  B:6♥ 7♦ 7♦=0  PLAYER(L)  | -1,000원 → 167,100원  [start]
H3325 | bet   2,000원 PLAYER | P:A♠ 7♥=8  B:3♣ Q♦=3  PLAYER(W)  | +2,000원 → 169,100원  [end_win]
H3326 | bet   1,000원 BANKER | P:6♥ 7♠ 9♥=2  B:6♦ K♥=6  BANKER(W)  | +950원 → 170,050원
H3327 | bet   1,000원 BANKER | P:5♣ K♥ 3♣=8  B:K♥ 2♥ 7♠=9  BANKER(W)  | +950원 → 171,000원
H3328 | bet   1,000원 BANKER | P:Q♥ K♣ 2♥=2  B:3♦ A♥ 3♠=7  BANKER(W)  | +950원 → 171,950원
H3329 | bet   1,000원 BANKER | P:8♣ 5♦ 10♥=3  B:10♦ 4♥=4  BANKER(W)  | +950원 → 172,900원
H3330 | bet   1,000원 BANKER | P:J♠ 9♥=9  B:K♠ 4♦=4  PLAYER(L)  | -1,000원 → 171,900원  [start]
H3331 | bet   2,000원 PLAYER | P:K♣ 7♣=7  B:7♥ 3♠ 2♦=2  PLAYER(W)  | +2,000원 → 173,900원  [end_win]
H3332 | bet   1,000원 BANKER | P:5♥ 9♣ K♥=4  B:7♣ 7♠=4  TIE(T)  |     0원 → 173,900원
H3333 | bet   1,000원 BANKER | P:A♣ 6♠=7  B:K♠ 7♣=7  TIE(T)  |     0원 → 173,900원
H3334 | bet   1,000원 BANKER | P:7♥ 4♠ 9♠=0  B:A♣ 6♥=7  BANKER(W)  | +950원 → 174,850원
H3335 | bet   1,000원 BANKER | P:3♣ 2♣=5  B:4♦ 4♦=8  BANKER(W)  | +950원 → 175,800원
H3336 | bet   1,000원 BANKER | P:7♠ 9♦=6  B:A♠ A♦ 4♠=6  TIE(T)  |     0원 → 175,800원
H3337 | bet   1,000원 BANKER | P:4♣ 9♣ 5♣=8  B:Q♣ 2♥ K♠=2  PLAYER(L)  | -1,000원 → 174,800원  [start]
H3338 | bet   2,000원 PLAYER | P:10♦ 9♥=9  B:7♦ 7♣=4  PLAYER(W)  | +2,000원 → 176,800원  [end_win]
H3339 | bet   1,000원 BANKER | P:2♣ 10♠ Q♣=2  B:7♦ J♦=7  BANKER(W)  | +950원 → 177,750원
H3340 | bet   1,000원 BANKER | P:10♣ 2♦ J♥=2  B:3♦ 10♠ Q♥=3  BANKER(W)  | +950원 → 178,700원
H3341 | bet   1,000원 BANKER | P:Q♣ 8♣=8  B:8♥ 2♣=0  PLAYER(L)  | -1,000원 → 177,700원  [start]
H3342 | bet   2,000원 PLAYER | P:9♦ 6♠=5  B:K♥ 8♠=8  BANKER(L)  | -2,000원 → 175,700원
H3343 | bet   4,000원 PLAYER | P:4♠ 2♣=6  B:6♠ 3♠=9  BANKER(L)  | -4,000원 → 171,700원
H3344 | bet   8,000원 PLAYER | P:K♦ 10♥ 5♦=5  B:4♣ A♦ 3♥=8  BANKER(L)  | -8,000원 → 163,700원
H3345 | bet  16,000원 PLAYER | P:4♠ 3♦=7  B:9♦ 2♠ 8♥=9  BANKER(L)  | -16,000원 → 147,700원  [end_giveup]
H3346 | bet   1,000원 BANKER | P:Q♥ 4♥ 10♥=4  B:Q♠ 4♣=4  TIE(T)  |     0원 → 147,700원
H3347 | bet   1,000원 BANKER | P:A♠ 9♠=0  B:8♣ J♦=8  BANKER(W)  | +950원 → 148,650원
H3348 | bet   1,000원 BANKER | P:7♣ 6♥ 9♣=2  B:A♥ 6♣=7  BANKER(W)  | +950원 → 149,600원
H3349 | bet   1,000원 BANKER | P:9♠ 8♣=7  B:J♦ 5♠ 8♥=3  PLAYER(L)  | -1,000원 → 148,600원  [start]
H3350 | bet   2,000원 PLAYER | P:10♠ 6♦=6  B:7♣ 9♠=6  TIE(T)  |     0원 → 148,600원
H3351 | bet   2,000원 PLAYER | P:A♥ Q♦ 9♥=0  B:10♣ 2♣ 8♥=0  TIE(T)  |     0원 → 148,600원
H3352 | bet   2,000원 PLAYER | P:5♠ 8♠=3  B:2♥ 7♦=9  BANKER(L)  | -2,000원 → 146,600원
H3353 | bet   4,000원 PLAYER | P:10♥ 10♠ 10♥=0  B:10♠ 7♦=7  BANKER(L)  | -4,000원 → 142,600원
H3354 | bet   8,000원 PLAYER | P:8♥ A♣=9  B:6♣ A♥=7  PLAYER(W)  | +8,000원 → 150,600원  [end_win]
H3355 | bet   1,000원 BANKER | P:7♠ 6♥ 6♥=9  B:A♦ 3♠ 4♦=8  PLAYER(L)  | -1,000원 → 149,600원  [start]
H3356 | bet   2,000원 PLAYER | P:9♥ K♦=9  B:8♠ 2♣=0  PLAYER(W)  | +2,000원 → 151,600원  [end_win]
H3357 | bet   1,000원 BANKER | P:9♣ J♦=9  B:7♥ Q♣=7  PLAYER(L)  | -1,000원 → 150,600원  [start]
H3358 | bet   2,000원 PLAYER | P:6♣ 5♠ 8♠=9  B:10♦ 5♦=5  PLAYER(W)  | +2,000원 → 152,600원  [end_win]
H3359 | bet   1,000원 BANKER | P:K♣ 2♠ 9♠=1  B:A♠ 4♦=5  BANKER(W)  | +950원 → 153,550원
H3360 | bet   1,000원 BANKER | P:4♦ 4♥=8  B:3♦ 8♣=1  PLAYER(L)  | -1,000원 → 152,550원  [start]
H3361 | bet   2,000원 PLAYER | P:4♠ 3♥=7  B:2♣ 9♣ 5♦=6  PLAYER(W)  | +2,000원 → 154,550원  [end_win]
H3362 | bet   1,000원 BANKER | P:3♥ A♥=4  B:8♦ 10♣=8  BANKER(W)  | +950원 → 155,500원
H3363 | bet   1,000원 BANKER | P:Q♦ 6♣=6  B:2♥ A♥ K♦=3  PLAYER(L)  | -1,000원 → 154,500원  [start]
H3364 | bet   2,000원 PLAYER | P:7♠ J♦=7  B:9♣ 3♣ J♥=2  PLAYER(W)  | +2,000원 → 156,500원  [end_win]
H3365 | bet   1,000원 BANKER | P:6♣ 7♣ Q♣=3  B:5♦ Q♥=5  BANKER(W)  | +950원 → 157,450원
H3366 | bet   1,000원 BANKER | P:5♠ 3♦=8  B:2♠ 7♥=9  BANKER(W)  | +950원 → 158,400원
H3367 | bet   1,000원 BANKER | P:K♠ 9♦=9  B:5♥ 5♦=0  PLAYER(L)  | -1,000원 → 157,400원  [start]
H3368 | bet   2,000원 PLAYER | P:6♦ 2♦=8  B:9♥ 4♠=3  PLAYER(W)  | +2,000원 → 159,400원  [end_win]
H3369 | bet   1,000원 BANKER | P:9♥ Q♥=9  B:A♥ 5♥=6  PLAYER(L)  | -1,000원 → 158,400원  [start]
H3370 | bet   2,000원 PLAYER | P:2♣ 3♣ 9♦=4  B:10♣ 10♦ A♣=1  PLAYER(W)  | +2,000원 → 160,400원  [end_win]
H3371 | bet   1,000원 BANKER | P:Q♣ K♥ Q♣=0  B:2♦ 2♠=4  BANKER(W)  | +950원 → 161,350원
H3372 | bet   1,000원 BANKER | P:A♣ 8♥=9  B:Q♠ 3♠=3  PLAYER(L)  | -1,000원 → 160,350원  [start]
H3373 | bet   2,000원 PLAYER | P:J♣ 7♥=7  B:10♠ 4♥ 7♥=1  PLAYER(W)  | +2,000원 → 162,350원  [end_win]
H3374 | bet   1,000원 BANKER | P:A♠ 6♦=7  B:K♣ A♥ 10♣=1  PLAYER(L)  | -1,000원 → 161,350원  [start]
H3375 | bet   2,000원 PLAYER | P:8♥ 2♥ Q♥=0  B:A♥ Q♦ 7♣=8  BANKER(L)  | -2,000원 → 159,350원
H3376 | bet   4,000원 PLAYER | P:4♦ J♣=4  B:9♣ 10♥=9  BANKER(L)  | -4,000원 → 155,350원
H3377 | bet   8,000원 PLAYER | P:4♥ 8♠=2  B:8♥ J♦=8  BANKER(L)  | -8,000원 → 147,350원
H3378 | bet  16,000원 PLAYER | P:A♥ 10♠ 6♥=7  B:8♠ 5♣ K♦=3  PLAYER(W)  | +16,000원 → 163,350원  [end_win]
H3379 | bet   1,000원 BANKER | P:K♦ J♦ 10♥=0  B:K♥ 5♦=5  BANKER(W)  | +950원 → 164,300원
H3380 | bet   1,000원 BANKER | P:10♣ J♣ 3♦=3  B:8♠ 5♥ 5♦=8  BANKER(W)  | +950원 → 165,250원
H3381 | bet   1,000원 BANKER | P:J♠ 7♣=7  B:4♠ K♥ 5♣=9  BANKER(W)  | +950원 → 166,200원
H3382 | bet   1,000원 BANKER | P:8♦ 10♣=8  B:5♣ 9♥=4  PLAYER(L)  | -1,000원 → 165,200원  [start]
H3383 | bet   2,000원 PLAYER | P:9♦ Q♣=9  B:4♣ 7♦=1  PLAYER(W)  | +2,000원 → 167,200원  [end_win]
H3384 | bet   1,000원 BANKER | P:7♦ 9♠=6  B:A♦ 2♠ 6♦=9  BANKER(W)  | +950원 → 168,150원
H3385 | bet   1,000원 BANKER | P:A♣ 7♥=8  B:8♦ 5♣=3  PLAYER(L)  | -1,000원 → 167,150원  [start]
H3386 | bet   2,000원 PLAYER | P:5♦ A♦=6  B:5♠ 2♥=7  BANKER(L)  | -2,000원 → 165,150원
H3387 | bet   4,000원 PLAYER | P:A♠ 10♦=1  B:K♦ 9♠=9  BANKER(L)  | -4,000원 → 161,150원
H3388 | bet   8,000원 PLAYER | P:9♣ 5♦ 6♥=0  B:Q♥ Q♠ 2♠=2  BANKER(L)  | -8,000원 → 153,150원
H3389 | bet  16,000원 PLAYER | P:6♠ 3♥=9  B:3♥ 4♠=7  PLAYER(W)  | +16,000원 → 169,150원  [end_win]
H3390 | bet   1,000원 BANKER | P:A♣ 10♦=1  B:K♠ 8♥=8  BANKER(W)  | +950원 → 170,100원
H3391 | bet   1,000원 BANKER | P:9♠ 6♦ 7♠=2  B:J♠ 10♠ 8♠=8  BANKER(W)  | +950원 → 171,050원
H3392 | bet   1,000원 BANKER | P:2♦ 10♠ 3♠=5  B:K♥ 4♦ Q♦=4  PLAYER(L)  | -1,000원 → 170,050원  [start]
H3393 | bet   2,000원 PLAYER | P:8♣ 5♦=3  B:9♥ 9♦=8  BANKER(L)  | -2,000원 → 168,050원
H3394 | bet   4,000원 PLAYER | P:5♣ 6♣ 9♦=0  B:4♣ Q♥=4  BANKER(L)  | -4,000원 → 164,050원
H3395 | bet   8,000원 PLAYER | P:J♦ 2♥ 4♥=6  B:10♥ 7♠=7  BANKER(L)  | -8,000원 → 156,050원
H3396 | bet  16,000원 PLAYER | P:8♦ 3♥ Q♠=1  B:3♥ 3♠=6  BANKER(L)  | -16,000원 → 140,050원  [end_giveup]
H3397 | bet   1,000원 BANKER | P:5♥ 9♣ 4♠=8  B:Q♣ 4♣ 10♥=4  PLAYER(L)  | -1,000원 → 139,050원  [start]
H3398 | bet   2,000원 PLAYER | P:2♠ K♠ 9♦=1  B:Q♦ A♣ J♥=1  TIE(T)  |     0원 → 139,050원
H3399 | bet   2,000원 PLAYER | P:2♣ A♦=3  B:8♠ 10♥=8  BANKER(L)  | -2,000원 → 137,050원
H3400 | bet   4,000원 PLAYER | P:8♦ K♠=8  B:K♥ 3♠=3  PLAYER(W)  | +4,000원 → 141,050원  [end_win]
H3401 | bet   1,000원 BANKER | P:5♥ 7♣ A♦=3  B:Q♠ 6♣=6  BANKER(W)  | +950원 → 142,000원
H3402 | bet   1,000원 BANKER | P:6♠ Q♦=6  B:5♠ K♣ 9♣=4  PLAYER(L)  | -1,000원 → 141,000원  [start]
H3403 | bet   2,000원 PLAYER | P:K♦ 2♥=2  B:J♠ 8♦=8  BANKER(L)  | -2,000원 → 139,000원
H3404 | bet   4,000원 PLAYER | P:9♣ 9♠=8  B:6♦ 7♦=3  PLAYER(W)  | +4,000원 → 143,000원  [end_win]
H3405 | bet   1,000원 BANKER | P:4♥ A♦ 8♣=3  B:7♥ 6♥=3  TIE(T)  |     0원 → 143,000원
H3406 | bet   1,000원 BANKER | P:J♦ 5♣=5  B:J♠ 8♥=8  BANKER(W)  | +950원 → 143,950원
H3407 | bet   1,000원 BANKER | P:A♠ 3♠ 10♥=4  B:10♣ 2♦ 8♣=0  PLAYER(L)  | -1,000원 → 142,950원  [start]
H3408 | bet   2,000원 PLAYER | P:4♣ 2♦=6  B:J♣ K♦ Q♣=0  PLAYER(W)  | +2,000원 → 144,950원  [end_win]
H3409 | bet   1,000원 BANKER | P:A♥ 9♥ 3♥=3  B:K♣ 5♠=5  BANKER(W)  | +950원 → 145,900원
H3410 | bet   1,000원 BANKER | P:6♥ 6♥=2  B:8♥ A♠=9  BANKER(W)  | +950원 → 146,850원
H3411 | bet   1,000원 BANKER | P:5♥ 8♦ K♥=3  B:8♣ 9♣=7  BANKER(W)  | +950원 → 147,800원
H3412 | bet   1,000원 BANKER | P:5♥ A♣=6  B:K♣ 4♦ J♣=4  PLAYER(L)  | -1,000원 → 146,800원  [start]
H3413 | bet   2,000원 PLAYER | P:3♦ Q♦=3  B:A♥ 8♣=9  BANKER(L)  | -2,000원 → 144,800원
H3414 | bet   4,000원 PLAYER | P:6♦ A♦=7  B:J♠ 10♣ 3♣=3  PLAYER(W)  | +4,000원 → 148,800원  [end_win]
H3415 | bet   1,000원 BANKER | P:7♣ 9♦=6  B:5♣ 3♣=8  BANKER(W)  | +950원 → 149,750원
H3416 | bet   1,000원 BANKER | P:6♦ 6♥ 4♥=6  B:J♠ 7♦=7  BANKER(W)  | +950원 → 150,700원
H3417 | bet   1,000원 BANKER | P:A♠ 5♠=6  B:7♥ J♦=7  BANKER(W)  | +950원 → 151,650원
H3418 | bet   1,000원 BANKER | P:8♥ 6♠ 6♣=0  B:9♠ 6♣ 4♥=9  BANKER(W)  | +950원 → 152,600원
H3419 | bet   1,000원 BANKER | P:7♠ J♥=7  B:J♦ A♣ J♠=1  PLAYER(L)  | -1,000원 → 151,600원  [start]
H3420 | bet   2,000원 PLAYER | P:4♦ 7♠ 10♠=1  B:7♣ 10♥=7  BANKER(L)  | -2,000원 → 149,600원
H3421 | bet   4,000원 PLAYER | P:Q♠ 2♠ 9♠=1  B:3♠ Q♣ 3♣=6  BANKER(L)  | -4,000원 → 145,600원
H3422 | bet   8,000원 PLAYER | P:3♥ K♠ K♥=3  B:10♥ J♥ A♦=1  PLAYER(W)  | +8,000원 → 153,600원  [end_win]
H3423 | bet   1,000원 BANKER | P:4♥ 4♦=8  B:2♣ 5♠=7  PLAYER(L)  | -1,000원 → 152,600원  [start]
H3424 | bet   2,000원 PLAYER | P:4♠ 8♠ 8♠=0  B:10♦ 7♠=7  BANKER(L)  | -2,000원 → 150,600원
H3425 | bet   4,000원 PLAYER | P:3♣ 2♦ A♥=6  B:9♥ 6♥=5  PLAYER(W)  | +4,000원 → 154,600원  [end_win]
H3426 | bet   1,000원 BANKER | P:9♦ 6♠ K♠=5  B:6♠ 6♣ 4♦=6  BANKER(W)  | +950원 → 155,550원
H3427 | bet   1,000원 BANKER | P:8♠ 4♣ 10♦=2  B:K♠ A♣ 7♥=8  BANKER(W)  | +950원 → 156,500원
H3428 | bet   1,000원 BANKER | P:3♦ 8♦ 2♥=3  B:9♥ 7♦=6  BANKER(W)  | +950원 → 157,450원
H3429 | bet   1,000원 BANKER | P:3♦ 5♠=8  B:J♣ A♦=1  PLAYER(L)  | -1,000원 → 156,450원  [start]
H3430 | bet   2,000원 PLAYER | P:K♦ Q♠ 5♠=5  B:6♣ K♥=6  BANKER(L)  | -2,000원 → 154,450원
H3431 | bet   4,000원 PLAYER | P:3♥ J♥ 3♦=6  B:10♠ K♦ 8♥=8  BANKER(L)  | -4,000원 → 150,450원
H3432 | bet   8,000원 PLAYER | P:2♠ 2♠ 10♠=4  B:Q♦ Q♣ K♠=0  PLAYER(W)  | +8,000원 → 158,450원  [end_win]
H3433 | bet   1,000원 BANKER | P:6♦ 9♠ Q♠=5  B:Q♥ 7♥=7  BANKER(W)  | +950원 → 159,400원
H3434 | bet   1,000원 BANKER | P:Q♦ 7♠=7  B:7♣ 7♠ 7♦=1  PLAYER(L)  | -1,000원 → 158,400원  [start]
H3435 | bet   2,000원 PLAYER | P:4♦ 2♣=6  B:4♦ 2♣=6  TIE(T)  |     0원 → 158,400원
H3436 | bet   2,000원 PLAYER | P:7♦ A♠=8  B:10♣ 7♦=7  PLAYER(W)  | +2,000원 → 160,400원  [end_win]
H3437 | bet   1,000원 BANKER | P:2♣ 6♣=8  B:3♣ K♣=3  PLAYER(L)  | -1,000원 → 159,400원  [start]
H3438 | bet   2,000원 PLAYER | P:8♣ K♣=8  B:A♠ Q♥=1  PLAYER(W)  | +2,000원 → 161,400원  [end_win]
H3439 | bet   1,000원 BANKER | P:9♠ J♠=9  B:9♥ 2♦=1  PLAYER(L)  | -1,000원 → 160,400원  [start]
H3440 | bet   2,000원 PLAYER | P:3♦ 4♠=7  B:10♦ 4♠ A♥=5  PLAYER(W)  | +2,000원 → 162,400원  [end_win]
H3441 | bet   1,000원 BANKER | P:K♦ Q♦ 5♥=5  B:J♥ J♣ 6♥=6  BANKER(W)  | +950원 → 163,350원
H3442 | bet   1,000원 BANKER | P:4♣ 10♠=4  B:Q♠ 8♣=8  BANKER(W)  | +950원 → 164,300원
H3443 | bet   1,000원 BANKER | P:2♥ 6♠=8  B:4♠ 2♥=6  PLAYER(L)  | -1,000원 → 163,300원  [start]
H3444 | bet   2,000원 PLAYER | P:3♥ 8♣ 9♣=0  B:7♣ K♣=7  BANKER(L)  | -2,000원 → 161,300원
H3445 | bet   4,000원 PLAYER | P:3♦ 2♦ 6♠=1  B:3♠ J♣ Q♥=3  BANKER(L)  | -4,000원 → 157,300원
H3446 | bet   8,000원 PLAYER | P:2♥ 3♠ 3♣=8  B:10♣ 2♣ J♥=2  PLAYER(W)  | +8,000원 → 165,300원  [end_win]
H3447 | bet   1,000원 BANKER | P:K♣ K♦ A♦=1  B:5♦ 2♣=7  BANKER(W)  | +950원 → 166,250원
H3448 | bet   1,000원 BANKER | P:9♠ 6♦ 6♣=1  B:5♣ K♦ 3♥=8  BANKER(W)  | +950원 → 167,200원
H3449 | bet   1,000원 BANKER | P:3♣ 3♦=6  B:10♠ K♠ 8♣=8  BANKER(W)  | +950원 → 168,150원
H3450 | bet   1,000원 BANKER | P:6♣ 9♣ 9♥=4  B:7♦ 10♣=7  BANKER(W)  | +950원 → 169,100원
H3451 | bet   1,000원 BANKER | P:3♥ K♥ 3♣=6  B:6♣ 4♠ A♦=1  PLAYER(L)  | -1,000원 → 168,100원  [start]
H3452 | bet   2,000원 PLAYER | P:4♠ 3♣=7  B:3♥ 7♦ 8♦=8  BANKER(L)  | -2,000원 → 166,100원
H3453 | bet   4,000원 PLAYER | P:3♦ 8♥ 10♠=1  B:Q♠ A♦ 10♣=1  TIE(T)  |     0원 → 166,100원
H3454 | bet   4,000원 PLAYER | P:J♥ 9♦=9  B:8♣ K♦=8  PLAYER(W)  | +4,000원 → 170,100원  [end_win]
H3455 | bet   1,000원 BANKER | P:3♣ 3♠=6  B:Q♦ 8♥=8  BANKER(W)  | +950원 → 171,050원
H3456 | bet   1,000원 BANKER | P:Q♠ 5♥ 7♠=2  B:3♦ 10♣ 2♦=5  BANKER(W)  | +950원 → 172,000원
H3457 | bet   1,000원 BANKER | P:3♦ 4♠=7  B:4♥ A♥ Q♥=5  PLAYER(L)  | -1,000원 → 171,000원  [start]
H3458 | bet   2,000원 PLAYER | P:J♣ 8♣=8  B:J♦ 4♥=4  PLAYER(W)  | +2,000원 → 173,000원  [end_win]
H3459 | bet   1,000원 BANKER | P:7♠ 2♠=9  B:6♦ J♥=6  PLAYER(L)  | -1,000원 → 172,000원  [start]
H3460 | bet   2,000원 PLAYER | P:J♣ 8♦=8  B:6♠ A♥=7  PLAYER(W)  | +2,000원 → 174,000원  [end_win]
H3461 | bet   1,000원 BANKER | P:7♥ A♠=8  B:4♥ 3♣=7  PLAYER(L)  | -1,000원 → 173,000원  [start]
H3462 | bet   2,000원 PLAYER | P:K♠ J♠ 10♣=0  B:4♦ 7♥ 4♣=5  BANKER(L)  | -2,000원 → 171,000원
H3463 | bet   4,000원 PLAYER | P:3♠ J♠ 8♦=1  B:J♠ J♥ 4♦=4  BANKER(L)  | -4,000원 → 167,000원
H3464 | bet   8,000원 PLAYER | P:7♣ A♠=8  B:2♥ 3♠=5  PLAYER(W)  | +8,000원 → 175,000원  [end_win]
H3465 | bet   1,000원 BANKER | P:6♦ 10♦=6  B:3♣ 9♥ 2♥=4  PLAYER(L)  | -1,000원 → 174,000원  [start]
H3466 | bet   2,000원 PLAYER | P:10♥ 6♣=6  B:9♠ 8♠=7  BANKER(L)  | -2,000원 → 172,000원
H3467 | bet   4,000원 PLAYER | P:6♥ Q♠=6  B:Q♦ 9♠=9  BANKER(L)  | -4,000원 → 168,000원
H3468 | bet   8,000원 PLAYER | P:7♥ K♦=7  B:K♣ 6♥=6  PLAYER(W)  | +8,000원 → 176,000원  [end_win]
H3469 | bet   1,000원 BANKER | P:10♠ Q♥ J♠=0  B:K♥ 7♣=7  BANKER(W)  | +950원 → 176,950원
H3470 | bet   1,000원 BANKER | P:A♥ 10♣ 9♦=0  B:K♣ 5♦=5  BANKER(W)  | +950원 → 177,900원
H3471 | bet   1,000원 BANKER | P:J♥ 3♠ 10♥=3  B:3♦ A♣=4  BANKER(W)  | +950원 → 178,850원
H3472 | bet   1,000원 BANKER | P:4♥ J♣=4  B:6♠ 2♠=8  BANKER(W)  | +950원 → 179,800원
H3473 | bet   1,000원 BANKER | P:5♣ 10♣ 9♥=4  B:10♠ K♦ 10♠=0  PLAYER(L)  | -1,000원 → 178,800원  [start]
H3474 | bet   2,000원 PLAYER | P:5♥ J♣ 9♥=4  B:4♣ A♦=5  BANKER(L)  | -2,000원 → 176,800원
H3475 | bet   4,000원 PLAYER | P:A♣ Q♦ 7♣=8  B:2♥ 2♠ Q♠=4  PLAYER(W)  | +4,000원 → 180,800원  [end_win]
H3476 | bet   1,000원 BANKER | P:8♣ 4♥ 5♠=7  B:4♠ 8♦ 2♥=4  PLAYER(L)  | -1,000원 → 179,800원  [start]
H3477 | bet   2,000원 PLAYER | P:9♣ 7♥=6  B:5♠ 8♠ 2♣=5  PLAYER(W)  | +2,000원 → 181,800원  [end_win]
H3478 | bet   1,000원 BANKER | P:K♠ 2♦ 2♣=4  B:6♥ A♦=7  BANKER(W)  | +950원 → 182,750원
H3479 | bet   1,000원 BANKER | P:9♣ 10♣=9  B:A♥ 7♥=8  PLAYER(L)  | -1,000원 → 181,750원  [start]
H3480 | bet   2,000원 PLAYER | P:7♥ 8♦ 7♠=2  B:6♠ 10♠ 7♠=3  BANKER(L)  | -2,000원 → 179,750원
H3481 | bet   4,000원 PLAYER | P:Q♥ 8♥=8  B:K♣ 8♦=8  TIE(T)  |     0원 → 179,750원
H3482 | bet   4,000원 PLAYER | P:A♥ K♠ Q♦=1  B:K♠ Q♥ 2♣=2  BANKER(L)  | -4,000원 → 175,750원
H3483 | bet   8,000원 PLAYER | P:7♦ A♦=8  B:4♠ 5♠=9  BANKER(L)  | -8,000원 → 167,750원
H3484 | bet  16,000원 PLAYER | P:5♥ A♥=6  B:4♣ 6♦ J♣=0  PLAYER(W)  | +16,000원 → 183,750원  [end_win]
H3485 | bet   1,000원 BANKER | P:J♥ 7♦=7  B:Q♠ 4♣ 8♠=2  PLAYER(L)  | -1,000원 → 182,750원  [start]
H3486 | bet   2,000원 PLAYER | P:4♦ Q♣ Q♠=4  B:4♦ Q♦=4  TIE(T)  |     0원 → 182,750원
H3487 | bet   2,000원 PLAYER | P:5♦ J♦ 6♣=1  B:3♥ 7♣ 3♠=3  BANKER(L)  | -2,000원 → 180,750원
H3488 | bet   4,000원 PLAYER | P:5♥ 9♦ 9♠=3  B:2♥ 5♦=7  BANKER(L)  | -4,000원 → 176,750원
H3489 | bet   8,000원 PLAYER | P:9♦ J♠=9  B:8♠ Q♦=8  PLAYER(W)  | +8,000원 → 184,750원  [end_win]
H3490 | bet   1,000원 BANKER | P:10♦ 4♥ J♦=4  B:J♣ 6♥=6  BANKER(W)  | +950원 → 185,700원
H3491 | bet   1,000원 BANKER | P:J♦ Q♣ 7♠=7  B:J♠ K♥ 5♠=5  PLAYER(L)  | -1,000원 → 184,700원  [start]
H3492 | bet   2,000원 PLAYER | P:A♣ 6♥=7  B:9♦ Q♣=9  BANKER(L)  | -2,000원 → 182,700원
H3493 | bet   4,000원 PLAYER | P:3♦ Q♣ 2♦=5  B:9♣ 3♦ 8♣=0  PLAYER(W)  | +4,000원 → 186,700원  [end_win]
H3494 | bet   1,000원 BANKER | P:5♦ 2♦=7  B:2♥ 4♠=6  PLAYER(L)  | -1,000원 → 185,700원  [start]
H3495 | bet   2,000원 PLAYER | P:7♠ Q♥=7  B:2♠ 2♠ 5♦=9  BANKER(L)  | -2,000원 → 183,700원
H3496 | bet   4,000원 PLAYER | P:5♦ 4♦=9  B:2♦ 2♥=4  PLAYER(W)  | +4,000원 → 187,700원  [end_win]
H3497 | bet   1,000원 BANKER | P:9♠ 10♥=9  B:2♠ 7♠=9  TIE(T)  |     0원 → 187,700원
H3498 | bet   1,000원 BANKER | P:K♦ 10♥ 6♣=6  B:4♥ J♦ Q♠=4  PLAYER(L)  | -1,000원 → 186,700원  [start]
H3499 | bet   2,000원 PLAYER | P:J♥ 9♦=9  B:A♠ J♣=1  PLAYER(W)  | +2,000원 → 188,700원  [end_win]
H3500 | bet   1,000원 BANKER | P:7♥ A♣=8  B:K♥ 8♦=8  TIE(T)  |     0원 → 188,700원
H3501 | bet   1,000원 BANKER | P:2♦ J♣ 8♣=0  B:A♥ K♣ A♠=2  BANKER(W)  | +950원 → 189,650원
H3502 | bet   1,000원 BANKER | P:10♦ K♣ 3♠=3  B:2♦ A♦ 10♦=3  TIE(T)  |     0원 → 189,650원
H3503 | bet   1,000원 BANKER | P:J♦ 3♥ A♠=4  B:4♥ Q♠=4  TIE(T)  |     0원 → 189,650원
H3504 | bet   1,000원 BANKER | P:5♣ 8♥=3  B:9♣ 10♥=9  BANKER(W)  | +950원 → 190,600원
H3505 | bet   1,000원 BANKER | P:K♠ 2♣ A♣=3  B:6♠ 6♠ 3♣=5  BANKER(W)  | +950원 → 191,550원
H3506 | bet   1,000원 BANKER | P:A♣ 5♣=6  B:3♠ 9♣ 2♠=4  PLAYER(L)  | -1,000원 → 190,550원  [start]
H3507 | bet   2,000원 PLAYER | P:9♣ J♠=9  B:Q♣ 10♥=0  PLAYER(W)  | +2,000원 → 192,550원  [end_win]
H3508 | bet   1,000원 BANKER | P:Q♦ 2♥ A♥=3  B:3♦ 9♠ 5♥=7  BANKER(W)  | +950원 → 193,500원
H3509 | bet   1,000원 BANKER | P:10♦ 5♣=5  B:8♥ K♥=8  BANKER(W)  | +950원 → 194,450원
H3510 | bet   1,000원 BANKER | P:8♠ 7♣ Q♥=5  B:6♠ 4♣ J♦=0  PLAYER(L)  | -1,000원 → 193,450원  [start]
H3511 | bet   2,000원 PLAYER | P:Q♥ 4♣=4  B:4♠ 4♠=8  BANKER(L)  | -2,000원 → 191,450원
H3512 | bet   4,000원 PLAYER | P:Q♥ 5♣=5  B:6♥ 3♥=9  BANKER(L)  | -4,000원 → 187,450원
H3513 | bet   8,000원 PLAYER | P:9♥ 8♠=7  B:K♥ 8♥=8  BANKER(L)  | -8,000원 → 179,450원
H3514 | bet  16,000원 PLAYER | P:6♣ 3♣=9  B:6♦ 9♦=5  PLAYER(W)  | +16,000원 → 195,450원  [end_win]
H3515 | bet   1,000원 BANKER | P:J♠ 6♦=6  B:5♣ 8♠ 7♦=0  PLAYER(L)  | -1,000원 → 194,450원  [start]
H3516 | bet   2,000원 PLAYER | P:8♦ 7♦=5  B:9♠ 10♦=9  BANKER(L)  | -2,000원 → 192,450원
H3517 | bet   4,000원 PLAYER | P:9♥ 3♥ K♥=2  B:5♠ 10♠=5  BANKER(L)  | -4,000원 → 188,450원
H3518 | bet   8,000원 PLAYER | P:6♥ A♣=7  B:8♠ 10♦=8  BANKER(L)  | -8,000원 → 180,450원
H3519 | bet  16,000원 PLAYER | P:Q♣ K♠ 2♠=2  B:K♥ 6♥=6  BANKER(L)  | -16,000원 → 164,450원  [end_giveup]
H3520 | bet   1,000원 BANKER | P:7♦ 9♥=6  B:J♥ 9♥=9  BANKER(W)  | +950원 → 165,400원
H3521 | bet   1,000원 BANKER | P:7♣ 7♣ A♠=5  B:10♥ 5♥=5  TIE(T)  |     0원 → 165,400원
H3522 | bet   1,000원 BANKER | P:Q♦ 9♠=9  B:8♥ 5♦=3  PLAYER(L)  | -1,000원 → 164,400원  [start]
H3523 | bet   2,000원 PLAYER | P:Q♣ 2♣=2  B:7♣ 2♣=9  BANKER(L)  | -2,000원 → 162,400원
H3524 | bet   4,000원 PLAYER | P:5♥ 7♥ 2♣=4  B:6♠ K♠=6  BANKER(L)  | -4,000원 → 158,400원
H3525 | bet   8,000원 PLAYER | P:10♦ A♠ 6♦=7  B:5♠ 9♣ 8♣=2  PLAYER(W)  | +8,000원 → 166,400원  [end_win]
H3526 | bet   1,000원 BANKER | P:10♥ 10♣=0  B:5♣ 4♦=9  BANKER(W)  | +950원 → 167,350원
H3527 | bet   1,000원 BANKER | P:J♥ 4♦ 6♠=0  B:K♣ K♦ 8♣=8  BANKER(W)  | +950원 → 168,300원
H3528 | bet   1,000원 BANKER | P:A♣ 6♦=7  B:5♠ Q♣ 6♣=1  PLAYER(L)  | -1,000원 → 167,300원  [start]
H3529 | bet   2,000원 PLAYER | P:K♣ 7♦=7  B:5♥ 4♦=9  BANKER(L)  | -2,000원 → 165,300원
H3530 | bet   4,000원 PLAYER | P:K♥ 4♠=4  B:5♦ 3♣=8  BANKER(L)  | -4,000원 → 161,300원
H3531 | bet   8,000원 PLAYER | P:Q♣ A♠ 4♦=5  B:8♣ 3♣ A♠=2  PLAYER(W)  | +8,000원 → 169,300원  [end_win]
H3532 | bet   1,000원 BANKER | P:K♠ 2♠ 6♥=8  B:A♥ Q♣ 8♣=9  BANKER(W)  | +950원 → 170,250원
H3533 | bet   1,000원 BANKER | P:5♦ 2♠=7  B:3♥ 7♠ 6♣=6  PLAYER(L)  | -1,000원 → 169,250원  [start]
H3534 | bet   2,000원 PLAYER | P:2♣ 6♣=8  B:2♣ 6♠=8  TIE(T)  |     0원 → 169,250원
H3535 | bet   2,000원 PLAYER | P:K♥ 10♥ 4♠=4  B:9♠ 5♦ 7♦=1  PLAYER(W)  | +2,000원 → 171,250원  [end_win]
H3536 | bet   1,000원 BANKER | P:8♣ 6♦=4  B:Q♦ 9♥=9  BANKER(W)  | +950원 → 172,200원
H3537 | bet   1,000원 BANKER | P:8♦ A♣=9  B:5♠ 4♦=9  TIE(T)  |     0원 → 172,200원
H3538 | bet   1,000원 BANKER | P:9♣ 6♣ 8♣=3  B:J♣ 4♥=4  BANKER(W)  | +950원 → 173,150원
H3539 | bet   1,000원 BANKER | P:J♥ 9♣=9  B:5♠ Q♠=5  PLAYER(L)  | -1,000원 → 172,150원  [start]
H3540 | bet   2,000원 PLAYER | P:A♦ A♦=2  B:6♦ 3♠=9  BANKER(L)  | -2,000원 → 170,150원
H3541 | bet   4,000원 PLAYER | P:10♣ J♣ 9♠=9  B:Q♥ Q♠ 4♠=4  PLAYER(W)  | +4,000원 → 174,150원  [end_win]
H3542 | bet   1,000원 BANKER | P:3♥ 8♦=1  B:9♠ J♥=9  BANKER(W)  | +950원 → 175,100원
H3543 | bet   1,000원 BANKER | P:J♦ 5♣ K♦=5  B:8♥ 8♣=6  BANKER(W)  | +950원 → 176,050원
H3544 | bet   1,000원 BANKER | P:7♣ 3♠ 7♥=7  B:K♦ 10♣ 7♠=7  TIE(T)  |     0원 → 176,050원
H3545 | bet   1,000원 BANKER | P:9♦ 7♠=6  B:6♦ 5♦ 6♥=7  BANKER(W)  | +950원 → 177,000원
H3546 | bet   1,000원 BANKER | P:Q♥ 3♣ 5♥=8  B:10♠ 2♥ A♥=3  PLAYER(L)  | -1,000원 → 176,000원  [start]
H3547 | bet   2,000원 PLAYER | P:J♥ 7♠=7  B:2♥ Q♣ 3♣=5  PLAYER(W)  | +2,000원 → 178,000원  [end_win]
H3548 | bet   1,000원 BANKER | P:9♦ A♦ A♠=1  B:7♥ K♠=7  BANKER(W)  | +950원 → 178,950원
H3549 | bet   1,000원 BANKER | P:K♣ 3♣ 3♦=6  B:4♠ 2♠=6  TIE(T)  |     0원 → 178,950원
H3550 | bet   1,000원 BANKER | P:6♣ A♠=7  B:4♠ J♥ 6♠=0  PLAYER(L)  | -1,000원 → 177,950원  [start]
H3551 | bet   2,000원 PLAYER | P:9♦ 6♦ 10♥=5  B:10♠ Q♦ 3♠=3  PLAYER(W)  | +2,000원 → 179,950원  [end_win]
H3552 | bet   1,000원 BANKER | P:2♠ Q♠ 6♥=8  B:7♣ 3♦ 5♠=5  PLAYER(L)  | -1,000원 → 178,950원  [start]
H3553 | bet   2,000원 PLAYER | P:2♦ 9♥ 8♣=9  B:2♥ 5♠=7  PLAYER(W)  | +2,000원 → 180,950원  [end_win]
H3554 | bet   1,000원 BANKER | P:2♣ 5♣=7  B:2♣ 3♠ 10♠=5  PLAYER(L)  | -1,000원 → 179,950원  [start]
H3555 | bet   2,000원 PLAYER | P:2♦ J♠ 4♣=6  B:8♥ 7♥ 8♦=3  PLAYER(W)  | +2,000원 → 181,950원  [end_win]
H3556 | bet   1,000원 BANKER | P:3♦ K♣ 4♥=7  B:A♥ 10♥ A♠=2  PLAYER(L)  | -1,000원 → 180,950원  [start]
H3557 | bet   2,000원 PLAYER | P:7♣ J♦=7  B:K♥ 6♦=6  PLAYER(W)  | +2,000원 → 182,950원  [end_win]
H3558 | bet   1,000원 BANKER | P:K♥ 9♥=9  B:J♣ A♣=1  PLAYER(L)  | -1,000원 → 181,950원  [start]
H3559 | bet   2,000원 PLAYER | P:2♥ 7♦=9  B:K♠ J♦=0  PLAYER(W)  | +2,000원 → 183,950원  [end_win]
H3560 | bet   1,000원 BANKER | P:10♠ J♥ 2♠=2  B:4♦ 8♦ K♦=2  TIE(T)  |     0원 → 183,950원
H3561 | bet   1,000원 BANKER | P:9♦ 7♥=6  B:4♦ K♦ 2♦=6  TIE(T)  |     0원 → 183,950원
H3562 | bet   1,000원 BANKER | P:10♥ 6♠=6  B:10♣ 8♠=8  BANKER(W)  | +950원 → 184,900원
H3563 | bet   1,000원 BANKER | P:6♦ K♠=6  B:5♠ 7♦ A♥=3  PLAYER(L)  | -1,000원 → 183,900원  [start]
H3564 | bet   2,000원 PLAYER | P:5♣ 9♣ 10♥=4  B:K♣ 3♥ 3♦=6  BANKER(L)  | -2,000원 → 181,900원
H3565 | bet   4,000원 PLAYER | P:2♥ 10♦ K♥=2  B:Q♦ 10♣ 8♥=8  BANKER(L)  | -4,000원 → 177,900원
H3566 | bet   8,000원 PLAYER | P:6♣ K♣=6  B:K♦ 4♦ 9♦=3  PLAYER(W)  | +8,000원 → 185,900원  [end_win]
H3567 | bet   1,000원 BANKER | P:2♥ 6♥=8  B:A♥ J♥=1  PLAYER(L)  | -1,000원 → 184,900원  [start]
H3568 | bet   2,000원 PLAYER | P:10♦ J♠ 8♠=8  B:K♦ 4♣=4  PLAYER(W)  | +2,000원 → 186,900원  [end_win]
H3569 | bet   1,000원 BANKER | P:A♠ 2♥=3  B:8♠ Q♠=8  BANKER(W)  | +950원 → 187,850원
H3570 | bet   1,000원 BANKER | P:8♦ Q♥=8  B:5♣ 5♣=0  PLAYER(L)  | -1,000원 → 186,850원  [start]
H3571 | bet   2,000원 PLAYER | P:6♥ 6♠=2  B:5♠ 4♠=9  BANKER(L)  | -2,000원 → 184,850원
H3572 | bet   4,000원 PLAYER | P:8♥ 8♥=6  B:7♦ 2♦=9  BANKER(L)  | -4,000원 → 180,850원
H3573 | bet   8,000원 PLAYER | P:8♥ A♠=9  B:7♣ 3♥=0  PLAYER(W)  | +8,000원 → 188,850원  [end_win]
H3574 | bet   1,000원 BANKER | P:8♠ 7♣ 4♥=9  B:4♣ Q♥ 3♥=7  PLAYER(L)  | -1,000원 → 187,850원  [start]
H3575 | bet   2,000원 PLAYER | P:5♥ 8♦ J♠=3  B:7♠ 9♠=6  BANKER(L)  | -2,000원 → 185,850원
H3576 | bet   4,000원 PLAYER | P:A♣ A♦ J♣=2  B:4♥ Q♠=4  BANKER(L)  | -4,000원 → 181,850원
H3577 | bet   8,000원 PLAYER | P:3♦ J♦ 7♦=0  B:J♥ 5♥ Q♣=5  BANKER(L)  | -8,000원 → 173,850원
H3578 | bet  16,000원 PLAYER | P:5♥ 7♣ K♥=2  B:10♦ J♠ 10♣=0  PLAYER(W)  | +16,000원 → 189,850원  [end_win]
H3579 | bet   1,000원 BANKER | P:Q♦ Q♥ 3♠=3  B:6♠ 5♦ 3♦=4  BANKER(W)  | +950원 → 190,800원
H3580 | bet   1,000원 BANKER | P:A♥ Q♦ K♠=1  B:4♣ Q♣=4  BANKER(W)  | +950원 → 191,750원
H3581 | bet   1,000원 BANKER | P:9♥ K♠=9  B:J♦ 10♥=0  PLAYER(L)  | -1,000원 → 190,750원  [start]
H3582 | bet   2,000원 PLAYER | P:9♣ 9♥=8  B:10♥ 9♥=9  BANKER(L)  | -2,000원 → 188,750원
H3583 | bet   4,000원 PLAYER | P:5♦ 8♥=3  B:K♣ 8♦=8  BANKER(L)  | -4,000원 → 184,750원
H3584 | bet   8,000원 PLAYER | P:10♦ 10♦ J♠=0  B:9♣ 6♣=5  BANKER(L)  | -8,000원 → 176,750원
H3585 | bet  16,000원 PLAYER | P:K♣ Q♥ 5♥=5  B:7♠ 4♣ J♥=1  PLAYER(W)  | +16,000원 → 192,750원  [end_win]
H3586 | bet   1,000원 BANKER | P:Q♥ Q♠=0  B:2♠ 6♦=8  BANKER(W)  | +950원 → 193,700원
H3587 | bet   1,000원 BANKER | P:2♦ K♥ 5♠=7  B:5♦ A♦=6  PLAYER(L)  | -1,000원 → 192,700원  [start]
H3588 | bet   2,000원 PLAYER | P:9♥ J♣=9  B:4♣ Q♦=4  PLAYER(W)  | +2,000원 → 194,700원  [end_win]
H3589 | bet   1,000원 BANKER | P:8♠ 3♦ 2♣=3  B:5♥ 5♥ Q♠=0  PLAYER(L)  | -1,000원 → 193,700원  [start]
H3590 | bet   2,000원 PLAYER | P:4♥ 7♣ 8♥=9  B:J♦ 10♠ 2♣=2  PLAYER(W)  | +2,000원 → 195,700원  [end_win]
H3591 | bet   1,000원 BANKER | P:6♠ 9♦ 6♥=1  B:Q♦ A♦ 9♠=0  PLAYER(L)  | -1,000원 → 194,700원  [start]
H3592 | bet   2,000원 PLAYER | P:9♠ 7♠=6  B:K♦ 9♣=9  BANKER(L)  | -2,000원 → 192,700원
H3593 | bet   4,000원 PLAYER | P:5♥ 6♣ 3♦=4  B:4♠ 10♣ J♠=4  TIE(T)  |     0원 → 192,700원
H3594 | bet   4,000원 PLAYER | P:3♠ 2♠=5  B:6♦ 2♥=8  BANKER(L)  | -4,000원 → 188,700원
H3595 | bet   8,000원 PLAYER | P:Q♠ J♦ 10♠=0  B:8♠ 4♦ 3♠=5  BANKER(L)  | -8,000원 → 180,700원
H3596 | bet  16,000원 PLAYER | P:6♠ 7♦=3  B:10♦ 9♥=9  BANKER(L)  | -16,000원 → 164,700원  [end_giveup]
H3597 | bet   1,000원 BANKER | P:9♦ 4♥ 10♦=3  B:6♥ 7♦ 7♥=0  PLAYER(L)  | -1,000원 → 163,700원  [start]
H3598 | bet   2,000원 PLAYER | P:A♣ 8♦=9  B:7♠ Q♥=7  PLAYER(W)  | +2,000원 → 165,700원  [end_win]
H3599 | bet   1,000원 BANKER | P:3♥ 3♣=6  B:J♣ 5♠ A♣=6  TIE(T)  |     0원 → 165,700원
H3600 | bet   1,000원 BANKER | P:K♦ 2♦ 10♦=2  B:4♠ 8♣ 4♣=6  BANKER(W)  | +950원 → 166,650원
H3601 | bet   1,000원 BANKER | P:Q♣ A♥ 8♣=9  B:Q♣ 4♦=4  PLAYER(L)  | -1,000원 → 165,650원  [start]
H3602 | bet   2,000원 PLAYER | P:6♠ 7♥ 4♦=7  B:10♠ 4♣ A♦=5  PLAYER(W)  | +2,000원 → 167,650원  [end_win]
H3603 | bet   1,000원 BANKER | P:Q♦ 10♠=0  B:J♣ 9♠=9  BANKER(W)  | +950원 → 168,600원
H3604 | bet   1,000원 BANKER | P:7♣ 3♣ 5♣=5  B:10♥ A♣ 9♣=0  PLAYER(L)  | -1,000원 → 167,600원  [start]
H3605 | bet   2,000원 PLAYER | P:3♣ J♦ 4♥=7  B:5♣ 10♣ 7♥=2  PLAYER(W)  | +2,000원 → 169,600원  [end_win]
H3606 | bet   1,000원 BANKER | P:2♣ K♠ 3♠=5  B:K♥ 2♣ 9♠=1  PLAYER(L)  | -1,000원 → 168,600원  [start]
H3607 | bet   2,000원 PLAYER | P:4♥ 5♣=9  B:7♦ A♥=8  PLAYER(W)  | +2,000원 → 170,600원  [end_win]
H3608 | bet   1,000원 BANKER | P:6♥ K♣=6  B:2♠ J♣ K♠=2  PLAYER(L)  | -1,000원 → 169,600원  [start]
H3609 | bet   2,000원 PLAYER | P:9♦ Q♣=9  B:2♦ 10♣=2  PLAYER(W)  | +2,000원 → 171,600원  [end_win]
H3610 | bet   1,000원 BANKER | P:2♦ K♣ A♠=3  B:6♣ 7♥ J♠=3  TIE(T)  |     0원 → 171,600원
H3611 | bet   1,000원 BANKER | P:8♦ Q♦=8  B:6♣ 10♥=6  PLAYER(L)  | -1,000원 → 170,600원  [start]
H3612 | bet   2,000원 PLAYER | P:2♣ 8♦ K♠=0  B:J♦ Q♥ 9♥=9  BANKER(L)  | -2,000원 → 168,600원
H3613 | bet   4,000원 PLAYER | P:3♠ 5♣=8  B:5♠ Q♦=5  PLAYER(W)  | +4,000원 → 172,600원  [end_win]
H3614 | bet   1,000원 BANKER | P:K♣ 4♦ 8♦=2  B:10♥ 10♦ J♣=0  PLAYER(L)  | -1,000원 → 171,600원  [start]
H3615 | bet   2,000원 PLAYER | P:8♥ 4♦ 2♠=4  B:8♣ 4♣ 8♣=0  PLAYER(W)  | +2,000원 → 173,600원  [end_win]
H3616 | bet   1,000원 BANKER | P:2♦ 4♥=6  B:7♦ 7♦ 9♠=3  PLAYER(L)  | -1,000원 → 172,600원  [start]
H3617 | bet   2,000원 PLAYER | P:K♦ 9♥=9  B:3♥ 6♦=9  TIE(T)  |     0원 → 172,600원
H3618 | bet   2,000원 PLAYER | P:9♥ 4♠ 5♠=8  B:10♦ 5♥ 7♦=2  PLAYER(W)  | +2,000원 → 174,600원  [end_win]
H3619 | bet   1,000원 BANKER | P:6♥ A♠=7  B:J♠ K♦ K♦=0  PLAYER(L)  | -1,000원 → 173,600원  [start]
H3620 | bet   2,000원 PLAYER | P:6♠ 4♦ K♦=0  B:3♦ J♥ Q♥=3  BANKER(L)  | -2,000원 → 171,600원
H3621 | bet   4,000원 PLAYER | P:7♠ 10♣=7  B:K♣ 2♥ K♣=2  PLAYER(W)  | +4,000원 → 175,600원  [end_win]
H3622 | bet   1,000원 BANKER | P:5♦ 2♦=7  B:7♥ 5♣ Q♣=2  PLAYER(L)  | -1,000원 → 174,600원  [start]
H3623 | bet   2,000원 PLAYER | P:3♦ J♠ 8♦=1  B:2♦ 2♠=4  BANKER(L)  | -2,000원 → 172,600원
H3624 | bet   4,000원 PLAYER | P:6♦ 6♠=2  B:2♥ 7♥=9  BANKER(L)  | -4,000원 → 168,600원
H3625 | bet   8,000원 PLAYER | P:J♠ 8♦=8  B:2♥ A♦=3  PLAYER(W)  | +8,000원 → 176,600원  [end_win]
H3626 | bet   1,000원 BANKER | P:3♠ Q♥ 8♠=1  B:7♣ J♠=7  BANKER(W)  | +950원 → 177,550원
H3627 | bet   1,000원 BANKER | P:10♦ 7♥=7  B:J♥ 9♦=9  BANKER(W)  | +950원 → 178,500원
H3628 | bet   1,000원 BANKER | P:5♣ A♠=6  B:4♦ 9♠ A♣=4  PLAYER(L)  | -1,000원 → 177,500원  [start]
H3629 | bet   2,000원 PLAYER | P:Q♣ 3♥ J♦=3  B:7♥ 9♠=6  BANKER(L)  | -2,000원 → 175,500원
H3630 | bet   4,000원 PLAYER | P:J♠ Q♦ 9♣=9  B:5♣ Q♦=5  PLAYER(W)  | +4,000원 → 179,500원  [end_win]
H3631 | bet   1,000원 BANKER | P:5♥ 10♠ A♣=6  B:K♠ 3♦ 2♥=5  PLAYER(L)  | -1,000원 → 178,500원  [start]
H3632 | bet   2,000원 PLAYER | P:K♣ 10♥=0  B:10♣ 9♦=9  BANKER(L)  | -2,000원 → 176,500원
H3633 | bet   4,000원 PLAYER | P:K♣ 6♦=6  B:2♦ 6♦=8  BANKER(L)  | -4,000원 → 172,500원
H3634 | bet   8,000원 PLAYER | P:Q♠ 7♣=7  B:A♥ J♦ 8♣=9  BANKER(L)  | -8,000원 → 164,500원
H3635 | bet  16,000원 PLAYER | P:7♠ A♥=8  B:9♥ 2♦=1  PLAYER(W)  | +16,000원 → 180,500원  [end_win]
H3636 | bet   1,000원 BANKER | P:4♣ A♥ 8♠=3  B:9♣ 2♣ J♣=1  PLAYER(L)  | -1,000원 → 179,500원  [start]
H3637 | bet   2,000원 PLAYER | P:K♠ 7♥=7  B:10♦ K♠ 10♣=0  PLAYER(W)  | +2,000원 → 181,500원  [end_win]
H3638 | bet   1,000원 BANKER | P:2♥ 3♠=5  B:10♠ 8♥=8  BANKER(W)  | +950원 → 182,450원
H3639 | bet   1,000원 BANKER | P:J♣ 5♦ A♦=6  B:A♣ K♥ 7♦=8  BANKER(W)  | +950원 → 183,400원
H3640 | bet   1,000원 BANKER | P:Q♠ 9♥=9  B:J♦ 8♣=8  PLAYER(L)  | -1,000원 → 182,400원  [start]
H3641 | bet   2,000원 PLAYER | P:Q♦ Q♥ K♥=0  B:K♠ 10♣ 2♠=2  BANKER(L)  | -2,000원 → 180,400원
H3642 | bet   4,000원 PLAYER | P:9♣ 4♥ 3♣=6  B:4♥ K♠ 2♦=6  TIE(T)  |     0원 → 180,400원
H3643 | bet   4,000원 PLAYER | P:K♦ 8♠=8  B:9♦ 5♣=4  PLAYER(W)  | +4,000원 → 184,400원  [end_win]
H3644 | bet   1,000원 BANKER | P:10♥ 6♠=6  B:J♥ Q♠ J♥=0  PLAYER(L)  | -1,000원 → 183,400원  [start]
H3645 | bet   2,000원 PLAYER | P:3♣ J♣ 2♥=5  B:4♣ 6♠ 2♣=2  PLAYER(W)  | +2,000원 → 185,400원  [end_win]
H3646 | bet   1,000원 BANKER | P:Q♠ Q♥ 9♦=9  B:10♠ 2♣ A♦=3  PLAYER(L)  | -1,000원 → 184,400원  [start]
H3647 | bet   2,000원 PLAYER | P:5♦ 5♦ 4♠=4  B:2♥ 8♣ A♠=1  PLAYER(W)  | +2,000원 → 186,400원  [end_win]
H3648 | bet   1,000원 BANKER | P:9♣ 9♦=8  B:3♥ K♥=3  PLAYER(L)  | -1,000원 → 185,400원  [start]
H3649 | bet   2,000원 PLAYER | P:6♥ K♦=6  B:9♠ K♣=9  BANKER(L)  | -2,000원 → 183,400원
H3650 | bet   4,000원 PLAYER | P:4♥ J♣ 4♦=8  B:2♣ 5♣=7  PLAYER(W)  | +4,000원 → 187,400원  [end_win]
H3651 | bet   1,000원 BANKER | P:10♠ 4♦ 3♣=7  B:Q♣ A♦ 9♦=0  PLAYER(L)  | -1,000원 → 186,400원  [start]
H3652 | bet   2,000원 PLAYER | P:6♠ 7♦ 7♠=0  B:4♠ 9♠ 6♥=9  BANKER(L)  | -2,000원 → 184,400원
H3653 | bet   4,000원 PLAYER | P:2♠ 10♣ 5♣=7  B:6♦ 7♠ 8♠=1  PLAYER(W)  | +4,000원 → 188,400원  [end_win]
H3654 | bet   1,000원 BANKER | P:K♥ 5♦ 8♦=3  B:3♠ A♠=4  BANKER(W)  | +950원 → 189,350원
H3655 | bet   1,000원 BANKER | P:3♥ 10♣ 9♥=2  B:9♦ 6♣=5  BANKER(W)  | +950원 → 190,300원
H3656 | bet   1,000원 BANKER | P:A♣ A♦ J♠=2  B:J♣ 10♠ 10♠=0  PLAYER(L)  | -1,000원 → 189,300원  [start]
H3657 | bet   2,000원 PLAYER | P:5♠ 4♠=9  B:7♣ K♥=7  PLAYER(W)  | +2,000원 → 191,300원  [end_win]
H3658 | bet   1,000원 BANKER | P:8♥ 2♣ 4♦=4  B:A♠ 9♥ J♦=0  PLAYER(L)  | -1,000원 → 190,300원  [start]
H3659 | bet   2,000원 PLAYER | P:6♦ A♠=7  B:6♠ 5♠ 7♠=8  BANKER(L)  | -2,000원 → 188,300원
H3660 | bet   4,000원 PLAYER | P:A♥ 3♣ Q♣=4  B:4♥ 7♠ 4♠=5  BANKER(L)  | -4,000원 → 184,300원
H3661 | bet   8,000원 PLAYER | P:7♣ 7♥ 5♠=9  B:Q♣ 4♣ 2♦=6  PLAYER(W)  | +8,000원 → 192,300원  [end_win]
H3662 | bet   1,000원 BANKER | P:7♣ 8♦ 8♥=3  B:3♥ J♥=3  TIE(T)  |     0원 → 192,300원
H3663 | bet   1,000원 BANKER | P:3♣ 4♥=7  B:5♦ 8♠ Q♠=3  PLAYER(L)  | -1,000원 → 191,300원  [start]
H3664 | bet   2,000원 PLAYER | P:J♦ K♦ 4♣=4  B:5♥ 8♠ A♣=4  TIE(T)  |     0원 → 191,300원
H3665 | bet   2,000원 PLAYER | P:10♦ 7♦=7  B:8♥ 5♠ 4♥=7  TIE(T)  |     0원 → 191,300원
H3666 | bet   2,000원 PLAYER | P:A♣ 3♥ 7♠=1  B:Q♥ 2♣ J♣=2  BANKER(L)  | -2,000원 → 189,300원
H3667 | bet   4,000원 PLAYER | P:4♠ 3♦=7  B:A♦ 8♣=9  BANKER(L)  | -4,000원 → 185,300원
H3668 | bet   8,000원 PLAYER | P:7♦ 6♥ K♣=3  B:2♦ 10♦ K♥=2  PLAYER(W)  | +8,000원 → 193,300원  [end_win]
H3669 | bet   1,000원 BANKER | P:A♥ 5♦=6  B:J♠ Q♣ 10♠=0  PLAYER(L)  | -1,000원 → 192,300원  [start]
H3670 | bet   2,000원 PLAYER | P:6♦ 8♣ Q♦=4  B:A♠ 6♣=7  BANKER(L)  | -2,000원 → 190,300원
H3671 | bet   4,000원 PLAYER | P:8♥ 6♣ 5♥=9  B:6♣ Q♣=6  PLAYER(W)  | +4,000원 → 194,300원  [end_win]
H3672 | bet   1,000원 BANKER | P:9♣ 6♠ 4♠=9  B:A♣ 5♥=6  PLAYER(L)  | -1,000원 → 193,300원  [start]
H3673 | bet   2,000원 PLAYER | P:J♠ 2♠ 6♣=8  B:3♠ K♥ 9♠=2  PLAYER(W)  | +2,000원 → 195,300원  [end_win]
H3674 | bet   1,000원 BANKER | P:5♥ 3♥=8  B:Q♦ 7♥=7  PLAYER(L)  | -1,000원 → 194,300원  [start]
H3675 | bet   2,000원 PLAYER | P:6♥ 3♦=9  B:J♥ 3♦=3  PLAYER(W)  | +2,000원 → 196,300원  [end_win]
H3676 | bet   1,000원 BANKER | P:4♥ 3♦=7  B:6♥ 3♥=9  BANKER(W)  | +950원 → 197,250원
H3677 | bet   1,000원 BANKER | P:Q♠ 6♥=6  B:5♣ 6♥ 2♠=3  PLAYER(L)  | -1,000원 → 196,250원  [start]
H3678 | bet   2,000원 PLAYER | P:A♥ K♥ 6♣=7  B:3♠ A♦ 7♣=1  PLAYER(W)  | +2,000원 → 198,250원  [end_win]
H3679 | bet   1,000원 BANKER | P:9♣ Q♥=9  B:7♣ 10♣=7  PLAYER(L)  | -1,000원 → 197,250원  [start]
H3680 | bet   2,000원 PLAYER | P:8♥ K♠=8  B:10♥ 9♥=9  BANKER(L)  | -2,000원 → 195,250원
H3681 | bet   4,000원 PLAYER | P:Q♥ 9♠=9  B:A♣ 2♣=3  PLAYER(W)  | +4,000원 → 199,250원  [end_win]
H3682 | bet   1,000원 BANKER | P:8♠ 9♣=7  B:A♥ Q♦ 6♠=7  TIE(T)  |     0원 → 199,250원
H3683 | bet   1,000원 BANKER | P:4♣ 3♠=7  B:J♣ 10♠ 3♣=3  PLAYER(L)  | -1,000원 → 198,250원  [start]
H3684 | bet   2,000원 PLAYER | P:9♣ Q♠=9  B:4♠ 5♦=9  TIE(T)  |     0원 → 198,250원
H3685 | bet   2,000원 PLAYER | P:J♥ Q♣ 2♠=2  B:3♣ 8♦ 10♦=1  PLAYER(W)  | +2,000원 → 200,250원  [end_win]
H3686 | bet   1,000원 BANKER | P:9♦ 6♣ 4♣=9  B:Q♠ 10♦ 2♥=2  PLAYER(L)  | -1,000원 → 199,250원  [start]
H3687 | bet   2,000원 PLAYER | P:J♥ 8♠=8  B:7♥ 5♠=2  PLAYER(W)  | +2,000원 → 201,250원  [end_win]
H3688 | bet   1,000원 BANKER | P:4♦ 6♦=0  B:7♠ A♠=8  BANKER(W)  | +950원 → 202,200원
H3689 | bet   1,000원 BANKER | P:A♦ 7♣=8  B:3♣ J♦=3  PLAYER(L)  | -1,000원 → 201,200원  [start]
H3690 | bet   2,000원 PLAYER | P:K♠ K♣ 5♠=5  B:10♣ 7♦=7  BANKER(L)  | -2,000원 → 199,200원
H3691 | bet   4,000원 PLAYER | P:5♥ 8♣=3  B:A♥ 8♥=9  BANKER(L)  | -4,000원 → 195,200원
H3692 | bet   8,000원 PLAYER | P:3♣ K♠=3  B:9♠ 10♦=9  BANKER(L)  | -8,000원 → 187,200원
H3693 | bet  16,000원 PLAYER | P:2♠ J♥ 8♦=0  B:A♠ 9♣ 2♣=2  BANKER(L)  | -16,000원 → 171,200원  [end_giveup]
H3694 | bet   1,000원 BANKER | P:J♥ A♠ 4♦=5  B:10♣ 5♥ 6♥=1  PLAYER(L)  | -1,000원 → 170,200원  [start]
H3695 | bet   2,000원 PLAYER | P:6♦ A♥=7  B:8♠ A♣=9  BANKER(L)  | -2,000원 → 168,200원
H3696 | bet   4,000원 PLAYER | P:2♥ Q♣ 8♥=0  B:A♥ J♦ Q♥=1  BANKER(L)  | -4,000원 → 164,200원
H3697 | bet   8,000원 PLAYER | P:9♥ 5♠ A♠=5  B:7♦ K♣=7  BANKER(L)  | -8,000원 → 156,200원
H3698 | bet  16,000원 PLAYER | P:3♠ Q♦ 5♠=8  B:6♦ A♠=7  PLAYER(W)  | +16,000원 → 172,200원  [end_win]
H3699 | bet   1,000원 BANKER | P:2♠ K♦ 9♣=1  B:6♥ A♦=7  BANKER(W)  | +950원 → 173,150원
H3700 | bet   1,000원 BANKER | P:8♣ 8♠=6  B:2♦ 9♦ 9♠=0  PLAYER(L)  | -1,000원 → 172,150원  [start]
H3701 | bet   2,000원 PLAYER | P:7♠ 7♣ 3♥=7  B:10♣ 7♣=7  TIE(T)  |     0원 → 172,150원
H3702 | bet   2,000원 PLAYER | P:9♥ 3♠ K♦=2  B:K♥ 2♣ 4♦=6  BANKER(L)  | -2,000원 → 170,150원
H3703 | bet   4,000원 PLAYER | P:K♣ 5♠ Q♠=5  B:6♣ 7♥ Q♥=3  PLAYER(W)  | +4,000원 → 174,150원  [end_win]
H3704 | bet   1,000원 BANKER | P:5♣ 10♦ 2♠=7  B:7♦ 8♥=5  PLAYER(L)  | -1,000원 → 173,150원  [start]
H3705 | bet   2,000원 PLAYER | P:Q♠ K♣ 9♦=9  B:8♣ 9♥=7  PLAYER(W)  | +2,000원 → 175,150원  [end_win]
H3706 | bet   1,000원 BANKER | P:5♦ 7♦ 7♠=9  B:K♦ 6♣ A♥=7  PLAYER(L)  | -1,000원 → 174,150원  [start]
H3707 | bet   2,000원 PLAYER | P:J♣ Q♦ J♠=0  B:A♠ J♣ A♥=2  BANKER(L)  | -2,000원 → 172,150원
H3708 | bet   4,000원 PLAYER | P:Q♦ K♣ Q♣=0  B:5♠ K♥=5  BANKER(L)  | -4,000원 → 168,150원
H3709 | bet   8,000원 PLAYER | P:10♣ 2♦ 5♥=7  B:5♣ 9♦ 7♥=1  PLAYER(W)  | +8,000원 → 176,150원  [end_win]
H3710 | bet   1,000원 BANKER | P:10♠ 10♦ 2♠=2  B:Q♣ A♦ J♠=1  PLAYER(L)  | -1,000원 → 175,150원  [start]
H3711 | bet   2,000원 PLAYER | P:A♥ 8♥=9  B:8♣ 4♠=2  PLAYER(W)  | +2,000원 → 177,150원  [end_win]
H3712 | bet   1,000원 BANKER | P:10♠ 3♣ 10♠=3  B:5♣ A♠=6  BANKER(W)  | +950원 → 178,100원
H3713 | bet   1,000원 BANKER | P:2♣ 2♣=4  B:Q♥ 8♦=8  BANKER(W)  | +950원 → 179,050원
H3714 | bet   1,000원 BANKER | P:K♥ 5♠ 6♣=1  B:2♥ K♣ 5♥=7  BANKER(W)  | +950원 → 180,000원
H3715 | bet   1,000원 BANKER | P:8♠ 4♥ 6♠=8  B:3♥ J♣ 4♦=7  PLAYER(L)  | -1,000원 → 179,000원  [start]
H3716 | bet   2,000원 PLAYER | P:7♠ A♦=8  B:5♥ K♦=5  PLAYER(W)  | +2,000원 → 181,000원  [end_win]
H3717 | bet   1,000원 BANKER | P:8♥ 10♥=8  B:K♦ 7♦=7  PLAYER(L)  | -1,000원 → 180,000원  [start]
H3718 | bet   2,000원 PLAYER | P:2♦ A♣ J♣=3  B:6♥ 7♣ 9♦=2  PLAYER(W)  | +2,000원 → 182,000원  [end_win]
H3719 | bet   1,000원 BANKER | P:Q♦ J♦ 8♥=8  B:J♠ J♦ 6♥=6  PLAYER(L)  | -1,000원 → 181,000원  [start]
H3720 | bet   2,000원 PLAYER | P:8♠ J♣=8  B:4♠ 4♣=8  TIE(T)  |     0원 → 181,000원
H3721 | bet   2,000원 PLAYER | P:6♦ 7♠ 4♠=7  B:2♦ A♣ 6♣=9  BANKER(L)  | -2,000원 → 179,000원
H3722 | bet   4,000원 PLAYER | P:7♥ J♥=7  B:9♠ K♠=9  BANKER(L)  | -4,000원 → 175,000원
H3723 | bet   8,000원 PLAYER | P:10♣ 5♦ Q♣=5  B:J♠ A♣ 6♥=7  BANKER(L)  | -8,000원 → 167,000원
H3724 | bet  16,000원 PLAYER | P:A♣ 3♥ 6♠=0  B:5♦ 10♣ 8♣=3  BANKER(L)  | -16,000원 → 151,000원  [end_giveup]
H3725 | bet   1,000원 BANKER | P:K♥ 4♣ J♥=4  B:A♦ 3♥=4  TIE(T)  |     0원 → 151,000원
H3726 | bet   1,000원 BANKER | P:4♣ A♦ 3♠=8  B:9♥ 2♦ 4♦=5  PLAYER(L)  | -1,000원 → 150,000원  [start]
H3727 | bet   2,000원 PLAYER | P:7♠ 4♥ A♣=2  B:8♦ 9♣=7  BANKER(L)  | -2,000원 → 148,000원
H3728 | bet   4,000원 PLAYER | P:5♣ 6♣ 10♠=1  B:6♠ 6♦ 9♦=1  TIE(T)  |     0원 → 148,000원
H3729 | bet   4,000원 PLAYER | P:K♣ 10♠=0  B:6♠ 3♦=9  BANKER(L)  | -4,000원 → 144,000원
H3730 | bet   8,000원 PLAYER | P:5♥ 10♠ 9♣=4  B:3♠ 10♥ 4♥=7  BANKER(L)  | -8,000원 → 136,000원
H3731 | bet  16,000원 PLAYER | P:4♥ 9♥=3  B:9♥ Q♦=9  BANKER(L)  | -16,000원 → 120,000원  [end_giveup]
H3732 | bet   1,000원 BANKER | P:9♠ 9♦=8  B:4♠ A♦=5  PLAYER(L)  | -1,000원 → 119,000원  [start]
H3733 | bet   2,000원 PLAYER | P:K♠ 4♦=4  B:8♥ 10♣=8  BANKER(L)  | -2,000원 → 117,000원
H3734 | bet   4,000원 PLAYER | P:4♥ 3♠=7  B:A♣ 4♣ 8♣=3  PLAYER(W)  | +4,000원 → 121,000원  [end_win]
H3735 | bet   1,000원 BANKER | P:4♠ 6♦ K♠=0  B:Q♣ 10♠ 3♦=3  BANKER(W)  | +950원 → 121,950원
H3736 | bet   1,000원 BANKER | P:10♦ 3♦ 5♦=8  B:2♣ 4♥=6  PLAYER(L)  | -1,000원 → 120,950원  [start]
H3737 | bet   2,000원 PLAYER | P:6♥ K♥=6  B:K♦ 6♠=6  TIE(T)  |     0원 → 120,950원
H3738 | bet   2,000원 PLAYER | P:3♣ 7♥ 6♣=6  B:8♥ 7♦ J♥=5  PLAYER(W)  | +2,000원 → 122,950원  [end_win]
H3739 | bet   1,000원 BANKER | P:6♠ Q♣=6  B:3♥ 10♠ 7♣=0  PLAYER(L)  | -1,000원 → 121,950원  [start]
H3740 | bet   2,000원 PLAYER | P:Q♣ Q♠ 2♣=2  B:3♠ 4♥=7  BANKER(L)  | -2,000원 → 119,950원
H3741 | bet   4,000원 PLAYER | P:J♥ 9♥=9  B:K♥ 5♥=5  PLAYER(W)  | +4,000원 → 123,950원  [end_win]
H3742 | bet   1,000원 BANKER | P:7♥ J♦=7  B:8♠ 8♦=6  PLAYER(L)  | -1,000원 → 122,950원  [start]
H3743 | bet   2,000원 PLAYER | P:Q♥ 8♦=8  B:2♦ J♠=2  PLAYER(W)  | +2,000원 → 124,950원  [end_win]
H3744 | bet   1,000원 BANKER | P:6♠ 4♠=0  B:A♦ 7♠=8  BANKER(W)  | +950원 → 125,900원
H3745 | bet   1,000원 BANKER | P:J♠ 5♣=5  B:10♦ 9♥=9  BANKER(W)  | +950원 → 126,850원
H3746 | bet   1,000원 BANKER | P:4♠ 10♥ 3♦=7  B:5♠ A♥=6  PLAYER(L)  | -1,000원 → 125,850원  [start]
H3747 | bet   2,000원 PLAYER | P:7♣ Q♠=7  B:9♣ Q♥=9  BANKER(L)  | -2,000원 → 123,850원
H3748 | bet   4,000원 PLAYER | P:4♦ 2♥=6  B:4♥ A♦ 4♦=9  BANKER(L)  | -4,000원 → 119,850원
H3749 | bet   8,000원 PLAYER | P:7♥ 5♣=2  B:J♦ 9♠=9  BANKER(L)  | -8,000원 → 111,850원
H3750 | bet  16,000원 PLAYER | P:K♠ 3♠ 5♣=8  B:10♥ K♣ K♠=0  PLAYER(W)  | +16,000원 → 127,850원  [end_win]
H3751 | bet   1,000원 BANKER | P:Q♦ 10♦ 3♥=3  B:8♦ 9♣=7  BANKER(W)  | +950원 → 128,800원
H3752 | bet   1,000원 BANKER | P:10♥ 7♠=7  B:J♥ 10♣ 4♣=4  PLAYER(L)  | -1,000원 → 127,800원  [start]
H3753 | bet   2,000원 PLAYER | P:5♦ 2♠=7  B:2♣ 2♥ 5♠=9  BANKER(L)  | -2,000원 → 125,800원
H3754 | bet   4,000원 PLAYER | P:3♥ 9♠ 3♦=5  B:Q♦ 7♥=7  BANKER(L)  | -4,000원 → 121,800원
H3755 | bet   8,000원 PLAYER | P:3♣ 8♠ 3♥=4  B:4♠ 7♣ 6♥=7  BANKER(L)  | -8,000원 → 113,800원
H3756 | bet  16,000원 PLAYER | P:2♣ 10♥=2  B:Q♣ 9♣=9  BANKER(L)  | -16,000원 → 97,800원  [end_giveup]
H3757 | bet   1,000원 BANKER | P:Q♦ J♣ J♣=0  B:8♣ 5♠ 4♣=7  BANKER(W)  | +950원 → 98,750원
H3758 | bet   1,000원 BANKER | P:3♠ Q♥=3  B:A♥ 7♣=8  BANKER(W)  | +950원 → 99,700원
H3759 | bet   1,000원 BANKER | P:3♣ K♥ 3♣=6  B:5♦ K♦=5  PLAYER(L)  | -1,000원 → 98,700원  [start]
H3760 | bet   2,000원 PLAYER | P:9♦ K♦=9  B:6♠ J♦=6  PLAYER(W)  | +2,000원 → 100,700원  [end_win]
H3761 | bet   1,000원 BANKER | P:3♦ Q♠ 5♦=8  B:3♦ 9♦ 7♦=9  BANKER(W)  | +950원 → 101,650원
H3762 | bet   1,000원 BANKER | P:J♦ 7♣=7  B:10♣ 2♠ 10♦=2  PLAYER(L)  | -1,000원 → 100,650원  [start]
H3763 | bet   2,000원 PLAYER | P:Q♠ 7♠=7  B:5♥ 5♦ Q♠=0  PLAYER(W)  | +2,000원 → 102,650원  [end_win]
H3764 | bet   1,000원 BANKER | P:8♥ 9♠=7  B:6♦ J♥=6  PLAYER(L)  | -1,000원 → 101,650원  [start]
H3765 | bet   2,000원 PLAYER | P:6♦ 4♦=0  B:8♠ K♠=8  BANKER(L)  | -2,000원 → 99,650원
H3766 | bet   4,000원 PLAYER | P:2♥ 4♣=6  B:8♣ 2♦ 5♥=5  PLAYER(W)  | +4,000원 → 103,650원  [end_win]
H3767 | bet   1,000원 BANKER | P:8♦ A♠=9  B:3♦ K♣=3  PLAYER(L)  | -1,000원 → 102,650원  [start]
H3768 | bet   2,000원 PLAYER | P:8♣ 5♣ K♥=3  B:K♠ 7♦=7  BANKER(L)  | -2,000원 → 100,650원
H3769 | bet   4,000원 PLAYER | P:2♥ 8♦ Q♥=0  B:J♠ 10♥ 6♥=6  BANKER(L)  | -4,000원 → 96,650원
H3770 | bet   8,000원 PLAYER | P:3♣ 2♦ 4♣=9  B:J♦ A♠ A♥=2  PLAYER(W)  | +8,000원 → 104,650원  [end_win]
H3771 | bet   1,000원 BANKER | P:A♣ J♣ 8♠=9  B:3♣ 2♥=5  PLAYER(L)  | -1,000원 → 103,650원  [start]
H3772 | bet   2,000원 PLAYER | P:6♦ 10♥=6  B:6♣ 7♦ 6♣=9  BANKER(L)  | -2,000원 → 101,650원
H3773 | bet   4,000원 PLAYER | P:6♦ Q♦=6  B:4♥ 2♥=6  TIE(T)  |     0원 → 101,650원
H3774 | bet   4,000원 PLAYER | P:10♣ 4♠ J♦=4  B:A♥ 3♠=4  TIE(T)  |     0원 → 101,650원
H3775 | bet   4,000원 PLAYER | P:9♦ 4♣ K♠=3  B:10♣ J♠ 7♥=7  BANKER(L)  | -4,000원 → 97,650원
H3776 | bet   8,000원 PLAYER | P:2♠ J♣ 8♣=0  B:J♥ 10♦ A♣=1  BANKER(L)  | -8,000원 → 89,650원
H3777 | bet  16,000원 PLAYER | P:8♦ 6♠ K♥=4  B:J♣ 4♥=4  TIE(T)  |     0원 → 89,650원
H3778 | bet  16,000원 PLAYER | P:4♦ 9♦=3  B:3♠ 6♠=9  BANKER(L)  | -16,000원 → 73,650원  [end_giveup]
H3779 | bet   1,000원 BANKER | P:Q♥ 2♠ 4♠=6  B:Q♠ 2♥ 5♦=7  BANKER(W)  | +950원 → 74,600원
H3780 | bet   1,000원 BANKER | P:K♠ K♦ 7♣=7  B:8♥ 2♦ 6♥=6  PLAYER(L)  | -1,000원 → 73,600원  [start]
H3781 | bet   2,000원 PLAYER | P:A♦ 6♠=7  B:7♥ 6♣ 6♣=9  BANKER(L)  | -2,000원 → 71,600원
H3782 | bet   4,000원 PLAYER | P:2♦ 4♦=6  B:J♣ Q♦ 10♥=0  PLAYER(W)  | +4,000원 → 75,600원  [end_win]
H3783 | bet   1,000원 BANKER | P:5♦ K♠ 7♣=2  B:5♥ 7♣ 8♣=0  PLAYER(L)  | -1,000원 → 74,600원  [start]
H3784 | bet   2,000원 PLAYER | P:2♦ 8♠ 8♥=8  B:10♠ J♣ 9♣=9  BANKER(L)  | -2,000원 → 72,600원
H3785 | bet   4,000원 PLAYER | P:3♣ 4♦=7  B:7♣ 4♣ J♠=1  PLAYER(W)  | +4,000원 → 76,600원  [end_win]
H3786 | bet   1,000원 BANKER | P:Q♠ 3♠ J♥=3  B:10♦ 4♠=4  BANKER(W)  | +950원 → 77,550원
H3787 | bet   1,000원 BANKER | P:4♥ J♦ 9♦=3  B:6♣ 9♠=5  BANKER(W)  | +950원 → 78,500원
H3788 | bet   1,000원 BANKER | P:J♠ 5♣ 7♠=2  B:K♠ 6♥ 3♦=9  BANKER(W)  | +950원 → 79,450원
H3789 | bet   1,000원 BANKER | P:8♦ A♥=9  B:10♣ Q♦=0  PLAYER(L)  | -1,000원 → 78,450원  [start]
H3790 | bet   2,000원 PLAYER | P:8♣ 5♦ 10♥=3  B:9♥ 8♠=7  BANKER(L)  | -2,000원 → 76,450원
H3791 | bet   4,000원 PLAYER | P:10♦ 9♦=9  B:K♦ 8♦=8  PLAYER(W)  | +4,000원 → 80,450원  [end_win]
H3792 | bet   1,000원 BANKER | P:K♦ 2♠ 4♠=6  B:7♠ 9♥=6  TIE(T)  |     0원 → 80,450원
H3793 | bet   1,000원 BANKER | P:8♠ 8♥=6  B:7♦ 5♥ 7♠=9  BANKER(W)  | +950원 → 81,400원
H3794 | bet   1,000원 BANKER | P:K♠ 9♣=9  B:7♣ 4♦=1  PLAYER(L)  | -1,000원 → 80,400원  [start]
H3795 | bet   2,000원 PLAYER | P:A♣ 3♣ A♠=5  B:4♦ 2♠=6  BANKER(L)  | -2,000원 → 78,400원
H3796 | bet   4,000원 PLAYER | P:10♣ 3♠ 6♥=9  B:4♠ Q♣ 6♠=0  PLAYER(W)  | +4,000원 → 82,400원  [end_win]
H3797 | bet   1,000원 BANKER | P:4♣ 9♣ 7♠=0  B:A♠ Q♣ A♣=2  BANKER(W)  | +950원 → 83,350원
H3798 | bet   1,000원 BANKER | P:6♥ 10♦=6  B:4♣ 5♥=9  BANKER(W)  | +950원 → 84,300원
H3799 | bet   1,000원 BANKER | P:7♠ K♣=7  B:K♠ A♦ K♥=1  PLAYER(L)  | -1,000원 → 83,300원  [start]
H3800 | bet   2,000원 PLAYER | P:J♦ 9♦=9  B:9♣ 4♠=3  PLAYER(W)  | +2,000원 → 85,300원  [end_win]
H3801 | bet   1,000원 BANKER | P:7♣ J♦=7  B:9♣ A♣ A♠=1  PLAYER(L)  | -1,000원 → 84,300원  [start]
H3802 | bet   2,000원 PLAYER | P:5♦ 10♥ 8♣=3  B:9♥ 4♥=3  TIE(T)  |     0원 → 84,300원
H3803 | bet   2,000원 PLAYER | P:9♠ 9♠=8  B:J♦ 9♥=9  BANKER(L)  | -2,000원 → 82,300원
H3804 | bet   4,000원 PLAYER | P:10♥ 6♦=6  B:10♣ K♠ Q♠=0  PLAYER(W)  | +4,000원 → 86,300원  [end_win]
H3805 | bet   1,000원 BANKER | P:5♠ 4♥=9  B:Q♣ 7♦=7  PLAYER(L)  | -1,000원 → 85,300원  [start]
H3806 | bet   2,000원 PLAYER | P:8♠ 2♠ J♦=0  B:J♥ 4♣=4  BANKER(L)  | -2,000원 → 83,300원
H3807 | bet   4,000원 PLAYER | P:5♠ 6♥ 8♦=9  B:10♥ 4♦=4  PLAYER(W)  | +4,000원 → 87,300원  [end_win]
H3808 | bet   1,000원 BANKER | P:10♥ 3♣ Q♥=3  B:A♥ 5♠=6  BANKER(W)  | +950원 → 88,250원
H3809 | bet   1,000원 BANKER | P:9♥ 7♦=6  B:3♣ 4♣=7  BANKER(W)  | +950원 → 89,200원
H3810 | bet   1,000원 BANKER | P:A♣ 10♣=1  B:Q♠ 9♠=9  BANKER(W)  | +950원 → 90,150원
H3811 | bet   1,000원 BANKER | P:4♥ K♣ 5♣=9  B:6♠ A♠=7  PLAYER(L)  | -1,000원 → 89,150원  [start]
H3812 | bet   2,000원 PLAYER | P:5♣ J♣=5  B:2♦ 6♣=8  BANKER(L)  | -2,000원 → 87,150원
H3813 | bet   4,000원 PLAYER | P:J♠ 6♠=6  B:J♣ 3♥ A♣=4  PLAYER(W)  | +4,000원 → 91,150원  [end_win]
H3814 | bet   1,000원 BANKER | P:8♠ 2♦=0  B:6♣ 2♣=8  BANKER(W)  | +950원 → 92,100원
H3815 | bet   1,000원 BANKER | P:6♣ 2♠=8  B:8♠ 7♦=5  PLAYER(L)  | -1,000원 → 91,100원  [start]
H3816 | bet   2,000원 PLAYER | P:K♥ 10♦ 4♣=4  B:7♦ 6♦ 3♦=6  BANKER(L)  | -2,000원 → 89,100원
H3817 | bet   4,000원 PLAYER | P:6♦ 3♠=9  B:Q♦ 8♦=8  PLAYER(W)  | +4,000원 → 93,100원  [end_win]
H3818 | bet   1,000원 BANKER | P:2♣ Q♦ K♣=2  B:A♠ 5♣=6  BANKER(W)  | +950원 → 94,050원
H3819 | bet   1,000원 BANKER | P:3♦ 3♣=6  B:K♥ 2♥ K♣=2  PLAYER(L)  | -1,000원 → 93,050원  [start]
H3820 | bet   2,000원 PLAYER | P:2♦ 2♣ 10♥=4  B:J♥ 7♠=7  BANKER(L)  | -2,000원 → 91,050원
H3821 | bet   4,000원 PLAYER | P:5♦ Q♠ A♥=6  B:7♦ 3♠ 3♥=3  PLAYER(W)  | +4,000원 → 95,050원  [end_win]
H3822 | bet   1,000원 BANKER | P:3♠ 2♥=5  B:3♦ 5♦=8  BANKER(W)  | +950원 → 96,000원
H3823 | bet   1,000원 BANKER | P:9♣ Q♥=9  B:A♣ 2♣=3  PLAYER(L)  | -1,000원 → 95,000원  [start]
H3824 | bet   2,000원 PLAYER | P:7♣ Q♣=7  B:7♠ 2♣=9  BANKER(L)  | -2,000원 → 93,000원
H3825 | bet   4,000원 PLAYER | P:Q♣ 7♦=7  B:10♦ 5♥ Q♦=5  PLAYER(W)  | +4,000원 → 97,000원  [end_win]
H3826 | bet   1,000원 BANKER | P:9♣ 7♥=6  B:Q♥ 3♥ 2♣=5  PLAYER(L)  | -1,000원 → 96,000원  [start]
H3827 | bet   2,000원 PLAYER | P:8♥ A♦=9  B:A♦ J♠=1  PLAYER(W)  | +2,000원 → 98,000원  [end_win]
H3828 | bet   1,000원 BANKER | P:6♦ 9♠=5  B:7♥ 2♣=9  BANKER(W)  | +950원 → 98,950원
H3829 | bet   1,000원 BANKER | P:8♣ K♥=8  B:5♠ 8♣=3  PLAYER(L)  | -1,000원 → 97,950원  [start]
H3830 | bet   2,000원 PLAYER | P:K♦ 5♠ 4♦=9  B:2♦ J♠ 10♦=2  PLAYER(W)  | +2,000원 → 99,950원  [end_win]
H3831 | bet   1,000원 BANKER | P:5♣ 8♣ 2♦=5  B:J♣ 5♦=5  TIE(T)  |     0원 → 99,950원
H3832 | bet   1,000원 BANKER | P:5♠ K♠ 6♠=1  B:3♦ 9♠ 8♠=0  PLAYER(L)  | -1,000원 → 98,950원  [start]
H3833 | bet   2,000원 PLAYER | P:Q♥ 9♠=9  B:5♥ 9♥=4  PLAYER(W)  | +2,000원 → 100,950원  [end_win]
H3834 | bet   1,000원 BANKER | P:K♦ 8♦=8  B:7♥ 6♥=3  PLAYER(L)  | -1,000원 → 99,950원  [start]
H3835 | bet   2,000원 PLAYER | P:10♠ 4♦ 2♥=6  B:2♥ 3♥=5  PLAYER(W)  | +2,000원 → 101,950원  [end_win]
H3836 | bet   1,000원 BANKER | P:A♠ 10♣ A♦=2  B:A♣ 9♦ 8♦=8  BANKER(W)  | +950원 → 102,900원
H3837 | bet   1,000원 BANKER | P:A♥ 3♠ J♠=4  B:A♦ J♥ 2♠=3  PLAYER(L)  | -1,000원 → 101,900원  [start]
H3838 | bet   2,000원 PLAYER | P:5♥ 4♠=9  B:9♦ 10♥=9  TIE(T)  |     0원 → 101,900원
H3839 | bet   2,000원 PLAYER | P:K♣ J♦ J♥=0  B:7♥ 10♠=7  BANKER(L)  | -2,000원 → 99,900원
H3840 | bet   4,000원 PLAYER | P:Q♠ 9♥=9  B:8♦ 3♦=1  PLAYER(W)  | +4,000원 → 103,900원  [end_win]
H3841 | bet   1,000원 BANKER | P:8♠ 6♣ J♦=4  B:K♦ 5♠=5  BANKER(W)  | +950원 → 104,850원
H3842 | bet   1,000원 BANKER | P:2♥ 2♥ 9♦=3  B:7♥ 10♠=7  BANKER(W)  | +950원 → 105,800원
H3843 | bet   1,000원 BANKER | P:Q♥ 6♥=6  B:4♥ 3♦=7  BANKER(W)  | +950원 → 106,750원
H3844 | bet   1,000원 BANKER | P:6♥ 3♣=9  B:K♣ 3♣=3  PLAYER(L)  | -1,000원 → 105,750원  [start]
H3845 | bet   2,000원 PLAYER | P:Q♦ 7♠=7  B:6♣ 5♣ 7♥=8  BANKER(L)  | -2,000원 → 103,750원
H3846 | bet   4,000원 PLAYER | P:8♣ 10♣=8  B:8♥ 10♠=8  TIE(T)  |     0원 → 103,750원
H3847 | bet   4,000원 PLAYER | P:5♣ 4♥=9  B:6♦ 4♣=0  PLAYER(W)  | +4,000원 → 107,750원  [end_win]
H3848 | bet   1,000원 BANKER | P:K♦ Q♦ J♠=0  B:Q♣ 2♠ K♣=2  BANKER(W)  | +950원 → 108,700원
H3849 | bet   1,000원 BANKER | P:K♥ 5♥ 8♥=3  B:3♦ 8♥ Q♥=1  PLAYER(L)  | -1,000원 → 107,700원  [start]
H3850 | bet   2,000원 PLAYER | P:10♦ 9♠=9  B:3♣ 10♠=3  PLAYER(W)  | +2,000원 → 109,700원  [end_win]
H3851 | bet   1,000원 BANKER | P:4♠ 5♥=9  B:K♣ 6♦=6  PLAYER(L)  | -1,000원 → 108,700원  [start]
H3852 | bet   2,000원 PLAYER | P:2♣ A♥ 7♣=0  B:6♠ 5♠ 5♣=6  BANKER(L)  | -2,000원 → 106,700원
H3853 | bet   4,000원 PLAYER | P:5♦ J♥ Q♠=5  B:10♠ J♣ K♥=0  PLAYER(W)  | +4,000원 → 110,700원  [end_win]
H3854 | bet   1,000원 BANKER | P:K♥ A♦ Q♥=1  B:K♦ J♥ 3♥=3  BANKER(W)  | +950원 → 111,650원
H3855 | bet   1,000원 BANKER | P:A♦ Q♣=1  B:8♥ A♠=9  BANKER(W)  | +950원 → 112,600원
H3856 | bet   1,000원 BANKER | P:K♠ 5♣ 5♥=0  B:3♣ 2♠ J♣=5  BANKER(W)  | +950원 → 113,550원
H3857 | bet   1,000원 BANKER | P:J♣ 5♣ 10♥=5  B:2♥ 10♦ 4♣=6  BANKER(W)  | +950원 → 114,500원
H3858 | bet   1,000원 BANKER | P:K♦ 4♦ 3♥=7  B:7♠ 8♥=5  PLAYER(L)  | -1,000원 → 113,500원  [start]
H3859 | bet   2,000원 PLAYER | P:A♣ 3♦ 3♦=7  B:7♥ Q♣=7  TIE(T)  |     0원 → 113,500원
H3860 | bet   2,000원 PLAYER | P:5♥ 5♥ J♣=0  B:6♣ 10♠=6  BANKER(L)  | -2,000원 → 111,500원
H3861 | bet   4,000원 PLAYER | P:9♥ 4♣ 7♠=0  B:10♥ 6♥ 5♦=1  BANKER(L)  | -4,000원 → 107,500원
H3862 | bet   8,000원 PLAYER | P:J♠ 8♠=8  B:J♥ Q♠=0  PLAYER(W)  | +8,000원 → 115,500원  [end_win]
H3863 | bet   1,000원 BANKER | P:2♦ 3♠ 10♣=5  B:K♦ K♣ 8♠=8  BANKER(W)  | +950원 → 116,450원
H3864 | bet   1,000원 BANKER | P:9♥ 5♠ 7♦=1  B:9♦ 4♣ 9♥=2  BANKER(W)  | +950원 → 117,400원
H3865 | bet   1,000원 BANKER | P:9♥ 2♦ 3♠=4  B:A♦ 9♣ 3♠=3  PLAYER(L)  | -1,000원 → 116,400원  [start]
H3866 | bet   2,000원 PLAYER | P:Q♥ J♠=0  B:8♦ Q♠=8  BANKER(L)  | -2,000원 → 114,400원
H3867 | bet   4,000원 PLAYER | P:Q♦ 4♥ 7♥=1  B:Q♠ Q♥ 4♥=4  BANKER(L)  | -4,000원 → 110,400원
H3868 | bet   8,000원 PLAYER | P:9♣ 5♦ 6♣=0  B:7♥ 3♣ 7♦=7  BANKER(L)  | -8,000원 → 102,400원
H3869 | bet  16,000원 PLAYER | P:Q♦ K♥ 4♥=4  B:Q♦ A♥ 6♦=7  BANKER(L)  | -16,000원 → 86,400원  [end_giveup]
H3870 | bet   1,000원 BANKER | P:4♥ 8♠ J♥=2  B:3♥ 7♣ 6♥=6  BANKER(W)  | +950원 → 87,350원
H3871 | bet   1,000원 BANKER | P:3♦ 8♦ Q♣=1  B:6♠ J♠=6  BANKER(W)  | +950원 → 88,300원
H3872 | bet   1,000원 BANKER | P:4♠ 7♦ J♣=1  B:A♥ 3♣=4  BANKER(W)  | +950원 → 89,250원
H3873 | bet   1,000원 BANKER | P:3♣ Q♥ 9♠=2  B:10♥ 6♠=6  BANKER(W)  | +950원 → 90,200원
H3874 | bet   1,000원 BANKER | P:Q♣ 2♥ 9♠=1  B:3♠ 10♣ A♦=4  BANKER(W)  | +950원 → 91,150원
H3875 | bet   1,000원 BANKER | P:8♦ 9♦=7  B:8♥ 7♠ 9♣=4  PLAYER(L)  | -1,000원 → 90,150원  [start]
H3876 | bet   2,000원 PLAYER | P:9♠ 10♠=9  B:K♥ 2♦=2  PLAYER(W)  | +2,000원 → 92,150원  [end_win]
H3877 | bet   1,000원 BANKER | P:6♥ 2♦=8  B:9♣ 3♠=2  PLAYER(L)  | -1,000원 → 91,150원  [start]
H3878 | bet   2,000원 PLAYER | P:6♣ A♥=7  B:4♠ 8♠ 5♠=7  TIE(T)  |     0원 → 91,150원
H3879 | bet   2,000원 PLAYER | P:8♣ 7♥ K♦=5  B:7♦ 10♣=7  BANKER(L)  | -2,000원 → 89,150원
H3880 | bet   4,000원 PLAYER | P:3♦ 8♦ 3♣=4  B:7♥ 9♣=6  BANKER(L)  | -4,000원 → 85,150원
H3881 | bet   8,000원 PLAYER | P:10♣ 5♠ 8♦=3  B:7♠ K♣=7  BANKER(L)  | -8,000원 → 77,150원
H3882 | bet  16,000원 PLAYER | P:J♣ 5♥ 2♠=7  B:3♦ Q♦ 7♠=0  PLAYER(W)  | +16,000원 → 93,150원  [end_win]
H3883 | bet   1,000원 BANKER | P:2♣ 5♥=7  B:7♣ 8♣ J♠=5  PLAYER(L)  | -1,000원 → 92,150원  [start]
H3884 | bet   2,000원 PLAYER | P:9♦ 5♣=4  B:4♣ 5♦=9  BANKER(L)  | -2,000원 → 90,150원
H3885 | bet   4,000원 PLAYER | P:2♣ A♥ 5♦=8  B:4♣ K♠ J♦=4  PLAYER(W)  | +4,000원 → 94,150원  [end_win]
H3886 | bet   1,000원 BANKER | P:2♦ J♦ Q♦=2  B:3♣ K♦ 7♣=0  PLAYER(L)  | -1,000원 → 93,150원  [start]
H3887 | bet   2,000원 PLAYER | P:7♦ Q♥=7  B:10♦ A♠ 8♥=9  BANKER(L)  | -2,000원 → 91,150원
H3888 | bet   4,000원 PLAYER | P:9♠ 4♠=3  B:9♦ 10♥=9  BANKER(L)  | -4,000원 → 87,150원
H3889 | bet   8,000원 PLAYER | P:6♥ K♠=6  B:8♣ A♠=9  BANKER(L)  | -8,000원 → 79,150원
H3890 | bet  16,000원 PLAYER | P:6♥ A♦=7  B:4♦ 2♦=6  PLAYER(W)  | +16,000원 → 95,150원  [end_win]
H3891 | bet   1,000원 BANKER | P:10♦ 8♣=8  B:4♣ K♦=4  PLAYER(L)  | -1,000원 → 94,150원  [start]
H3892 | bet   2,000원 PLAYER | P:6♥ Q♣=6  B:7♣ 4♦ J♠=1  PLAYER(W)  | +2,000원 → 96,150원  [end_win]
H3893 | bet   1,000원 BANKER | P:A♠ 4♦ 6♦=1  B:7♥ 3♣ A♣=1  TIE(T)  |     0원 → 96,150원
H3894 | bet   1,000원 BANKER | P:4♠ K♣ 8♠=2  B:7♣ 10♦=7  BANKER(W)  | +950원 → 97,100원
H3895 | bet   1,000원 BANKER | P:K♣ 5♠ A♦=6  B:6♠ 10♠=6  TIE(T)  |     0원 → 97,100원
H3896 | bet   1,000원 BANKER | P:8♠ 5♦=3  B:3♠ 5♣=8  BANKER(W)  | +950원 → 98,050원
H3897 | bet   1,000원 BANKER | P:A♥ K♥ 6♣=7  B:10♥ 5♦ 4♦=9  BANKER(W)  | +950원 → 99,000원
H3898 | bet   1,000원 BANKER | P:6♦ A♠=7  B:K♠ 2♣ 10♥=2  PLAYER(L)  | -1,000원 → 98,000원  [start]
H3899 | bet   2,000원 PLAYER | P:Q♣ K♦ Q♣=0  B:5♣ 7♦ A♠=3  BANKER(L)  | -2,000원 → 96,000원
H3900 | bet   4,000원 PLAYER | P:3♦ 2♥=5  B:9♥ 9♥=8  BANKER(L)  | -4,000원 → 92,000원
H3901 | bet   8,000원 PLAYER | P:9♦ 8♠=7  B:5♥ 3♦=8  BANKER(L)  | -8,000원 → 84,000원
H3902 | bet  16,000원 PLAYER | P:3♥ 3♠=6  B:J♥ 5♠ Q♥=5  PLAYER(W)  | +16,000원 → 100,000원  [end_win]
H3903 | bet   1,000원 BANKER | P:10♥ J♥=0  B:A♣ 7♥=8  BANKER(W)  | +950원 → 100,950원
H3904 | bet   1,000원 BANKER | P:2♥ A♣=3  B:A♥ 8♥=9  BANKER(W)  | +950원 → 101,900원
H3905 | bet   1,000원 BANKER | P:K♠ K♣ 8♦=8  B:7♥ 6♠=3  PLAYER(L)  | -1,000원 → 100,900원  [start]
H3906 | bet   2,000원 PLAYER | P:6♥ 4♦ 4♣=4  B:A♦ 4♦ 3♥=8  BANKER(L)  | -2,000원 → 98,900원
H3907 | bet   4,000원 PLAYER | P:10♠ 7♠=7  B:5♣ 4♠=9  BANKER(L)  | -4,000원 → 94,900원
H3908 | bet   8,000원 PLAYER | P:2♣ A♦=3  B:5♣ 3♥=8  BANKER(L)  | -8,000원 → 86,900원
H3909 | bet  16,000원 PLAYER | P:A♥ 6♦=7  B:10♠ 8♣=8  BANKER(L)  | -16,000원 → 70,900원  [end_giveup]
H3910 | bet   1,000원 BANKER | P:2♠ 4♣=6  B:3♣ 2♣ 3♥=8  BANKER(W)  | +950원 → 71,850원
H3911 | bet   1,000원 BANKER | P:10♣ 2♠=2  B:Q♣ 9♠=9  BANKER(W)  | +950원 → 72,800원
H3912 | bet   1,000원 BANKER | P:K♥ 7♦=7  B:10♥ A♣ 10♣=1  PLAYER(L)  | -1,000원 → 71,800원  [start]
H3913 | bet   2,000원 PLAYER | P:10♦ 6♦=6  B:5♥ 6♠ 2♦=3  PLAYER(W)  | +2,000원 → 73,800원  [end_win]
H3914 | bet   1,000원 BANKER | P:2♥ 2♦ 6♦=0  B:8♦ 9♣=7  BANKER(W)  | +950원 → 74,750원
H3915 | bet   1,000원 BANKER | P:5♠ 10♠ 6♣=1  B:J♥ 10♠ 2♠=2  BANKER(W)  | +950원 → 75,700원
H3916 | bet   1,000원 BANKER | P:10♦ K♥ J♥=0  B:8♥ 8♦=6  BANKER(W)  | +950원 → 76,650원
H3917 | bet   1,000원 BANKER | P:K♣ Q♠ J♠=0  B:J♣ 6♣=6  BANKER(W)  | +950원 → 77,600원
H3918 | bet   1,000원 BANKER | P:A♠ 2♣ 4♥=7  B:4♠ 7♠ K♠=1  PLAYER(L)  | -1,000원 → 76,600원  [start]
H3919 | bet   2,000원 PLAYER | P:K♠ 2♣ 2♠=4  B:J♦ J♣ 3♦=3  PLAYER(W)  | +2,000원 → 78,600원  [end_win]
H3920 | bet   1,000원 BANKER | P:A♠ 3♥ J♦=4  B:A♦ 6♠=7  BANKER(W)  | +950원 → 79,550원
H3921 | bet   1,000원 BANKER | P:6♦ 4♦ 9♦=9  B:A♦ 5♠=6  PLAYER(L)  | -1,000원 → 78,550원  [start]
H3922 | bet   2,000원 PLAYER | P:6♦ A♣=7  B:9♥ 9♠=8  BANKER(L)  | -2,000원 → 76,550원
H3923 | bet   4,000원 PLAYER | P:A♣ Q♦=1  B:9♠ J♠=9  BANKER(L)  | -4,000원 → 72,550원
H3924 | bet   8,000원 PLAYER | P:J♦ 9♥=9  B:2♥ 3♥=5  PLAYER(W)  | +8,000원 → 80,550원  [end_win]
H3925 | bet   1,000원 BANKER | P:4♠ 10♣ K♥=4  B:6♠ 4♥ 2♣=2  PLAYER(L)  | -1,000원 → 79,550원  [start]
H3926 | bet   2,000원 PLAYER | P:7♠ K♦=7  B:6♥ 2♥=8  BANKER(L)  | -2,000원 → 77,550원
H3927 | bet   4,000원 PLAYER | P:Q♣ 8♥=8  B:K♣ J♦=0  PLAYER(W)  | +4,000원 → 81,550원  [end_win]
H3928 | bet   1,000원 BANKER | P:8♣ 2♠ Q♥=0  B:5♦ 10♣=5  BANKER(W)  | +950원 → 82,500원
H3929 | bet   1,000원 BANKER | P:10♦ A♣=1  B:J♠ 9♦=9  BANKER(W)  | +950원 → 83,450원
H3930 | bet   1,000원 BANKER | P:7♣ K♥=7  B:6♠ 9♦ K♥=5  PLAYER(L)  | -1,000원 → 82,450원  [start]
H3931 | bet   2,000원 PLAYER | P:J♦ 10♠=0  B:Q♦ 8♥=8  BANKER(L)  | -2,000원 → 80,450원
H3932 | bet   4,000원 PLAYER | P:3♠ Q♠ J♥=3  B:7♣ 8♣=5  BANKER(L)  | -4,000원 → 76,450원
H3933 | bet   8,000원 PLAYER | P:7♣ Q♥=7  B:4♥ 2♠=6  PLAYER(W)  | +8,000원 → 84,450원  [end_win]
H3934 | bet   1,000원 BANKER | P:8♠ 5♥ 6♣=9  B:8♣ 9♣=7  PLAYER(L)  | -1,000원 → 83,450원  [start]
H3935 | bet   2,000원 PLAYER | P:6♣ 9♣ A♥=6  B:5♠ 7♦ Q♠=2  PLAYER(W)  | +2,000원 → 85,450원  [end_win]
H3936 | bet   1,000원 BANKER | P:Q♠ J♦ 2♥=2  B:K♦ 5♣=5  BANKER(W)  | +950원 → 86,400원
H3937 | bet   1,000원 BANKER | P:6♦ 4♠ K♥=0  B:Q♠ J♦ J♣=0  TIE(T)  |     0원 → 86,400원
H3938 | bet   1,000원 BANKER | P:4♠ 3♠=7  B:4♠ 5♥=9  BANKER(W)  | +950원 → 87,350원
H3939 | bet   1,000원 BANKER | P:9♥ 7♣=6  B:3♦ 4♦=7  BANKER(W)  | +950원 → 88,300원
H3940 | bet   1,000원 BANKER | P:6♦ 4♠ 8♠=8  B:2♦ 9♦ 10♣=1  PLAYER(L)  | -1,000원 → 87,300원  [start]
H3941 | bet   2,000원 PLAYER | P:K♥ A♥=1  B:6♦ 3♥=9  BANKER(L)  | -2,000원 → 85,300원
H3942 | bet   4,000원 PLAYER | P:Q♥ 9♣=9  B:7♠ 4♠=1  PLAYER(W)  | +4,000원 → 89,300원  [end_win]
H3943 | bet   1,000원 BANKER | P:2♥ 5♦=7  B:7♥ 8♠ 10♣=5  PLAYER(L)  | -1,000원 → 88,300원  [start]
H3944 | bet   2,000원 PLAYER | P:2♦ J♥ 4♣=6  B:10♠ K♥ 2♠=2  PLAYER(W)  | +2,000원 → 90,300원  [end_win]
H3945 | bet   1,000원 BANKER | P:7♣ 8♥ 2♥=7  B:A♦ 3♦ 10♥=4  PLAYER(L)  | -1,000원 → 89,300원  [start]
H3946 | bet   2,000원 PLAYER | P:6♣ 9♦ 5♠=0  B:9♦ 3♦ 6♣=8  BANKER(L)  | -2,000원 → 87,300원
H3947 | bet   4,000원 PLAYER | P:A♦ 10♣ J♠=1  B:A♥ K♦ 10♣=1  TIE(T)  |     0원 → 87,300원
H3948 | bet   4,000원 PLAYER | P:3♦ 10♦=3  B:8♣ Q♣=8  BANKER(L)  | -4,000원 → 83,300원
H3949 | bet   8,000원 PLAYER | P:10♥ 7♦=7  B:J♦ 10♥ Q♠=0  PLAYER(W)  | +8,000원 → 91,300원  [end_win]
H3950 | bet   1,000원 BANKER | P:K♠ 4♠=4  B:6♥ 2♥=8  BANKER(W)  | +950원 → 92,250원
H3951 | bet   1,000원 BANKER | P:J♦ Q♦ 3♣=3  B:A♦ 9♣ 2♣=2  PLAYER(L)  | -1,000원 → 91,250원  [start]
H3952 | bet   2,000원 PLAYER | P:Q♥ K♦ 6♠=6  B:8♥ 7♥ 2♣=7  BANKER(L)  | -2,000원 → 89,250원
H3953 | bet   4,000원 PLAYER | P:J♣ Q♥ 2♥=2  B:3♣ 10♠ Q♥=3  BANKER(L)  | -4,000원 → 85,250원
H3954 | bet   8,000원 PLAYER | P:K♣ 2♥ 8♦=0  B:K♦ Q♠ 5♣=5  BANKER(L)  | -8,000원 → 77,250원
H3955 | bet  16,000원 PLAYER | P:K♥ 2♣=2  B:8♠ Q♦=8  BANKER(L)  | -16,000원 → 61,250원  [end_giveup]
H3956 | bet   1,000원 BANKER | P:9♥ 2♦ Q♣=1  B:5♣ 6♣ 2♣=3  BANKER(W)  | +950원 → 62,200원
H3957 | bet   1,000원 BANKER | P:3♥ 8♦ 2♣=3  B:7♦ Q♠=7  BANKER(W)  | +950원 → 63,150원
H3958 | bet   1,000원 BANKER | P:7♥ 3♣ 7♦=7  B:10♥ K♣ Q♣=0  PLAYER(L)  | -1,000원 → 62,150원  [start]
H3959 | bet   2,000원 PLAYER | P:9♠ A♦ 7♠=7  B:A♣ 2♣ 9♦=2  PLAYER(W)  | +2,000원 → 64,150원  [end_win]
H3960 | bet   1,000원 BANKER | P:Q♦ 3♥=3  B:8♥ J♥=8  BANKER(W)  | +950원 → 65,100원
H3961 | bet   1,000원 BANKER | P:A♠ 3♦ 10♥=4  B:6♣ 4♣ 5♦=5  BANKER(W)  | +950원 → 66,050원
H3962 | bet   1,000원 BANKER | P:K♣ 7♠=7  B:6♠ 10♠=6  PLAYER(L)  | -1,000원 → 65,050원  [start]
H3963 | bet   2,000원 PLAYER | P:8♣ 6♠ 8♦=2  B:K♥ 2♠ 6♥=8  BANKER(L)  | -2,000원 → 63,050원
H3964 | bet   4,000원 PLAYER | P:3♣ 5♥=8  B:Q♠ J♣=0  PLAYER(W)  | +4,000원 → 67,050원  [end_win]
H3965 | bet   1,000원 BANKER | P:6♥ 7♣ 8♠=1  B:A♦ 2♦=3  BANKER(W)  | +950원 → 68,000원
H3966 | bet   1,000원 BANKER | P:5♠ K♠ 2♣=7  B:J♦ 4♥ 9♥=3  PLAYER(L)  | -1,000원 → 67,000원  [start]
H3967 | bet   2,000원 PLAYER | P:A♣ 2♥ 10♦=3  B:4♥ 9♦ 5♣=8  BANKER(L)  | -2,000원 → 65,000원
H3968 | bet   4,000원 PLAYER | P:10♦ 8♦=8  B:A♠ 3♥=4  PLAYER(W)  | +4,000원 → 69,000원  [end_win]
H3969 | bet   1,000원 BANKER | P:3♠ 8♠ 4♦=5  B:7♠ 5♦ 4♦=6  BANKER(W)  | +950원 → 69,950원
H3970 | bet   1,000원 BANKER | P:5♥ 7♣ 2♦=4  B:J♥ 5♣=5  BANKER(W)  | +950원 → 70,900원
H3971 | bet   1,000원 BANKER | P:2♠ J♥ K♠=2  B:J♠ 7♠=7  BANKER(W)  | +950원 → 71,850원
H3972 | bet   1,000원 BANKER | P:10♦ 9♣=9  B:4♣ 5♦=9  TIE(T)  |     0원 → 71,850원
H3973 | bet   1,000원 BANKER | P:3♠ 9♠ J♠=2  B:9♥ 6♣=5  BANKER(W)  | +950원 → 72,800원
H3974 | bet   1,000원 BANKER | P:5♠ 5♦ Q♥=0  B:7♥ Q♦=7  BANKER(W)  | +950원 → 73,750원
H3975 | bet   1,000원 BANKER | P:5♥ A♠=6  B:6♦ 7♠ 8♦=1  PLAYER(L)  | -1,000원 → 72,750원  [start]
H3976 | bet   2,000원 PLAYER | P:K♥ J♠ 8♣=8  B:7♣ 8♦=5  PLAYER(W)  | +2,000원 → 74,750원  [end_win]
H3977 | bet   1,000원 BANKER | P:7♥ J♣=7  B:8♥ 4♣ Q♥=2  PLAYER(L)  | -1,000원 → 73,750원  [start]
H3978 | bet   2,000원 PLAYER | P:A♠ 3♠ Q♠=4  B:4♦ K♣=4  TIE(T)  |     0원 → 73,750원
H3979 | bet   2,000원 PLAYER | P:2♣ 4♦=6  B:2♠ J♥ 10♣=2  PLAYER(W)  | +2,000원 → 75,750원  [end_win]
H3980 | bet   1,000원 BANKER | P:A♣ A♠ 9♠=1  B:6♠ 4♣ 9♣=9  BANKER(W)  | +950원 → 76,700원
H3981 | bet   1,000원 BANKER | P:5♠ 4♥=9  B:10♠ 9♠=9  TIE(T)  |     0원 → 76,700원
H3982 | bet   1,000원 BANKER | P:6♦ 2♠=8  B:8♣ 3♠=1  PLAYER(L)  | -1,000원 → 75,700원  [start]
H3983 | bet   2,000원 PLAYER | P:3♦ 8♥=1  B:J♦ 8♣=8  BANKER(L)  | -2,000원 → 73,700원
H3984 | bet   4,000원 PLAYER | P:J♥ K♦ 9♣=9  B:4♣ J♦=4  PLAYER(W)  | +4,000원 → 77,700원  [end_win]
H3985 | bet   1,000원 BANKER | P:Q♦ A♥ A♠=2  B:3♦ J♣ Q♥=3  BANKER(W)  | +950원 → 78,650원
H3986 | bet   1,000원 BANKER | P:6♦ 9♣ 10♦=5  B:5♠ 6♥ 4♦=5  TIE(T)  |     0원 → 78,650원
H3987 | bet   1,000원 BANKER | P:K♠ 9♠=9  B:7♥ J♠=7  PLAYER(L)  | -1,000원 → 77,650원  [start]
H3988 | bet   2,000원 PLAYER | P:K♣ A♣ 5♥=6  B:3♦ A♦ 5♠=9  BANKER(L)  | -2,000원 → 75,650원
H3989 | bet   4,000원 PLAYER | P:9♥ 5♣=4  B:9♣ 10♦=9  BANKER(L)  | -4,000원 → 71,650원
H3990 | bet   8,000원 PLAYER | P:6♠ 5♣ 6♣=7  B:7♣ K♦=7  TIE(T)  |     0원 → 71,650원
H3991 | bet   8,000원 PLAYER | P:4♣ A♥ K♥=5  B:J♦ Q♥ 5♥=5  TIE(T)  |     0원 → 71,650원
H3992 | bet   8,000원 PLAYER | P:5♠ A♦=6  B:3♣ 9♥ 4♣=6  TIE(T)  |     0원 → 71,650원
H3993 | bet   8,000원 PLAYER | P:9♥ 6♠=5  B:7♦ 2♠=9  BANKER(L)  | -8,000원 → 63,650원
H3994 | bet  16,000원 PLAYER | P:A♦ 10♣ 7♣=8  B:5♥ 9♠ 2♦=6  PLAYER(W)  | +16,000원 → 79,650원  [end_win]
H3995 | bet   1,000원 BANKER | P:3♥ 9♦=2  B:A♥ 7♦=8  BANKER(W)  | +950원 → 80,600원
H3996 | bet   1,000원 BANKER | P:4♥ 9♣=3  B:7♦ A♠=8  BANKER(W)  | +950원 → 81,550원
H3997 | bet   1,000원 BANKER | P:8♠ K♠=8  B:4♦ 10♣=4  PLAYER(L)  | -1,000원 → 80,550원  [start]
H3998 | bet   2,000원 PLAYER | P:J♠ 10♥ 2♠=2  B:6♠ J♣=6  BANKER(L)  | -2,000원 → 78,550원
H3999 | bet   4,000원 PLAYER | P:3♣ J♥=3  B:8♥ 10♥=8  BANKER(L)  | -4,000원 → 74,550원
H4000 | bet   8,000원 PLAYER | P:J♥ 6♦=6  B:Q♦ Q♣ 9♠=9  BANKER(L)  | -8,000원 → 66,550원
H4001 | bet  16,000원 PLAYER | P:10♠ 4♥ Q♣=4  B:8♠ 5♠ 5♣=8  BANKER(L)  | -16,000원 → 50,550원  [end_giveup]
H4002 | bet   1,000원 BANKER | P:A♥ Q♦ A♣=2  B:K♦ 6♣=6  BANKER(W)  | +950원 → 51,500원
H4003 | bet   1,000원 BANKER | P:6♥ A♣=7  B:Q♠ 9♦=9  BANKER(W)  | +950원 → 52,450원
H4004 | bet   1,000원 BANKER | P:A♥ 5♦=6  B:Q♣ J♦ K♣=0  PLAYER(L)  | -1,000원 → 51,450원  [start]
H4005 | bet   2,000원 PLAYER | P:10♦ 7♦=7  B:3♠ 2♠ 2♦=7  TIE(T)  |     0원 → 51,450원
H4006 | bet   2,000원 PLAYER | P:K♠ A♣ 8♥=9  B:6♥ 6♥ 8♣=0  PLAYER(W)  | +2,000원 → 53,450원  [end_win]
H4007 | bet   1,000원 BANKER | P:6♠ A♠=7  B:Q♣ 8♣=8  BANKER(W)  | +950원 → 54,400원
H4008 | bet   1,000원 BANKER | P:6♦ K♣=6  B:K♦ 7♠=7  BANKER(W)  | +950원 → 55,350원
H4009 | bet   1,000원 BANKER | P:4♥ K♣ 8♠=2  B:3♠ 3♠=6  BANKER(W)  | +950원 → 56,300원
H4010 | bet   1,000원 BANKER | P:A♥ Q♠ K♠=1  B:10♥ 3♥ 7♠=0  PLAYER(L)  | -1,000원 → 55,300원  [start]
H4011 | bet   2,000원 PLAYER | P:4♥ J♣ 5♦=9  B:2♥ 8♥ J♣=0  PLAYER(W)  | +2,000원 → 57,300원  [end_win]
H4012 | bet   1,000원 BANKER | P:Q♣ 2♦ 10♣=2  B:3♣ 2♥=5  BANKER(W)  | +950원 → 58,250원
H4013 | bet   1,000원 BANKER | P:J♠ K♠ 3♥=3  B:4♦ 7♥ 4♠=5  BANKER(W)  | +950원 → 59,200원
H4014 | bet   1,000원 BANKER | P:Q♦ A♣=1  B:5♥ 4♠=9  BANKER(W)  | +950원 → 60,150원
H4015 | bet   1,000원 BANKER | P:10♠ K♦=0  B:6♥ 3♥=9  BANKER(W)  | +950원 → 61,100원
H4016 | bet   1,000원 BANKER | P:8♦ 7♥=5  B:3♣ 6♣=9  BANKER(W)  | +950원 → 62,050원
H4017 | bet   1,000원 BANKER | P:5♣ 8♣=3  B:9♦ 10♠=9  BANKER(W)  | +950원 → 63,000원
H4018 | bet   1,000원 BANKER | P:6♣ 8♠ 9♥=3  B:J♦ J♠ 8♠=8  BANKER(W)  | +950원 → 63,950원
H4019 | bet   1,000원 BANKER | P:10♥ 3♦=3  B:3♥ 5♠=8  BANKER(W)  | +950원 → 64,900원
H4020 | bet   1,000원 BANKER | P:6♦ 10♣=6  B:5♣ J♣ 9♠=4  PLAYER(L)  | -1,000원 → 63,900원  [start]
H4021 | bet   2,000원 PLAYER | P:2♦ 10♥=2  B:8♣ J♥=8  BANKER(L)  | -2,000원 → 61,900원
H4022 | bet   4,000원 PLAYER | P:9♠ J♠=9  B:Q♥ 5♠=5  PLAYER(W)  | +4,000원 → 65,900원  [end_win]
H4023 | bet   1,000원 BANKER | P:9♠ Q♦=9  B:6♦ Q♥=6  PLAYER(L)  | -1,000원 → 64,900원  [start]
H4024 | bet   2,000원 PLAYER | P:8♠ 4♣ 2♦=4  B:Q♠ 4♠ J♦=4  TIE(T)  |     0원 → 64,900원
H4025 | bet   2,000원 PLAYER | P:8♦ 8♥=6  B:Q♣ 6♠=6  TIE(T)  |     0원 → 64,900원
H4026 | bet   2,000원 PLAYER | P:A♦ 3♣ 3♠=7  B:10♥ K♣ 3♥=3  PLAYER(W)  | +2,000원 → 66,900원  [end_win]
H4027 | bet   1,000원 BANKER | P:5♦ 9♣ 6♦=0  B:10♣ J♣ 7♥=7  BANKER(W)  | +950원 → 67,850원
H4028 | bet   1,000원 BANKER | P:J♠ J♠ 6♣=6  B:2♠ J♣ 3♦=5  PLAYER(L)  | -1,000원 → 66,850원  [start]
H4029 | bet   2,000원 PLAYER | P:K♣ 2♣=2  B:8♦ 10♦=8  BANKER(L)  | -2,000원 → 64,850원
H4030 | bet   4,000원 PLAYER | P:7♠ J♥=7  B:K♣ 8♦=8  BANKER(L)  | -4,000원 → 60,850원
H4031 | bet   8,000원 PLAYER | P:7♣ K♠=7  B:9♣ K♠=9  BANKER(L)  | -8,000원 → 52,850원
H4032 | bet  16,000원 PLAYER | P:8♥ 4♦ J♦=2  B:6♠ 4♥ 10♣=0  PLAYER(W)  | +16,000원 → 68,850원  [end_win]
H4033 | bet   1,000원 BANKER | P:5♦ 3♥=8  B:7♥ 2♥=9  BANKER(W)  | +950원 → 69,800원
H4034 | bet   1,000원 BANKER | P:K♦ 5♣ J♣=5  B:5♣ 6♦ 8♣=9  BANKER(W)  | +950원 → 70,750원
H4035 | bet   1,000원 BANKER | P:7♣ 6♥ A♥=4  B:3♥ K♥ A♦=4  TIE(T)  |     0원 → 70,750원
H4036 | bet   1,000원 BANKER | P:Q♠ K♦ 2♣=2  B:A♣ K♦ 2♥=3  BANKER(W)  | +950원 → 71,700원
H4037 | bet   1,000원 BANKER | P:6♥ 2♣=8  B:5♥ 7♦=2  PLAYER(L)  | -1,000원 → 70,700원  [start]
H4038 | bet   2,000원 PLAYER | P:5♣ 4♣=9  B:9♥ 8♣=7  PLAYER(W)  | +2,000원 → 72,700원  [end_win]
H4039 | bet   1,000원 BANKER | P:3♠ 8♥ 7♣=8  B:K♣ A♦ 4♠=5  PLAYER(L)  | -1,000원 → 71,700원  [start]
H4040 | bet   2,000원 PLAYER | P:6♥ K♦=6  B:3♦ 2♣ 2♣=7  BANKER(L)  | -2,000원 → 69,700원
H4041 | bet   4,000원 PLAYER | P:6♦ Q♥=6  B:3♠ 5♦=8  BANKER(L)  | -4,000원 → 65,700원
H4042 | bet   8,000원 PLAYER | P:A♣ 3♥ 2♥=6  B:A♦ 9♣ 6♣=6  TIE(T)  |     0원 → 65,700원
H4043 | bet   8,000원 PLAYER | P:2♠ K♥ A♥=3  B:7♣ 10♦=7  BANKER(L)  | -8,000원 → 57,700원
H4044 | bet  16,000원 PLAYER | P:4♥ 5♣=9  B:Q♦ 9♦=9  TIE(T)  |     0원 → 57,700원
H4045 | bet  16,000원 PLAYER | P:5♥ K♣=5  B:J♠ 9♦=9  BANKER(L)  | -16,000원 → 41,700원  [end_giveup]

Result: RUIN (capital_depleted)
Final: 41,700원  Hands: 4045  Bets: 3656  Wagered: 9,405,000원  Max losing streak: 12
