=== Session 29 ===
Seed: 8363943803604256569
Initial: 100,000원  Target: 500,000원  Ruin: 50,000원  Table-max: 100,000원
Strategy: martingale (pivot, steps=4)
Base bet: 1,000원  Primary side: BANKER

H001 | bet   1,000원 BANKER | P:7♣ 6♦=3  B:Q♣ 9♣=9  BANKER(W)  | +950원 → 100,950원
H002 | bet   1,000원 BANKER | P:7♠ 2♥=9  B:2♦ 8♠=0  PLAYER(L)  | -1,000원 → 99,950원  [start]
H003 | bet   2,000원 PLAYER | P:Q♠ 4♣=4  B:8♠ K♥=8  BANKER(L)  | -2,000원 → 97,950원
H004 | bet   4,000원 PLAYER | P:9♣ A♦ 8♣=8  B:J♦ 5♦=5  PLAYER(W)  | +4,000원 → 101,950원  [end_win]
H005 | bet   1,000원 BANKER | P:9♦ 7♦=6  B:5♣ A♦=6  TIE(T)  |     0원 → 101,950원
H006 | bet   1,000원 BANKER | P:5♠ 10♣ J♠=5  B:K♥ 4♠=4  PLAYER(L)  | -1,000원 → 100,950원  [start]
H007 | bet   2,000원 PLAYER | P:9♠ 5♣=4  B:8♣ Q♣=8  BANKER(L)  | -2,000원 → 98,950원
H008 | bet   4,000원 PLAYER | P:2♦ 2♥ 10♣=4  B:10♣ K♣ A♦=1  PLAYER(W)  | +4,000원 → 102,950원  [end_win]
H009 | bet   1,000원 BANKER | P:8♣ 3♣ 7♦=8  B:K♣ Q♥ J♦=0  PLAYER(L)  | -1,000원 → 101,950원  [start]
H010 | bet   2,000원 PLAYER | P:3♥ 2♣ Q♠=5  B:A♣ 3♣=4  PLAYER(W)  | +2,000원 → 103,950원  [end_win]
H011 | bet   1,000원 BANKER | P:4♦ 8♥ Q♥=2  B:3♠ 3♥=6  BANKER(W)  | +950원 → 104,900원
H012 | bet   1,000원 BANKER | P:5♥ 4♠=9  B:A♥ 2♠=3  PLAYER(L)  | -1,000원 → 103,900원  [start]
H013 | bet   2,000원 PLAYER | P:8♣ K♣=8  B:J♣ 5♦=5  PLAYER(W)  | +2,000원 → 105,900원  [end_win]
H014 | bet   1,000원 BANKER | P:5♣ 8♣ 10♥=3  B:5♠ 8♥ 8♥=1  PLAYER(L)  | -1,000원 → 104,900원  [start]
H015 | bet   2,000원 PLAYER | P:8♠ 5♠ J♥=3  B:K♣ 2♣ 4♥=6  BANKER(L)  | -2,000원 → 102,900원
H016 | bet   4,000원 PLAYER | P:3♣ 2♥ 6♥=1  B:6♠ 8♥ 8♦=2  BANKER(L)  | -4,000원 → 98,900원
H017 | bet   8,000원 PLAYER | P:4♣ 6♥=0  B:5♦ 3♦=8  BANKER(L)  | -8,000원 → 90,900원
H018 | bet  16,000원 PLAYER | P:4♠ 10♥ A♠=5  B:A♠ K♦ 3♦=4  PLAYER(W)  | +16,000원 → 106,900원  [end_win]
H019 | bet   1,000원 BANKER | P:5♠ K♠ 9♣=4  B:Q♥ 2♠ A♣=3  PLAYER(L)  | -1,000원 → 105,900원  [start]
H020 | bet   2,000원 PLAYER | P:9♠ 10♠=9  B:2♠ 7♣=9  TIE(T)  |     0원 → 105,900원
H021 | bet   2,000원 PLAYER | P:5♣ A♥=6  B:J♦ 3♠ 6♣=9  BANKER(L)  | -2,000원 → 103,900원
H022 | bet   4,000원 PLAYER | P:A♥ 4♥ 7♠=2  B:7♣ 10♣=7  BANKER(L)  | -4,000원 → 99,900원
H023 | bet   8,000원 PLAYER | P:A♣ 4♠ 3♥=8  B:9♥ 4♣ 6♦=9  BANKER(L)  | -8,000원 → 91,900원
H024 | bet  16,000원 PLAYER | P:9♥ K♥=9  B:K♥ 8♠=8  PLAYER(W)  | +16,000원 → 107,900원  [end_win]
H025 | bet   1,000원 BANKER | P:6♣ 9♦=5  B:K♦ 9♣=9  BANKER(W)  | +950원 → 108,850원
H026 | bet   1,000원 BANKER | P:2♦ Q♦ 9♦=1  B:6♥ 8♥=4  BANKER(W)  | +950원 → 109,800원
H027 | bet   1,000원 BANKER | P:3♥ 8♦ 5♥=6  B:5♣ Q♥ 3♦=8  BANKER(W)  | +950원 → 110,750원
H028 | bet   1,000원 BANKER | P:9♥ 10♦=9  B:7♥ 2♦=9  TIE(T)  |     0원 → 110,750원
H029 | bet   1,000원 BANKER | P:A♦ 2♠ Q♣=3  B:8♠ 4♦ 8♠=0  PLAYER(L)  | -1,000원 → 109,750원  [start]
H030 | bet   2,000원 PLAYER | P:K♣ Q♦ 4♣=4  B:A♠ 5♠=6  BANKER(L)  | -2,000원 → 107,750원
H031 | bet   4,000원 PLAYER | P:10♣ 10♦ 4♦=4  B:3♣ Q♠ 7♦=0  PLAYER(W)  | +4,000원 → 111,750원  [end_win]
H032 | bet   1,000원 BANKER | P:3♦ K♦ 8♥=1  B:J♠ 5♦=5  BANKER(W)  | +950원 → 112,700원
H033 | bet   1,000원 BANKER | P:10♦ 2♦ 2♥=4  B:5♦ 6♣ 5♥=6  BANKER(W)  | +950원 → 113,650원
H034 | bet   1,000원 BANKER | P:8♦ 7♦ 2♣=7  B:10♦ 10♦ 6♠=6  PLAYER(L)  | -1,000원 → 112,650원  [start]
H035 | bet   2,000원 PLAYER | P:5♠ 9♣=4  B:6♣ 3♥=9  BANKER(L)  | -2,000원 → 110,650원
H036 | bet   4,000원 PLAYER | P:K♦ 10♥ J♥=0  B:3♠ 7♥ 9♣=9  BANKER(L)  | -4,000원 → 106,650원
H037 | bet   8,000원 PLAYER | P:7♠ 5♣ K♥=2  B:6♥ J♣=6  BANKER(L)  | -8,000원 → 98,650원
H038 | bet  16,000원 PLAYER | P:10♦ 10♥ 2♥=2  B:9♥ A♥ 5♦=5  BANKER(L)  | -16,000원 → 82,650원  [end_giveup]
H039 | bet   1,000원 BANKER | P:3♥ 4♣=7  B:Q♦ K♣ Q♥=0  PLAYER(L)  | -1,000원 → 81,650원  [start]
H040 | bet   2,000원 PLAYER | P:J♥ A♥ 2♥=3  B:6♣ J♣=6  BANKER(L)  | -2,000원 → 79,650원
H041 | bet   4,000원 PLAYER | P:3♥ 6♦=9  B:Q♠ 3♦=3  PLAYER(W)  | +4,000원 → 83,650원  [end_win]
H042 | bet   1,000원 BANKER | P:K♥ 6♦=6  B:7♦ 2♦=9  BANKER(W)  | +950원 → 84,600원
H043 | bet   1,000원 BANKER | P:6♥ 5♥ 2♣=3  B:A♦ 4♥=5  BANKER(W)  | +950원 → 85,550원
H044 | bet   1,000원 BANKER | P:Q♣ J♣ 2♠=2  B:J♠ 3♠ J♦=3  BANKER(W)  | +950원 → 86,500원
H045 | bet   1,000원 BANKER | P:A♣ 7♥=8  B:K♣ 3♠=3  PLAYER(L)  | -1,000원 → 85,500원  [start]
H046 | bet   2,000원 PLAYER | P:J♠ 9♦=9  B:2♣ 2♦=4  PLAYER(W)  | +2,000원 → 87,500원  [end_win]
H047 | bet   1,000원 BANKER | P:6♦ 6♥ K♠=2  B:4♥ 9♠ 9♠=2  TIE(T)  |     0원 → 87,500원
H048 | bet   1,000원 BANKER | P:7♥ 3♠ 5♦=5  B:3♦ J♥ 2♣=5  TIE(T)  |     0원 → 87,500원
H049 | bet   1,000원 BANKER | P:9♥ 8♦=7  B:7♦ 10♠=7  TIE(T)  |     0원 → 87,500원
H050 | bet   1,000원 BANKER | P:A♣ 10♠ 4♥=5  B:K♥ 4♣ A♠=5  TIE(T)  |     0원 → 87,500원
H051 | bet   1,000원 BANKER | P:6♠ J♦=6  B:10♠ 10♦ 6♦=6  TIE(T)  |     0원 → 87,500원
H052 | bet   1,000원 BANKER | P:K♦ Q♦ 9♦=9  B:K♠ 6♣=6  PLAYER(L)  | -1,000원 → 86,500원  [start]
H053 | bet   2,000원 PLAYER | P:J♥ J♣ 6♣=6  B:3♣ A♠ A♦=5  PLAYER(W)  | +2,000원 → 88,500원  [end_win]
H054 | bet   1,000원 BANKER | P:Q♠ A♠ 10♣=1  B:4♥ 7♣ 7♠=8  BANKER(W)  | +950원 → 89,450원
H055 | bet   1,000원 BANKER | P:7♣ 7♣ 9♦=3  B:6♣ 7♣ 3♦=6  BANKER(W)  | +950원 → 90,400원
H056 | bet   1,000원 BANKER | P:9♥ 9♠=8  B:4♦ J♠=4  PLAYER(L)  | -1,000원 → 89,400원  [start]
H057 | bet   2,000원 PLAYER | P:3♦ Q♣ 2♣=5  B:10♥ Q♠ 5♦=5  TIE(T)  |     0원 → 89,400원
H058 | bet   2,000원 PLAYER | P:J♥ 5♠=5  B:A♦ 7♥=8  BANKER(L)  | -2,000원 → 87,400원
H059 | bet   4,000원 PLAYER | P:J♣ A♣ 4♦=5  B:Q♥ K♠ 9♦=9  BANKER(L)  | -4,000원 → 83,400원
H060 | bet   8,000원 PLAYER | P:J♥ 10♠ 6♥=6  B:A♣ 6♠=7  BANKER(L)  | -8,000원 → 75,400원
H061 | bet  16,000원 PLAYER | P:4♣ 7♥=1  B:4♦ 4♠=8  BANKER(L)  | -16,000원 → 59,400원  [end_giveup]
H062 | bet   1,000원 BANKER | P:6♦ K♠=6  B:9♥ 6♠ 10♣=5  PLAYER(L)  | -1,000원 → 58,400원  [start]
H063 | bet   2,000원 PLAYER | P:9♠ 10♠=9  B:2♠ 4♣=6  PLAYER(W)  | +2,000원 → 60,400원  [end_win]
H064 | bet   1,000원 BANKER | P:J♣ 6♥=6  B:7♠ 9♠=6  TIE(T)  |     0원 → 60,400원
H065 | bet   1,000원 BANKER | P:7♣ K♣=7  B:2♣ 9♦ 10♥=1  PLAYER(L)  | -1,000원 → 59,400원  [start]
H066 | bet   2,000원 PLAYER | P:7♠ J♠=7  B:8♣ Q♦=8  BANKER(L)  | -2,000원 → 57,400원
H067 | bet   4,000원 PLAYER | P:A♣ 6♠=7  B:A♦ 6♦=7  TIE(T)  |     0원 → 57,400원
H068 | bet   4,000원 PLAYER | P:9♣ 5♥ 5♠=9  B:2♥ 9♠ 4♦=5  PLAYER(W)  | +4,000원 → 61,400원  [end_win]
H069 | bet   1,000원 BANKER | P:K♠ 7♠=7  B:4♠ Q♦ J♦=4  PLAYER(L)  | -1,000원 → 60,400원  [start]
H070 | bet   2,000원 PLAYER | P:Q♠ Q♣ Q♣=0  B:7♦ Q♥=7  BANKER(L)  | -2,000원 → 58,400원
H071 | bet   4,000원 PLAYER | P:3♠ 7♦=0  B:8♠ A♠=9  BANKER(L)  | -4,000원 → 54,400원
H072 | bet   8,000원 PLAYER | P:2♠ Q♠ 7♥=9  B:2♠ 10♥ 8♣=0  PLAYER(W)  | +8,000원 → 62,400원  [end_win]
H073 | bet   1,000원 BANKER | P:8♦ 5♥=3  B:9♥ J♦=9  BANKER(W)  | +950원 → 63,350원
H074 | bet   1,000원 BANKER | P:Q♣ 10♥ 8♠=8  B:4♥ Q♦=4  PLAYER(L)  | -1,000원 → 62,350원  [start]
H075 | bet   2,000원 PLAYER | P:3♥ K♠=3  B:8♦ K♠=8  BANKER(L)  | -2,000원 → 60,350원
H076 | bet   4,000원 PLAYER | P:10♠ A♥ Q♥=1  B:4♦ 7♠ K♥=1  TIE(T)  |     0원 → 60,350원
H077 | bet   4,000원 PLAYER | P:J♣ J♠ 3♣=3  B:8♥ 8♦=6  BANKER(L)  | -4,000원 → 56,350원
H078 | bet   8,000원 PLAYER | P:A♠ K♦ 3♣=4  B:5♥ 5♣ K♦=0  PLAYER(W)  | +8,000원 → 64,350원  [end_win]
H079 | bet   1,000원 BANKER | P:5♥ 7♥ Q♦=2  B:3♣ 9♣ 8♥=0  PLAYER(L)  | -1,000원 → 63,350원  [start]
H080 | bet   2,000원 PLAYER | P:J♦ 8♣=8  B:5♣ 4♠=9  BANKER(L)  | -2,000원 → 61,350원
H081 | bet   4,000원 PLAYER | P:K♦ 6♠=6  B:J♠ 10♦ 4♥=4  PLAYER(W)  | +4,000원 → 65,350원  [end_win]
H082 | bet   1,000원 BANKER | P:8♥ 10♣=8  B:9♣ Q♣=9  BANKER(W)  | +950원 → 66,300원
H083 | bet   1,000원 BANKER | P:7♠ Q♥=7  B:K♦ 10♦ 5♠=5  PLAYER(L)  | -1,000원 → 65,300원  [start]
H084 | bet   2,000원 PLAYER | P:10♥ 3♦=3  B:2♦ 6♠=8  BANKER(L)  | -2,000원 → 63,300원
H085 | bet   4,000원 PLAYER | P:6♥ 7♠ 6♦=9  B:J♦ 2♣ 5♠=7  PLAYER(W)  | +4,000원 → 67,300원  [end_win]
H086 | bet   1,000원 BANKER | P:A♥ 4♠ J♠=5  B:5♦ 10♥=5  TIE(T)  |     0원 → 67,300원
H087 | bet   1,000원 BANKER | P:2♠ 10♥=2  B:A♦ 7♦=8  BANKER(W)  | +950원 → 68,250원
H088 | bet   1,000원 BANKER | P:K♦ J♣ 9♦=9  B:Q♦ J♥ J♠=0  PLAYER(L)  | -1,000원 → 67,250원  [start]
H089 | bet   2,000원 PLAYER | P:9♠ 10♦=9  B:Q♦ 7♦=7  PLAYER(W)  | +2,000원 → 69,250원  [end_win]
H090 | bet   1,000원 BANKER | P:J♥ 4♥ 4♣=8  B:Q♣ J♥ 3♦=3  PLAYER(L)  | -1,000원 → 68,250원  [start]
H091 | bet   2,000원 PLAYER | P:K♠ 2♥ 7♠=9  B:A♥ 4♥ 5♥=0  PLAYER(W)  | +2,000원 → 70,250원  [end_win]
H092 | bet   1,000원 BANKER | P:8♣ 6♠ 4♣=8  B:5♥ 5♦ 7♦=7  PLAYER(L)  | -1,000원 → 69,250원  [start]
H093 | bet   2,000원 PLAYER | P:6♦ 3♦=9  B:3♣ 4♥=7  PLAYER(W)  | +2,000원 → 71,250원  [end_win]
H094 | bet   1,000원 BANKER | P:3♥ K♥ 3♣=6  B:7♣ J♥=7  BANKER(W)  | +950원 → 72,200원
H095 | bet   1,000원 BANKER | P:3♠ 3♥=6  B:J♠ 6♣=6  TIE(T)  |     0원 → 72,200원
H096 | bet   1,000원 BANKER | P:A♥ A♦ 7♠=9  B:9♦ 5♣ 2♦=6  PLAYER(L)  | -1,000원 → 71,200원  [start]
H097 | bet   2,000원 PLAYER | P:2♥ 4♦=6  B:9♠ 7♥=6  TIE(T)  |     0원 → 71,200원
H098 | bet   2,000원 PLAYER | P:4♦ A♠ 9♣=4  B:6♣ 8♥=4  TIE(T)  |     0원 → 71,200원
H099 | bet   2,000원 PLAYER | P:8♣ 10♠=8  B:9♥ 10♣=9  BANKER(L)  | -2,000원 → 69,200원
H100 | bet   4,000원 PLAYER | P:K♣ 6♥=6  B:10♦ 8♠=8  BANKER(L)  | -4,000원 → 65,200원
H101 | bet   8,000원 PLAYER | P:A♥ 3♦ 4♥=8  B:6♣ K♠=6  PLAYER(W)  | +8,000원 → 73,200원  [end_win]
H102 | bet   1,000원 BANKER | P:7♣ K♣=7  B:6♦ 4♦ 6♠=6  PLAYER(L)  | -1,000원 → 72,200원  [start]
H103 | bet   2,000원 PLAYER | P:J♠ 3♣ 9♣=2  B:Q♥ 4♠=4  BANKER(L)  | -2,000원 → 70,200원
H104 | bet   4,000원 PLAYER | P:9♥ Q♣=9  B:10♠ 6♥=6  PLAYER(W)  | +4,000원 → 74,200원  [end_win]
H105 | bet   1,000원 BANKER | P:9♦ 8♠=7  B:9♣ 2♠ 9♣=0  PLAYER(L)  | -1,000원 → 73,200원  [start]
H106 | bet   2,000원 PLAYER | P:Q♣ K♥ 6♥=6  B:7♣ Q♠=7  BANKER(L)  | -2,000원 → 71,200원
H107 | bet   4,000원 PLAYER | P:Q♦ 8♣=8  B:Q♣ Q♠=0  PLAYER(W)  | +4,000원 → 75,200원  [end_win]
H108 | bet   1,000원 BANKER | P:8♠ 5♠ 7♠=0  B:10♥ 5♥ A♣=6  BANKER(W)  | +950원 → 76,150원
H109 | bet   1,000원 BANKER | P:A♠ 5♦=6  B:9♦ 6♦ 6♥=1  PLAYER(L)  | -1,000원 → 75,150원  [start]
H110 | bet   2,000원 PLAYER | P:3♣ 2♥ 6♥=1  B:J♣ 10♠ A♣=1  TIE(T)  |     0원 → 75,150원
H111 | bet   2,000원 PLAYER | P:Q♦ 3♥ K♠=3  B:Q♣ Q♣ 9♠=9  BANKER(L)  | -2,000원 → 73,150원
H112 | bet   4,000원 PLAYER | P:J♠ 6♣=6  B:K♦ 8♦=8  BANKER(L)  | -4,000원 → 69,150원
H113 | bet   8,000원 PLAYER | P:2♠ 4♦=6  B:3♣ 4♦=7  BANKER(L)  | -8,000원 → 61,150원
H114 | bet  16,000원 PLAYER | P:9♠ Q♠=9  B:4♣ K♥=4  PLAYER(W)  | +16,000원 → 77,150원  [end_win]
H115 | bet   1,000원 BANKER | P:8♦ K♠=8  B:8♣ 4♣=2  PLAYER(L)  | -1,000원 → 76,150원  [start]
H116 | bet   2,000원 PLAYER | P:6♥ 5♣ 4♣=5  B:7♠ Q♥=7  BANKER(L)  | -2,000원 → 74,150원
H117 | bet   4,000원 PLAYER | P:4♦ 2♦=6  B:2♠ K♣ 9♥=1  PLAYER(W)  | +4,000원 → 78,150원  [end_win]
H118 | bet   1,000원 BANKER | P:J♠ 9♥=9  B:K♣ 3♥=3  PLAYER(L)  | -1,000원 → 77,150원  [start]
H119 | bet   2,000원 PLAYER | P:8♥ K♥=8  B:3♠ A♦=4  PLAYER(W)  | +2,000원 → 79,150원  [end_win]
H120 | bet   1,000원 BANKER | P:8♥ 5♦ 3♦=6  B:A♣ 2♠ A♣=4  PLAYER(L)  | -1,000원 → 78,150원  [start]
H121 | bet   2,000원 PLAYER | P:K♣ 8♦=8  B:3♥ 4♠=7  PLAYER(W)  | +2,000원 → 80,150원  [end_win]
H122 | bet   1,000원 BANKER | P:A♣ 2♣=3  B:8♥ Q♦=8  BANKER(W)  | +950원 → 81,100원
H123 | bet   1,000원 BANKER | P:Q♥ 3♠=3  B:8♣ J♥=8  BANKER(W)  | +950원 → 82,050원
H124 | bet   1,000원 BANKER | P:9♥ 2♠=1  B:A♥ 7♥=8  BANKER(W)  | +950원 → 83,000원
H125 | bet   1,000원 BANKER | P:5♥ J♦ 10♠=5  B:A♣ 5♠=6  BANKER(W)  | +950원 → 83,950원
H126 | bet   1,000원 BANKER | P:K♦ 3♣ 2♥=5  B:3♥ 4♥=7  BANKER(W)  | +950원 → 84,900원
H127 | bet   1,000원 BANKER | P:8♣ Q♦=8  B:2♥ A♦=3  PLAYER(L)  | -1,000원 → 83,900원  [start]
H128 | bet   2,000원 PLAYER | P:8♠ K♥=8  B:9♣ 8♦=7  PLAYER(W)  | +2,000원 → 85,900원  [end_win]
H129 | bet   1,000원 BANKER | P:7♠ 5♣ 4♠=6  B:J♦ 10♠ J♦=0  PLAYER(L)  | -1,000원 → 84,900원  [start]
H130 | bet   2,000원 PLAYER | P:9♦ K♦=9  B:8♠ 4♠=2  PLAYER(W)  | +2,000원 → 86,900원  [end_win]
H131 | bet   1,000원 BANKER | P:5♦ 10♣ 4♣=9  B:7♣ 5♦ J♠=2  PLAYER(L)  | -1,000원 → 85,900원  [start]
H132 | bet   2,000원 PLAYER | P:6♣ 10♠=6  B:J♥ Q♥ J♣=0  PLAYER(W)  | +2,000원 → 87,900원  [end_win]
H133 | bet   1,000원 BANKER | P:8♦ J♣=8  B:A♠ A♠=2  PLAYER(L)  | -1,000원 → 86,900원  [start]
H134 | bet   2,000원 PLAYER | P:J♠ 3♠=3  B:9♣ 9♣=8  BANKER(L)  | -2,000원 → 84,900원
H135 | bet   4,000원 PLAYER | P:2♦ 2♠ K♠=4  B:10♥ 7♥=7  BANKER(L)  | -4,000원 → 80,900원
H136 | bet   8,000원 PLAYER | P:3♠ 8♣=1  B:7♣ 2♥=9  BANKER(L)  | -8,000원 → 72,900원
H137 | bet  16,000원 PLAYER | P:6♦ 9♥ Q♥=5  B:A♦ 10♣ 10♠=1  PLAYER(W)  | +16,000원 → 88,900원  [end_win]
H138 | bet   1,000원 BANKER | P:9♥ 10♦=9  B:10♦ 10♥=0  PLAYER(L)  | -1,000원 → 87,900원  [start]
H139 | bet   2,000원 PLAYER | P:4♠ 7♥ 6♠=7  B:3♦ 7♣ A♥=1  PLAYER(W)  | +2,000원 → 89,900원  [end_win]
H140 | bet   1,000원 BANKER | P:Q♠ 5♥ J♣=5  B:5♣ J♣=5  TIE(T)  |     0원 → 89,900원
H141 | bet   1,000원 BANKER | P:A♣ 2♥ 2♦=5  B:Q♠ 2♦ 7♠=9  BANKER(W)  | +950원 → 90,850원
H142 | bet   1,000원 BANKER | P:7♦ A♠=8  B:5♦ J♣=5  PLAYER(L)  | -1,000원 → 89,850원  [start]
H143 | bet   2,000원 PLAYER | P:K♠ 8♥=8  B:A♦ 10♣=1  PLAYER(W)  | +2,000원 → 91,850원  [end_win]
H144 | bet   1,000원 BANKER | P:9♠ 4♥=3  B:8♠ J♥=8  BANKER(W)  | +950원 → 92,800원
H145 | bet   1,000원 BANKER | P:K♦ 9♥=9  B:4♠ 8♦=2  PLAYER(L)  | -1,000원 → 91,800원  [start]
H146 | bet   2,000원 PLAYER | P:7♥ 7♣ 3♦=7  B:3♦ 9♠ 2♠=4  PLAYER(W)  | +2,000원 → 93,800원  [end_win]
H147 | bet   1,000원 BANKER | P:Q♥ 9♦=9  B:2♣ K♥=2  PLAYER(L)  | -1,000원 → 92,800원  [start]
H148 | bet   2,000원 PLAYER | P:Q♦ 8♥=8  B:2♣ Q♠=2  PLAYER(W)  | +2,000원 → 94,800원  [end_win]
H149 | bet   1,000원 BANKER | P:2♣ 7♣=9  B:4♣ 5♦=9  TIE(T)  |     0원 → 94,800원
H150 | bet   1,000원 BANKER | P:8♣ 7♥ Q♦=5  B:A♦ K♥ 10♥=1  PLAYER(L)  | -1,000원 → 93,800원  [start]
H151 | bet   2,000원 PLAYER | P:5♣ Q♥=5  B:9♠ J♦=9  BANKER(L)  | -2,000원 → 91,800원
H152 | bet   4,000원 PLAYER | P:2♦ 4♦=6  B:K♦ 3♥ 3♥=6  TIE(T)  |     0원 → 91,800원
H153 | bet   4,000원 PLAYER | P:5♥ 4♥=9  B:6♠ 7♥=3  PLAYER(W)  | +4,000원 → 95,800원  [end_win]
H154 | bet   1,000원 BANKER | P:K♣ 2♣ Q♠=2  B:4♥ A♥=5  BANKER(W)  | +950원 → 96,750원
H155 | bet   1,000원 BANKER | P:5♠ 6♠=1  B:3♣ 5♠=8  BANKER(W)  | +950원 → 97,700원
H156 | bet   1,000원 BANKER | P:2♣ J♦ 8♠=0  B:A♣ 10♦ 5♠=6  BANKER(W)  | +950원 → 98,650원
H157 | bet   1,000원 BANKER | P:6♣ 9♦ A♦=6  B:K♣ 6♦=6  TIE(T)  |     0원 → 98,650원
H158 | bet   1,000원 BANKER | P:A♥ K♠ 6♠=7  B:J♣ 6♣ 2♦=8  BANKER(W)  | +950원 → 99,600원
H159 | bet   1,000원 BANKER | P:10♦ 5♥ A♠=6  B:4♣ 6♣ 7♦=7  BANKER(W)  | +950원 → 100,550원
H160 | bet   1,000원 BANKER | P:4♠ J♦ 8♠=2  B:7♥ 9♠=6  BANKER(W)  | +950원 → 101,500원
H161 | bet   1,000원 BANKER | P:K♥ 10♣ A♠=1  B:8♦ 5♣ 6♦=9  BANKER(W)  | +950원 → 102,450원
H162 | bet   1,000원 BANKER | P:10♥ 3♠=3  B:5♣ 3♠=8  BANKER(W)  | +950원 → 103,400원
H163 | bet   1,000원 BANKER | P:K♣ 5♣ 4♦=9  B:K♦ 5♠ 10♣=5  PLAYER(L)  | -1,000원 → 102,400원  [start]
H164 | bet   2,000원 PLAYER | P:J♥ 7♦=7  B:A♠ 7♦=8  BANKER(L)  | -2,000원 → 100,400원
H165 | bet   4,000원 PLAYER | P:J♦ 8♥=8  B:9♦ Q♠=9  BANKER(L)  | -4,000원 → 96,400원
H166 | bet   8,000원 PLAYER | P:5♥ 2♣=7  B:3♣ K♠ 10♣=3  PLAYER(W)  | +8,000원 → 104,400원  [end_win]
H167 | bet   1,000원 BANKER | P:K♥ 6♦=6  B:10♦ A♥ A♠=2  PLAYER(L)  | -1,000원 → 103,400원  [start]
H168 | bet   2,000원 PLAYER | P:5♥ 4♦=9  B:6♥ 4♣=0  PLAYER(W)  | +2,000원 → 105,400원  [end_win]
H169 | bet   1,000원 BANKER | P:7♠ 3♦ A♣=1  B:5♥ 6♣ 9♦=0  PLAYER(L)  | -1,000원 → 104,400원  [start]
H170 | bet   2,000원 PLAYER | P:A♠ 7♦=8  B:K♣ J♦=0  PLAYER(W)  | +2,000원 → 106,400원  [end_win]
H171 | bet   1,000원 BANKER | P:3♦ Q♥ 5♠=8  B:4♠ 3♦=7  PLAYER(L)  | -1,000원 → 105,400원  [start]
H172 | bet   2,000원 PLAYER | P:2♦ J♥=2  B:5♦ 4♠=9  BANKER(L)  | -2,000원 → 103,400원
H173 | bet   4,000원 PLAYER | P:2♦ K♦ A♦=3  B:10♣ 10♠ Q♦=0  PLAYER(W)  | +4,000원 → 107,400원  [end_win]
H174 | bet   1,000원 BANKER | P:Q♠ 10♥ 6♥=6  B:J♠ 2♥ K♥=2  PLAYER(L)  | -1,000원 → 106,400원  [start]
H175 | bet   2,000원 PLAYER | P:3♣ Q♣=3  B:9♣ K♣=9  BANKER(L)  | -2,000원 → 104,400원
H176 | bet   4,000원 PLAYER | P:4♦ 5♥=9  B:Q♥ A♥=1  PLAYER(W)  | +4,000원 → 108,400원  [end_win]
H177 | bet   1,000원 BANKER | P:J♣ 9♠=9  B:2♠ 9♣=1  PLAYER(L)  | -1,000원 → 107,400원  [start]
H178 | bet   2,000원 PLAYER | P:J♠ 5♣ 10♠=5  B:7♣ 9♣=6  BANKER(L)  | -2,000원 → 105,400원
H179 | bet   4,000원 PLAYER | P:10♠ J♠ 9♦=9  B:J♠ 6♠=6  PLAYER(W)  | +4,000원 → 109,400원  [end_win]
H180 | bet   1,000원 BANKER | P:Q♥ 5♦ J♦=5  B:5♥ 2♠=7  BANKER(W)  | +950원 → 110,350원
H181 | bet   1,000원 BANKER | P:5♣ 6♠ 4♦=5  B:10♠ 10♦ J♦=0  PLAYER(L)  | -1,000원 → 109,350원  [start]
H182 | bet   2,000원 PLAYER | P:3♣ Q♦=3  B:9♦ K♣=9  BANKER(L)  | -2,000원 → 107,350원
H183 | bet   4,000원 PLAYER | P:6♣ 7♥ 10♣=3  B:2♣ 10♥ 5♠=7  BANKER(L)  | -4,000원 → 103,350원
H184 | bet   8,000원 PLAYER | P:10♣ 9♠=9  B:K♠ Q♦=0  PLAYER(W)  | +8,000원 → 111,350원  [end_win]
H185 | bet   1,000원 BANKER | P:5♥ 7♠=2  B:8♥ A♠=9  BANKER(W)  | +950원 → 112,300원
H186 | bet   1,000원 BANKER | P:K♦ 9♦=9  B:2♥ K♣=2  PLAYER(L)  | -1,000원 → 111,300원  [start]
H187 | bet   2,000원 PLAYER | P:3♠ A♥ Q♥=4  B:3♥ 10♦ 7♦=0  PLAYER(W)  | +2,000원 → 113,300원  [end_win]
H188 | bet   1,000원 BANKER | P:9♣ 10♦=9  B:5♦ 4♦=9  TIE(T)  |     0원 → 113,300원
H189 | bet   1,000원 BANKER | P:7♠ 9♣=6  B:2♦ 3♦ 7♣=2  PLAYER(L)  | -1,000원 → 112,300원  [start]
H190 | bet   2,000원 PLAYER | P:9♦ 3♦=2  B:K♠ 8♥=8  BANKER(L)  | -2,000원 → 110,300원
H191 | bet   4,000원 PLAYER | P:5♣ 5♥ 7♣=7  B:4♣ 3♦=7  TIE(T)  |     0원 → 110,300원
H192 | bet   4,000원 PLAYER | P:K♠ 3♣=3  B:6♦ 3♥=9  BANKER(L)  | -4,000원 → 106,300원
H193 | bet   8,000원 PLAYER | P:6♥ 2♦=8  B:K♦ K♠=0  PLAYER(W)  | +8,000원 → 114,300원  [end_win]
H194 | bet   1,000원 BANKER | P:8♠ J♠=8  B:4♣ A♣=5  PLAYER(L)  | -1,000원 → 113,300원  [start]
H195 | bet   2,000원 PLAYER | P:A♠ 3♣ J♥=4  B:4♥ A♥=5  BANKER(L)  | -2,000원 → 111,300원
H196 | bet   4,000원 PLAYER | P:6♦ 8♠ A♠=5  B:5♦ J♣=5  TIE(T)  |     0원 → 111,300원
H197 | bet   4,000원 PLAYER | P:3♦ 5♥=8  B:K♥ 8♥=8  TIE(T)  |     0원 → 111,300원
H198 | bet   4,000원 PLAYER | P:J♣ K♣ 6♥=6  B:8♠ 9♣=7  BANKER(L)  | -4,000원 → 107,300원
H199 | bet   8,000원 PLAYER | P:Q♦ Q♠=0  B:8♦ J♠=8  BANKER(L)  | -8,000원 → 99,300원
H200 | bet  16,000원 PLAYER | P:A♣ 2♣ 6♠=9  B:2♣ 2♠ 8♣=2  PLAYER(W)  | +16,000원 → 115,300원  [end_win]
H201 | bet   1,000원 BANKER | P:5♣ 3♣=8  B:K♦ 2♠=2  PLAYER(L)  | -1,000원 → 114,300원  [start]
H202 | bet   2,000원 PLAYER | P:K♥ 3♠ K♣=3  B:J♥ J♣ J♣=0  PLAYER(W)  | +2,000원 → 116,300원  [end_win]
H203 | bet   1,000원 BANKER | P:3♣ 7♣ 2♥=2  B:6♥ K♠=6  BANKER(W)  | +950원 → 117,250원
H204 | bet   1,000원 BANKER | P:7♦ 4♦ 2♠=3  B:2♥ 3♣=5  BANKER(W)  | +950원 → 118,200원
H205 | bet   1,000원 BANKER | P:8♠ 6♦ Q♠=4  B:10♦ Q♣ 9♥=9  BANKER(W)  | +950원 → 119,150원
H206 | bet   1,000원 BANKER | P:A♦ 10♦ 3♠=4  B:2♦ 10♥ 8♦=0  PLAYER(L)  | -1,000원 → 118,150원  [start]
H207 | bet   2,000원 PLAYER | P:K♠ 10♥=0  B:9♠ K♣=9  BANKER(L)  | -2,000원 → 116,150원
H208 | bet   4,000원 PLAYER | P:9♠ 7♣=6  B:7♥ 7♦ 4♠=8  BANKER(L)  | -4,000원 → 112,150원
H209 | bet   8,000원 PLAYER | P:3♦ 4♠=7  B:7♠ 4♠ 10♣=1  PLAYER(W)  | +8,000원 → 120,150원  [end_win]
H210 | bet   1,000원 BANKER | P:5♥ J♠ A♥=6  B:3♥ 3♥=6  TIE(T)  |     0원 → 120,150원
H211 | bet   1,000원 BANKER | P:J♣ 4♥ 3♠=7  B:A♣ 4♣=5  PLAYER(L)  | -1,000원 → 119,150원  [start]
H212 | bet   2,000원 PLAYER | P:5♣ J♥ Q♠=5  B:7♠ 6♥ 5♠=8  BANKER(L)  | -2,000원 → 117,150원
H213 | bet   4,000원 PLAYER | P:5♦ 4♥=9  B:Q♣ A♥=1  PLAYER(W)  | +4,000원 → 121,150원  [end_win]
H214 | bet   1,000원 BANKER | P:4♠ J♦ 6♣=0  B:7♦ 8♥ 5♠=0  TIE(T)  |     0원 → 121,150원
H215 | bet   1,000원 BANKER | P:6♥ 7♥ 4♥=7  B:10♥ 7♣=7  TIE(T)  |     0원 → 121,150원
H216 | bet   1,000원 BANKER | P:2♥ K♦ 4♣=6  B:4♥ A♣ 8♠=3  PLAYER(L)  | -1,000원 → 120,150원  [start]
H217 | bet   2,000원 PLAYER | P:A♦ A♦ 6♦=8  B:7♥ 10♦=7  PLAYER(W)  | +2,000원 → 122,150원  [end_win]
H218 | bet   1,000원 BANKER | P:8♣ 3♥=1  B:9♥ 9♥=8  BANKER(W)  | +950원 → 123,100원
H219 | bet   1,000원 BANKER | P:2♣ 9♦ 6♦=7  B:2♣ 10♠ 9♥=1  PLAYER(L)  | -1,000원 → 122,100원  [start]
H220 | bet   2,000원 PLAYER | P:8♣ Q♣=8  B:9♠ 6♥=5  PLAYER(W)  | +2,000원 → 124,100원  [end_win]
H221 | bet   1,000원 BANKER | P:10♥ A♠=1  B:6♠ 2♦=8  BANKER(W)  | +950원 → 125,050원
H222 | bet   1,000원 BANKER | P:8♠ 2♠ 7♥=7  B:4♦ 8♦ 5♦=7  TIE(T)  |     0원 → 125,050원
H223 | bet   1,000원 BANKER | P:2♠ 3♠ 3♠=8  B:10♣ K♥ 2♥=2  PLAYER(L)  | -1,000원 → 124,050원  [start]
H224 | bet   2,000원 PLAYER | P:9♦ J♦=9  B:4♦ A♠=5  PLAYER(W)  | +2,000원 → 126,050원  [end_win]
H225 | bet   1,000원 BANKER | P:7♦ 8♥ 4♥=9  B:2♣ A♦ K♠=3  PLAYER(L)  | -1,000원 → 125,050원  [start]
H226 | bet   2,000원 PLAYER | P:J♥ Q♦ 2♦=2  B:9♥ 3♠ A♦=3  BANKER(L)  | -2,000원 → 123,050원
H227 | bet   4,000원 PLAYER | P:9♠ 9♣=8  B:8♦ J♠=8  TIE(T)  |     0원 → 123,050원
H228 | bet   4,000원 PLAYER | P:A♣ Q♣ 8♥=9  B:9♣ 7♠=6  PLAYER(W)  | +4,000원 → 127,050원  [end_win]
H229 | bet   1,000원 BANKER | P:5♦ 6♠ 4♥=5  B:10♣ 10♦ 3♠=3  PLAYER(L)  | -1,000원 → 126,050원  [start]
H230 | bet   2,000원 PLAYER | P:2♠ 5♠=7  B:2♦ K♦ 8♠=0  PLAYER(W)  | +2,000원 → 128,050원  [end_win]
H231 | bet   1,000원 BANKER | P:3♣ 7♣ 6♣=6  B:2♥ 8♦ 5♠=5  PLAYER(L)  | -1,000원 → 127,050원  [start]
H232 | bet   2,000원 PLAYER | P:A♠ 8♥=9  B:8♥ 5♣=3  PLAYER(W)  | +2,000원 → 129,050원  [end_win]
H233 | bet   1,000원 BANKER | P:Q♣ 6♣=6  B:5♣ 6♠ K♥=1  PLAYER(L)  | -1,000원 → 128,050원  [start]
H234 | bet   2,000원 PLAYER | P:8♣ 2♣=0  B:4♦ 5♠=9  BANKER(L)  | -2,000원 → 126,050원
H235 | bet   4,000원 PLAYER | P:10♥ 5♦ 6♠=1  B:7♦ 5♣ 8♠=0  PLAYER(W)  | +4,000원 → 130,050원  [end_win]
H236 | bet   1,000원 BANKER | P:Q♦ 6♣=6  B:7♠ 4♣ 8♣=9  BANKER(W)  | +950원 → 131,000원
H237 | bet   1,000원 BANKER | P:4♣ J♦ Q♦=4  B:10♠ 4♣=4  TIE(T)  |     0원 → 131,000원
H238 | bet   1,000원 BANKER | P:J♣ 8♦=8  B:9♠ Q♣=9  BANKER(W)  | +950원 → 131,950원
H239 | bet   1,000원 BANKER | P:J♦ Q♠ 10♠=0  B:Q♦ K♦ J♥=0  TIE(T)  |     0원 → 131,950원
H240 | bet   1,000원 BANKER | P:10♣ K♣ 6♣=6  B:6♣ Q♠ 3♥=9  BANKER(W)  | +950원 → 132,900원
H241 | bet   1,000원 BANKER | P:3♥ 7♠=0  B:5♠ 4♠=9  BANKER(W)  | +950원 → 133,850원
H242 | bet   1,000원 BANKER | P:A♥ A♥ Q♣=2  B:6♠ Q♥=6  BANKER(W)  | +950원 → 134,800원
H243 | bet   1,000원 BANKER | P:10♥ 7♥=7  B:10♠ 2♣ 9♥=1  PLAYER(L)  | -1,000원 → 133,800원  [start]
H244 | bet   2,000원 PLAYER | P:Q♠ 10♣=0  B:9♥ K♠=9  BANKER(L)  | -2,000원 → 131,800원
H245 | bet   4,000원 PLAYER | P:A♦ J♥ 3♥=4  B:4♥ 9♥ J♥=3  PLAYER(W)  | +4,000원 → 135,800원  [end_win]
H246 | bet   1,000원 BANKER | P:8♦ K♥=8  B:8♣ Q♠=8  TIE(T)  |     0원 → 135,800원
H247 | bet   1,000원 BANKER | P:K♦ 8♣=8  B:4♠ J♦=4  PLAYER(L)  | -1,000원 → 134,800원  [start]
H248 | bet   2,000원 PLAYER | P:7♦ A♣=8  B:Q♥ 6♦=6  PLAYER(W)  | +2,000원 → 136,800원  [end_win]
H249 | bet   1,000원 BANKER | P:J♣ 9♦=9  B:K♥ 6♦=6  PLAYER(L)  | -1,000원 → 135,800원  [start]
H250 | bet   2,000원 PLAYER | P:K♣ A♠=1  B:10♥ 9♦=9  BANKER(L)  | -2,000원 → 133,800원
H251 | bet   4,000원 PLAYER | P:J♦ 8♦=8  B:3♠ 10♣=3  PLAYER(W)  | +4,000원 → 137,800원  [end_win]
H252 | bet   1,000원 BANKER | P:9♣ 4♥ J♠=3  B:3♥ 3♣=6  BANKER(W)  | +950원 → 138,750원
H253 | bet   1,000원 BANKER | P:J♦ 7♥=7  B:3♦ A♦ 7♥=1  PLAYER(L)  | -1,000원 → 137,750원  [start]
H254 | bet   2,000원 PLAYER | P:8♣ K♥=8  B:10♠ 4♠=4  PLAYER(W)  | +2,000원 → 139,750원  [end_win]
H255 | bet   1,000원 BANKER | P:2♦ 9♠ 5♦=6  B:2♣ Q♦ 9♠=1  PLAYER(L)  | -1,000원 → 138,750원  [start]
H256 | bet   2,000원 PLAYER | P:A♦ 10♥ Q♠=1  B:8♥ 4♣ 10♥=2  BANKER(L)  | -2,000원 → 136,750원
H257 | bet   4,000원 PLAYER | P:7♥ 7♥=4  B:8♥ J♥=8  BANKER(L)  | -4,000원 → 132,750원
H258 | bet   8,000원 PLAYER | P:2♠ K♦ K♠=2  B:Q♥ 6♥=6  BANKER(L)  | -8,000원 → 124,750원
H259 | bet  16,000원 PLAYER | P:3♥ 6♥=9  B:7♠ A♥=8  PLAYER(W)  | +16,000원 → 140,750원  [end_win]
H260 | bet   1,000원 BANKER | P:A♠ 3♦=4  B:4♦ 4♠=8  BANKER(W)  | +950원 → 141,700원
H261 | bet   1,000원 BANKER | P:10♠ 10♥ Q♥=0  B:10♣ 6♣=6  BANKER(W)  | +950원 → 142,650원
H262 | bet   1,000원 BANKER | P:7♥ 6♠ 7♦=0  B:10♥ 7♣=7  BANKER(W)  | +950원 → 143,600원
H263 | bet   1,000원 BANKER | P:9♠ 5♥ 5♦=9  B:9♥ 7♣=6  PLAYER(L)  | -1,000원 → 142,600원  [start]
H264 | bet   2,000원 PLAYER | P:A♣ J♦ 4♠=5  B:4♣ Q♦ J♥=4  PLAYER(W)  | +2,000원 → 144,600원  [end_win]
H265 | bet   1,000원 BANKER | P:4♠ 6♣=0  B:A♠ 8♠=9  BANKER(W)  | +950원 → 145,550원
H266 | bet   1,000원 BANKER | P:K♠ 9♦=9  B:4♦ 2♦=6  PLAYER(L)  | -1,000원 → 144,550원  [start]
H267 | bet   2,000원 PLAYER | P:K♥ K♣ Q♥=0  B:Q♦ 4♠=4  BANKER(L)  | -2,000원 → 142,550원
H268 | bet   4,000원 PLAYER | P:K♥ 8♠=8  B:5♠ 6♣=1  PLAYER(W)  | +4,000원 → 146,550원  [end_win]
H269 | bet   1,000원 BANKER | P:5♥ 5♣ A♠=1  B:Q♦ A♣ A♦=2  BANKER(W)  | +950원 → 147,500원
H270 | bet   1,000원 BANKER | P:6♦ 6♠=2  B:9♠ K♠=9  BANKER(W)  | +950원 → 148,450원
H271 | bet   1,000원 BANKER | P:5♠ 8♦ 8♠=1  B:3♣ K♠=3  BANKER(W)  | +950원 → 149,400원
H272 | bet   1,000원 BANKER | P:J♥ J♣ J♦=0  B:Q♦ A♦ 6♣=7  BANKER(W)  | +950원 → 150,350원
H273 | bet   1,000원 BANKER | P:3♦ 4♥=7  B:K♥ Q♦ 5♠=5  PLAYER(L)  | -1,000원 → 149,350원  [start]
H274 | bet   2,000원 PLAYER | P:4♥ J♣ 5♥=9  B:9♥ 7♣=6  PLAYER(W)  | +2,000원 → 151,350원  [end_win]
H275 | bet   1,000원 BANKER | P:6♦ 10♣=6  B:K♠ 5♣ J♥=5  PLAYER(L)  | -1,000원 → 150,350원  [start]
H276 | bet   2,000원 PLAYER | P:J♣ 7♣=7  B:2♦ K♠ 8♦=0  PLAYER(W)  | +2,000원 → 152,350원  [end_win]
H277 | bet   1,000원 BANKER | P:7♣ 4♦ 10♦=1  B:6♥ Q♥=6  BANKER(W)  | +950원 → 153,300원
H278 | bet   1,000원 BANKER | P:3♠ 10♠ J♥=3  B:A♥ 9♦ 2♣=2  PLAYER(L)  | -1,000원 → 152,300원  [start]
H279 | bet   2,000원 PLAYER | P:J♦ 7♣=7  B:9♥ A♣ 2♥=2  PLAYER(W)  | +2,000원 → 154,300원  [end_win]
H280 | bet   1,000원 BANKER | P:K♦ 5♣ Q♥=5  B:Q♣ 5♦=5  TIE(T)  |     0원 → 154,300원
H281 | bet   1,000원 BANKER | P:7♦ J♦=7  B:9♠ K♦=9  BANKER(W)  | +950원 → 155,250원
H282 | bet   1,000원 BANKER | P:2♦ 3♦ A♣=6  B:K♦ Q♠ 7♦=7  BANKER(W)  | +950원 → 156,200원
H283 | bet   1,000원 BANKER | P:8♦ 6♠ A♠=5  B:9♣ 4♣ Q♣=3  PLAYER(L)  | -1,000원 → 155,200원  [start]
H284 | bet   2,000원 PLAYER | P:J♣ J♠ 6♥=6  B:10♣ 2♥ A♦=3  PLAYER(W)  | +2,000원 → 157,200원  [end_win]
H285 | bet   1,000원 BANKER | P:3♦ Q♣ Q♣=3  B:Q♠ 2♣ 3♠=5  BANKER(W)  | +950원 → 158,150원
H286 | bet   1,000원 BANKER | P:A♠ J♣=1  B:5♦ 3♣=8  BANKER(W)  | +950원 → 159,100원
H287 | bet   1,000원 BANKER | P:10♠ 4♥ 10♠=4  B:7♦ J♠=7  BANKER(W)  | +950원 → 160,050원
H288 | bet   1,000원 BANKER | P:4♦ 3♠=7  B:Q♥ 5♥ 2♠=7  TIE(T)  |     0원 → 160,050원
H289 | bet   1,000원 BANKER | P:7♦ 5♠ 2♥=4  B:2♥ 3♠=5  BANKER(W)  | +950원 → 161,000원
H290 | bet   1,000원 BANKER | P:7♠ 9♠=6  B:4♠ 3♥=7  BANKER(W)  | +950원 → 161,950원
H291 | bet   1,000원 BANKER | P:10♠ 3♣ 6♦=9  B:3♥ 10♣ 8♠=1  PLAYER(L)  | -1,000원 → 160,950원  [start]
H292 | bet   2,000원 PLAYER | P:Q♣ 10♠ K♠=0  B:Q♠ A♦ 9♠=0  TIE(T)  |     0원 → 160,950원
H293 | bet   2,000원 PLAYER | P:5♦ 2♠=7  B:6♥ Q♣=6  PLAYER(W)  | +2,000원 → 162,950원  [end_win]
H294 | bet   1,000원 BANKER | P:3♠ 5♠=8  B:2♦ A♥=3  PLAYER(L)  | -1,000원 → 161,950원  [start]
H295 | bet   2,000원 PLAYER | P:8♥ 2♣ 9♠=9  B:2♥ J♠ 10♦=2  PLAYER(W)  | +2,000원 → 163,950원  [end_win]
H296 | bet   1,000원 BANKER | P:7♣ 6♦ J♥=3  B:7♥ 6♣ Q♦=3  TIE(T)  |     0원 → 163,950원
H297 | bet   1,000원 BANKER | P:Q♠ 5♥ 10♣=5  B:10♦ 5♦=5  TIE(T)  |     0원 → 163,950원
H298 | bet   1,000원 BANKER | P:4♥ 2♣=6  B:6♠ 8♦ 7♠=1  PLAYER(L)  | -1,000원 → 162,950원  [start]
H299 | bet   2,000원 PLAYER | P:5♣ 10♣=5  B:4♣ 5♥=9  BANKER(L)  | -2,000원 → 160,950원
H300 | bet   4,000원 PLAYER | P:6♦ K♥=6  B:2♣ K♣ A♠=3  PLAYER(W)  | +4,000원 → 164,950원  [end_win]
H301 | bet   1,000원 BANKER | P:5♠ K♦ J♠=5  B:7♠ 7♥=4  PLAYER(L)  | -1,000원 → 163,950원  [start]
H302 | bet   2,000원 PLAYER | P:9♥ 3♠ 2♥=4  B:9♥ A♥ 10♥=0  PLAYER(W)  | +2,000원 → 165,950원  [end_win]
H303 | bet   1,000원 BANKER | P:5♦ 9♦ 3♦=7  B:Q♣ J♦ A♥=1  PLAYER(L)  | -1,000원 → 164,950원  [start]
H304 | bet   2,000원 PLAYER | P:Q♥ 10♥ 3♦=3  B:9♣ A♦ 2♦=2  PLAYER(W)  | +2,000원 → 166,950원  [end_win]
H305 | bet   1,000원 BANKER | P:8♦ 4♣ 9♦=1  B:10♠ 4♦=4  BANKER(W)  | +950원 → 167,900원
H306 | bet   1,000원 BANKER | P:10♦ J♣=0  B:8♠ Q♠=8  BANKER(W)  | +950원 → 168,850원
H307 | bet   1,000원 BANKER | P:9♣ 6♣=5  B:J♦ 8♥=8  BANKER(W)  | +950원 → 169,800원
H308 | bet   1,000원 BANKER | P:6♥ 10♦=6  B:2♠ 3♣ Q♦=5  PLAYER(L)  | -1,000원 → 168,800원  [start]
H309 | bet   2,000원 PLAYER | P:6♦ 7♦=3  B:8♣ J♠=8  BANKER(L)  | -2,000원 → 166,800원
H310 | bet   4,000원 PLAYER | P:8♣ 9♣=7  B:8♥ 8♦=6  PLAYER(W)  | +4,000원 → 170,800원  [end_win]
H311 | bet   1,000원 BANKER | P:2♠ 7♠=9  B:10♦ 5♦=5  PLAYER(L)  | -1,000원 → 169,800원  [start]
H312 | bet   2,000원 PLAYER | P:A♣ K♣=1  B:K♣ 9♥=9  BANKER(L)  | -2,000원 → 167,800원
H313 | bet   4,000원 PLAYER | P:9♣ 9♦=8  B:J♥ K♣=0  PLAYER(W)  | +4,000원 → 171,800원  [end_win]
H314 | bet   1,000원 BANKER | P:A♥ Q♠ A♣=2  B:K♥ 7♠=7  BANKER(W)  | +950원 → 172,750원
H315 | bet   1,000원 BANKER | P:2♠ 4♠=6  B:6♥ K♦=6  TIE(T)  |     0원 → 172,750원
H316 | bet   1,000원 BANKER | P:2♦ 6♠=8  B:J♣ 3♣=3  PLAYER(L)  | -1,000원 → 171,750원  [start]
H317 | bet   2,000원 PLAYER | P:4♥ 5♣=9  B:10♣ 5♥=5  PLAYER(W)  | +2,000원 → 173,750원  [end_win]
H318 | bet   1,000원 BANKER | P:5♠ 8♣ 8♣=1  B:A♦ A♥ 2♣=4  BANKER(W)  | +950원 → 174,700원
H319 | bet   1,000원 BANKER | P:8♥ 6♥ 4♣=8  B:4♦ 2♥=6  PLAYER(L)  | -1,000원 → 173,700원  [start]
H320 | bet   2,000원 PLAYER | P:J♥ 2♠ 8♥=0  B:K♠ J♣ J♠=0  TIE(T)  |     0원 → 173,700원
H321 | bet   2,000원 PLAYER | P:8♣ 9♦=7  B:8♠ 8♣=6  PLAYER(W)  | +2,000원 → 175,700원  [end_win]
H322 | bet   1,000원 BANKER | P:4♥ J♠ 4♥=8  B:3♥ K♥ 9♥=2  PLAYER(L)  | -1,000원 → 174,700원  [start]
H323 | bet   2,000원 PLAYER | P:5♣ 2♦=7  B:8♠ 5♥ K♦=3  PLAYER(W)  | +2,000원 → 176,700원  [end_win]
H324 | bet   1,000원 BANKER | P:3♦ 3♥=6  B:2♣ K♣ 9♣=1  PLAYER(L)  | -1,000원 → 175,700원  [start]
H325 | bet   2,000원 PLAYER | P:2♥ 7♦=9  B:9♦ 4♦=3  PLAYER(W)  | +2,000원 → 177,700원  [end_win]
H326 | bet   1,000원 BANKER | P:7♠ 8♦ 5♣=0  B:7♠ 8♥ 7♦=2  BANKER(W)  | +950원 → 178,650원
H327 | bet   1,000원 BANKER | P:7♥ 6♦ Q♥=3  B:Q♣ 4♦=4  BANKER(W)  | +950원 → 179,600원
H328 | bet   1,000원 BANKER | P:4♣ K♦ 5♣=9  B:A♣ 6♠=7  PLAYER(L)  | -1,000원 → 178,600원  [start]
H329 | bet   2,000원 PLAYER | P:A♣ 4♠ A♠=6  B:6♦ 5♠ 4♣=5  PLAYER(W)  | +2,000원 → 180,600원  [end_win]
H330 | bet   1,000원 BANKER | P:6♠ 8♠ 9♥=3  B:2♠ 3♥=5  BANKER(W)  | +950원 → 181,550원
H331 | bet   1,000원 BANKER | P:6♣ 3♠=9  B:K♥ 10♦=0  PLAYER(L)  | -1,000원 → 180,550원  [start]
H332 | bet   2,000원 PLAYER | P:8♠ K♠=8  B:K♣ 4♥=4  PLAYER(W)  | +2,000원 → 182,550원  [end_win]
H333 | bet   1,000원 BANKER | P:9♣ J♣=9  B:Q♦ 3♣=3  PLAYER(L)  | -1,000원 → 181,550원  [start]
H334 | bet   2,000원 PLAYER | P:4♦ J♠ 9♣=3  B:2♦ 4♠=6  BANKER(L)  | -2,000원 → 179,550원
H335 | bet   4,000원 PLAYER | P:A♠ 3♦ J♦=4  B:4♦ J♥=4  TIE(T)  |     0원 → 179,550원
H336 | bet   4,000원 PLAYER | P:8♠ 7♥=5  B:9♥ J♣=9  BANKER(L)  | -4,000원 → 175,550원
H337 | bet   8,000원 PLAYER | P:2♦ J♣ 9♦=1  B:10♦ 10♥ 6♠=6  BANKER(L)  | -8,000원 → 167,550원
H338 | bet  16,000원 PLAYER | P:A♥ 8♥=9  B:3♣ K♣=3  PLAYER(W)  | +16,000원 → 183,550원  [end_win]
H339 | bet   1,000원 BANKER | P:5♣ 5♦ A♦=1  B:Q♣ 2♦ 2♣=4  BANKER(W)  | +950원 → 184,500원
H340 | bet   1,000원 BANKER | P:6♦ K♥=6  B:10♠ 2♣ 3♠=5  PLAYER(L)  | -1,000원 → 183,500원  [start]
H341 | bet   2,000원 PLAYER | P:4♠ A♠ 2♣=7  B:2♠ 8♠ 9♠=9  BANKER(L)  | -2,000원 → 181,500원
H342 | bet   4,000원 PLAYER | P:Q♥ A♠ 10♠=1  B:3♣ 4♦=7  BANKER(L)  | -4,000원 → 177,500원
H343 | bet   8,000원 PLAYER | P:9♥ 6♠ 6♥=1  B:8♦ 8♦ A♣=7  BANKER(L)  | -8,000원 → 169,500원
H344 | bet  16,000원 PLAYER | P:6♣ J♠=6  B:5♥ K♠ Q♦=5  PLAYER(W)  | +16,000원 → 185,500원  [end_win]
H345 | bet   1,000원 BANKER | P:3♠ 10♣ 6♠=9  B:7♥ J♦=7  PLAYER(L)  | -1,000원 → 184,500원  [start]
H346 | bet   2,000원 PLAYER | P:5♦ K♥ 5♣=0  B:10♥ J♠ 2♠=2  BANKER(L)  | -2,000원 → 182,500원
H347 | bet   4,000원 PLAYER | P:A♦ K♠ Q♠=1  B:4♦ 3♦=7  BANKER(L)  | -4,000원 → 178,500원
H348 | bet   8,000원 PLAYER | P:Q♣ 3♦ 3♣=6  B:5♠ 7♥ 9♠=1  PLAYER(W)  | +8,000원 → 186,500원  [end_win]
H349 | bet   1,000원 BANKER | P:2♣ Q♥=2  B:4♥ 5♠=9  BANKER(W)  | +950원 → 187,450원
H350 | bet   1,000원 BANKER | P:J♠ 10♦ K♥=0  B:2♦ 3♠=5  BANKER(W)  | +950원 → 188,400원
H351 | bet   1,000원 BANKER | P:K♦ 7♣=7  B:5♥ 6♦ A♥=2  PLAYER(L)  | -1,000원 → 187,400원  [start]
H352 | bet   2,000원 PLAYER | P:8♣ 4♣=2  B:7♣ 2♦=9  BANKER(L)  | -2,000원 → 185,400원
H353 | bet   4,000원 PLAYER | P:6♦ J♥=6  B:2♦ 7♣=9  BANKER(L)  | -4,000원 → 181,400원
H354 | bet   8,000원 PLAYER | P:8♥ 7♥ K♠=5  B:5♠ 6♠ Q♦=1  PLAYER(W)  | +8,000원 → 189,400원  [end_win]
H355 | bet   1,000원 BANKER | P:7♣ 3♥ 5♦=5  B:2♦ 5♣=7  BANKER(W)  | +950원 → 190,350원
H356 | bet   1,000원 BANKER | P:4♠ 6♥=0  B:7♥ A♣=8  BANKER(W)  | +950원 → 191,300원
H357 | bet   1,000원 BANKER | P:8♣ A♠=9  B:A♦ 5♦=6  PLAYER(L)  | -1,000원 → 190,300원  [start]
H358 | bet   2,000원 PLAYER | P:2♠ A♦ 9♣=2  B:2♣ 4♣=6  BANKER(L)  | -2,000원 → 188,300원
H359 | bet   4,000원 PLAYER | P:2♣ K♥ J♦=2  B:7♦ K♦=7  BANKER(L)  | -4,000원 → 184,300원
H360 | bet   8,000원 PLAYER | P:A♥ J♣ 4♦=5  B:3♥ J♣ K♣=3  PLAYER(W)  | +8,000원 → 192,300원  [end_win]
H361 | bet   1,000원 BANKER | P:8♣ 2♥=0  B:A♦ 7♦=8  BANKER(W)  | +950원 → 193,250원
H362 | bet   1,000원 BANKER | P:6♠ 7♦ 5♦=8  B:9♠ 5♥ 10♣=4  PLAYER(L)  | -1,000원 → 192,250원  [start]
H363 | bet   2,000원 PLAYER | P:10♣ 8♦=8  B:Q♦ 9♠=9  BANKER(L)  | -2,000원 → 190,250원
H364 | bet   4,000원 PLAYER | P:8♦ 2♥ K♥=0  B:4♣ 6♠ 9♦=9  BANKER(L)  | -4,000원 → 186,250원
H365 | bet   8,000원 PLAYER | P:8♣ 6♣ 7♥=1  B:Q♣ K♥ 8♥=8  BANKER(L)  | -8,000원 → 178,250원
H366 | bet  16,000원 PLAYER | P:10♠ 3♦ 5♠=8  B:5♣ Q♣ 6♦=1  PLAYER(W)  | +16,000원 → 194,250원  [end_win]
H367 | bet   1,000원 BANKER | P:9♠ 4♥=3  B:8♥ Q♥=8  BANKER(W)  | +950원 → 195,200원
H368 | bet   1,000원 BANKER | P:4♥ 7♠ 6♥=7  B:9♦ 3♥ 7♦=9  BANKER(W)  | +950원 → 196,150원
H369 | bet   1,000원 BANKER | P:8♠ 3♠ Q♣=1  B:5♥ 10♠=5  BANKER(W)  | +950원 → 197,100원
H370 | bet   1,000원 BANKER | P:Q♥ 5♥=5  B:7♦ 2♥=9  BANKER(W)  | +950원 → 198,050원
H371 | bet   1,000원 BANKER | P:7♣ Q♠=7  B:2♥ 8♠ 6♥=6  PLAYER(L)  | -1,000원 → 197,050원  [start]
H372 | bet   2,000원 PLAYER | P:K♣ 9♠=9  B:K♥ 2♥=2  PLAYER(W)  | +2,000원 → 199,050원  [end_win]
H373 | bet   1,000원 BANKER | P:6♥ 5♥ 10♥=1  B:10♣ 4♠=4  BANKER(W)  | +950원 → 200,000원
H374 | bet   1,000원 BANKER | P:6♥ Q♣=6  B:J♥ 3♦ Q♦=3  PLAYER(L)  | -1,000원 → 199,000원  [start]
H375 | bet   2,000원 PLAYER | P:9♥ K♦=9  B:K♠ J♥=0  PLAYER(W)  | +2,000원 → 201,000원  [end_win]
H376 | bet   1,000원 BANKER | P:8♣ K♦=8  B:10♣ A♣=1  PLAYER(L)  | -1,000원 → 200,000원  [start]
H377 | bet   2,000원 PLAYER | P:7♣ 9♦=6  B:7♣ 2♠=9  BANKER(L)  | -2,000원 → 198,000원
H378 | bet   4,000원 PLAYER | P:J♠ 6♠=6  B:2♠ K♥ 4♠=6  TIE(T)  |     0원 → 198,000원
H379 | bet   4,000원 PLAYER | P:6♦ J♥=6  B:Q♠ 10♦ 10♦=0  PLAYER(W)  | +4,000원 → 202,000원  [end_win]
H380 | bet   1,000원 BANKER | P:K♣ A♣ Q♠=1  B:A♦ 5♠=6  BANKER(W)  | +950원 → 202,950원
H381 | bet   1,000원 BANKER | P:6♦ 3♠=9  B:K♦ 5♦=5  PLAYER(L)  | -1,000원 → 201,950원  [start]
H382 | bet   2,000원 PLAYER | P:10♦ 9♣=9  B:7♦ K♦=7  PLAYER(W)  | +2,000원 → 203,950원  [end_win]
H383 | bet   1,000원 BANKER | P:7♠ 9♦=6  B:Q♥ 9♣=9  BANKER(W)  | +950원 → 204,900원
H384 | bet   1,000원 BANKER | P:A♣ 7♠=8  B:J♣ K♣=0  PLAYER(L)  | -1,000원 → 203,900원  [start]
H385 | bet   2,000원 PLAYER | P:4♠ 3♠=7  B:Q♦ 7♠=7  TIE(T)  |     0원 → 203,900원
H386 | bet   2,000원 PLAYER | P:6♦ 8♦ J♣=4  B:J♦ 6♠=6  BANKER(L)  | -2,000원 → 201,900원
H387 | bet   4,000원 PLAYER | P:7♣ 8♣ K♠=5  B:4♠ J♦=4  PLAYER(W)  | +4,000원 → 205,900원  [end_win]
H388 | bet   1,000원 BANKER | P:Q♣ 9♣=9  B:6♣ 7♠=3  PLAYER(L)  | -1,000원 → 204,900원  [start]
H389 | bet   2,000원 PLAYER | P:8♣ 5♥ 6♣=9  B:3♥ J♣ 3♦=6  PLAYER(W)  | +2,000원 → 206,900원  [end_win]
H390 | bet   1,000원 BANKER | P:4♦ 4♥=8  B:10♠ 8♦=8  TIE(T)  |     0원 → 206,900원
H391 | bet   1,000원 BANKER | P:6♣ 4♣ A♠=1  B:4♥ 3♥=7  BANKER(W)  | +950원 → 207,850원
H392 | bet   1,000원 BANKER | P:A♣ A♥ J♠=2  B:5♠ A♠=6  BANKER(W)  | +950원 → 208,800원
H393 | bet   1,000원 BANKER | P:9♥ A♣ 10♣=0  B:A♠ 3♦=4  BANKER(W)  | +950원 → 209,750원
H394 | bet   1,000원 BANKER | P:9♥ 10♥=9  B:A♥ 5♠=6  PLAYER(L)  | -1,000원 → 208,750원  [start]
H395 | bet   2,000원 PLAYER | P:9♠ 8♥=7  B:10♣ 10♥ J♥=0  PLAYER(W)  | +2,000원 → 210,750원  [end_win]
H396 | bet   1,000원 BANKER | P:9♠ 2♥ 8♦=9  B:K♦ 3♥=3  PLAYER(L)  | -1,000원 → 209,750원  [start]
H397 | bet   2,000원 PLAYER | P:J♠ A♥ A♥=2  B:10♠ 10♦ 9♦=9  BANKER(L)  | -2,000원 → 207,750원
H398 | bet   4,000원 PLAYER | P:4♣ A♠ 9♦=4  B:10♦ Q♥ 9♥=9  BANKER(L)  | -4,000원 → 203,750원
H399 | bet   8,000원 PLAYER | P:2♠ 6♥=8  B:7♦ 6♥=3  PLAYER(W)  | +8,000원 → 211,750원  [end_win]
H400 | bet   1,000원 BANKER | P:10♥ 7♠=7  B:K♣ A♥ 7♥=8  BANKER(W)  | +950원 → 212,700원
H401 | bet   1,000원 BANKER | P:6♦ Q♦=6  B:8♠ 10♠=8  BANKER(W)  | +950원 → 213,650원
H402 | bet   1,000원 BANKER | P:K♠ 3♣ J♦=3  B:2♠ A♣ 8♣=1  PLAYER(L)  | -1,000원 → 212,650원  [start]
H403 | bet   2,000원 PLAYER | P:J♥ Q♠ 5♣=5  B:3♣ 3♠=6  BANKER(L)  | -2,000원 → 210,650원
H404 | bet   4,000원 PLAYER | P:5♣ 2♦=7  B:6♣ 9♥ 7♦=2  PLAYER(W)  | +4,000원 → 214,650원  [end_win]
H405 | bet   1,000원 BANKER | P:7♠ 3♣=0  B:9♣ 9♥=8  BANKER(W)  | +950원 → 215,600원
H406 | bet   1,000원 BANKER | P:5♣ A♦=6  B:2♥ 10♥ 4♣=6  TIE(T)  |     0원 → 215,600원
H407 | bet   1,000원 BANKER | P:3♣ 5♠=8  B:10♦ 9♣=9  BANKER(W)  | +950원 → 216,550원
H408 | bet   1,000원 BANKER | P:4♥ 5♣=9  B:Q♦ 3♥=3  PLAYER(L)  | -1,000원 → 215,550원  [start]
H409 | bet   2,000원 PLAYER | P:K♣ 2♣ Q♠=2  B:K♠ 4♣=4  BANKER(L)  | -2,000원 → 213,550원
H410 | bet   4,000원 PLAYER | P:4♣ Q♥ 3♦=7  B:Q♠ 2♣ Q♠=2  PLAYER(W)  | +4,000원 → 217,550원  [end_win]
H411 | bet   1,000원 BANKER | P:7♥ J♥=7  B:J♦ 9♦=9  BANKER(W)  | +950원 → 218,500원
H412 | bet   1,000원 BANKER | P:10♠ 4♦ 6♣=0  B:K♦ 10♣ 8♠=8  BANKER(W)  | +950원 → 219,450원
H413 | bet   1,000원 BANKER | P:8♥ J♦=8  B:Q♥ 5♦=5  PLAYER(L)  | -1,000원 → 218,450원  [start]
H414 | bet   2,000원 PLAYER | P:4♠ 4♦=8  B:7♠ 5♦=2  PLAYER(W)  | +2,000원 → 220,450원  [end_win]
H415 | bet   1,000원 BANKER | P:8♥ 4♥ 8♦=0  B:J♠ 2♠ 6♣=8  BANKER(W)  | +950원 → 221,400원
H416 | bet   1,000원 BANKER | P:2♦ 4♦=6  B:3♣ J♥ 7♣=0  PLAYER(L)  | -1,000원 → 220,400원  [start]
H417 | bet   2,000원 PLAYER | P:6♣ Q♠=6  B:4♦ 4♠=8  BANKER(L)  | -2,000원 → 218,400원
H418 | bet   4,000원 PLAYER | P:8♠ A♣=9  B:K♣ 7♦=7  PLAYER(W)  | +4,000원 → 222,400원  [end_win]
H419 | bet   1,000원 BANKER | P:3♦ 3♥=6  B:8♦ 2♦ 10♣=0  PLAYER(L)  | -1,000원 → 221,400원  [start]
H420 | bet   2,000원 PLAYER | P:2♣ A♣ 6♥=9  B:Q♣ 7♥=7  PLAYER(W)  | +2,000원 → 223,400원  [end_win]
H421 | bet   1,000원 BANKER | P:9♦ 3♦=2  B:A♠ 7♥=8  BANKER(W)  | +950원 → 224,350원
H422 | bet   1,000원 BANKER | P:10♦ 6♦=6  B:J♣ 7♣=7  BANKER(W)  | +950원 → 225,300원
H423 | bet   1,000원 BANKER | P:10♦ K♣=0  B:6♠ 2♣=8  BANKER(W)  | +950원 → 226,250원
H424 | bet   1,000원 BANKER | P:J♥ 3♦ 3♦=6  B:4♠ 8♥ 4♥=6  TIE(T)  |     0원 → 226,250원
H425 | bet   1,000원 BANKER | P:9♠ 3♥ K♣=2  B:9♥ 5♥=4  BANKER(W)  | +950원 → 227,200원
H426 | bet   1,000원 BANKER | P:J♥ 7♣=7  B:9♦ 8♥=7  TIE(T)  |     0원 → 227,200원
H427 | bet   1,000원 BANKER | P:Q♥ 8♥=8  B:10♦ 5♣=5  PLAYER(L)  | -1,000원 → 226,200원  [start]
H428 | bet   2,000원 PLAYER | P:6♦ 6♠ 10♥=2  B:7♥ 10♣=7  BANKER(L)  | -2,000원 → 224,200원
H429 | bet   4,000원 PLAYER | P:A♠ 3♣ 5♠=9  B:6♣ K♥=6  PLAYER(W)  | +4,000원 → 228,200원  [end_win]
H430 | bet   1,000원 BANKER | P:4♣ 5♦=9  B:10♣ 2♠=2  PLAYER(L)  | -1,000원 → 227,200원  [start]
H431 | bet   2,000원 PLAYER | P:8♠ 2♣=0  B:J♥ 9♦=9  BANKER(L)  | -2,000원 → 225,200원
H432 | bet   4,000원 PLAYER | P:7♠ 6♥=3  B:K♥ 8♥=8  BANKER(L)  | -4,000원 → 221,200원
H433 | bet   8,000원 PLAYER | P:8♦ K♥=8  B:J♦ 7♥=7  PLAYER(W)  | +8,000원 → 229,200원  [end_win]
H434 | bet   1,000원 BANKER | P:2♠ 4♣=6  B:2♥ 6♠=8  BANKER(W)  | +950원 → 230,150원
H435 | bet   1,000원 BANKER | P:2♣ 5♥=7  B:2♦ 3♣ A♣=6  PLAYER(L)  | -1,000원 → 229,150원  [start]
H436 | bet   2,000원 PLAYER | P:5♣ Q♦ J♠=5  B:5♦ K♠=5  TIE(T)  |     0원 → 229,150원
H437 | bet   2,000원 PLAYER | P:Q♠ 8♦=8  B:A♥ 5♠=6  PLAYER(W)  | +2,000원 → 231,150원  [end_win]
H438 | bet   1,000원 BANKER | P:8♥ 3♥ 10♣=1  B:Q♣ 4♦=4  BANKER(W)  | +950원 → 232,100원
H439 | bet   1,000원 BANKER | P:6♦ 6♦ K♦=2  B:5♦ 8♠ 9♠=2  TIE(T)  |     0원 → 232,100원
H440 | bet   1,000원 BANKER | P:A♣ Q♠ A♥=2  B:3♠ 10♥ 5♣=8  BANKER(W)  | +950원 → 233,050원
H441 | bet   1,000원 BANKER | P:Q♣ 9♠=9  B:4♣ 4♣=8  PLAYER(L)  | -1,000원 → 232,050원  [start]
H442 | bet   2,000원 PLAYER | P:K♥ J♣=0  B:K♣ 8♣=8  BANKER(L)  | -2,000원 → 230,050원
H443 | bet   4,000원 PLAYER | P:K♦ A♣ J♣=1  B:4♠ A♠=5  BANKER(L)  | -4,000원 → 226,050원
H444 | bet   8,000원 PLAYER | P:9♣ K♥=9  B:3♣ K♦=3  PLAYER(W)  | +8,000원 → 234,050원  [end_win]
H445 | bet   1,000원 BANKER | P:4♥ 10♦ Q♦=4  B:4♣ K♠=4  TIE(T)  |     0원 → 234,050원
H446 | bet   1,000원 BANKER | P:J♣ 3♠=3  B:8♣ Q♦=8  BANKER(W)  | +950원 → 235,000원
H447 | bet   1,000원 BANKER | P:7♣ 5♦ K♣=2  B:4♥ 7♠ 5♦=6  BANKER(W)  | +950원 → 235,950원
H448 | bet   1,000원 BANKER | P:K♦ 10♥ K♠=0  B:J♦ 3♦ 3♠=6  BANKER(W)  | +950원 → 236,900원
H449 | bet   1,000원 BANKER | P:10♠ 5♠ 2♥=7  B:K♦ 4♣ 2♥=6  PLAYER(L)  | -1,000원 → 235,900원  [start]
H450 | bet   2,000원 PLAYER | P:9♦ J♣=9  B:9♥ 5♦=4  PLAYER(W)  | +2,000원 → 237,900원  [end_win]
H451 | bet   1,000원 BANKER | P:7♣ 6♣ 2♥=5  B:A♥ 2♠ 5♣=8  BANKER(W)  | +950원 → 238,850원
H452 | bet   1,000원 BANKER | P:6♦ 4♠ 4♥=4  B:A♥ 9♦ 8♠=8  BANKER(W)  | +950원 → 239,800원
H453 | bet   1,000원 BANKER | P:J♦ K♥ 9♣=9  B:10♣ Q♣ K♣=0  PLAYER(L)  | -1,000원 → 238,800원  [start]
H454 | bet   2,000원 PLAYER | P:Q♦ 6♥=6  B:Q♥ Q♦ 2♥=2  PLAYER(W)  | +2,000원 → 240,800원  [end_win]
H455 | bet   1,000원 BANKER | P:10♥ 6♣=6  B:5♠ 8♥ 5♠=8  BANKER(W)  | +950원 → 241,750원
H456 | bet   1,000원 BANKER | P:10♥ K♠ 5♣=5  B:A♠ 6♣=7  BANKER(W)  | +950원 → 242,700원
H457 | bet   1,000원 BANKER | P:10♥ 6♠=6  B:3♥ 9♣ 5♦=7  BANKER(W)  | +950원 → 243,650원
H458 | bet   1,000원 BANKER | P:A♣ 5♥=6  B:A♦ Q♣ 8♣=9  BANKER(W)  | +950원 → 244,600원
H459 | bet   1,000원 BANKER | P:8♦ J♥=8  B:K♥ 8♥=8  TIE(T)  |     0원 → 244,600원
H460 | bet   1,000원 BANKER | P:7♠ 3♦=0  B:J♠ 8♣=8  BANKER(W)  | +950원 → 245,550원
H461 | bet   1,000원 BANKER | P:A♦ K♠ 5♥=6  B:K♣ 10♥ 7♠=7  BANKER(W)  | +950원 → 246,500원
H462 | bet   1,000원 BANKER | P:8♣ Q♥=8  B:K♦ 4♥=4  PLAYER(L)  | -1,000원 → 245,500원  [start]
H463 | bet   2,000원 PLAYER | P:6♠ 7♥ 4♥=7  B:3♠ 4♠=7  TIE(T)  |     0원 → 245,500원
H464 | bet   2,000원 PLAYER | P:Q♣ K♥=0  B:8♥ J♥=8  BANKER(L)  | -2,000원 → 243,500원
H465 | bet   4,000원 PLAYER | P:6♦ 6♣ 4♦=6  B:A♥ 4♥ 9♣=4  PLAYER(W)  | +4,000원 → 247,500원  [end_win]
H466 | bet   1,000원 BANKER | P:J♠ K♦ 8♦=8  B:9♣ 5♠=4  PLAYER(L)  | -1,000원 → 246,500원  [start]
H467 | bet   2,000원 PLAYER | P:9♣ A♠ 3♠=3  B:8♦ 5♠ Q♥=3  TIE(T)  |     0원 → 246,500원
H468 | bet   2,000원 PLAYER | P:A♥ K♠ 8♣=9  B:9♥ 7♣=6  PLAYER(W)  | +2,000원 → 248,500원  [end_win]
H469 | bet   1,000원 BANKER | P:A♦ 5♣=6  B:A♦ 2♥ 10♠=3  PLAYER(L)  | -1,000원 → 247,500원  [start]
H470 | bet   2,000원 PLAYER | P:Q♣ 3♣=3  B:4♦ 4♠=8  BANKER(L)  | -2,000원 → 245,500원
H471 | bet   4,000원 PLAYER | P:9♥ 6♠ J♦=5  B:A♣ 10♠ 7♥=8  BANKER(L)  | -4,000원 → 241,500원
H472 | bet   8,000원 PLAYER | P:5♥ 2♦=7  B:A♦ 6♣=7  TIE(T)  |     0원 → 241,500원
H473 | bet   8,000원 PLAYER | P:10♣ 5♣ 5♥=0  B:7♠ J♥=7  BANKER(L)  | -8,000원 → 233,500원
H474 | bet  16,000원 PLAYER | P:8♣ A♠=9  B:3♥ 7♦=0  PLAYER(W)  | +16,000원 → 249,500원  [end_win]
H475 | bet   1,000원 BANKER | P:J♦ 9♦=9  B:10♥ 7♣=7  PLAYER(L)  | -1,000원 → 248,500원  [start]
H476 | bet   2,000원 PLAYER | P:7♠ A♥=8  B:9♥ 2♦=1  PLAYER(W)  | +2,000원 → 250,500원  [end_win]
H477 | bet   1,000원 BANKER | P:2♠ A♠ J♠=3  B:4♠ A♦=5  BANKER(W)  | +950원 → 251,450원
H478 | bet   1,000원 BANKER | P:5♦ 6♥ 2♦=3  B:Q♥ 6♣=6  BANKER(W)  | +950원 → 252,400원
H479 | bet   1,000원 BANKER | P:6♦ 5♥ 6♠=7  B:A♠ 9♥ J♠=0  PLAYER(L)  | -1,000원 → 251,400원  [start]
H480 | bet   2,000원 PLAYER | P:J♠ 4♣ 3♣=7  B:3♥ Q♦ 3♥=6  PLAYER(W)  | +2,000원 → 253,400원  [end_win]
H481 | bet   1,000원 BANKER | P:2♣ 7♣=9  B:8♠ 10♣=8  PLAYER(L)  | -1,000원 → 252,400원  [start]
H482 | bet   2,000원 PLAYER | P:9♠ 5♣ 7♥=1  B:J♠ 2♠ 6♥=8  BANKER(L)  | -2,000원 → 250,400원
H483 | bet   4,000원 PLAYER | P:2♠ 4♦=6  B:10♠ 2♦ Q♦=2  PLAYER(W)  | +4,000원 → 254,400원  [end_win]
H484 | bet   1,000원 BANKER | P:J♦ 3♣=3  B:2♦ 6♥=8  BANKER(W)  | +950원 → 255,350원
H485 | bet   1,000원 BANKER | P:J♦ 7♦=7  B:J♠ K♠ 7♠=7  TIE(T)  |     0원 → 255,350원
H486 | bet   1,000원 BANKER | P:10♠ 7♦=7  B:2♣ 10♦ 9♠=1  PLAYER(L)  | -1,000원 → 254,350원  [start]
H487 | bet   2,000원 PLAYER | P:4♦ 10♦=4  B:8♦ 10♦=8  BANKER(L)  | -2,000원 → 252,350원
H488 | bet   4,000원 PLAYER | P:2♣ 8♦ 2♠=2  B:3♦ Q♠ 5♥=8  BANKER(L)  | -4,000원 → 248,350원
H489 | bet   8,000원 PLAYER | P:7♠ 9♣=6  B:9♣ J♦=9  BANKER(L)  | -8,000원 → 240,350원
H490 | bet  16,000원 PLAYER | P:Q♠ J♣ 9♠=9  B:9♠ 7♦=6  PLAYER(W)  | +16,000원 → 256,350원  [end_win]
H491 | bet   1,000원 BANKER | P:4♠ 3♣=7  B:Q♥ 10♠ A♣=1  PLAYER(L)  | -1,000원 → 255,350원  [start]
H492 | bet   2,000원 PLAYER | P:7♦ 6♦ 9♦=2  B:7♦ 6♠ 2♣=5  BANKER(L)  | -2,000원 → 253,350원
H493 | bet   4,000원 PLAYER | P:4♣ J♣ Q♠=4  B:4♦ 3♠=7  BANKER(L)  | -4,000원 → 249,350원
H494 | bet   8,000원 PLAYER | P:9♥ 8♠=7  B:4♥ 2♥=6  PLAYER(W)  | +8,000원 → 257,350원  [end_win]
H495 | bet   1,000원 BANKER | P:A♦ Q♠ J♣=1  B:Q♥ 2♠ 7♥=9  BANKER(W)  | +950원 → 258,300원
H496 | bet   1,000원 BANKER | P:K♠ 8♠=8  B:9♠ A♦=0  PLAYER(L)  | -1,000원 → 257,300원  [start]
H497 | bet   2,000원 PLAYER | P:3♦ 9♥ J♥=2  B:7♦ 3♥ Q♣=0  PLAYER(W)  | +2,000원 → 259,300원  [end_win]
H498 | bet   1,000원 BANKER | P:Q♦ K♦=0  B:8♣ A♥=9  BANKER(W)  | +950원 → 260,250원
H499 | bet   1,000원 BANKER | P:Q♥ 10♠=0  B:6♥ 2♥=8  BANKER(W)  | +950원 → 261,200원
H500 | bet   1,000원 BANKER | P:7♦ 8♣ 6♦=1  B:10♣ K♥ J♠=0  PLAYER(L)  | -1,000원 → 260,200원  [start]
H501 | bet   2,000원 PLAYER | P:5♥ K♥=5  B:8♦ Q♣=8  BANKER(L)  | -2,000원 → 258,200원
H502 | bet   4,000원 PLAYER | P:4♠ 10♣ 2♣=6  B:A♦ 9♠ 4♦=4  PLAYER(W)  | +4,000원 → 262,200원  [end_win]
H503 | bet   1,000원 BANKER | P:3♦ 6♦=9  B:2♠ 7♦=9  TIE(T)  |     0원 → 262,200원
H504 | bet   1,000원 BANKER | P:5♠ 2♣=7  B:10♥ K♥ 9♦=9  BANKER(W)  | +950원 → 263,150원
H505 | bet   1,000원 BANKER | P:7♦ 6♠ 4♣=7  B:J♣ 5♦ 5♥=0  PLAYER(L)  | -1,000원 → 262,150원  [start]
H506 | bet   2,000원 PLAYER | P:A♠ 9♣ 5♣=5  B:3♥ A♥ 8♥=2  PLAYER(W)  | +2,000원 → 264,150원  [end_win]
H507 | bet   1,000원 BANKER | P:5♥ K♥ 8♠=3  B:4♣ 6♣ 4♣=4  BANKER(W)  | +950원 → 265,100원
H508 | bet   1,000원 BANKER | P:J♣ 6♥=6  B:7♠ 6♥ 2♦=5  PLAYER(L)  | -1,000원 → 264,100원  [start]
H509 | bet   2,000원 PLAYER | P:K♣ 6♦=6  B:J♣ 6♦=6  TIE(T)  |     0원 → 264,100원
H510 | bet   2,000원 PLAYER | P:4♦ A♠ 8♥=3  B:10♠ 7♥=7  BANKER(L)  | -2,000원 → 262,100원
H511 | bet   4,000원 PLAYER | P:J♠ 3♣ J♠=3  B:7♥ Q♦=7  BANKER(L)  | -4,000원 → 258,100원
H512 | bet   8,000원 PLAYER | P:K♦ 6♦=6  B:J♠ 5♠ K♠=5  PLAYER(W)  | +8,000원 → 266,100원  [end_win]
H513 | bet   1,000원 BANKER | P:3♣ 10♦ 7♥=0  B:10♥ 3♥ 4♠=7  BANKER(W)  | +950원 → 267,050원
H514 | bet   1,000원 BANKER | P:6♥ 9♠ 6♦=1  B:7♥ 4♥ 10♥=1  TIE(T)  |     0원 → 267,050원
H515 | bet   1,000원 BANKER | P:8♦ A♥=9  B:9♣ 3♦=2  PLAYER(L)  | -1,000원 → 266,050원  [start]
H516 | bet   2,000원 PLAYER | P:10♠ A♣ 3♣=4  B:2♥ A♥ Q♣=3  PLAYER(W)  | +2,000원 → 268,050원  [end_win]
H517 | bet   1,000원 BANKER | P:8♠ 6♥=4  B:K♣ 8♠=8  BANKER(W)  | +950원 → 269,000원
H518 | bet   1,000원 BANKER | P:4♦ 9♦ Q♥=3  B:K♦ 7♣=7  BANKER(W)  | +950원 → 269,950원
H519 | bet   1,000원 BANKER | P:A♣ 7♠=8  B:6♦ K♠=6  PLAYER(L)  | -1,000원 → 268,950원  [start]
H520 | bet   2,000원 PLAYER | P:3♣ A♠ A♥=5  B:Q♥ 10♦ 4♠=4  PLAYER(W)  | +2,000원 → 270,950원  [end_win]
H521 | bet   1,000원 BANKER | P:5♥ 3♣=8  B:3♦ 5♣=8  TIE(T)  |     0원 → 270,950원
H522 | bet   1,000원 BANKER | P:A♥ 6♣=7  B:8♣ 5♥ 9♥=2  PLAYER(L)  | -1,000원 → 269,950원  [start]
H523 | bet   2,000원 PLAYER | P:A♥ Q♦ 3♥=4  B:5♦ 10♦=5  BANKER(L)  | -2,000원 → 267,950원
H524 | bet   4,000원 PLAYER | P:8♦ 10♥=8  B:5♠ J♥=5  PLAYER(W)  | +4,000원 → 271,950원  [end_win]
H525 | bet   1,000원 BANKER | P:K♣ 5♠ 7♦=2  B:8♠ 5♠ 7♠=0  PLAYER(L)  | -1,000원 → 270,950원  [start]
H526 | bet   2,000원 PLAYER | P:2♥ 10♥=2  B:8♣ K♦=8  BANKER(L)  | -2,000원 → 268,950원
H527 | bet   4,000원 PLAYER | P:9♣ K♦=9  B:10♣ 8♥=8  PLAYER(W)  | +4,000원 → 272,950원  [end_win]
H528 | bet   1,000원 BANKER | P:9♣ J♦=9  B:2♠ K♠=2  PLAYER(L)  | -1,000원 → 271,950원  [start]
H529 | bet   2,000원 PLAYER | P:2♣ 3♦ 10♥=5  B:10♠ 2♦ 3♥=5  TIE(T)  |     0원 → 271,950원
H530 | bet   2,000원 PLAYER | P:5♥ 10♣ 2♣=7  B:Q♦ 4♣ 3♦=7  TIE(T)  |     0원 → 271,950원
H531 | bet   2,000원 PLAYER | P:A♠ 3♥=4  B:8♥ A♥=9  BANKER(L)  | -2,000원 → 269,950원
H532 | bet   4,000원 PLAYER | P:K♣ 6♣=6  B:2♦ K♦ 9♠=1  PLAYER(W)  | +4,000원 → 273,950원  [end_win]
H533 | bet   1,000원 BANKER | P:A♣ Q♥ 8♠=9  B:A♠ Q♣ 2♥=3  PLAYER(L)  | -1,000원 → 272,950원  [start]
H534 | bet   2,000원 PLAYER | P:4♦ 9♠ 4♦=7  B:5♥ 7♣ Q♥=2  PLAYER(W)  | +2,000원 → 274,950원  [end_win]
H535 | bet   1,000원 BANKER | P:K♣ 4♠ 8♠=2  B:J♠ 2♣ 5♦=7  BANKER(W)  | +950원 → 275,900원
H536 | bet   1,000원 BANKER | P:Q♠ K♣ J♥=0  B:9♣ 5♣=4  BANKER(W)  | +950원 → 276,850원
H537 | bet   1,000원 BANKER | P:8♣ 5♦ J♦=3  B:Q♦ K♠ 5♠=5  BANKER(W)  | +950원 → 277,800원
H538 | bet   1,000원 BANKER | P:J♦ 6♥=6  B:10♥ 7♠=7  BANKER(W)  | +950원 → 278,750원
H539 | bet   1,000원 BANKER | P:2♠ 6♣=8  B:4♦ 3♠=7  PLAYER(L)  | -1,000원 → 277,750원  [start]
H540 | bet   2,000원 PLAYER | P:A♦ Q♥ 6♠=7  B:4♣ K♠ 9♠=3  PLAYER(W)  | +2,000원 → 279,750원  [end_win]
H541 | bet   1,000원 BANKER | P:J♥ 5♣=5  B:8♥ Q♣=8  BANKER(W)  | +950원 → 280,700원
H542 | bet   1,000원 BANKER | P:7♣ 10♠=7  B:Q♠ J♥ 4♦=4  PLAYER(L)  | -1,000원 → 279,700원  [start]
H543 | bet   2,000원 PLAYER | P:6♣ 4♦ Q♠=0  B:6♥ 10♣=6  BANKER(L)  | -2,000원 → 277,700원
H544 | bet   4,000원 PLAYER | P:5♥ 3♠=8  B:10♦ 8♦=8  TIE(T)  |     0원 → 277,700원
H545 | bet   4,000원 PLAYER | P:J♣ 9♥=9  B:7♠ K♣=7  PLAYER(W)  | +4,000원 → 281,700원  [end_win]
H546 | bet   1,000원 BANKER | P:7♠ 3♦ J♥=0  B:J♠ 10♠ 2♠=2  BANKER(W)  | +950원 → 282,650원
H547 | bet   1,000원 BANKER | P:4♣ 9♦ 2♥=5  B:A♠ 6♠=7  BANKER(W)  | +950원 → 283,600원
H548 | bet   1,000원 BANKER | P:J♠ 4♥ 8♦=2  B:6♠ 8♣=4  BANKER(W)  | +950원 → 284,550원
H549 | bet   1,000원 BANKER | P:A♠ 4♠ 9♥=4  B:4♥ 8♥ 3♠=5  BANKER(W)  | +950원 → 285,500원
H550 | bet   1,000원 BANKER | P:K♦ 7♦=7  B:Q♦ 8♦=8  BANKER(W)  | +950원 → 286,450원
H551 | bet   1,000원 BANKER | P:2♠ 9♦ 10♠=1  B:3♣ A♦=4  BANKER(W)  | +950원 → 287,400원
H552 | bet   1,000원 BANKER | P:K♠ 7♣=7  B:J♠ Q♣ 7♠=7  TIE(T)  |     0원 → 287,400원
H553 | bet   1,000원 BANKER | P:K♦ J♣ 6♠=6  B:Q♥ K♦ 8♣=8  BANKER(W)  | +950원 → 288,350원
H554 | bet   1,000원 BANKER | P:9♦ 9♦=8  B:4♥ 4♥=8  TIE(T)  |     0원 → 288,350원
H555 | bet   1,000원 BANKER | P:A♦ 9♦ J♥=0  B:7♣ 10♣=7  BANKER(W)  | +950원 → 289,300원
H556 | bet   1,000원 BANKER | P:4♣ J♦ 8♣=2  B:Q♠ K♥ Q♠=0  PLAYER(L)  | -1,000원 → 288,300원  [start]
H557 | bet   2,000원 PLAYER | P:J♦ A♣ 7♥=8  B:7♥ 4♥ 5♦=6  PLAYER(W)  | +2,000원 → 290,300원  [end_win]
H558 | bet   1,000원 BANKER | P:3♥ 9♣=2  B:6♥ 3♠=9  BANKER(W)  | +950원 → 291,250원
H559 | bet   1,000원 BANKER | P:10♦ K♠ 2♣=2  B:8♠ 3♠ 3♦=4  BANKER(W)  | +950원 → 292,200원
H560 | bet   1,000원 BANKER | P:9♥ K♠=9  B:2♥ Q♥=2  PLAYER(L)  | -1,000원 → 291,200원  [start]
H561 | bet   2,000원 PLAYER | P:4♣ 8♦ Q♣=2  B:Q♦ 7♥=7  BANKER(L)  | -2,000원 → 289,200원
H562 | bet   4,000원 PLAYER | P:A♠ 3♠ 5♣=9  B:2♥ 9♣ 2♦=3  PLAYER(W)  | +4,000원 → 293,200원  [end_win]
H563 | bet   1,000원 BANKER | P:2♦ 9♥=1  B:8♦ J♣=8  BANKER(W)  | +950원 → 294,150원
H564 | bet   1,000원 BANKER | P:9♦ 5♣ 7♥=1  B:5♦ J♦ 5♣=0  PLAYER(L)  | -1,000원 → 293,150원  [start]
H565 | bet   2,000원 PLAYER | P:2♦ 2♣ 7♣=1  B:Q♠ 3♣ 3♥=6  BANKER(L)  | -2,000원 → 291,150원
H566 | bet   4,000원 PLAYER | P:7♣ 2♠=9  B:5♦ 7♣=2  PLAYER(W)  | +4,000원 → 295,150원  [end_win]
H567 | bet   1,000원 BANKER | P:3♠ 9♥=2  B:7♦ 2♦=9  BANKER(W)  | +950원 → 296,100원
H568 | bet   1,000원 BANKER | P:6♣ 5♠ 7♠=8  B:A♦ 3♥ 4♠=8  TIE(T)  |     0원 → 296,100원
H569 | bet   1,000원 BANKER | P:10♦ 2♠ 6♣=8  B:6♣ J♣ J♥=6  PLAYER(L)  | -1,000원 → 295,100원  [start]
H570 | bet   2,000원 PLAYER | P:A♣ 9♠ 10♣=0  B:6♠ 4♠ 9♣=9  BANKER(L)  | -2,000원 → 293,100원
H571 | bet   4,000원 PLAYER | P:2♥ 7♦=9  B:K♣ Q♣=0  PLAYER(W)  | +4,000원 → 297,100원  [end_win]
H572 | bet   1,000원 BANKER | P:7♦ 10♠=7  B:10♥ A♣ 2♥=3  PLAYER(L)  | -1,000원 → 296,100원  [start]
H573 | bet   2,000원 PLAYER | P:5♣ A♥=6  B:K♥ 8♣=8  BANKER(L)  | -2,000원 → 294,100원
H574 | bet   4,000원 PLAYER | P:10♣ Q♥=0  B:3♦ 6♥=9  BANKER(L)  | -4,000원 → 290,100원
H575 | bet   8,000원 PLAYER | P:5♦ J♥ 6♠=1  B:8♠ 5♠ Q♠=3  BANKER(L)  | -8,000원 → 282,100원
H576 | bet  16,000원 PLAYER | P:A♣ 8♥=9  B:2♠ 4♥=6  PLAYER(W)  | +16,000원 → 298,100원  [end_win]
H577 | bet   1,000원 BANKER | P:A♦ K♥ 3♠=4  B:3♣ 2♣=5  BANKER(W)  | +950원 → 299,050원
H578 | bet   1,000원 BANKER | P:6♠ A♦=7  B:9♥ 10♠=9  BANKER(W)  | +950원 → 300,000원
H579 | bet   1,000원 BANKER | P:9♠ 10♦=9  B:Q♦ 8♥=8  PLAYER(L)  | -1,000원 → 299,000원  [start]
H580 | bet   2,000원 PLAYER | P:2♦ J♣ 4♥=6  B:4♠ A♣ J♦=5  PLAYER(W)  | +2,000원 → 301,000원  [end_win]
H581 | bet   1,000원 BANKER | P:7♣ 2♦=9  B:5♦ 9♥=4  PLAYER(L)  | -1,000원 → 300,000원  [start]
H582 | bet   2,000원 PLAYER | P:6♣ 6♥=2  B:5♦ 4♠=9  BANKER(L)  | -2,000원 → 298,000원
H583 | bet   4,000원 PLAYER | P:K♥ 10♣ 10♠=0  B:5♥ Q♦=5  BANKER(L)  | -4,000원 → 294,000원
H584 | bet   8,000원 PLAYER | P:9♦ Q♣=9  B:8♦ 3♠=1  PLAYER(W)  | +8,000원 → 302,000원  [end_win]
H585 | bet   1,000원 BANKER | P:7♣ K♦=7  B:8♣ Q♠=8  BANKER(W)  | +950원 → 302,950원
H586 | bet   1,000원 BANKER | P:3♠ 10♦ 9♣=2  B:Q♠ K♣ 2♣=2  TIE(T)  |     0원 → 302,950원
H587 | bet   1,000원 BANKER | P:A♣ 3♦ 6♠=0  B:J♦ J♣ 9♦=9  BANKER(W)  | +950원 → 303,900원
H588 | bet   1,000원 BANKER | P:5♦ 2♥=7  B:4♣ 9♥ K♣=3  PLAYER(L)  | -1,000원 → 302,900원  [start]
H589 | bet   2,000원 PLAYER | P:K♠ A♥ 8♠=9  B:6♦ 5♣ 9♥=0  PLAYER(W)  | +2,000원 → 304,900원  [end_win]
H590 | bet   1,000원 BANKER | P:K♠ 6♠=6  B:4♥ 9♥ 8♠=1  PLAYER(L)  | -1,000원 → 303,900원  [start]
H591 | bet   2,000원 PLAYER | P:7♠ 7♣ 8♥=2  B:4♦ K♠=4  BANKER(L)  | -2,000원 → 301,900원
H592 | bet   4,000원 PLAYER | P:2♣ K♣ 5♦=7  B:3♦ 10♣ 5♥=8  BANKER(L)  | -4,000원 → 297,900원
H593 | bet   8,000원 PLAYER | P:4♦ 7♣ 8♣=9  B:J♣ 4♥=4  PLAYER(W)  | +8,000원 → 305,900원  [end_win]
H594 | bet   1,000원 BANKER | P:6♦ 4♠ A♦=1  B:6♦ Q♣=6  BANKER(W)  | +950원 → 306,850원
H595 | bet   1,000원 BANKER | P:8♥ 10♥=8  B:4♠ 8♦=2  PLAYER(L)  | -1,000원 → 305,850원  [start]
H596 | bet   2,000원 PLAYER | P:K♣ 2♥=2  B:5♥ 4♦=9  BANKER(L)  | -2,000원 → 303,850원
H597 | bet   4,000원 PLAYER | P:2♠ Q♥ J♥=2  B:Q♠ 4♠=4  BANKER(L)  | -4,000원 → 299,850원
H598 | bet   8,000원 PLAYER | P:J♣ 2♠ 5♣=7  B:A♥ J♦ 4♠=5  PLAYER(W)  | +8,000원 → 307,850원  [end_win]
H599 | bet   1,000원 BANKER | P:8♣ 7♦ Q♣=5  B:7♣ K♥=7  BANKER(W)  | +950원 → 308,800원
H600 | bet   1,000원 BANKER | P:3♠ 10♥ J♣=3  B:Q♠ J♥ 9♦=9  BANKER(W)  | +950원 → 309,750원
H601 | bet   1,000원 BANKER | P:2♦ J♣ 10♣=2  B:6♣ 7♣ 2♣=5  BANKER(W)  | +950원 → 310,700원
H602 | bet   1,000원 BANKER | P:3♥ 7♠=0  B:7♠ A♥=8  BANKER(W)  | +950원 → 311,650원
H603 | bet   1,000원 BANKER | P:3♣ Q♣ J♠=3  B:J♦ 3♥ 2♥=5  BANKER(W)  | +950원 → 312,600원
H604 | bet   1,000원 BANKER | P:A♣ 4♠ 6♠=1  B:4♦ 6♠ 4♥=4  BANKER(W)  | +950원 → 313,550원
H605 | bet   1,000원 BANKER | P:3♣ J♥ 6♣=9  B:K♠ 4♥ 2♠=6  PLAYER(L)  | -1,000원 → 312,550원  [start]
H606 | bet   2,000원 PLAYER | P:10♦ 7♥=7  B:A♥ K♦ 7♥=8  BANKER(L)  | -2,000원 → 310,550원
H607 | bet   4,000원 PLAYER | P:K♣ 4♠ J♥=4  B:4♣ 8♦ J♥=2  PLAYER(W)  | +4,000원 → 314,550원  [end_win]
H608 | bet   1,000원 BANKER | P:K♣ A♣=1  B:10♦ 8♠=8  BANKER(W)  | +950원 → 315,500원
H609 | bet   1,000원 BANKER | P:A♥ K♥ Q♠=1  B:2♣ 9♥ 10♥=1  TIE(T)  |     0원 → 315,500원
H610 | bet   1,000원 BANKER | P:Q♦ 9♣=9  B:2♠ A♥=3  PLAYER(L)  | -1,000원 → 314,500원  [start]
H611 | bet   2,000원 PLAYER | P:5♥ 10♦ 6♠=1  B:6♠ Q♥ J♣=6  BANKER(L)  | -2,000원 → 312,500원
H612 | bet   4,000원 PLAYER | P:A♠ A♦ 5♠=7  B:6♣ 4♥ 10♠=0  PLAYER(W)  | +4,000원 → 316,500원  [end_win]
H613 | bet   1,000원 BANKER | P:10♦ 3♦ 9♣=2  B:3♥ Q♠ 5♠=8  BANKER(W)  | +950원 → 317,450원
H614 | bet   1,000원 BANKER | P:Q♦ 10♣ 10♠=0  B:A♦ A♠ A♠=3  BANKER(W)  | +950원 → 318,400원
H615 | bet   1,000원 BANKER | P:Q♥ 6♥=6  B:J♥ Q♣ 10♥=0  PLAYER(L)  | -1,000원 → 317,400원  [start]
H616 | bet   2,000원 PLAYER | P:J♠ 9♦=9  B:A♥ 6♦=7  PLAYER(W)  | +2,000원 → 319,400원  [end_win]
H617 | bet   1,000원 BANKER | P:J♠ 8♦=8  B:10♣ J♦=0  PLAYER(L)  | -1,000원 → 318,400원  [start]
H618 | bet   2,000원 PLAYER | P:2♠ 4♦=6  B:2♠ J♦ 5♦=7  BANKER(L)  | -2,000원 → 316,400원
H619 | bet   4,000원 PLAYER | P:10♣ A♠=1  B:10♦ 8♣=8  BANKER(L)  | -4,000원 → 312,400원
H620 | bet   8,000원 PLAYER | P:2♦ 5♥=7  B:7♣ J♠=7  TIE(T)  |     0원 → 312,400원
H621 | bet   8,000원 PLAYER | P:2♠ 6♥=8  B:Q♥ 3♠=3  PLAYER(W)  | +8,000원 → 320,400원  [end_win]
H622 | bet   1,000원 BANKER | P:4♣ 6♦ 5♥=5  B:K♥ 2♦ 2♥=4  PLAYER(L)  | -1,000원 → 319,400원  [start]
H623 | bet   2,000원 PLAYER | P:7♠ 9♦=6  B:10♣ 3♦ 8♠=1  PLAYER(W)  | +2,000원 → 321,400원  [end_win]
H624 | bet   1,000원 BANKER | P:A♦ 3♦ 3♣=7  B:3♥ K♥ 8♦=1  PLAYER(L)  | -1,000원 → 320,400원  [start]
H625 | bet   2,000원 PLAYER | P:3♥ 8♥ Q♥=1  B:4♣ 3♠=7  BANKER(L)  | -2,000원 → 318,400원
H626 | bet   4,000원 PLAYER | P:K♦ 9♠=9  B:7♦ 5♣=2  PLAYER(W)  | +4,000원 → 322,400원  [end_win]
H627 | bet   1,000원 BANKER | P:J♣ A♦ 2♦=3  B:3♥ A♦ 7♥=1  PLAYER(L)  | -1,000원 → 321,400원  [start]
H628 | bet   2,000원 PLAYER | P:9♦ J♣=9  B:10♦ Q♣=0  PLAYER(W)  | +2,000원 → 323,400원  [end_win]
H629 | bet   1,000원 BANKER | P:K♣ 4♣ A♠=5  B:9♦ 2♥ Q♠=1  PLAYER(L)  | -1,000원 → 322,400원  [start]
H630 | bet   2,000원 PLAYER | P:A♦ 2♥ 10♣=3  B:A♣ 10♠ A♣=2  PLAYER(W)  | +2,000원 → 324,400원  [end_win]
H631 | bet   1,000원 BANKER | P:4♥ A♠=5  B:9♠ 9♠=8  BANKER(W)  | +950원 → 325,350원
H632 | bet   1,000원 BANKER | P:8♦ 5♠ 5♦=8  B:2♠ K♥ K♠=2  PLAYER(L)  | -1,000원 → 324,350원  [start]
H633 | bet   2,000원 PLAYER | P:3♥ 2♥=5  B:5♣ 3♠=8  BANKER(L)  | -2,000원 → 322,350원
H634 | bet   4,000원 PLAYER | P:4♣ J♦ 3♣=7  B:8♥ 5♠ 6♦=9  BANKER(L)  | -4,000원 → 318,350원
H635 | bet   8,000원 PLAYER | P:6♥ 7♠=3  B:3♠ 5♣=8  BANKER(L)  | -8,000원 → 310,350원
H636 | bet  16,000원 PLAYER | P:5♥ 8♥ 8♠=1  B:9♣ 3♠ A♥=3  BANKER(L)  | -16,000원 → 294,350원  [end_giveup]
H637 | bet   1,000원 BANKER | P:7♣ 4♦ 8♣=9  B:7♠ 6♣=3  PLAYER(L)  | -1,000원 → 293,350원  [start]
H638 | bet   2,000원 PLAYER | P:J♠ 7♦=7  B:2♦ A♣ 7♠=0  PLAYER(W)  | +2,000원 → 295,350원  [end_win]
H639 | bet   1,000원 BANKER | P:7♥ 7♦ Q♥=4  B:5♦ 6♥ 5♥=6  BANKER(W)  | +950원 → 296,300원
H640 | bet   1,000원 BANKER | P:3♣ 2♣ 7♦=2  B:8♣ 8♠ 2♣=8  BANKER(W)  | +950원 → 297,250원
H641 | bet   1,000원 BANKER | P:7♥ K♦=7  B:Q♦ K♠ 7♦=7  TIE(T)  |     0원 → 297,250원
H642 | bet   1,000원 BANKER | P:9♣ 10♠=9  B:10♥ Q♥=0  PLAYER(L)  | -1,000원 → 296,250원  [start]
H643 | bet   2,000원 PLAYER | P:K♦ 10♠ 7♥=7  B:2♣ 5♠=7  TIE(T)  |     0원 → 296,250원
H644 | bet   2,000원 PLAYER | P:7♥ 9♠=6  B:3♣ 3♦=6  TIE(T)  |     0원 → 296,250원
H645 | bet   2,000원 PLAYER | P:A♠ 4♥ 3♣=8  B:6♠ 6♠ 4♥=6  PLAYER(W)  | +2,000원 → 298,250원  [end_win]
H646 | bet   1,000원 BANKER | P:Q♣ Q♦ 8♥=8  B:9♣ 8♠=7  PLAYER(L)  | -1,000원 → 297,250원  [start]
H647 | bet   2,000원 PLAYER | P:J♦ 4♦=4  B:A♣ 8♠=9  BANKER(L)  | -2,000원 → 295,250원
H648 | bet   4,000원 PLAYER | P:9♠ Q♦=9  B:Q♥ 9♠=9  TIE(T)  |     0원 → 295,250원
H649 | bet   4,000원 PLAYER | P:10♠ 9♥=9  B:4♣ J♦=4  PLAYER(W)  | +4,000원 → 299,250원  [end_win]
H650 | bet   1,000원 BANKER | P:A♠ 5♠=6  B:9♥ 6♥ 2♦=7  BANKER(W)  | +950원 → 300,200원
H651 | bet   1,000원 BANKER | P:Q♣ 2♥=2  B:A♦ 8♦=9  BANKER(W)  | +950원 → 301,150원
H652 | bet   1,000원 BANKER | P:8♥ 6♦ 7♦=1  B:3♦ 10♦ K♥=3  BANKER(W)  | +950원 → 302,100원
H653 | bet   1,000원 BANKER | P:5♣ J♥=5  B:5♣ 3♥=8  BANKER(W)  | +950원 → 303,050원
H654 | bet   1,000원 BANKER | P:5♠ 9♣ 8♣=2  B:K♥ 3♦=3  BANKER(W)  | +950원 → 304,000원
H655 | bet   1,000원 BANKER | P:4♣ 8♦ K♠=2  B:5♦ K♦=5  BANKER(W)  | +950원 → 304,950원
H656 | bet   1,000원 BANKER | P:2♣ A♣ 9♦=2  B:10♥ 6♦=6  BANKER(W)  | +950원 → 305,900원
H657 | bet   1,000원 BANKER | P:10♠ 6♣=6  B:K♦ 7♦=7  BANKER(W)  | +950원 → 306,850원
H658 | bet   1,000원 BANKER | P:4♦ 8♣=2  B:Q♦ 9♠=9  BANKER(W)  | +950원 → 307,800원
H659 | bet   1,000원 BANKER | P:9♣ 7♠=6  B:6♣ 6♥ 7♥=9  BANKER(W)  | +950원 → 308,750원
H660 | bet   1,000원 BANKER | P:Q♦ 5♣=5  B:10♥ 9♥=9  BANKER(W)  | +950원 → 309,700원
H661 | bet   1,000원 BANKER | P:5♠ 6♣ K♠=1  B:J♠ J♥ Q♠=0  PLAYER(L)  | -1,000원 → 308,700원  [start]
H662 | bet   2,000원 PLAYER | P:10♦ K♣=0  B:9♦ K♠=9  BANKER(L)  | -2,000원 → 306,700원
H663 | bet   4,000원 PLAYER | P:Q♣ Q♦ Q♦=0  B:2♣ J♠ 10♠=2  BANKER(L)  | -4,000원 → 302,700원
H664 | bet   8,000원 PLAYER | P:9♠ Q♥=9  B:4♥ 5♥=9  TIE(T)  |     0원 → 302,700원
H665 | bet   8,000원 PLAYER | P:10♠ 4♥ K♠=4  B:J♣ 6♥=6  BANKER(L)  | -8,000원 → 294,700원
H666 | bet  16,000원 PLAYER | P:2♣ 2♥ 9♥=3  B:8♠ 6♣=4  BANKER(L)  | -16,000원 → 278,700원  [end_giveup]
H667 | bet   1,000원 BANKER | P:4♠ 4♥=8  B:A♠ 8♥=9  BANKER(W)  | +950원 → 279,650원
H668 | bet   1,000원 BANKER | P:10♣ 5♥ 4♣=9  B:K♣ 10♦ 6♦=6  PLAYER(L)  | -1,000원 → 278,650원  [start]
H669 | bet   2,000원 PLAYER | P:8♠ 8♠=6  B:10♠ K♠ J♣=0  PLAYER(W)  | +2,000원 → 280,650원  [end_win]
H670 | bet   1,000원 BANKER | P:3♥ 7♠ 6♦=6  B:2♦ 2♦ 3♥=7  BANKER(W)  | +950원 → 281,600원
H671 | bet   1,000원 BANKER | P:9♣ K♥=9  B:A♥ 4♦=5  PLAYER(L)  | -1,000원 → 280,600원  [start]
H672 | bet   2,000원 PLAYER | P:7♠ 4♠ 6♠=7  B:6♥ 7♣ 8♥=1  PLAYER(W)  | +2,000원 → 282,600원  [end_win]
H673 | bet   1,000원 BANKER | P:Q♠ K♣=0  B:7♦ 2♥=9  BANKER(W)  | +950원 → 283,550원
H674 | bet   1,000원 BANKER | P:A♣ 10♦ 9♦=0  B:A♥ 3♠=4  BANKER(W)  | +950원 → 284,500원
H675 | bet   1,000원 BANKER | P:4♠ 6♥ 6♣=6  B:Q♥ 7♥=7  BANKER(W)  | +950원 → 285,450원
H676 | bet   1,000원 BANKER | P:3♦ K♥ J♦=3  B:2♦ 9♣ 8♦=9  BANKER(W)  | +950원 → 286,400원
H677 | bet   1,000원 BANKER | P:4♣ J♦ 4♣=8  B:K♥ 6♠=6  PLAYER(L)  | -1,000원 → 285,400원  [start]
H678 | bet   2,000원 PLAYER | P:10♥ Q♣=0  B:8♦ 10♣=8  BANKER(L)  | -2,000원 → 283,400원
H679 | bet   4,000원 PLAYER | P:10♦ 6♣=6  B:9♣ J♠=9  BANKER(L)  | -4,000원 → 279,400원
H680 | bet   8,000원 PLAYER | P:7♦ 10♦=7  B:10♥ 7♥=7  TIE(T)  |     0원 → 279,400원
H681 | bet   8,000원 PLAYER | P:K♠ 8♦=8  B:9♠ 3♦=2  PLAYER(W)  | +8,000원 → 287,400원  [end_win]
H682 | bet   1,000원 BANKER | P:3♠ K♥ 7♥=0  B:A♦ 10♥ 2♠=3  BANKER(W)  | +950원 → 288,350원
H683 | bet   1,000원 BANKER | P:Q♦ J♥=0  B:8♦ K♠=8  BANKER(W)  | +950원 → 289,300원
H684 | bet   1,000원 BANKER | P:6♦ K♣=6  B:4♠ A♣ 10♠=5  PLAYER(L)  | -1,000원 → 288,300원  [start]
H685 | bet   2,000원 PLAYER | P:9♣ A♦ 3♦=3  B:A♠ K♦ 3♣=4  BANKER(L)  | -2,000원 → 286,300원
H686 | bet   4,000원 PLAYER | P:10♠ Q♠ J♣=0  B:4♣ 10♣=4  BANKER(L)  | -4,000원 → 282,300원
H687 | bet   8,000원 PLAYER | P:5♠ J♠=5  B:10♥ 9♠=9  BANKER(L)  | -8,000원 → 274,300원
H688 | bet  16,000원 PLAYER | P:5♥ 2♦=7  B:2♥ 2♦ 7♥=1  PLAYER(W)  | +16,000원 → 290,300원  [end_win]
H689 | bet   1,000원 BANKER | P:9♥ 10♠=9  B:9♣ K♣=9  TIE(T)  |     0원 → 290,300원
H690 | bet   1,000원 BANKER | P:8♦ 3♥ 2♥=3  B:4♦ A♠=5  BANKER(W)  | +950원 → 291,250원
H691 | bet   1,000원 BANKER | P:2♣ K♣=2  B:9♥ K♠=9  BANKER(W)  | +950원 → 292,200원
H692 | bet   1,000원 BANKER | P:Q♠ 7♥=7  B:6♠ 3♥=9  BANKER(W)  | +950원 → 293,150원
H693 | bet   1,000원 BANKER | P:9♠ 6♦ 2♦=7  B:4♦ Q♥ 4♦=8  BANKER(W)  | +950원 → 294,100원
H694 | bet   1,000원 BANKER | P:7♥ 4♥ 3♥=4  B:3♦ J♠ 8♣=1  PLAYER(L)  | -1,000원 → 293,100원  [start]
H695 | bet   2,000원 PLAYER | P:A♠ 10♠ 6♥=7  B:5♦ 5♣ 6♦=6  PLAYER(W)  | +2,000원 → 295,100원  [end_win]
H696 | bet   1,000원 BANKER | P:K♥ 4♦ 2♠=6  B:3♥ Q♣ 5♣=8  BANKER(W)  | +950원 → 296,050원
H697 | bet   1,000원 BANKER | P:K♦ 9♣=9  B:2♥ 2♥=4  PLAYER(L)  | -1,000원 → 295,050원  [start]
H698 | bet   2,000원 PLAYER | P:K♦ 9♠=9  B:3♣ Q♠=3  PLAYER(W)  | +2,000원 → 297,050원  [end_win]
H699 | bet   1,000원 BANKER | P:9♥ 7♠=6  B:3♥ 9♠ 7♠=9  BANKER(W)  | +950원 → 298,000원
H700 | bet   1,000원 BANKER | P:6♠ 9♦=5  B:A♥ 8♣=9  BANKER(W)  | +950원 → 298,950원
H701 | bet   1,000원 BANKER | P:4♦ J♦ Q♠=4  B:J♥ 5♠=5  BANKER(W)  | +950원 → 299,900원
H702 | bet   1,000원 BANKER | P:8♠ 7♣ 9♠=4  B:Q♣ 4♥=4  TIE(T)  |     0원 → 299,900원
H703 | bet   1,000원 BANKER | P:3♦ 7♣ 9♣=9  B:K♥ 3♣ 5♠=8  PLAYER(L)  | -1,000원 → 298,900원  [start]
H704 | bet   2,000원 PLAYER | P:A♦ 4♣ Q♥=5  B:K♦ J♣ 8♥=8  BANKER(L)  | -2,000원 → 296,900원
H705 | bet   4,000원 PLAYER | P:9♦ 7♥=6  B:J♣ A♦ K♦=1  PLAYER(W)  | +4,000원 → 300,900원  [end_win]
H706 | bet   1,000원 BANKER | P:3♣ 7♠ 5♠=5  B:J♥ 3♦ 9♥=2  PLAYER(L)  | -1,000원 → 299,900원  [start]
H707 | bet   2,000원 PLAYER | P:7♣ 7♦ J♦=4  B:J♣ Q♦ A♣=1  PLAYER(W)  | +2,000원 → 301,900원  [end_win]
H708 | bet   1,000원 BANKER | P:4♣ J♦ 5♦=9  B:8♥ 8♥=6  PLAYER(L)  | -1,000원 → 300,900원  [start]
H709 | bet   2,000원 PLAYER | P:K♣ 2♣ A♦=3  B:10♣ 5♦=5  BANKER(L)  | -2,000원 → 298,900원
H710 | bet   4,000원 PLAYER | P:2♦ J♥ A♠=3  B:J♠ 2♠ 3♠=5  BANKER(L)  | -4,000원 → 294,900원
H711 | bet   8,000원 PLAYER | P:6♣ 2♦=8  B:8♣ 6♣=4  PLAYER(W)  | +8,000원 → 302,900원  [end_win]
H712 | bet   1,000원 BANKER | P:2♠ 5♠=7  B:4♠ 6♠ 3♠=3  PLAYER(L)  | -1,000원 → 301,900원  [start]
H713 | bet   2,000원 PLAYER | P:5♦ A♠=6  B:4♠ 10♦ A♥=5  PLAYER(W)  | +2,000원 → 303,900원  [end_win]
H714 | bet   1,000원 BANKER | P:K♦ 9♣=9  B:10♣ 10♥=0  PLAYER(L)  | -1,000원 → 302,900원  [start]
H715 | bet   2,000원 PLAYER | P:Q♥ 5♣ A♦=6  B:6♦ A♦=7  BANKER(L)  | -2,000원 → 300,900원
H716 | bet   4,000원 PLAYER | P:K♥ 7♦=7  B:7♣ 8♠ J♣=5  PLAYER(W)  | +4,000원 → 304,900원  [end_win]
H717 | bet   1,000원 BANKER | P:5♥ 3♣=8  B:5♣ 7♠=2  PLAYER(L)  | -1,000원 → 303,900원  [start]
H718 | bet   2,000원 PLAYER | P:7♣ A♣=8  B:2♥ 3♦=5  PLAYER(W)  | +2,000원 → 305,900원  [end_win]
H719 | bet   1,000원 BANKER | P:9♦ K♥=9  B:8♦ 5♦=3  PLAYER(L)  | -1,000원 → 304,900원  [start]
H720 | bet   2,000원 PLAYER | P:5♣ 3♠=8  B:7♠ 3♠=0  PLAYER(W)  | +2,000원 → 306,900원  [end_win]
H721 | bet   1,000원 BANKER | P:J♦ 8♥=8  B:8♣ 8♦=6  PLAYER(L)  | -1,000원 → 305,900원  [start]
H722 | bet   2,000원 PLAYER | P:6♥ A♣=7  B:9♥ 2♠ 3♣=4  PLAYER(W)  | +2,000원 → 307,900원  [end_win]
H723 | bet   1,000원 BANKER | P:A♣ J♦ 7♥=8  B:6♠ 10♦ Q♦=6  PLAYER(L)  | -1,000원 → 306,900원  [start]
H724 | bet   2,000원 PLAYER | P:K♠ 6♥=6  B:A♠ A♠ 6♣=8  BANKER(L)  | -2,000원 → 304,900원
H725 | bet   4,000원 PLAYER | P:2♣ Q♣=2  B:8♣ J♥=8  BANKER(L)  | -4,000원 → 300,900원
H726 | bet   8,000원 PLAYER | P:4♣ 5♠=9  B:4♥ 5♦=9  TIE(T)  |     0원 → 300,900원
H727 | bet   8,000원 PLAYER | P:3♣ Q♦ K♦=3  B:Q♥ 7♦=7  BANKER(L)  | -8,000원 → 292,900원
H728 | bet  16,000원 PLAYER | P:8♣ 9♥=7  B:8♣ 10♠=8  BANKER(L)  | -16,000원 → 276,900원  [end_giveup]
H729 | bet   1,000원 BANKER | P:J♠ 7♦=7  B:2♣ A♥ 3♠=6  PLAYER(L)  | -1,000원 → 275,900원  [start]
H730 | bet   2,000원 PLAYER | P:A♦ 4♣ 3♣=8  B:9♦ 8♥=7  PLAYER(W)  | +2,000원 → 277,900원  [end_win]
H731 | bet   1,000원 BANKER | P:6♣ 10♦=6  B:2♥ 5♥=7  BANKER(W)  | +950원 → 278,850원
H732 | bet   1,000원 BANKER | P:8♥ 8♠=6  B:6♥ 9♦ 10♣=5  PLAYER(L)  | -1,000원 → 277,850원  [start]
H733 | bet   2,000원 PLAYER | P:Q♣ A♥=1  B:Q♦ 8♠=8  BANKER(L)  | -2,000원 → 275,850원
H734 | bet   4,000원 PLAYER | P:J♥ 4♥ 10♥=4  B:Q♣ J♥ 6♥=6  BANKER(L)  | -4,000원 → 271,850원
H735 | bet   8,000원 PLAYER | P:2♠ A♥=3  B:5♣ 4♠=9  BANKER(L)  | -8,000원 → 263,850원
H736 | bet  16,000원 PLAYER | P:7♦ 2♠=9  B:A♣ A♣=2  PLAYER(W)  | +16,000원 → 279,850원  [end_win]
H737 | bet   1,000원 BANKER | P:5♣ 5♦ 8♦=8  B:7♣ 9♦=6  PLAYER(L)  | -1,000원 → 278,850원  [start]
H738 | bet   2,000원 PLAYER | P:6♣ 5♠ Q♣=1  B:K♣ 7♣=7  BANKER(L)  | -2,000원 → 276,850원
H739 | bet   4,000원 PLAYER | P:3♦ K♦ 5♥=8  B:8♣ 4♠ 3♥=5  PLAYER(W)  | +4,000원 → 280,850원  [end_win]
H740 | bet   1,000원 BANKER | P:Q♠ 5♠ 2♣=7  B:5♥ 5♥ K♠=0  PLAYER(L)  | -1,000원 → 279,850원  [start]
H741 | bet   2,000원 PLAYER | P:9♠ 6♦ 6♠=1  B:J♠ J♣ 10♣=0  PLAYER(W)  | +2,000원 → 281,850원  [end_win]
H742 | bet   1,000원 BANKER | P:Q♥ 2♠ J♠=2  B:Q♥ A♥ 8♠=9  BANKER(W)  | +950원 → 282,800원
H743 | bet   1,000원 BANKER | P:5♣ J♦ 6♦=1  B:5♦ 10♣ 2♣=7  BANKER(W)  | +950원 → 283,750원
H744 | bet   1,000원 BANKER | P:7♦ Q♠=7  B:3♦ 8♥ J♣=1  PLAYER(L)  | -1,000원 → 282,750원  [start]
H745 | bet   2,000원 PLAYER | P:J♦ 3♠ 2♥=5  B:K♥ A♠ 3♣=4  PLAYER(W)  | +2,000원 → 284,750원  [end_win]
H746 | bet   1,000원 BANKER | P:A♦ 5♣=6  B:A♠ Q♠ 5♣=6  TIE(T)  |     0원 → 284,750원
H747 | bet   1,000원 BANKER | P:A♣ 5♥=6  B:J♠ 3♣ 4♣=7  BANKER(W)  | +950원 → 285,700원
H748 | bet   1,000원 BANKER | P:10♥ 5♦ 10♠=5  B:7♣ K♣=7  BANKER(W)  | +950원 → 286,650원
H749 | bet   1,000원 BANKER | P:Q♥ 10♦ 6♠=6  B:4♠ J♣ Q♠=4  PLAYER(L)  | -1,000원 → 285,650원  [start]
H750 | bet   2,000원 PLAYER | P:7♠ 2♣=9  B:6♣ 7♥=3  PLAYER(W)  | +2,000원 → 287,650원  [end_win]
H751 | bet   1,000원 BANKER | P:K♦ K♣ J♦=0  B:K♦ 6♦=6  BANKER(W)  | +950원 → 288,600원
H752 | bet   1,000원 BANKER | P:2♣ K♣ 8♠=0  B:K♣ 10♠ 6♠=6  BANKER(W)  | +950원 → 289,550원
H753 | bet   1,000원 BANKER | P:8♣ 6♦ 6♥=0  B:6♣ 7♣ 8♦=1  BANKER(W)  | +950원 → 290,500원
H754 | bet   1,000원 BANKER | P:10♥ 8♥=8  B:10♥ A♣=1  PLAYER(L)  | -1,000원 → 289,500원  [start]
H755 | bet   2,000원 PLAYER | P:7♦ 6♥=3  B:8♥ J♥=8  BANKER(L)  | -2,000원 → 287,500원
H756 | bet   4,000원 PLAYER | P:10♣ 10♣ 8♥=8  B:J♠ A♠ 3♣=4  PLAYER(W)  | +4,000원 → 291,500원  [end_win]
H757 | bet   1,000원 BANKER | P:Q♥ 3♥ 8♠=1  B:K♠ J♣ Q♥=0  PLAYER(L)  | -1,000원 → 290,500원  [start]
H758 | bet   2,000원 PLAYER | P:5♥ J♥ 7♠=2  B:9♦ 2♠ Q♣=1  PLAYER(W)  | +2,000원 → 292,500원  [end_win]
H759 | bet   1,000원 BANKER | P:K♦ K♠ Q♣=0  B:9♦ 7♠=6  BANKER(W)  | +950원 → 293,450원
H760 | bet   1,000원 BANKER | P:5♣ 7♥ 4♦=6  B:2♣ 4♣=6  TIE(T)  |     0원 → 293,450원
H761 | bet   1,000원 BANKER | P:J♥ K♦ Q♣=0  B:7♣ J♦=7  BANKER(W)  | +950원 → 294,400원
H762 | bet   1,000원 BANKER | P:5♦ A♠=6  B:Q♥ Q♥ Q♠=0  PLAYER(L)  | -1,000원 → 293,400원  [start]
H763 | bet   2,000원 PLAYER | P:7♦ K♥=7  B:8♠ 6♠ 2♠=6  PLAYER(W)  | +2,000원 → 295,400원  [end_win]
H764 | bet   1,000원 BANKER | P:J♠ 7♦=7  B:10♦ 8♦=8  BANKER(W)  | +950원 → 296,350원
H765 | bet   1,000원 BANKER | P:5♠ 3♦=8  B:4♦ 8♥=2  PLAYER(L)  | -1,000원 → 295,350원  [start]
H766 | bet   2,000원 PLAYER | P:8♠ 6♠ J♠=4  B:8♠ 9♥=7  BANKER(L)  | -2,000원 → 293,350원
H767 | bet   4,000원 PLAYER | P:2♦ 7♥=9  B:8♣ 2♦=0  PLAYER(W)  | +4,000원 → 297,350원  [end_win]
H768 | bet   1,000원 BANKER | P:Q♦ 4♦=4  B:2♠ 6♥=8  BANKER(W)  | +950원 → 298,300원
H769 | bet   1,000원 BANKER | P:7♥ 3♦ K♦=0  B:10♥ Q♣ 7♦=7  BANKER(W)  | +950원 → 299,250원
H770 | bet   1,000원 BANKER | P:J♦ Q♦ 10♦=0  B:5♥ 5♦ 3♦=3  BANKER(W)  | +950원 → 300,200원
H771 | bet   1,000원 BANKER | P:6♦ 9♦ 6♣=1  B:Q♥ 4♣ 9♦=3  BANKER(W)  | +950원 → 301,150원
H772 | bet   1,000원 BANKER | P:4♥ K♥ 7♦=1  B:A♠ K♠ 7♣=8  BANKER(W)  | +950원 → 302,100원
H773 | bet   1,000원 BANKER | P:7♥ 4♣=1  B:9♥ K♠=9  BANKER(W)  | +950원 → 303,050원
H774 | bet   1,000원 BANKER | P:4♥ Q♠ 6♠=0  B:5♥ A♦ 2♦=8  BANKER(W)  | +950원 → 304,000원
H775 | bet   1,000원 BANKER | P:7♠ A♦=8  B:2♣ 6♣=8  TIE(T)  |     0원 → 304,000원
H776 | bet   1,000원 BANKER | P:3♥ 8♠=1  B:10♠ 9♥=9  BANKER(W)  | +950원 → 304,950원
H777 | bet   1,000원 BANKER | P:5♥ 9♦ 9♠=3  B:J♥ 3♥ 2♥=5  BANKER(W)  | +950원 → 305,900원
H778 | bet   1,000원 BANKER | P:Q♣ J♥ Q♣=0  B:3♦ 7♦ 9♥=9  BANKER(W)  | +950원 → 306,850원
H779 | bet   1,000원 BANKER | P:5♣ 2♥=7  B:8♥ 10♣=8  BANKER(W)  | +950원 → 307,800원
H780 | bet   1,000원 BANKER | P:4♥ 3♣=7  B:4♦ K♣ J♣=4  PLAYER(L)  | -1,000원 → 306,800원  [start]
H781 | bet   2,000원 PLAYER | P:8♦ 2♦ 10♣=0  B:6♠ 9♥=5  BANKER(L)  | -2,000원 → 304,800원
H782 | bet   4,000원 PLAYER | P:A♦ 8♣=9  B:A♦ 4♥=5  PLAYER(W)  | +4,000원 → 308,800원  [end_win]
H783 | bet   1,000원 BANKER | P:K♣ 4♠ K♥=4  B:A♥ K♥ 8♥=9  BANKER(W)  | +950원 → 309,750원
H784 | bet   1,000원 BANKER | P:7♣ 3♥ 7♦=7  B:3♥ 2♠ 4♠=9  BANKER(W)  | +950원 → 310,700원
H785 | bet   1,000원 BANKER | P:10♠ 3♠ 8♦=1  B:J♦ 3♥=3  BANKER(W)  | +950원 → 311,650원
H786 | bet   1,000원 BANKER | P:4♦ 10♠ A♥=5  B:Q♥ 10♥ 2♣=2  PLAYER(L)  | -1,000원 → 310,650원  [start]
H787 | bet   2,000원 PLAYER | P:J♥ 8♠=8  B:A♦ A♥=2  PLAYER(W)  | +2,000원 → 312,650원  [end_win]
H788 | bet   1,000원 BANKER | P:9♦ 5♠ 6♦=0  B:4♥ A♠ 4♣=9  BANKER(W)  | +950원 → 313,600원
H789 | bet   1,000원 BANKER | P:6♥ 8♦ 9♣=3  B:8♠ 6♥=4  BANKER(W)  | +950원 → 314,550원
H790 | bet   1,000원 BANKER | P:A♥ K♥ 3♠=4  B:2♥ 4♠=6  BANKER(W)  | +950원 → 315,500원
H791 | bet   1,000원 BANKER | P:2♦ 9♣ Q♦=1  B:2♣ 5♣=7  BANKER(W)  | +950원 → 316,450원
H792 | bet   1,000원 BANKER | P:A♦ 10♠ 9♥=0  B:2♥ 4♣=6  BANKER(W)  | +950원 → 317,400원
H793 | bet   1,000원 BANKER | P:A♣ 8♣=9  B:K♠ Q♠=0  PLAYER(L)  | -1,000원 → 316,400원  [start]
H794 | bet   2,000원 PLAYER | P:Q♥ Q♠ 10♣=0  B:Q♣ 10♣ 5♥=5  BANKER(L)  | -2,000원 → 314,400원
H795 | bet   4,000원 PLAYER | P:10♣ 2♦ J♦=2  B:J♥ 5♣=5  BANKER(L)  | -4,000원 → 310,400원
H796 | bet   8,000원 PLAYER | P:A♣ 5♣=6  B:6♥ 6♣ J♠=2  PLAYER(W)  | +8,000원 → 318,400원  [end_win]
H797 | bet   1,000원 BANKER | P:4♦ 7♠ 10♣=1  B:6♠ 5♠ 9♠=0  PLAYER(L)  | -1,000원 → 317,400원  [start]
H798 | bet   2,000원 PLAYER | P:6♣ 6♦ 3♠=5  B:10♥ 2♠ A♠=3  PLAYER(W)  | +2,000원 → 319,400원  [end_win]
H799 | bet   1,000원 BANKER | P:5♦ 4♦=9  B:J♠ 9♣=9  TIE(T)  |     0원 → 319,400원
H800 | bet   1,000원 BANKER | P:K♠ 7♣=7  B:6♦ 2♥=8  BANKER(W)  | +950원 → 320,350원
H801 | bet   1,000원 BANKER | P:3♠ 7♠=0  B:5♠ 4♠=9  BANKER(W)  | +950원 → 321,300원
H802 | bet   1,000원 BANKER | P:A♥ 3♠ 5♣=9  B:K♣ 3♣ 5♥=8  PLAYER(L)  | -1,000원 → 320,300원  [start]
H803 | bet   2,000원 PLAYER | P:A♣ 5♠=6  B:Q♦ 5♦ 9♠=4  PLAYER(W)  | +2,000원 → 322,300원  [end_win]
H804 | bet   1,000원 BANKER | P:3♠ 4♥=7  B:4♠ 9♠ 3♥=6  PLAYER(L)  | -1,000원 → 321,300원  [start]
H805 | bet   2,000원 PLAYER | P:5♠ 6♥=1  B:10♦ 8♣=8  BANKER(L)  | -2,000원 → 319,300원
H806 | bet   4,000원 PLAYER | P:3♣ A♣=4  B:2♥ 7♠=9  BANKER(L)  | -4,000원 → 315,300원
H807 | bet   8,000원 PLAYER | P:7♣ J♣=7  B:9♦ 9♠=8  BANKER(L)  | -8,000원 → 307,300원
H808 | bet  16,000원 PLAYER | P:4♠ A♦=5  B:8♣ K♣=8  BANKER(L)  | -16,000원 → 291,300원  [end_giveup]
H809 | bet   1,000원 BANKER | P:3♥ 10♥ K♦=3  B:2♠ 3♦=5  BANKER(W)  | +950원 → 292,250원
H810 | bet   1,000원 BANKER | P:Q♦ K♠ 9♠=9  B:J♣ 10♥ 5♦=5  PLAYER(L)  | -1,000원 → 291,250원  [start]
H811 | bet   2,000원 PLAYER | P:2♠ 9♥ Q♦=1  B:5♠ J♣=5  BANKER(L)  | -2,000원 → 289,250원
H812 | bet   4,000원 PLAYER | P:J♦ J♦ 10♠=0  B:5♦ 9♣=4  BANKER(L)  | -4,000원 → 285,250원
H813 | bet   8,000원 PLAYER | P:4♥ 9♦ 8♦=1  B:7♠ 9♣=6  BANKER(L)  | -8,000원 → 277,250원
H814 | bet  16,000원 PLAYER | P:6♦ A♠=7  B:9♣ K♦=9  BANKER(L)  | -16,000원 → 261,250원  [end_giveup]
H815 | bet   1,000원 BANKER | P:4♥ 7♥ 8♣=9  B:2♣ 8♦ 9♠=9  TIE(T)  |     0원 → 261,250원
H816 | bet   1,000원 BANKER | P:10♦ 3♣ A♣=4  B:K♥ J♣ A♥=1  PLAYER(L)  | -1,000원 → 260,250원  [start]
H817 | bet   2,000원 PLAYER | P:7♥ 2♦=9  B:5♠ 8♦=3  PLAYER(W)  | +2,000원 → 262,250원  [end_win]
H818 | bet   1,000원 BANKER | P:6♦ 2♦=8  B:Q♠ K♦=0  PLAYER(L)  | -1,000원 → 261,250원  [start]
H819 | bet   2,000원 PLAYER | P:10♦ A♥=1  B:3♦ 5♥=8  BANKER(L)  | -2,000원 → 259,250원
H820 | bet   4,000원 PLAYER | P:2♣ 10♦ 4♦=6  B:3♦ 4♠=7  BANKER(L)  | -4,000원 → 255,250원
H821 | bet   8,000원 PLAYER | P:Q♣ 6♣=6  B:Q♦ 7♣=7  BANKER(L)  | -8,000원 → 247,250원
H822 | bet  16,000원 PLAYER | P:9♠ 3♠ 8♥=0  B:K♠ 10♦ Q♦=0  TIE(T)  |     0원 → 247,250원
H823 | bet  16,000원 PLAYER | P:A♣ K♥ 7♥=8  B:5♦ 2♠=7  PLAYER(W)  | +16,000원 → 263,250원  [end_win]
H824 | bet   1,000원 BANKER | P:4♣ 6♥ 9♣=9  B:3♣ J♥ 2♥=5  PLAYER(L)  | -1,000원 → 262,250원  [start]
H825 | bet   2,000원 PLAYER | P:J♣ 10♣=0  B:Q♥ 9♠=9  BANKER(L)  | -2,000원 → 260,250원
H826 | bet   4,000원 PLAYER | P:7♥ 4♥=1  B:9♥ J♥=9  BANKER(L)  | -4,000원 → 256,250원
H827 | bet   8,000원 PLAYER | P:10♦ K♠ 4♠=4  B:A♦ Q♦ J♠=1  PLAYER(W)  | +8,000원 → 264,250원  [end_win]
H828 | bet   1,000원 BANKER | P:9♦ 2♠ 7♣=8  B:9♣ A♠ 10♥=0  PLAYER(L)  | -1,000원 → 263,250원  [start]
H829 | bet   2,000원 PLAYER | P:Q♠ 6♠=6  B:J♦ 10♠ 6♣=6  TIE(T)  |     0원 → 263,250원
H830 | bet   2,000원 PLAYER | P:9♠ 4♠=3  B:9♦ 10♠=9  BANKER(L)  | -2,000원 → 261,250원
H831 | bet   4,000원 PLAYER | P:9♠ Q♦=9  B:J♥ 5♥=5  PLAYER(W)  | +4,000원 → 265,250원  [end_win]
H832 | bet   1,000원 BANKER | P:2♥ 8♣ 6♠=6  B:8♣ 8♥ 8♥=4  PLAYER(L)  | -1,000원 → 264,250원  [start]
H833 | bet   2,000원 PLAYER | P:Q♣ 10♦ 10♠=0  B:3♣ 8♦ Q♠=1  BANKER(L)  | -2,000원 → 262,250원
H834 | bet   4,000원 PLAYER | P:Q♦ 10♥=0  B:3♦ 5♣=8  BANKER(L)  | -4,000원 → 258,250원
H835 | bet   8,000원 PLAYER | P:A♠ 8♥=9  B:2♦ 2♣=4  PLAYER(W)  | +8,000원 → 266,250원  [end_win]
H836 | bet   1,000원 BANKER | P:7♣ 10♥=7  B:8♠ 9♥=7  TIE(T)  |     0원 → 266,250원
H837 | bet   1,000원 BANKER | P:6♥ 7♦ 9♠=2  B:5♥ J♦=5  BANKER(W)  | +950원 → 267,200원
H838 | bet   1,000원 BANKER | P:3♣ 2♥ 7♣=2  B:J♦ 5♠ J♣=5  BANKER(W)  | +950원 → 268,150원
H839 | bet   1,000원 BANKER | P:7♥ 5♥ 9♠=1  B:8♦ 8♠=6  BANKER(W)  | +950원 → 269,100원
H840 | bet   1,000원 BANKER | P:K♥ K♦=0  B:5♣ 3♣=8  BANKER(W)  | +950원 → 270,050원
H841 | bet   1,000원 BANKER | P:10♠ 5♦ J♣=5  B:9♥ 2♣ 2♥=3  PLAYER(L)  | -1,000원 → 269,050원  [start]
H842 | bet   2,000원 PLAYER | P:9♦ 8♠=7  B:5♣ 9♠ J♠=4  PLAYER(W)  | +2,000원 → 271,050원  [end_win]
H843 | bet   1,000원 BANKER | P:10♦ Q♥ 5♠=5  B:K♥ Q♠ A♣=1  PLAYER(L)  | -1,000원 → 270,050원  [start]
H844 | bet   2,000원 PLAYER | P:3♠ A♥ 5♥=9  B:6♦ 7♥ 4♠=7  PLAYER(W)  | +2,000원 → 272,050원  [end_win]
H845 | bet   1,000원 BANKER | P:K♥ 6♦=6  B:3♥ 10♦ 9♣=2  PLAYER(L)  | -1,000원 → 271,050원  [start]
H846 | bet   2,000원 PLAYER | P:A♥ 8♦=9  B:8♠ A♣=9  TIE(T)  |     0원 → 271,050원
H847 | bet   2,000원 PLAYER | P:K♠ 7♦=7  B:5♦ 7♣ 6♣=8  BANKER(L)  | -2,000원 → 269,050원
H848 | bet   4,000원 PLAYER | P:3♦ 8♣ 3♥=4  B:3♥ 9♥ 5♠=7  BANKER(L)  | -4,000원 → 265,050원
H849 | bet   8,000원 PLAYER | P:7♥ 8♦ K♠=5  B:10♦ 6♦=6  BANKER(L)  | -8,000원 → 257,050원
H850 | bet  16,000원 PLAYER | P:7♣ 4♥ A♥=2  B:10♥ 4♥=4  BANKER(L)  | -16,000원 → 241,050원  [end_giveup]
H851 | bet   1,000원 BANKER | P:10♣ 5♥ A♥=6  B:2♠ 9♣ 3♠=4  PLAYER(L)  | -1,000원 → 240,050원  [start]
H852 | bet   2,000원 PLAYER | P:2♥ 6♦=8  B:A♠ 3♣=4  PLAYER(W)  | +2,000원 → 242,050원  [end_win]
H853 | bet   1,000원 BANKER | P:4♥ A♦ 3♥=8  B:4♦ J♠ 10♣=4  PLAYER(L)  | -1,000원 → 241,050원  [start]
H854 | bet   2,000원 PLAYER | P:7♥ 9♣=6  B:J♠ 5♦ 9♥=4  PLAYER(W)  | +2,000원 → 243,050원  [end_win]
H855 | bet   1,000원 BANKER | P:7♥ A♥=8  B:A♣ K♥=1  PLAYER(L)  | -1,000원 → 242,050원  [start]
H856 | bet   2,000원 PLAYER | P:4♣ 10♥ Q♥=4  B:10♦ A♦ 8♣=9  BANKER(L)  | -2,000원 → 240,050원
H857 | bet   4,000원 PLAYER | P:4♦ 5♣=9  B:9♣ Q♦=9  TIE(T)  |     0원 → 240,050원
H858 | bet   4,000원 PLAYER | P:A♥ 5♠=6  B:K♣ 10♥ Q♥=0  PLAYER(W)  | +4,000원 → 244,050원  [end_win]
H859 | bet   1,000원 BANKER | P:8♣ J♠=8  B:Q♦ 10♣=0  PLAYER(L)  | -1,000원 → 243,050원  [start]
H860 | bet   2,000원 PLAYER | P:7♦ K♠=7  B:Q♣ 3♠ J♥=3  PLAYER(W)  | +2,000원 → 245,050원  [end_win]
H861 | bet   1,000원 BANKER | P:5♦ 6♣ 4♦=5  B:J♠ Q♣ 5♠=5  TIE(T)  |     0원 → 245,050원
H862 | bet   1,000원 BANKER | P:3♦ 7♠ 8♥=8  B:K♣ K♦ 2♥=2  PLAYER(L)  | -1,000원 → 244,050원  [start]
H863 | bet   2,000원 PLAYER | P:10♣ 9♠=9  B:3♣ A♦=4  PLAYER(W)  | +2,000원 → 246,050원  [end_win]
H864 | bet   1,000원 BANKER | P:10♠ K♦ 3♠=3  B:J♥ 5♠=5  BANKER(W)  | +950원 → 247,000원
H865 | bet   1,000원 BANKER | P:K♦ 4♦ 2♠=6  B:6♦ K♠=6  TIE(T)  |     0원 → 247,000원
H866 | bet   1,000원 BANKER | P:3♠ Q♥ 2♦=5  B:3♥ A♠ 8♣=2  PLAYER(L)  | -1,000원 → 246,000원  [start]
H867 | bet   2,000원 PLAYER | P:8♥ 6♣=4  B:A♣ 8♠=9  BANKER(L)  | -2,000원 → 244,000원
H868 | bet   4,000원 PLAYER | P:J♥ 7♥=7  B:K♣ 4♠ A♣=5  PLAYER(W)  | +4,000원 → 248,000원  [end_win]
H869 | bet   1,000원 BANKER | P:A♠ 6♦=7  B:6♦ 9♣ Q♥=5  PLAYER(L)  | -1,000원 → 247,000원  [start]
H870 | bet   2,000원 PLAYER | P:8♥ 3♦ 8♠=9  B:6♦ Q♠=6  PLAYER(W)  | +2,000원 → 249,000원  [end_win]
H871 | bet   1,000원 BANKER | P:5♥ 5♥ 10♣=0  B:6♥ Q♠=6  BANKER(W)  | +950원 → 249,950원
H872 | bet   1,000원 BANKER | P:6♥ A♦=7  B:4♣ 6♥ 3♦=3  PLAYER(L)  | -1,000원 → 248,950원  [start]
H873 | bet   2,000원 PLAYER | P:K♠ J♣ 4♣=4  B:7♠ Q♥=7  BANKER(L)  | -2,000원 → 246,950원
H874 | bet   4,000원 PLAYER | P:J♣ 4♦ 8♥=2  B:9♦ 2♠ 5♣=6  BANKER(L)  | -4,000원 → 242,950원
H875 | bet   8,000원 PLAYER | P:7♦ 7♣ 9♦=3  B:A♠ Q♣ K♦=1  PLAYER(W)  | +8,000원 → 250,950원  [end_win]
H876 | bet   1,000원 BANKER | P:J♥ Q♦ 2♦=2  B:J♦ K♥ 5♠=5  BANKER(W)  | +950원 → 251,900원
H877 | bet   1,000원 BANKER | P:2♦ 2♣ A♦=5  B:K♣ 5♦=5  TIE(T)  |     0원 → 251,900원
H878 | bet   1,000원 BANKER | P:8♥ 7♠ 4♦=9  B:10♠ 7♠=7  PLAYER(L)  | -1,000원 → 250,900원  [start]
H879 | bet   2,000원 PLAYER | P:3♦ K♣ 8♦=1  B:2♣ 4♥=6  BANKER(L)  | -2,000원 → 248,900원
H880 | bet   4,000원 PLAYER | P:5♦ A♣=6  B:3♣ 6♠=9  BANKER(L)  | -4,000원 → 244,900원
H881 | bet   8,000원 PLAYER | P:5♣ Q♠ 6♣=1  B:6♠ 4♥ 3♥=3  BANKER(L)  | -8,000원 → 236,900원
H882 | bet  16,000원 PLAYER | P:4♦ Q♣ 5♣=9  B:3♣ J♠ 7♦=0  PLAYER(W)  | +16,000원 → 252,900원  [end_win]
H883 | bet   1,000원 BANKER | P:A♦ 3♣ 5♠=9  B:4♠ 10♠ 2♦=6  PLAYER(L)  | -1,000원 → 251,900원  [start]
H884 | bet   2,000원 PLAYER | P:7♣ J♦=7  B:10♥ 6♣=6  PLAYER(W)  | +2,000원 → 253,900원  [end_win]
H885 | bet   1,000원 BANKER | P:A♦ J♦ 3♠=4  B:5♥ 10♠=5  BANKER(W)  | +950원 → 254,850원
H886 | bet   1,000원 BANKER | P:8♠ 8♦=6  B:2♣ 5♦=7  BANKER(W)  | +950원 → 255,800원
H887 | bet   1,000원 BANKER | P:2♦ 2♠ 4♣=8  B:2♥ 4♥=6  PLAYER(L)  | -1,000원 → 254,800원  [start]
H888 | bet   2,000원 PLAYER | P:2♦ 2♥ A♠=5  B:8♣ 9♦=7  BANKER(L)  | -2,000원 → 252,800원
H889 | bet   4,000원 PLAYER | P:7♠ 7♦ 4♠=8  B:7♥ K♦=7  PLAYER(W)  | +4,000원 → 256,800원  [end_win]
H890 | bet   1,000원 BANKER | P:7♠ K♣=7  B:A♥ K♦ K♥=1  PLAYER(L)  | -1,000원 → 255,800원  [start]
H891 | bet   2,000원 PLAYER | P:K♥ 10♥ Q♠=0  B:A♣ A♣ 6♠=8  BANKER(L)  | -2,000원 → 253,800원
H892 | bet   4,000원 PLAYER | P:K♣ 2♣ 3♠=5  B:6♠ 8♦ 9♣=3  PLAYER(W)  | +4,000원 → 257,800원  [end_win]
H893 | bet   1,000원 BANKER | P:K♣ 10♣ 10♦=0  B:9♦ A♥ Q♠=0  TIE(T)  |     0원 → 257,800원
H894 | bet   1,000원 BANKER | P:5♦ 4♣=9  B:6♠ Q♦=6  PLAYER(L)  | -1,000원 → 256,800원  [start]
H895 | bet   2,000원 PLAYER | P:J♦ 2♥ 7♠=9  B:Q♣ 2♠ Q♣=2  PLAYER(W)  | +2,000원 → 258,800원  [end_win]
H896 | bet   1,000원 BANKER | P:3♥ Q♥=3  B:2♣ 6♣=8  BANKER(W)  | +950원 → 259,750원
H897 | bet   1,000원 BANKER | P:3♦ 9♥ K♥=2  B:6♠ 6♥ 9♥=1  PLAYER(L)  | -1,000원 → 258,750원  [start]
H898 | bet   2,000원 PLAYER | P:J♥ J♣ K♠=0  B:4♠ 10♣=4  BANKER(L)  | -2,000원 → 256,750원
H899 | bet   4,000원 PLAYER | P:2♣ 7♣=9  B:7♦ J♥=7  PLAYER(W)  | +4,000원 → 260,750원  [end_win]
H900 | bet   1,000원 BANKER | P:J♣ 9♠=9  B:J♠ 6♥=6  PLAYER(L)  | -1,000원 → 259,750원  [start]
H901 | bet   2,000원 PLAYER | P:2♠ 4♣=6  B:8♦ 9♦=7  BANKER(L)  | -2,000원 → 257,750원
H902 | bet   4,000원 PLAYER | P:Q♦ 3♥=3  B:K♠ 9♣=9  BANKER(L)  | -4,000원 → 253,750원
H903 | bet   8,000원 PLAYER | P:Q♣ 6♥=6  B:8♠ A♠=9  BANKER(L)  | -8,000원 → 245,750원
H904 | bet  16,000원 PLAYER | P:J♦ 9♥=9  B:7♦ 6♥=3  PLAYER(W)  | +16,000원 → 261,750원  [end_win]
H905 | bet   1,000원 BANKER | P:4♣ 8♣ K♦=2  B:6♣ 10♦=6  BANKER(W)  | +950원 → 262,700원
H906 | bet   1,000원 BANKER | P:4♦ 6♠ 5♥=5  B:4♥ 6♠ 3♠=3  PLAYER(L)  | -1,000원 → 261,700원  [start]
H907 | bet   2,000원 PLAYER | P:2♥ A♠ 2♣=5  B:Q♠ J♣ 10♦=0  PLAYER(W)  | +2,000원 → 263,700원  [end_win]
H908 | bet   1,000원 BANKER | P:4♠ 4♥=8  B:4♦ 2♠=6  PLAYER(L)  | -1,000원 → 262,700원  [start]
H909 | bet   2,000원 PLAYER | P:10♠ 4♣ 8♦=2  B:3♦ 9♠ 6♦=8  BANKER(L)  | -2,000원 → 260,700원
H910 | bet   4,000원 PLAYER | P:5♣ K♣=5  B:10♥ 9♠=9  BANKER(L)  | -4,000원 → 256,700원
H911 | bet   8,000원 PLAYER | P:A♣ K♠ K♦=1  B:7♥ 8♦=5  BANKER(L)  | -8,000원 → 248,700원
H912 | bet  16,000원 PLAYER | P:Q♣ 5♥ 7♠=2  B:2♦ 4♠ 6♣=2  TIE(T)  |     0원 → 248,700원
H913 | bet  16,000원 PLAYER | P:J♥ 7♠=7  B:10♦ J♥ 10♠=0  PLAYER(W)  | +16,000원 → 264,700원  [end_win]
H914 | bet   1,000원 BANKER | P:Q♥ 5♦ 6♠=1  B:4♣ J♦ 3♥=7  BANKER(W)  | +950원 → 265,650원
H915 | bet   1,000원 BANKER | P:4♣ K♣ 5♦=9  B:4♣ A♦ 4♠=9  TIE(T)  |     0원 → 265,650원
H916 | bet   1,000원 BANKER | P:6♠ 3♥=9  B:3♣ Q♥=3  PLAYER(L)  | -1,000원 → 264,650원  [start]
H917 | bet   2,000원 PLAYER | P:2♥ Q♠=2  B:2♦ 6♣=8  BANKER(L)  | -2,000원 → 262,650원
H918 | bet   4,000원 PLAYER | P:7♦ J♥=7  B:J♣ Q♦ 6♦=6  PLAYER(W)  | +4,000원 → 266,650원  [end_win]
H919 | bet   1,000원 BANKER | P:J♠ Q♠ 7♦=7  B:9♣ 8♥=7  TIE(T)  |     0원 → 266,650원
H920 | bet   1,000원 BANKER | P:6♣ 10♣=6  B:A♠ 4♦ Q♥=5  PLAYER(L)  | -1,000원 → 265,650원  [start]
H921 | bet   2,000원 PLAYER | P:8♠ 6♣ 6♣=0  B:Q♦ K♠ 4♦=4  BANKER(L)  | -2,000원 → 263,650원
H922 | bet   4,000원 PLAYER | P:5♦ 6♦ 9♥=0  B:3♦ 7♠ 8♦=8  BANKER(L)  | -4,000원 → 259,650원
H923 | bet   8,000원 PLAYER | P:3♠ K♦ 8♦=1  B:6♣ 5♠ K♥=1  TIE(T)  |     0원 → 259,650원
H924 | bet   8,000원 PLAYER | P:A♠ 9♦ A♥=1  B:4♥ 7♠ 6♣=7  BANKER(L)  | -8,000원 → 251,650원
H925 | bet  16,000원 PLAYER | P:8♠ 6♦=4  B:8♣ Q♦=8  BANKER(L)  | -16,000원 → 235,650원  [end_giveup]
H926 | bet   1,000원 BANKER | P:8♥ 5♦ 10♣=3  B:K♦ 7♣=7  BANKER(W)  | +950원 → 236,600원
H927 | bet   1,000원 BANKER | P:8♥ 6♦=4  B:K♥ 9♣=9  BANKER(W)  | +950원 → 237,550원
H928 | bet   1,000원 BANKER | P:Q♣ 9♥=9  B:3♠ 2♠=5  PLAYER(L)  | -1,000원 → 236,550원  [start]
H929 | bet   2,000원 PLAYER | P:5♠ J♣ K♠=5  B:5♥ A♣=6  BANKER(L)  | -2,000원 → 234,550원
H930 | bet   4,000원 PLAYER | P:7♥ 4♦ J♠=1  B:9♥ 6♦=5  BANKER(L)  | -4,000원 → 230,550원
H931 | bet   8,000원 PLAYER | P:A♣ K♦ 6♥=7  B:2♥ 9♦ 2♥=3  PLAYER(W)  | +8,000원 → 238,550원  [end_win]
H932 | bet   1,000원 BANKER | P:A♦ 5♠=6  B:8♥ A♥=9  BANKER(W)  | +950원 → 239,500원
H933 | bet   1,000원 BANKER | P:4♦ 6♦ 4♣=4  B:7♣ 3♥ 6♥=6  BANKER(W)  | +950원 → 240,450원
H934 | bet   1,000원 BANKER | P:8♠ 9♣=7  B:3♦ 2♣ Q♣=5  PLAYER(L)  | -1,000원 → 239,450원  [start]
H935 | bet   2,000원 PLAYER | P:7♦ 5♣ 5♥=7  B:J♦ 4♠ 3♥=7  TIE(T)  |     0원 → 239,450원
H936 | bet   2,000원 PLAYER | P:6♥ A♥=7  B:Q♠ 10♠ 5♠=5  PLAYER(W)  | +2,000원 → 241,450원  [end_win]
H937 | bet   1,000원 BANKER | P:K♥ Q♣ 5♠=5  B:K♠ K♠ A♦=1  PLAYER(L)  | -1,000원 → 240,450원  [start]
H938 | bet   2,000원 PLAYER | P:9♥ 5♦ J♦=4  B:6♠ 9♥=5  BANKER(L)  | -2,000원 → 238,450원
H939 | bet   4,000원 PLAYER | P:J♥ 9♠=9  B:A♦ 9♥=0  PLAYER(W)  | +4,000원 → 242,450원  [end_win]
H940 | bet   1,000원 BANKER | P:Q♠ 2♣ 5♥=7  B:6♠ 4♠ 8♣=8  BANKER(W)  | +950원 → 243,400원
H941 | bet   1,000원 BANKER | P:3♣ 3♦=6  B:7♥ 10♠=7  BANKER(W)  | +950원 → 244,350원
H942 | bet   1,000원 BANKER | P:K♣ Q♠ 7♥=7  B:4♠ Q♦ 10♠=4  PLAYER(L)  | -1,000원 → 243,350원  [start]
H943 | bet   2,000원 PLAYER | P:3♠ 3♣=6  B:A♠ 9♦ 2♠=2  PLAYER(W)  | +2,000원 → 245,350원  [end_win]
H944 | bet   1,000원 BANKER | P:A♣ 4♦ 3♠=8  B:J♠ 10♣ 2♦=2  PLAYER(L)  | -1,000원 → 244,350원  [start]
H945 | bet   2,000원 PLAYER | P:10♥ 5♥=5  B:5♠ 3♣=8  BANKER(L)  | -2,000원 → 242,350원
H946 | bet   4,000원 PLAYER | P:3♦ A♥ 8♦=2  B:5♠ Q♣=5  BANKER(L)  | -4,000원 → 238,350원
H947 | bet   8,000원 PLAYER | P:6♣ J♣=6  B:7♠ 3♥ 7♣=7  BANKER(L)  | -8,000원 → 230,350원
H948 | bet  16,000원 PLAYER | P:Q♥ Q♦ 7♥=7  B:10♣ 7♦=7  TIE(T)  |     0원 → 230,350원
H949 | bet  16,000원 PLAYER | P:K♣ A♣ 2♥=3  B:10♦ J♠ A♥=1  PLAYER(W)  | +16,000원 → 246,350원  [end_win]
H950 | bet   1,000원 BANKER | P:10♦ 5♣ Q♣=5  B:J♥ 5♦=5  TIE(T)  |     0원 → 246,350원
H951 | bet   1,000원 BANKER | P:2♦ 5♣=7  B:9♥ J♠=9  BANKER(W)  | +950원 → 247,300원
H952 | bet   1,000원 BANKER | P:10♥ J♥ 8♦=8  B:9♣ 7♠=6  PLAYER(L)  | -1,000원 → 246,300원  [start]
H953 | bet   2,000원 PLAYER | P:10♦ 7♥=7  B:6♥ K♣=6  PLAYER(W)  | +2,000원 → 248,300원  [end_win]
H954 | bet   1,000원 BANKER | P:4♥ Q♦ J♦=4  B:2♦ J♥ K♥=2  PLAYER(L)  | -1,000원 → 247,300원  [start]
H955 | bet   2,000원 PLAYER | P:8♠ A♥=9  B:Q♥ 9♦=9  TIE(T)  |     0원 → 247,300원
H956 | bet   2,000원 PLAYER | P:9♦ 9♣=8  B:2♠ 5♣=7  PLAYER(W)  | +2,000원 → 249,300원  [end_win]
H957 | bet   1,000원 BANKER | P:9♠ 6♠ Q♥=5  B:7♦ 7♣=4  PLAYER(L)  | -1,000원 → 248,300원  [start]
H958 | bet   2,000원 PLAYER | P:7♣ 8♠ 10♦=5  B:4♠ 2♣=6  BANKER(L)  | -2,000원 → 246,300원
H959 | bet   4,000원 PLAYER | P:5♥ K♥=5  B:A♠ 8♥=9  BANKER(L)  | -4,000원 → 242,300원
H960 | bet   8,000원 PLAYER | P:8♣ 6♥=4  B:K♠ 9♠=9  BANKER(L)  | -8,000원 → 234,300원
H961 | bet  16,000원 PLAYER | P:7♠ 8♥ 7♦=2  B:2♠ Q♦ K♠=2  TIE(T)  |     0원 → 234,300원
H962 | bet  16,000원 PLAYER | P:4♥ 7♣=1  B:8♦ K♦=8  BANKER(L)  | -16,000원 → 218,300원  [end_giveup]
H963 | bet   1,000원 BANKER | P:6♥ J♠=6  B:9♣ J♦=9  BANKER(W)  | +950원 → 219,250원
H964 | bet   1,000원 BANKER | P:8♥ Q♥=8  B:9♣ 7♣=6  PLAYER(L)  | -1,000원 → 218,250원  [start]
H965 | bet   2,000원 PLAYER | P:4♣ K♠ 6♦=0  B:A♥ Q♣ Q♥=1  BANKER(L)  | -2,000원 → 216,250원
H966 | bet   4,000원 PLAYER | P:8♣ 4♣ 3♥=5  B:9♦ 2♥ 4♦=5  TIE(T)  |     0원 → 216,250원
H967 | bet   4,000원 PLAYER | P:9♦ K♥=9  B:K♦ 5♠=5  PLAYER(W)  | +4,000원 → 220,250원  [end_win]
H968 | bet   1,000원 BANKER | P:4♥ 6♠=0  B:K♣ 8♣=8  BANKER(W)  | +950원 → 221,200원
H969 | bet   1,000원 BANKER | P:Q♠ K♥ 2♣=2  B:8♠ 4♥ 4♣=6  BANKER(W)  | +950원 → 222,150원
H970 | bet   1,000원 BANKER | P:Q♦ 10♣ 8♠=8  B:10♥ Q♠ J♣=0  PLAYER(L)  | -1,000원 → 221,150원  [start]
H971 | bet   2,000원 PLAYER | P:A♠ 9♦ A♥=1  B:10♣ 5♥=5  BANKER(L)  | -2,000원 → 219,150원
H972 | bet   4,000원 PLAYER | P:J♦ 10♠ 9♣=9  B:A♦ 10♥ 2♦=3  PLAYER(W)  | +4,000원 → 223,150원  [end_win]
H973 | bet   1,000원 BANKER | P:J♣ J♦=0  B:10♠ 8♦=8  BANKER(W)  | +950원 → 224,100원
H974 | bet   1,000원 BANKER | P:3♦ 9♠=2  B:A♣ 8♣=9  BANKER(W)  | +950원 → 225,050원
H975 | bet   1,000원 BANKER | P:A♣ 10♣=1  B:K♦ 9♠=9  BANKER(W)  | +950원 → 226,000원
H976 | bet   1,000원 BANKER | P:3♥ 10♥ J♠=3  B:10♥ 10♥ J♦=0  PLAYER(L)  | -1,000원 → 225,000원  [start]
H977 | bet   2,000원 PLAYER | P:2♥ K♣ 3♦=5  B:J♠ 3♦ 8♣=1  PLAYER(W)  | +2,000원 → 227,000원  [end_win]
H978 | bet   1,000원 BANKER | P:A♦ 4♥ J♣=5  B:3♣ 10♣ 5♦=8  BANKER(W)  | +950원 → 227,950원
H979 | bet   1,000원 BANKER | P:3♣ A♦ 2♠=6  B:10♠ 7♦=7  BANKER(W)  | +950원 → 228,900원
H980 | bet   1,000원 BANKER | P:7♥ 5♦ 3♠=5  B:9♥ 2♣ 3♣=4  PLAYER(L)  | -1,000원 → 227,900원  [start]
H981 | bet   2,000원 PLAYER | P:J♥ 2♠=2  B:A♠ 8♠=9  BANKER(L)  | -2,000원 → 225,900원
H982 | bet   4,000원 PLAYER | P:3♠ Q♣ 8♥=1  B:3♠ A♠=4  BANKER(L)  | -4,000원 → 221,900원
H983 | bet   8,000원 PLAYER | P:3♣ K♣ 6♥=9  B:4♠ 2♥ K♦=6  PLAYER(W)  | +8,000원 → 229,900원  [end_win]
H984 | bet   1,000원 BANKER | P:10♦ 7♠=7  B:2♦ A♣ 6♥=9  BANKER(W)  | +950원 → 230,850원
H985 | bet   1,000원 BANKER | P:3♥ 10♦ 7♥=0  B:8♣ 5♣ 2♣=5  BANKER(W)  | +950원 → 231,800원
H986 | bet   1,000원 BANKER | P:10♠ 10♣ K♠=0  B:8♠ 8♠=6  BANKER(W)  | +950원 → 232,750원
H987 | bet   1,000원 BANKER | P:Q♣ A♠ 9♦=0  B:3♣ Q♣ 2♠=5  BANKER(W)  | +950원 → 233,700원
H988 | bet   1,000원 BANKER | P:Q♥ J♦ 2♥=2  B:7♦ K♠=7  BANKER(W)  | +950원 → 234,650원
H989 | bet   1,000원 BANKER | P:6♣ Q♣=6  B:6♠ 4♦ 5♠=5  PLAYER(L)  | -1,000원 → 233,650원  [start]
H990 | bet   2,000원 PLAYER | P:Q♣ 9♣=9  B:9♣ 4♥=3  PLAYER(W)  | +2,000원 → 235,650원  [end_win]
H991 | bet   1,000원 BANKER | P:4♠ 8♥=2  B:9♥ J♠=9  BANKER(W)  | +950원 → 236,600원
H992 | bet   1,000원 BANKER | P:K♠ 3♦ 6♠=9  B:7♣ 3♥ J♦=0  PLAYER(L)  | -1,000원 → 235,600원  [start]
H993 | bet   2,000원 PLAYER | P:K♥ K♥=0  B:9♠ J♠=9  BANKER(L)  | -2,000원 → 233,600원
H994 | bet   4,000원 PLAYER | P:K♦ Q♣=0  B:Q♠ 9♠=9  BANKER(L)  | -4,000원 → 229,600원
H995 | bet   8,000원 PLAYER | P:7♣ 9♣=6  B:2♣ 9♥ 9♠=0  PLAYER(W)  | +8,000원 → 237,600원  [end_win]
H996 | bet   1,000원 BANKER | P:4♣ 6♥ 5♦=5  B:6♣ 4♣ 7♠=7  BANKER(W)  | +950원 → 238,550원
H997 | bet   1,000원 BANKER | P:10♣ 6♦=6  B:K♥ 3♣ 6♠=9  BANKER(W)  | +950원 → 239,500원
H998 | bet   1,000원 BANKER | P:A♠ 5♣=6  B:A♥ J♣ A♥=2  PLAYER(L)  | -1,000원 → 238,500원  [start]
H999 | bet   2,000원 PLAYER | P:3♣ 10♥ 3♦=6  B:5♠ 7♦ 6♦=8  BANKER(L)  | -2,000원 → 236,500원
H1000 | bet   4,000원 PLAYER | P:8♠ 5♥ J♠=3  B:5♥ K♣=5  BANKER(L)  | -4,000원 → 232,500원
H1001 | bet   8,000원 PLAYER | P:10♦ A♠ 8♠=9  B:10♠ 7♣=7  PLAYER(W)  | +8,000원 → 240,500원  [end_win]
H1002 | bet   1,000원 BANKER | P:10♣ A♥ Q♠=1  B:10♥ 3♦ 5♥=8  BANKER(W)  | +950원 → 241,450원
H1003 | bet   1,000원 BANKER | P:2♥ K♣=2  B:9♠ 9♣=8  BANKER(W)  | +950원 → 242,400원
H1004 | bet   1,000원 BANKER | P:3♠ 6♦=9  B:9♦ Q♠=9  TIE(T)  |     0원 → 242,400원
H1005 | bet   1,000원 BANKER | P:J♠ 2♣ K♣=2  B:7♣ 7♦=4  BANKER(W)  | +950원 → 243,350원
H1006 | bet   1,000원 BANKER | P:Q♥ 10♣ 8♣=8  B:J♥ 4♠=4  PLAYER(L)  | -1,000원 → 242,350원  [start]
H1007 | bet   2,000원 PLAYER | P:4♠ K♣=4  B:8♥ 10♥=8  BANKER(L)  | -2,000원 → 240,350원
H1008 | bet   4,000원 PLAYER | P:3♠ J♦ 8♦=1  B:2♥ 5♥=7  BANKER(L)  | -4,000원 → 236,350원
H1009 | bet   8,000원 PLAYER | P:K♠ 3♣ 5♦=8  B:8♣ 5♠ 5♣=8  TIE(T)  |     0원 → 236,350원
H1010 | bet   8,000원 PLAYER | P:9♥ 5♠ 3♠=7  B:8♦ 6♦ 6♠=0  PLAYER(W)  | +8,000원 → 244,350원  [end_win]
H1011 | bet   1,000원 BANKER | P:A♦ A♣=2  B:10♥ 8♠=8  BANKER(W)  | +950원 → 245,300원
H1012 | bet   1,000원 BANKER | P:5♦ 7♣=2  B:9♠ J♥=9  BANKER(W)  | +950원 → 246,250원
H1013 | bet   1,000원 BANKER | P:4♥ 3♣=7  B:10♥ 9♣=9  BANKER(W)  | +950원 → 247,200원
H1014 | bet   1,000원 BANKER | P:Q♦ 5♣ J♥=5  B:8♦ 4♠ 9♦=1  PLAYER(L)  | -1,000원 → 246,200원  [start]
H1015 | bet   2,000원 PLAYER | P:A♣ J♥ 9♠=0  B:A♥ 4♣=5  BANKER(L)  | -2,000원 → 244,200원
H1016 | bet   4,000원 PLAYER | P:9♦ 6♦ K♦=5  B:A♠ 6♥=7  BANKER(L)  | -4,000원 → 240,200원
H1017 | bet   8,000원 PLAYER | P:Q♥ 8♠=8  B:6♣ J♥=6  PLAYER(W)  | +8,000원 → 248,200원  [end_win]
H1018 | bet   1,000원 BANKER | P:5♣ 2♦=7  B:3♦ 5♦=8  BANKER(W)  | +950원 → 249,150원
H1019 | bet   1,000원 BANKER | P:A♠ 3♠ 8♦=2  B:K♣ 4♦=4  BANKER(W)  | +950원 → 250,100원
H1020 | bet   1,000원 BANKER | P:10♠ 10♥=0  B:2♣ 7♥=9  BANKER(W)  | +950원 → 251,050원
H1021 | bet   1,000원 BANKER | P:9♣ 4♣ 5♥=8  B:A♣ K♦ 6♥=7  PLAYER(L)  | -1,000원 → 250,050원  [start]
H1022 | bet   2,000원 PLAYER | P:7♣ 8♣ 6♥=1  B:K♦ 3♥ 10♣=3  BANKER(L)  | -2,000원 → 248,050원
H1023 | bet   4,000원 PLAYER | P:3♥ 6♦=9  B:2♠ 4♣=6  PLAYER(W)  | +4,000원 → 252,050원  [end_win]
H1024 | bet   1,000원 BANKER | P:2♣ K♠=2  B:7♥ A♠=8  BANKER(W)  | +950원 → 253,000원
H1025 | bet   1,000원 BANKER | P:J♦ A♦ 5♦=6  B:2♦ 9♠ 9♦=0  PLAYER(L)  | -1,000원 → 252,000원  [start]
H1026 | bet   2,000원 PLAYER | P:9♦ 10♦=9  B:7♣ 3♠=0  PLAYER(W)  | +2,000원 → 254,000원  [end_win]
H1027 | bet   1,000원 BANKER | P:8♥ Q♥=8  B:2♣ 4♣=6  PLAYER(L)  | -1,000원 → 253,000원  [start]
H1028 | bet   2,000원 PLAYER | P:2♦ 2♠ A♣=5  B:6♣ 5♥ 6♥=7  BANKER(L)  | -2,000원 → 251,000원
H1029 | bet   4,000원 PLAYER | P:3♣ 8♣ A♦=2  B:K♣ 7♠=7  BANKER(L)  | -4,000원 → 247,000원
H1030 | bet   8,000원 PLAYER | P:7♥ 8♦=5  B:9♦ 10♣=9  BANKER(L)  | -8,000원 → 239,000원
H1031 | bet  16,000원 PLAYER | P:10♠ 3♠ 6♠=9  B:A♣ Q♣ 7♠=8  PLAYER(W)  | +16,000원 → 255,000원  [end_win]
H1032 | bet   1,000원 BANKER | P:2♠ K♦ 5♥=7  B:K♣ A♣ 7♣=8  BANKER(W)  | +950원 → 255,950원
H1033 | bet   1,000원 BANKER | P:9♥ 7♠=6  B:Q♥ K♠ 10♥=0  PLAYER(L)  | -1,000원 → 254,950원  [start]
H1034 | bet   2,000원 PLAYER | P:8♥ 9♥=7  B:2♦ 2♠ A♥=5  PLAYER(W)  | +2,000원 → 256,950원  [end_win]
H1035 | bet   1,000원 BANKER | P:7♥ 7♠ 8♣=2  B:6♥ 5♠ 6♣=7  BANKER(W)  | +950원 → 257,900원
H1036 | bet   1,000원 BANKER | P:J♠ Q♥ 10♠=0  B:J♠ 7♦=7  BANKER(W)  | +950원 → 258,850원
H1037 | bet   1,000원 BANKER | P:K♦ 2♠ 7♦=9  B:5♣ J♠ A♠=6  PLAYER(L)  | -1,000원 → 257,850원  [start]
H1038 | bet   2,000원 PLAYER | P:K♦ 10♦ 8♠=8  B:10♠ 5♣=5  PLAYER(W)  | +2,000원 → 259,850원  [end_win]
H1039 | bet   1,000원 BANKER | P:8♣ 3♥ K♥=1  B:2♥ Q♠ 9♠=1  TIE(T)  |     0원 → 259,850원
H1040 | bet   1,000원 BANKER | P:Q♦ 9♦=9  B:J♣ A♣=1  PLAYER(L)  | -1,000원 → 258,850원  [start]
H1041 | bet   2,000원 PLAYER | P:8♥ 8♣=6  B:5♣ J♣ J♣=5  PLAYER(W)  | +2,000원 → 260,850원  [end_win]
H1042 | bet   1,000원 BANKER | P:J♣ 7♥=7  B:2♠ Q♥ 10♦=2  PLAYER(L)  | -1,000원 → 259,850원  [start]
H1043 | bet   2,000원 PLAYER | P:4♦ 5♦=9  B:4♠ 2♦=6  PLAYER(W)  | +2,000원 → 261,850원  [end_win]
H1044 | bet   1,000원 BANKER | P:J♥ Q♦ 3♦=3  B:2♠ 3♣=5  BANKER(W)  | +950원 → 262,800원
H1045 | bet   1,000원 BANKER | P:K♥ 9♣=9  B:3♦ 6♦=9  TIE(T)  |     0원 → 262,800원
H1046 | bet   1,000원 BANKER | P:2♥ Q♠ J♣=2  B:2♣ 5♦=7  BANKER(W)  | +950원 → 263,750원
H1047 | bet   1,000원 BANKER | P:5♥ 2♦=7  B:7♥ Q♠=7  TIE(T)  |     0원 → 263,750원
H1048 | bet   1,000원 BANKER | P:4♥ J♦ 8♥=2  B:10♦ 4♣=4  BANKER(W)  | +950원 → 264,700원
H1049 | bet   1,000원 BANKER | P:Q♦ Q♦ J♦=0  B:10♠ 2♣ J♣=2  BANKER(W)  | +950원 → 265,650원
H1050 | bet   1,000원 BANKER | P:A♦ A♥ 8♣=0  B:6♠ K♣=6  BANKER(W)  | +950원 → 266,600원
H1051 | bet   1,000원 BANKER | P:3♥ 3♠=6  B:10♠ 10♦ 4♠=4  PLAYER(L)  | -1,000원 → 265,600원  [start]
H1052 | bet   2,000원 PLAYER | P:A♣ 4♥ 10♣=5  B:Q♥ 4♦=4  PLAYER(W)  | +2,000원 → 267,600원  [end_win]
H1053 | bet   1,000원 BANKER | P:Q♦ Q♣ 6♠=6  B:J♥ Q♣ K♥=0  PLAYER(L)  | -1,000원 → 266,600원  [start]
H1054 | bet   2,000원 PLAYER | P:6♣ 4♦ J♦=0  B:4♥ K♦=4  BANKER(L)  | -2,000원 → 264,600원
H1055 | bet   4,000원 PLAYER | P:2♥ 8♠ 7♦=7  B:4♦ 8♦ A♦=3  PLAYER(W)  | +4,000원 → 268,600원  [end_win]
H1056 | bet   1,000원 BANKER | P:10♦ 7♦=7  B:8♥ 4♦ 5♦=7  TIE(T)  |     0원 → 268,600원
H1057 | bet   1,000원 BANKER | P:Q♠ A♥ 7♠=8  B:3♣ 2♦ 4♥=9  BANKER(W)  | +950원 → 269,550원
H1058 | bet   1,000원 BANKER | P:2♥ A♠ Q♠=3  B:6♣ 8♥=4  BANKER(W)  | +950원 → 270,500원
H1059 | bet   1,000원 BANKER | P:J♥ 5♠ 6♣=1  B:K♠ J♣ Q♦=0  PLAYER(L)  | -1,000원 → 269,500원  [start]
H1060 | bet   2,000원 PLAYER | P:K♠ 4♠=4  B:9♣ J♠=9  BANKER(L)  | -2,000원 → 267,500원
H1061 | bet   4,000원 PLAYER | P:7♠ 6♥ 6♠=9  B:3♥ 9♥ 2♦=4  PLAYER(W)  | +4,000원 → 271,500원  [end_win]
H1062 | bet   1,000원 BANKER | P:3♥ 7♦ 10♥=0  B:9♥ 2♥ 7♥=8  BANKER(W)  | +950원 → 272,450원
H1063 | bet   1,000원 BANKER | P:7♠ 4♦ K♥=1  B:5♣ 9♥=4  BANKER(W)  | +950원 → 273,400원
H1064 | bet   1,000원 BANKER | P:6♥ K♥=6  B:6♦ 10♣=6  TIE(T)  |     0원 → 273,400원
H1065 | bet   1,000원 BANKER | P:3♠ 4♠=7  B:3♦ 4♥=7  TIE(T)  |     0원 → 273,400원
H1066 | bet   1,000원 BANKER | P:8♦ 8♦=6  B:3♦ Q♦ A♦=4  PLAYER(L)  | -1,000원 → 272,400원  [start]
H1067 | bet   2,000원 PLAYER | P:6♥ A♣=7  B:2♠ 2♥ 9♦=3  PLAYER(W)  | +2,000원 → 274,400원  [end_win]
H1068 | bet   1,000원 BANKER | P:7♣ 2♣=9  B:8♣ 4♠=2  PLAYER(L)  | -1,000원 → 273,400원  [start]
H1069 | bet   2,000원 PLAYER | P:7♦ 5♠ 4♠=6  B:8♣ 9♠=7  BANKER(L)  | -2,000원 → 271,400원
H1070 | bet   4,000원 PLAYER | P:10♠ K♣ A♣=1  B:5♣ 5♥ 7♥=7  BANKER(L)  | -4,000원 → 267,400원
H1071 | bet   8,000원 PLAYER | P:8♦ 7♦=5  B:8♣ A♦=9  BANKER(L)  | -8,000원 → 259,400원
H1072 | bet  16,000원 PLAYER | P:4♦ 8♥ 6♣=8  B:Q♣ A♠ Q♠=1  PLAYER(W)  | +16,000원 → 275,400원  [end_win]
H1073 | bet   1,000원 BANKER | P:Q♦ 4♣ 7♥=1  B:4♦ J♣ 3♠=7  BANKER(W)  | +950원 → 276,350원
H1074 | bet   1,000원 BANKER | P:A♥ 8♦=9  B:9♣ J♠=9  TIE(T)  |     0원 → 276,350원
H1075 | bet   1,000원 BANKER | P:4♣ 2♦=6  B:9♥ A♠ Q♦=0  PLAYER(L)  | -1,000원 → 275,350원  [start]
H1076 | bet   2,000원 PLAYER | P:3♥ 8♠ K♦=1  B:4♠ 10♠=4  BANKER(L)  | -2,000원 → 273,350원
H1077 | bet   4,000원 PLAYER | P:A♦ J♣ 8♥=9  B:J♣ K♠ 9♦=9  TIE(T)  |     0원 → 273,350원
H1078 | bet   4,000원 PLAYER | P:Q♣ J♣ 6♠=6  B:4♥ J♥ K♣=4  PLAYER(W)  | +4,000원 → 277,350원  [end_win]
H1079 | bet   1,000원 BANKER | P:6♥ K♦=6  B:3♥ A♠ 6♦=0  PLAYER(L)  | -1,000원 → 276,350원  [start]
H1080 | bet   2,000원 PLAYER | P:J♠ 4♥ 9♠=3  B:3♣ 9♥ 6♣=8  BANKER(L)  | -2,000원 → 274,350원
H1081 | bet   4,000원 PLAYER | P:6♣ 4♦ 8♣=8  B:8♥ 2♥ 5♠=5  PLAYER(W)  | +4,000원 → 278,350원  [end_win]
H1082 | bet   1,000원 BANKER | P:J♣ Q♦ 8♣=8  B:J♥ 7♣=7  PLAYER(L)  | -1,000원 → 277,350원  [start]
H1083 | bet   2,000원 PLAYER | P:5♣ K♥ 5♠=0  B:7♣ 7♠ 2♥=6  BANKER(L)  | -2,000원 → 275,350원
H1084 | bet   4,000원 PLAYER | P:J♦ 9♦=9  B:7♠ Q♣=7  PLAYER(W)  | +4,000원 → 279,350원  [end_win]
H1085 | bet   1,000원 BANKER | P:A♠ 4♥ J♦=5  B:K♥ 6♥=6  BANKER(W)  | +950원 → 280,300원
H1086 | bet   1,000원 BANKER | P:3♥ 2♣=5  B:7♠ 2♣=9  BANKER(W)  | +950원 → 281,250원
H1087 | bet   1,000원 BANKER | P:J♠ 4♦ 8♥=2  B:Q♥ 5♠=5  BANKER(W)  | +950원 → 282,200원
H1088 | bet   1,000원 BANKER | P:3♦ 6♣=9  B:5♥ J♦=5  PLAYER(L)  | -1,000원 → 281,200원  [start]
H1089 | bet   2,000원 PLAYER | P:8♦ 6♣ 7♦=1  B:4♣ A♣ 4♥=9  BANKER(L)  | -2,000원 → 279,200원
H1090 | bet   4,000원 PLAYER | P:5♠ 9♦ 10♥=4  B:5♠ A♦=6  BANKER(L)  | -4,000원 → 275,200원
H1091 | bet   8,000원 PLAYER | P:10♣ 2♦ 2♣=4  B:K♥ Q♥ 7♠=7  BANKER(L)  | -8,000원 → 267,200원
H1092 | bet  16,000원 PLAYER | P:K♥ 2♥ 10♣=2  B:2♥ 4♥=6  BANKER(L)  | -16,000원 → 251,200원  [end_giveup]
H1093 | bet   1,000원 BANKER | P:J♠ 6♠=6  B:3♠ 9♠ K♣=2  PLAYER(L)  | -1,000원 → 250,200원  [start]
H1094 | bet   2,000원 PLAYER | P:7♣ 7♥ 2♥=6  B:8♥ 3♣ K♣=1  PLAYER(W)  | +2,000원 → 252,200원  [end_win]
H1095 | bet   1,000원 BANKER | P:Q♥ 2♦ 5♣=7  B:5♦ 5♥ 3♦=3  PLAYER(L)  | -1,000원 → 251,200원  [start]
H1096 | bet   2,000원 PLAYER | P:J♣ 2♠ J♥=2  B:A♥ 3♣=4  BANKER(L)  | -2,000원 → 249,200원
H1097 | bet   4,000원 PLAYER | P:3♦ 6♥=9  B:2♣ K♠=2  PLAYER(W)  | +4,000원 → 253,200원  [end_win]
H1098 | bet   1,000원 BANKER | P:4♣ 8♠=2  B:6♦ 2♥=8  BANKER(W)  | +950원 → 254,150원
H1099 | bet   1,000원 BANKER | P:5♣ 3♦=8  B:3♠ 9♣=2  PLAYER(L)  | -1,000원 → 253,150원  [start]
H1100 | bet   2,000원 PLAYER | P:Q♥ 4♦=4  B:Q♣ 9♥=9  BANKER(L)  | -2,000원 → 251,150원
H1101 | bet   4,000원 PLAYER | P:Q♠ 8♣=8  B:A♣ J♥=1  PLAYER(W)  | +4,000원 → 255,150원  [end_win]
H1102 | bet   1,000원 BANKER | P:K♣ 6♦=6  B:Q♥ 6♦=6  TIE(T)  |     0원 → 255,150원
H1103 | bet   1,000원 BANKER | P:9♣ A♥ 7♠=7  B:A♥ 2♠ A♠=4  PLAYER(L)  | -1,000원 → 254,150원  [start]
H1104 | bet   2,000원 PLAYER | P:K♣ 7♣=7  B:10♠ 8♠=8  BANKER(L)  | -2,000원 → 252,150원
H1105 | bet   4,000원 PLAYER | P:9♦ Q♣=9  B:K♥ J♣=0  PLAYER(W)  | +4,000원 → 256,150원  [end_win]
H1106 | bet   1,000원 BANKER | P:9♥ 10♠=9  B:10♥ A♣=1  PLAYER(L)  | -1,000원 → 255,150원  [start]
H1107 | bet   2,000원 PLAYER | P:5♥ 6♦ K♦=1  B:5♦ J♦=5  BANKER(L)  | -2,000원 → 253,150원
H1108 | bet   4,000원 PLAYER | P:3♥ 5♣=8  B:10♣ 10♣=0  PLAYER(W)  | +4,000원 → 257,150원  [end_win]
H1109 | bet   1,000원 BANKER | P:K♣ 9♥=9  B:9♥ 6♣=5  PLAYER(L)  | -1,000원 → 256,150원  [start]
H1110 | bet   2,000원 PLAYER | P:8♠ J♠=8  B:A♣ 7♠=8  TIE(T)  |     0원 → 256,150원
H1111 | bet   2,000원 PLAYER | P:8♦ A♠=9  B:9♣ 5♦=4  PLAYER(W)  | +2,000원 → 258,150원  [end_win]
H1112 | bet   1,000원 BANKER | P:5♣ K♥ A♦=6  B:2♣ 9♠ 3♥=4  PLAYER(L)  | -1,000원 → 257,150원  [start]
H1113 | bet   2,000원 PLAYER | P:J♥ 3♠ 5♦=8  B:Q♦ 3♦ 8♦=1  PLAYER(W)  | +2,000원 → 259,150원  [end_win]
H1114 | bet   1,000원 BANKER | P:3♣ J♠=3  B:9♠ Q♦=9  BANKER(W)  | +950원 → 260,100원
H1115 | bet   1,000원 BANKER | P:8♥ Q♠=8  B:7♥ 7♥=4  PLAYER(L)  | -1,000원 → 259,100원  [start]
H1116 | bet   2,000원 PLAYER | P:Q♥ 5♦ A♥=6  B:Q♣ 10♥ 3♣=3  PLAYER(W)  | +2,000원 → 261,100원  [end_win]
H1117 | bet   1,000원 BANKER | P:6♠ 8♠=4  B:K♠ 9♣=9  BANKER(W)  | +950원 → 262,050원
H1118 | bet   1,000원 BANKER | P:4♦ 7♠ 2♦=3  B:J♥ 10♠ 5♥=5  BANKER(W)  | +950원 → 263,000원
H1119 | bet   1,000원 BANKER | P:A♦ 4♠ 10♠=5  B:8♠ 7♥=5  TIE(T)  |     0원 → 263,000원
H1120 | bet   1,000원 BANKER | P:2♦ 6♠=8  B:5♥ A♣=6  PLAYER(L)  | -1,000원 → 262,000원  [start]
H1121 | bet   2,000원 PLAYER | P:3♠ 10♦ 3♥=6  B:7♦ J♠=7  BANKER(L)  | -2,000원 → 260,000원
H1122 | bet   4,000원 PLAYER | P:5♠ 3♦=8  B:Q♦ K♠=0  PLAYER(W)  | +4,000원 → 264,000원  [end_win]
H1123 | bet   1,000원 BANKER | P:4♠ 3♣=7  B:3♣ 2♠ 10♦=5  PLAYER(L)  | -1,000원 → 263,000원  [start]
H1124 | bet   2,000원 PLAYER | P:2♣ 10♣ 8♦=0  B:2♠ 2♣=4  BANKER(L)  | -2,000원 → 261,000원
H1125 | bet   4,000원 PLAYER | P:3♥ 8♦ 6♠=7  B:K♦ 4♥ A♥=5  PLAYER(W)  | +4,000원 → 265,000원  [end_win]
H1126 | bet   1,000원 BANKER | P:K♦ 10♣=0  B:K♦ 8♥=8  BANKER(W)  | +950원 → 265,950원
H1127 | bet   1,000원 BANKER | P:7♦ 4♣ 10♥=1  B:J♦ K♠ 5♣=5  BANKER(W)  | +950원 → 266,900원
H1128 | bet   1,000원 BANKER | P:J♠ 9♥=9  B:10♦ 4♣=4  PLAYER(L)  | -1,000원 → 265,900원  [start]
H1129 | bet   2,000원 PLAYER | P:6♥ 9♦ 6♥=1  B:J♣ 6♦ 7♣=3  BANKER(L)  | -2,000원 → 263,900원
H1130 | bet   4,000원 PLAYER | P:4♣ K♦ 2♦=6  B:K♦ 10♥ 10♠=0  PLAYER(W)  | +4,000원 → 267,900원  [end_win]
H1131 | bet   1,000원 BANKER | P:10♥ K♥ 6♥=6  B:7♦ 10♦=7  BANKER(W)  | +950원 → 268,850원
H1132 | bet   1,000원 BANKER | P:Q♠ 10♦ 6♦=6  B:Q♥ 7♥=7  BANKER(W)  | +950원 → 269,800원
H1133 | bet   1,000원 BANKER | P:4♠ 7♦=1  B:8♦ K♣=8  BANKER(W)  | +950원 → 270,750원
H1134 | bet   1,000원 BANKER | P:6♣ 9♦ 3♠=8  B:9♥ 4♦ 3♦=6  PLAYER(L)  | -1,000원 → 269,750원  [start]
H1135 | bet   2,000원 PLAYER | P:A♥ 9♣ Q♠=0  B:7♥ 7♣=4  BANKER(L)  | -2,000원 → 267,750원
H1136 | bet   4,000원 PLAYER | P:5♣ 2♠=7  B:J♦ 8♠=8  BANKER(L)  | -4,000원 → 263,750원
H1137 | bet   8,000원 PLAYER | P:5♦ A♦=6  B:4♠ Q♣ Q♦=4  PLAYER(W)  | +8,000원 → 271,750원  [end_win]
H1138 | bet   1,000원 BANKER | P:4♥ 7♠ A♠=2  B:J♥ 6♥=6  BANKER(W)  | +950원 → 272,700원
H1139 | bet   1,000원 BANKER | P:10♣ K♠ 8♣=8  B:J♦ 2♠ 9♠=1  PLAYER(L)  | -1,000원 → 271,700원  [start]
H1140 | bet   2,000원 PLAYER | P:6♠ 2♦=8  B:A♥ 8♣=9  BANKER(L)  | -2,000원 → 269,700원
H1141 | bet   4,000원 PLAYER | P:Q♥ 10♣ Q♠=0  B:J♥ 3♠ A♦=4  BANKER(L)  | -4,000원 → 265,700원
H1142 | bet   8,000원 PLAYER | P:6♦ 5♦ 4♥=5  B:3♠ 9♦ 5♥=7  BANKER(L)  | -8,000원 → 257,700원
H1143 | bet  16,000원 PLAYER | P:7♦ 10♥=7  B:Q♦ 3♥ 2♥=5  PLAYER(W)  | +16,000원 → 273,700원  [end_win]
H1144 | bet   1,000원 BANKER | P:10♦ 2♦ K♥=2  B:10♠ K♠ 3♣=3  BANKER(W)  | +950원 → 274,650원
H1145 | bet   1,000원 BANKER | P:8♥ 7♣=5  B:9♠ 9♠=8  BANKER(W)  | +950원 → 275,600원
H1146 | bet   1,000원 BANKER | P:6♣ 6♠=2  B:10♦ 9♣=9  BANKER(W)  | +950원 → 276,550원
H1147 | bet   1,000원 BANKER | P:K♠ 4♦ 6♠=0  B:10♦ Q♣ A♣=1  BANKER(W)  | +950원 → 277,500원
H1148 | bet   1,000원 BANKER | P:5♥ 8♠ 5♦=8  B:A♠ 4♣ J♦=5  PLAYER(L)  | -1,000원 → 276,500원  [start]
H1149 | bet   2,000원 PLAYER | P:6♦ A♦=7  B:4♠ 5♦=9  BANKER(L)  | -2,000원 → 274,500원
H1150 | bet   4,000원 PLAYER | P:10♦ 5♥ K♦=5  B:Q♣ 3♠ 6♣=9  BANKER(L)  | -4,000원 → 270,500원
H1151 | bet   8,000원 PLAYER | P:3♥ 4♣=7  B:A♥ A♦ 2♥=4  PLAYER(W)  | +8,000원 → 278,500원  [end_win]
H1152 | bet   1,000원 BANKER | P:10♠ J♦ 10♦=0  B:9♦ 3♣ 8♣=0  TIE(T)  |     0원 → 278,500원
H1153 | bet   1,000원 BANKER | P:10♥ A♠ J♠=1  B:9♣ 4♦ 4♣=7  BANKER(W)  | +950원 → 279,450원
H1154 | bet   1,000원 BANKER | P:J♠ Q♦ 10♠=0  B:3♦ 10♠ A♠=4  BANKER(W)  | +950원 → 280,400원
H1155 | bet   1,000원 BANKER | P:5♥ 2♦=7  B:Q♠ 5♥ 8♦=3  PLAYER(L)  | -1,000원 → 279,400원  [start]
H1156 | bet   2,000원 PLAYER | P:6♠ 5♦ 7♠=8  B:5♠ J♣ 7♦=2  PLAYER(W)  | +2,000원 → 281,400원  [end_win]
H1157 | bet   1,000원 BANKER | P:10♣ 4♥ 4♣=8  B:J♣ 2♠ 3♥=5  PLAYER(L)  | -1,000원 → 280,400원  [start]
H1158 | bet   2,000원 PLAYER | P:8♥ 7♣ Q♦=5  B:9♥ 2♠ Q♥=1  PLAYER(W)  | +2,000원 → 282,400원  [end_win]
H1159 | bet   1,000원 BANKER | P:7♣ 3♦=0  B:4♥ 4♠=8  BANKER(W)  | +950원 → 283,350원
H1160 | bet   1,000원 BANKER | P:4♠ 9♥ A♠=4  B:Q♥ 2♦ 5♠=7  BANKER(W)  | +950원 → 284,300원
H1161 | bet   1,000원 BANKER | P:9♣ 3♦ K♦=2  B:Q♦ 3♦ 2♣=5  BANKER(W)  | +950원 → 285,250원
H1162 | bet   1,000원 BANKER | P:5♥ 5♠ 3♣=3  B:4♠ 9♥ 4♥=7  BANKER(W)  | +950원 → 286,200원
H1163 | bet   1,000원 BANKER | P:K♠ 5♣ 7♥=2  B:6♣ 8♠ 6♦=0  PLAYER(L)  | -1,000원 → 285,200원  [start]
H1164 | bet   2,000원 PLAYER | P:10♦ 7♥=7  B:3♦ 4♥=7  TIE(T)  |     0원 → 285,200원
H1165 | bet   2,000원 PLAYER | P:8♣ 6♦ 2♦=6  B:10♣ Q♦ 9♣=9  BANKER(L)  | -2,000원 → 283,200원
H1166 | bet   4,000원 PLAYER | P:J♣ 3♦ K♥=3  B:Q♠ 3♠ 7♣=0  PLAYER(W)  | +4,000원 → 287,200원  [end_win]
H1167 | bet   1,000원 BANKER | P:4♥ 6♠ 7♠=7  B:10♠ J♣ 4♣=4  PLAYER(L)  | -1,000원 → 286,200원  [start]
H1168 | bet   2,000원 PLAYER | P:Q♥ 6♣=6  B:5♥ 9♣ 10♥=4  PLAYER(W)  | +2,000원 → 288,200원  [end_win]
H1169 | bet   1,000원 BANKER | P:J♥ Q♥=0  B:9♠ Q♦=9  BANKER(W)  | +950원 → 289,150원
H1170 | bet   1,000원 BANKER | P:5♥ 6♠ 5♠=6  B:8♣ 7♦ 4♥=9  BANKER(W)  | +950원 → 290,100원
H1171 | bet   1,000원 BANKER | P:3♠ 8♣ A♥=2  B:A♦ K♥ 5♦=6  BANKER(W)  | +950원 → 291,050원
H1172 | bet   1,000원 BANKER | P:Q♣ A♦ 10♥=1  B:A♥ 2♠ J♦=3  BANKER(W)  | +950원 → 292,000원
H1173 | bet   1,000원 BANKER | P:7♥ 3♠ J♥=0  B:J♥ A♣ 8♠=9  BANKER(W)  | +950원 → 292,950원
H1174 | bet   1,000원 BANKER | P:A♣ 9♥ 4♣=4  B:5♦ Q♠ 10♣=5  BANKER(W)  | +950원 → 293,900원
H1175 | bet   1,000원 BANKER | P:6♥ 7♦ K♦=3  B:A♠ 9♥ 3♣=3  TIE(T)  |     0원 → 293,900원
H1176 | bet   1,000원 BANKER | P:8♦ Q♣=8  B:J♥ K♥=0  PLAYER(L)  | -1,000원 → 292,900원  [start]
H1177 | bet   2,000원 PLAYER | P:10♥ Q♠ 6♦=6  B:J♠ 7♦=7  BANKER(L)  | -2,000원 → 290,900원
H1178 | bet   4,000원 PLAYER | P:K♦ J♠=0  B:4♦ 4♦=8  BANKER(L)  | -4,000원 → 286,900원
H1179 | bet   8,000원 PLAYER | P:7♠ 8♠ 2♦=7  B:A♣ 5♠=6  PLAYER(W)  | +8,000원 → 294,900원  [end_win]
H1180 | bet   1,000원 BANKER | P:10♣ Q♠ 2♥=2  B:8♦ 3♦ 7♣=8  BANKER(W)  | +950원 → 295,850원
H1181 | bet   1,000원 BANKER | P:A♠ 9♦ 8♣=8  B:8♦ 8♦=6  PLAYER(L)  | -1,000원 → 294,850원  [start]
H1182 | bet   2,000원 PLAYER | P:2♥ Q♥ Q♥=2  B:K♠ 3♠ Q♠=3  BANKER(L)  | -2,000원 → 292,850원
H1183 | bet   4,000원 PLAYER | P:J♣ 10♠ 3♣=3  B:2♣ 2♠ J♣=4  BANKER(L)  | -4,000원 → 288,850원
H1184 | bet   8,000원 PLAYER | P:5♣ 3♥=8  B:J♦ 4♠=4  PLAYER(W)  | +8,000원 → 296,850원  [end_win]
H1185 | bet   1,000원 BANKER | P:10♦ 5♠=5  B:7♥ A♥=8  BANKER(W)  | +950원 → 297,800원
H1186 | bet   1,000원 BANKER | P:2♥ 10♣ 3♦=5  B:4♠ A♠=5  TIE(T)  |     0원 → 297,800원
H1187 | bet   1,000원 BANKER | P:10♣ 8♣=8  B:J♦ Q♦=0  PLAYER(L)  | -1,000원 → 296,800원  [start]
H1188 | bet   2,000원 PLAYER | P:A♣ 3♣ 8♣=2  B:A♣ 6♣=7  BANKER(L)  | -2,000원 → 294,800원
H1189 | bet   4,000원 PLAYER | P:5♦ 5♣ J♦=0  B:5♦ 2♦=7  BANKER(L)  | -4,000원 → 290,800원
H1190 | bet   8,000원 PLAYER | P:7♥ 10♦=7  B:4♦ J♦ 8♥=2  PLAYER(W)  | +8,000원 → 298,800원  [end_win]
H1191 | bet   1,000원 BANKER | P:J♣ 6♦=6  B:A♦ 8♠=9  BANKER(W)  | +950원 → 299,750원
H1192 | bet   1,000원 BANKER | P:A♦ K♠=1  B:Q♣ 9♦=9  BANKER(W)  | +950원 → 300,700원
H1193 | bet   1,000원 BANKER | P:K♦ 5♣=5  B:J♥ 8♦=8  BANKER(W)  | +950원 → 301,650원
H1194 | bet   1,000원 BANKER | P:7♦ Q♣=7  B:K♠ 9♦=9  BANKER(W)  | +950원 → 302,600원
H1195 | bet   1,000원 BANKER | P:Q♣ 6♦=6  B:9♠ 7♠=6  TIE(T)  |     0원 → 302,600원
H1196 | bet   1,000원 BANKER | P:9♠ A♥ 7♥=7  B:10♥ 5♠ 6♣=1  PLAYER(L)  | -1,000원 → 301,600원  [start]
H1197 | bet   2,000원 PLAYER | P:3♥ J♠ 8♥=1  B:3♠ K♥=3  BANKER(L)  | -2,000원 → 299,600원
H1198 | bet   4,000원 PLAYER | P:7♠ K♦=7  B:3♠ 8♦ 6♣=7  TIE(T)  |     0원 → 299,600원
H1199 | bet   4,000원 PLAYER | P:9♥ 5♦ A♥=5  B:7♣ 9♦=6  BANKER(L)  | -4,000원 → 295,600원
H1200 | bet   8,000원 PLAYER | P:6♣ 5♦=1  B:10♠ 9♠=9  BANKER(L)  | -8,000원 → 287,600원
H1201 | bet  16,000원 PLAYER | P:10♥ 7♦=7  B:J♠ 9♥=9  BANKER(L)  | -16,000원 → 271,600원  [end_giveup]
H1202 | bet   1,000원 BANKER | P:8♠ 2♦ 6♠=6  B:K♣ K♣ 10♣=0  PLAYER(L)  | -1,000원 → 270,600원  [start]
H1203 | bet   2,000원 PLAYER | P:K♥ J♦ 9♣=9  B:3♥ K♣ 6♥=9  TIE(T)  |     0원 → 270,600원
H1204 | bet   2,000원 PLAYER | P:2♥ 6♥=8  B:8♥ A♣=9  BANKER(L)  | -2,000원 → 268,600원
H1205 | bet   4,000원 PLAYER | P:5♥ K♦ 2♠=7  B:J♥ 2♠ K♥=2  PLAYER(W)  | +4,000원 → 272,600원  [end_win]
H1206 | bet   1,000원 BANKER | P:4♣ 9♠ J♠=3  B:Q♣ 7♦=7  BANKER(W)  | +950원 → 273,550원
H1207 | bet   1,000원 BANKER | P:8♥ 9♥=7  B:K♠ 7♣=7  TIE(T)  |     0원 → 273,550원
H1208 | bet   1,000원 BANKER | P:K♠ 9♠=9  B:6♠ 8♠=4  PLAYER(L)  | -1,000원 → 272,550원  [start]
H1209 | bet   2,000원 PLAYER | P:3♣ 2♠ 3♣=8  B:K♣ J♥ 4♥=4  PLAYER(W)  | +2,000원 → 274,550원  [end_win]
H1210 | bet   1,000원 BANKER | P:4♦ 6♥ 2♣=2  B:5♣ 6♠ 3♥=4  BANKER(W)  | +950원 → 275,500원
H1211 | bet   1,000원 BANKER | P:10♦ A♣ K♦=1  B:A♦ K♠ A♣=2  BANKER(W)  | +950원 → 276,450원
H1212 | bet   1,000원 BANKER | P:4♥ 8♠ 10♦=2  B:4♠ 6♠ 10♠=0  PLAYER(L)  | -1,000원 → 275,450원  [start]
H1213 | bet   2,000원 PLAYER | P:8♦ 10♠=8  B:7♥ 3♠=0  PLAYER(W)  | +2,000원 → 277,450원  [end_win]
H1214 | bet   1,000원 BANKER | P:8♥ 4♠ Q♥=2  B:K♣ 6♦=6  BANKER(W)  | +950원 → 278,400원
H1215 | bet   1,000원 BANKER | P:9♦ 10♣=9  B:8♣ 3♣=1  PLAYER(L)  | -1,000원 → 277,400원  [start]
H1216 | bet   2,000원 PLAYER | P:Q♠ 8♠=8  B:K♣ Q♠=0  PLAYER(W)  | +2,000원 → 279,400원  [end_win]
H1217 | bet   1,000원 BANKER | P:7♦ J♣=7  B:7♣ 5♠ K♣=2  PLAYER(L)  | -1,000원 → 278,400원  [start]
H1218 | bet   2,000원 PLAYER | P:2♣ 4♦=6  B:K♠ 2♣ 2♦=4  PLAYER(W)  | +2,000원 → 280,400원  [end_win]
H1219 | bet   1,000원 BANKER | P:J♥ Q♦ 6♦=6  B:K♥ 6♥ 3♥=9  BANKER(W)  | +950원 → 281,350원
H1220 | bet   1,000원 BANKER | P:9♣ 4♦ A♥=4  B:2♣ Q♣ 4♣=6  BANKER(W)  | +950원 → 282,300원
H1221 | bet   1,000원 BANKER | P:6♥ K♣=6  B:5♥ Q♥ 9♣=4  PLAYER(L)  | -1,000원 → 281,300원  [start]
H1222 | bet   2,000원 PLAYER | P:10♥ 9♣=9  B:2♠ 6♣=8  PLAYER(W)  | +2,000원 → 283,300원  [end_win]
H1223 | bet   1,000원 BANKER | P:7♠ 7♠ 9♦=3  B:4♦ 7♠ 7♥=8  BANKER(W)  | +950원 → 284,250원
H1224 | bet   1,000원 BANKER | P:7♣ J♦=7  B:2♣ 10♥ 6♥=8  BANKER(W)  | +950원 → 285,200원
H1225 | bet   1,000원 BANKER | P:6♠ 5♣ A♥=2  B:5♣ 10♦=5  BANKER(W)  | +950원 → 286,150원
H1226 | bet   1,000원 BANKER | P:2♥ 2♥ A♦=5  B:Q♦ A♠ 8♥=9  BANKER(W)  | +950원 → 287,100원
H1227 | bet   1,000원 BANKER | P:8♠ K♣=8  B:7♣ 3♦=0  PLAYER(L)  | -1,000원 → 286,100원  [start]
H1228 | bet   2,000원 PLAYER | P:A♦ J♦ 9♣=0  B:5♦ 2♣=7  BANKER(L)  | -2,000원 → 284,100원
H1229 | bet   4,000원 PLAYER | P:J♣ A♦ J♥=1  B:2♣ 8♠ 6♦=6  BANKER(L)  | -4,000원 → 280,100원
H1230 | bet   8,000원 PLAYER | P:A♠ 8♥=9  B:3♠ 5♦=8  PLAYER(W)  | +8,000원 → 288,100원  [end_win]
H1231 | bet   1,000원 BANKER | P:4♠ 7♣ 4♠=5  B:A♥ 9♣ 7♦=7  BANKER(W)  | +950원 → 289,050원
H1232 | bet   1,000원 BANKER | P:5♣ J♦=5  B:5♣ 3♣=8  BANKER(W)  | +950원 → 290,000원
H1233 | bet   1,000원 BANKER | P:A♠ J♠ 6♦=7  B:2♠ 8♦ 10♣=0  PLAYER(L)  | -1,000원 → 289,000원  [start]
H1234 | bet   2,000원 PLAYER | P:4♥ 7♣ 2♥=3  B:A♠ 9♥ Q♣=0  PLAYER(W)  | +2,000원 → 291,000원  [end_win]
H1235 | bet   1,000원 BANKER | P:A♣ 4♣ 9♠=4  B:6♣ J♦=6  BANKER(W)  | +950원 → 291,950원
H1236 | bet   1,000원 BANKER | P:10♥ 5♥ Q♠=5  B:6♦ Q♥=6  BANKER(W)  | +950원 → 292,900원
H1237 | bet   1,000원 BANKER | P:3♥ 9♣ 9♣=1  B:Q♠ 10♣ 2♣=2  BANKER(W)  | +950원 → 293,850원
H1238 | bet   1,000원 BANKER | P:2♠ 6♥=8  B:10♠ 4♥=4  PLAYER(L)  | -1,000원 → 292,850원  [start]
H1239 | bet   2,000원 PLAYER | P:9♦ 6♥=5  B:J♥ 9♠=9  BANKER(L)  | -2,000원 → 290,850원
H1240 | bet   4,000원 PLAYER | P:2♦ 10♦ J♥=2  B:K♥ J♦ 2♦=2  TIE(T)  |     0원 → 290,850원
H1241 | bet   4,000원 PLAYER | P:8♣ 9♥=7  B:3♠ 4♦=7  TIE(T)  |     0원 → 290,850원
H1242 | bet   4,000원 PLAYER | P:9♠ 10♣=9  B:2♥ 6♥=8  PLAYER(W)  | +4,000원 → 294,850원  [end_win]
H1243 | bet   1,000원 BANKER | P:5♦ 7♦ K♦=2  B:6♣ 6♣ J♦=2  TIE(T)  |     0원 → 294,850원
H1244 | bet   1,000원 BANKER | P:J♥ 6♣=6  B:5♥ 6♠ K♦=1  PLAYER(L)  | -1,000원 → 293,850원  [start]
H1245 | bet   2,000원 PLAYER | P:K♣ 4♠ 7♣=1  B:9♥ 7♦ 7♦=3  BANKER(L)  | -2,000원 → 291,850원
H1246 | bet   4,000원 PLAYER | P:8♠ Q♣=8  B:7♦ A♦=8  TIE(T)  |     0원 → 291,850원
H1247 | bet   4,000원 PLAYER | P:8♦ 2♦ 2♥=2  B:K♣ 6♥=6  BANKER(L)  | -4,000원 → 287,850원
H1248 | bet   8,000원 PLAYER | P:K♦ 4♦=4  B:2♠ 7♥=9  BANKER(L)  | -8,000원 → 279,850원
H1249 | bet  16,000원 PLAYER | P:8♠ K♣=8  B:J♠ 7♥=7  PLAYER(W)  | +16,000원 → 295,850원  [end_win]
H1250 | bet   1,000원 BANKER | P:8♥ 8♣=6  B:10♣ 10♣ Q♣=0  PLAYER(L)  | -1,000원 → 294,850원  [start]
H1251 | bet   2,000원 PLAYER | P:10♥ Q♦ 3♥=3  B:10♠ 7♣=7  BANKER(L)  | -2,000원 → 292,850원
H1252 | bet   4,000원 PLAYER | P:J♥ 3♥ 7♣=0  B:J♥ 3♠ 2♣=5  BANKER(L)  | -4,000원 → 288,850원
H1253 | bet   8,000원 PLAYER | P:8♥ 4♠ Q♦=2  B:7♠ 4♦ 8♦=9  BANKER(L)  | -8,000원 → 280,850원
H1254 | bet  16,000원 PLAYER | P:A♥ 3♠ 8♦=2  B:3♦ 7♦ 7♠=7  BANKER(L)  | -16,000원 → 264,850원  [end_giveup]
H1255 | bet   1,000원 BANKER | P:7♣ 6♠ 10♣=3  B:9♥ 8♥=7  BANKER(W)  | +950원 → 265,800원
H1256 | bet   1,000원 BANKER | P:4♠ 4♠=8  B:7♥ J♣=7  PLAYER(L)  | -1,000원 → 264,800원  [start]
H1257 | bet   2,000원 PLAYER | P:Q♣ 8♠=8  B:5♠ 9♣=4  PLAYER(W)  | +2,000원 → 266,800원  [end_win]
H1258 | bet   1,000원 BANKER | P:A♥ 9♠ 6♥=6  B:A♦ 10♠ J♣=1  PLAYER(L)  | -1,000원 → 265,800원  [start]
H1259 | bet   2,000원 PLAYER | P:9♥ 10♦=9  B:2♥ 2♠=4  PLAYER(W)  | +2,000원 → 267,800원  [end_win]
H1260 | bet   1,000원 BANKER | P:6♠ Q♥=6  B:J♠ 5♣ 6♣=1  PLAYER(L)  | -1,000원 → 266,800원  [start]
H1261 | bet   2,000원 PLAYER | P:4♦ 5♥=9  B:5♥ 5♦=0  PLAYER(W)  | +2,000원 → 268,800원  [end_win]
H1262 | bet   1,000원 BANKER | P:10♣ 8♣=8  B:10♠ 2♣=2  PLAYER(L)  | -1,000원 → 267,800원  [start]
H1263 | bet   2,000원 PLAYER | P:8♠ A♦=9  B:5♥ A♦=6  PLAYER(W)  | +2,000원 → 269,800원  [end_win]
H1264 | bet   1,000원 BANKER | P:Q♥ J♠ 4♥=4  B:K♥ A♣ J♣=1  PLAYER(L)  | -1,000원 → 268,800원  [start]
H1265 | bet   2,000원 PLAYER | P:8♣ Q♠=8  B:6♥ 2♠=8  TIE(T)  |     0원 → 268,800원
H1266 | bet   2,000원 PLAYER | P:K♥ 6♠=6  B:4♥ A♠ 7♥=2  PLAYER(W)  | +2,000원 → 270,800원  [end_win]
H1267 | bet   1,000원 BANKER | P:J♦ 4♣ 5♣=9  B:K♥ 7♠=7  PLAYER(L)  | -1,000원 → 269,800원  [start]
H1268 | bet   2,000원 PLAYER | P:K♠ 5♦ A♥=6  B:10♥ 3♣ A♥=4  PLAYER(W)  | +2,000원 → 271,800원  [end_win]
H1269 | bet   1,000원 BANKER | P:Q♠ 6♦=6  B:A♦ 5♠=6  TIE(T)  |     0원 → 271,800원
H1270 | bet   1,000원 BANKER | P:10♠ 10♥=0  B:2♠ 6♠=8  BANKER(W)  | +950원 → 272,750원
H1271 | bet   1,000원 BANKER | P:K♠ 3♣ J♠=3  B:3♦ 10♦ 10♠=3  TIE(T)  |     0원 → 272,750원
H1272 | bet   1,000원 BANKER | P:K♠ A♣ 7♣=8  B:8♦ 9♦=7  PLAYER(L)  | -1,000원 → 271,750원  [start]
H1273 | bet   2,000원 PLAYER | P:9♦ Q♦=9  B:K♦ 4♦=4  PLAYER(W)  | +2,000원 → 273,750원  [end_win]
H1274 | bet   1,000원 BANKER | P:J♥ 10♠ 5♦=5  B:10♦ 7♥=7  BANKER(W)  | +950원 → 274,700원
H1275 | bet   1,000원 BANKER | P:A♥ 9♦=0  B:6♥ 2♦=8  BANKER(W)  | +950원 → 275,650원
H1276 | bet   1,000원 BANKER | P:Q♣ Q♥=0  B:8♦ 10♦=8  BANKER(W)  | +950원 → 276,600원
H1277 | bet   1,000원 BANKER | P:4♦ A♠ 5♥=0  B:K♣ K♥ 8♣=8  BANKER(W)  | +950원 → 277,550원
H1278 | bet   1,000원 BANKER | P:J♦ 8♥=8  B:3♥ 7♦=0  PLAYER(L)  | -1,000원 → 276,550원  [start]
H1279 | bet   2,000원 PLAYER | P:K♠ A♣ J♠=1  B:4♥ 2♠=6  BANKER(L)  | -2,000원 → 274,550원
H1280 | bet   4,000원 PLAYER | P:4♠ Q♥ 9♠=3  B:Q♦ 3♣ 6♠=9  BANKER(L)  | -4,000원 → 270,550원
H1281 | bet   8,000원 PLAYER | P:2♦ Q♥ 3♦=5  B:6♦ Q♦=6  BANKER(L)  | -8,000원 → 262,550원
H1282 | bet  16,000원 PLAYER | P:3♣ 5♣=8  B:J♣ 10♥=0  PLAYER(W)  | +16,000원 → 278,550원  [end_win]
H1283 | bet   1,000원 BANKER | P:K♣ 8♠=8  B:3♥ 9♥=2  PLAYER(L)  | -1,000원 → 277,550원  [start]
H1284 | bet   2,000원 PLAYER | P:4♠ 10♣ Q♠=4  B:9♠ 3♥ 8♣=0  PLAYER(W)  | +2,000원 → 279,550원  [end_win]
H1285 | bet   1,000원 BANKER | P:10♥ 7♥=7  B:7♠ K♥=7  TIE(T)  |     0원 → 279,550원
H1286 | bet   1,000원 BANKER | P:10♠ 3♠=3  B:6♦ 2♠=8  BANKER(W)  | +950원 → 280,500원
H1287 | bet   1,000원 BANKER | P:2♥ 6♣=8  B:10♥ Q♦=0  PLAYER(L)  | -1,000원 → 279,500원  [start]
H1288 | bet   2,000원 PLAYER | P:5♥ 5♦ 3♥=3  B:8♥ 5♠ 3♥=6  BANKER(L)  | -2,000원 → 277,500원
H1289 | bet   4,000원 PLAYER | P:2♦ K♦ K♥=2  B:5♠ 8♥ Q♣=3  BANKER(L)  | -4,000원 → 273,500원
H1290 | bet   8,000원 PLAYER | P:2♣ 8♥ 9♥=9  B:3♦ A♣=4  PLAYER(W)  | +8,000원 → 281,500원  [end_win]
H1291 | bet   1,000원 BANKER | P:K♠ J♠ 4♣=4  B:9♦ 4♥ Q♦=3  PLAYER(L)  | -1,000원 → 280,500원  [start]
H1292 | bet   2,000원 PLAYER | P:5♥ 5♠ 4♣=4  B:8♦ 8♣=6  BANKER(L)  | -2,000원 → 278,500원
H1293 | bet   4,000원 PLAYER | P:3♦ 9♥=2  B:4♣ 5♣=9  BANKER(L)  | -4,000원 → 274,500원
H1294 | bet   8,000원 PLAYER | P:K♠ J♠ K♠=0  B:5♠ Q♦=5  BANKER(L)  | -8,000원 → 266,500원
H1295 | bet  16,000원 PLAYER | P:7♠ 10♦=7  B:5♣ 9♦ A♥=5  PLAYER(W)  | +16,000원 → 282,500원  [end_win]
H1296 | bet   1,000원 BANKER | P:4♥ 5♣=9  B:A♠ 9♦=0  PLAYER(L)  | -1,000원 → 281,500원  [start]
H1297 | bet   2,000원 PLAYER | P:10♦ 3♦ A♣=4  B:9♣ 2♣ A♥=2  PLAYER(W)  | +2,000원 → 283,500원  [end_win]
H1298 | bet   1,000원 BANKER | P:7♦ 4♥ 5♠=6  B:2♥ 9♣ Q♠=1  PLAYER(L)  | -1,000원 → 282,500원  [start]
H1299 | bet   2,000원 PLAYER | P:6♣ 6♦ 9♠=1  B:5♠ Q♠=5  BANKER(L)  | -2,000원 → 280,500원
H1300 | bet   4,000원 PLAYER | P:K♣ Q♣ 4♦=4  B:3♠ 3♠=6  BANKER(L)  | -4,000원 → 276,500원
H1301 | bet   8,000원 PLAYER | P:Q♣ 3♠ J♥=3  B:K♦ J♣ 4♣=4  BANKER(L)  | -8,000원 → 268,500원
H1302 | bet  16,000원 PLAYER | P:Q♥ A♣=1  B:6♥ 3♣=9  BANKER(L)  | -16,000원 → 252,500원  [end_giveup]
H1303 | bet   1,000원 BANKER | P:K♠ 10♦=0  B:A♣ 8♦=9  BANKER(W)  | +950원 → 253,450원
H1304 | bet   1,000원 BANKER | P:K♦ 2♦ 6♠=8  B:4♦ 6♣ 4♣=4  PLAYER(L)  | -1,000원 → 252,450원  [start]
H1305 | bet   2,000원 PLAYER | P:8♣ 3♦ 2♥=3  B:Q♥ Q♠ 7♠=7  BANKER(L)  | -2,000원 → 250,450원
H1306 | bet   4,000원 PLAYER | P:K♣ 5♦=5  B:9♦ K♦=9  BANKER(L)  | -4,000원 → 246,450원
H1307 | bet   8,000원 PLAYER | P:2♣ 3♣ 7♠=2  B:A♦ 2♦ 8♠=1  PLAYER(W)  | +8,000원 → 254,450원  [end_win]
H1308 | bet   1,000원 BANKER | P:6♠ 3♣=9  B:9♠ 2♥=1  PLAYER(L)  | -1,000원 → 253,450원  [start]
H1309 | bet   2,000원 PLAYER | P:10♥ 4♦=4  B:J♠ 9♠=9  BANKER(L)  | -2,000원 → 251,450원
H1310 | bet   4,000원 PLAYER | P:A♦ A♣=2  B:8♣ A♥=9  BANKER(L)  | -4,000원 → 247,450원
H1311 | bet   8,000원 PLAYER | P:10♠ 10♦ 6♦=6  B:5♥ 10♦ A♠=6  TIE(T)  |     0원 → 247,450원
H1312 | bet   8,000원 PLAYER | P:10♥ 8♥=8  B:8♣ 6♥=4  PLAYER(W)  | +8,000원 → 255,450원  [end_win]
H1313 | bet   1,000원 BANKER | P:9♣ J♣=9  B:10♦ K♣=0  PLAYER(L)  | -1,000원 → 254,450원  [start]
H1314 | bet   2,000원 PLAYER | P:3♥ 7♣ 7♠=7  B:4♠ Q♦ 10♥=4  PLAYER(W)  | +2,000원 → 256,450원  [end_win]
H1315 | bet   1,000원 BANKER | P:5♣ J♥=5  B:3♦ 5♠=8  BANKER(W)  | +950원 → 257,400원
H1316 | bet   1,000원 BANKER | P:3♦ 2♦ J♦=5  B:6♦ A♣=7  BANKER(W)  | +950원 → 258,350원
H1317 | bet   1,000원 BANKER | P:Q♣ 8♠=8  B:K♠ 2♦=2  PLAYER(L)  | -1,000원 → 257,350원  [start]
H1318 | bet   2,000원 PLAYER | P:5♠ 9♣ 7♥=1  B:8♦ 6♣ 10♥=4  BANKER(L)  | -2,000원 → 255,350원
H1319 | bet   4,000원 PLAYER | P:9♣ 2♣ A♠=2  B:10♥ 2♦ 7♥=9  BANKER(L)  | -4,000원 → 251,350원
H1320 | bet   8,000원 PLAYER | P:10♠ K♠ Q♣=0  B:7♣ 3♦ 3♥=3  BANKER(L)  | -8,000원 → 243,350원
H1321 | bet  16,000원 PLAYER | P:9♥ A♦ 2♣=2  B:Q♥ J♥ 4♠=4  BANKER(L)  | -16,000원 → 227,350원  [end_giveup]
H1322 | bet   1,000원 BANKER | P:4♥ 8♣ 8♠=0  B:2♥ A♦=3  BANKER(W)  | +950원 → 228,300원
H1323 | bet   1,000원 BANKER | P:3♥ J♠ J♦=3  B:9♣ 6♦=5  BANKER(W)  | +950원 → 229,250원
H1324 | bet   1,000원 BANKER | P:6♠ 2♦=8  B:K♦ 6♣=6  PLAYER(L)  | -1,000원 → 228,250원  [start]
H1325 | bet   2,000원 PLAYER | P:8♦ 3♥ J♠=1  B:3♠ 9♦ 5♠=7  BANKER(L)  | -2,000원 → 226,250원
H1326 | bet   4,000원 PLAYER | P:J♦ Q♥ A♥=1  B:6♥ 4♣ 3♦=3  BANKER(L)  | -4,000원 → 222,250원
H1327 | bet   8,000원 PLAYER | P:9♠ 5♦=4  B:7♥ 2♠=9  BANKER(L)  | -8,000원 → 214,250원
H1328 | bet  16,000원 PLAYER | P:Q♥ 7♠=7  B:5♠ 3♥=8  BANKER(L)  | -16,000원 → 198,250원  [end_giveup]
H1329 | bet   1,000원 BANKER | P:3♠ 2♠ 7♦=2  B:5♥ 5♦ 8♥=8  BANKER(W)  | +950원 → 199,200원
H1330 | bet   1,000원 BANKER | P:3♠ 4♦=7  B:10♠ 4♥ K♥=4  PLAYER(L)  | -1,000원 → 198,200원  [start]
H1331 | bet   2,000원 PLAYER | P:5♠ 9♦ 8♦=2  B:J♦ J♥ 9♦=9  BANKER(L)  | -2,000원 → 196,200원
H1332 | bet   4,000원 PLAYER | P:A♠ Q♠ 3♠=4  B:6♣ A♥=7  BANKER(L)  | -4,000원 → 192,200원
H1333 | bet   8,000원 PLAYER | P:A♠ 4♦=5  B:A♠ 7♠=8  BANKER(L)  | -8,000원 → 184,200원
H1334 | bet  16,000원 PLAYER | P:2♥ 4♥=6  B:8♥ 10♦=8  BANKER(L)  | -16,000원 → 168,200원  [end_giveup]
H1335 | bet   1,000원 BANKER | P:K♣ 3♣=3  B:7♦ 2♦=9  BANKER(W)  | +950원 → 169,150원
H1336 | bet   1,000원 BANKER | P:9♣ 4♥=3  B:9♥ J♠=9  BANKER(W)  | +950원 → 170,100원
H1337 | bet   1,000원 BANKER | P:A♥ A♦ 6♣=8  B:J♠ 6♠ J♣=6  PLAYER(L)  | -1,000원 → 169,100원  [start]
H1338 | bet   2,000원 PLAYER | P:8♣ 3♣ 2♥=3  B:K♥ K♣ 6♦=6  BANKER(L)  | -2,000원 → 167,100원
H1339 | bet   4,000원 PLAYER | P:8♠ 10♣=8  B:9♥ 8♥=7  PLAYER(W)  | +4,000원 → 171,100원  [end_win]
H1340 | bet   1,000원 BANKER | P:4♥ Q♣ 3♠=7  B:10♠ K♦ 4♣=4  PLAYER(L)  | -1,000원 → 170,100원  [start]
H1341 | bet   2,000원 PLAYER | P:4♦ 4♠=8  B:6♠ A♠=7  PLAYER(W)  | +2,000원 → 172,100원  [end_win]
H1342 | bet   1,000원 BANKER | P:Q♦ J♣ Q♥=0  B:5♦ 2♠=7  BANKER(W)  | +950원 → 173,050원
H1343 | bet   1,000원 BANKER | P:9♥ 7♥=6  B:9♠ 9♣=8  BANKER(W)  | +950원 → 174,000원
H1344 | bet   1,000원 BANKER | P:A♥ 4♣ K♠=5  B:A♠ K♣ 6♠=7  BANKER(W)  | +950원 → 174,950원
H1345 | bet   1,000원 BANKER | P:7♦ 8♦ K♦=5  B:3♥ 10♥ A♦=4  PLAYER(L)  | -1,000원 → 173,950원  [start]
H1346 | bet   2,000원 PLAYER | P:Q♠ 4♦ 9♣=3  B:4♣ 9♦ 2♣=5  BANKER(L)  | -2,000원 → 171,950원
H1347 | bet   4,000원 PLAYER | P:3♣ K♠ 6♦=9  B:J♥ 4♣ 6♥=0  PLAYER(W)  | +4,000원 → 175,950원  [end_win]
H1348 | bet   1,000원 BANKER | P:7♣ 4♠ 2♣=3  B:Q♦ 7♥=7  BANKER(W)  | +950원 → 176,900원
H1349 | bet   1,000원 BANKER | P:9♦ 10♦=9  B:9♠ Q♥=9  TIE(T)  |     0원 → 176,900원
H1350 | bet   1,000원 BANKER | P:5♦ 4♣=9  B:4♦ 10♦=4  PLAYER(L)  | -1,000원 → 175,900원  [start]
H1351 | bet   2,000원 PLAYER | P:7♦ A♣=8  B:5♣ K♥=5  PLAYER(W)  | +2,000원 → 177,900원  [end_win]
H1352 | bet   1,000원 BANKER | P:5♥ A♣=6  B:5♦ 4♠=9  BANKER(W)  | +950원 → 178,850원
H1353 | bet   1,000원 BANKER | P:8♠ 7♠ 10♣=5  B:7♠ K♦=7  BANKER(W)  | +950원 → 179,800원
H1354 | bet   1,000원 BANKER | P:8♠ 5♠ 2♣=5  B:J♣ K♥ 5♥=5  TIE(T)  |     0원 → 179,800원
H1355 | bet   1,000원 BANKER | P:K♥ 2♠ 8♦=0  B:Q♣ Q♣ K♣=0  TIE(T)  |     0원 → 179,800원
H1356 | bet   1,000원 BANKER | P:4♦ 3♦=7  B:Q♠ 9♣=9  BANKER(W)  | +950원 → 180,750원
H1357 | bet   1,000원 BANKER | P:9♠ 6♥ 6♣=1  B:10♦ A♣ Q♠=1  TIE(T)  |     0원 → 180,750원
H1358 | bet   1,000원 BANKER | P:J♦ 2♦ 10♣=2  B:K♦ 3♦ 6♦=9  BANKER(W)  | +950원 → 181,700원
H1359 | bet   1,000원 BANKER | P:3♣ 3♣=6  B:5♣ J♠ 5♦=0  PLAYER(L)  | -1,000원 → 180,700원  [start]
H1360 | bet   2,000원 PLAYER | P:7♥ 4♠ Q♦=1  B:5♥ 2♠=7  BANKER(L)  | -2,000원 → 178,700원
H1361 | bet   4,000원 PLAYER | P:Q♥ 10♠ J♠=0  B:9♥ 8♥=7  BANKER(L)  | -4,000원 → 174,700원
H1362 | bet   8,000원 PLAYER | P:2♥ Q♣ 10♣=2  B:6♥ 8♦=4  BANKER(L)  | -8,000원 → 166,700원
H1363 | bet  16,000원 PLAYER | P:K♥ 10♣ 6♥=6  B:4♠ 9♦ K♦=3  PLAYER(W)  | +16,000원 → 182,700원  [end_win]
H1364 | bet   1,000원 BANKER | P:5♣ 9♥ 8♥=2  B:5♥ 6♣ 2♣=3  BANKER(W)  | +950원 → 183,650원
H1365 | bet   1,000원 BANKER | P:Q♠ 7♠=7  B:6♠ 4♣ 8♣=8  BANKER(W)  | +950원 → 184,600원
H1366 | bet   1,000원 BANKER | P:8♠ 7♥ K♦=5  B:8♦ 7♦=5  TIE(T)  |     0원 → 184,600원
H1367 | bet   1,000원 BANKER | P:A♥ J♦ 4♠=5  B:K♥ 5♥ Q♥=5  TIE(T)  |     0원 → 184,600원
H1368 | bet   1,000원 BANKER | P:A♥ 9♦=0  B:7♦ A♣=8  BANKER(W)  | +950원 → 185,550원
H1369 | bet   1,000원 BANKER | P:3♣ 7♠ 7♣=7  B:Q♦ 6♦ K♠=6  PLAYER(L)  | -1,000원 → 184,550원  [start]
H1370 | bet   2,000원 PLAYER | P:8♣ 4♥ Q♠=2  B:5♣ J♥=5  BANKER(L)  | -2,000원 → 182,550원
H1371 | bet   4,000원 PLAYER | P:J♥ Q♦ 6♣=6  B:6♠ A♣=7  BANKER(L)  | -4,000원 → 178,550원
H1372 | bet   8,000원 PLAYER | P:10♦ 2♠ K♣=2  B:9♦ 5♥=4  BANKER(L)  | -8,000원 → 170,550원
H1373 | bet  16,000원 PLAYER | P:Q♠ J♠ 10♥=0  B:Q♣ 4♥=4  BANKER(L)  | -16,000원 → 154,550원  [end_giveup]
H1374 | bet   1,000원 BANKER | P:3♦ A♦ 9♠=3  B:9♥ 4♥ 8♣=1  PLAYER(L)  | -1,000원 → 153,550원  [start]
H1375 | bet   2,000원 PLAYER | P:6♥ 3♥=9  B:3♠ 10♣=3  PLAYER(W)  | +2,000원 → 155,550원  [end_win]
H1376 | bet   1,000원 BANKER | P:10♠ 10♥ 9♠=9  B:K♦ 2♠ K♣=2  PLAYER(L)  | -1,000원 → 154,550원  [start]
H1377 | bet   2,000원 PLAYER | P:2♠ 5♠=7  B:J♥ J♣ 3♣=3  PLAYER(W)  | +2,000원 → 156,550원  [end_win]
H1378 | bet   1,000원 BANKER | P:6♠ Q♦=6  B:7♣ 8♦ K♠=5  PLAYER(L)  | -1,000원 → 155,550원  [start]
H1379 | bet   2,000원 PLAYER | P:8♣ 5♣ 10♣=3  B:Q♥ J♦ A♣=1  PLAYER(W)  | +2,000원 → 157,550원  [end_win]
H1380 | bet   1,000원 BANKER | P:8♥ 5♣ 8♥=1  B:10♣ 6♥=6  BANKER(W)  | +950원 → 158,500원
H1381 | bet   1,000원 BANKER | P:5♦ 5♣ 3♣=3  B:2♥ 2♥ A♦=5  BANKER(W)  | +950원 → 159,450원
H1382 | bet   1,000원 BANKER | P:6♦ K♥=6  B:2♣ 7♦=9  BANKER(W)  | +950원 → 160,400원
H1383 | bet   1,000원 BANKER | P:7♦ J♣=7  B:K♠ 3♥ 7♠=0  PLAYER(L)  | -1,000원 → 159,400원  [start]
H1384 | bet   2,000원 PLAYER | P:Q♠ Q♣=0  B:2♥ 7♣=9  BANKER(L)  | -2,000원 → 157,400원
H1385 | bet   4,000원 PLAYER | P:8♠ 7♥ Q♦=5  B:K♣ 5♠=5  TIE(T)  |     0원 → 157,400원
H1386 | bet   4,000원 PLAYER | P:A♠ 9♠ 2♦=2  B:K♠ A♦ 4♣=5  BANKER(L)  | -4,000원 → 153,400원
H1387 | bet   8,000원 PLAYER | P:4♦ J♦ 7♣=1  B:6♠ A♥=7  BANKER(L)  | -8,000원 → 145,400원
H1388 | bet  16,000원 PLAYER | P:J♥ 10♠ 3♠=3  B:2♥ 3♠=5  BANKER(L)  | -16,000원 → 129,400원  [end_giveup]
H1389 | bet   1,000원 BANKER | P:J♣ 7♦=7  B:K♣ 3♦ Q♦=3  PLAYER(L)  | -1,000원 → 128,400원  [start]
H1390 | bet   2,000원 PLAYER | P:9♥ 4♠ 9♣=2  B:2♥ K♦ J♣=2  TIE(T)  |     0원 → 128,400원
H1391 | bet   2,000원 PLAYER | P:2♥ 8♠ 3♣=3  B:7♠ 7♣ 8♦=2  PLAYER(W)  | +2,000원 → 130,400원  [end_win]
H1392 | bet   1,000원 BANKER | P:4♠ A♠ 3♦=8  B:5♥ K♣=5  PLAYER(L)  | -1,000원 → 129,400원  [start]
H1393 | bet   2,000원 PLAYER | P:6♦ 7♠ 8♣=1  B:4♣ Q♥=4  BANKER(L)  | -2,000원 → 127,400원
H1394 | bet   4,000원 PLAYER | P:7♣ 2♥=9  B:9♥ K♠=9  TIE(T)  |     0원 → 127,400원
H1395 | bet   4,000원 PLAYER | P:Q♥ 6♥=6  B:10♣ A♣ 10♣=1  PLAYER(W)  | +4,000원 → 131,400원  [end_win]
H1396 | bet   1,000원 BANKER | P:Q♠ 9♠=9  B:J♠ 3♥=3  PLAYER(L)  | -1,000원 → 130,400원  [start]
H1397 | bet   2,000원 PLAYER | P:2♣ 3♦ A♥=6  B:5♣ 7♠ 2♥=4  PLAYER(W)  | +2,000원 → 132,400원  [end_win]
H1398 | bet   1,000원 BANKER | P:J♣ K♦=0  B:6♠ 2♠=8  BANKER(W)  | +950원 → 133,350원
H1399 | bet   1,000원 BANKER | P:4♥ 3♣=7  B:10♦ 2♦ 10♠=2  PLAYER(L)  | -1,000원 → 132,350원  [start]
H1400 | bet   2,000원 PLAYER | P:J♠ A♦=1  B:3♠ 5♠=8  BANKER(L)  | -2,000원 → 130,350원
H1401 | bet   4,000원 PLAYER | P:J♦ K♣=0  B:9♣ J♣=9  BANKER(L)  | -4,000원 → 126,350원
H1402 | bet   8,000원 PLAYER | P:10♦ 6♥=6  B:9♦ 10♥=9  BANKER(L)  | -8,000원 → 118,350원
H1403 | bet  16,000원 PLAYER | P:A♥ 10♦ J♠=1  B:7♠ K♠=7  BANKER(L)  | -16,000원 → 102,350원  [end_giveup]
H1404 | bet   1,000원 BANKER | P:A♦ 8♦=9  B:Q♣ 6♣=6  PLAYER(L)  | -1,000원 → 101,350원  [start]
H1405 | bet   2,000원 PLAYER | P:4♣ K♣=4  B:8♠ J♦=8  BANKER(L)  | -2,000원 → 99,350원
H1406 | bet   4,000원 PLAYER | P:4♥ 6♠ 9♥=9  B:3♥ 2♣=5  PLAYER(W)  | +4,000원 → 103,350원  [end_win]
H1407 | bet   1,000원 BANKER | P:K♥ 10♦=0  B:2♣ 7♠=9  BANKER(W)  | +950원 → 104,300원
H1408 | bet   1,000원 BANKER | P:K♣ J♥=0  B:5♦ 3♦=8  BANKER(W)  | +950원 → 105,250원
H1409 | bet   1,000원 BANKER | P:9♦ J♥=9  B:10♠ 3♦=3  PLAYER(L)  | -1,000원 → 104,250원  [start]
H1410 | bet   2,000원 PLAYER | P:10♠ 5♣ 9♥=4  B:4♥ J♥=4  TIE(T)  |     0원 → 104,250원
H1411 | bet   2,000원 PLAYER | P:2♦ A♠ Q♦=3  B:6♦ J♣=6  BANKER(L)  | -2,000원 → 102,250원
H1412 | bet   4,000원 PLAYER | P:2♠ 8♥ K♠=0  B:6♦ 10♦=6  BANKER(L)  | -4,000원 → 98,250원
H1413 | bet   8,000원 PLAYER | P:A♣ 9♣ 7♥=7  B:2♦ 3♠ 6♠=1  PLAYER(W)  | +8,000원 → 106,250원  [end_win]
H1414 | bet   1,000원 BANKER | P:K♦ Q♥ 4♥=4  B:2♥ K♦ 8♥=0  PLAYER(L)  | -1,000원 → 105,250원  [start]
H1415 | bet   2,000원 PLAYER | P:Q♠ J♠=0  B:4♠ 5♥=9  BANKER(L)  | -2,000원 → 103,250원
H1416 | bet   4,000원 PLAYER | P:J♥ 2♠ 6♦=8  B:6♥ 4♠ 6♥=6  PLAYER(W)  | +4,000원 → 107,250원  [end_win]
H1417 | bet   1,000원 BANKER | P:J♦ 4♣ 2♥=6  B:7♠ 8♦=5  PLAYER(L)  | -1,000원 → 106,250원  [start]
H1418 | bet   2,000원 PLAYER | P:K♣ 9♠=9  B:A♦ A♦=2  PLAYER(W)  | +2,000원 → 108,250원  [end_win]
H1419 | bet   1,000원 BANKER | P:A♠ 5♠=6  B:4♥ 5♠=9  BANKER(W)  | +950원 → 109,200원
H1420 | bet   1,000원 BANKER | P:K♥ J♠ 4♦=4  B:J♠ 7♣=7  BANKER(W)  | +950원 → 110,150원
H1421 | bet   1,000원 BANKER | P:8♣ 5♦=3  B:4♥ 5♥=9  BANKER(W)  | +950원 → 111,100원
H1422 | bet   1,000원 BANKER | P:J♣ 8♦=8  B:6♠ A♥=7  PLAYER(L)  | -1,000원 → 110,100원  [start]
H1423 | bet   2,000원 PLAYER | P:K♠ 7♣=7  B:Q♥ 10♠ 6♦=6  PLAYER(W)  | +2,000원 → 112,100원  [end_win]
H1424 | bet   1,000원 BANKER | P:Q♦ Q♣ 8♥=8  B:9♥ 6♥=5  PLAYER(L)  | -1,000원 → 111,100원  [start]
H1425 | bet   2,000원 PLAYER | P:2♠ 8♥ 6♥=6  B:Q♠ 10♣ 4♦=4  PLAYER(W)  | +2,000원 → 113,100원  [end_win]
H1426 | bet   1,000원 BANKER | P:10♣ 8♣=8  B:3♣ 5♣=8  TIE(T)  |     0원 → 113,100원
H1427 | bet   1,000원 BANKER | P:6♦ 3♣=9  B:Q♠ 3♠=3  PLAYER(L)  | -1,000원 → 112,100원  [start]
H1428 | bet   2,000원 PLAYER | P:Q♥ A♠=1  B:4♠ 5♠=9  BANKER(L)  | -2,000원 → 110,100원
H1429 | bet   4,000원 PLAYER | P:8♦ K♠=8  B:A♣ 5♥=6  PLAYER(W)  | +4,000원 → 114,100원  [end_win]
H1430 | bet   1,000원 BANKER | P:8♦ 8♥=6  B:Q♠ 7♣=7  BANKER(W)  | +950원 → 115,050원
H1431 | bet   1,000원 BANKER | P:3♠ 6♠=9  B:8♠ 5♦=3  PLAYER(L)  | -1,000원 → 114,050원  [start]
H1432 | bet   2,000원 PLAYER | P:K♣ A♦ A♥=2  B:K♣ 6♠=6  BANKER(L)  | -2,000원 → 112,050원
H1433 | bet   4,000원 PLAYER | P:K♥ 4♦ 5♠=9  B:Q♥ J♥ 6♣=6  PLAYER(W)  | +4,000원 → 116,050원  [end_win]
H1434 | bet   1,000원 BANKER | P:10♥ Q♠ 8♠=8  B:K♠ K♥ 10♥=0  PLAYER(L)  | -1,000원 → 115,050원  [start]
H1435 | bet   2,000원 PLAYER | P:2♣ 3♣ Q♣=5  B:7♥ 9♦=6  BANKER(L)  | -2,000원 → 113,050원
H1436 | bet   4,000원 PLAYER | P:2♥ 10♥ 9♦=1  B:3♥ K♦ A♦=4  BANKER(L)  | -4,000원 → 109,050원
H1437 | bet   8,000원 PLAYER | P:J♥ 3♥ J♣=3  B:Q♠ 7♥=7  BANKER(L)  | -8,000원 → 101,050원
H1438 | bet  16,000원 PLAYER | P:6♦ J♦=6  B:3♠ A♦ K♠=4  PLAYER(W)  | +16,000원 → 117,050원  [end_win]
H1439 | bet   1,000원 BANKER | P:K♠ 2♦=2  B:8♣ K♥=8  BANKER(W)  | +950원 → 118,000원
H1440 | bet   1,000원 BANKER | P:5♥ 7♥ 2♠=4  B:10♥ J♦ 5♠=5  BANKER(W)  | +950원 → 118,950원
H1441 | bet   1,000원 BANKER | P:3♥ 8♠=1  B:9♦ Q♦=9  BANKER(W)  | +950원 → 119,900원
H1442 | bet   1,000원 BANKER | P:8♠ 7♠ 10♠=5  B:5♣ Q♣=5  TIE(T)  |     0원 → 119,900원
H1443 | bet   1,000원 BANKER | P:J♦ 8♣=8  B:A♠ 8♦=9  BANKER(W)  | +950원 → 120,850원
H1444 | bet   1,000원 BANKER | P:6♣ 4♣ 2♠=2  B:A♥ J♥ 6♣=7  BANKER(W)  | +950원 → 121,800원
H1445 | bet   1,000원 BANKER | P:4♦ Q♦ 8♣=2  B:2♦ J♦ 8♠=0  PLAYER(L)  | -1,000원 → 120,800원  [start]
H1446 | bet   2,000원 PLAYER | P:K♦ 6♥=6  B:9♠ 6♥ 5♥=0  PLAYER(W)  | +2,000원 → 122,800원  [end_win]
H1447 | bet   1,000원 BANKER | P:10♠ 9♥=9  B:10♣ 5♦=5  PLAYER(L)  | -1,000원 → 121,800원  [start]
H1448 | bet   2,000원 PLAYER | P:9♠ 8♥=7  B:3♠ 5♠=8  BANKER(L)  | -2,000원 → 119,800원
H1449 | bet   4,000원 PLAYER | P:5♣ 10♠ 4♣=9  B:9♦ 2♠ 8♦=9  TIE(T)  |     0원 → 119,800원
H1450 | bet   4,000원 PLAYER | P:9♦ J♦=9  B:6♠ 3♦=9  TIE(T)  |     0원 → 119,800원
H1451 | bet   4,000원 PLAYER | P:7♣ 3♣ 10♠=0  B:7♥ 10♥=7  BANKER(L)  | -4,000원 → 115,800원
H1452 | bet   8,000원 PLAYER | P:Q♣ 4♦ 9♠=3  B:10♣ J♥ A♠=1  PLAYER(W)  | +8,000원 → 123,800원  [end_win]
H1453 | bet   1,000원 BANKER | P:4♣ 7♣=1  B:A♣ 7♦=8  BANKER(W)  | +950원 → 124,750원
H1454 | bet   1,000원 BANKER | P:2♣ A♥ 3♣=6  B:K♥ 5♣=5  PLAYER(L)  | -1,000원 → 123,750원  [start]
H1455 | bet   2,000원 PLAYER | P:9♣ 2♦ 10♦=1  B:3♠ 7♥ 5♥=5  BANKER(L)  | -2,000원 → 121,750원
H1456 | bet   4,000원 PLAYER | P:A♣ 3♠ 4♠=8  B:7♦ 8♥ 10♣=5  PLAYER(W)  | +4,000원 → 125,750원  [end_win]
H1457 | bet   1,000원 BANKER | P:A♥ 9♦ 4♠=4  B:9♣ A♣ 2♣=2  PLAYER(L)  | -1,000원 → 124,750원  [start]
H1458 | bet   2,000원 PLAYER | P:6♣ 6♦=2  B:10♥ 8♠=8  BANKER(L)  | -2,000원 → 122,750원
H1459 | bet   4,000원 PLAYER | P:Q♥ 5♦ 4♦=9  B:3♥ 2♥ A♦=6  PLAYER(W)  | +4,000원 → 126,750원  [end_win]
H1460 | bet   1,000원 BANKER | P:Q♣ 5♠ 5♦=0  B:4♦ 7♦ A♠=2  BANKER(W)  | +950원 → 127,700원
H1461 | bet   1,000원 BANKER | P:9♠ J♠=9  B:7♦ K♦=7  PLAYER(L)  | -1,000원 → 126,700원  [start]
H1462 | bet   2,000원 PLAYER | P:2♦ 2♠ J♠=4  B:K♥ 4♦=4  TIE(T)  |     0원 → 126,700원
H1463 | bet   2,000원 PLAYER | P:7♦ 4♥=1  B:10♦ 9♣=9  BANKER(L)  | -2,000원 → 124,700원
H1464 | bet   4,000원 PLAYER | P:3♣ 2♣ 5♣=0  B:J♣ 10♦ 7♦=7  BANKER(L)  | -4,000원 → 120,700원
H1465 | bet   8,000원 PLAYER | P:A♣ Q♠ 3♥=4  B:7♠ 9♥=6  BANKER(L)  | -8,000원 → 112,700원
H1466 | bet  16,000원 PLAYER | P:Q♦ 4♥ 5♦=9  B:8♥ 3♦ K♦=1  PLAYER(W)  | +16,000원 → 128,700원  [end_win]
H1467 | bet   1,000원 BANKER | P:Q♦ 7♥=7  B:5♣ 2♦=7  TIE(T)  |     0원 → 128,700원
H1468 | bet   1,000원 BANKER | P:8♣ 10♥=8  B:4♠ 9♣=3  PLAYER(L)  | -1,000원 → 127,700원  [start]
H1469 | bet   2,000원 PLAYER | P:6♣ 3♦=9  B:4♣ K♥=4  PLAYER(W)  | +2,000원 → 129,700원  [end_win]
H1470 | bet   1,000원 BANKER | P:10♣ 7♣=7  B:Q♦ 2♣ 6♣=8  BANKER(W)  | +950원 → 130,650원
H1471 | bet   1,000원 BANKER | P:A♣ A♠ 4♣=6  B:9♣ 6♠ 9♠=4  PLAYER(L)  | -1,000원 → 129,650원  [start]
H1472 | bet   2,000원 PLAYER | P:9♦ K♠=9  B:A♣ A♥=2  PLAYER(W)  | +2,000원 → 131,650원  [end_win]
H1473 | bet   1,000원 BANKER | P:5♦ J♣ 6♠=1  B:7♣ K♣=7  BANKER(W)  | +950원 → 132,600원
H1474 | bet   1,000원 BANKER | P:A♦ K♥ 10♥=1  B:9♠ 8♥=7  BANKER(W)  | +950원 → 133,550원
H1475 | bet   1,000원 BANKER | P:6♣ 7♦ 8♠=1  B:2♠ Q♥ 9♠=1  TIE(T)  |     0원 → 133,550원
H1476 | bet   1,000원 BANKER | P:8♣ Q♦=8  B:6♥ 6♠=2  PLAYER(L)  | -1,000원 → 132,550원  [start]
H1477 | bet   2,000원 PLAYER | P:8♠ 8♣=6  B:J♠ 9♠=9  BANKER(L)  | -2,000원 → 130,550원
H1478 | bet   4,000원 PLAYER | P:4♥ 8♦ J♦=2  B:K♠ 10♠ 7♠=7  BANKER(L)  | -4,000원 → 126,550원
H1479 | bet   8,000원 PLAYER | P:7♣ 4♥=1  B:Q♥ 8♦=8  BANKER(L)  | -8,000원 → 118,550원
H1480 | bet  16,000원 PLAYER | P:K♣ 6♥=6  B:A♥ 8♠=9  BANKER(L)  | -16,000원 → 102,550원  [end_giveup]
H1481 | bet   1,000원 BANKER | P:5♥ Q♠=5  B:A♠ 8♣=9  BANKER(W)  | +950원 → 103,500원
H1482 | bet   1,000원 BANKER | P:5♦ A♦=6  B:A♥ J♦ 2♣=3  PLAYER(L)  | -1,000원 → 102,500원  [start]
H1483 | bet   2,000원 PLAYER | P:2♠ 6♥=8  B:9♣ 8♠=7  PLAYER(W)  | +2,000원 → 104,500원  [end_win]
H1484 | bet   1,000원 BANKER | P:J♣ 10♠ 3♣=3  B:Q♦ 4♠ Q♥=4  BANKER(W)  | +950원 → 105,450원
H1485 | bet   1,000원 BANKER | P:8♠ 5♠=3  B:8♥ Q♥=8  BANKER(W)  | +950원 → 106,400원
H1486 | bet   1,000원 BANKER | P:2♣ K♦ Q♣=2  B:5♥ 10♣=5  BANKER(W)  | +950원 → 107,350원
H1487 | bet   1,000원 BANKER | P:10♠ 3♠ Q♦=3  B:4♦ 7♣ 5♦=6  BANKER(W)  | +950원 → 108,300원
H1488 | bet   1,000원 BANKER | P:10♥ 8♠=8  B:6♥ K♦=6  PLAYER(L)  | -1,000원 → 107,300원  [start]
H1489 | bet   2,000원 PLAYER | P:6♣ A♣=7  B:9♥ K♠=9  BANKER(L)  | -2,000원 → 105,300원
H1490 | bet   4,000원 PLAYER | P:8♣ 10♣=8  B:K♥ 2♥=2  PLAYER(W)  | +4,000원 → 109,300원  [end_win]
H1491 | bet   1,000원 BANKER | P:3♠ 4♠=7  B:3♦ 10♦ 2♦=5  PLAYER(L)  | -1,000원 → 108,300원  [start]
H1492 | bet   2,000원 PLAYER | P:3♠ 2♥ Q♦=5  B:10♠ 4♣=4  PLAYER(W)  | +2,000원 → 110,300원  [end_win]
H1493 | bet   1,000원 BANKER | P:5♦ A♣=6  B:7♥ J♦=7  BANKER(W)  | +950원 → 111,250원
H1494 | bet   1,000원 BANKER | P:5♠ Q♣ 7♥=2  B:A♦ J♠ 5♠=6  BANKER(W)  | +950원 → 112,200원
H1495 | bet   1,000원 BANKER | P:5♦ 9♦ 6♠=0  B:A♣ 2♥ 3♣=6  BANKER(W)  | +950원 → 113,150원
H1496 | bet   1,000원 BANKER | P:7♠ 4♠ 7♥=8  B:J♠ K♠ 9♦=9  BANKER(W)  | +950원 → 114,100원
H1497 | bet   1,000원 BANKER | P:K♦ 2♥ A♥=3  B:7♥ 9♣=6  BANKER(W)  | +950원 → 115,050원
H1498 | bet   1,000원 BANKER | P:A♦ 6♦=7  B:4♦ 7♦ 9♦=0  PLAYER(L)  | -1,000원 → 114,050원  [start]
H1499 | bet   2,000원 PLAYER | P:4♥ 3♥=7  B:K♦ K♣ 5♠=5  PLAYER(W)  | +2,000원 → 116,050원  [end_win]
H1500 | bet   1,000원 BANKER | P:2♦ 10♣ K♠=2  B:J♥ 3♣ 3♥=6  BANKER(W)  | +950원 → 117,000원
H1501 | bet   1,000원 BANKER | P:4♥ A♥ Q♦=5  B:7♦ 5♦ 9♣=1  PLAYER(L)  | -1,000원 → 116,000원  [start]
H1502 | bet   2,000원 PLAYER | P:6♦ K♥=6  B:J♥ 4♦ 2♠=6  TIE(T)  |     0원 → 116,000원
H1503 | bet   2,000원 PLAYER | P:Q♦ 8♠=8  B:2♣ 3♠=5  PLAYER(W)  | +2,000원 → 118,000원  [end_win]
H1504 | bet   1,000원 BANKER | P:7♥ 10♥=7  B:9♥ 7♥=6  PLAYER(L)  | -1,000원 → 117,000원  [start]
H1505 | bet   2,000원 PLAYER | P:2♠ A♦=3  B:J♥ 8♦=8  BANKER(L)  | -2,000원 → 115,000원
H1506 | bet   4,000원 PLAYER | P:7♠ 2♣=9  B:3♥ 4♥=7  PLAYER(W)  | +4,000원 → 119,000원  [end_win]
H1507 | bet   1,000원 BANKER | P:10♠ 8♦=8  B:5♣ A♠=6  PLAYER(L)  | -1,000원 → 118,000원  [start]
H1508 | bet   2,000원 PLAYER | P:9♥ 9♣=8  B:A♥ 3♥=4  PLAYER(W)  | +2,000원 → 120,000원  [end_win]
H1509 | bet   1,000원 BANKER | P:7♣ 6♣ 2♠=5  B:5♠ 8♦ Q♣=3  PLAYER(L)  | -1,000원 → 119,000원  [start]
H1510 | bet   2,000원 PLAYER | P:8♣ 4♠ A♥=3  B:6♣ 8♥=4  BANKER(L)  | -2,000원 → 117,000원
H1511 | bet   4,000원 PLAYER | P:9♠ 8♦=7  B:4♣ 2♦=6  PLAYER(W)  | +4,000원 → 121,000원  [end_win]
H1512 | bet   1,000원 BANKER | P:4♠ 2♦=6  B:6♣ 3♦=9  BANKER(W)  | +950원 → 121,950원
H1513 | bet   1,000원 BANKER | P:3♠ 10♠=3  B:J♥ 9♠=9  BANKER(W)  | +950원 → 122,900원
H1514 | bet   1,000원 BANKER | P:5♦ 4♣=9  B:4♦ 6♦=0  PLAYER(L)  | -1,000원 → 121,900원  [start]
H1515 | bet   2,000원 PLAYER | P:6♦ 6♦ K♥=2  B:Q♦ 4♠=4  BANKER(L)  | -2,000원 → 119,900원
H1516 | bet   4,000원 PLAYER | P:9♠ K♥=9  B:J♣ A♦=1  PLAYER(W)  | +4,000원 → 123,900원  [end_win]
H1517 | bet   1,000원 BANKER | P:4♣ J♣=4  B:8♥ J♠=8  BANKER(W)  | +950원 → 124,850원
H1518 | bet   1,000원 BANKER | P:5♥ 4♠=9  B:Q♠ 4♥=4  PLAYER(L)  | -1,000원 → 123,850원  [start]
H1519 | bet   2,000원 PLAYER | P:A♠ 10♣ 6♥=7  B:4♦ A♣ 3♣=8  BANKER(L)  | -2,000원 → 121,850원
H1520 | bet   4,000원 PLAYER | P:5♣ 10♣=5  B:A♣ 7♠=8  BANKER(L)  | -4,000원 → 117,850원
H1521 | bet   8,000원 PLAYER | P:A♦ 9♣ J♣=0  B:6♦ 6♠ 4♣=6  BANKER(L)  | -8,000원 → 109,850원
H1522 | bet  16,000원 PLAYER | P:Q♠ 10♠ 5♥=5  B:2♠ A♠ 3♦=6  BANKER(L)  | -16,000원 → 93,850원  [end_giveup]
H1523 | bet   1,000원 BANKER | P:4♣ 10♦ 3♦=7  B:9♥ 2♦ J♥=1  PLAYER(L)  | -1,000원 → 92,850원  [start]
H1524 | bet   2,000원 PLAYER | P:2♦ J♠ 3♣=5  B:J♥ 3♥ J♣=3  PLAYER(W)  | +2,000원 → 94,850원  [end_win]
H1525 | bet   1,000원 BANKER | P:K♥ 8♥=8  B:K♦ A♠=1  PLAYER(L)  | -1,000원 → 93,850원  [start]
H1526 | bet   2,000원 PLAYER | P:A♠ 9♣ 4♣=4  B:5♥ 6♥ J♦=1  PLAYER(W)  | +2,000원 → 95,850원  [end_win]
H1527 | bet   1,000원 BANKER | P:K♦ K♠ 10♥=0  B:4♦ Q♠=4  BANKER(W)  | +950원 → 96,800원
H1528 | bet   1,000원 BANKER | P:5♣ 9♣=4  B:Q♠ 9♥=9  BANKER(W)  | +950원 → 97,750원
H1529 | bet   1,000원 BANKER | P:7♣ 8♥ J♠=5  B:Q♥ 7♠=7  BANKER(W)  | +950원 → 98,700원
H1530 | bet   1,000원 BANKER | P:A♦ 5♣=6  B:10♦ 4♠ 10♦=4  PLAYER(L)  | -1,000원 → 97,700원  [start]
H1531 | bet   2,000원 PLAYER | P:5♣ K♣ 7♦=2  B:Q♥ J♦ 7♣=7  BANKER(L)  | -2,000원 → 95,700원
H1532 | bet   4,000원 PLAYER | P:8♣ 5♣ 7♠=0  B:Q♣ 7♠=7  BANKER(L)  | -4,000원 → 91,700원
H1533 | bet   8,000원 PLAYER | P:K♣ K♥ A♠=1  B:J♠ 2♥ 10♦=2  BANKER(L)  | -8,000원 → 83,700원
H1534 | bet  16,000원 PLAYER | P:2♥ 3♦ Q♠=5  B:3♥ J♥ 7♥=0  PLAYER(W)  | +16,000원 → 99,700원  [end_win]
H1535 | bet   1,000원 BANKER | P:7♠ 10♥=7  B:5♠ 5♣ 8♣=8  BANKER(W)  | +950원 → 100,650원
H1536 | bet   1,000원 BANKER | P:10♦ 3♦ Q♠=3  B:3♣ 4♥=7  BANKER(W)  | +950원 → 101,600원
H1537 | bet   1,000원 BANKER | P:Q♥ 9♦=9  B:7♦ 5♦=2  PLAYER(L)  | -1,000원 → 100,600원  [start]
H1538 | bet   2,000원 PLAYER | P:10♦ 8♦=8  B:2♣ J♣=2  PLAYER(W)  | +2,000원 → 102,600원  [end_win]
H1539 | bet   1,000원 BANKER | P:10♠ 3♠ 8♥=1  B:7♥ 7♦=4  BANKER(W)  | +950원 → 103,550원
H1540 | bet   1,000원 BANKER | P:Q♣ 3♦ 9♦=2  B:6♦ 9♣=5  BANKER(W)  | +950원 → 104,500원
H1541 | bet   1,000원 BANKER | P:3♥ 2♣ 10♥=5  B:8♥ 5♥ 4♦=7  BANKER(W)  | +950원 → 105,450원
H1542 | bet   1,000원 BANKER | P:7♦ 2♦=9  B:9♥ A♥=0  PLAYER(L)  | -1,000원 → 104,450원  [start]
H1543 | bet   2,000원 PLAYER | P:J♦ Q♦=0  B:3♦ 5♣=8  BANKER(L)  | -2,000원 → 102,450원
H1544 | bet   4,000원 PLAYER | P:2♠ 2♥ 9♠=3  B:K♦ 3♠ 9♥=2  PLAYER(W)  | +4,000원 → 106,450원  [end_win]
H1545 | bet   1,000원 BANKER | P:6♣ J♣=6  B:2♠ 2♦ 6♦=0  PLAYER(L)  | -1,000원 → 105,450원  [start]
H1546 | bet   2,000원 PLAYER | P:3♥ 7♣=0  B:3♣ 6♣=9  BANKER(L)  | -2,000원 → 103,450원
H1547 | bet   4,000원 PLAYER | P:K♠ J♦ 3♣=3  B:Q♣ 5♠=5  BANKER(L)  | -4,000원 → 99,450원
H1548 | bet   8,000원 PLAYER | P:8♦ 6♥ K♦=4  B:J♠ Q♥ K♣=0  PLAYER(W)  | +8,000원 → 107,450원  [end_win]
H1549 | bet   1,000원 BANKER | P:2♥ K♣ J♦=2  B:4♥ 6♠ 6♣=6  BANKER(W)  | +950원 → 108,400원
H1550 | bet   1,000원 BANKER | P:9♠ 10♣=9  B:4♦ Q♣=4  PLAYER(L)  | -1,000원 → 107,400원  [start]
H1551 | bet   2,000원 PLAYER | P:A♠ 3♠=4  B:6♥ 2♣=8  BANKER(L)  | -2,000원 → 105,400원
H1552 | bet   4,000원 PLAYER | P:5♥ 10♥=5  B:10♣ 8♠=8  BANKER(L)  | -4,000원 → 101,400원
H1553 | bet   8,000원 PLAYER | P:6♠ 6♠ 10♦=2  B:10♥ 10♣ A♣=1  PLAYER(W)  | +8,000원 → 109,400원  [end_win]
H1554 | bet   1,000원 BANKER | P:2♣ K♥ 5♠=7  B:Q♠ 6♠=6  PLAYER(L)  | -1,000원 → 108,400원  [start]
H1555 | bet   2,000원 PLAYER | P:K♣ Q♦=0  B:2♣ 7♣=9  BANKER(L)  | -2,000원 → 106,400원
H1556 | bet   4,000원 PLAYER | P:J♣ 3♣ 5♣=8  B:5♣ 6♦ J♦=1  PLAYER(W)  | +4,000원 → 110,400원  [end_win]
H1557 | bet   1,000원 BANKER | P:2♠ 10♦ 9♥=1  B:J♦ J♠ J♠=0  PLAYER(L)  | -1,000원 → 109,400원  [start]
H1558 | bet   2,000원 PLAYER | P:7♣ Q♣=7  B:8♥ 4♠ 5♦=7  TIE(T)  |     0원 → 109,400원
H1559 | bet   2,000원 PLAYER | P:9♣ 9♦=8  B:J♥ 6♠=6  PLAYER(W)  | +2,000원 → 111,400원  [end_win]
H1560 | bet   1,000원 BANKER | P:A♦ 6♠=7  B:J♥ 6♣=6  PLAYER(L)  | -1,000원 → 110,400원  [start]
H1561 | bet   2,000원 PLAYER | P:7♠ 10♠=7  B:A♠ K♥ K♣=1  PLAYER(W)  | +2,000원 → 112,400원  [end_win]
H1562 | bet   1,000원 BANKER | P:6♣ A♦=7  B:2♥ 8♦ 6♥=6  PLAYER(L)  | -1,000원 → 111,400원  [start]
H1563 | bet   2,000원 PLAYER | P:K♦ 3♥ 4♣=7  B:A♠ K♥ 10♠=1  PLAYER(W)  | +2,000원 → 113,400원  [end_win]
H1564 | bet   1,000원 BANKER | P:10♥ 5♠ Q♣=5  B:K♦ J♣ 3♣=3  PLAYER(L)  | -1,000원 → 112,400원  [start]
H1565 | bet   2,000원 PLAYER | P:Q♣ 9♠=9  B:Q♥ Q♠=0  PLAYER(W)  | +2,000원 → 114,400원  [end_win]
H1566 | bet   1,000원 BANKER | P:K♠ 10♣ 9♣=9  B:8♥ 7♣=5  PLAYER(L)  | -1,000원 → 113,400원  [start]
H1567 | bet   2,000원 PLAYER | P:10♥ 6♥=6  B:4♠ 10♥ 6♠=0  PLAYER(W)  | +2,000원 → 115,400원  [end_win]
H1568 | bet   1,000원 BANKER | P:7♦ 5♠=2  B:Q♥ 9♠=9  BANKER(W)  | +950원 → 116,350원
H1569 | bet   1,000원 BANKER | P:K♥ 8♠=8  B:4♥ 3♥=7  PLAYER(L)  | -1,000원 → 115,350원  [start]
H1570 | bet   2,000원 PLAYER | P:10♣ 5♣ A♠=6  B:3♦ A♥=4  PLAYER(W)  | +2,000원 → 117,350원  [end_win]
H1571 | bet   1,000원 BANKER | P:3♦ 10♣ J♦=3  B:10♣ Q♣ K♠=0  PLAYER(L)  | -1,000원 → 116,350원  [start]
H1572 | bet   2,000원 PLAYER | P:8♥ A♦=9  B:5♦ K♦=5  PLAYER(W)  | +2,000원 → 118,350원  [end_win]
H1573 | bet   1,000원 BANKER | P:3♣ 4♦=7  B:9♦ J♦=9  BANKER(W)  | +950원 → 119,300원
H1574 | bet   1,000원 BANKER | P:J♥ 10♦ 9♣=9  B:4♦ Q♠=4  PLAYER(L)  | -1,000원 → 118,300원  [start]
H1575 | bet   2,000원 PLAYER | P:5♠ 7♥=2  B:10♠ 9♠=9  BANKER(L)  | -2,000원 → 116,300원
H1576 | bet   4,000원 PLAYER | P:K♦ 2♣ 4♣=6  B:6♥ 9♦ 7♠=2  PLAYER(W)  | +4,000원 → 120,300원  [end_win]
H1577 | bet   1,000원 BANKER | P:K♣ 4♥=4  B:10♥ 8♦=8  BANKER(W)  | +950원 → 121,250원
H1578 | bet   1,000원 BANKER | P:4♠ K♠=4  B:8♥ Q♠=8  BANKER(W)  | +950원 → 122,200원
H1579 | bet   1,000원 BANKER | P:J♠ 8♦=8  B:K♦ K♣=0  PLAYER(L)  | -1,000원 → 121,200원  [start]
H1580 | bet   2,000원 PLAYER | P:9♥ K♦=9  B:4♥ 9♠=3  PLAYER(W)  | +2,000원 → 123,200원  [end_win]
H1581 | bet   1,000원 BANKER | P:9♦ 5♦ 10♠=4  B:J♥ 2♠ 3♣=5  BANKER(W)  | +950원 → 124,150원
H1582 | bet   1,000원 BANKER | P:3♣ 7♥ 6♠=6  B:10♥ 2♥ 9♦=1  PLAYER(L)  | -1,000원 → 123,150원  [start]
H1583 | bet   2,000원 PLAYER | P:J♣ 3♣=3  B:9♠ 9♥=8  BANKER(L)  | -2,000원 → 121,150원
H1584 | bet   4,000원 PLAYER | P:3♥ 6♦=9  B:2♥ 9♥=1  PLAYER(W)  | +4,000원 → 125,150원  [end_win]
H1585 | bet   1,000원 BANKER | P:Q♦ A♣ 5♦=6  B:Q♠ 6♦=6  TIE(T)  |     0원 → 125,150원
H1586 | bet   1,000원 BANKER | P:10♠ 9♦=9  B:7♥ 3♦=0  PLAYER(L)  | -1,000원 → 124,150원  [start]
H1587 | bet   2,000원 PLAYER | P:3♠ 2♠ 10♦=5  B:A♣ 3♠=4  PLAYER(W)  | +2,000원 → 126,150원  [end_win]
H1588 | bet   1,000원 BANKER | P:5♦ 5♥ 2♦=2  B:J♠ 4♣ 10♦=4  BANKER(W)  | +950원 → 127,100원
H1589 | bet   1,000원 BANKER | P:Q♦ 6♠=6  B:7♠ 3♥ 8♣=8  BANKER(W)  | +950원 → 128,050원
H1590 | bet   1,000원 BANKER | P:5♠ Q♦ 9♣=4  B:5♥ Q♥=5  BANKER(W)  | +950원 → 129,000원
H1591 | bet   1,000원 BANKER | P:9♥ 6♥ 8♠=3  B:5♥ 2♦=7  BANKER(W)  | +950원 → 129,950원
H1592 | bet   1,000원 BANKER | P:A♥ 6♦=7  B:A♣ 5♥=6  PLAYER(L)  | -1,000원 → 128,950원  [start]
H1593 | bet   2,000원 PLAYER | P:10♣ 2♥=2  B:2♣ 7♦=9  BANKER(L)  | -2,000원 → 126,950원
H1594 | bet   4,000원 PLAYER | P:Q♠ 3♣ 2♦=5  B:3♦ 9♣ 6♣=8  BANKER(L)  | -4,000원 → 122,950원
H1595 | bet   8,000원 PLAYER | P:4♥ 5♥=9  B:8♣ J♠=8  PLAYER(W)  | +8,000원 → 130,950원  [end_win]
H1596 | bet   1,000원 BANKER | P:4♦ J♦ 5♠=9  B:3♠ A♦ A♥=5  PLAYER(L)  | -1,000원 → 129,950원  [start]
H1597 | bet   2,000원 PLAYER | P:7♦ K♣=7  B:A♠ Q♠ 10♣=1  PLAYER(W)  | +2,000원 → 131,950원  [end_win]
H1598 | bet   1,000원 BANKER | P:6♥ Q♣=6  B:9♥ 8♠=7  BANKER(W)  | +950원 → 132,900원
H1599 | bet   1,000원 BANKER | P:5♥ 7♣=2  B:5♠ 4♠=9  BANKER(W)  | +950원 → 133,850원
H1600 | bet   1,000원 BANKER | P:8♥ 6♥ 5♥=9  B:8♥ 5♦ K♥=3  PLAYER(L)  | -1,000원 → 132,850원  [start]
H1601 | bet   2,000원 PLAYER | P:4♠ 8♦ 9♥=1  B:A♥ 4♥=5  BANKER(L)  | -2,000원 → 130,850원
H1602 | bet   4,000원 PLAYER | P:6♣ 5♥ K♣=1  B:2♠ 9♠ 8♠=9  BANKER(L)  | -4,000원 → 126,850원
H1603 | bet   8,000원 PLAYER | P:A♦ Q♦ J♦=1  B:A♣ Q♠ 9♠=0  PLAYER(W)  | +8,000원 → 134,850원  [end_win]
H1604 | bet   1,000원 BANKER | P:4♣ 2♠=6  B:4♥ 2♣=6  TIE(T)  |     0원 → 134,850원
H1605 | bet   1,000원 BANKER | P:A♣ 10♣ 9♠=0  B:5♣ 7♣ 9♥=1  BANKER(W)  | +950원 → 135,800원
H1606 | bet   1,000원 BANKER | P:2♠ 7♠=9  B:6♦ Q♥=6  PLAYER(L)  | -1,000원 → 134,800원  [start]
H1607 | bet   2,000원 PLAYER | P:9♣ 4♣ 8♦=1  B:J♠ A♠ 9♣=0  PLAYER(W)  | +2,000원 → 136,800원  [end_win]
H1608 | bet   1,000원 BANKER | P:7♦ 6♦ 7♣=0  B:8♣ 6♣ 7♠=1  BANKER(W)  | +950원 → 137,750원
H1609 | bet   1,000원 BANKER | P:3♦ 8♠ 6♣=7  B:7♥ 7♥ J♠=4  PLAYER(L)  | -1,000원 → 136,750원  [start]
H1610 | bet   2,000원 PLAYER | P:7♣ 8♣ 10♠=5  B:3♦ 8♣ 6♥=7  BANKER(L)  | -2,000원 → 134,750원
H1611 | bet   4,000원 PLAYER | P:4♠ A♣ K♠=5  B:J♣ 10♥ Q♦=0  PLAYER(W)  | +4,000원 → 138,750원  [end_win]
H1612 | bet   1,000원 BANKER | P:2♦ J♦ A♣=3  B:2♦ A♥ 7♠=0  PLAYER(L)  | -1,000원 → 137,750원  [start]
H1613 | bet   2,000원 PLAYER | P:4♦ 6♦=0  B:8♠ J♥=8  BANKER(L)  | -2,000원 → 135,750원
H1614 | bet   4,000원 PLAYER | P:A♥ 2♠ 2♣=5  B:2♥ 8♥ A♦=1  PLAYER(W)  | +4,000원 → 139,750원  [end_win]
H1615 | bet   1,000원 BANKER | P:J♣ K♦ 8♥=8  B:J♣ K♣ Q♣=0  PLAYER(L)  | -1,000원 → 138,750원  [start]
H1616 | bet   2,000원 PLAYER | P:10♠ K♠ 2♠=2  B:6♠ 5♣ A♦=2  TIE(T)  |     0원 → 138,750원
H1617 | bet   2,000원 PLAYER | P:3♥ 6♠=9  B:3♠ 5♦=8  PLAYER(W)  | +2,000원 → 140,750원  [end_win]
H1618 | bet   1,000원 BANKER | P:Q♦ 8♦=8  B:J♣ K♠=0  PLAYER(L)  | -1,000원 → 139,750원  [start]
H1619 | bet   2,000원 PLAYER | P:5♣ 6♠ Q♥=1  B:K♣ A♦ Q♥=1  TIE(T)  |     0원 → 139,750원
H1620 | bet   2,000원 PLAYER | P:5♠ 7♥=2  B:9♦ Q♣=9  BANKER(L)  | -2,000원 → 137,750원
H1621 | bet   4,000원 PLAYER | P:5♠ K♠ A♥=6  B:4♥ 3♣=7  BANKER(L)  | -4,000원 → 133,750원
H1622 | bet   8,000원 PLAYER | P:J♥ 3♦=3  B:Q♥ 8♣=8  BANKER(L)  | -8,000원 → 125,750원
H1623 | bet  16,000원 PLAYER | P:Q♦ 3♦=3  B:10♦ 8♣=8  BANKER(L)  | -16,000원 → 109,750원  [end_giveup]
H1624 | bet   1,000원 BANKER | P:3♥ A♠=4  B:K♥ 8♦=8  BANKER(W)  | +950원 → 110,700원
H1625 | bet   1,000원 BANKER | P:3♥ 7♥ 9♣=9  B:2♥ J♣ 3♠=5  PLAYER(L)  | -1,000원 → 109,700원  [start]
H1626 | bet   2,000원 PLAYER | P:J♠ 3♠ 9♦=2  B:2♦ K♥ 7♠=9  BANKER(L)  | -2,000원 → 107,700원
H1627 | bet   4,000원 PLAYER | P:4♠ 6♦ 3♠=3  B:7♦ 10♠=7  BANKER(L)  | -4,000원 → 103,700원
H1628 | bet   8,000원 PLAYER | P:10♦ 4♦ J♥=4  B:10♦ 2♦ A♠=3  PLAYER(W)  | +8,000원 → 111,700원  [end_win]
H1629 | bet   1,000원 BANKER | P:K♦ 10♥=0  B:3♠ 6♥=9  BANKER(W)  | +950원 → 112,650원
H1630 | bet   1,000원 BANKER | P:4♣ 4♣=8  B:10♣ K♥=0  PLAYER(L)  | -1,000원 → 111,650원  [start]
H1631 | bet   2,000원 PLAYER | P:4♣ 8♠ 7♣=9  B:4♠ 2♦ 8♠=4  PLAYER(W)  | +2,000원 → 113,650원  [end_win]
H1632 | bet   1,000원 BANKER | P:K♥ 7♠=7  B:4♦ Q♣ 2♥=6  PLAYER(L)  | -1,000원 → 112,650원  [start]
H1633 | bet   2,000원 PLAYER | P:5♣ 4♦=9  B:Q♠ 5♦=5  PLAYER(W)  | +2,000원 → 114,650원  [end_win]
H1634 | bet   1,000원 BANKER | P:2♥ K♠ 7♦=9  B:10♥ 6♣ A♥=7  PLAYER(L)  | -1,000원 → 113,650원  [start]
H1635 | bet   2,000원 PLAYER | P:2♣ 7♦=9  B:2♣ J♥=2  PLAYER(W)  | +2,000원 → 115,650원  [end_win]
H1636 | bet   1,000원 BANKER | P:4♦ 4♥=8  B:J♦ 7♦=7  PLAYER(L)  | -1,000원 → 114,650원  [start]
H1637 | bet   2,000원 PLAYER | P:K♦ 5♠ 2♣=7  B:J♠ 5♦=5  PLAYER(W)  | +2,000원 → 116,650원  [end_win]
H1638 | bet   1,000원 BANKER | P:K♠ 4♦ 7♥=1  B:6♠ 6♥ K♥=2  BANKER(W)  | +950원 → 117,600원
H1639 | bet   1,000원 BANKER | P:9♥ 7♥=6  B:6♠ 2♥=8  BANKER(W)  | +950원 → 118,550원
H1640 | bet   1,000원 BANKER | P:6♦ 9♣=5  B:6♣ 2♥=8  BANKER(W)  | +950원 → 119,500원
H1641 | bet   1,000원 BANKER | P:5♣ 10♦ 9♣=4  B:8♥ 3♣ 8♣=9  BANKER(W)  | +950원 → 120,450원
H1642 | bet   1,000원 BANKER | P:K♣ 8♦=8  B:10♣ 4♠=4  PLAYER(L)  | -1,000원 → 119,450원  [start]
H1643 | bet   2,000원 PLAYER | P:K♣ 3♠ A♣=4  B:7♣ J♠=7  BANKER(L)  | -2,000원 → 117,450원
H1644 | bet   4,000원 PLAYER | P:3♥ 4♦=7  B:K♣ 2♣ J♣=2  PLAYER(W)  | +4,000원 → 121,450원  [end_win]
H1645 | bet   1,000원 BANKER | P:6♥ 8♣=4  B:K♣ 9♦=9  BANKER(W)  | +950원 → 122,400원
H1646 | bet   1,000원 BANKER | P:4♥ 7♦ 9♥=0  B:3♠ 3♦=6  BANKER(W)  | +950원 → 123,350원
H1647 | bet   1,000원 BANKER | P:2♥ 6♠=8  B:4♣ 5♥=9  BANKER(W)  | +950원 → 124,300원
H1648 | bet   1,000원 BANKER | P:J♣ 9♥=9  B:8♥ 5♥=3  PLAYER(L)  | -1,000원 → 123,300원  [start]
H1649 | bet   2,000원 PLAYER | P:4♣ K♦ 6♠=0  B:Q♣ 4♠ 3♣=7  BANKER(L)  | -2,000원 → 121,300원
H1650 | bet   4,000원 PLAYER | P:3♠ J♣=3  B:Q♣ 9♥=9  BANKER(L)  | -4,000원 → 117,300원
H1651 | bet   8,000원 PLAYER | P:2♦ 7♦=9  B:3♠ 3♥=6  PLAYER(W)  | +8,000원 → 125,300원  [end_win]
H1652 | bet   1,000원 BANKER | P:K♥ 10♣ 9♦=9  B:K♦ J♥ Q♠=0  PLAYER(L)  | -1,000원 → 124,300원  [start]
H1653 | bet   2,000원 PLAYER | P:6♠ 9♦ Q♠=5  B:A♦ 10♣ 5♣=6  BANKER(L)  | -2,000원 → 122,300원
H1654 | bet   4,000원 PLAYER | P:Q♦ Q♦=0  B:K♦ 8♣=8  BANKER(L)  | -4,000원 → 118,300원
H1655 | bet   8,000원 PLAYER | P:9♥ 4♣=3  B:K♥ 9♥=9  BANKER(L)  | -8,000원 → 110,300원
H1656 | bet  16,000원 PLAYER | P:7♣ 5♦ 7♥=9  B:3♥ 4♠=7  PLAYER(W)  | +16,000원 → 126,300원  [end_win]
H1657 | bet   1,000원 BANKER | P:A♣ A♠ 10♣=2  B:6♥ 5♥ 2♣=3  BANKER(W)  | +950원 → 127,250원
H1658 | bet   1,000원 BANKER | P:4♠ 2♣=6  B:2♠ Q♥ 5♠=7  BANKER(W)  | +950원 → 128,200원
H1659 | bet   1,000원 BANKER | P:9♦ A♥=0  B:8♠ 10♠=8  BANKER(W)  | +950원 → 129,150원
H1660 | bet   1,000원 BANKER | P:4♥ 5♠=9  B:9♥ 6♠=5  PLAYER(L)  | -1,000원 → 128,150원  [start]
H1661 | bet   2,000원 PLAYER | P:Q♦ A♥ 8♣=9  B:K♣ 3♣=3  PLAYER(W)  | +2,000원 → 130,150원  [end_win]
H1662 | bet   1,000원 BANKER | P:J♦ 10♣ 4♦=4  B:3♦ 7♣ 9♠=9  BANKER(W)  | +950원 → 131,100원
H1663 | bet   1,000원 BANKER | P:J♦ Q♣ J♥=0  B:3♥ 10♥ K♠=3  BANKER(W)  | +950원 → 132,050원
H1664 | bet   1,000원 BANKER | P:10♥ 8♠=8  B:8♠ 7♦=5  PLAYER(L)  | -1,000원 → 131,050원  [start]
H1665 | bet   2,000원 PLAYER | P:A♣ 9♣ 7♣=7  B:3♣ 7♠ 8♦=8  BANKER(L)  | -2,000원 → 129,050원
H1666 | bet   4,000원 PLAYER | P:8♦ 3♦=1  B:A♥ 8♦=9  BANKER(L)  | -4,000원 → 125,050원
H1667 | bet   8,000원 PLAYER | P:8♠ 9♠=7  B:8♦ 9♣=7  TIE(T)  |     0원 → 125,050원
H1668 | bet   8,000원 PLAYER | P:Q♥ K♣ K♦=0  B:5♥ 10♣=5  BANKER(L)  | -8,000원 → 117,050원
H1669 | bet  16,000원 PLAYER | P:J♥ J♠ 7♥=7  B:K♠ J♦ 5♦=5  PLAYER(W)  | +16,000원 → 133,050원  [end_win]
H1670 | bet   1,000원 BANKER | P:7♠ 2♥=9  B:7♣ 10♠=7  PLAYER(L)  | -1,000원 → 132,050원  [start]
H1671 | bet   2,000원 PLAYER | P:J♣ 8♦=8  B:8♣ 5♦=3  PLAYER(W)  | +2,000원 → 134,050원  [end_win]
H1672 | bet   1,000원 BANKER | P:5♠ 10♦ 6♣=1  B:Q♥ 3♠ 6♣=9  BANKER(W)  | +950원 → 135,000원
H1673 | bet   1,000원 BANKER | P:4♥ 4♦=8  B:3♣ 5♠=8  TIE(T)  |     0원 → 135,000원
H1674 | bet   1,000원 BANKER | P:A♣ 8♣=9  B:A♠ 4♥=5  PLAYER(L)  | -1,000원 → 134,000원  [start]
H1675 | bet   2,000원 PLAYER | P:4♠ 10♥=4  B:8♥ J♣=8  BANKER(L)  | -2,000원 → 132,000원
H1676 | bet   4,000원 PLAYER | P:Q♠ Q♦ 3♠=3  B:K♥ A♦ A♦=2  PLAYER(W)  | +4,000원 → 136,000원  [end_win]
H1677 | bet   1,000원 BANKER | P:2♣ A♠ 5♦=8  B:2♠ A♠ J♦=3  PLAYER(L)  | -1,000원 → 135,000원  [start]
H1678 | bet   2,000원 PLAYER | P:10♥ 7♣=7  B:2♦ Q♣ 3♦=5  PLAYER(W)  | +2,000원 → 137,000원  [end_win]
H1679 | bet   1,000원 BANKER | P:4♣ 2♦=6  B:J♦ 8♠=8  BANKER(W)  | +950원 → 137,950원
H1680 | bet   1,000원 BANKER | P:5♣ 2♦=7  B:J♥ 5♣ 4♣=9  BANKER(W)  | +950원 → 138,900원
H1681 | bet   1,000원 BANKER | P:6♥ 6♥ 10♥=2  B:5♦ Q♥=5  BANKER(W)  | +950원 → 139,850원
H1682 | bet   1,000원 BANKER | P:3♥ 3♦=6  B:A♥ 2♥ K♥=3  PLAYER(L)  | -1,000원 → 138,850원  [start]
H1683 | bet   2,000원 PLAYER | P:10♦ 10♠ 5♥=5  B:10♥ 6♠=6  BANKER(L)  | -2,000원 → 136,850원
H1684 | bet   4,000원 PLAYER | P:A♠ 2♥ Q♠=3  B:2♥ 8♥ 7♠=7  BANKER(L)  | -4,000원 → 132,850원
H1685 | bet   8,000원 PLAYER | P:9♦ 8♦=7  B:9♠ 10♠=9  BANKER(L)  | -8,000원 → 124,850원
H1686 | bet  16,000원 PLAYER | P:7♥ Q♣=7  B:2♠ 7♦=9  BANKER(L)  | -16,000원 → 108,850원  [end_giveup]
H1687 | bet   1,000원 BANKER | P:A♥ J♠ Q♥=1  B:A♦ A♦ A♥=3  BANKER(W)  | +950원 → 109,800원
H1688 | bet   1,000원 BANKER | P:K♠ 5♥=5  B:2♣ 7♣=9  BANKER(W)  | +950원 → 110,750원
H1689 | bet   1,000원 BANKER | P:10♥ 6♦=6  B:9♠ J♠=9  BANKER(W)  | +950원 → 111,700원
H1690 | bet   1,000원 BANKER | P:J♦ 9♣=9  B:8♥ 4♦=2  PLAYER(L)  | -1,000원 → 110,700원  [start]
H1691 | bet   2,000원 PLAYER | P:Q♠ 4♣ Q♦=4  B:K♣ 7♠=7  BANKER(L)  | -2,000원 → 108,700원
H1692 | bet   4,000원 PLAYER | P:J♣ 5♦=5  B:4♦ 4♠=8  BANKER(L)  | -4,000원 → 104,700원
H1693 | bet   8,000원 PLAYER | P:2♦ J♥ 6♥=8  B:10♠ J♣ 7♠=7  PLAYER(W)  | +8,000원 → 112,700원  [end_win]
H1694 | bet   1,000원 BANKER | P:Q♦ 6♣=6  B:10♣ 3♣ K♠=3  PLAYER(L)  | -1,000원 → 111,700원  [start]
H1695 | bet   2,000원 PLAYER | P:A♠ 6♣=7  B:Q♠ A♦ 9♠=0  PLAYER(W)  | +2,000원 → 113,700원  [end_win]
H1696 | bet   1,000원 BANKER | P:J♠ 9♣=9  B:K♦ 2♠=2  PLAYER(L)  | -1,000원 → 112,700원  [start]
H1697 | bet   2,000원 PLAYER | P:9♠ A♦ 3♦=3  B:10♦ 2♥ 4♣=6  BANKER(L)  | -2,000원 → 110,700원
H1698 | bet   4,000원 PLAYER | P:10♦ 3♠ A♥=4  B:10♠ 5♥=5  BANKER(L)  | -4,000원 → 106,700원
H1699 | bet   8,000원 PLAYER | P:A♣ K♦ 8♣=9  B:7♦ 8♠=5  PLAYER(W)  | +8,000원 → 114,700원  [end_win]
H1700 | bet   1,000원 BANKER | P:Q♥ 9♦=9  B:4♥ 2♠=6  PLAYER(L)  | -1,000원 → 113,700원  [start]
H1701 | bet   2,000원 PLAYER | P:3♦ J♦ 7♥=0  B:9♣ 5♣ 5♦=9  BANKER(L)  | -2,000원 → 111,700원
H1702 | bet   4,000원 PLAYER | P:J♦ 2♦=2  B:Q♥ 8♠=8  BANKER(L)  | -4,000원 → 107,700원
H1703 | bet   8,000원 PLAYER | P:10♥ 7♠=7  B:Q♥ J♠ 3♥=3  PLAYER(W)  | +8,000원 → 115,700원  [end_win]
H1704 | bet   1,000원 BANKER | P:Q♣ 10♦=0  B:4♥ 5♣=9  BANKER(W)  | +950원 → 116,650원
H1705 | bet   1,000원 BANKER | P:6♦ K♠=6  B:4♦ 10♣ 5♠=9  BANKER(W)  | +950원 → 117,600원
H1706 | bet   1,000원 BANKER | P:3♣ 4♠=7  B:2♦ 3♦ 2♦=7  TIE(T)  |     0원 → 117,600원
H1707 | bet   1,000원 BANKER | P:4♥ 9♥ J♠=3  B:6♦ A♠=7  BANKER(W)  | +950원 → 118,550원
H1708 | bet   1,000원 BANKER | P:5♠ J♥ K♥=5  B:4♣ K♥=4  PLAYER(L)  | -1,000원 → 117,550원  [start]
H1709 | bet   2,000원 PLAYER | P:7♦ 7♦ 9♠=3  B:5♣ 7♦ 10♦=2  PLAYER(W)  | +2,000원 → 119,550원  [end_win]
H1710 | bet   1,000원 BANKER | P:Q♣ 8♣=8  B:Q♣ 4♥=4  PLAYER(L)  | -1,000원 → 118,550원  [start]
H1711 | bet   2,000원 PLAYER | P:6♦ 7♠=3  B:A♣ 7♥=8  BANKER(L)  | -2,000원 → 116,550원
H1712 | bet   4,000원 PLAYER | P:7♠ 3♠ K♦=0  B:10♠ 3♥ 4♠=7  BANKER(L)  | -4,000원 → 112,550원
H1713 | bet   8,000원 PLAYER | P:7♥ A♥=8  B:5♥ 8♥=3  PLAYER(W)  | +8,000원 → 120,550원  [end_win]
H1714 | bet   1,000원 BANKER | P:5♠ 10♦=5  B:A♣ 7♣=8  BANKER(W)  | +950원 → 121,500원
H1715 | bet   1,000원 BANKER | P:6♣ 8♥ 9♠=3  B:J♥ Q♦ A♦=1  PLAYER(L)  | -1,000원 → 120,500원  [start]
H1716 | bet   2,000원 PLAYER | P:4♦ K♣ 6♦=0  B:J♥ 10♠ 2♠=2  BANKER(L)  | -2,000원 → 118,500원
H1717 | bet   4,000원 PLAYER | P:A♠ 5♣=6  B:2♠ 9♣ A♣=2  PLAYER(W)  | +4,000원 → 122,500원  [end_win]
H1718 | bet   1,000원 BANKER | P:6♣ 9♦ J♣=5  B:3♥ 8♦ Q♠=1  PLAYER(L)  | -1,000원 → 121,500원  [start]
H1719 | bet   2,000원 PLAYER | P:6♦ K♥=6  B:2♠ 6♠=8  BANKER(L)  | -2,000원 → 119,500원
H1720 | bet   4,000원 PLAYER | P:8♣ 9♥=7  B:A♠ J♥ Q♦=1  PLAYER(W)  | +4,000원 → 123,500원  [end_win]
H1721 | bet   1,000원 BANKER | P:6♥ 10♦=6  B:K♥ 7♦=7  BANKER(W)  | +950원 → 124,450원
H1722 | bet   1,000원 BANKER | P:2♠ 10♠=2  B:9♠ J♣=9  BANKER(W)  | +950원 → 125,400원
H1723 | bet   1,000원 BANKER | P:K♠ 6♦=6  B:8♠ 5♠ 9♠=2  PLAYER(L)  | -1,000원 → 124,400원  [start]
H1724 | bet   2,000원 PLAYER | P:Q♠ 2♥ A♦=3  B:4♥ K♠=4  BANKER(L)  | -2,000원 → 122,400원
H1725 | bet   4,000원 PLAYER | P:4♦ 2♥=6  B:3♥ J♥ 6♥=9  BANKER(L)  | -4,000원 → 118,400원
H1726 | bet   8,000원 PLAYER | P:9♠ A♥=0  B:A♣ 8♥=9  BANKER(L)  | -8,000원 → 110,400원
H1727 | bet  16,000원 PLAYER | P:K♠ 9♥=9  B:J♣ 3♦=3  PLAYER(W)  | +16,000원 → 126,400원  [end_win]
H1728 | bet   1,000원 BANKER | P:Q♥ K♦=0  B:2♦ 7♠=9  BANKER(W)  | +950원 → 127,350원
H1729 | bet   1,000원 BANKER | P:J♥ K♣ A♠=1  B:10♠ J♣ 6♦=6  BANKER(W)  | +950원 → 128,300원
H1730 | bet   1,000원 BANKER | P:4♣ K♦=4  B:6♣ 3♣=9  BANKER(W)  | +950원 → 129,250원
H1731 | bet   1,000원 BANKER | P:8♥ Q♠=8  B:6♦ 4♥=0  PLAYER(L)  | -1,000원 → 128,250원  [start]
H1732 | bet   2,000원 PLAYER | P:4♠ 3♦=7  B:5♦ 5♥ 10♣=0  PLAYER(W)  | +2,000원 → 130,250원  [end_win]
H1733 | bet   1,000원 BANKER | P:K♦ 2♥ 6♣=8  B:Q♣ 7♠=7  PLAYER(L)  | -1,000원 → 129,250원  [start]
H1734 | bet   2,000원 PLAYER | P:J♦ J♥ 3♥=3  B:7♦ Q♣=7  BANKER(L)  | -2,000원 → 127,250원
H1735 | bet   4,000원 PLAYER | P:9♦ 9♦=8  B:A♦ 6♣=7  PLAYER(W)  | +4,000원 → 131,250원  [end_win]
H1736 | bet   1,000원 BANKER | P:5♦ 9♣ 5♣=9  B:Q♦ K♥ 7♠=7  PLAYER(L)  | -1,000원 → 130,250원  [start]
H1737 | bet   2,000원 PLAYER | P:9♦ K♥=9  B:Q♦ 7♠=7  PLAYER(W)  | +2,000원 → 132,250원  [end_win]
H1738 | bet   1,000원 BANKER | P:2♣ 5♠=7  B:8♠ Q♣=8  BANKER(W)  | +950원 → 133,200원
H1739 | bet   1,000원 BANKER | P:K♦ 2♣=2  B:6♠ 3♦=9  BANKER(W)  | +950원 → 134,150원
H1740 | bet   1,000원 BANKER | P:5♠ 6♥ J♦=1  B:10♦ Q♥ 10♠=0  PLAYER(L)  | -1,000원 → 133,150원  [start]
H1741 | bet   2,000원 PLAYER | P:5♠ Q♦ 6♠=1  B:A♠ 10♥ 3♣=4  BANKER(L)  | -2,000원 → 131,150원
H1742 | bet   4,000원 PLAYER | P:8♦ A♣=9  B:A♥ J♠=1  PLAYER(W)  | +4,000원 → 135,150원  [end_win]
H1743 | bet   1,000원 BANKER | P:6♠ 6♥ 5♣=7  B:5♦ Q♠ 7♠=2  PLAYER(L)  | -1,000원 → 134,150원  [start]
H1744 | bet   2,000원 PLAYER | P:A♥ 7♣=8  B:10♣ A♠=1  PLAYER(W)  | +2,000원 → 136,150원  [end_win]
H1745 | bet   1,000원 BANKER | P:2♦ 9♥ 9♦=0  B:A♣ J♣ 3♦=4  BANKER(W)  | +950원 → 137,100원
H1746 | bet   1,000원 BANKER | P:6♥ Q♥=6  B:3♠ 10♥ 2♣=5  PLAYER(L)  | -1,000원 → 136,100원  [start]
H1747 | bet   2,000원 PLAYER | P:8♦ 3♦=1  B:K♥ 8♦=8  BANKER(L)  | -2,000원 → 134,100원
H1748 | bet   4,000원 PLAYER | P:9♥ 7♥=6  B:3♦ A♠ 3♥=7  BANKER(L)  | -4,000원 → 130,100원
H1749 | bet   8,000원 PLAYER | P:8♣ 4♣=2  B:8♣ J♦=8  BANKER(L)  | -8,000원 → 122,100원
H1750 | bet  16,000원 PLAYER | P:A♥ 4♠=5  B:8♠ Q♠=8  BANKER(L)  | -16,000원 → 106,100원  [end_giveup]
H1751 | bet   1,000원 BANKER | P:9♣ 9♠=8  B:7♦ 10♦=7  PLAYER(L)  | -1,000원 → 105,100원  [start]
H1752 | bet   2,000원 PLAYER | P:10♥ 3♣ 2♣=5  B:10♥ K♥ 9♣=9  BANKER(L)  | -2,000원 → 103,100원
H1753 | bet   4,000원 PLAYER | P:8♥ K♣=8  B:7♣ 10♥=7  PLAYER(W)  | +4,000원 → 107,100원  [end_win]
H1754 | bet   1,000원 BANKER | P:10♥ Q♠=0  B:J♠ 8♦=8  BANKER(W)  | +950원 → 108,050원
H1755 | bet   1,000원 BANKER | P:J♣ 6♦=6  B:5♣ 8♣ 2♦=5  PLAYER(L)  | -1,000원 → 107,050원  [start]
H1756 | bet   2,000원 PLAYER | P:4♣ J♠=4  B:2♣ 6♥=8  BANKER(L)  | -2,000원 → 105,050원
H1757 | bet   4,000원 PLAYER | P:5♠ 2♠=7  B:5♠ Q♦ 7♠=2  PLAYER(W)  | +4,000원 → 109,050원  [end_win]
H1758 | bet   1,000원 BANKER | P:4♠ K♥ 5♥=9  B:4♠ 9♠ A♣=4  PLAYER(L)  | -1,000원 → 108,050원  [start]
H1759 | bet   2,000원 PLAYER | P:9♠ 5♠ 4♣=8  B:5♣ J♦ 6♦=1  PLAYER(W)  | +2,000원 → 110,050원  [end_win]
H1760 | bet   1,000원 BANKER | P:J♣ 10♥ 5♣=5  B:8♥ 5♦ 10♦=3  PLAYER(L)  | -1,000원 → 109,050원  [start]
H1761 | bet   2,000원 PLAYER | P:9♠ 4♥ Q♥=3  B:K♠ 10♦ 2♦=2  PLAYER(W)  | +2,000원 → 111,050원  [end_win]
H1762 | bet   1,000원 BANKER | P:6♥ 6♣ 6♠=8  B:A♥ J♠ 8♥=9  BANKER(W)  | +950원 → 112,000원
H1763 | bet   1,000원 BANKER | P:4♠ 8♠ 9♣=1  B:5♥ 5♣ 3♣=3  BANKER(W)  | +950원 → 112,950원
H1764 | bet   1,000원 BANKER | P:K♣ 2♠ 7♠=9  B:6♠ 7♦ Q♠=3  PLAYER(L)  | -1,000원 → 111,950원  [start]
H1765 | bet   2,000원 PLAYER | P:J♦ 4♦ 8♦=2  B:8♣ 6♠=4  BANKER(L)  | -2,000원 → 109,950원
H1766 | bet   4,000원 PLAYER | P:3♣ K♣ A♦=4  B:2♣ 3♠=5  BANKER(L)  | -4,000원 → 105,950원
H1767 | bet   8,000원 PLAYER | P:7♣ 4♠ 7♥=8  B:6♣ 4♦ J♠=0  PLAYER(W)  | +8,000원 → 113,950원  [end_win]
H1768 | bet   1,000원 BANKER | P:4♣ Q♦ J♣=4  B:10♠ 6♣=6  BANKER(W)  | +950원 → 114,900원
H1769 | bet   1,000원 BANKER | P:3♠ K♣ 2♦=5  B:2♥ J♥ Q♥=2  PLAYER(L)  | -1,000원 → 113,900원  [start]
H1770 | bet   2,000원 PLAYER | P:7♣ Q♣=7  B:6♦ 6♦ Q♥=2  PLAYER(W)  | +2,000원 → 115,900원  [end_win]
H1771 | bet   1,000원 BANKER | P:8♠ 2♥=0  B:8♥ Q♦=8  BANKER(W)  | +950원 → 116,850원
H1772 | bet   1,000원 BANKER | P:6♠ 5♥ A♦=2  B:5♦ 10♣=5  BANKER(W)  | +950원 → 117,800원
H1773 | bet   1,000원 BANKER | P:A♦ K♦ 4♥=5  B:Q♣ 7♥=7  BANKER(W)  | +950원 → 118,750원
H1774 | bet   1,000원 BANKER | P:K♠ 3♦ 3♠=6  B:Q♣ Q♠ 4♦=4  PLAYER(L)  | -1,000원 → 117,750원  [start]
H1775 | bet   2,000원 PLAYER | P:3♠ 9♣=2  B:7♥ 2♠=9  BANKER(L)  | -2,000원 → 115,750원
H1776 | bet   4,000원 PLAYER | P:4♦ K♦ 8♥=2  B:10♠ 4♣=4  BANKER(L)  | -4,000원 → 111,750원
H1777 | bet   8,000원 PLAYER | P:7♦ 5♦ 7♥=9  B:4♦ A♠ 2♠=7  PLAYER(W)  | +8,000원 → 119,750원  [end_win]
H1778 | bet   1,000원 BANKER | P:5♥ 2♦=7  B:8♦ 2♠ K♠=0  PLAYER(L)  | -1,000원 → 118,750원  [start]
H1779 | bet   2,000원 PLAYER | P:10♦ J♦ 10♠=0  B:A♣ A♣ 6♠=8  BANKER(L)  | -2,000원 → 116,750원
H1780 | bet   4,000원 PLAYER | P:2♥ 3♥ 7♠=2  B:J♠ Q♥ A♦=1  PLAYER(W)  | +4,000원 → 120,750원  [end_win]
H1781 | bet   1,000원 BANKER | P:8♦ 5♠=3  B:7♦ 2♠=9  BANKER(W)  | +950원 → 121,700원
H1782 | bet   1,000원 BANKER | P:9♥ 10♣=9  B:5♦ 2♥=7  PLAYER(L)  | -1,000원 → 120,700원  [start]
H1783 | bet   2,000원 PLAYER | P:8♠ A♦=9  B:J♠ 9♥=9  TIE(T)  |     0원 → 120,700원
H1784 | bet   2,000원 PLAYER | P:K♦ 3♣ 7♣=0  B:9♦ A♦ 9♠=9  BANKER(L)  | -2,000원 → 118,700원
H1785 | bet   4,000원 PLAYER | P:4♥ 8♠ 5♥=7  B:8♦ 7♦ 6♣=1  PLAYER(W)  | +4,000원 → 122,700원  [end_win]
H1786 | bet   1,000원 BANKER | P:7♣ A♥=8  B:5♣ 7♦=2  PLAYER(L)  | -1,000원 → 121,700원  [start]
H1787 | bet   2,000원 PLAYER | P:A♥ 2♥ K♣=3  B:3♦ 4♦=7  BANKER(L)  | -2,000원 → 119,700원
H1788 | bet   4,000원 PLAYER | P:9♣ 4♣ 8♥=1  B:2♣ J♦ 4♥=6  BANKER(L)  | -4,000원 → 115,700원
H1789 | bet   8,000원 PLAYER | P:J♥ 3♥ 7♥=0  B:J♣ K♣ 3♠=3  BANKER(L)  | -8,000원 → 107,700원
H1790 | bet  16,000원 PLAYER | P:3♣ J♦ Q♥=3  B:9♥ 8♣=7  BANKER(L)  | -16,000원 → 91,700원  [end_giveup]
H1791 | bet   1,000원 BANKER | P:3♥ 10♦ 8♣=1  B:9♦ 7♥=6  BANKER(W)  | +950원 → 92,650원
H1792 | bet   1,000원 BANKER | P:2♦ K♦ 6♣=8  B:A♥ 6♥=7  PLAYER(L)  | -1,000원 → 91,650원  [start]
H1793 | bet   2,000원 PLAYER | P:4♠ 4♣=8  B:10♠ 8♠=8  TIE(T)  |     0원 → 91,650원
H1794 | bet   2,000원 PLAYER | P:3♠ Q♣ J♠=3  B:A♣ Q♣ 7♣=8  BANKER(L)  | -2,000원 → 89,650원
H1795 | bet   4,000원 PLAYER | P:Q♠ 3♥ K♥=3  B:7♣ 3♠ 4♥=4  BANKER(L)  | -4,000원 → 85,650원
H1796 | bet   8,000원 PLAYER | P:10♦ K♥ 9♥=9  B:10♣ 4♥=4  PLAYER(W)  | +8,000원 → 93,650원  [end_win]
H1797 | bet   1,000원 BANKER | P:Q♦ 5♣ 3♣=8  B:K♣ 2♠ 10♠=2  PLAYER(L)  | -1,000원 → 92,650원  [start]
H1798 | bet   2,000원 PLAYER | P:9♦ 4♦ 8♣=1  B:5♥ 10♣=5  BANKER(L)  | -2,000원 → 90,650원
H1799 | bet   4,000원 PLAYER | P:4♠ K♠ 9♣=3  B:A♠ 5♥=6  BANKER(L)  | -4,000원 → 86,650원
H1800 | bet   8,000원 PLAYER | P:10♥ 3♥=3  B:J♥ 9♦=9  BANKER(L)  | -8,000원 → 78,650원
H1801 | bet  16,000원 PLAYER | P:K♠ 8♠=8  B:K♣ 9♠=9  BANKER(L)  | -16,000원 → 62,650원  [end_giveup]
H1802 | bet   1,000원 BANKER | P:A♣ 6♣=7  B:K♠ K♥ 2♦=2  PLAYER(L)  | -1,000원 → 61,650원  [start]
H1803 | bet   2,000원 PLAYER | P:3♣ 2♥ A♥=6  B:K♠ 2♠ 10♦=2  PLAYER(W)  | +2,000원 → 63,650원  [end_win]
H1804 | bet   1,000원 BANKER | P:8♥ 7♣=5  B:5♠ 3♣=8  BANKER(W)  | +950원 → 64,600원
H1805 | bet   1,000원 BANKER | P:A♥ 10♠ 8♥=9  B:K♦ 4♣=4  PLAYER(L)  | -1,000원 → 63,600원  [start]
H1806 | bet   2,000원 PLAYER | P:Q♦ J♣ 7♦=7  B:6♦ 8♥ 9♦=3  PLAYER(W)  | +2,000원 → 65,600원  [end_win]
H1807 | bet   1,000원 BANKER | P:4♦ J♥=4  B:A♥ 8♠=9  BANKER(W)  | +950원 → 66,550원
H1808 | bet   1,000원 BANKER | P:6♣ Q♠=6  B:Q♦ 7♠=7  BANKER(W)  | +950원 → 67,500원
H1809 | bet   1,000원 BANKER | P:7♣ 4♥ 7♦=8  B:10♥ 2♣ 5♥=7  PLAYER(L)  | -1,000원 → 66,500원  [start]
H1810 | bet   2,000원 PLAYER | P:8♥ Q♠=8  B:4♥ 9♥=3  PLAYER(W)  | +2,000원 → 68,500원  [end_win]
H1811 | bet   1,000원 BANKER | P:K♦ 9♦=9  B:10♥ 4♠=4  PLAYER(L)  | -1,000원 → 67,500원  [start]
H1812 | bet   2,000원 PLAYER | P:5♥ 6♦ 9♦=0  B:5♦ 5♥ 6♥=6  BANKER(L)  | -2,000원 → 65,500원
H1813 | bet   4,000원 PLAYER | P:7♠ K♦=7  B:3♣ K♣ 5♦=8  BANKER(L)  | -4,000원 → 61,500원
H1814 | bet   8,000원 PLAYER | P:J♣ 8♣=8  B:6♥ A♣=7  PLAYER(W)  | +8,000원 → 69,500원  [end_win]
H1815 | bet   1,000원 BANKER | P:6♦ 10♥=6  B:4♠ 10♥ 4♦=8  BANKER(W)  | +950원 → 70,450원
H1816 | bet   1,000원 BANKER | P:8♠ A♣=9  B:J♠ J♣=0  PLAYER(L)  | -1,000원 → 69,450원  [start]
H1817 | bet   2,000원 PLAYER | P:J♥ Q♠ 8♠=8  B:4♦ 6♦ K♦=0  PLAYER(W)  | +2,000원 → 71,450원  [end_win]
H1818 | bet   1,000원 BANKER | P:J♦ J♦=0  B:5♠ 4♣=9  BANKER(W)  | +950원 → 72,400원
H1819 | bet   1,000원 BANKER | P:6♠ J♥=6  B:K♦ 10♥ 3♣=3  PLAYER(L)  | -1,000원 → 71,400원  [start]
H1820 | bet   2,000원 PLAYER | P:K♦ 4♥ 9♠=3  B:A♠ A♦ 5♥=7  BANKER(L)  | -2,000원 → 69,400원
H1821 | bet   4,000원 PLAYER | P:7♦ 2♥=9  B:Q♥ J♦=0  PLAYER(W)  | +4,000원 → 73,400원  [end_win]
H1822 | bet   1,000원 BANKER | P:5♠ 9♣ A♠=5  B:5♦ 5♣ A♦=1  PLAYER(L)  | -1,000원 → 72,400원  [start]
H1823 | bet   2,000원 PLAYER | P:2♣ 6♠=8  B:8♦ A♠=9  BANKER(L)  | -2,000원 → 70,400원
H1824 | bet   4,000원 PLAYER | P:5♠ 10♣ 5♦=0  B:6♥ 4♠ A♣=1  BANKER(L)  | -4,000원 → 66,400원
H1825 | bet   8,000원 PLAYER | P:10♣ 6♥=6  B:3♠ 10♦ 8♠=1  PLAYER(W)  | +8,000원 → 74,400원  [end_win]
H1826 | bet   1,000원 BANKER | P:3♣ Q♣ 2♦=5  B:4♠ 8♣ 10♠=2  PLAYER(L)  | -1,000원 → 73,400원  [start]
H1827 | bet   2,000원 PLAYER | P:10♣ 5♦ 2♥=7  B:Q♦ 10♦ 8♦=8  BANKER(L)  | -2,000원 → 71,400원
H1828 | bet   4,000원 PLAYER | P:10♦ 3♦ 10♠=3  B:5♠ 5♥ 4♥=4  BANKER(L)  | -4,000원 → 67,400원
H1829 | bet   8,000원 PLAYER | P:8♦ Q♠=8  B:10♥ 4♣=4  PLAYER(W)  | +8,000원 → 75,400원  [end_win]
H1830 | bet   1,000원 BANKER | P:Q♥ 9♦=9  B:3♦ 5♠=8  PLAYER(L)  | -1,000원 → 74,400원  [start]
H1831 | bet   2,000원 PLAYER | P:5♥ 10♣ 9♠=4  B:Q♣ 3♠ K♥=3  PLAYER(W)  | +2,000원 → 76,400원  [end_win]
H1832 | bet   1,000원 BANKER | P:3♥ 7♦=0  B:J♦ 8♣=8  BANKER(W)  | +950원 → 77,350원
H1833 | bet   1,000원 BANKER | P:8♣ 2♦ 8♣=8  B:3♣ 10♠=3  PLAYER(L)  | -1,000원 → 76,350원  [start]
H1834 | bet   2,000원 PLAYER | P:A♦ 3♥=4  B:6♥ 2♣=8  BANKER(L)  | -2,000원 → 74,350원
H1835 | bet   4,000원 PLAYER | P:J♦ 4♠ 7♠=1  B:A♣ A♠ 2♣=4  BANKER(L)  | -4,000원 → 70,350원
H1836 | bet   8,000원 PLAYER | P:9♥ 10♠=9  B:J♥ J♠=0  PLAYER(W)  | +8,000원 → 78,350원  [end_win]
H1837 | bet   1,000원 BANKER | P:Q♥ 4♦ A♥=5  B:Q♥ 7♠=7  BANKER(W)  | +950원 → 79,300원
H1838 | bet   1,000원 BANKER | P:J♣ 6♣=6  B:9♥ K♣=9  BANKER(W)  | +950원 → 80,250원
H1839 | bet   1,000원 BANKER | P:9♠ 10♦=9  B:3♠ 7♠=0  PLAYER(L)  | -1,000원 → 79,250원  [start]
H1840 | bet   2,000원 PLAYER | P:2♠ 8♦ 8♦=8  B:K♠ J♣ 8♦=8  TIE(T)  |     0원 → 79,250원
H1841 | bet   2,000원 PLAYER | P:7♥ 7♣ A♣=5  B:6♠ 10♠=6  BANKER(L)  | -2,000원 → 77,250원
H1842 | bet   4,000원 PLAYER | P:7♣ 7♥=4  B:3♥ 6♠=9  BANKER(L)  | -4,000원 → 73,250원
H1843 | bet   8,000원 PLAYER | P:K♥ K♥=0  B:5♣ 3♥=8  BANKER(L)  | -8,000원 → 65,250원
H1844 | bet  16,000원 PLAYER | P:10♥ 2♥ K♠=2  B:7♠ 9♥=6  BANKER(L)  | -16,000원 → 49,250원  [end_giveup]

Result: RUIN (capital_depleted)
Final: 49,250원  Hands: 1844  Bets: 1684  Wagered: 4,502,000원  Max losing streak: 7
