=== Session 27 ===
Seed: 1283066103397798384
Initial: 100,000원  Target: 500,000원  Ruin: 50,000원  Table-max: 100,000원
Strategy: martingale (pivot, steps=4)
Base bet: 1,000원  Primary side: BANKER

H001 | bet   1,000원 BANKER | P:K♣ A♠=1  B:10♠ 9♦=9  BANKER(W)  | +950원 → 100,950원
H002 | bet   1,000원 BANKER | P:A♦ J♠ 3♥=4  B:4♠ 8♣ 2♥=4  TIE(T)  |     0원 → 100,950원
H003 | bet   1,000원 BANKER | P:5♠ K♣ 10♥=5  B:2♦ 3♣=5  TIE(T)  |     0원 → 100,950원
H004 | bet   1,000원 BANKER | P:7♥ J♠=7  B:7♥ 5♦ J♥=2  PLAYER(L)  | -1,000원 → 99,950원  [start]
H005 | bet   2,000원 PLAYER | P:Q♦ 10♦ 9♦=9  B:4♥ 7♦ A♠=2  PLAYER(W)  | +2,000원 → 101,950원  [end_win]
H006 | bet   1,000원 BANKER | P:5♥ K♣ 8♣=3  B:7♠ 4♦ 5♥=6  BANKER(W)  | +950원 → 102,900원
H007 | bet   1,000원 BANKER | P:Q♥ 7♥=7  B:Q♣ 6♥=6  PLAYER(L)  | -1,000원 → 101,900원  [start]
H008 | bet   2,000원 PLAYER | P:K♠ 7♠=7  B:5♥ 6♥ A♠=2  PLAYER(W)  | +2,000원 → 103,900원  [end_win]
H009 | bet   1,000원 BANKER | P:5♥ 4♥=9  B:3♦ 3♣=6  PLAYER(L)  | -1,000원 → 102,900원  [start]
H010 | bet   2,000원 PLAYER | P:3♠ 5♣=8  B:J♠ 8♦=8  TIE(T)  |     0원 → 102,900원
H011 | bet   2,000원 PLAYER | P:7♣ Q♦=7  B:5♠ 9♠ Q♥=4  PLAYER(W)  | +2,000원 → 104,900원  [end_win]
H012 | bet   1,000원 BANKER | P:9♦ 6♣ 8♣=3  B:K♣ 10♣ Q♦=0  PLAYER(L)  | -1,000원 → 103,900원  [start]
H013 | bet   2,000원 PLAYER | P:7♦ 9♣=6  B:10♦ 4♠ A♠=5  PLAYER(W)  | +2,000원 → 105,900원  [end_win]
H014 | bet   1,000원 BANKER | P:J♠ 2♣ A♥=3  B:10♦ 7♥=7  BANKER(W)  | +950원 → 106,850원
H015 | bet   1,000원 BANKER | P:10♣ 10♣ 4♦=4  B:A♣ 4♦ 4♣=9  BANKER(W)  | +950원 → 107,800원
H016 | bet   1,000원 BANKER | P:J♣ 3♣=3  B:6♥ 2♥=8  BANKER(W)  | +950원 → 108,750원
H017 | bet   1,000원 BANKER | P:10♥ 5♦ A♦=6  B:9♣ 8♦=7  BANKER(W)  | +950원 → 109,700원
H018 | bet   1,000원 BANKER | P:J♦ 6♥=6  B:6♣ 3♣=9  BANKER(W)  | +950원 → 110,650원
H019 | bet   1,000원 BANKER | P:3♣ K♦=3  B:2♦ 7♦=9  BANKER(W)  | +950원 → 111,600원
H020 | bet   1,000원 BANKER | P:A♠ 9♥ K♠=0  B:8♥ 6♠=4  BANKER(W)  | +950원 → 112,550원
H021 | bet   1,000원 BANKER | P:10♥ 4♦ 5♦=9  B:A♣ 6♦=7  PLAYER(L)  | -1,000원 → 111,550원  [start]
H022 | bet   2,000원 PLAYER | P:7♠ 3♠ K♥=0  B:J♣ 10♠ 6♣=6  BANKER(L)  | -2,000원 → 109,550원
H023 | bet   4,000원 PLAYER | P:4♥ 7♣ 2♣=3  B:3♠ 8♠ 10♥=1  PLAYER(W)  | +4,000원 → 113,550원  [end_win]
H024 | bet   1,000원 BANKER | P:K♣ 5♣ 2♥=7  B:4♠ K♥ 5♥=9  BANKER(W)  | +950원 → 114,500원
H025 | bet   1,000원 BANKER | P:K♦ 5♠ 2♦=7  B:3♦ J♥ 5♠=8  BANKER(W)  | +950원 → 115,450원
H026 | bet   1,000원 BANKER | P:3♠ 8♥ 4♠=5  B:8♠ 6♦ K♥=4  PLAYER(L)  | -1,000원 → 114,450원  [start]
H027 | bet   2,000원 PLAYER | P:7♣ 3♦ K♠=0  B:9♥ 7♠=6  BANKER(L)  | -2,000원 → 112,450원
H028 | bet   4,000원 PLAYER | P:3♣ 2♣ K♠=5  B:6♦ 4♠ 6♠=6  BANKER(L)  | -4,000원 → 108,450원
H029 | bet   8,000원 PLAYER | P:8♦ K♥=8  B:K♦ 7♦=7  PLAYER(W)  | +8,000원 → 116,450원  [end_win]
H030 | bet   1,000원 BANKER | P:J♦ 9♠=9  B:8♦ 4♦=2  PLAYER(L)  | -1,000원 → 115,450원  [start]
H031 | bet   2,000원 PLAYER | P:A♥ J♠ K♠=1  B:9♠ 2♠ K♦=1  TIE(T)  |     0원 → 115,450원
H032 | bet   2,000원 PLAYER | P:6♠ 9♦ 6♦=1  B:8♠ 5♣ 2♠=5  BANKER(L)  | -2,000원 → 113,450원
H033 | bet   4,000원 PLAYER | P:Q♦ Q♣ 5♣=5  B:7♦ K♦=7  BANKER(L)  | -4,000원 → 109,450원
H034 | bet   8,000원 PLAYER | P:2♦ 5♦=7  B:A♠ 3♦ 9♣=3  PLAYER(W)  | +8,000원 → 117,450원  [end_win]
H035 | bet   1,000원 BANKER | P:2♠ Q♣ 6♥=8  B:J♠ 5♥ 6♥=1  PLAYER(L)  | -1,000원 → 116,450원  [start]
H036 | bet   2,000원 PLAYER | P:2♦ J♥ 8♥=0  B:J♥ 4♣=4  BANKER(L)  | -2,000원 → 114,450원
H037 | bet   4,000원 PLAYER | P:Q♠ 10♦ 3♦=3  B:3♥ J♦ 5♠=8  BANKER(L)  | -4,000원 → 110,450원
H038 | bet   8,000원 PLAYER | P:5♠ 9♠ 7♥=1  B:9♦ 2♠ Q♥=1  TIE(T)  |     0원 → 110,450원
H039 | bet   8,000원 PLAYER | P:4♣ A♥ Q♥=5  B:J♦ 2♥ 5♠=7  BANKER(L)  | -8,000원 → 102,450원
H040 | bet  16,000원 PLAYER | P:J♣ 8♦=8  B:10♠ A♣=1  PLAYER(W)  | +16,000원 → 118,450원  [end_win]
H041 | bet   1,000원 BANKER | P:8♠ Q♠=8  B:4♣ 8♠=2  PLAYER(L)  | -1,000원 → 117,450원  [start]
H042 | bet   2,000원 PLAYER | P:7♠ A♥=8  B:9♣ A♦=0  PLAYER(W)  | +2,000원 → 119,450원  [end_win]
H043 | bet   1,000원 BANKER | P:4♠ 9♥ 2♥=5  B:K♦ 4♥ 9♣=3  PLAYER(L)  | -1,000원 → 118,450원  [start]
H044 | bet   2,000원 PLAYER | P:Q♥ 2♠ 6♣=8  B:A♦ Q♥ 6♦=7  PLAYER(W)  | +2,000원 → 120,450원  [end_win]
H045 | bet   1,000원 BANKER | P:J♦ 7♣=7  B:10♦ 2♥ 5♣=7  TIE(T)  |     0원 → 120,450원
H046 | bet   1,000원 BANKER | P:K♠ J♦ Q♦=0  B:5♥ Q♠=5  BANKER(W)  | +950원 → 121,400원
H047 | bet   1,000원 BANKER | P:J♦ 10♦ 4♣=4  B:K♥ 3♦ 9♦=2  PLAYER(L)  | -1,000원 → 120,400원  [start]
H048 | bet   2,000원 PLAYER | P:J♥ 6♠=6  B:7♥ Q♠=7  BANKER(L)  | -2,000원 → 118,400원
H049 | bet   4,000원 PLAYER | P:8♠ J♥=8  B:Q♠ Q♦=0  PLAYER(W)  | +4,000원 → 122,400원  [end_win]
H050 | bet   1,000원 BANKER | P:2♠ 8♥ 10♠=0  B:4♥ K♣=4  BANKER(W)  | +950원 → 123,350원
H051 | bet   1,000원 BANKER | P:8♣ K♣=8  B:6♣ 7♠=3  PLAYER(L)  | -1,000원 → 122,350원  [start]
H052 | bet   2,000원 PLAYER | P:Q♣ 7♣=7  B:A♠ 5♦=6  PLAYER(W)  | +2,000원 → 124,350원  [end_win]
H053 | bet   1,000원 BANKER | P:7♣ 3♥ K♥=0  B:10♣ A♣ 2♠=3  BANKER(W)  | +950원 → 125,300원
H054 | bet   1,000원 BANKER | P:3♦ 9♣ Q♣=2  B:10♣ 2♣ 2♦=4  BANKER(W)  | +950원 → 126,250원
H055 | bet   1,000원 BANKER | P:3♦ 4♦=7  B:Q♥ 9♦=9  BANKER(W)  | +950원 → 127,200원
H056 | bet   1,000원 BANKER | P:6♣ J♥=6  B:4♠ 10♣ 10♥=4  PLAYER(L)  | -1,000원 → 126,200원  [start]
H057 | bet   2,000원 PLAYER | P:A♦ 5♦=6  B:8♦ 2♦ 2♥=2  PLAYER(W)  | +2,000원 → 128,200원  [end_win]
H058 | bet   1,000원 BANKER | P:10♦ 6♣=6  B:6♠ 2♣=8  BANKER(W)  | +950원 → 129,150원
H059 | bet   1,000원 BANKER | P:6♠ 7♦ 6♦=9  B:4♥ 3♥=7  PLAYER(L)  | -1,000원 → 128,150원  [start]
H060 | bet   2,000원 PLAYER | P:9♠ 10♠=9  B:7♥ A♥=8  PLAYER(W)  | +2,000원 → 130,150원  [end_win]
H061 | bet   1,000원 BANKER | P:8♠ 10♣=8  B:8♥ A♥=9  BANKER(W)  | +950원 → 131,100원
H062 | bet   1,000원 BANKER | P:Q♠ Q♣=0  B:Q♣ 8♦=8  BANKER(W)  | +950원 → 132,050원
H063 | bet   1,000원 BANKER | P:4♣ 5♥=9  B:10♦ 3♠=3  PLAYER(L)  | -1,000원 → 131,050원  [start]
H064 | bet   2,000원 PLAYER | P:A♥ 5♠=6  B:4♦ 5♣=9  BANKER(L)  | -2,000원 → 129,050원
H065 | bet   4,000원 PLAYER | P:K♥ A♦ K♠=1  B:7♣ K♦=7  BANKER(L)  | -4,000원 → 125,050원
H066 | bet   8,000원 PLAYER | P:J♦ K♦ 9♥=9  B:6♠ 9♠=5  PLAYER(W)  | +8,000원 → 133,050원  [end_win]
H067 | bet   1,000원 BANKER | P:3♥ A♦ Q♥=4  B:Q♠ 6♣=6  BANKER(W)  | +950원 → 134,000원
H068 | bet   1,000원 BANKER | P:7♠ J♣=7  B:A♣ A♣ 8♥=0  PLAYER(L)  | -1,000원 → 133,000원  [start]
H069 | bet   2,000원 PLAYER | P:9♥ 10♠=9  B:9♠ 9♥=8  PLAYER(W)  | +2,000원 → 135,000원  [end_win]
H070 | bet   1,000원 BANKER | P:6♦ A♦=7  B:4♦ 5♣=9  BANKER(W)  | +950원 → 135,950원
H071 | bet   1,000원 BANKER | P:10♠ J♠ 8♣=8  B:A♠ 3♥=4  PLAYER(L)  | -1,000원 → 134,950원  [start]
H072 | bet   2,000원 PLAYER | P:10♣ Q♣=0  B:7♦ A♣=8  BANKER(L)  | -2,000원 → 132,950원
H073 | bet   4,000원 PLAYER | P:10♥ 2♦=2  B:8♦ K♣=8  BANKER(L)  | -4,000원 → 128,950원
H074 | bet   8,000원 PLAYER | P:J♣ 2♠ 4♥=6  B:2♥ 9♥ J♠=1  PLAYER(W)  | +8,000원 → 136,950원  [end_win]
H075 | bet   1,000원 BANKER | P:8♣ K♥=8  B:Q♠ 7♠=7  PLAYER(L)  | -1,000원 → 135,950원  [start]
H076 | bet   2,000원 PLAYER | P:3♣ 2♣ 3♠=8  B:6♥ 4♣ 9♦=9  BANKER(L)  | -2,000원 → 133,950원
H077 | bet   4,000원 PLAYER | P:3♥ 2♣=5  B:4♠ 4♥=8  BANKER(L)  | -4,000원 → 129,950원
H078 | bet   8,000원 PLAYER | P:3♥ 5♦=8  B:8♣ 2♣=0  PLAYER(W)  | +8,000원 → 137,950원  [end_win]
H079 | bet   1,000원 BANKER | P:3♠ 9♣ 7♦=9  B:J♣ 7♣=7  PLAYER(L)  | -1,000원 → 136,950원  [start]
H080 | bet   2,000원 PLAYER | P:Q♦ 6♠=6  B:8♥ 8♣=6  TIE(T)  |     0원 → 136,950원
H081 | bet   2,000원 PLAYER | P:8♥ 10♥=8  B:9♠ 9♣=8  TIE(T)  |     0원 → 136,950원
H082 | bet   2,000원 PLAYER | P:Q♦ 6♥=6  B:3♠ 5♦=8  BANKER(L)  | -2,000원 → 134,950원
H083 | bet   4,000원 PLAYER | P:3♣ A♣ 7♥=1  B:K♠ J♣ 10♥=0  PLAYER(W)  | +4,000원 → 138,950원  [end_win]
H084 | bet   1,000원 BANKER | P:2♠ 3♦ J♦=5  B:6♣ J♣=6  BANKER(W)  | +950원 → 139,900원
H085 | bet   1,000원 BANKER | P:2♦ 6♠=8  B:4♥ 10♣=4  PLAYER(L)  | -1,000원 → 138,900원  [start]
H086 | bet   2,000원 PLAYER | P:7♠ 8♦ 3♣=8  B:3♠ J♦ 8♣=1  PLAYER(W)  | +2,000원 → 140,900원  [end_win]
H087 | bet   1,000원 BANKER | P:2♥ 7♥=9  B:8♥ 6♥=4  PLAYER(L)  | -1,000원 → 139,900원  [start]
H088 | bet   2,000원 PLAYER | P:8♥ 8♥=6  B:3♥ 5♠=8  BANKER(L)  | -2,000원 → 137,900원
H089 | bet   4,000원 PLAYER | P:K♣ 9♦=9  B:6♠ 10♣=6  PLAYER(W)  | +4,000원 → 141,900원  [end_win]
H090 | bet   1,000원 BANKER | P:8♣ 4♣ 3♣=5  B:Q♠ 5♣=5  TIE(T)  |     0원 → 141,900원
H091 | bet   1,000원 BANKER | P:10♦ 4♣=4  B:9♦ J♠=9  BANKER(W)  | +950원 → 142,850원
H092 | bet   1,000원 BANKER | P:7♣ Q♣=7  B:3♣ 4♠=7  TIE(T)  |     0원 → 142,850원
H093 | bet   1,000원 BANKER | P:3♠ 6♦=9  B:K♦ 6♥=6  PLAYER(L)  | -1,000원 → 141,850원  [start]
H094 | bet   2,000원 PLAYER | P:J♠ Q♥=0  B:A♣ 7♣=8  BANKER(L)  | -2,000원 → 139,850원
H095 | bet   4,000원 PLAYER | P:8♦ 2♥ 9♦=9  B:K♥ 6♠=6  PLAYER(W)  | +4,000원 → 143,850원  [end_win]
H096 | bet   1,000원 BANKER | P:K♠ 9♥=9  B:5♦ 4♣=9  TIE(T)  |     0원 → 143,850원
H097 | bet   1,000원 BANKER | P:4♠ 5♦=9  B:A♥ J♠=1  PLAYER(L)  | -1,000원 → 142,850원  [start]
H098 | bet   2,000원 PLAYER | P:2♦ Q♥=2  B:8♠ Q♦=8  BANKER(L)  | -2,000원 → 140,850원
H099 | bet   4,000원 PLAYER | P:J♠ 3♥ 4♥=7  B:2♣ 4♦=6  PLAYER(W)  | +4,000원 → 144,850원  [end_win]
H100 | bet   1,000원 BANKER | P:3♥ 6♣=9  B:6♣ 9♦=5  PLAYER(L)  | -1,000원 → 143,850원  [start]
H101 | bet   2,000원 PLAYER | P:6♠ 3♦=9  B:2♥ 2♥=4  PLAYER(W)  | +2,000원 → 145,850원  [end_win]
H102 | bet   1,000원 BANKER | P:3♠ 6♦=9  B:A♣ K♥=1  PLAYER(L)  | -1,000원 → 144,850원  [start]
H103 | bet   2,000원 PLAYER | P:4♥ J♥ A♣=5  B:5♣ 9♣=4  PLAYER(W)  | +2,000원 → 146,850원  [end_win]
H104 | bet   1,000원 BANKER | P:Q♥ A♦=1  B:6♠ 2♣=8  BANKER(W)  | +950원 → 147,800원
H105 | bet   1,000원 BANKER | P:4♠ 5♣=9  B:10♥ A♥=1  PLAYER(L)  | -1,000원 → 146,800원  [start]
H106 | bet   2,000원 PLAYER | P:6♥ 7♦ J♦=3  B:10♠ 2♠ 6♦=8  BANKER(L)  | -2,000원 → 144,800원
H107 | bet   4,000원 PLAYER | P:8♣ J♣=8  B:A♠ K♦=1  PLAYER(W)  | +4,000원 → 148,800원  [end_win]
H108 | bet   1,000원 BANKER | P:2♣ 3♣ 4♥=9  B:2♣ K♠ A♦=3  PLAYER(L)  | -1,000원 → 147,800원  [start]
H109 | bet   2,000원 PLAYER | P:9♠ A♠ 6♣=6  B:A♣ A♥ 4♣=6  TIE(T)  |     0원 → 147,800원
H110 | bet   2,000원 PLAYER | P:K♥ 2♠ 9♠=1  B:10♠ 5♠=5  BANKER(L)  | -2,000원 → 145,800원
H111 | bet   4,000원 PLAYER | P:7♦ 3♣ Q♦=0  B:6♥ Q♥=6  BANKER(L)  | -4,000원 → 141,800원
H112 | bet   8,000원 PLAYER | P:8♠ 5♣ K♥=3  B:2♠ J♠ 8♠=0  PLAYER(W)  | +8,000원 → 149,800원  [end_win]
H113 | bet   1,000원 BANKER | P:9♦ 10♣=9  B:J♠ 4♥=4  PLAYER(L)  | -1,000원 → 148,800원  [start]
H114 | bet   2,000원 PLAYER | P:3♥ J♣ A♣=4  B:K♠ K♦ K♣=0  PLAYER(W)  | +2,000원 → 150,800원  [end_win]
H115 | bet   1,000원 BANKER | P:4♦ A♦=5  B:J♣ 9♥=9  BANKER(W)  | +950원 → 151,750원
H116 | bet   1,000원 BANKER | P:7♦ J♣=7  B:7♦ 2♦=9  BANKER(W)  | +950원 → 152,700원
H117 | bet   1,000원 BANKER | P:10♠ 3♦ 2♦=5  B:8♦ 8♠=6  BANKER(W)  | +950원 → 153,650원
H118 | bet   1,000원 BANKER | P:A♦ 7♥=8  B:K♥ A♥=1  PLAYER(L)  | -1,000원 → 152,650원  [start]
H119 | bet   2,000원 PLAYER | P:A♥ 7♥=8  B:10♣ 6♦=6  PLAYER(W)  | +2,000원 → 154,650원  [end_win]
H120 | bet   1,000원 BANKER | P:9♠ J♦=9  B:Q♣ J♣=0  PLAYER(L)  | -1,000원 → 153,650원  [start]
H121 | bet   2,000원 PLAYER | P:5♥ 10♠ 3♣=8  B:K♣ J♣ 10♥=0  PLAYER(W)  | +2,000원 → 155,650원  [end_win]
H122 | bet   1,000원 BANKER | P:Q♠ Q♦ Q♠=0  B:8♣ 6♥=4  BANKER(W)  | +950원 → 156,600원
H123 | bet   1,000원 BANKER | P:J♥ 7♠=7  B:3♣ J♥ 2♥=5  PLAYER(L)  | -1,000원 → 155,600원  [start]
H124 | bet   2,000원 PLAYER | P:Q♠ 10♦ J♠=0  B:10♥ 10♠ A♥=1  BANKER(L)  | -2,000원 → 153,600원
H125 | bet   4,000원 PLAYER | P:6♣ Q♠=6  B:6♠ Q♦=6  TIE(T)  |     0원 → 153,600원
H126 | bet   4,000원 PLAYER | P:9♣ K♣=9  B:K♠ 3♠=3  PLAYER(W)  | +4,000원 → 157,600원  [end_win]
H127 | bet   1,000원 BANKER | P:4♠ 10♦ J♠=4  B:8♠ 7♦=5  BANKER(W)  | +950원 → 158,550원
H128 | bet   1,000원 BANKER | P:2♥ 3♦ K♦=5  B:9♦ 4♣ A♠=4  PLAYER(L)  | -1,000원 → 157,550원  [start]
H129 | bet   2,000원 PLAYER | P:6♠ 5♣=1  B:J♦ 9♥=9  BANKER(L)  | -2,000원 → 155,550원
H130 | bet   4,000원 PLAYER | P:2♠ 10♠ 5♦=7  B:7♠ K♣=7  TIE(T)  |     0원 → 155,550원
H131 | bet   4,000원 PLAYER | P:5♣ 10♦ 5♥=0  B:10♦ 4♥ 4♠=8  BANKER(L)  | -4,000원 → 151,550원
H132 | bet   8,000원 PLAYER | P:Q♠ J♦ K♣=0  B:5♥ 8♥ 9♣=2  BANKER(L)  | -8,000원 → 143,550원
H133 | bet  16,000원 PLAYER | P:8♣ K♠=8  B:7♣ K♦=7  PLAYER(W)  | +16,000원 → 159,550원  [end_win]
H134 | bet   1,000원 BANKER | P:Q♥ 3♣ 5♠=8  B:9♣ 8♦=7  PLAYER(L)  | -1,000원 → 158,550원  [start]
H135 | bet   2,000원 PLAYER | P:4♦ 4♠=8  B:6♦ K♣=6  PLAYER(W)  | +2,000원 → 160,550원  [end_win]
H136 | bet   1,000원 BANKER | P:Q♦ 3♦ 7♠=0  B:2♠ J♥ K♥=2  BANKER(W)  | +950원 → 161,500원
H137 | bet   1,000원 BANKER | P:2♣ 2♦ 7♥=1  B:2♠ Q♣ 10♣=2  BANKER(W)  | +950원 → 162,450원
H138 | bet   1,000원 BANKER | P:10♥ 3♦ K♠=3  B:A♠ 2♦ K♥=3  TIE(T)  |     0원 → 162,450원
H139 | bet   1,000원 BANKER | P:4♦ 9♣ 8♥=1  B:Q♣ 6♣=6  BANKER(W)  | +950원 → 163,400원
H140 | bet   1,000원 BANKER | P:9♥ 5♥ 10♠=4  B:4♦ 7♦ K♠=1  PLAYER(L)  | -1,000원 → 162,400원  [start]
H141 | bet   2,000원 PLAYER | P:2♥ 8♦ A♥=1  B:A♣ 10♦ Q♦=1  TIE(T)  |     0원 → 162,400원
H142 | bet   2,000원 PLAYER | P:K♦ 7♠=7  B:9♥ 9♠=8  BANKER(L)  | -2,000원 → 160,400원
H143 | bet   4,000원 PLAYER | P:7♥ 8♦ A♣=6  B:6♦ K♦=6  TIE(T)  |     0원 → 160,400원
H144 | bet   4,000원 PLAYER | P:Q♥ 5♣=5  B:6♦ 3♠=9  BANKER(L)  | -4,000원 → 156,400원
H145 | bet   8,000원 PLAYER | P:9♠ Q♥=9  B:2♦ 5♦=7  PLAYER(W)  | +8,000원 → 164,400원  [end_win]
H146 | bet   1,000원 BANKER | P:4♥ 7♣ 5♦=6  B:9♥ 5♥ 5♠=9  BANKER(W)  | +950원 → 165,350원
H147 | bet   1,000원 BANKER | P:3♠ 10♦ 9♥=2  B:4♣ K♣=4  BANKER(W)  | +950원 → 166,300원
H148 | bet   1,000원 BANKER | P:5♠ 10♥ 2♣=7  B:Q♥ 2♣ 4♠=6  PLAYER(L)  | -1,000원 → 165,300원  [start]
H149 | bet   2,000원 PLAYER | P:7♠ 10♠=7  B:8♥ Q♣=8  BANKER(L)  | -2,000원 → 163,300원
H150 | bet   4,000원 PLAYER | P:6♠ 8♥ 5♥=9  B:J♥ J♦ A♥=1  PLAYER(W)  | +4,000원 → 167,300원  [end_win]
H151 | bet   1,000원 BANKER | P:9♣ 5♦ 7♣=1  B:A♠ 6♣=7  BANKER(W)  | +950원 → 168,250원
H152 | bet   1,000원 BANKER | P:K♦ A♣ 9♠=0  B:7♦ 8♦=5  BANKER(W)  | +950원 → 169,200원
H153 | bet   1,000원 BANKER | P:9♣ 5♠ 7♥=1  B:5♦ 5♥ 4♥=4  BANKER(W)  | +950원 → 170,150원
H154 | bet   1,000원 BANKER | P:4♦ 10♥=4  B:Q♠ 8♠=8  BANKER(W)  | +950원 → 171,100원
H155 | bet   1,000원 BANKER | P:8♣ 7♣ 6♥=1  B:J♥ 4♣ 6♥=0  PLAYER(L)  | -1,000원 → 170,100원  [start]
H156 | bet   2,000원 PLAYER | P:J♥ 5♠ 10♣=5  B:10♦ Q♣ 8♥=8  BANKER(L)  | -2,000원 → 168,100원
H157 | bet   4,000원 PLAYER | P:9♥ 3♥=2  B:6♦ 2♠=8  BANKER(L)  | -4,000원 → 164,100원
H158 | bet   8,000원 PLAYER | P:Q♦ 7♦=7  B:3♠ 7♥ 4♠=4  PLAYER(W)  | +8,000원 → 172,100원  [end_win]
H159 | bet   1,000원 BANKER | P:7♣ 2♣=9  B:A♠ 2♦=3  PLAYER(L)  | -1,000원 → 171,100원  [start]
H160 | bet   2,000원 PLAYER | P:3♥ 4♣=7  B:9♣ 7♣=6  PLAYER(W)  | +2,000원 → 173,100원  [end_win]
H161 | bet   1,000원 BANKER | P:8♦ 10♣=8  B:10♣ J♥=0  PLAYER(L)  | -1,000원 → 172,100원  [start]
H162 | bet   2,000원 PLAYER | P:3♥ 10♥ 3♦=6  B:A♦ A♠ 5♥=7  BANKER(L)  | -2,000원 → 170,100원
H163 | bet   4,000원 PLAYER | P:5♦ 7♥=2  B:9♠ J♣=9  BANKER(L)  | -4,000원 → 166,100원
H164 | bet   8,000원 PLAYER | P:5♠ 3♠=8  B:7♠ A♦=8  TIE(T)  |     0원 → 166,100원
H165 | bet   8,000원 PLAYER | P:6♥ A♦=7  B:5♣ 4♦=9  BANKER(L)  | -8,000원 → 158,100원
H166 | bet  16,000원 PLAYER | P:8♠ K♠=8  B:K♥ A♦=1  PLAYER(W)  | +16,000원 → 174,100원  [end_win]
H167 | bet   1,000원 BANKER | P:8♠ 6♣=4  B:9♠ Q♦=9  BANKER(W)  | +950원 → 175,050원
H168 | bet   1,000원 BANKER | P:Q♣ 9♦=9  B:7♠ 8♣=5  PLAYER(L)  | -1,000원 → 174,050원  [start]
H169 | bet   2,000원 PLAYER | P:9♥ 10♣=9  B:A♥ A♣=2  PLAYER(W)  | +2,000원 → 176,050원  [end_win]
H170 | bet   1,000원 BANKER | P:8♦ 2♥ 6♠=6  B:Q♦ 2♥ 7♥=9  BANKER(W)  | +950원 → 177,000원
H171 | bet   1,000원 BANKER | P:3♦ 7♣ 10♥=0  B:10♥ 10♠ 7♠=7  BANKER(W)  | +950원 → 177,950원
H172 | bet   1,000원 BANKER | P:J♦ Q♠ 9♣=9  B:6♦ 6♣ 6♦=8  PLAYER(L)  | -1,000원 → 176,950원  [start]
H173 | bet   2,000원 PLAYER | P:10♣ 4♥ 2♠=6  B:K♠ 10♥ 9♦=9  BANKER(L)  | -2,000원 → 174,950원
H174 | bet   4,000원 PLAYER | P:A♠ 7♥=8  B:9♥ 3♦=2  PLAYER(W)  | +4,000원 → 178,950원  [end_win]
H175 | bet   1,000원 BANKER | P:2♠ 7♥=9  B:9♠ Q♣=9  TIE(T)  |     0원 → 178,950원
H176 | bet   1,000원 BANKER | P:A♣ 6♦=7  B:6♣ 10♠=6  PLAYER(L)  | -1,000원 → 177,950원  [start]
H177 | bet   2,000원 PLAYER | P:A♠ 10♦ 3♦=4  B:2♠ 5♠=7  BANKER(L)  | -2,000원 → 175,950원
H178 | bet   4,000원 PLAYER | P:8♣ J♣=8  B:A♣ J♦=1  PLAYER(W)  | +4,000원 → 179,950원  [end_win]
H179 | bet   1,000원 BANKER | P:6♥ 2♦=8  B:5♦ K♦=5  PLAYER(L)  | -1,000원 → 178,950원  [start]
H180 | bet   2,000원 PLAYER | P:10♦ 4♠ 10♣=4  B:6♦ 9♣=5  BANKER(L)  | -2,000원 → 176,950원
H181 | bet   4,000원 PLAYER | P:10♠ Q♣ 5♥=5  B:A♦ 2♦ Q♥=3  PLAYER(W)  | +4,000원 → 180,950원  [end_win]
H182 | bet   1,000원 BANKER | P:Q♦ A♣ 5♥=6  B:9♠ A♠ A♠=1  PLAYER(L)  | -1,000원 → 179,950원  [start]
H183 | bet   2,000원 PLAYER | P:4♣ 6♥ 3♠=3  B:A♠ 4♣=5  BANKER(L)  | -2,000원 → 177,950원
H184 | bet   4,000원 PLAYER | P:7♦ 9♣=6  B:5♣ 5♣ 5♥=5  PLAYER(W)  | +4,000원 → 181,950원  [end_win]
H185 | bet   1,000원 BANKER | P:6♥ 4♣ J♠=0  B:6♦ 9♦=5  BANKER(W)  | +950원 → 182,900원
H186 | bet   1,000원 BANKER | P:J♠ 8♣=8  B:K♦ 6♦=6  PLAYER(L)  | -1,000원 → 181,900원  [start]
H187 | bet   2,000원 PLAYER | P:J♥ Q♠=0  B:4♥ 4♣=8  BANKER(L)  | -2,000원 → 179,900원
H188 | bet   4,000원 PLAYER | P:5♦ Q♠ Q♠=5  B:9♠ 4♣ 8♣=1  PLAYER(W)  | +4,000원 → 183,900원  [end_win]
H189 | bet   1,000원 BANKER | P:7♦ 8♦ 4♦=9  B:Q♠ 10♠ 10♥=0  PLAYER(L)  | -1,000원 → 182,900원  [start]
H190 | bet   2,000원 PLAYER | P:5♠ 2♦=7  B:3♣ 4♥=7  TIE(T)  |     0원 → 182,900원
H191 | bet   2,000원 PLAYER | P:10♦ 8♣=8  B:9♦ 3♣=2  PLAYER(W)  | +2,000원 → 184,900원  [end_win]
H192 | bet   1,000원 BANKER | P:10♠ 9♥=9  B:6♦ 4♠=0  PLAYER(L)  | -1,000원 → 183,900원  [start]
H193 | bet   2,000원 PLAYER | P:9♦ 9♣=8  B:6♠ A♠=7  PLAYER(W)  | +2,000원 → 185,900원  [end_win]
H194 | bet   1,000원 BANKER | P:5♠ 9♣ 8♠=2  B:4♣ Q♥=4  BANKER(W)  | +950원 → 186,850원
H195 | bet   1,000원 BANKER | P:8♥ 4♠ 3♦=5  B:4♥ 3♥=7  BANKER(W)  | +950원 → 187,800원
H196 | bet   1,000원 BANKER | P:5♦ A♦=6  B:8♦ K♦=8  BANKER(W)  | +950원 → 188,750원
H197 | bet   1,000원 BANKER | P:J♠ 10♣ A♦=1  B:8♥ 2♥ A♥=1  TIE(T)  |     0원 → 188,750원
H198 | bet   1,000원 BANKER | P:A♦ 7♣=8  B:K♦ 8♠=8  TIE(T)  |     0원 → 188,750원
H199 | bet   1,000원 BANKER | P:A♣ A♣ Q♥=2  B:J♦ 5♦=5  BANKER(W)  | +950원 → 189,700원
H200 | bet   1,000원 BANKER | P:3♥ A♥ 4♦=8  B:6♥ 7♠ A♥=4  PLAYER(L)  | -1,000원 → 188,700원  [start]
H201 | bet   2,000원 PLAYER | P:8♥ 8♥=6  B:2♦ 4♦=6  TIE(T)  |     0원 → 188,700원
H202 | bet   2,000원 PLAYER | P:3♣ J♦ Q♣=3  B:10♠ 2♠ 7♦=9  BANKER(L)  | -2,000원 → 186,700원
H203 | bet   4,000원 PLAYER | P:8♣ J♥=8  B:5♣ 3♥=8  TIE(T)  |     0원 → 186,700원
H204 | bet   4,000원 PLAYER | P:10♦ 7♦=7  B:8♣ 5♦ J♠=3  PLAYER(W)  | +4,000원 → 190,700원  [end_win]
H205 | bet   1,000원 BANKER | P:6♥ 4♦ 10♠=0  B:J♥ K♣ J♣=0  TIE(T)  |     0원 → 190,700원
H206 | bet   1,000원 BANKER | P:Q♥ Q♥=0  B:2♦ 6♣=8  BANKER(W)  | +950원 → 191,650원
H207 | bet   1,000원 BANKER | P:J♦ K♠ A♣=1  B:J♠ J♥ 8♠=8  BANKER(W)  | +950원 → 192,600원
H208 | bet   1,000원 BANKER | P:7♠ K♣=7  B:K♣ J♣ 3♣=3  PLAYER(L)  | -1,000원 → 191,600원  [start]
H209 | bet   2,000원 PLAYER | P:8♦ K♣=8  B:6♠ 7♠=3  PLAYER(W)  | +2,000원 → 193,600원  [end_win]
H210 | bet   1,000원 BANKER | P:Q♦ Q♠ 6♠=6  B:5♥ 5♦ Q♣=0  PLAYER(L)  | -1,000원 → 192,600원  [start]
H211 | bet   2,000원 PLAYER | P:2♥ 2♦=4  B:J♦ 9♦=9  BANKER(L)  | -2,000원 → 190,600원
H212 | bet   4,000원 PLAYER | P:7♥ J♣=7  B:2♠ 2♥ 4♥=8  BANKER(L)  | -4,000원 → 186,600원
H213 | bet   8,000원 PLAYER | P:7♣ K♠=7  B:3♠ Q♥ 5♣=8  BANKER(L)  | -8,000원 → 178,600원
H214 | bet  16,000원 PLAYER | P:5♣ Q♣=5  B:2♥ 6♠=8  BANKER(L)  | -16,000원 → 162,600원  [end_giveup]
H215 | bet   1,000원 BANKER | P:Q♣ 5♥ 5♠=0  B:K♦ 3♦ A♦=4  BANKER(W)  | +950원 → 163,550원
H216 | bet   1,000원 BANKER | P:J♣ 3♠=3  B:8♠ 10♠=8  BANKER(W)  | +950원 → 164,500원
H217 | bet   1,000원 BANKER | P:2♠ 3♥ 5♠=0  B:7♣ K♣=7  BANKER(W)  | +950원 → 165,450원
H218 | bet   1,000원 BANKER | P:9♣ 4♦ 5♠=8  B:9♥ 8♥=7  PLAYER(L)  | -1,000원 → 164,450원  [start]
H219 | bet   2,000원 PLAYER | P:8♠ 6♣ J♦=4  B:3♠ Q♥ Q♦=3  PLAYER(W)  | +2,000원 → 166,450원  [end_win]
H220 | bet   1,000원 BANKER | P:4♥ J♣ 8♣=2  B:Q♣ 4♥=4  BANKER(W)  | +950원 → 167,400원
H221 | bet   1,000원 BANKER | P:2♥ K♥ A♥=3  B:2♦ 4♠=6  BANKER(W)  | +950원 → 168,350원
H222 | bet   1,000원 BANKER | P:K♠ 7♠=7  B:3♥ 5♠=8  BANKER(W)  | +950원 → 169,300원
H223 | bet   1,000원 BANKER | P:J♠ A♠ 4♠=5  B:7♣ 5♣ 2♦=4  PLAYER(L)  | -1,000원 → 168,300원  [start]
H224 | bet   2,000원 PLAYER | P:2♣ J♥ 9♣=1  B:2♣ 8♥ 8♥=8  BANKER(L)  | -2,000원 → 166,300원
H225 | bet   4,000원 PLAYER | P:4♥ K♣ A♣=5  B:3♣ 3♠=6  BANKER(L)  | -4,000원 → 162,300원
H226 | bet   8,000원 PLAYER | P:7♦ 9♦=6  B:A♦ 7♠=8  BANKER(L)  | -8,000원 → 154,300원
H227 | bet  16,000원 PLAYER | P:2♣ 9♥ K♠=1  B:6♥ K♦=6  BANKER(L)  | -16,000원 → 138,300원  [end_giveup]
H228 | bet   1,000원 BANKER | P:5♥ 9♠ 2♣=6  B:K♠ J♣ 3♣=3  PLAYER(L)  | -1,000원 → 137,300원  [start]
H229 | bet   2,000원 PLAYER | P:4♦ 3♥=7  B:8♦ 8♠=6  PLAYER(W)  | +2,000원 → 139,300원  [end_win]
H230 | bet   1,000원 BANKER | P:10♥ 7♠=7  B:3♣ 7♣ J♦=0  PLAYER(L)  | -1,000원 → 138,300원  [start]
H231 | bet   2,000원 PLAYER | P:7♥ 7♦ 10♣=4  B:2♣ 5♠=7  BANKER(L)  | -2,000원 → 136,300원
H232 | bet   4,000원 PLAYER | P:10♦ 5♣ 10♣=5  B:J♠ A♠ 2♣=3  PLAYER(W)  | +4,000원 → 140,300원  [end_win]
H233 | bet   1,000원 BANKER | P:9♦ 7♦=6  B:6♥ 2♣=8  BANKER(W)  | +950원 → 141,250원
H234 | bet   1,000원 BANKER | P:3♠ 6♦=9  B:5♦ 7♦=2  PLAYER(L)  | -1,000원 → 140,250원  [start]
H235 | bet   2,000원 PLAYER | P:7♠ J♥=7  B:Q♦ 3♦ K♣=3  PLAYER(W)  | +2,000원 → 142,250원  [end_win]
H236 | bet   1,000원 BANKER | P:7♣ A♥=8  B:J♠ 7♥=7  PLAYER(L)  | -1,000원 → 141,250원  [start]
H237 | bet   2,000원 PLAYER | P:Q♦ 9♥=9  B:10♣ K♥=0  PLAYER(W)  | +2,000원 → 143,250원  [end_win]
H238 | bet   1,000원 BANKER | P:3♣ K♥ A♥=4  B:6♥ K♥=6  BANKER(W)  | +950원 → 144,200원
H239 | bet   1,000원 BANKER | P:10♣ 6♣=6  B:9♥ K♥=9  BANKER(W)  | +950원 → 145,150원
H240 | bet   1,000원 BANKER | P:9♠ 6♠ Q♣=5  B:8♦ 8♦=6  BANKER(W)  | +950원 → 146,100원
H241 | bet   1,000원 BANKER | P:5♦ K♦ 6♣=1  B:10♦ A♦ 9♥=0  PLAYER(L)  | -1,000원 → 145,100원  [start]
H242 | bet   2,000원 PLAYER | P:5♣ 4♣=9  B:8♠ 5♥=3  PLAYER(W)  | +2,000원 → 147,100원  [end_win]
H243 | bet   1,000원 BANKER | P:A♦ 10♥ 10♥=1  B:A♥ 3♦=4  BANKER(W)  | +950원 → 148,050원
H244 | bet   1,000원 BANKER | P:5♥ 9♣ 8♠=2  B:6♠ 10♦=6  BANKER(W)  | +950원 → 149,000원
H245 | bet   1,000원 BANKER | P:J♥ 6♠=6  B:3♥ 3♠=6  TIE(T)  |     0원 → 149,000원
H246 | bet   1,000원 BANKER | P:K♦ Q♦ 7♥=7  B:6♣ J♥ K♠=6  PLAYER(L)  | -1,000원 → 148,000원  [start]
H247 | bet   2,000원 PLAYER | P:9♠ Q♥=9  B:7♥ Q♠=7  PLAYER(W)  | +2,000원 → 150,000원  [end_win]
H248 | bet   1,000원 BANKER | P:2♠ K♣ 4♠=6  B:3♥ 9♠ 2♠=4  PLAYER(L)  | -1,000원 → 149,000원  [start]
H249 | bet   2,000원 PLAYER | P:K♥ 4♣ 7♣=1  B:3♠ 3♦ 2♥=8  BANKER(L)  | -2,000원 → 147,000원
H250 | bet   4,000원 PLAYER | P:9♠ 4♦ 8♣=1  B:2♣ 8♦ J♣=0  PLAYER(W)  | +4,000원 → 151,000원  [end_win]
H251 | bet   1,000원 BANKER | P:J♣ J♥=0  B:4♠ 5♥=9  BANKER(W)  | +950원 → 151,950원
H252 | bet   1,000원 BANKER | P:3♠ 2♠ 10♣=5  B:6♣ A♣=7  BANKER(W)  | +950원 → 152,900원
H253 | bet   1,000원 BANKER | P:4♥ 10♦ 5♦=9  B:10♠ 6♠=6  PLAYER(L)  | -1,000원 → 151,900원  [start]
H254 | bet   2,000원 PLAYER | P:5♠ 6♠=1  B:8♠ K♣=8  BANKER(L)  | -2,000원 → 149,900원
H255 | bet   4,000원 PLAYER | P:7♦ Q♦=7  B:10♠ K♣ 6♣=6  PLAYER(W)  | +4,000원 → 153,900원  [end_win]
H256 | bet   1,000원 BANKER | P:K♥ 6♣=6  B:6♠ 6♦ 5♦=7  BANKER(W)  | +950원 → 154,850원
H257 | bet   1,000원 BANKER | P:4♥ 3♣=7  B:K♠ 10♠ 9♥=9  BANKER(W)  | +950원 → 155,800원
H258 | bet   1,000원 BANKER | P:Q♣ 8♠=8  B:9♠ 7♠=6  PLAYER(L)  | -1,000원 → 154,800원  [start]
H259 | bet   2,000원 PLAYER | P:4♥ 6♥ 6♦=6  B:6♦ Q♦ 3♦=9  BANKER(L)  | -2,000원 → 152,800원
H260 | bet   4,000원 PLAYER | P:3♥ J♥ 7♥=0  B:2♦ J♦ 7♠=9  BANKER(L)  | -4,000원 → 148,800원
H261 | bet   8,000원 PLAYER | P:5♥ 9♦ Q♣=4  B:4♦ J♣=4  TIE(T)  |     0원 → 148,800원
H262 | bet   8,000원 PLAYER | P:2♥ 9♥ J♣=1  B:5♣ 7♥ 5♥=7  BANKER(L)  | -8,000원 → 140,800원
H263 | bet  16,000원 PLAYER | P:K♣ 3♣=3  B:9♣ 10♦=9  BANKER(L)  | -16,000원 → 124,800원  [end_giveup]
H264 | bet   1,000원 BANKER | P:4♥ 2♦=6  B:A♦ J♦ 7♦=8  BANKER(W)  | +950원 → 125,750원
H265 | bet   1,000원 BANKER | P:10♥ 7♠=7  B:J♥ 9♠=9  BANKER(W)  | +950원 → 126,700원
H266 | bet   1,000원 BANKER | P:5♠ K♦=5  B:J♦ 8♦=8  BANKER(W)  | +950원 → 127,650원
H267 | bet   1,000원 BANKER | P:3♦ 7♥ 4♦=4  B:2♣ K♥ 8♥=0  PLAYER(L)  | -1,000원 → 126,650원  [start]
H268 | bet   2,000원 PLAYER | P:K♥ A♥ 10♠=1  B:7♣ Q♠=7  BANKER(L)  | -2,000원 → 124,650원
H269 | bet   4,000원 PLAYER | P:5♠ 4♣=9  B:6♦ 7♥=3  PLAYER(W)  | +4,000원 → 128,650원  [end_win]
H270 | bet   1,000원 BANKER | P:K♣ A♦=1  B:2♣ 6♦=8  BANKER(W)  | +950원 → 129,600원
H271 | bet   1,000원 BANKER | P:Q♠ J♠ 7♣=7  B:Q♣ Q♦ 3♥=3  PLAYER(L)  | -1,000원 → 128,600원  [start]
H272 | bet   2,000원 PLAYER | P:K♦ 9♣=9  B:6♥ K♦=6  PLAYER(W)  | +2,000원 → 130,600원  [end_win]
H273 | bet   1,000원 BANKER | P:Q♠ 4♠ K♥=4  B:2♠ 2♥=4  TIE(T)  |     0원 → 130,600원
H274 | bet   1,000원 BANKER | P:8♥ 3♦ 9♠=0  B:4♥ 8♦ J♠=2  BANKER(W)  | +950원 → 131,550원
H275 | bet   1,000원 BANKER | P:J♥ 3♠ 2♥=5  B:4♠ 6♣ 6♠=6  BANKER(W)  | +950원 → 132,500원
H276 | bet   1,000원 BANKER | P:4♥ 2♣=6  B:A♦ 3♣ 8♣=2  PLAYER(L)  | -1,000원 → 131,500원  [start]
H277 | bet   2,000원 PLAYER | P:8♦ 5♦ J♦=3  B:10♥ J♣ K♣=0  PLAYER(W)  | +2,000원 → 133,500원  [end_win]
H278 | bet   1,000원 BANKER | P:Q♥ A♥=1  B:5♦ 4♣=9  BANKER(W)  | +950원 → 134,450원
H279 | bet   1,000원 BANKER | P:A♠ 8♣=9  B:5♠ 10♦=5  PLAYER(L)  | -1,000원 → 133,450원  [start]
H280 | bet   2,000원 PLAYER | P:J♦ 8♥=8  B:9♠ 2♠=1  PLAYER(W)  | +2,000원 → 135,450원  [end_win]
H281 | bet   1,000원 BANKER | P:10♥ 4♠=4  B:K♥ 9♣=9  BANKER(W)  | +950원 → 136,400원
H282 | bet   1,000원 BANKER | P:9♦ K♠=9  B:2♠ 9♥=1  PLAYER(L)  | -1,000원 → 135,400원  [start]
H283 | bet   2,000원 PLAYER | P:Q♠ J♠ 6♣=6  B:A♦ 9♠ 8♣=8  BANKER(L)  | -2,000원 → 133,400원
H284 | bet   4,000원 PLAYER | P:10♣ 3♥ 9♥=2  B:J♥ A♣ 4♦=5  BANKER(L)  | -4,000원 → 129,400원
H285 | bet   8,000원 PLAYER | P:10♣ Q♦ 5♥=5  B:10♣ A♦ 4♣=5  TIE(T)  |     0원 → 129,400원
H286 | bet   8,000원 PLAYER | P:6♠ 8♦=4  B:8♠ J♠=8  BANKER(L)  | -8,000원 → 121,400원
H287 | bet  16,000원 PLAYER | P:4♣ A♠ 2♥=7  B:Q♣ 3♥ 5♣=8  BANKER(L)  | -16,000원 → 105,400원  [end_giveup]
H288 | bet   1,000원 BANKER | P:7♦ J♣=7  B:K♠ 6♦=6  PLAYER(L)  | -1,000원 → 104,400원  [start]
H289 | bet   2,000원 PLAYER | P:3♣ 3♦=6  B:8♥ 3♦ 7♣=8  BANKER(L)  | -2,000원 → 102,400원
H290 | bet   4,000원 PLAYER | P:7♦ 8♠ 6♥=1  B:J♠ 4♣ 6♥=0  PLAYER(W)  | +4,000원 → 106,400원  [end_win]
H291 | bet   1,000원 BANKER | P:7♠ 4♣ 10♠=1  B:9♠ 3♠ 7♠=9  BANKER(W)  | +950원 → 107,350원
H292 | bet   1,000원 BANKER | P:K♦ Q♥ 7♥=7  B:10♥ Q♦ 8♥=8  BANKER(W)  | +950원 → 108,300원
H293 | bet   1,000원 BANKER | P:10♥ 9♦=9  B:A♦ K♠=1  PLAYER(L)  | -1,000원 → 107,300원  [start]
H294 | bet   2,000원 PLAYER | P:7♣ A♥=8  B:4♣ J♠=4  PLAYER(W)  | +2,000원 → 109,300원  [end_win]
H295 | bet   1,000원 BANKER | P:J♦ 2♥ J♣=2  B:3♥ 3♦=6  BANKER(W)  | +950원 → 110,250원
H296 | bet   1,000원 BANKER | P:J♦ 4♠=4  B:8♠ J♦=8  BANKER(W)  | +950원 → 111,200원
H297 | bet   1,000원 BANKER | P:4♦ 7♦ 7♦=8  B:A♠ Q♠ 3♦=4  PLAYER(L)  | -1,000원 → 110,200원  [start]
H298 | bet   2,000원 PLAYER | P:8♦ Q♣=8  B:6♣ Q♣=6  PLAYER(W)  | +2,000원 → 112,200원  [end_win]
H299 | bet   1,000원 BANKER | P:J♣ A♣ 3♥=4  B:2♠ A♣ 9♣=2  PLAYER(L)  | -1,000원 → 111,200원  [start]
H300 | bet   2,000원 PLAYER | P:9♣ J♣=9  B:9♦ 2♠=1  PLAYER(W)  | +2,000원 → 113,200원  [end_win]
H301 | bet   1,000원 BANKER | P:6♣ 9♦ 3♣=8  B:7♠ K♦=7  PLAYER(L)  | -1,000원 → 112,200원  [start]
H302 | bet   2,000원 PLAYER | P:5♣ 5♠ 5♣=5  B:9♥ 5♣ K♣=4  PLAYER(W)  | +2,000원 → 114,200원  [end_win]
H303 | bet   1,000원 BANKER | P:Q♣ 2♦ 5♥=7  B:A♦ A♥ 2♣=4  PLAYER(L)  | -1,000원 → 113,200원  [start]
H304 | bet   2,000원 PLAYER | P:7♣ Q♣=7  B:A♥ 6♣=7  TIE(T)  |     0원 → 113,200원
H305 | bet   2,000원 PLAYER | P:7♣ 9♣=6  B:K♣ 2♣ 8♦=0  PLAYER(W)  | +2,000원 → 115,200원  [end_win]
H306 | bet   1,000원 BANKER | P:7♣ 7♠ K♦=4  B:6♦ 5♦ 8♣=9  BANKER(W)  | +950원 → 116,150원
H307 | bet   1,000원 BANKER | P:A♣ 2♥ J♠=3  B:6♠ 5♥ 9♥=0  PLAYER(L)  | -1,000원 → 115,150원  [start]
H308 | bet   2,000원 PLAYER | P:2♣ 9♠ 6♥=7  B:Q♥ 10♦ 5♠=5  PLAYER(W)  | +2,000원 → 117,150원  [end_win]
H309 | bet   1,000원 BANKER | P:2♦ 4♠=6  B:8♠ 8♦=6  TIE(T)  |     0원 → 117,150원
H310 | bet   1,000원 BANKER | P:5♦ 9♦ 8♣=2  B:10♣ 10♣ 10♦=0  PLAYER(L)  | -1,000원 → 116,150원  [start]
H311 | bet   2,000원 PLAYER | P:J♥ 2♦ 3♠=5  B:K♠ Q♥ 8♥=8  BANKER(L)  | -2,000원 → 114,150원
H312 | bet   4,000원 PLAYER | P:2♣ A♠ 2♠=5  B:3♠ Q♦ 8♠=1  PLAYER(W)  | +4,000원 → 118,150원  [end_win]
H313 | bet   1,000원 BANKER | P:9♦ 8♥=7  B:6♥ K♠=6  PLAYER(L)  | -1,000원 → 117,150원  [start]
H314 | bet   2,000원 PLAYER | P:10♥ 6♥=6  B:K♥ 10♣ 7♣=7  BANKER(L)  | -2,000원 → 115,150원
H315 | bet   4,000원 PLAYER | P:4♠ 9♥ 8♠=1  B:2♠ 2♥=4  BANKER(L)  | -4,000원 → 111,150원
H316 | bet   8,000원 PLAYER | P:8♥ A♠=9  B:Q♥ 5♠=5  PLAYER(W)  | +8,000원 → 119,150원  [end_win]
H317 | bet   1,000원 BANKER | P:J♥ 10♠ J♥=0  B:7♦ K♣=7  BANKER(W)  | +950원 → 120,100원
H318 | bet   1,000원 BANKER | P:K♥ 9♣=9  B:J♠ 5♠=5  PLAYER(L)  | -1,000원 → 119,100원  [start]
H319 | bet   2,000원 PLAYER | P:4♦ 9♥ 8♦=1  B:Q♠ 10♥ 10♣=0  PLAYER(W)  | +2,000원 → 121,100원  [end_win]
H320 | bet   1,000원 BANKER | P:6♠ Q♥=6  B:Q♠ 4♥ 3♦=7  BANKER(W)  | +950원 → 122,050원
H321 | bet   1,000원 BANKER | P:A♣ 3♠ A♥=5  B:2♣ 10♠ Q♦=2  PLAYER(L)  | -1,000원 → 121,050원  [start]
H322 | bet   2,000원 PLAYER | P:2♦ K♦ A♠=3  B:4♦ Q♠=4  BANKER(L)  | -2,000원 → 119,050원
H323 | bet   4,000원 PLAYER | P:2♦ A♣=3  B:A♠ 7♦=8  BANKER(L)  | -4,000원 → 115,050원
H324 | bet   8,000원 PLAYER | P:6♦ A♥=7  B:7♥ 9♣=6  PLAYER(W)  | +8,000원 → 123,050원  [end_win]
H325 | bet   1,000원 BANKER | P:4♠ 2♦=6  B:10♠ 3♣ 5♣=8  BANKER(W)  | +950원 → 124,000원
H326 | bet   1,000원 BANKER | P:2♥ 4♥=6  B:9♦ 7♠=6  TIE(T)  |     0원 → 124,000원
H327 | bet   1,000원 BANKER | P:K♦ 4♦ K♠=4  B:K♥ K♠ A♥=1  PLAYER(L)  | -1,000원 → 123,000원  [start]
H328 | bet   2,000원 PLAYER | P:3♥ Q♦ 10♥=3  B:4♦ 10♦=4  BANKER(L)  | -2,000원 → 121,000원
H329 | bet   4,000원 PLAYER | P:3♣ 9♠ Q♥=2  B:3♣ 4♣=7  BANKER(L)  | -4,000원 → 117,000원
H330 | bet   8,000원 PLAYER | P:5♥ 10♦ Q♥=5  B:3♥ 3♠=6  BANKER(L)  | -8,000원 → 109,000원
H331 | bet  16,000원 PLAYER | P:7♥ 3♠ 6♠=6  B:10♦ A♣ A♦=2  PLAYER(W)  | +16,000원 → 125,000원  [end_win]
H332 | bet   1,000원 BANKER | P:4♦ J♠ 8♥=2  B:5♦ 7♦ 6♥=8  BANKER(W)  | +950원 → 125,950원
H333 | bet   1,000원 BANKER | P:4♠ 9♦ 6♣=9  B:J♦ 2♣ K♦=2  PLAYER(L)  | -1,000원 → 124,950원  [start]
H334 | bet   2,000원 PLAYER | P:2♦ 4♠=6  B:J♦ A♦ 7♣=8  BANKER(L)  | -2,000원 → 122,950원
H335 | bet   4,000원 PLAYER | P:4♣ 2♥=6  B:A♥ Q♦ 7♦=8  BANKER(L)  | -4,000원 → 118,950원
H336 | bet   8,000원 PLAYER | P:5♦ J♠ 5♣=0  B:A♣ J♠ 3♦=4  BANKER(L)  | -8,000원 → 110,950원
H337 | bet  16,000원 PLAYER | P:Q♦ 7♣=7  B:3♦ 7♥ 2♠=2  PLAYER(W)  | +16,000원 → 126,950원  [end_win]
H338 | bet   1,000원 BANKER | P:7♠ 7♥ 6♦=0  B:9♦ 7♥ 2♣=8  BANKER(W)  | +950원 → 127,900원
H339 | bet   1,000원 BANKER | P:7♥ K♠=7  B:3♣ 6♣=9  BANKER(W)  | +950원 → 128,850원
H340 | bet   1,000원 BANKER | P:A♣ 2♠ 2♦=5  B:3♠ 10♥ 8♣=1  PLAYER(L)  | -1,000원 → 127,850원  [start]
H341 | bet   2,000원 PLAYER | P:4♦ 10♦ 2♥=6  B:9♠ 6♥=5  PLAYER(W)  | +2,000원 → 129,850원  [end_win]
H342 | bet   1,000원 BANKER | P:8♦ Q♣=8  B:2♥ 8♠=0  PLAYER(L)  | -1,000원 → 128,850원  [start]
H343 | bet   2,000원 PLAYER | P:6♥ 5♣ 10♦=1  B:7♦ 6♥ K♣=3  BANKER(L)  | -2,000원 → 126,850원
H344 | bet   4,000원 PLAYER | P:Q♣ K♥ J♦=0  B:K♥ 2♠ K♥=2  BANKER(L)  | -4,000원 → 122,850원
H345 | bet   8,000원 PLAYER | P:Q♥ 3♦ 6♠=9  B:10♠ 5♠ A♥=6  PLAYER(W)  | +8,000원 → 130,850원  [end_win]
H346 | bet   1,000원 BANKER | P:Q♥ 4♣ 5♦=9  B:Q♦ 7♠=7  PLAYER(L)  | -1,000원 → 129,850원  [start]
H347 | bet   2,000원 PLAYER | P:8♦ 9♦=7  B:J♣ 7♠=7  TIE(T)  |     0원 → 129,850원
H348 | bet   2,000원 PLAYER | P:7♣ 5♠=2  B:10♣ 8♦=8  BANKER(L)  | -2,000원 → 127,850원
H349 | bet   4,000원 PLAYER | P:K♠ J♥ 6♠=6  B:4♥ 9♦ 3♣=6  TIE(T)  |     0원 → 127,850원
H350 | bet   4,000원 PLAYER | P:8♥ 3♠ 3♦=4  B:7♣ 6♠ 5♠=8  BANKER(L)  | -4,000원 → 123,850원
H351 | bet   8,000원 PLAYER | P:Q♣ Q♦=0  B:K♠ 8♦=8  BANKER(L)  | -8,000원 → 115,850원
H352 | bet  16,000원 PLAYER | P:J♥ 8♥=8  B:J♥ 5♣=5  PLAYER(W)  | +16,000원 → 131,850원  [end_win]
H353 | bet   1,000원 BANKER | P:7♥ 7♦ 2♥=6  B:10♣ 3♥ 3♥=6  TIE(T)  |     0원 → 131,850원
H354 | bet   1,000원 BANKER | P:6♣ 10♦=6  B:4♠ A♥ 8♠=3  PLAYER(L)  | -1,000원 → 130,850원  [start]
H355 | bet   2,000원 PLAYER | P:9♦ 9♣=8  B:10♣ 7♠=7  PLAYER(W)  | +2,000원 → 132,850원  [end_win]
H356 | bet   1,000원 BANKER | P:A♠ 10♣ Q♠=1  B:Q♠ A♦ Q♥=1  TIE(T)  |     0원 → 132,850원
H357 | bet   1,000원 BANKER | P:9♥ 8♣=7  B:7♣ 2♦=9  BANKER(W)  | +950원 → 133,800원
H358 | bet   1,000원 BANKER | P:10♦ 5♥ 10♠=5  B:6♠ 10♠=6  BANKER(W)  | +950원 → 134,750원
H359 | bet   1,000원 BANKER | P:7♠ 5♠=2  B:5♣ 4♥=9  BANKER(W)  | +950원 → 135,700원
H360 | bet   1,000원 BANKER | P:Q♦ 7♥=7  B:K♣ J♥ 2♠=2  PLAYER(L)  | -1,000원 → 134,700원  [start]
H361 | bet   2,000원 PLAYER | P:8♠ K♦=8  B:5♥ A♦=6  PLAYER(W)  | +2,000원 → 136,700원  [end_win]
H362 | bet   1,000원 BANKER | P:3♠ 5♠=8  B:10♥ 7♦=7  PLAYER(L)  | -1,000원 → 135,700원  [start]
H363 | bet   2,000원 PLAYER | P:2♠ 7♠=9  B:8♣ 3♦=1  PLAYER(W)  | +2,000원 → 137,700원  [end_win]
H364 | bet   1,000원 BANKER | P:4♥ J♠=4  B:9♠ 9♦=8  BANKER(W)  | +950원 → 138,650원
H365 | bet   1,000원 BANKER | P:5♥ 7♥=2  B:10♦ 8♣=8  BANKER(W)  | +950원 → 139,600원
H366 | bet   1,000원 BANKER | P:4♦ 2♦=6  B:10♣ K♦ 6♠=6  TIE(T)  |     0원 → 139,600원
H367 | bet   1,000원 BANKER | P:9♠ 2♥ 9♦=0  B:4♠ A♠=5  BANKER(W)  | +950원 → 140,550원
H368 | bet   1,000원 BANKER | P:8♠ 6♦ A♣=5  B:A♦ 6♥=7  BANKER(W)  | +950원 → 141,500원
H369 | bet   1,000원 BANKER | P:Q♠ J♥=0  B:K♥ 9♣=9  BANKER(W)  | +950원 → 142,450원
H370 | bet   1,000원 BANKER | P:5♣ 2♠=7  B:3♥ J♣ Q♥=3  PLAYER(L)  | -1,000원 → 141,450원  [start]
H371 | bet   2,000원 PLAYER | P:J♦ 6♠=6  B:K♦ 10♠ 3♣=3  PLAYER(W)  | +2,000원 → 143,450원  [end_win]
H372 | bet   1,000원 BANKER | P:3♥ K♦ 9♥=2  B:8♠ 2♦ J♣=0  PLAYER(L)  | -1,000원 → 142,450원  [start]
H373 | bet   2,000원 PLAYER | P:A♦ 6♣=7  B:3♦ 4♦=7  TIE(T)  |     0원 → 142,450원
H374 | bet   2,000원 PLAYER | P:7♠ 6♦ 3♣=6  B:A♠ 2♦ Q♣=3  PLAYER(W)  | +2,000원 → 144,450원  [end_win]
H375 | bet   1,000원 BANKER | P:K♥ 10♦ 9♣=9  B:2♦ K♣ 9♥=1  PLAYER(L)  | -1,000원 → 143,450원  [start]
H376 | bet   2,000원 PLAYER | P:A♥ K♥ J♣=1  B:4♣ K♣=4  BANKER(L)  | -2,000원 → 141,450원
H377 | bet   4,000원 PLAYER | P:4♦ J♣ 3♣=7  B:5♣ Q♥=5  PLAYER(W)  | +4,000원 → 145,450원  [end_win]
H378 | bet   1,000원 BANKER | P:8♣ 10♠=8  B:10♠ Q♦=0  PLAYER(L)  | -1,000원 → 144,450원  [start]
H379 | bet   2,000원 PLAYER | P:10♥ 9♦=9  B:A♦ A♥=2  PLAYER(W)  | +2,000원 → 146,450원  [end_win]
H380 | bet   1,000원 BANKER | P:8♥ 6♦=4  B:5♥ 3♥=8  BANKER(W)  | +950원 → 147,400원
H381 | bet   1,000원 BANKER | P:3♠ A♠ 9♠=3  B:6♣ 8♥=4  BANKER(W)  | +950원 → 148,350원
H382 | bet   1,000원 BANKER | P:Q♠ 10♠=0  B:10♥ 8♣=8  BANKER(W)  | +950원 → 149,300원
H383 | bet   1,000원 BANKER | P:Q♦ 3♣ 8♦=1  B:A♦ K♥ 7♦=8  BANKER(W)  | +950원 → 150,250원
H384 | bet   1,000원 BANKER | P:6♠ J♦=6  B:2♥ 8♣ J♥=0  PLAYER(L)  | -1,000원 → 149,250원  [start]
H385 | bet   2,000원 PLAYER | P:A♥ A♥ 4♥=6  B:4♣ Q♥ Q♠=4  PLAYER(W)  | +2,000원 → 151,250원  [end_win]
H386 | bet   1,000원 BANKER | P:5♠ 4♣=9  B:Q♠ K♠=0  PLAYER(L)  | -1,000원 → 150,250원  [start]
H387 | bet   2,000원 PLAYER | P:A♣ 8♦=9  B:2♣ 3♠=5  PLAYER(W)  | +2,000원 → 152,250원  [end_win]
H388 | bet   1,000원 BANKER | P:4♠ 7♥ 4♣=5  B:J♦ 6♥=6  BANKER(W)  | +950원 → 153,200원
H389 | bet   1,000원 BANKER | P:Q♣ A♣ J♠=1  B:6♣ A♠=7  BANKER(W)  | +950원 → 154,150원
H390 | bet   1,000원 BANKER | P:K♥ 4♠ 2♣=6  B:4♥ 8♠ 5♦=7  BANKER(W)  | +950원 → 155,100원
H391 | bet   1,000원 BANKER | P:J♠ 3♥=3  B:K♣ 9♥=9  BANKER(W)  | +950원 → 156,050원
H392 | bet   1,000원 BANKER | P:K♣ 5♠ 8♥=3  B:6♣ 7♦=3  TIE(T)  |     0원 → 156,050원
H393 | bet   1,000원 BANKER | P:A♠ 4♦ 9♥=4  B:A♠ K♦ J♦=1  PLAYER(L)  | -1,000원 → 155,050원  [start]
H394 | bet   2,000원 PLAYER | P:Q♣ 9♣=9  B:2♠ K♦=2  PLAYER(W)  | +2,000원 → 157,050원  [end_win]
H395 | bet   1,000원 BANKER | P:2♣ 10♣=2  B:10♣ 8♠=8  BANKER(W)  | +950원 → 158,000원
H396 | bet   1,000원 BANKER | P:K♠ 2♣ 8♦=0  B:4♠ 10♥=4  BANKER(W)  | +950원 → 158,950원
H397 | bet   1,000원 BANKER | P:5♥ 4♦=9  B:K♠ J♠=0  PLAYER(L)  | -1,000원 → 157,950원  [start]
H398 | bet   2,000원 PLAYER | P:5♣ K♦ 3♥=8  B:5♦ A♦=6  PLAYER(W)  | +2,000원 → 159,950원  [end_win]
H399 | bet   1,000원 BANKER | P:9♠ 2♠ A♣=2  B:9♥ 4♠ Q♥=3  BANKER(W)  | +950원 → 160,900원
H400 | bet   1,000원 BANKER | P:9♣ 5♦=4  B:8♣ J♠=8  BANKER(W)  | +950원 → 161,850원
H401 | bet   1,000원 BANKER | P:3♥ 5♦=8  B:2♦ 7♠=9  BANKER(W)  | +950원 → 162,800원
H402 | bet   1,000원 BANKER | P:7♣ 5♥ J♦=2  B:5♦ Q♦=5  BANKER(W)  | +950원 → 163,750원
H403 | bet   1,000원 BANKER | P:2♥ Q♠ 6♠=8  B:K♠ 6♥ 9♥=5  PLAYER(L)  | -1,000원 → 162,750원  [start]
H404 | bet   2,000원 PLAYER | P:7♣ J♥=7  B:2♣ 10♥ 3♠=5  PLAYER(W)  | +2,000원 → 164,750원  [end_win]
H405 | bet   1,000원 BANKER | P:6♦ A♣=7  B:Q♠ 8♥=8  BANKER(W)  | +950원 → 165,700원
H406 | bet   1,000원 BANKER | P:2♥ 10♦ 3♣=5  B:4♦ J♣ 4♥=8  BANKER(W)  | +950원 → 166,650원
H407 | bet   1,000원 BANKER | P:9♠ 2♣=1  B:3♣ 5♣=8  BANKER(W)  | +950원 → 167,600원
H408 | bet   1,000원 BANKER | P:7♦ A♣=8  B:A♠ 3♦=4  PLAYER(L)  | -1,000원 → 166,600원  [start]
H409 | bet   2,000원 PLAYER | P:K♠ 3♠ 10♦=3  B:4♥ K♣=4  BANKER(L)  | -2,000원 → 164,600원
H410 | bet   4,000원 PLAYER | P:3♦ 9♣ 4♣=6  B:10♠ 6♦=6  TIE(T)  |     0원 → 164,600원
H411 | bet   4,000원 PLAYER | P:5♥ 9♠ J♥=4  B:6♥ 6♣ J♣=2  PLAYER(W)  | +4,000원 → 168,600원  [end_win]
H412 | bet   1,000원 BANKER | P:7♣ 5♥ J♣=2  B:10♣ Q♣ Q♥=0  PLAYER(L)  | -1,000원 → 167,600원  [start]
H413 | bet   2,000원 PLAYER | P:8♥ A♥=9  B:8♦ 9♣=7  PLAYER(W)  | +2,000원 → 169,600원  [end_win]
H414 | bet   1,000원 BANKER | P:6♦ 5♠ 9♦=0  B:A♣ 2♠ 2♥=5  BANKER(W)  | +950원 → 170,550원
H415 | bet   1,000원 BANKER | P:6♥ 9♦ 10♣=5  B:5♥ 7♦ 4♠=6  BANKER(W)  | +950원 → 171,500원
H416 | bet   1,000원 BANKER | P:2♣ 2♦ Q♠=4  B:7♦ 9♥=6  BANKER(W)  | +950원 → 172,450원
H417 | bet   1,000원 BANKER | P:2♦ A♥ 4♥=7  B:6♦ J♦=6  PLAYER(L)  | -1,000원 → 171,450원  [start]
H418 | bet   2,000원 PLAYER | P:3♥ 5♣=8  B:2♣ 2♦=4  PLAYER(W)  | +2,000원 → 173,450원  [end_win]
H419 | bet   1,000원 BANKER | P:Q♣ 5♠ 10♦=5  B:A♠ K♥ 8♥=9  BANKER(W)  | +950원 → 174,400원
H420 | bet   1,000원 BANKER | P:7♠ 8♠ 7♣=2  B:3♣ K♦ 5♦=8  BANKER(W)  | +950원 → 175,350원
H421 | bet   1,000원 BANKER | P:10♥ 10♥ Q♣=0  B:3♥ 2♣=5  BANKER(W)  | +950원 → 176,300원
H422 | bet   1,000원 BANKER | P:K♥ 10♦ 7♠=7  B:J♣ 5♥ Q♠=5  PLAYER(L)  | -1,000원 → 175,300원  [start]
H423 | bet   2,000원 PLAYER | P:K♦ 8♦=8  B:7♣ 9♦=6  PLAYER(W)  | +2,000원 → 177,300원  [end_win]
H424 | bet   1,000원 BANKER | P:9♥ 3♠ 10♥=2  B:4♣ 9♣ 7♥=0  PLAYER(L)  | -1,000원 → 176,300원  [start]
H425 | bet   2,000원 PLAYER | P:4♠ 2♠=6  B:3♦ 5♣=8  BANKER(L)  | -2,000원 → 174,300원
H426 | bet   4,000원 PLAYER | P:K♦ Q♦ J♥=0  B:5♣ 7♥ 7♦=9  BANKER(L)  | -4,000원 → 170,300원
H427 | bet   8,000원 PLAYER | P:2♥ 6♦=8  B:6♦ A♦=7  PLAYER(W)  | +8,000원 → 178,300원  [end_win]
H428 | bet   1,000원 BANKER | P:9♥ 7♥=6  B:4♥ 8♦ 8♥=0  PLAYER(L)  | -1,000원 → 177,300원  [start]
H429 | bet   2,000원 PLAYER | P:7♦ J♦=7  B:4♥ 2♥=6  PLAYER(W)  | +2,000원 → 179,300원  [end_win]
H430 | bet   1,000원 BANKER | P:6♣ 5♠ 9♠=0  B:7♦ 3♥ 3♥=3  BANKER(W)  | +950원 → 180,250원
H431 | bet   1,000원 BANKER | P:9♣ 6♠ K♣=5  B:K♣ 5♥=5  TIE(T)  |     0원 → 180,250원
H432 | bet   1,000원 BANKER | P:9♥ A♥ 4♦=4  B:3♠ 9♥ 6♦=8  BANKER(W)  | +950원 → 181,200원
H433 | bet   1,000원 BANKER | P:8♠ 4♠=2  B:2♣ 6♠=8  BANKER(W)  | +950원 → 182,150원
H434 | bet   1,000원 BANKER | P:Q♦ 6♥=6  B:3♣ 6♣=9  BANKER(W)  | +950원 → 183,100원
H435 | bet   1,000원 BANKER | P:3♦ 2♦=5  B:7♣ A♠=8  BANKER(W)  | +950원 → 184,050원
H436 | bet   1,000원 BANKER | P:4♦ 4♣=8  B:Q♥ J♦=0  PLAYER(L)  | -1,000원 → 183,050원  [start]
H437 | bet   2,000원 PLAYER | P:3♣ A♠ 10♠=4  B:8♥ 9♦=7  BANKER(L)  | -2,000원 → 181,050원
H438 | bet   4,000원 PLAYER | P:5♠ 2♥=7  B:6♥ 5♦ 3♥=4  PLAYER(W)  | +4,000원 → 185,050원  [end_win]
H439 | bet   1,000원 BANKER | P:4♣ J♣=4  B:6♣ 3♦=9  BANKER(W)  | +950원 → 186,000원
H440 | bet   1,000원 BANKER | P:7♥ Q♦=7  B:6♠ 7♣ 7♠=0  PLAYER(L)  | -1,000원 → 185,000원  [start]
H441 | bet   2,000원 PLAYER | P:10♦ K♦ K♠=0  B:7♣ J♠=7  BANKER(L)  | -2,000원 → 183,000원
H442 | bet   4,000원 PLAYER | P:6♠ Q♦=6  B:J♠ 5♥ J♦=5  PLAYER(W)  | +4,000원 → 187,000원  [end_win]
H443 | bet   1,000원 BANKER | P:6♣ 10♠=6  B:8♦ 8♠=6  TIE(T)  |     0원 → 187,000원
H444 | bet   1,000원 BANKER | P:3♠ 8♠ A♣=2  B:J♦ A♦ 10♦=1  PLAYER(L)  | -1,000원 → 186,000원  [start]
H445 | bet   2,000원 PLAYER | P:A♠ 9♣ 8♣=8  B:8♦ 5♥=3  PLAYER(W)  | +2,000원 → 188,000원  [end_win]
H446 | bet   1,000원 BANKER | P:3♣ 8♣ A♣=2  B:K♣ K♠ 2♥=2  TIE(T)  |     0원 → 188,000원
H447 | bet   1,000원 BANKER | P:A♦ 5♣=6  B:K♠ 2♦ Q♣=2  PLAYER(L)  | -1,000원 → 187,000원  [start]
H448 | bet   2,000원 PLAYER | P:10♥ J♦ 9♥=9  B:5♠ 10♣=5  PLAYER(W)  | +2,000원 → 189,000원  [end_win]
H449 | bet   1,000원 BANKER | P:6♠ 3♣=9  B:7♠ 10♥=7  PLAYER(L)  | -1,000원 → 188,000원  [start]
H450 | bet   2,000원 PLAYER | P:J♠ 4♣ 6♦=0  B:3♦ K♠ 4♦=7  BANKER(L)  | -2,000원 → 186,000원
H451 | bet   4,000원 PLAYER | P:J♥ 4♦ 4♥=8  B:K♠ A♦ K♦=1  PLAYER(W)  | +4,000원 → 190,000원  [end_win]
H452 | bet   1,000원 BANKER | P:Q♠ 9♠=9  B:Q♥ 9♣=9  TIE(T)  |     0원 → 190,000원
H453 | bet   1,000원 BANKER | P:7♦ 9♣=6  B:Q♠ A♥ 5♦=6  TIE(T)  |     0원 → 190,000원
H454 | bet   1,000원 BANKER | P:10♣ 6♠=6  B:10♥ J♠ 7♠=7  BANKER(W)  | +950원 → 190,950원
H455 | bet   1,000원 BANKER | P:A♦ 9♣ K♦=0  B:K♥ J♣ Q♦=0  TIE(T)  |     0원 → 190,950원
H456 | bet   1,000원 BANKER | P:Q♠ 10♣ J♠=0  B:4♥ J♦=4  BANKER(W)  | +950원 → 191,900원
H457 | bet   1,000원 BANKER | P:A♥ 2♦ 8♠=1  B:9♦ 8♣=7  BANKER(W)  | +950원 → 192,850원
H458 | bet   1,000원 BANKER | P:A♣ K♠ 6♣=7  B:K♣ 2♠ 9♠=1  PLAYER(L)  | -1,000원 → 191,850원  [start]
H459 | bet   2,000원 PLAYER | P:Q♣ Q♦ 7♥=7  B:4♣ 6♦ 7♠=7  TIE(T)  |     0원 → 191,850원
H460 | bet   2,000원 PLAYER | P:2♠ 9♠ 4♦=5  B:K♠ K♥ 4♠=4  PLAYER(W)  | +2,000원 → 193,850원  [end_win]
H461 | bet   1,000원 BANKER | P:J♣ 6♥=6  B:3♦ 8♦ K♣=1  PLAYER(L)  | -1,000원 → 192,850원  [start]
H462 | bet   2,000원 PLAYER | P:5♥ 2♦=7  B:K♣ 6♥=6  PLAYER(W)  | +2,000원 → 194,850원  [end_win]
H463 | bet   1,000원 BANKER | P:8♠ 10♠=8  B:10♣ 5♣=5  PLAYER(L)  | -1,000원 → 193,850원  [start]
H464 | bet   2,000원 PLAYER | P:J♠ J♣ 2♠=2  B:10♥ A♠ 10♦=1  PLAYER(W)  | +2,000원 → 195,850원  [end_win]
H465 | bet   1,000원 BANKER | P:8♠ A♦=9  B:Q♠ Q♣=0  PLAYER(L)  | -1,000원 → 194,850원  [start]
H466 | bet   2,000원 PLAYER | P:K♥ 2♣ 10♣=2  B:4♠ Q♣=4  BANKER(L)  | -2,000원 → 192,850원
H467 | bet   4,000원 PLAYER | P:K♠ J♠ A♥=1  B:10♥ J♥ J♥=0  PLAYER(W)  | +4,000원 → 196,850원  [end_win]
H468 | bet   1,000원 BANKER | P:3♣ 3♠=6  B:8♠ 6♥ 4♣=8  BANKER(W)  | +950원 → 197,800원
H469 | bet   1,000원 BANKER | P:5♦ A♣=6  B:8♦ 3♥ 3♦=4  PLAYER(L)  | -1,000원 → 196,800원  [start]
H470 | bet   2,000원 PLAYER | P:8♥ 10♦=8  B:8♥ K♦=8  TIE(T)  |     0원 → 196,800원
H471 | bet   2,000원 PLAYER | P:A♦ 6♥=7  B:J♥ 4♥ 9♦=3  PLAYER(W)  | +2,000원 → 198,800원  [end_win]
H472 | bet   1,000원 BANKER | P:A♥ 2♥ A♠=4  B:3♦ 2♥=5  BANKER(W)  | +950원 → 199,750원
H473 | bet   1,000원 BANKER | P:5♠ K♣ J♥=5  B:2♣ 4♠=6  BANKER(W)  | +950원 → 200,700원
H474 | bet   1,000원 BANKER | P:9♠ 6♣=5  B:J♣ 8♥=8  BANKER(W)  | +950원 → 201,650원
H475 | bet   1,000원 BANKER | P:5♠ 10♠=5  B:8♥ J♣=8  BANKER(W)  | +950원 → 202,600원
H476 | bet   1,000원 BANKER | P:6♠ A♥=7  B:10♠ A♠ 3♣=4  PLAYER(L)  | -1,000원 → 201,600원  [start]
H477 | bet   2,000원 PLAYER | P:J♦ 5♦ 7♣=2  B:7♦ 7♥ 6♦=0  PLAYER(W)  | +2,000원 → 203,600원  [end_win]
H478 | bet   1,000원 BANKER | P:3♠ 9♠ 5♦=7  B:6♠ 5♣ 5♦=6  PLAYER(L)  | -1,000원 → 202,600원  [start]
H479 | bet   2,000원 PLAYER | P:6♥ Q♦=6  B:9♠ 8♣=7  BANKER(L)  | -2,000원 → 200,600원
H480 | bet   4,000원 PLAYER | P:K♣ 7♥=7  B:4♦ 8♦ Q♥=2  PLAYER(W)  | +4,000원 → 204,600원  [end_win]
H481 | bet   1,000원 BANKER | P:10♣ 9♦=9  B:2♠ 5♠=7  PLAYER(L)  | -1,000원 → 203,600원  [start]
H482 | bet   2,000원 PLAYER | P:7♥ Q♠=7  B:9♦ 7♦=6  PLAYER(W)  | +2,000원 → 205,600원  [end_win]
H483 | bet   1,000원 BANKER | P:4♥ A♠ J♥=5  B:9♠ 8♣=7  BANKER(W)  | +950원 → 206,550원
H484 | bet   1,000원 BANKER | P:8♣ 9♥=7  B:3♦ 2♦ 7♣=2  PLAYER(L)  | -1,000원 → 205,550원  [start]
H485 | bet   2,000원 PLAYER | P:8♣ 6♣ 7♣=1  B:3♠ 2♠ 5♣=0  PLAYER(W)  | +2,000원 → 207,550원  [end_win]
H486 | bet   1,000원 BANKER | P:Q♥ 8♥=8  B:A♣ A♦=2  PLAYER(L)  | -1,000원 → 206,550원  [start]
H487 | bet   2,000원 PLAYER | P:Q♥ 9♣=9  B:Q♥ 3♥=3  PLAYER(W)  | +2,000원 → 208,550원  [end_win]
H488 | bet   1,000원 BANKER | P:4♣ 3♠=7  B:5♥ Q♣ J♥=5  PLAYER(L)  | -1,000원 → 207,550원  [start]
H489 | bet   2,000원 PLAYER | P:4♦ 7♠ Q♣=1  B:3♣ 4♠=7  BANKER(L)  | -2,000원 → 205,550원
H490 | bet   4,000원 PLAYER | P:J♣ 5♣ 2♣=7  B:Q♠ 7♠=7  TIE(T)  |     0원 → 205,550원
H491 | bet   4,000원 PLAYER | P:10♦ J♠ Q♥=0  B:10♦ 4♦=4  BANKER(L)  | -4,000원 → 201,550원
H492 | bet   8,000원 PLAYER | P:A♥ 10♣ 10♠=1  B:A♣ 3♥=4  BANKER(L)  | -8,000원 → 193,550원
H493 | bet  16,000원 PLAYER | P:2♠ 2♥ 9♣=3  B:K♥ K♥ Q♦=0  PLAYER(W)  | +16,000원 → 209,550원  [end_win]
H494 | bet   1,000원 BANKER | P:9♥ 10♠=9  B:Q♥ 2♣=2  PLAYER(L)  | -1,000원 → 208,550원  [start]
H495 | bet   2,000원 PLAYER | P:Q♦ 5♦ 2♣=7  B:K♥ K♠ A♥=1  PLAYER(W)  | +2,000원 → 210,550원  [end_win]
H496 | bet   1,000원 BANKER | P:4♦ 10♣ Q♠=4  B:4♠ 7♦ 7♠=8  BANKER(W)  | +950원 → 211,500원
H497 | bet   1,000원 BANKER | P:K♦ 3♦ 7♦=0  B:K♣ 3♠ 10♠=3  BANKER(W)  | +950원 → 212,450원
H498 | bet   1,000원 BANKER | P:5♥ J♥ 7♣=2  B:4♣ 9♠ K♥=3  BANKER(W)  | +950원 → 213,400원
H499 | bet   1,000원 BANKER | P:6♦ Q♠=6  B:10♦ 2♥ Q♥=2  PLAYER(L)  | -1,000원 → 212,400원  [start]
H500 | bet   2,000원 PLAYER | P:8♣ A♣=9  B:J♠ 6♥=6  PLAYER(W)  | +2,000원 → 214,400원  [end_win]
H501 | bet   1,000원 BANKER | P:J♦ 2♣=2  B:8♠ J♠=8  BANKER(W)  | +950원 → 215,350원
H502 | bet   1,000원 BANKER | P:5♦ 3♦=8  B:2♣ 9♦=1  PLAYER(L)  | -1,000원 → 214,350원  [start]
H503 | bet   2,000원 PLAYER | P:J♣ 5♥ 3♣=8  B:9♦ 3♣ A♦=3  PLAYER(W)  | +2,000원 → 216,350원  [end_win]
H504 | bet   1,000원 BANKER | P:3♠ A♠ 4♦=8  B:7♥ 10♣=7  PLAYER(L)  | -1,000원 → 215,350원  [start]
H505 | bet   2,000원 PLAYER | P:Q♣ 10♠ J♣=0  B:8♦ 4♠ 8♥=0  TIE(T)  |     0원 → 215,350원
H506 | bet   2,000원 PLAYER | P:A♣ 9♦=0  B:10♣ 9♥=9  BANKER(L)  | -2,000원 → 213,350원
H507 | bet   4,000원 PLAYER | P:K♣ 2♠ A♦=3  B:Q♠ 3♦ 2♠=5  BANKER(L)  | -4,000원 → 209,350원
H508 | bet   8,000원 PLAYER | P:3♣ 6♣=9  B:10♥ 4♣=4  PLAYER(W)  | +8,000원 → 217,350원  [end_win]
H509 | bet   1,000원 BANKER | P:6♠ J♦=6  B:4♦ 3♠=7  BANKER(W)  | +950원 → 218,300원
H510 | bet   1,000원 BANKER | P:2♦ 6♠=8  B:2♣ A♠=3  PLAYER(L)  | -1,000원 → 217,300원  [start]
H511 | bet   2,000원 PLAYER | P:6♣ 4♣ A♠=1  B:A♣ 5♦=6  BANKER(L)  | -2,000원 → 215,300원
H512 | bet   4,000원 PLAYER | P:7♣ 9♦=6  B:7♣ 7♠ 9♦=3  PLAYER(W)  | +4,000원 → 219,300원  [end_win]
H513 | bet   1,000원 BANKER | P:7♣ 9♥=6  B:10♠ 3♥ 7♠=0  PLAYER(L)  | -1,000원 → 218,300원  [start]
H514 | bet   2,000원 PLAYER | P:J♣ 8♥=8  B:Q♥ 3♣=3  PLAYER(W)  | +2,000원 → 220,300원  [end_win]
H515 | bet   1,000원 BANKER | P:8♦ 3♥ 7♣=8  B:K♦ Q♦ 5♣=5  PLAYER(L)  | -1,000원 → 219,300원  [start]
H516 | bet   2,000원 PLAYER | P:K♦ 6♣=6  B:J♥ 7♦=7  BANKER(L)  | -2,000원 → 217,300원
H517 | bet   4,000원 PLAYER | P:Q♦ A♥ 10♥=1  B:Q♥ 2♦ 3♥=5  BANKER(L)  | -4,000원 → 213,300원
H518 | bet   8,000원 PLAYER | P:8♠ 3♠ 4♠=5  B:9♣ 8♣=7  BANKER(L)  | -8,000원 → 205,300원
H519 | bet  16,000원 PLAYER | P:A♥ 8♣=9  B:J♠ 7♥=7  PLAYER(W)  | +16,000원 → 221,300원  [end_win]
H520 | bet   1,000원 BANKER | P:A♠ 3♣ 10♣=4  B:10♣ K♣ 3♣=3  PLAYER(L)  | -1,000원 → 220,300원  [start]
H521 | bet   2,000원 PLAYER | P:Q♠ 4♣ 5♠=9  B:6♠ J♠=6  PLAYER(W)  | +2,000원 → 222,300원  [end_win]
H522 | bet   1,000원 BANKER | P:J♣ K♦ 4♥=4  B:4♥ 2♦=6  BANKER(W)  | +950원 → 223,250원
H523 | bet   1,000원 BANKER | P:9♥ 8♣=7  B:J♣ 8♥=8  BANKER(W)  | +950원 → 224,200원
H524 | bet   1,000원 BANKER | P:8♠ 7♥ J♥=5  B:10♦ K♥ 5♣=5  TIE(T)  |     0원 → 224,200원
H525 | bet   1,000원 BANKER | P:4♥ 7♠=1  B:3♦ 6♦=9  BANKER(W)  | +950원 → 225,150원
H526 | bet   1,000원 BANKER | P:2♦ A♠ Q♣=3  B:6♦ 6♣ A♦=3  TIE(T)  |     0원 → 225,150원
H527 | bet   1,000원 BANKER | P:4♠ 4♥=8  B:8♠ K♦=8  TIE(T)  |     0원 → 225,150원
H528 | bet   1,000원 BANKER | P:A♣ 6♥=7  B:9♣ 9♠=8  BANKER(W)  | +950원 → 226,100원
H529 | bet   1,000원 BANKER | P:4♥ 9♥ 2♥=5  B:Q♥ 4♣ 10♦=4  PLAYER(L)  | -1,000원 → 225,100원  [start]
H530 | bet   2,000원 PLAYER | P:6♣ J♥=6  B:A♣ 9♠ 6♠=6  TIE(T)  |     0원 → 225,100원
H531 | bet   2,000원 PLAYER | P:8♣ 7♦ J♠=5  B:3♠ 9♦ 10♠=2  PLAYER(W)  | +2,000원 → 227,100원  [end_win]
H532 | bet   1,000원 BANKER | P:8♣ A♥=9  B:J♦ 7♠=7  PLAYER(L)  | -1,000원 → 226,100원  [start]
H533 | bet   2,000원 PLAYER | P:A♥ 5♦=6  B:5♣ 7♦ 10♦=2  PLAYER(W)  | +2,000원 → 228,100원  [end_win]
H534 | bet   1,000원 BANKER | P:2♣ A♠=3  B:8♠ J♣=8  BANKER(W)  | +950원 → 229,050원
H535 | bet   1,000원 BANKER | P:5♠ 5♥ J♦=0  B:Q♥ 6♥=6  BANKER(W)  | +950원 → 230,000원
H536 | bet   1,000원 BANKER | P:K♥ J♦ 7♥=7  B:7♣ 5♦ K♥=2  PLAYER(L)  | -1,000원 → 229,000원  [start]
H537 | bet   2,000원 PLAYER | P:2♦ 2♥ 10♠=4  B:K♥ 4♦=4  TIE(T)  |     0원 → 229,000원
H538 | bet   2,000원 PLAYER | P:Q♠ Q♣ 5♠=5  B:10♦ K♠ 9♣=9  BANKER(L)  | -2,000원 → 227,000원
H539 | bet   4,000원 PLAYER | P:4♣ 2♥=6  B:5♥ J♣ A♣=6  TIE(T)  |     0원 → 227,000원
H540 | bet   4,000원 PLAYER | P:4♠ 7♦ 3♥=4  B:10♠ 2♥ 8♥=0  PLAYER(W)  | +4,000원 → 231,000원  [end_win]
H541 | bet   1,000원 BANKER | P:K♥ Q♠ 6♠=6  B:6♦ 7♠ 4♥=7  BANKER(W)  | +950원 → 231,950원
H542 | bet   1,000원 BANKER | P:4♦ Q♣ 9♣=3  B:2♥ 9♣ 6♥=7  BANKER(W)  | +950원 → 232,900원
H543 | bet   1,000원 BANKER | P:5♦ J♦ A♥=6  B:2♠ 10♥ A♣=3  PLAYER(L)  | -1,000원 → 231,900원  [start]
H544 | bet   2,000원 PLAYER | P:8♦ 9♣=7  B:K♦ Q♣ K♦=0  PLAYER(W)  | +2,000원 → 233,900원  [end_win]
H545 | bet   1,000원 BANKER | P:5♠ 8♦=3  B:9♠ K♠=9  BANKER(W)  | +950원 → 234,850원
H546 | bet   1,000원 BANKER | P:Q♣ 5♦ A♠=6  B:6♥ A♦=7  BANKER(W)  | +950원 → 235,800원
H547 | bet   1,000원 BANKER | P:5♠ 3♠=8  B:Q♠ 8♦=8  TIE(T)  |     0원 → 235,800원
H548 | bet   1,000원 BANKER | P:2♦ Q♣ 3♠=5  B:3♣ 2♠=5  TIE(T)  |     0원 → 235,800원
H549 | bet   1,000원 BANKER | P:7♦ 2♠=9  B:4♦ A♠=5  PLAYER(L)  | -1,000원 → 234,800원  [start]
H550 | bet   2,000원 PLAYER | P:5♠ Q♦ 8♦=3  B:Q♥ 4♠=4  BANKER(L)  | -2,000원 → 232,800원
H551 | bet   4,000원 PLAYER | P:2♥ 4♦=6  B:10♦ 5♦ 6♣=1  PLAYER(W)  | +4,000원 → 236,800원  [end_win]
H552 | bet   1,000원 BANKER | P:J♠ Q♣ 7♠=7  B:10♣ 10♥ 8♠=8  BANKER(W)  | +950원 → 237,750원
H553 | bet   1,000원 BANKER | P:10♥ 9♥=9  B:K♣ Q♦=0  PLAYER(L)  | -1,000원 → 236,750원  [start]
H554 | bet   2,000원 PLAYER | P:A♦ A♥ 5♥=7  B:5♥ 9♣ 9♦=3  PLAYER(W)  | +2,000원 → 238,750원  [end_win]
H555 | bet   1,000원 BANKER | P:7♦ 5♣ 2♠=4  B:6♥ A♥=7  BANKER(W)  | +950원 → 239,700원
H556 | bet   1,000원 BANKER | P:J♥ 2♣ 9♠=1  B:6♠ 10♥=6  BANKER(W)  | +950원 → 240,650원
H557 | bet   1,000원 BANKER | P:Q♦ 9♠=9  B:6♦ 8♣=4  PLAYER(L)  | -1,000원 → 239,650원  [start]
H558 | bet   2,000원 PLAYER | P:6♣ J♦=6  B:5♣ 4♣=9  BANKER(L)  | -2,000원 → 237,650원
H559 | bet   4,000원 PLAYER | P:K♠ 7♠=7  B:K♣ 8♥=8  BANKER(L)  | -4,000원 → 233,650원
H560 | bet   8,000원 PLAYER | P:K♣ J♣ J♥=0  B:7♥ 9♣=6  BANKER(L)  | -8,000원 → 225,650원
H561 | bet  16,000원 PLAYER | P:6♥ 3♥=9  B:9♦ 10♠=9  TIE(T)  |     0원 → 225,650원
H562 | bet  16,000원 PLAYER | P:6♠ 7♥ 6♦=9  B:3♠ 7♥ K♠=0  PLAYER(W)  | +16,000원 → 241,650원  [end_win]
H563 | bet   1,000원 BANKER | P:3♦ Q♦=3  B:3♥ 5♠=8  BANKER(W)  | +950원 → 242,600원
H564 | bet   1,000원 BANKER | P:A♣ 9♠ 3♣=3  B:4♥ J♠ 10♥=4  BANKER(W)  | +950원 → 243,550원
H565 | bet   1,000원 BANKER | P:Q♥ 8♥=8  B:5♠ 8♠=3  PLAYER(L)  | -1,000원 → 242,550원  [start]
H566 | bet   2,000원 PLAYER | P:K♣ 6♠=6  B:5♥ 6♥ 2♦=3  PLAYER(W)  | +2,000원 → 244,550원  [end_win]
H567 | bet   1,000원 BANKER | P:6♦ 3♦=9  B:K♠ 10♥=0  PLAYER(L)  | -1,000원 → 243,550원  [start]
H568 | bet   2,000원 PLAYER | P:3♦ K♦ J♦=3  B:8♥ 2♠ 5♣=5  BANKER(L)  | -2,000원 → 241,550원
H569 | bet   4,000원 PLAYER | P:K♠ 8♥=8  B:4♣ 2♣=6  PLAYER(W)  | +4,000원 → 245,550원  [end_win]
H570 | bet   1,000원 BANKER | P:A♦ 3♥=4  B:8♠ K♥=8  BANKER(W)  | +950원 → 246,500원
H571 | bet   1,000원 BANKER | P:9♥ 8♦=7  B:3♥ 4♥=7  TIE(T)  |     0원 → 246,500원
H572 | bet   1,000원 BANKER | P:6♦ 10♠=6  B:7♣ 10♦=7  BANKER(W)  | +950원 → 247,450원
H573 | bet   1,000원 BANKER | P:K♠ 2♣ 3♦=5  B:Q♥ 5♣=5  TIE(T)  |     0원 → 247,450원
H574 | bet   1,000원 BANKER | P:9♥ 7♣=6  B:2♥ A♦ 4♠=7  BANKER(W)  | +950원 → 248,400원
H575 | bet   1,000원 BANKER | P:K♣ 4♦=4  B:8♦ Q♠=8  BANKER(W)  | +950원 → 249,350원
H576 | bet   1,000원 BANKER | P:4♠ Q♦ 10♣=4  B:J♥ 10♦ 9♠=9  BANKER(W)  | +950원 → 250,300원
H577 | bet   1,000원 BANKER | P:9♣ J♥=9  B:5♠ 5♦=0  PLAYER(L)  | -1,000원 → 249,300원  [start]
H578 | bet   2,000원 PLAYER | P:J♠ 3♣=3  B:4♣ 4♠=8  BANKER(L)  | -2,000원 → 247,300원
H579 | bet   4,000원 PLAYER | P:7♠ 9♦=6  B:4♠ 2♠=6  TIE(T)  |     0원 → 247,300원
H580 | bet   4,000원 PLAYER | P:4♣ 6♣ 5♣=5  B:2♥ J♠ 4♠=6  BANKER(L)  | -4,000원 → 243,300원
H581 | bet   8,000원 PLAYER | P:Q♦ 7♣=7  B:7♦ 4♣ 4♦=5  PLAYER(W)  | +8,000원 → 251,300원  [end_win]
H582 | bet   1,000원 BANKER | P:8♦ A♠=9  B:10♦ 10♦=0  PLAYER(L)  | -1,000원 → 250,300원  [start]
H583 | bet   2,000원 PLAYER | P:A♥ K♥ K♣=1  B:4♦ 6♥ 6♠=6  BANKER(L)  | -2,000원 → 248,300원
H584 | bet   4,000원 PLAYER | P:6♠ 5♦ 9♥=0  B:5♦ J♠=5  BANKER(L)  | -4,000원 → 244,300원
H585 | bet   8,000원 PLAYER | P:K♥ Q♦ Q♠=0  B:K♦ K♠ 6♦=6  BANKER(L)  | -8,000원 → 236,300원
H586 | bet  16,000원 PLAYER | P:9♥ 5♥ K♠=4  B:K♣ J♦ K♦=0  PLAYER(W)  | +16,000원 → 252,300원  [end_win]
H587 | bet   1,000원 BANKER | P:J♥ J♦ 2♦=2  B:5♥ K♥=5  BANKER(W)  | +950원 → 253,250원
H588 | bet   1,000원 BANKER | P:7♣ 3♥=0  B:10♥ 8♠=8  BANKER(W)  | +950원 → 254,200원
H589 | bet   1,000원 BANKER | P:2♥ Q♥ K♣=2  B:Q♥ 6♥=6  BANKER(W)  | +950원 → 255,150원
H590 | bet   1,000원 BANKER | P:6♦ 7♥ 9♣=2  B:8♣ 8♥=6  BANKER(W)  | +950원 → 256,100원
H591 | bet   1,000원 BANKER | P:2♣ 7♦=9  B:6♦ 7♥=3  PLAYER(L)  | -1,000원 → 255,100원  [start]
H592 | bet   2,000원 PLAYER | P:2♠ 6♣=8  B:K♥ 5♣=5  PLAYER(W)  | +2,000원 → 257,100원  [end_win]
H593 | bet   1,000원 BANKER | P:6♥ J♦=6  B:K♦ 4♥ 10♣=4  PLAYER(L)  | -1,000원 → 256,100원  [start]
H594 | bet   2,000원 PLAYER | P:10♣ J♠=0  B:10♠ 8♦=8  BANKER(L)  | -2,000원 → 254,100원
H595 | bet   4,000원 PLAYER | P:6♣ 7♠ 2♣=5  B:4♣ 6♣ 4♣=4  PLAYER(W)  | +4,000원 → 258,100원  [end_win]
H596 | bet   1,000원 BANKER | P:A♦ 7♣=8  B:3♣ Q♣=3  PLAYER(L)  | -1,000원 → 257,100원  [start]
H597 | bet   2,000원 PLAYER | P:J♣ Q♠ 10♦=0  B:10♦ J♣ 10♣=0  TIE(T)  |     0원 → 257,100원
H598 | bet   2,000원 PLAYER | P:Q♠ 5♣ 8♠=3  B:2♥ A♦=3  TIE(T)  |     0원 → 257,100원
H599 | bet   2,000원 PLAYER | P:3♥ 3♠=6  B:6♦ A♣=7  BANKER(L)  | -2,000원 → 255,100원
H600 | bet   4,000원 PLAYER | P:4♦ J♣=4  B:2♥ 6♣=8  BANKER(L)  | -4,000원 → 251,100원
H601 | bet   8,000원 PLAYER | P:10♠ 9♣=9  B:4♦ A♥=5  PLAYER(W)  | +8,000원 → 259,100원  [end_win]
H602 | bet   1,000원 BANKER | P:9♠ 10♥=9  B:4♥ K♦=4  PLAYER(L)  | -1,000원 → 258,100원  [start]
H603 | bet   2,000원 PLAYER | P:7♠ 7♥ 6♦=0  B:7♥ 5♥ A♣=3  BANKER(L)  | -2,000원 → 256,100원
H604 | bet   4,000원 PLAYER | P:K♥ 10♦ 8♦=8  B:10♥ 6♥=6  PLAYER(W)  | +4,000원 → 260,100원  [end_win]
H605 | bet   1,000원 BANKER | P:4♠ 3♥=7  B:A♠ A♣ 10♥=2  PLAYER(L)  | -1,000원 → 259,100원  [start]
H606 | bet   2,000원 PLAYER | P:8♥ K♥=8  B:2♥ 10♥=2  PLAYER(W)  | +2,000원 → 261,100원  [end_win]
H607 | bet   1,000원 BANKER | P:8♠ 9♠=7  B:7♦ Q♦=7  TIE(T)  |     0원 → 261,100원
H608 | bet   1,000원 BANKER | P:9♣ 5♠ 6♠=0  B:10♣ 2♣ J♥=2  BANKER(W)  | +950원 → 262,050원
H609 | bet   1,000원 BANKER | P:J♣ 2♠ A♦=3  B:A♣ 3♣=4  BANKER(W)  | +950원 → 263,000원
H610 | bet   1,000원 BANKER | P:A♦ 7♦=8  B:2♣ 5♦=7  PLAYER(L)  | -1,000원 → 262,000원  [start]
H611 | bet   2,000원 PLAYER | P:J♣ 8♥=8  B:10♣ A♦=1  PLAYER(W)  | +2,000원 → 264,000원  [end_win]
H612 | bet   1,000원 BANKER | P:7♠ 9♣=6  B:5♥ K♣ 5♦=0  PLAYER(L)  | -1,000원 → 263,000원  [start]
H613 | bet   2,000원 PLAYER | P:9♠ Q♠=9  B:9♥ A♠=0  PLAYER(W)  | +2,000원 → 265,000원  [end_win]
H614 | bet   1,000원 BANKER | P:7♠ 5♠ 6♥=8  B:9♠ 2♦ 7♣=8  TIE(T)  |     0원 → 265,000원
H615 | bet   1,000원 BANKER | P:4♦ 9♦=3  B:8♥ A♠=9  BANKER(W)  | +950원 → 265,950원
H616 | bet   1,000원 BANKER | P:2♠ 7♦=9  B:5♥ 6♥=1  PLAYER(L)  | -1,000원 → 264,950원  [start]
H617 | bet   2,000원 PLAYER | P:J♦ 2♦=2  B:10♠ 9♥=9  BANKER(L)  | -2,000원 → 262,950원
H618 | bet   4,000원 PLAYER | P:3♠ 7♠ 7♥=7  B:K♦ 10♦ 8♥=8  BANKER(L)  | -4,000원 → 258,950원
H619 | bet   8,000원 PLAYER | P:8♣ 3♦ 9♠=0  B:6♠ 8♦=4  BANKER(L)  | -8,000원 → 250,950원
H620 | bet  16,000원 PLAYER | P:10♠ 5♣ 9♠=4  B:Q♥ 4♦=4  TIE(T)  |     0원 → 250,950원
H621 | bet  16,000원 PLAYER | P:3♦ 9♥ Q♣=2  B:7♣ K♠=7  BANKER(L)  | -16,000원 → 234,950원  [end_giveup]
H622 | bet   1,000원 BANKER | P:3♦ 8♥=1  B:6♠ 3♠=9  BANKER(W)  | +950원 → 235,900원
H623 | bet   1,000원 BANKER | P:3♥ 10♣ 8♣=1  B:8♦ 2♣ J♥=0  PLAYER(L)  | -1,000원 → 234,900원  [start]
H624 | bet   2,000원 PLAYER | P:A♥ J♦ 3♥=4  B:K♠ 4♣ J♥=4  TIE(T)  |     0원 → 234,900원
H625 | bet   2,000원 PLAYER | P:8♥ K♦=8  B:10♦ 5♣=5  PLAYER(W)  | +2,000원 → 236,900원  [end_win]
H626 | bet   1,000원 BANKER | P:Q♠ 10♥ Q♦=0  B:K♠ Q♠ 8♣=8  BANKER(W)  | +950원 → 237,850원
H627 | bet   1,000원 BANKER | P:8♣ 3♦ 3♦=4  B:10♥ K♥ 2♦=2  PLAYER(L)  | -1,000원 → 236,850원  [start]
H628 | bet   2,000원 PLAYER | P:2♣ 8♥ 9♠=9  B:A♦ 6♠=7  PLAYER(W)  | +2,000원 → 238,850원  [end_win]
H629 | bet   1,000원 BANKER | P:8♦ 6♦ 4♦=8  B:J♥ 10♥ Q♦=0  PLAYER(L)  | -1,000원 → 237,850원  [start]
H630 | bet   2,000원 PLAYER | P:K♦ 7♦=7  B:K♣ 7♣=7  TIE(T)  |     0원 → 237,850원
H631 | bet   2,000원 PLAYER | P:4♣ 9♥=3  B:9♥ 9♦=8  BANKER(L)  | -2,000원 → 235,850원
H632 | bet   4,000원 PLAYER | P:6♠ 5♦ A♥=2  B:K♣ A♣ Q♣=1  PLAYER(W)  | +4,000원 → 239,850원  [end_win]
H633 | bet   1,000원 BANKER | P:5♣ 9♦ 3♣=7  B:4♥ 7♠ Q♦=1  PLAYER(L)  | -1,000원 → 238,850원  [start]
H634 | bet   2,000원 PLAYER | P:A♠ K♠ A♠=2  B:5♠ 5♠ Q♥=0  PLAYER(W)  | +2,000원 → 240,850원  [end_win]
H635 | bet   1,000원 BANKER | P:2♦ 2♦ 6♥=0  B:Q♣ 2♥ 7♦=9  BANKER(W)  | +950원 → 241,800원
H636 | bet   1,000원 BANKER | P:8♣ 9♠=7  B:4♠ K♠ 8♠=2  PLAYER(L)  | -1,000원 → 240,800원  [start]
H637 | bet   2,000원 PLAYER | P:5♠ J♥ Q♥=5  B:3♠ 10♦ 5♠=8  BANKER(L)  | -2,000원 → 238,800원
H638 | bet   4,000원 PLAYER | P:Q♠ 4♠ J♣=4  B:3♣ 4♠=7  BANKER(L)  | -4,000원 → 234,800원
H639 | bet   8,000원 PLAYER | P:Q♥ 6♣=6  B:8♣ 3♥ 3♠=4  PLAYER(W)  | +8,000원 → 242,800원  [end_win]
H640 | bet   1,000원 BANKER | P:6♦ J♠=6  B:J♦ A♦ Q♣=1  PLAYER(L)  | -1,000원 → 241,800원  [start]
H641 | bet   2,000원 PLAYER | P:J♥ Q♥ 5♣=5  B:4♠ A♣ A♥=6  BANKER(L)  | -2,000원 → 239,800원
H642 | bet   4,000원 PLAYER | P:3♠ Q♥ J♠=3  B:9♣ 4♥ 6♣=9  BANKER(L)  | -4,000원 → 235,800원
H643 | bet   8,000원 PLAYER | P:A♥ J♠ J♦=1  B:9♣ 3♥ 2♦=4  BANKER(L)  | -8,000원 → 227,800원
H644 | bet  16,000원 PLAYER | P:Q♦ 3♣ 8♠=1  B:7♥ 3♦ 2♥=2  BANKER(L)  | -16,000원 → 211,800원  [end_giveup]
H645 | bet   1,000원 BANKER | P:4♥ 3♥=7  B:Q♣ 5♥ Q♣=5  PLAYER(L)  | -1,000원 → 210,800원  [start]
H646 | bet   2,000원 PLAYER | P:A♣ K♥ 8♠=9  B:5♥ 10♠=5  PLAYER(W)  | +2,000원 → 212,800원  [end_win]
H647 | bet   1,000원 BANKER | P:10♠ K♦ 2♠=2  B:Q♦ A♠ 5♣=6  BANKER(W)  | +950원 → 213,750원
H648 | bet   1,000원 BANKER | P:10♠ 10♣ 2♥=2  B:7♦ 10♣=7  BANKER(W)  | +950원 → 214,700원
H649 | bet   1,000원 BANKER | P:4♣ 6♥ 4♥=4  B:3♦ 7♥ A♥=1  PLAYER(L)  | -1,000원 → 213,700원  [start]
H650 | bet   2,000원 PLAYER | P:7♣ 7♠ 9♥=3  B:9♦ 3♠ 3♠=5  BANKER(L)  | -2,000원 → 211,700원
H651 | bet   4,000원 PLAYER | P:2♣ 9♣ 6♦=7  B:2♠ 2♦ J♠=4  PLAYER(W)  | +4,000원 → 215,700원  [end_win]
H652 | bet   1,000원 BANKER | P:2♣ 8♠=0  B:8♠ Q♣=8  BANKER(W)  | +950원 → 216,650원
H653 | bet   1,000원 BANKER | P:J♦ 7♣=7  B:8♣ A♥=9  BANKER(W)  | +950원 → 217,600원
H654 | bet   1,000원 BANKER | P:A♠ A♦ J♣=2  B:8♦ 4♦ K♣=2  TIE(T)  |     0원 → 217,600원
H655 | bet   1,000원 BANKER | P:4♥ K♣=4  B:6♣ 3♦=9  BANKER(W)  | +950원 → 218,550원
H656 | bet   1,000원 BANKER | P:5♥ 3♣=8  B:K♠ 6♠=6  PLAYER(L)  | -1,000원 → 217,550원  [start]
H657 | bet   2,000원 PLAYER | P:2♠ J♣=2  B:10♠ 9♦=9  BANKER(L)  | -2,000원 → 215,550원
H658 | bet   4,000원 PLAYER | P:3♥ J♣ 10♠=3  B:6♠ 6♥ J♠=2  PLAYER(W)  | +4,000원 → 219,550원  [end_win]
H659 | bet   1,000원 BANKER | P:5♥ 3♦=8  B:4♣ K♠=4  PLAYER(L)  | -1,000원 → 218,550원  [start]
H660 | bet   2,000원 PLAYER | P:2♣ 10♥ 6♠=8  B:6♥ 5♠ 9♥=0  PLAYER(W)  | +2,000원 → 220,550원  [end_win]
H661 | bet   1,000원 BANKER | P:K♥ 4♥ 5♥=9  B:K♥ 2♣ 9♠=1  PLAYER(L)  | -1,000원 → 219,550원  [start]
H662 | bet   2,000원 PLAYER | P:J♣ 10♦ Q♠=0  B:K♠ 7♦=7  BANKER(L)  | -2,000원 → 217,550원
H663 | bet   4,000원 PLAYER | P:7♦ 6♦ 7♠=0  B:3♦ 4♥=7  BANKER(L)  | -4,000원 → 213,550원
H664 | bet   8,000원 PLAYER | P:Q♣ 2♠=2  B:A♠ 7♠=8  BANKER(L)  | -8,000원 → 205,550원
H665 | bet  16,000원 PLAYER | P:6♥ 9♥ 6♣=1  B:K♠ 6♠ 8♦=4  BANKER(L)  | -16,000원 → 189,550원  [end_giveup]
H666 | bet   1,000원 BANKER | P:10♣ 5♠ J♣=5  B:6♠ Q♣=6  BANKER(W)  | +950원 → 190,500원
H667 | bet   1,000원 BANKER | P:Q♦ 3♣ J♥=3  B:7♠ 4♣ 7♥=8  BANKER(W)  | +950원 → 191,450원
H668 | bet   1,000원 BANKER | P:5♦ J♦ 8♠=3  B:10♠ 5♠=5  BANKER(W)  | +950원 → 192,400원
H669 | bet   1,000원 BANKER | P:7♦ 9♥=6  B:8♣ 7♣ A♦=6  TIE(T)  |     0원 → 192,400원
H670 | bet   1,000원 BANKER | P:10♦ A♠ 2♥=3  B:7♥ J♥=7  BANKER(W)  | +950원 → 193,350원
H671 | bet   1,000원 BANKER | P:A♦ 6♦=7  B:K♥ 2♦ J♦=2  PLAYER(L)  | -1,000원 → 192,350원  [start]
H672 | bet   2,000원 PLAYER | P:6♦ 5♦ 3♥=4  B:10♦ K♦ 5♥=5  BANKER(L)  | -2,000원 → 190,350원
H673 | bet   4,000원 PLAYER | P:A♣ 5♠=6  B:5♣ K♦ 10♦=5  PLAYER(W)  | +4,000원 → 194,350원  [end_win]
H674 | bet   1,000원 BANKER | P:2♥ 9♣ 9♣=0  B:6♦ 9♦=5  BANKER(W)  | +950원 → 195,300원
H675 | bet   1,000원 BANKER | P:9♠ 4♣ A♠=4  B:5♥ 5♥ 3♦=3  PLAYER(L)  | -1,000원 → 194,300원  [start]
H676 | bet   2,000원 PLAYER | P:2♦ 8♥ 3♣=3  B:Q♦ K♦ A♥=1  PLAYER(W)  | +2,000원 → 196,300원  [end_win]
H677 | bet   1,000원 BANKER | P:Q♥ 10♥ 2♥=2  B:7♣ 7♣ 3♠=7  BANKER(W)  | +950원 → 197,250원
H678 | bet   1,000원 BANKER | P:Q♦ K♣ K♥=0  B:7♠ 8♠=5  BANKER(W)  | +950원 → 198,200원
H679 | bet   1,000원 BANKER | P:5♦ 3♦=8  B:3♥ 5♣=8  TIE(T)  |     0원 → 198,200원
H680 | bet   1,000원 BANKER | P:2♦ 10♦=2  B:8♦ Q♥=8  BANKER(W)  | +950원 → 199,150원
H681 | bet   1,000원 BANKER | P:A♦ Q♣ 4♥=5  B:5♠ Q♥ 4♠=9  BANKER(W)  | +950원 → 200,100원
H682 | bet   1,000원 BANKER | P:10♠ 4♣=4  B:9♦ 9♥=8  BANKER(W)  | +950원 → 201,050원
H683 | bet   1,000원 BANKER | P:Q♣ 5♠ A♥=6  B:A♠ 2♥ 7♥=0  PLAYER(L)  | -1,000원 → 200,050원  [start]
H684 | bet   2,000원 PLAYER | P:10♣ 10♥ 2♦=2  B:6♥ 5♦ 9♥=0  PLAYER(W)  | +2,000원 → 202,050원  [end_win]
H685 | bet   1,000원 BANKER | P:10♥ J♣ 8♦=8  B:A♠ 6♥=7  PLAYER(L)  | -1,000원 → 201,050원  [start]
H686 | bet   2,000원 PLAYER | P:8♥ K♦=8  B:7♦ 10♣=7  PLAYER(W)  | +2,000원 → 203,050원  [end_win]
H687 | bet   1,000원 BANKER | P:3♠ J♥ K♦=3  B:J♦ 6♣=6  BANKER(W)  | +950원 → 204,000원
H688 | bet   1,000원 BANKER | P:10♥ 6♣=6  B:7♥ 4♦ 2♣=3  PLAYER(L)  | -1,000원 → 203,000원  [start]
H689 | bet   2,000원 PLAYER | P:2♦ 9♦ 2♠=3  B:6♣ K♣=6  BANKER(L)  | -2,000원 → 201,000원
H690 | bet   4,000원 PLAYER | P:K♠ A♠=1  B:J♦ 8♠=8  BANKER(L)  | -4,000원 → 197,000원
H691 | bet   8,000원 PLAYER | P:K♣ 9♣=9  B:A♥ A♠=2  PLAYER(W)  | +8,000원 → 205,000원  [end_win]
H692 | bet   1,000원 BANKER | P:4♠ J♦ 10♥=4  B:8♣ 4♥ 6♦=8  BANKER(W)  | +950원 → 205,950원
H693 | bet   1,000원 BANKER | P:K♦ 9♥=9  B:5♦ 4♦=9  TIE(T)  |     0원 → 205,950원
H694 | bet   1,000원 BANKER | P:K♣ A♦=1  B:K♥ 9♦=9  BANKER(W)  | +950원 → 206,900원
H695 | bet   1,000원 BANKER | P:A♣ 2♥=3  B:9♦ J♥=9  BANKER(W)  | +950원 → 207,850원
H696 | bet   1,000원 BANKER | P:J♥ 5♠=5  B:8♠ Q♠=8  BANKER(W)  | +950원 → 208,800원
H697 | bet   1,000원 BANKER | P:8♠ Q♠=8  B:4♦ Q♠=4  PLAYER(L)  | -1,000원 → 207,800원  [start]
H698 | bet   2,000원 PLAYER | P:K♣ 10♠ 3♣=3  B:7♥ Q♠=7  BANKER(L)  | -2,000원 → 205,800원
H699 | bet   4,000원 PLAYER | P:2♣ A♥ 7♦=0  B:3♠ 7♥ 9♥=9  BANKER(L)  | -4,000원 → 201,800원
H700 | bet   8,000원 PLAYER | P:6♣ 7♥ Q♦=3  B:7♦ 10♣=7  BANKER(L)  | -8,000원 → 193,800원
H701 | bet  16,000원 PLAYER | P:2♦ K♣ 10♠=2  B:4♠ 7♦ 6♥=7  BANKER(L)  | -16,000원 → 177,800원  [end_giveup]
H702 | bet   1,000원 BANKER | P:J♠ 4♠ Q♦=4  B:K♠ 10♣ 8♠=8  BANKER(W)  | +950원 → 178,750원
H703 | bet   1,000원 BANKER | P:4♠ K♣ A♦=5  B:K♠ 6♣=6  BANKER(W)  | +950원 → 179,700원
H704 | bet   1,000원 BANKER | P:J♠ 10♦ 5♥=5  B:6♥ 4♥ 8♥=8  BANKER(W)  | +950원 → 180,650원
H705 | bet   1,000원 BANKER | P:3♣ 3♠=6  B:8♥ Q♣=8  BANKER(W)  | +950원 → 181,600원
H706 | bet   1,000원 BANKER | P:5♣ 2♣=7  B:3♦ 9♣ J♠=2  PLAYER(L)  | -1,000원 → 180,600원  [start]
H707 | bet   2,000원 PLAYER | P:5♣ 8♦ A♥=4  B:6♠ 5♣ 2♠=3  PLAYER(W)  | +2,000원 → 182,600원  [end_win]
H708 | bet   1,000원 BANKER | P:7♣ 5♥ 5♦=7  B:7♣ 9♣=6  PLAYER(L)  | -1,000원 → 181,600원  [start]
H709 | bet   2,000원 PLAYER | P:A♥ 3♠ A♥=5  B:A♣ 3♠=4  PLAYER(W)  | +2,000원 → 183,600원  [end_win]
H710 | bet   1,000원 BANKER | P:3♦ 8♦ A♣=2  B:4♥ 3♠=7  BANKER(W)  | +950원 → 184,550원
H711 | bet   1,000원 BANKER | P:5♦ 3♥=8  B:3♥ 4♣=7  PLAYER(L)  | -1,000원 → 183,550원  [start]
H712 | bet   2,000원 PLAYER | P:10♣ J♣ 7♠=7  B:5♠ 8♦ Q♥=3  PLAYER(W)  | +2,000원 → 185,550원  [end_win]
H713 | bet   1,000원 BANKER | P:J♣ K♠ 3♥=3  B:10♥ A♦ 8♥=9  BANKER(W)  | +950원 → 186,500원
H714 | bet   1,000원 BANKER | P:J♥ 6♦=6  B:2♠ J♠ 9♠=1  PLAYER(L)  | -1,000원 → 185,500원  [start]
H715 | bet   2,000원 PLAYER | P:4♦ 4♥=8  B:9♣ 8♣=7  PLAYER(W)  | +2,000원 → 187,500원  [end_win]
H716 | bet   1,000원 BANKER | P:8♦ 6♥ Q♥=4  B:J♠ 3♦ 2♠=5  BANKER(W)  | +950원 → 188,450원
H717 | bet   1,000원 BANKER | P:3♣ 7♥ Q♦=0  B:5♣ J♥=5  BANKER(W)  | +950원 → 189,400원
H718 | bet   1,000원 BANKER | P:A♣ 4♦ 4♦=9  B:3♦ Q♣ 8♣=1  PLAYER(L)  | -1,000원 → 188,400원  [start]
H719 | bet   2,000원 PLAYER | P:10♠ Q♥ 8♥=8  B:K♥ 4♠=4  PLAYER(W)  | +2,000원 → 190,400원  [end_win]
H720 | bet   1,000원 BANKER | P:8♥ K♥=8  B:A♣ J♠=1  PLAYER(L)  | -1,000원 → 189,400원  [start]
H721 | bet   2,000원 PLAYER | P:3♠ 9♦ 5♣=7  B:J♣ J♠ K♥=0  PLAYER(W)  | +2,000원 → 191,400원  [end_win]
H722 | bet   1,000원 BANKER | P:Q♥ 4♣ Q♣=4  B:Q♦ J♣ 2♠=2  PLAYER(L)  | -1,000원 → 190,400원  [start]
H723 | bet   2,000원 PLAYER | P:4♥ J♦=4  B:10♥ 9♣=9  BANKER(L)  | -2,000원 → 188,400원
H724 | bet   4,000원 PLAYER | P:9♠ K♦=9  B:4♠ 9♠=3  PLAYER(W)  | +4,000원 → 192,400원  [end_win]
H725 | bet   1,000원 BANKER | P:7♠ 9♥=6  B:10♠ J♦ Q♣=0  PLAYER(L)  | -1,000원 → 191,400원  [start]
H726 | bet   2,000원 PLAYER | P:4♦ 8♣ 6♦=8  B:8♠ 9♦=7  PLAYER(W)  | +2,000원 → 193,400원  [end_win]
H727 | bet   1,000원 BANKER | P:7♠ 4♣ 8♥=9  B:6♣ J♥=6  PLAYER(L)  | -1,000원 → 192,400원  [start]
H728 | bet   2,000원 PLAYER | P:Q♦ 2♠ 8♣=0  B:J♦ A♣ 2♥=3  BANKER(L)  | -2,000원 → 190,400원
H729 | bet   4,000원 PLAYER | P:K♦ 3♥ 5♦=8  B:3♣ 10♦ A♦=4  PLAYER(W)  | +4,000원 → 194,400원  [end_win]
H730 | bet   1,000원 BANKER | P:10♣ 10♣ 9♠=9  B:Q♠ 7♣=7  PLAYER(L)  | -1,000원 → 193,400원  [start]
H731 | bet   2,000원 PLAYER | P:2♣ 6♠=8  B:2♦ 8♦=0  PLAYER(W)  | +2,000원 → 195,400원  [end_win]
H732 | bet   1,000원 BANKER | P:A♣ 4♠ 9♠=4  B:4♦ 2♥=6  BANKER(W)  | +950원 → 196,350원
H733 | bet   1,000원 BANKER | P:10♦ 4♣ 7♠=1  B:Q♥ 2♠ K♣=2  BANKER(W)  | +950원 → 197,300원
H734 | bet   1,000원 BANKER | P:7♦ 6♦ 8♣=1  B:2♣ 2♣=4  BANKER(W)  | +950원 → 198,250원
H735 | bet   1,000원 BANKER | P:9♠ 3♣ 2♥=4  B:A♥ K♠ Q♠=1  PLAYER(L)  | -1,000원 → 197,250원  [start]
H736 | bet   2,000원 PLAYER | P:5♥ 6♣ 9♦=0  B:7♣ 7♣=4  BANKER(L)  | -2,000원 → 195,250원
H737 | bet   4,000원 PLAYER | P:9♠ 5♦ Q♦=4  B:Q♥ 10♣ 9♦=9  BANKER(L)  | -4,000원 → 191,250원
H738 | bet   8,000원 PLAYER | P:5♥ 3♠=8  B:6♦ Q♦=6  PLAYER(W)  | +8,000원 → 199,250원  [end_win]
H739 | bet   1,000원 BANKER | P:8♠ A♥=9  B:4♠ 10♠=4  PLAYER(L)  | -1,000원 → 198,250원  [start]
H740 | bet   2,000원 PLAYER | P:7♣ 2♦=9  B:A♥ 3♣=4  PLAYER(W)  | +2,000원 → 200,250원  [end_win]
H741 | bet   1,000원 BANKER | P:3♦ A♦ 9♦=3  B:A♣ A♦ K♦=2  PLAYER(L)  | -1,000원 → 199,250원  [start]
H742 | bet   2,000원 PLAYER | P:8♦ 2♠ 4♠=4  B:3♦ 4♦=7  BANKER(L)  | -2,000원 → 197,250원
H743 | bet   4,000원 PLAYER | P:5♠ 10♠ J♣=5  B:4♠ 7♥ 3♣=4  PLAYER(W)  | +4,000원 → 201,250원  [end_win]
H744 | bet   1,000원 BANKER | P:2♣ 4♥=6  B:7♦ 10♠=7  BANKER(W)  | +950원 → 202,200원
H745 | bet   1,000원 BANKER | P:A♠ 2♥ K♠=3  B:Q♥ 4♥=4  BANKER(W)  | +950원 → 203,150원
H746 | bet   1,000원 BANKER | P:K♣ 9♠=9  B:J♥ 8♦=8  PLAYER(L)  | -1,000원 → 202,150원  [start]
H747 | bet   2,000원 PLAYER | P:9♣ J♠=9  B:3♦ 2♠=5  PLAYER(W)  | +2,000원 → 204,150원  [end_win]
H748 | bet   1,000원 BANKER | P:9♠ Q♦=9  B:J♠ K♠=0  PLAYER(L)  | -1,000원 → 203,150원  [start]
H749 | bet   2,000원 PLAYER | P:Q♣ J♦=0  B:9♠ 9♦=8  BANKER(L)  | -2,000원 → 201,150원
H750 | bet   4,000원 PLAYER | P:3♦ 5♠=8  B:2♣ 4♠=6  PLAYER(W)  | +4,000원 → 205,150원  [end_win]
H751 | bet   1,000원 BANKER | P:Q♥ 10♦ Q♦=0  B:2♣ 4♥=6  BANKER(W)  | +950원 → 206,100원
H752 | bet   1,000원 BANKER | P:3♥ 2♣ 5♥=0  B:J♣ K♥ 6♥=6  BANKER(W)  | +950원 → 207,050원
H753 | bet   1,000원 BANKER | P:2♣ A♦ 4♦=7  B:2♦ 2♠ Q♥=4  PLAYER(L)  | -1,000원 → 206,050원  [start]
H754 | bet   2,000원 PLAYER | P:10♥ 7♠=7  B:3♠ 2♥ Q♦=5  PLAYER(W)  | +2,000원 → 208,050원  [end_win]
H755 | bet   1,000원 BANKER | P:A♦ 3♦ 6♠=0  B:6♦ 6♠ 9♦=1  BANKER(W)  | +950원 → 209,000원
H756 | bet   1,000원 BANKER | P:10♣ J♦ Q♣=0  B:7♣ 4♠ 9♥=0  TIE(T)  |     0원 → 209,000원
H757 | bet   1,000원 BANKER | P:K♣ 4♦=4  B:7♦ 2♦=9  BANKER(W)  | +950원 → 209,950원
H758 | bet   1,000원 BANKER | P:5♣ 2♦=7  B:8♦ A♦=9  BANKER(W)  | +950원 → 210,900원
H759 | bet   1,000원 BANKER | P:10♥ 4♥ 10♣=4  B:J♣ 2♣ Q♠=2  PLAYER(L)  | -1,000원 → 209,900원  [start]
H760 | bet   2,000원 PLAYER | P:10♥ 5♣ 4♣=9  B:K♥ Q♣ A♦=1  PLAYER(W)  | +2,000원 → 211,900원  [end_win]
H761 | bet   1,000원 BANKER | P:2♦ K♥=2  B:4♣ 4♦=8  BANKER(W)  | +950원 → 212,850원
H762 | bet   1,000원 BANKER | P:9♠ 7♥=6  B:4♣ 4♠=8  BANKER(W)  | +950원 → 213,800원
H763 | bet   1,000원 BANKER | P:K♦ 7♦=7  B:A♦ 6♣=7  TIE(T)  |     0원 → 213,800원
H764 | bet   1,000원 BANKER | P:3♥ A♠ 4♠=8  B:10♦ 6♥=6  PLAYER(L)  | -1,000원 → 212,800원  [start]
H765 | bet   2,000원 PLAYER | P:5♦ 9♣=4  B:A♠ 7♣=8  BANKER(L)  | -2,000원 → 210,800원
H766 | bet   4,000원 PLAYER | P:K♣ 4♠=4  B:J♦ 8♠=8  BANKER(L)  | -4,000원 → 206,800원
H767 | bet   8,000원 PLAYER | P:Q♦ 10♣ 8♦=8  B:K♥ 3♥=3  PLAYER(W)  | +8,000원 → 214,800원  [end_win]
H768 | bet   1,000원 BANKER | P:5♥ J♥=5  B:K♠ 9♥=9  BANKER(W)  | +950원 → 215,750원
H769 | bet   1,000원 BANKER | P:7♣ K♦=7  B:2♣ 10♠ 10♣=2  PLAYER(L)  | -1,000원 → 214,750원  [start]
H770 | bet   2,000원 PLAYER | P:5♥ 2♠=7  B:J♦ 5♦ 6♠=1  PLAYER(W)  | +2,000원 → 216,750원  [end_win]
H771 | bet   1,000원 BANKER | P:Q♠ A♠ 6♦=7  B:4♥ 10♣ 6♥=0  PLAYER(L)  | -1,000원 → 215,750원  [start]
H772 | bet   2,000원 PLAYER | P:2♥ 10♦ 3♦=5  B:10♦ 10♥ 9♦=9  BANKER(L)  | -2,000원 → 213,750원
H773 | bet   4,000원 PLAYER | P:9♦ 2♥ K♣=1  B:2♥ 5♠=7  BANKER(L)  | -4,000원 → 209,750원
H774 | bet   8,000원 PLAYER | P:7♥ 3♠ A♦=1  B:J♠ Q♠ J♠=0  PLAYER(W)  | +8,000원 → 217,750원  [end_win]
H775 | bet   1,000원 BANKER | P:8♥ Q♣=8  B:10♠ 9♥=9  BANKER(W)  | +950원 → 218,700원
H776 | bet   1,000원 BANKER | P:4♦ 5♦=9  B:3♣ 3♣=6  PLAYER(L)  | -1,000원 → 217,700원  [start]
H777 | bet   2,000원 PLAYER | P:3♥ 5♠=8  B:J♣ 6♠=6  PLAYER(W)  | +2,000원 → 219,700원  [end_win]
H778 | bet   1,000원 BANKER | P:K♣ 7♦=7  B:10♦ Q♣ 2♠=2  PLAYER(L)  | -1,000원 → 218,700원  [start]
H779 | bet   2,000원 PLAYER | P:7♥ 4♥ 4♦=5  B:10♦ 6♥=6  BANKER(L)  | -2,000원 → 216,700원
H780 | bet   4,000원 PLAYER | P:10♥ A♥ J♣=1  B:J♥ Q♦ A♠=1  TIE(T)  |     0원 → 216,700원
H781 | bet   4,000원 PLAYER | P:2♦ 4♦=6  B:Q♠ 3♠ J♣=3  PLAYER(W)  | +4,000원 → 220,700원  [end_win]
H782 | bet   1,000원 BANKER | P:J♦ A♣ 6♣=7  B:K♠ K♦ 9♥=9  BANKER(W)  | +950원 → 221,650원
H783 | bet   1,000원 BANKER | P:Q♠ 8♣=8  B:10♦ 8♦=8  TIE(T)  |     0원 → 221,650원
H784 | bet   1,000원 BANKER | P:A♠ 2♠ 6♥=9  B:J♣ 3♣ K♣=3  PLAYER(L)  | -1,000원 → 220,650원  [start]
H785 | bet   2,000원 PLAYER | P:5♠ A♣=6  B:10♦ 2♦ 2♠=4  PLAYER(W)  | +2,000원 → 222,650원  [end_win]
H786 | bet   1,000원 BANKER | P:2♥ A♣ 8♥=1  B:8♣ 9♠=7  BANKER(W)  | +950원 → 223,600원
H787 | bet   1,000원 BANKER | P:5♣ K♠=5  B:A♥ 7♠=8  BANKER(W)  | +950원 → 224,550원
H788 | bet   1,000원 BANKER | P:Q♣ A♣ 6♦=7  B:7♠ 8♥ 5♣=0  PLAYER(L)  | -1,000원 → 223,550원  [start]
H789 | bet   2,000원 PLAYER | P:K♣ 8♥=8  B:3♥ 9♦=2  PLAYER(W)  | +2,000원 → 225,550원  [end_win]
H790 | bet   1,000원 BANKER | P:3♣ 6♠=9  B:K♠ 8♠=8  PLAYER(L)  | -1,000원 → 224,550원  [start]
H791 | bet   2,000원 PLAYER | P:7♥ A♥=8  B:3♦ 7♥=0  PLAYER(W)  | +2,000원 → 226,550원  [end_win]
H792 | bet   1,000원 BANKER | P:3♥ A♥=4  B:8♣ Q♥=8  BANKER(W)  | +950원 → 227,500원
H793 | bet   1,000원 BANKER | P:8♣ 6♦=4  B:7♣ 2♥=9  BANKER(W)  | +950원 → 228,450원
H794 | bet   1,000원 BANKER | P:10♥ 9♠=9  B:5♣ 8♦=3  PLAYER(L)  | -1,000원 → 227,450원  [start]
H795 | bet   2,000원 PLAYER | P:5♣ 10♣=5  B:4♥ 4♣=8  BANKER(L)  | -2,000원 → 225,450원
H796 | bet   4,000원 PLAYER | P:K♦ 8♠=8  B:7♦ Q♦=7  PLAYER(W)  | +4,000원 → 229,450원  [end_win]
H797 | bet   1,000원 BANKER | P:5♠ 8♠ 6♣=9  B:6♣ 10♥ 6♦=2  PLAYER(L)  | -1,000원 → 228,450원  [start]
H798 | bet   2,000원 PLAYER | P:7♠ Q♥=7  B:K♥ 6♣=6  PLAYER(W)  | +2,000원 → 230,450원  [end_win]
H799 | bet   1,000원 BANKER | P:7♠ 9♣=6  B:3♠ J♥ 3♠=6  TIE(T)  |     0원 → 230,450원
H800 | bet   1,000원 BANKER | P:5♦ 9♥ A♣=5  B:5♦ A♣=6  BANKER(W)  | +950원 → 231,400원
H801 | bet   1,000원 BANKER | P:8♣ K♠=8  B:Q♠ 3♠=3  PLAYER(L)  | -1,000원 → 230,400원  [start]
H802 | bet   2,000원 PLAYER | P:6♥ 3♠=9  B:K♥ 10♠=0  PLAYER(W)  | +2,000원 → 232,400원  [end_win]
H803 | bet   1,000원 BANKER | P:A♠ 7♣=8  B:7♦ 2♥=9  BANKER(W)  | +950원 → 233,350원
H804 | bet   1,000원 BANKER | P:A♥ 8♦=9  B:5♥ J♠=5  PLAYER(L)  | -1,000원 → 232,350원  [start]
H805 | bet   2,000원 PLAYER | P:J♠ 4♣ 3♣=7  B:7♠ 9♠=6  PLAYER(W)  | +2,000원 → 234,350원  [end_win]
H806 | bet   1,000원 BANKER | P:3♦ 5♠=8  B:4♣ K♠=4  PLAYER(L)  | -1,000원 → 233,350원  [start]
H807 | bet   2,000원 PLAYER | P:8♥ K♦=8  B:8♣ A♣=9  BANKER(L)  | -2,000원 → 231,350원
H808 | bet   4,000원 PLAYER | P:5♣ 8♥ K♥=3  B:J♠ 3♥ J♥=3  TIE(T)  |     0원 → 231,350원
H809 | bet   4,000원 PLAYER | P:8♣ 6♥ 9♥=3  B:10♥ 6♠=6  BANKER(L)  | -4,000원 → 227,350원
H810 | bet   8,000원 PLAYER | P:2♦ 2♠ 2♣=6  B:5♥ 10♠=5  PLAYER(W)  | +8,000원 → 235,350원  [end_win]
H811 | bet   1,000원 BANKER | P:4♣ 7♣ 5♦=6  B:5♣ 7♣ 6♦=8  BANKER(W)  | +950원 → 236,300원
H812 | bet   1,000원 BANKER | P:9♣ 9♥=8  B:4♥ 7♦=1  PLAYER(L)  | -1,000원 → 235,300원  [start]
H813 | bet   2,000원 PLAYER | P:9♥ J♦=9  B:4♦ 6♠=0  PLAYER(W)  | +2,000원 → 237,300원  [end_win]
H814 | bet   1,000원 BANKER | P:6♥ Q♣=6  B:7♠ J♥=7  BANKER(W)  | +950원 → 238,250원
H815 | bet   1,000원 BANKER | P:9♣ 3♥ 8♣=0  B:6♠ 5♦ 8♠=9  BANKER(W)  | +950원 → 239,200원
H816 | bet   1,000원 BANKER | P:Q♣ J♣ 9♦=9  B:8♥ 8♦=6  PLAYER(L)  | -1,000원 → 238,200원  [start]
H817 | bet   2,000원 PLAYER | P:5♥ 6♣=1  B:10♣ 8♠=8  BANKER(L)  | -2,000원 → 236,200원
H818 | bet   4,000원 PLAYER | P:5♥ 10♠ J♥=5  B:4♣ A♠=5  TIE(T)  |     0원 → 236,200원
H819 | bet   4,000원 PLAYER | P:J♦ J♠=0  B:8♥ J♥=8  BANKER(L)  | -4,000원 → 232,200원
H820 | bet   8,000원 PLAYER | P:Q♠ A♥=1  B:K♣ 8♠=8  BANKER(L)  | -8,000원 → 224,200원
H821 | bet  16,000원 PLAYER | P:3♣ 9♣ 6♣=8  B:Q♠ 7♥=7  PLAYER(W)  | +16,000원 → 240,200원  [end_win]
H822 | bet   1,000원 BANKER | P:6♥ 4♥=0  B:A♦ 7♦=8  BANKER(W)  | +950원 → 241,150원
H823 | bet   1,000원 BANKER | P:8♣ 4♦ 2♥=4  B:8♦ 3♥ 9♥=0  PLAYER(L)  | -1,000원 → 240,150원  [start]
H824 | bet   2,000원 PLAYER | P:9♣ 3♥ 2♦=4  B:A♣ 9♣ 2♠=2  PLAYER(W)  | +2,000원 → 242,150원  [end_win]
H825 | bet   1,000원 BANKER | P:2♣ 9♣ 2♠=3  B:4♥ 3♦=7  BANKER(W)  | +950원 → 243,100원
H826 | bet   1,000원 BANKER | P:9♥ 7♥=6  B:3♠ 5♠=8  BANKER(W)  | +950원 → 244,050원
H827 | bet   1,000원 BANKER | P:4♦ 8♠=2  B:4♣ 4♦=8  BANKER(W)  | +950원 → 245,000원
H828 | bet   1,000원 BANKER | P:J♥ J♣ J♠=0  B:6♣ J♦=6  BANKER(W)  | +950원 → 245,950원
H829 | bet   1,000원 BANKER | P:6♦ 2♥=8  B:A♦ A♦=2  PLAYER(L)  | -1,000원 → 244,950원  [start]
H830 | bet   2,000원 PLAYER | P:3♥ Q♥=3  B:3♠ 6♣=9  BANKER(L)  | -2,000원 → 242,950원
H831 | bet   4,000원 PLAYER | P:7♣ 6♣ J♣=3  B:K♣ A♣ 5♦=6  BANKER(L)  | -4,000원 → 238,950원
H832 | bet   8,000원 PLAYER | P:7♣ 9♣=6  B:Q♥ 10♦ A♦=1  PLAYER(W)  | +8,000원 → 246,950원  [end_win]
H833 | bet   1,000원 BANKER | P:J♣ 3♣ K♠=3  B:5♠ 2♠=7  BANKER(W)  | +950원 → 247,900원
H834 | bet   1,000원 BANKER | P:7♣ 9♣=6  B:10♥ 4♦ 9♠=3  PLAYER(L)  | -1,000원 → 246,900원  [start]
H835 | bet   2,000원 PLAYER | P:10♠ 3♣ A♠=4  B:J♠ K♥ 7♣=7  BANKER(L)  | -2,000원 → 244,900원
H836 | bet   4,000원 PLAYER | P:9♦ Q♥=9  B:A♦ 6♦=7  PLAYER(W)  | +4,000원 → 248,900원  [end_win]
H837 | bet   1,000원 BANKER | P:5♣ 9♦ K♦=4  B:5♠ K♥=5  BANKER(W)  | +950원 → 249,850원
H838 | bet   1,000원 BANKER | P:Q♦ 2♣ 5♥=7  B:3♦ 9♥ 10♦=2  PLAYER(L)  | -1,000원 → 248,850원  [start]
H839 | bet   2,000원 PLAYER | P:7♠ K♣=7  B:8♥ 7♦ 10♥=5  PLAYER(W)  | +2,000원 → 250,850원  [end_win]
H840 | bet   1,000원 BANKER | P:3♥ 2♠ 8♥=3  B:K♠ K♠ A♠=1  PLAYER(L)  | -1,000원 → 249,850원  [start]
H841 | bet   2,000원 PLAYER | P:A♥ 7♦=8  B:3♦ 6♣=9  BANKER(L)  | -2,000원 → 247,850원
H842 | bet   4,000원 PLAYER | P:7♣ 10♦=7  B:2♦ K♣ 4♥=6  PLAYER(W)  | +4,000원 → 251,850원  [end_win]
H843 | bet   1,000원 BANKER | P:5♣ A♠=6  B:A♣ 6♦=7  BANKER(W)  | +950원 → 252,800원
H844 | bet   1,000원 BANKER | P:7♦ 10♣=7  B:10♠ K♥ 2♠=2  PLAYER(L)  | -1,000원 → 251,800원  [start]
H845 | bet   2,000원 PLAYER | P:4♥ 6♦ K♥=0  B:J♠ Q♥ 5♣=5  BANKER(L)  | -2,000원 → 249,800원
H846 | bet   4,000원 PLAYER | P:2♣ 9♣=1  B:K♥ 9♥=9  BANKER(L)  | -4,000원 → 245,800원
H847 | bet   8,000원 PLAYER | P:6♥ A♥=7  B:9♣ Q♠=9  BANKER(L)  | -8,000원 → 237,800원
H848 | bet  16,000원 PLAYER | P:Q♦ 8♥=8  B:10♣ 3♠=3  PLAYER(W)  | +16,000원 → 253,800원  [end_win]
H849 | bet   1,000원 BANKER | P:2♦ Q♣ A♥=3  B:5♦ K♠=5  BANKER(W)  | +950원 → 254,750원
H850 | bet   1,000원 BANKER | P:6♥ 7♥ 4♥=7  B:4♠ Q♦ 10♠=4  PLAYER(L)  | -1,000원 → 253,750원  [start]
H851 | bet   2,000원 PLAYER | P:3♦ J♥ J♠=3  B:J♠ 7♥=7  BANKER(L)  | -2,000원 → 251,750원
H852 | bet   4,000원 PLAYER | P:J♠ 8♠=8  B:7♦ 6♠=3  PLAYER(W)  | +4,000원 → 255,750원  [end_win]
H853 | bet   1,000원 BANKER | P:6♣ 10♣=6  B:J♣ 10♣ 7♦=7  BANKER(W)  | +950원 → 256,700원
H854 | bet   1,000원 BANKER | P:2♥ 2♣ 8♣=2  B:4♦ 9♠=3  BANKER(W)  | +950원 → 257,650원
H855 | bet   1,000원 BANKER | P:4♣ 8♠ 6♥=8  B:10♣ Q♥ 3♥=3  PLAYER(L)  | -1,000원 → 256,650원  [start]
H856 | bet   2,000원 PLAYER | P:Q♣ 7♠=7  B:6♣ 8♦ 9♠=3  PLAYER(W)  | +2,000원 → 258,650원  [end_win]
H857 | bet   1,000원 BANKER | P:6♠ K♦=6  B:A♥ 2♥ 2♦=5  PLAYER(L)  | -1,000원 → 257,650원  [start]
H858 | bet   2,000원 PLAYER | P:K♠ 3♦ 8♠=1  B:4♣ 2♣=6  BANKER(L)  | -2,000원 → 255,650원
H859 | bet   4,000원 PLAYER | P:10♦ 3♣ K♦=3  B:2♥ 10♣ Q♣=2  PLAYER(W)  | +4,000원 → 259,650원  [end_win]
H860 | bet   1,000원 BANKER | P:K♠ 10♥=0  B:7♣ 2♠=9  BANKER(W)  | +950원 → 260,600원
H861 | bet   1,000원 BANKER | P:K♣ 10♦ A♥=1  B:A♠ Q♠ J♣=1  TIE(T)  |     0원 → 260,600원
H862 | bet   1,000원 BANKER | P:A♦ 8♥=9  B:J♦ 4♦=4  PLAYER(L)  | -1,000원 → 259,600원  [start]
H863 | bet   2,000원 PLAYER | P:4♣ 9♠ A♥=4  B:5♦ 5♠ Q♥=0  PLAYER(W)  | +2,000원 → 261,600원  [end_win]
H864 | bet   1,000원 BANKER | P:9♠ K♦=9  B:4♥ K♥=4  PLAYER(L)  | -1,000원 → 260,600원  [start]
H865 | bet   2,000원 PLAYER | P:8♦ 5♣ 10♦=3  B:8♣ 8♦=6  BANKER(L)  | -2,000원 → 258,600원
H866 | bet   4,000원 PLAYER | P:10♠ Q♦=0  B:A♣ 8♦=9  BANKER(L)  | -4,000원 → 254,600원
H867 | bet   8,000원 PLAYER | P:Q♠ J♥ A♠=1  B:3♥ A♣=4  BANKER(L)  | -8,000원 → 246,600원
H868 | bet  16,000원 PLAYER | P:7♣ Q♦=7  B:Q♣ 7♥=7  TIE(T)  |     0원 → 246,600원
H869 | bet  16,000원 PLAYER | P:Q♦ Q♣ 2♠=2  B:A♠ 6♦=7  BANKER(L)  | -16,000원 → 230,600원  [end_giveup]
H870 | bet   1,000원 BANKER | P:10♥ 5♣ 8♥=3  B:3♥ 10♣=3  TIE(T)  |     0원 → 230,600원
H871 | bet   1,000원 BANKER | P:5♠ J♦ 10♠=5  B:5♥ 8♥ 5♠=8  BANKER(W)  | +950원 → 231,550원
H872 | bet   1,000원 BANKER | P:2♦ 6♠=8  B:A♣ Q♥=1  PLAYER(L)  | -1,000원 → 230,550원  [start]
H873 | bet   2,000원 PLAYER | P:10♦ 5♠ 4♠=9  B:2♣ 4♣=6  PLAYER(W)  | +2,000원 → 232,550원  [end_win]
H874 | bet   1,000원 BANKER | P:5♦ 9♥ 2♦=6  B:7♠ K♠=7  BANKER(W)  | +950원 → 233,500원
H875 | bet   1,000원 BANKER | P:3♠ 8♦ 9♥=0  B:6♦ J♠=6  BANKER(W)  | +950원 → 234,450원
H876 | bet   1,000원 BANKER | P:10♠ 4♠ 8♥=2  B:10♠ Q♣ 8♠=8  BANKER(W)  | +950원 → 235,400원
H877 | bet   1,000원 BANKER | P:J♣ K♣ 7♥=7  B:3♦ K♦ 4♠=7  TIE(T)  |     0원 → 235,400원
H878 | bet   1,000원 BANKER | P:2♣ Q♣ A♥=3  B:4♦ K♦=4  BANKER(W)  | +950원 → 236,350원
H879 | bet   1,000원 BANKER | P:7♥ 4♣ 3♣=4  B:K♣ 6♠=6  BANKER(W)  | +950원 → 237,300원
H880 | bet   1,000원 BANKER | P:6♥ A♠=7  B:8♦ 7♠ 5♦=0  PLAYER(L)  | -1,000원 → 236,300원  [start]
H881 | bet   2,000원 PLAYER | P:9♦ J♣=9  B:7♦ 5♥=2  PLAYER(W)  | +2,000원 → 238,300원  [end_win]
H882 | bet   1,000원 BANKER | P:3♠ 7♠ 4♣=4  B:3♠ J♦ 3♣=6  BANKER(W)  | +950원 → 239,250원
H883 | bet   1,000원 BANKER | P:7♥ 6♠ K♠=3  B:7♠ 3♣ 6♥=6  BANKER(W)  | +950원 → 240,200원
H884 | bet   1,000원 BANKER | P:2♠ 3♦ 5♥=0  B:10♥ 10♠ 3♠=3  BANKER(W)  | +950원 → 241,150원
H885 | bet   1,000원 BANKER | P:2♥ A♥ A♦=4  B:Q♠ 10♥ 5♣=5  BANKER(W)  | +950원 → 242,100원
H886 | bet   1,000원 BANKER | P:9♦ 5♥ 4♠=8  B:6♠ 8♣ 4♦=8  TIE(T)  |     0원 → 242,100원
H887 | bet   1,000원 BANKER | P:K♥ 7♥=7  B:9♥ 2♣ J♦=1  PLAYER(L)  | -1,000원 → 241,100원  [start]
H888 | bet   2,000원 PLAYER | P:9♣ 5♥ K♦=4  B:10♦ 4♠=4  TIE(T)  |     0원 → 241,100원
H889 | bet   2,000원 PLAYER | P:7♦ 9♦=6  B:3♣ A♣ 6♠=0  PLAYER(W)  | +2,000원 → 243,100원  [end_win]
H890 | bet   1,000원 BANKER | P:8♣ 10♥=8  B:5♥ 2♥=7  PLAYER(L)  | -1,000원 → 242,100원  [start]
H891 | bet   2,000원 PLAYER | P:8♠ 3♣=1  B:9♦ J♥=9  BANKER(L)  | -2,000원 → 240,100원
H892 | bet   4,000원 PLAYER | P:9♦ K♣=9  B:J♥ 5♦=5  PLAYER(W)  | +4,000원 → 244,100원  [end_win]
H893 | bet   1,000원 BANKER | P:A♦ 8♦=9  B:5♦ Q♠=5  PLAYER(L)  | -1,000원 → 243,100원  [start]
H894 | bet   2,000원 PLAYER | P:6♥ 5♣ 6♣=7  B:Q♠ Q♥ 5♣=5  PLAYER(W)  | +2,000원 → 245,100원  [end_win]
H895 | bet   1,000원 BANKER | P:3♥ J♥=3  B:2♦ 6♥=8  BANKER(W)  | +950원 → 246,050원
H896 | bet   1,000원 BANKER | P:9♠ 4♥ 10♣=3  B:A♣ J♦ 10♥=1  PLAYER(L)  | -1,000원 → 245,050원  [start]
H897 | bet   2,000원 PLAYER | P:K♥ 6♦=6  B:J♥ 6♦=6  TIE(T)  |     0원 → 245,050원
H898 | bet   2,000원 PLAYER | P:6♣ J♦=6  B:9♥ 4♥ Q♣=3  PLAYER(W)  | +2,000원 → 247,050원  [end_win]
H899 | bet   1,000원 BANKER | P:Q♠ A♠ 8♣=9  B:4♠ J♠=4  PLAYER(L)  | -1,000원 → 246,050원  [start]
H900 | bet   2,000원 PLAYER | P:Q♠ 5♦ J♥=5  B:8♥ 4♠ 9♦=1  PLAYER(W)  | +2,000원 → 248,050원  [end_win]
H901 | bet   1,000원 BANKER | P:3♦ 3♠=6  B:7♠ K♣=7  BANKER(W)  | +950원 → 249,000원
H902 | bet   1,000원 BANKER | P:Q♦ 8♣=8  B:2♥ J♦=2  PLAYER(L)  | -1,000원 → 248,000원  [start]
H903 | bet   2,000원 PLAYER | P:8♠ 5♠ 4♣=7  B:K♦ 5♥ 7♣=2  PLAYER(W)  | +2,000원 → 250,000원  [end_win]
H904 | bet   1,000원 BANKER | P:7♥ Q♦=7  B:Q♠ 5♠ 8♥=3  PLAYER(L)  | -1,000원 → 249,000원  [start]
H905 | bet   2,000원 PLAYER | P:A♣ 6♥=7  B:6♦ A♥=7  TIE(T)  |     0원 → 249,000원
H906 | bet   2,000원 PLAYER | P:4♥ 5♠=9  B:3♦ 4♣=7  PLAYER(W)  | +2,000원 → 251,000원  [end_win]
H907 | bet   1,000원 BANKER | P:2♥ Q♣ 9♦=1  B:5♣ K♥=5  BANKER(W)  | +950원 → 251,950원
H908 | bet   1,000원 BANKER | P:5♦ 5♦ 4♥=4  B:10♦ J♦ 2♣=2  PLAYER(L)  | -1,000원 → 250,950원  [start]
H909 | bet   2,000원 PLAYER | P:K♠ 7♥=7  B:6♦ Q♦=6  PLAYER(W)  | +2,000원 → 252,950원  [end_win]
H910 | bet   1,000원 BANKER | P:A♠ 8♠=9  B:A♦ 9♦=0  PLAYER(L)  | -1,000원 → 251,950원  [start]
H911 | bet   2,000원 PLAYER | P:3♦ 7♠ 7♣=7  B:J♦ 4♥ 6♥=0  PLAYER(W)  | +2,000원 → 253,950원  [end_win]
H912 | bet   1,000원 BANKER | P:9♦ 2♠=1  B:7♠ A♣=8  BANKER(W)  | +950원 → 254,900원
H913 | bet   1,000원 BANKER | P:4♠ 6♣ 7♥=7  B:2♥ 3♦ 5♥=0  PLAYER(L)  | -1,000원 → 253,900원  [start]
H914 | bet   2,000원 PLAYER | P:A♦ 10♣ K♣=1  B:K♦ K♣ 4♦=4  BANKER(L)  | -2,000원 → 251,900원
H915 | bet   4,000원 PLAYER | P:10♦ A♦ A♠=2  B:7♣ 9♣=6  BANKER(L)  | -4,000원 → 247,900원
H916 | bet   8,000원 PLAYER | P:A♥ J♣ K♥=1  B:3♠ 2♠=5  BANKER(L)  | -8,000원 → 239,900원
H917 | bet  16,000원 PLAYER | P:Q♥ 8♦=8  B:2♣ 5♥=7  PLAYER(W)  | +16,000원 → 255,900원  [end_win]
H918 | bet   1,000원 BANKER | P:4♣ 4♠=8  B:4♣ 5♥=9  BANKER(W)  | +950원 → 256,850원
H919 | bet   1,000원 BANKER | P:9♥ 6♠ 7♦=2  B:5♠ 10♠ K♠=5  BANKER(W)  | +950원 → 257,800원
H920 | bet   1,000원 BANKER | P:8♠ 3♠ 4♠=5  B:3♥ 10♣ 10♣=3  PLAYER(L)  | -1,000원 → 256,800원  [start]
H921 | bet   2,000원 PLAYER | P:9♣ Q♣=9  B:9♦ J♣=9  TIE(T)  |     0원 → 256,800원
H922 | bet   2,000원 PLAYER | P:J♦ K♦ K♥=0  B:8♣ 2♦ 5♠=5  BANKER(L)  | -2,000원 → 254,800원
H923 | bet   4,000원 PLAYER | P:A♠ K♥ 3♣=4  B:A♥ 6♣=7  BANKER(L)  | -4,000원 → 250,800원
H924 | bet   8,000원 PLAYER | P:2♣ 8♦ 8♦=8  B:Q♥ J♥ 2♠=2  PLAYER(W)  | +8,000원 → 258,800원  [end_win]
H925 | bet   1,000원 BANKER | P:2♦ K♣ Q♣=2  B:K♣ 7♣=7  BANKER(W)  | +950원 → 259,750원
H926 | bet   1,000원 BANKER | P:J♣ 5♦ 10♦=5  B:10♠ 3♠ A♥=4  PLAYER(L)  | -1,000원 → 258,750원  [start]
H927 | bet   2,000원 PLAYER | P:2♥ 4♥=6  B:5♣ 7♦ 3♣=5  PLAYER(W)  | +2,000원 → 260,750원  [end_win]
H928 | bet   1,000원 BANKER | P:4♦ 5♥=9  B:2♦ 8♥=0  PLAYER(L)  | -1,000원 → 259,750원  [start]
H929 | bet   2,000원 PLAYER | P:A♦ Q♠ 3♣=4  B:7♥ 7♦ 7♠=1  PLAYER(W)  | +2,000원 → 261,750원  [end_win]
H930 | bet   1,000원 BANKER | P:3♣ Q♠ 8♣=1  B:10♣ Q♥ 7♠=7  BANKER(W)  | +950원 → 262,700원
H931 | bet   1,000원 BANKER | P:10♣ A♠ A♦=2  B:3♠ K♠ 9♥=2  TIE(T)  |     0원 → 262,700원
H932 | bet   1,000원 BANKER | P:J♣ K♦ 6♦=6  B:5♦ 5♦ Q♣=0  PLAYER(L)  | -1,000원 → 261,700원  [start]
H933 | bet   2,000원 PLAYER | P:Q♥ K♥ 6♥=6  B:Q♥ Q♣ 6♦=6  TIE(T)  |     0원 → 261,700원
H934 | bet   2,000원 PLAYER | P:8♣ K♠=8  B:Q♦ 4♦=4  PLAYER(W)  | +2,000원 → 263,700원  [end_win]
H935 | bet   1,000원 BANKER | P:9♠ 9♥=8  B:8♥ 8♦=6  PLAYER(L)  | -1,000원 → 262,700원  [start]
H936 | bet   2,000원 PLAYER | P:2♦ 6♣=8  B:K♥ A♥=1  PLAYER(W)  | +2,000원 → 264,700원  [end_win]
H937 | bet   1,000원 BANKER | P:J♠ 5♠ 5♥=0  B:2♦ A♣ 3♠=6  BANKER(W)  | +950원 → 265,650원
H938 | bet   1,000원 BANKER | P:8♥ 2♥ 6♠=6  B:3♣ 4♥=7  BANKER(W)  | +950원 → 266,600원
H939 | bet   1,000원 BANKER | P:2♠ A♣ 6♥=9  B:5♣ 8♣ 8♣=1  PLAYER(L)  | -1,000원 → 265,600원  [start]
H940 | bet   2,000원 PLAYER | P:2♣ 7♣=9  B:10♦ 8♣=8  PLAYER(W)  | +2,000원 → 267,600원  [end_win]
H941 | bet   1,000원 BANKER | P:2♣ J♥ 4♠=6  B:4♥ 10♣ 4♦=8  BANKER(W)  | +950원 → 268,550원
H942 | bet   1,000원 BANKER | P:5♣ 5♦ 3♣=3  B:J♠ Q♥ Q♣=0  PLAYER(L)  | -1,000원 → 267,550원  [start]
H943 | bet   2,000원 PLAYER | P:9♦ 8♣=7  B:3♥ 5♦=8  BANKER(L)  | -2,000원 → 265,550원
H944 | bet   4,000원 PLAYER | P:2♥ 5♣=7  B:7♦ K♣=7  TIE(T)  |     0원 → 265,550원
H945 | bet   4,000원 PLAYER | P:Q♠ 4♣ 8♥=2  B:7♥ 10♦=7  BANKER(L)  | -4,000원 → 261,550원
H946 | bet   8,000원 PLAYER | P:Q♣ 9♠=9  B:10♥ 4♦=4  PLAYER(W)  | +8,000원 → 269,550원  [end_win]
H947 | bet   1,000원 BANKER | P:9♣ 6♥ 4♠=9  B:Q♦ K♣ 10♠=0  PLAYER(L)  | -1,000원 → 268,550원  [start]
H948 | bet   2,000원 PLAYER | P:8♦ K♠=8  B:K♣ A♣=1  PLAYER(W)  | +2,000원 → 270,550원  [end_win]
H949 | bet   1,000원 BANKER | P:10♥ 2♦ 5♥=7  B:9♥ 7♠=6  PLAYER(L)  | -1,000원 → 269,550원  [start]
H950 | bet   2,000원 PLAYER | P:8♥ 6♠ 3♥=7  B:Q♠ 3♥ 4♠=7  TIE(T)  |     0원 → 269,550원
H951 | bet   2,000원 PLAYER | P:A♣ 3♠=4  B:9♠ 9♦=8  BANKER(L)  | -2,000원 → 267,550원
H952 | bet   4,000원 PLAYER | P:5♥ J♠ Q♥=5  B:10♥ 3♦ 4♣=7  BANKER(L)  | -4,000원 → 263,550원
H953 | bet   8,000원 PLAYER | P:8♥ 7♠=5  B:4♠ 5♣=9  BANKER(L)  | -8,000원 → 255,550원
H954 | bet  16,000원 PLAYER | P:2♠ K♥ 9♣=1  B:6♠ A♦=7  BANKER(L)  | -16,000원 → 239,550원  [end_giveup]
H955 | bet   1,000원 BANKER | P:3♥ Q♦ 6♠=9  B:2♠ 5♥=7  PLAYER(L)  | -1,000원 → 238,550원  [start]
H956 | bet   2,000원 PLAYER | P:8♠ J♣=8  B:6♣ 5♠=1  PLAYER(W)  | +2,000원 → 240,550원  [end_win]
H957 | bet   1,000원 BANKER | P:A♥ J♥ 3♣=4  B:A♦ J♠ 6♥=7  BANKER(W)  | +950원 → 241,500원
H958 | bet   1,000원 BANKER | P:10♠ J♦ J♥=0  B:6♠ J♦=6  BANKER(W)  | +950원 → 242,450원
H959 | bet   1,000원 BANKER | P:9♠ 6♦ K♠=5  B:7♦ 10♥=7  BANKER(W)  | +950원 → 243,400원
H960 | bet   1,000원 BANKER | P:9♠ A♠ J♣=0  B:K♠ Q♠ 6♠=6  BANKER(W)  | +950원 → 244,350원
H961 | bet   1,000원 BANKER | P:A♣ 7♣=8  B:3♦ 6♦=9  BANKER(W)  | +950원 → 245,300원
H962 | bet   1,000원 BANKER | P:J♥ 7♥=7  B:2♣ 4♣=6  PLAYER(L)  | -1,000원 → 244,300원  [start]
H963 | bet   2,000원 PLAYER | P:9♦ 9♥=8  B:J♠ 5♠=5  PLAYER(W)  | +2,000원 → 246,300원  [end_win]
H964 | bet   1,000원 BANKER | P:8♠ 9♣=7  B:8♠ 2♣ Q♣=0  PLAYER(L)  | -1,000원 → 245,300원  [start]
H965 | bet   2,000원 PLAYER | P:Q♦ Q♠ 4♠=4  B:6♣ 8♦ 10♦=4  TIE(T)  |     0원 → 245,300원
H966 | bet   2,000원 PLAYER | P:7♦ 10♠=7  B:9♦ 6♠ J♥=5  PLAYER(W)  | +2,000원 → 247,300원  [end_win]
H967 | bet   1,000원 BANKER | P:4♥ K♥=4  B:10♣ 8♠=8  BANKER(W)  | +950원 → 248,250원
H968 | bet   1,000원 BANKER | P:9♣ 10♥=9  B:A♦ K♠=1  PLAYER(L)  | -1,000원 → 247,250원  [start]
H969 | bet   2,000원 PLAYER | P:A♠ 10♥ 2♠=3  B:2♥ 10♠ 3♦=5  BANKER(L)  | -2,000원 → 245,250원
H970 | bet   4,000원 PLAYER | P:J♣ 2♥ K♦=2  B:2♦ 8♣ 5♣=5  BANKER(L)  | -4,000원 → 241,250원
H971 | bet   8,000원 PLAYER | P:9♥ A♠ 4♦=4  B:3♦ 3♠=6  BANKER(L)  | -8,000원 → 233,250원
H972 | bet  16,000원 PLAYER | P:7♣ 7♥ 4♣=8  B:9♣ 2♥ A♥=2  PLAYER(W)  | +16,000원 → 249,250원  [end_win]
H973 | bet   1,000원 BANKER | P:8♠ Q♦=8  B:8♠ Q♠=8  TIE(T)  |     0원 → 249,250원
H974 | bet   1,000원 BANKER | P:2♦ 9♥ 6♥=7  B:J♦ J♥ 7♣=7  TIE(T)  |     0원 → 249,250원
H975 | bet   1,000원 BANKER | P:10♥ 8♥=8  B:J♦ 6♣=6  PLAYER(L)  | -1,000원 → 248,250원  [start]
H976 | bet   2,000원 PLAYER | P:J♠ 9♣=9  B:7♦ 5♦=2  PLAYER(W)  | +2,000원 → 250,250원  [end_win]
H977 | bet   1,000원 BANKER | P:10♠ 10♦ 2♠=2  B:A♥ J♠ J♠=1  PLAYER(L)  | -1,000원 → 249,250원  [start]
H978 | bet   2,000원 PLAYER | P:K♦ 9♥=9  B:9♠ 9♠=8  PLAYER(W)  | +2,000원 → 251,250원  [end_win]
H979 | bet   1,000원 BANKER | P:3♥ 2♣ 9♠=4  B:5♠ 7♣ J♦=2  PLAYER(L)  | -1,000원 → 250,250원  [start]
H980 | bet   2,000원 PLAYER | P:3♥ Q♥ 5♣=8  B:7♥ Q♦=7  PLAYER(W)  | +2,000원 → 252,250원  [end_win]
H981 | bet   1,000원 BANKER | P:K♦ 3♦ 4♥=7  B:K♣ 6♣=6  PLAYER(L)  | -1,000원 → 251,250원  [start]
H982 | bet   2,000원 PLAYER | P:6♦ 3♠=9  B:6♣ A♣=7  PLAYER(W)  | +2,000원 → 253,250원  [end_win]
H983 | bet   1,000원 BANKER | P:7♠ J♥=7  B:8♦ 6♥ K♦=4  PLAYER(L)  | -1,000원 → 252,250원  [start]
H984 | bet   2,000원 PLAYER | P:7♠ 3♥=0  B:4♣ 4♦=8  BANKER(L)  | -2,000원 → 250,250원
H985 | bet   4,000원 PLAYER | P:K♥ Q♣ 10♣=0  B:8♦ 2♦ 2♦=2  BANKER(L)  | -4,000원 → 246,250원
H986 | bet   8,000원 PLAYER | P:J♣ 5♠ 10♣=5  B:Q♥ K♣ Q♠=0  PLAYER(W)  | +8,000원 → 254,250원  [end_win]
H987 | bet   1,000원 BANKER | P:A♦ 2♥=3  B:A♥ 7♠=8  BANKER(W)  | +950원 → 255,200원
H988 | bet   1,000원 BANKER | P:4♥ A♣ A♦=6  B:5♣ 2♥=7  BANKER(W)  | +950원 → 256,150원
H989 | bet   1,000원 BANKER | P:10♥ 3♠ K♠=3  B:A♣ 6♠=7  BANKER(W)  | +950원 → 257,100원
H990 | bet   1,000원 BANKER | P:4♠ 5♥=9  B:4♠ A♣=5  PLAYER(L)  | -1,000원 → 256,100원  [start]
H991 | bet   2,000원 PLAYER | P:7♥ A♠=8  B:Q♥ K♦=0  PLAYER(W)  | +2,000원 → 258,100원  [end_win]
H992 | bet   1,000원 BANKER | P:9♠ 3♦ 10♦=2  B:6♣ 5♦ 4♦=5  BANKER(W)  | +950원 → 259,050원
H993 | bet   1,000원 BANKER | P:7♥ 2♠=9  B:4♦ A♥=5  PLAYER(L)  | -1,000원 → 258,050원  [start]
H994 | bet   2,000원 PLAYER | P:10♥ 10♠ Q♥=0  B:J♥ 5♣=5  BANKER(L)  | -2,000원 → 256,050원
H995 | bet   4,000원 PLAYER | P:4♦ 4♣=8  B:9♠ 6♠=5  PLAYER(W)  | +4,000원 → 260,050원  [end_win]
H996 | bet   1,000원 BANKER | P:8♦ 7♣=5  B:8♣ Q♠=8  BANKER(W)  | +950원 → 261,000원
H997 | bet   1,000원 BANKER | P:10♠ 9♦=9  B:J♦ 6♠=6  PLAYER(L)  | -1,000원 → 260,000원  [start]
H998 | bet   2,000원 PLAYER | P:J♣ 9♣=9  B:2♦ 10♦=2  PLAYER(W)  | +2,000원 → 262,000원  [end_win]
H999 | bet   1,000원 BANKER | P:5♥ 8♠ 3♦=6  B:A♣ A♠ 9♦=1  PLAYER(L)  | -1,000원 → 261,000원  [start]
H1000 | bet   2,000원 PLAYER | P:J♦ 5♣ 6♠=1  B:6♣ 10♥ 2♦=8  BANKER(L)  | -2,000원 → 259,000원
H1001 | bet   4,000원 PLAYER | P:J♦ 4♥ A♣=5  B:4♠ Q♠=4  PLAYER(W)  | +4,000원 → 263,000원  [end_win]
H1002 | bet   1,000원 BANKER | P:2♣ 2♣ 9♦=3  B:6♠ Q♠=6  BANKER(W)  | +950원 → 263,950원
H1003 | bet   1,000원 BANKER | P:10♦ 4♦=4  B:7♦ A♦=8  BANKER(W)  | +950원 → 264,900원
H1004 | bet   1,000원 BANKER | P:Q♦ 5♥ 9♦=4  B:10♣ 10♠ 7♦=7  BANKER(W)  | +950원 → 265,850원
H1005 | bet   1,000원 BANKER | P:Q♥ K♥ 8♦=8  B:10♦ 6♥=6  PLAYER(L)  | -1,000원 → 264,850원  [start]
H1006 | bet   2,000원 PLAYER | P:9♦ J♥=9  B:7♦ 10♠=7  PLAYER(W)  | +2,000원 → 266,850원  [end_win]
H1007 | bet   1,000원 BANKER | P:Q♦ 6♦=6  B:3♦ 4♣=7  BANKER(W)  | +950원 → 267,800원
H1008 | bet   1,000원 BANKER | P:6♦ K♣=6  B:7♥ 8♠ J♥=5  PLAYER(L)  | -1,000원 → 266,800원  [start]
H1009 | bet   2,000원 PLAYER | P:K♠ 7♥=7  B:5♠ J♣ 5♣=0  PLAYER(W)  | +2,000원 → 268,800원  [end_win]
H1010 | bet   1,000원 BANKER | P:Q♣ 8♠=8  B:A♥ 9♣=0  PLAYER(L)  | -1,000원 → 267,800원  [start]
H1011 | bet   2,000원 PLAYER | P:3♥ J♦=3  B:8♣ A♣=9  BANKER(L)  | -2,000원 → 265,800원
H1012 | bet   4,000원 PLAYER | P:9♥ 8♥=7  B:K♠ Q♠ 10♣=0  PLAYER(W)  | +4,000원 → 269,800원  [end_win]
H1013 | bet   1,000원 BANKER | P:A♥ Q♦ Q♥=1  B:9♣ 8♥=7  BANKER(W)  | +950원 → 270,750원
H1014 | bet   1,000원 BANKER | P:9♥ 4♣=3  B:9♥ 9♠=8  BANKER(W)  | +950원 → 271,700원
H1015 | bet   1,000원 BANKER | P:3♥ J♠ 3♠=6  B:2♠ 2♣ 7♠=1  PLAYER(L)  | -1,000원 → 270,700원  [start]
H1016 | bet   2,000원 PLAYER | P:Q♣ 2♦ 8♦=0  B:5♣ K♦=5  BANKER(L)  | -2,000원 → 268,700원
H1017 | bet   4,000원 PLAYER | P:J♠ J♠ 7♦=7  B:J♠ 5♦ 3♣=8  BANKER(L)  | -4,000원 → 264,700원
H1018 | bet   8,000원 PLAYER | P:5♣ 6♦ 5♥=6  B:Q♦ K♥ 8♠=8  BANKER(L)  | -8,000원 → 256,700원
H1019 | bet  16,000원 PLAYER | P:K♣ Q♠ A♥=1  B:2♥ J♦ 2♣=4  BANKER(L)  | -16,000원 → 240,700원  [end_giveup]
H1020 | bet   1,000원 BANKER | P:Q♦ J♣ 10♣=0  B:8♦ 5♠ 4♠=7  BANKER(W)  | +950원 → 241,650원
H1021 | bet   1,000원 BANKER | P:10♥ K♦ J♥=0  B:Q♣ 5♠=5  BANKER(W)  | +950원 → 242,600원
H1022 | bet   1,000원 BANKER | P:5♦ 3♦=8  B:3♠ 2♠=5  PLAYER(L)  | -1,000원 → 241,600원  [start]
H1023 | bet   2,000원 PLAYER | P:4♥ J♥ 9♠=3  B:3♦ 9♥ 6♥=8  BANKER(L)  | -2,000원 → 239,600원
H1024 | bet   4,000원 PLAYER | P:4♣ J♣ 8♦=2  B:5♦ 5♦ J♣=0  PLAYER(W)  | +4,000원 → 243,600원  [end_win]
H1025 | bet   1,000원 BANKER | P:8♣ 6♦ 9♥=3  B:4♠ 10♦=4  BANKER(W)  | +950원 → 244,550원
H1026 | bet   1,000원 BANKER | P:8♦ 10♦=8  B:7♣ 7♦=4  PLAYER(L)  | -1,000원 → 243,550원  [start]
H1027 | bet   2,000원 PLAYER | P:9♠ 5♣ K♠=4  B:8♣ 6♣=4  TIE(T)  |     0원 → 243,550원
H1028 | bet   2,000원 PLAYER | P:2♦ 8♠ J♦=0  B:K♥ K♣ 3♣=3  BANKER(L)  | -2,000원 → 241,550원
H1029 | bet   4,000원 PLAYER | P:K♣ 2♠ 4♠=6  B:10♥ 4♣ 10♣=4  PLAYER(W)  | +4,000원 → 245,550원  [end_win]
H1030 | bet   1,000원 BANKER | P:7♣ 4♥=1  B:3♣ 6♦=9  BANKER(W)  | +950원 → 246,500원
H1031 | bet   1,000원 BANKER | P:8♠ J♦=8  B:9♦ 10♣=9  BANKER(W)  | +950원 → 247,450원
H1032 | bet   1,000원 BANKER | P:8♥ A♦=9  B:7♣ 7♥=4  PLAYER(L)  | -1,000원 → 246,450원  [start]
H1033 | bet   2,000원 PLAYER | P:K♥ 9♣=9  B:K♥ K♠=0  PLAYER(W)  | +2,000원 → 248,450원  [end_win]
H1034 | bet   1,000원 BANKER | P:5♥ K♠ 8♥=3  B:K♥ 5♣=5  BANKER(W)  | +950원 → 249,400원
H1035 | bet   1,000원 BANKER | P:K♣ J♠ 5♦=5  B:6♥ Q♣=6  BANKER(W)  | +950원 → 250,350원
H1036 | bet   1,000원 BANKER | P:K♦ Q♦ J♥=0  B:2♥ 5♦=7  BANKER(W)  | +950원 → 251,300원
H1037 | bet   1,000원 BANKER | P:2♥ A♣ K♦=3  B:8♣ 7♣=5  BANKER(W)  | +950원 → 252,250원
H1038 | bet   1,000원 BANKER | P:3♥ 7♦ 4♦=4  B:Q♣ 5♥ 3♣=8  BANKER(W)  | +950원 → 253,200원
H1039 | bet   1,000원 BANKER | P:A♥ 4♦=5  B:8♦ K♠=8  BANKER(W)  | +950원 → 254,150원
H1040 | bet   1,000원 BANKER | P:4♦ 2♦=6  B:9♠ 7♣=6  TIE(T)  |     0원 → 254,150원
H1041 | bet   1,000원 BANKER | P:K♦ 10♦=0  B:7♠ A♠=8  BANKER(W)  | +950원 → 255,100원
H1042 | bet   1,000원 BANKER | P:4♠ 3♦=7  B:6♠ 6♥ 9♦=1  PLAYER(L)  | -1,000원 → 254,100원  [start]
H1043 | bet   2,000원 PLAYER | P:3♠ 10♦ 6♦=9  B:Q♣ A♠ 9♠=0  PLAYER(W)  | +2,000원 → 256,100원  [end_win]
H1044 | bet   1,000원 BANKER | P:4♥ 7♠ 10♥=1  B:8♣ 5♥ 3♥=6  BANKER(W)  | +950원 → 257,050원
H1045 | bet   1,000원 BANKER | P:2♥ 7♦=9  B:6♥ 9♥=5  PLAYER(L)  | -1,000원 → 256,050원  [start]
H1046 | bet   2,000원 PLAYER | P:5♦ 7♥ Q♠=2  B:2♣ A♥ A♦=4  BANKER(L)  | -2,000원 → 254,050원
H1047 | bet   4,000원 PLAYER | P:K♣ 8♣=8  B:9♦ 10♠=9  BANKER(L)  | -4,000원 → 250,050원
H1048 | bet   8,000원 PLAYER | P:8♠ A♠=9  B:9♥ 10♠=9  TIE(T)  |     0원 → 250,050원
H1049 | bet   8,000원 PLAYER | P:A♦ 2♣ 3♣=6  B:2♣ 3♥=5  PLAYER(W)  | +8,000원 → 258,050원  [end_win]
H1050 | bet   1,000원 BANKER | P:J♦ A♠ 10♥=1  B:2♠ 9♣ A♥=2  BANKER(W)  | +950원 → 259,000원
H1051 | bet   1,000원 BANKER | P:3♣ 3♥=6  B:6♣ 2♠=8  BANKER(W)  | +950원 → 259,950원
H1052 | bet   1,000원 BANKER | P:4♠ K♥ K♠=4  B:6♥ Q♥=6  BANKER(W)  | +950원 → 260,900원
H1053 | bet   1,000원 BANKER | P:3♣ 9♥ 7♠=9  B:7♥ 3♦ 8♣=8  PLAYER(L)  | -1,000원 → 259,900원  [start]
H1054 | bet   2,000원 PLAYER | P:J♠ 6♣=6  B:3♣ A♦ 6♠=0  PLAYER(W)  | +2,000원 → 261,900원  [end_win]
H1055 | bet   1,000원 BANKER | P:6♦ J♣=6  B:5♠ 7♣ 8♥=0  PLAYER(L)  | -1,000원 → 260,900원  [start]
H1056 | bet   2,000원 PLAYER | P:2♦ 7♠=9  B:4♣ Q♦=4  PLAYER(W)  | +2,000원 → 262,900원  [end_win]
H1057 | bet   1,000원 BANKER | P:6♣ 7♦ 6♥=9  B:4♣ K♣ 6♥=0  PLAYER(L)  | -1,000원 → 261,900원  [start]
H1058 | bet   2,000원 PLAYER | P:3♥ 4♥=7  B:3♦ 3♠=6  PLAYER(W)  | +2,000원 → 263,900원  [end_win]
H1059 | bet   1,000원 BANKER | P:7♠ 7♣ 10♠=4  B:4♥ 7♠ 2♠=3  PLAYER(L)  | -1,000원 → 262,900원  [start]
H1060 | bet   2,000원 PLAYER | P:2♣ 5♠=7  B:A♦ Q♥ 3♠=4  PLAYER(W)  | +2,000원 → 264,900원  [end_win]
H1061 | bet   1,000원 BANKER | P:2♥ 5♠=7  B:6♣ J♥=6  PLAYER(L)  | -1,000원 → 263,900원  [start]
H1062 | bet   2,000원 PLAYER | P:Q♣ A♣ 2♠=3  B:J♠ J♥ 9♣=9  BANKER(L)  | -2,000원 → 261,900원
H1063 | bet   4,000원 PLAYER | P:K♦ K♦ 7♥=7  B:Q♥ Q♠ 6♣=6  PLAYER(W)  | +4,000원 → 265,900원  [end_win]
H1064 | bet   1,000원 BANKER | P:10♠ 4♦ 8♥=2  B:2♥ 10♣ 3♠=5  BANKER(W)  | +950원 → 266,850원
H1065 | bet   1,000원 BANKER | P:6♠ 5♠ 8♥=9  B:9♠ A♠ J♣=0  PLAYER(L)  | -1,000원 → 265,850원  [start]
H1066 | bet   2,000원 PLAYER | P:10♦ A♠=1  B:3♦ 6♥=9  BANKER(L)  | -2,000원 → 263,850원
H1067 | bet   4,000원 PLAYER | P:3♦ 9♦=2  B:A♥ 7♠=8  BANKER(L)  | -4,000원 → 259,850원
H1068 | bet   8,000원 PLAYER | P:4♠ J♣ Q♦=4  B:3♠ K♠ K♠=3  PLAYER(W)  | +8,000원 → 267,850원  [end_win]
H1069 | bet   1,000원 BANKER | P:7♣ A♦=8  B:2♠ J♣=2  PLAYER(L)  | -1,000원 → 266,850원  [start]
H1070 | bet   2,000원 PLAYER | P:7♣ 9♥=6  B:9♥ 5♥ Q♠=4  PLAYER(W)  | +2,000원 → 268,850원  [end_win]
H1071 | bet   1,000원 BANKER | P:4♣ 9♥ J♦=3  B:6♥ 4♦ J♥=0  PLAYER(L)  | -1,000원 → 267,850원  [start]
H1072 | bet   2,000원 PLAYER | P:4♦ 4♣=8  B:8♥ A♠=9  BANKER(L)  | -2,000원 → 265,850원
H1073 | bet   4,000원 PLAYER | P:9♣ A♣ Q♥=0  B:Q♣ 5♦=5  BANKER(L)  | -4,000원 → 261,850원
H1074 | bet   8,000원 PLAYER | P:7♦ 3♦ 10♠=0  B:2♦ 8♣ 5♣=5  BANKER(L)  | -8,000원 → 253,850원
H1075 | bet  16,000원 PLAYER | P:10♦ 4♣=4  B:8♥ K♦=8  BANKER(L)  | -16,000원 → 237,850원  [end_giveup]
H1076 | bet   1,000원 BANKER | P:10♣ 8♣=8  B:2♥ Q♥=2  PLAYER(L)  | -1,000원 → 236,850원  [start]
H1077 | bet   2,000원 PLAYER | P:Q♦ 9♦=9  B:6♠ 8♠=4  PLAYER(W)  | +2,000원 → 238,850원  [end_win]
H1078 | bet   1,000원 BANKER | P:Q♥ 3♠ 10♥=3  B:4♣ 7♠ A♣=2  PLAYER(L)  | -1,000원 → 237,850원  [start]
H1079 | bet   2,000원 PLAYER | P:K♦ 10♥ 3♦=3  B:A♥ 3♦ 3♥=7  BANKER(L)  | -2,000원 → 235,850원
H1080 | bet   4,000원 PLAYER | P:9♦ 8♦=7  B:7♦ K♣=7  TIE(T)  |     0원 → 235,850원
H1081 | bet   4,000원 PLAYER | P:7♣ 4♠ 5♦=6  B:3♣ 3♥=6  TIE(T)  |     0원 → 235,850원
H1082 | bet   4,000원 PLAYER | P:2♠ 9♠ Q♦=1  B:K♣ K♦ 10♦=0  PLAYER(W)  | +4,000원 → 239,850원  [end_win]
H1083 | bet   1,000원 BANKER | P:A♣ 8♠=9  B:9♥ 9♦=8  PLAYER(L)  | -1,000원 → 238,850원  [start]
H1084 | bet   2,000원 PLAYER | P:2♠ A♥ 9♠=2  B:K♥ K♥ A♥=1  PLAYER(W)  | +2,000원 → 240,850원  [end_win]
H1085 | bet   1,000원 BANKER | P:6♣ 2♣=8  B:4♥ K♠=4  PLAYER(L)  | -1,000원 → 239,850원  [start]
H1086 | bet   2,000원 PLAYER | P:10♠ 10♦ 7♠=7  B:9♠ A♣ J♦=0  PLAYER(W)  | +2,000원 → 241,850원  [end_win]
H1087 | bet   1,000원 BANKER | P:4♣ 5♦=9  B:5♣ J♥=5  PLAYER(L)  | -1,000원 → 240,850원  [start]
H1088 | bet   2,000원 PLAYER | P:Q♣ 9♠=9  B:8♥ Q♣=8  PLAYER(W)  | +2,000원 → 242,850원  [end_win]
H1089 | bet   1,000원 BANKER | P:9♥ K♣=9  B:5♥ 4♣=9  TIE(T)  |     0원 → 242,850원
H1090 | bet   1,000원 BANKER | P:2♦ 8♠ 7♥=7  B:4♦ 6♣ 7♦=7  TIE(T)  |     0원 → 242,850원
H1091 | bet   1,000원 BANKER | P:A♠ 6♥=7  B:6♣ J♠=6  PLAYER(L)  | -1,000원 → 241,850원  [start]
H1092 | bet   2,000원 PLAYER | P:7♦ 5♠ 5♠=7  B:4♦ 10♦ J♥=4  PLAYER(W)  | +2,000원 → 243,850원  [end_win]
H1093 | bet   1,000원 BANKER | P:6♦ 3♣=9  B:9♠ A♦=0  PLAYER(L)  | -1,000원 → 242,850원  [start]
H1094 | bet   2,000원 PLAYER | P:Q♣ 4♠ A♥=5  B:5♥ Q♥=5  TIE(T)  |     0원 → 242,850원
H1095 | bet   2,000원 PLAYER | P:10♠ 9♥=9  B:3♣ 3♦=6  PLAYER(W)  | +2,000원 → 244,850원  [end_win]
H1096 | bet   1,000원 BANKER | P:2♥ A♦ 2♦=5  B:8♣ 6♦ Q♣=4  PLAYER(L)  | -1,000원 → 243,850원  [start]
H1097 | bet   2,000원 PLAYER | P:2♠ 7♦=9  B:2♦ A♣=3  PLAYER(W)  | +2,000원 → 245,850원  [end_win]
H1098 | bet   1,000원 BANKER | P:J♥ 2♦=2  B:J♠ 8♥=8  BANKER(W)  | +950원 → 246,800원
H1099 | bet   1,000원 BANKER | P:2♣ 6♥=8  B:A♠ 2♣=3  PLAYER(L)  | -1,000원 → 245,800원  [start]
H1100 | bet   2,000원 PLAYER | P:K♦ 4♥ J♦=4  B:4♦ 2♣=6  BANKER(L)  | -2,000원 → 243,800원
H1101 | bet   4,000원 PLAYER | P:K♥ 2♠ 3♣=5  B:3♣ J♠ 10♥=3  PLAYER(W)  | +4,000원 → 247,800원  [end_win]
H1102 | bet   1,000원 BANKER | P:8♠ K♥=8  B:3♥ 3♥=6  PLAYER(L)  | -1,000원 → 246,800원  [start]
H1103 | bet   2,000원 PLAYER | P:7♣ J♦=7  B:Q♦ K♣ K♠=0  PLAYER(W)  | +2,000원 → 248,800원  [end_win]
H1104 | bet   1,000원 BANKER | P:6♣ A♥=7  B:9♦ 6♦ K♠=5  PLAYER(L)  | -1,000원 → 247,800원  [start]
H1105 | bet   2,000원 PLAYER | P:J♥ 6♦=6  B:8♦ 4♦ 5♥=7  BANKER(L)  | -2,000원 → 245,800원
H1106 | bet   4,000원 PLAYER | P:10♣ 2♦ 2♥=4  B:J♦ Q♠ 4♣=4  TIE(T)  |     0원 → 245,800원
H1107 | bet   4,000원 PLAYER | P:Q♠ 7♥=7  B:2♥ 8♦ 3♥=3  PLAYER(W)  | +4,000원 → 249,800원  [end_win]
H1108 | bet   1,000원 BANKER | P:5♣ A♠=6  B:A♦ J♥ 4♠=5  PLAYER(L)  | -1,000원 → 248,800원  [start]
H1109 | bet   2,000원 PLAYER | P:5♣ 7♥ 5♠=7  B:Q♥ 10♣ 5♥=5  PLAYER(W)  | +2,000원 → 250,800원  [end_win]
H1110 | bet   1,000원 BANKER | P:8♣ 6♣ 3♥=7  B:7♠ 3♥ 6♦=6  PLAYER(L)  | -1,000원 → 249,800원  [start]
H1111 | bet   2,000원 PLAYER | P:7♥ 7♣ 3♠=7  B:9♣ 4♥ A♠=4  PLAYER(W)  | +2,000원 → 251,800원  [end_win]
H1112 | bet   1,000원 BANKER | P:K♥ J♣=0  B:9♠ 9♠=8  BANKER(W)  | +950원 → 252,750원
H1113 | bet   1,000원 BANKER | P:J♣ 10♣ Q♦=0  B:5♣ 2♠=7  BANKER(W)  | +950원 → 253,700원
H1114 | bet   1,000원 BANKER | P:10♦ 2♥ 2♥=4  B:4♥ 10♣ 6♠=0  PLAYER(L)  | -1,000원 → 252,700원  [start]
H1115 | bet   2,000원 PLAYER | P:3♠ 6♦=9  B:9♦ 3♠=2  PLAYER(W)  | +2,000원 → 254,700원  [end_win]
H1116 | bet   1,000원 BANKER | P:5♠ 10♥ 9♠=4  B:A♣ 2♣ J♥=3  PLAYER(L)  | -1,000원 → 253,700원  [start]
H1117 | bet   2,000원 PLAYER | P:A♣ A♣ 8♣=0  B:8♦ 7♠=5  BANKER(L)  | -2,000원 → 251,700원
H1118 | bet   4,000원 PLAYER | P:Q♠ 9♥=9  B:K♠ 2♠=2  PLAYER(W)  | +4,000원 → 255,700원  [end_win]
H1119 | bet   1,000원 BANKER | P:5♣ K♦ K♦=5  B:A♦ Q♦ 6♥=7  BANKER(W)  | +950원 → 256,650원
H1120 | bet   1,000원 BANKER | P:8♥ K♠=8  B:7♠ 10♠=7  PLAYER(L)  | -1,000원 → 255,650원  [start]
H1121 | bet   2,000원 PLAYER | P:Q♣ K♦ 5♠=5  B:5♥ 8♥ 8♣=1  PLAYER(W)  | +2,000원 → 257,650원  [end_win]
H1122 | bet   1,000원 BANKER | P:J♣ K♣ 4♥=4  B:Q♦ 6♣=6  BANKER(W)  | +950원 → 258,600원
H1123 | bet   1,000원 BANKER | P:Q♥ A♠ 3♣=4  B:J♣ J♥ 2♠=2  PLAYER(L)  | -1,000원 → 257,600원  [start]
H1124 | bet   2,000원 PLAYER | P:A♦ Q♠ 7♦=8  B:K♣ 10♠ 3♥=3  PLAYER(W)  | +2,000원 → 259,600원  [end_win]
H1125 | bet   1,000원 BANKER | P:Q♠ 2♣ J♣=2  B:Q♥ 7♦=7  BANKER(W)  | +950원 → 260,550원
H1126 | bet   1,000원 BANKER | P:7♥ 4♦ 6♥=7  B:J♠ 6♥ 3♦=9  BANKER(W)  | +950원 → 261,500원
H1127 | bet   1,000원 BANKER | P:6♠ 10♦=6  B:4♠ 10♥ 7♥=1  PLAYER(L)  | -1,000원 → 260,500원  [start]
H1128 | bet   2,000원 PLAYER | P:6♠ 8♦ J♠=4  B:7♣ J♦=7  BANKER(L)  | -2,000원 → 258,500원
H1129 | bet   4,000원 PLAYER | P:10♠ 9♣=9  B:8♠ 5♠=3  PLAYER(W)  | +4,000원 → 262,500원  [end_win]
H1130 | bet   1,000원 BANKER | P:8♥ 10♥=8  B:9♣ J♠=9  BANKER(W)  | +950원 → 263,450원
H1131 | bet   1,000원 BANKER | P:8♣ 7♣ 9♣=4  B:7♠ 7♦=4  TIE(T)  |     0원 → 263,450원
H1132 | bet   1,000원 BANKER | P:Q♣ 8♥=8  B:A♦ 6♠=7  PLAYER(L)  | -1,000원 → 262,450원  [start]
H1133 | bet   2,000원 PLAYER | P:4♥ 8♦ 5♦=7  B:J♠ 5♥ 4♠=9  BANKER(L)  | -2,000원 → 260,450원
H1134 | bet   4,000원 PLAYER | P:5♦ 2♣=7  B:K♥ J♣ 7♥=7  TIE(T)  |     0원 → 260,450원
H1135 | bet   4,000원 PLAYER | P:10♥ 6♦=6  B:8♠ 9♦=7  BANKER(L)  | -4,000원 → 256,450원
H1136 | bet   8,000원 PLAYER | P:7♠ 7♥ 9♣=3  B:10♠ Q♣ 6♦=6  BANKER(L)  | -8,000원 → 248,450원
H1137 | bet  16,000원 PLAYER | P:J♠ 2♦ 4♣=6  B:5♦ 6♠ 3♣=4  PLAYER(W)  | +16,000원 → 264,450원  [end_win]
H1138 | bet   1,000원 BANKER | P:9♣ 2♥ K♥=1  B:9♦ 3♦ 6♠=8  BANKER(W)  | +950원 → 265,400원
H1139 | bet   1,000원 BANKER | P:4♠ 5♣=9  B:K♦ 6♥=6  PLAYER(L)  | -1,000원 → 264,400원  [start]
H1140 | bet   2,000원 PLAYER | P:5♣ 9♥ 10♣=4  B:5♠ 6♣ K♠=1  PLAYER(W)  | +2,000원 → 266,400원  [end_win]
H1141 | bet   1,000원 BANKER | P:A♠ K♥=1  B:K♣ 8♠=8  BANKER(W)  | +950원 → 267,350원
H1142 | bet   1,000원 BANKER | P:10♥ 6♠=6  B:2♥ J♦ A♥=3  PLAYER(L)  | -1,000원 → 266,350원  [start]
H1143 | bet   2,000원 PLAYER | P:3♠ 5♦=8  B:3♠ 8♣=1  PLAYER(W)  | +2,000원 → 268,350원  [end_win]
H1144 | bet   1,000원 BANKER | P:Q♥ 8♦=8  B:Q♠ 2♦=2  PLAYER(L)  | -1,000원 → 267,350원  [start]
H1145 | bet   2,000원 PLAYER | P:K♣ 3♣ Q♠=3  B:5♦ 5♥ 4♥=4  BANKER(L)  | -2,000원 → 265,350원
H1146 | bet   4,000원 PLAYER | P:3♠ J♦ 10♦=3  B:10♣ 6♣=6  BANKER(L)  | -4,000원 → 261,350원
H1147 | bet   8,000원 PLAYER | P:8♠ 6♣=4  B:2♥ 6♥=8  BANKER(L)  | -8,000원 → 253,350원
H1148 | bet  16,000원 PLAYER | P:10♥ 5♦ 9♥=4  B:9♦ 5♣=4  TIE(T)  |     0원 → 253,350원
H1149 | bet  16,000원 PLAYER | P:5♣ 8♥ J♥=3  B:10♥ A♠ A♥=2  PLAYER(W)  | +16,000원 → 269,350원  [end_win]
H1150 | bet   1,000원 BANKER | P:K♣ 7♦=7  B:Q♥ J♥ 8♣=8  BANKER(W)  | +950원 → 270,300원
H1151 | bet   1,000원 BANKER | P:2♦ J♠ 6♣=8  B:9♣ 8♥=7  PLAYER(L)  | -1,000원 → 269,300원  [start]
H1152 | bet   2,000원 PLAYER | P:3♥ 6♣=9  B:3♦ A♥=4  PLAYER(W)  | +2,000원 → 271,300원  [end_win]
H1153 | bet   1,000원 BANKER | P:10♥ 5♠ 2♦=7  B:5♦ 5♥ 7♦=7  TIE(T)  |     0원 → 271,300원
H1154 | bet   1,000원 BANKER | P:K♦ 8♣=8  B:Q♦ 5♣=5  PLAYER(L)  | -1,000원 → 270,300원  [start]
H1155 | bet   2,000원 PLAYER | P:10♠ K♣ 7♦=7  B:4♥ 7♦ 9♥=0  PLAYER(W)  | +2,000원 → 272,300원  [end_win]
H1156 | bet   1,000원 BANKER | P:3♦ 4♦=7  B:10♣ J♣ 5♦=5  PLAYER(L)  | -1,000원 → 271,300원  [start]
H1157 | bet   2,000원 PLAYER | P:A♦ 5♠=6  B:5♠ J♣ A♦=6  TIE(T)  |     0원 → 271,300원
H1158 | bet   2,000원 PLAYER | P:J♦ 3♦=3  B:K♦ 8♦=8  BANKER(L)  | -2,000원 → 269,300원
H1159 | bet   4,000원 PLAYER | P:K♠ 6♠=6  B:8♠ 7♥ 2♦=7  BANKER(L)  | -4,000원 → 265,300원
H1160 | bet   8,000원 PLAYER | P:3♦ 3♥=6  B:6♦ 7♣ Q♦=3  PLAYER(W)  | +8,000원 → 273,300원  [end_win]
H1161 | bet   1,000원 BANKER | P:4♦ 9♥ 4♠=7  B:Q♠ 5♦ 3♥=8  BANKER(W)  | +950원 → 274,250원
H1162 | bet   1,000원 BANKER | P:5♠ 9♠ 3♥=7  B:9♣ A♠ 2♥=2  PLAYER(L)  | -1,000원 → 273,250원  [start]
H1163 | bet   2,000원 PLAYER | P:10♣ 10♣=0  B:9♦ K♥=9  BANKER(L)  | -2,000원 → 271,250원
H1164 | bet   4,000원 PLAYER | P:A♥ 3♥ 6♣=0  B:4♥ 2♠ 10♠=6  BANKER(L)  | -4,000원 → 267,250원
H1165 | bet   8,000원 PLAYER | P:3♣ 3♦=6  B:A♦ 4♥ K♣=5  PLAYER(W)  | +8,000원 → 275,250원  [end_win]
H1166 | bet   1,000원 BANKER | P:3♣ 8♦ 10♠=1  B:A♦ 9♥ 4♣=4  BANKER(W)  | +950원 → 276,200원
H1167 | bet   1,000원 BANKER | P:8♣ 6♠ Q♣=4  B:Q♠ 4♥=4  TIE(T)  |     0원 → 276,200원
H1168 | bet   1,000원 BANKER | P:K♦ Q♣ 4♣=4  B:4♠ J♦ 8♣=2  PLAYER(L)  | -1,000원 → 275,200원  [start]
H1169 | bet   2,000원 PLAYER | P:7♥ 10♦=7  B:2♠ J♥ 9♠=1  PLAYER(W)  | +2,000원 → 277,200원  [end_win]
H1170 | bet   1,000원 BANKER | P:K♦ K♣ 5♣=5  B:Q♥ 10♥ K♦=0  PLAYER(L)  | -1,000원 → 276,200원  [start]
H1171 | bet   2,000원 PLAYER | P:K♣ 2♣=2  B:9♣ Q♦=9  BANKER(L)  | -2,000원 → 274,200원
H1172 | bet   4,000원 PLAYER | P:5♦ Q♣ 2♣=7  B:10♠ 4♦ 3♥=7  TIE(T)  |     0원 → 274,200원
H1173 | bet   4,000원 PLAYER | P:2♣ J♥ K♠=2  B:8♠ 6♥=4  BANKER(L)  | -4,000원 → 270,200원
H1174 | bet   8,000원 PLAYER | P:J♦ 3♦ A♣=4  B:6♥ 7♦ 5♣=8  BANKER(L)  | -8,000원 → 262,200원
H1175 | bet  16,000원 PLAYER | P:10♠ 9♦=9  B:6♥ A♥=7  PLAYER(W)  | +16,000원 → 278,200원  [end_win]
H1176 | bet   1,000원 BANKER | P:Q♥ 2♠ 2♣=4  B:3♥ J♠ 2♣=5  BANKER(W)  | +950원 → 279,150원
H1177 | bet   1,000원 BANKER | P:6♥ 5♦=1  B:8♥ 10♥=8  BANKER(W)  | +950원 → 280,100원
H1178 | bet   1,000원 BANKER | P:4♠ 8♦=2  B:9♠ K♦=9  BANKER(W)  | +950원 → 281,050원
H1179 | bet   1,000원 BANKER | P:6♦ 8♠ J♣=4  B:J♠ 2♥ 8♣=0  PLAYER(L)  | -1,000원 → 280,050원  [start]
H1180 | bet   2,000원 PLAYER | P:J♦ 3♣=3  B:4♣ 4♣=8  BANKER(L)  | -2,000원 → 278,050원
H1181 | bet   4,000원 PLAYER | P:A♣ Q♠ 6♣=7  B:J♥ Q♥ 8♠=8  BANKER(L)  | -4,000원 → 274,050원
H1182 | bet   8,000원 PLAYER | P:5♣ 9♠ 3♣=7  B:6♦ 6♣ 9♥=1  PLAYER(W)  | +8,000원 → 282,050원  [end_win]
H1183 | bet   1,000원 BANKER | P:A♥ 10♠ J♠=1  B:8♦ 5♣ 8♦=1  TIE(T)  |     0원 → 282,050원
H1184 | bet   1,000원 BANKER | P:A♠ 2♠ 3♦=6  B:7♥ 6♠ 2♥=5  PLAYER(L)  | -1,000원 → 281,050원  [start]
H1185 | bet   2,000원 PLAYER | P:5♠ 6♦ 8♣=9  B:Q♥ Q♥ 2♥=2  PLAYER(W)  | +2,000원 → 283,050원  [end_win]
H1186 | bet   1,000원 BANKER | P:K♣ Q♦ A♥=1  B:9♣ 2♦ A♥=2  BANKER(W)  | +950원 → 284,000원
H1187 | bet   1,000원 BANKER | P:7♦ 9♠=6  B:6♦ J♣=6  TIE(T)  |     0원 → 284,000원
H1188 | bet   1,000원 BANKER | P:K♥ 5♥ 4♠=9  B:7♣ 9♦=6  PLAYER(L)  | -1,000원 → 283,000원  [start]
H1189 | bet   2,000원 PLAYER | P:7♥ 8♥ 4♦=9  B:10♦ Q♠ 7♣=7  PLAYER(W)  | +2,000원 → 285,000원  [end_win]
H1190 | bet   1,000원 BANKER | P:Q♣ 8♠=8  B:10♦ 8♣=8  TIE(T)  |     0원 → 285,000원
H1191 | bet   1,000원 BANKER | P:J♠ 10♦=0  B:10♦ 9♣=9  BANKER(W)  | +950원 → 285,950원
H1192 | bet   1,000원 BANKER | P:4♥ 7♠=1  B:4♦ 4♠=8  BANKER(W)  | +950원 → 286,900원
H1193 | bet   1,000원 BANKER | P:10♣ K♥ Q♥=0  B:K♥ Q♣ 7♥=7  BANKER(W)  | +950원 → 287,850원
H1194 | bet   1,000원 BANKER | P:3♥ 8♠ 6♠=7  B:J♠ 10♦ K♠=0  PLAYER(L)  | -1,000원 → 286,850원  [start]
H1195 | bet   2,000원 PLAYER | P:K♦ 4♥=4  B:9♥ 9♣=8  BANKER(L)  | -2,000원 → 284,850원
H1196 | bet   4,000원 PLAYER | P:K♠ 2♦ 4♥=6  B:6♥ 10♥=6  TIE(T)  |     0원 → 284,850원
H1197 | bet   4,000원 PLAYER | P:3♠ 10♦=3  B:6♥ 2♥=8  BANKER(L)  | -4,000원 → 280,850원
H1198 | bet   8,000원 PLAYER | P:A♣ 9♠ 2♦=2  B:6♠ 5♥ K♣=1  PLAYER(W)  | +8,000원 → 288,850원  [end_win]
H1199 | bet   1,000원 BANKER | P:7♣ 2♣=9  B:6♦ 6♦=2  PLAYER(L)  | -1,000원 → 287,850원  [start]
H1200 | bet   2,000원 PLAYER | P:A♣ 4♦ K♥=5  B:2♦ 8♦ 10♠=0  PLAYER(W)  | +2,000원 → 289,850원  [end_win]
H1201 | bet   1,000원 BANKER | P:3♣ K♠ 5♥=8  B:4♦ K♥ 7♠=1  PLAYER(L)  | -1,000원 → 288,850원  [start]
H1202 | bet   2,000원 PLAYER | P:A♠ 2♠ A♠=4  B:2♠ 10♠ J♦=2  PLAYER(W)  | +2,000원 → 290,850원  [end_win]
H1203 | bet   1,000원 BANKER | P:2♣ Q♦ J♦=2  B:J♣ K♦ A♦=1  PLAYER(L)  | -1,000원 → 289,850원  [start]
H1204 | bet   2,000원 PLAYER | P:3♣ 10♥ 5♥=8  B:J♥ A♥ 4♣=5  PLAYER(W)  | +2,000원 → 291,850원  [end_win]
H1205 | bet   1,000원 BANKER | P:9♥ J♠=9  B:6♣ Q♠=6  PLAYER(L)  | -1,000원 → 290,850원  [start]
H1206 | bet   2,000원 PLAYER | P:K♠ 9♦=9  B:Q♣ 10♣=0  PLAYER(W)  | +2,000원 → 292,850원  [end_win]
H1207 | bet   1,000원 BANKER | P:7♣ 3♠=0  B:A♦ 7♠=8  BANKER(W)  | +950원 → 293,800원
H1208 | bet   1,000원 BANKER | P:3♦ J♥ 2♣=5  B:4♠ Q♠ 5♣=9  BANKER(W)  | +950원 → 294,750원
H1209 | bet   1,000원 BANKER | P:10♣ K♥ 7♣=7  B:2♥ 9♣ 10♥=1  PLAYER(L)  | -1,000원 → 293,750원  [start]
H1210 | bet   2,000원 PLAYER | P:J♦ 9♥=9  B:J♦ J♣=0  PLAYER(W)  | +2,000원 → 295,750원  [end_win]
H1211 | bet   1,000원 BANKER | P:Q♣ 3♠=3  B:7♦ 2♥=9  BANKER(W)  | +950원 → 296,700원
H1212 | bet   1,000원 BANKER | P:8♦ 7♥ 4♣=9  B:10♦ 7♠=7  PLAYER(L)  | -1,000원 → 295,700원  [start]
H1213 | bet   2,000원 PLAYER | P:6♣ K♣=6  B:4♣ 4♣=8  BANKER(L)  | -2,000원 → 293,700원
H1214 | bet   4,000원 PLAYER | P:Q♦ 6♥=6  B:6♠ 7♣ 2♠=5  PLAYER(W)  | +4,000원 → 297,700원  [end_win]
H1215 | bet   1,000원 BANKER | P:8♥ 6♠ 5♦=9  B:A♣ 5♥=6  PLAYER(L)  | -1,000원 → 296,700원  [start]
H1216 | bet   2,000원 PLAYER | P:A♠ 10♣ 7♠=8  B:4♠ 7♠ 8♥=9  BANKER(L)  | -2,000원 → 294,700원
H1217 | bet   4,000원 PLAYER | P:7♥ 9♦=6  B:2♠ Q♠ 3♠=5  PLAYER(W)  | +4,000원 → 298,700원  [end_win]
H1218 | bet   1,000원 BANKER | P:6♦ 3♠=9  B:A♦ J♣=1  PLAYER(L)  | -1,000원 → 297,700원  [start]
H1219 | bet   2,000원 PLAYER | P:8♥ Q♣=8  B:5♥ 9♠=4  PLAYER(W)  | +2,000원 → 299,700원  [end_win]
H1220 | bet   1,000원 BANKER | P:A♣ 2♦ Q♥=3  B:8♠ 3♠ 7♦=8  BANKER(W)  | +950원 → 300,650원
H1221 | bet   1,000원 BANKER | P:Q♦ 4♠=4  B:8♥ K♠=8  BANKER(W)  | +950원 → 301,600원
H1222 | bet   1,000원 BANKER | P:9♠ Q♦=9  B:5♦ 6♠=1  PLAYER(L)  | -1,000원 → 300,600원  [start]
H1223 | bet   2,000원 PLAYER | P:8♣ 4♦ Q♠=2  B:9♣ A♣ J♠=0  PLAYER(W)  | +2,000원 → 302,600원  [end_win]
H1224 | bet   1,000원 BANKER | P:4♥ 5♠=9  B:5♥ 3♠=8  PLAYER(L)  | -1,000원 → 301,600원  [start]
H1225 | bet   2,000원 PLAYER | P:7♥ 7♠ K♠=4  B:9♦ 7♠=6  BANKER(L)  | -2,000원 → 299,600원
H1226 | bet   4,000원 PLAYER | P:5♠ 3♠=8  B:10♣ A♠=1  PLAYER(W)  | +4,000원 → 303,600원  [end_win]
H1227 | bet   1,000원 BANKER | P:10♠ 4♥ Q♦=4  B:K♥ Q♠ 4♦=4  TIE(T)  |     0원 → 303,600원
H1228 | bet   1,000원 BANKER | P:K♠ 7♥=7  B:8♦ 3♠ J♥=1  PLAYER(L)  | -1,000원 → 302,600원  [start]
H1229 | bet   2,000원 PLAYER | P:6♥ K♠=6  B:7♣ 4♣ 10♠=1  PLAYER(W)  | +2,000원 → 304,600원  [end_win]
H1230 | bet   1,000원 BANKER | P:J♥ J♠ A♥=1  B:3♣ 2♦=5  BANKER(W)  | +950원 → 305,550원
H1231 | bet   1,000원 BANKER | P:4♠ 3♠=7  B:J♦ 4♦ K♥=4  PLAYER(L)  | -1,000원 → 304,550원  [start]
H1232 | bet   2,000원 PLAYER | P:3♥ 2♣=5  B:K♦ 9♥=9  BANKER(L)  | -2,000원 → 302,550원
H1233 | bet   4,000원 PLAYER | P:6♣ A♠=7  B:K♣ 4♥ 5♦=9  BANKER(L)  | -4,000원 → 298,550원
H1234 | bet   8,000원 PLAYER | P:10♠ 3♦ 8♦=1  B:8♦ 3♥ J♥=1  TIE(T)  |     0원 → 298,550원
H1235 | bet   8,000원 PLAYER | P:9♠ J♦=9  B:3♠ A♣=4  PLAYER(W)  | +8,000원 → 306,550원  [end_win]
H1236 | bet   1,000원 BANKER | P:9♠ 2♥=1  B:9♦ 9♣=8  BANKER(W)  | +950원 → 307,500원
H1237 | bet   1,000원 BANKER | P:J♥ 8♣=8  B:9♦ A♣=0  PLAYER(L)  | -1,000원 → 306,500원  [start]
H1238 | bet   2,000원 PLAYER | P:8♣ 10♦=8  B:7♠ 9♦=6  PLAYER(W)  | +2,000원 → 308,500원  [end_win]
H1239 | bet   1,000원 BANKER | P:K♦ 3♥ 4♥=7  B:4♦ 10♣ 7♣=1  PLAYER(L)  | -1,000원 → 307,500원  [start]
H1240 | bet   2,000원 PLAYER | P:2♦ 3♣=5  B:8♥ Q♦=8  BANKER(L)  | -2,000원 → 305,500원
H1241 | bet   4,000원 PLAYER | P:6♣ K♦=6  B:K♠ 4♥ K♠=4  PLAYER(W)  | +4,000원 → 309,500원  [end_win]
H1242 | bet   1,000원 BANKER | P:2♠ 5♦=7  B:4♣ 9♣ 6♥=9  BANKER(W)  | +950원 → 310,450원
H1243 | bet   1,000원 BANKER | P:K♠ 4♣ 9♠=3  B:6♦ Q♣=6  BANKER(W)  | +950원 → 311,400원
H1244 | bet   1,000원 BANKER | P:4♦ K♣ 2♥=6  B:Q♦ 6♠=6  TIE(T)  |     0원 → 311,400원
H1245 | bet   1,000원 BANKER | P:9♣ 8♠=7  B:K♠ A♦ Q♠=1  PLAYER(L)  | -1,000원 → 310,400원  [start]
H1246 | bet   2,000원 PLAYER | P:7♣ K♣=7  B:6♣ 10♥=6  PLAYER(W)  | +2,000원 → 312,400원  [end_win]
H1247 | bet   1,000원 BANKER | P:A♠ 7♠=8  B:Q♦ 4♠=4  PLAYER(L)  | -1,000원 → 311,400원  [start]
H1248 | bet   2,000원 PLAYER | P:6♣ Q♦=6  B:5♥ 4♣=9  BANKER(L)  | -2,000원 → 309,400원
H1249 | bet   4,000원 PLAYER | P:A♦ 4♠=5  B:K♦ 9♠=9  BANKER(L)  | -4,000원 → 305,400원
H1250 | bet   8,000원 PLAYER | P:9♣ Q♣=9  B:J♠ J♠=0  PLAYER(W)  | +8,000원 → 313,400원  [end_win]
H1251 | bet   1,000원 BANKER | P:Q♣ 9♥=9  B:5♣ 2♠=7  PLAYER(L)  | -1,000원 → 312,400원  [start]
H1252 | bet   2,000원 PLAYER | P:10♦ 9♥=9  B:K♣ Q♣=0  PLAYER(W)  | +2,000원 → 314,400원  [end_win]
H1253 | bet   1,000원 BANKER | P:9♣ Q♥=9  B:8♦ 3♠=1  PLAYER(L)  | -1,000원 → 313,400원  [start]
H1254 | bet   2,000원 PLAYER | P:8♣ 8♣=6  B:A♦ K♣ Q♣=1  PLAYER(W)  | +2,000원 → 315,400원  [end_win]
H1255 | bet   1,000원 BANKER | P:9♠ Q♣=9  B:5♥ A♣=6  PLAYER(L)  | -1,000원 → 314,400원  [start]
H1256 | bet   2,000원 PLAYER | P:9♣ 2♥ 7♠=8  B:J♣ 7♥=7  PLAYER(W)  | +2,000원 → 316,400원  [end_win]
H1257 | bet   1,000원 BANKER | P:6♥ 8♦ A♣=5  B:2♥ 9♥ 10♦=1  PLAYER(L)  | -1,000원 → 315,400원  [start]
H1258 | bet   2,000원 PLAYER | P:J♣ 3♣=3  B:8♣ Q♥=8  BANKER(L)  | -2,000원 → 313,400원
H1259 | bet   4,000원 PLAYER | P:7♠ 4♥ 5♣=6  B:3♥ 7♥ K♥=0  PLAYER(W)  | +4,000원 → 317,400원  [end_win]
H1260 | bet   1,000원 BANKER | P:6♣ A♥=7  B:7♠ A♦=8  BANKER(W)  | +950원 → 318,350원
H1261 | bet   1,000원 BANKER | P:K♠ 2♣ 8♠=0  B:7♦ 7♥=4  BANKER(W)  | +950원 → 319,300원
H1262 | bet   1,000원 BANKER | P:2♦ 3♦ 5♠=0  B:3♦ 8♥ Q♣=1  BANKER(W)  | +950원 → 320,250원
H1263 | bet   1,000원 BANKER | P:K♥ 2♦ 10♠=2  B:10♥ 5♦=5  BANKER(W)  | +950원 → 321,200원
H1264 | bet   1,000원 BANKER | P:J♥ 4♥ 10♦=4  B:3♣ 8♠ 4♦=5  BANKER(W)  | +950원 → 322,150원
H1265 | bet   1,000원 BANKER | P:9♠ 6♥ Q♥=5  B:A♥ 9♠ 6♦=6  BANKER(W)  | +950원 → 323,100원
H1266 | bet   1,000원 BANKER | P:4♦ A♠ 6♦=1  B:2♣ 4♣ 5♥=1  TIE(T)  |     0원 → 323,100원
H1267 | bet   1,000원 BANKER | P:10♣ 3♠ J♠=3  B:3♠ J♦ 10♣=3  TIE(T)  |     0원 → 323,100원
H1268 | bet   1,000원 BANKER | P:5♠ 5♥=0  B:A♠ 7♥=8  BANKER(W)  | +950원 → 324,050원
H1269 | bet   1,000원 BANKER | P:8♠ 9♦=7  B:3♣ 3♠=6  PLAYER(L)  | -1,000원 → 323,050원  [start]
H1270 | bet   2,000원 PLAYER | P:6♠ 9♠ 9♥=4  B:9♦ 3♦ 5♦=7  BANKER(L)  | -2,000원 → 321,050원
H1271 | bet   4,000원 PLAYER | P:5♠ 10♠ 10♦=5  B:2♥ 3♥=5  TIE(T)  |     0원 → 321,050원
H1272 | bet   4,000원 PLAYER | P:4♦ J♣ 3♦=7  B:2♥ 5♣=7  TIE(T)  |     0원 → 321,050원
H1273 | bet   4,000원 PLAYER | P:10♥ A♣ J♦=1  B:J♠ 6♣=6  BANKER(L)  | -4,000원 → 317,050원
H1274 | bet   8,000원 PLAYER | P:A♣ 9♦ A♠=1  B:5♠ 2♠=7  BANKER(L)  | -8,000원 → 309,050원
H1275 | bet  16,000원 PLAYER | P:7♠ 4♣ A♠=2  B:8♥ 8♥=6  BANKER(L)  | -16,000원 → 293,050원  [end_giveup]
H1276 | bet   1,000원 BANKER | P:10♥ 8♠=8  B:4♣ Q♦=4  PLAYER(L)  | -1,000원 → 292,050원  [start]
H1277 | bet   2,000원 PLAYER | P:Q♥ Q♠=0  B:3♣ 5♥=8  BANKER(L)  | -2,000원 → 290,050원
H1278 | bet   4,000원 PLAYER | P:9♦ 5♣=4  B:J♦ 8♦=8  BANKER(L)  | -4,000원 → 286,050원
H1279 | bet   8,000원 PLAYER | P:J♣ 3♥ 5♠=8  B:6♦ 7♦ 8♠=1  PLAYER(W)  | +8,000원 → 294,050원  [end_win]
H1280 | bet   1,000원 BANKER | P:2♣ J♣ K♦=2  B:Q♦ 7♦=7  BANKER(W)  | +950원 → 295,000원
H1281 | bet   1,000원 BANKER | P:A♥ Q♣ 10♣=1  B:Q♥ K♦ 5♦=5  BANKER(W)  | +950원 → 295,950원
H1282 | bet   1,000원 BANKER | P:9♣ 6♥ 7♣=2  B:7♦ Q♦=7  BANKER(W)  | +950원 → 296,900원
H1283 | bet   1,000원 BANKER | P:6♦ 4♣=0  B:2♣ 7♦=9  BANKER(W)  | +950원 → 297,850원
H1284 | bet   1,000원 BANKER | P:A♥ 10♥ 7♣=8  B:6♥ 6♠ 6♦=8  TIE(T)  |     0원 → 297,850원
H1285 | bet   1,000원 BANKER | P:4♥ 5♠=9  B:2♣ 5♦=7  PLAYER(L)  | -1,000원 → 296,850원  [start]
H1286 | bet   2,000원 PLAYER | P:A♥ 10♣ 10♠=1  B:10♣ K♣ 8♥=8  BANKER(L)  | -2,000원 → 294,850원
H1287 | bet   4,000원 PLAYER | P:6♠ 4♠ 10♦=0  B:K♥ A♠ Q♥=1  BANKER(L)  | -4,000원 → 290,850원
H1288 | bet   8,000원 PLAYER | P:5♥ J♦ 7♦=2  B:A♥ 3♦ 2♠=6  BANKER(L)  | -8,000원 → 282,850원
H1289 | bet  16,000원 PLAYER | P:A♣ 10♦ 5♥=6  B:2♦ 10♠ 10♥=2  PLAYER(W)  | +16,000원 → 298,850원  [end_win]
H1290 | bet   1,000원 BANKER | P:8♥ 6♠ 7♥=1  B:5♠ 7♦ 4♠=6  BANKER(W)  | +950원 → 299,800원
H1291 | bet   1,000원 BANKER | P:3♠ 2♠ 7♠=2  B:Q♠ 4♠ A♦=5  BANKER(W)  | +950원 → 300,750원
H1292 | bet   1,000원 BANKER | P:8♦ K♠=8  B:K♥ 8♥=8  TIE(T)  |     0원 → 300,750원
H1293 | bet   1,000원 BANKER | P:K♣ 5♣ K♦=5  B:9♥ 7♦=6  BANKER(W)  | +950원 → 301,700원
H1294 | bet   1,000원 BANKER | P:6♣ 3♥=9  B:J♠ Q♠=0  PLAYER(L)  | -1,000원 → 300,700원  [start]
H1295 | bet   2,000원 PLAYER | P:4♠ 8♥ 4♠=6  B:A♦ 6♠=7  BANKER(L)  | -2,000원 → 298,700원
H1296 | bet   4,000원 PLAYER | P:A♣ J♥ 8♦=9  B:J♦ 6♥=6  PLAYER(W)  | +4,000원 → 302,700원  [end_win]
H1297 | bet   1,000원 BANKER | P:7♥ 5♣ 2♦=4  B:6♥ 5♦ 3♣=4  TIE(T)  |     0원 → 302,700원
H1298 | bet   1,000원 BANKER | P:K♥ 6♠=6  B:J♣ 8♠=8  BANKER(W)  | +950원 → 303,650원
H1299 | bet   1,000원 BANKER | P:10♣ Q♠ 3♥=3  B:6♦ 4♥ J♣=0  PLAYER(L)  | -1,000원 → 302,650원  [start]
H1300 | bet   2,000원 PLAYER | P:7♣ 3♣ 2♥=2  B:8♣ 9♥=7  BANKER(L)  | -2,000원 → 300,650원
H1301 | bet   4,000원 PLAYER | P:7♣ Q♥=7  B:10♥ 7♠=7  TIE(T)  |     0원 → 300,650원
H1302 | bet   4,000원 PLAYER | P:6♦ 2♠=8  B:9♣ 5♥=4  PLAYER(W)  | +4,000원 → 304,650원  [end_win]
H1303 | bet   1,000원 BANKER | P:A♠ 3♦ 2♣=6  B:J♥ Q♠ A♦=1  PLAYER(L)  | -1,000원 → 303,650원  [start]
H1304 | bet   2,000원 PLAYER | P:K♥ 8♣=8  B:5♠ 10♠=5  PLAYER(W)  | +2,000원 → 305,650원  [end_win]
H1305 | bet   1,000원 BANKER | P:8♠ 9♥=7  B:7♣ 2♥=9  BANKER(W)  | +950원 → 306,600원
H1306 | bet   1,000원 BANKER | P:8♣ 5♣ 9♦=2  B:3♦ 2♣=5  BANKER(W)  | +950원 → 307,550원
H1307 | bet   1,000원 BANKER | P:2♦ 2♦ J♥=4  B:Q♥ 2♠ A♦=3  PLAYER(L)  | -1,000원 → 306,550원  [start]
H1308 | bet   2,000원 PLAYER | P:7♥ A♥=8  B:6♠ 10♣=6  PLAYER(W)  | +2,000원 → 308,550원  [end_win]
H1309 | bet   1,000원 BANKER | P:J♥ 3♦ J♣=3  B:J♥ 7♦=7  BANKER(W)  | +950원 → 309,500원
H1310 | bet   1,000원 BANKER | P:6♦ 2♣=8  B:K♦ 2♦=2  PLAYER(L)  | -1,000원 → 308,500원  [start]
H1311 | bet   2,000원 PLAYER | P:J♦ 2♦ 2♠=4  B:8♣ 2♥ J♥=0  PLAYER(W)  | +2,000원 → 310,500원  [end_win]
H1312 | bet   1,000원 BANKER | P:2♥ 9♥ 6♥=7  B:2♦ 8♣ 3♥=3  PLAYER(L)  | -1,000원 → 309,500원  [start]
H1313 | bet   2,000원 PLAYER | P:K♣ 10♦=0  B:7♦ 2♣=9  BANKER(L)  | -2,000원 → 307,500원
H1314 | bet   4,000원 PLAYER | P:7♦ Q♥=7  B:3♥ Q♦ A♦=4  PLAYER(W)  | +4,000원 → 311,500원  [end_win]
H1315 | bet   1,000원 BANKER | P:3♦ 6♥=9  B:8♠ 6♠=4  PLAYER(L)  | -1,000원 → 310,500원  [start]
H1316 | bet   2,000원 PLAYER | P:J♠ 9♦=9  B:K♣ 2♠=2  PLAYER(W)  | +2,000원 → 312,500원  [end_win]
H1317 | bet   1,000원 BANKER | P:5♣ K♦ 10♦=5  B:3♣ 9♥ 8♠=0  PLAYER(L)  | -1,000원 → 311,500원  [start]
H1318 | bet   2,000원 PLAYER | P:A♦ 7♣=8  B:6♦ 2♠=8  TIE(T)  |     0원 → 311,500원
H1319 | bet   2,000원 PLAYER | P:3♠ 9♠ 8♥=0  B:7♠ 6♣=3  BANKER(L)  | -2,000원 → 309,500원
H1320 | bet   4,000원 PLAYER | P:9♥ 6♣ 4♦=9  B:8♣ 6♦ 2♦=6  PLAYER(W)  | +4,000원 → 313,500원  [end_win]
H1321 | bet   1,000원 BANKER | P:6♦ 8♦ 4♠=8  B:A♦ 3♦ 7♥=1  PLAYER(L)  | -1,000원 → 312,500원  [start]
H1322 | bet   2,000원 PLAYER | P:9♣ 9♦=8  B:5♦ 8♥=3  PLAYER(W)  | +2,000원 → 314,500원  [end_win]
H1323 | bet   1,000원 BANKER | P:J♥ 10♦ J♣=0  B:6♣ Q♦=6  BANKER(W)  | +950원 → 315,450원
H1324 | bet   1,000원 BANKER | P:K♦ 3♦ 10♦=3  B:A♥ A♦ 4♣=6  BANKER(W)  | +950원 → 316,400원
H1325 | bet   1,000원 BANKER | P:J♣ 6♠=6  B:5♣ 9♦ 9♥=3  PLAYER(L)  | -1,000원 → 315,400원  [start]
H1326 | bet   2,000원 PLAYER | P:10♠ K♠=0  B:J♠ 8♠=8  BANKER(L)  | -2,000원 → 313,400원
H1327 | bet   4,000원 PLAYER | P:5♣ 10♠=5  B:Q♠ 9♦=9  BANKER(L)  | -4,000원 → 309,400원
H1328 | bet   8,000원 PLAYER | P:5♠ K♠ K♥=5  B:4♥ Q♠=4  PLAYER(W)  | +8,000원 → 317,400원  [end_win]
H1329 | bet   1,000원 BANKER | P:10♣ Q♣ 10♥=0  B:5♦ 7♠ 9♥=1  BANKER(W)  | +950원 → 318,350원
H1330 | bet   1,000원 BANKER | P:3♥ 5♥=8  B:Q♦ 5♠=5  PLAYER(L)  | -1,000원 → 317,350원  [start]
H1331 | bet   2,000원 PLAYER | P:A♠ A♣ 4♦=6  B:5♦ 8♣ 4♣=7  BANKER(L)  | -2,000원 → 315,350원
H1332 | bet   4,000원 PLAYER | P:7♥ 5♠ Q♠=2  B:A♦ 6♥=7  BANKER(L)  | -4,000원 → 311,350원
H1333 | bet   8,000원 PLAYER | P:6♦ J♣=6  B:A♣ 8♥=9  BANKER(L)  | -8,000원 → 303,350원
H1334 | bet  16,000원 PLAYER | P:2♣ A♠ 9♣=2  B:7♥ K♥=7  BANKER(L)  | -16,000원 → 287,350원  [end_giveup]
H1335 | bet   1,000원 BANKER | P:10♦ 5♦ 6♥=1  B:4♣ 7♦ 9♣=0  PLAYER(L)  | -1,000원 → 286,350원  [start]
H1336 | bet   2,000원 PLAYER | P:J♦ Q♠ 2♥=2  B:K♣ K♥ K♠=0  PLAYER(W)  | +2,000원 → 288,350원  [end_win]
H1337 | bet   1,000원 BANKER | P:9♣ J♦=9  B:6♦ Q♠=6  PLAYER(L)  | -1,000원 → 287,350원  [start]
H1338 | bet   2,000원 PLAYER | P:7♦ A♥=8  B:3♠ Q♥=3  PLAYER(W)  | +2,000원 → 289,350원  [end_win]
H1339 | bet   1,000원 BANKER | P:Q♦ 3♥ 3♦=6  B:3♠ 7♣ 10♠=0  PLAYER(L)  | -1,000원 → 288,350원  [start]
H1340 | bet   2,000원 PLAYER | P:10♠ 9♦=9  B:4♠ 6♣=0  PLAYER(W)  | +2,000원 → 290,350원  [end_win]
H1341 | bet   1,000원 BANKER | P:7♠ Q♥=7  B:J♥ A♥ A♦=2  PLAYER(L)  | -1,000원 → 289,350원  [start]
H1342 | bet   2,000원 PLAYER | P:7♠ A♣=8  B:6♠ Q♠=6  PLAYER(W)  | +2,000원 → 291,350원  [end_win]
H1343 | bet   1,000원 BANKER | P:5♥ 5♠=0  B:A♣ 7♦=8  BANKER(W)  | +950원 → 292,300원
H1344 | bet   1,000원 BANKER | P:7♣ 10♣=7  B:7♣ 9♠=6  PLAYER(L)  | -1,000원 → 291,300원  [start]
H1345 | bet   2,000원 PLAYER | P:8♥ J♠=8  B:7♠ 2♣=9  BANKER(L)  | -2,000원 → 289,300원
H1346 | bet   4,000원 PLAYER | P:8♣ 6♠ Q♣=4  B:9♠ 2♣ 6♥=7  BANKER(L)  | -4,000원 → 285,300원
H1347 | bet   8,000원 PLAYER | P:4♥ 5♣=9  B:Q♣ K♣=0  PLAYER(W)  | +8,000원 → 293,300원  [end_win]
H1348 | bet   1,000원 BANKER | P:7♦ 4♥ K♠=1  B:6♥ 9♠=5  BANKER(W)  | +950원 → 294,250원
H1349 | bet   1,000원 BANKER | P:9♠ J♦=9  B:10♣ 6♣=6  PLAYER(L)  | -1,000원 → 293,250원  [start]
H1350 | bet   2,000원 PLAYER | P:10♥ 3♠ 5♦=8  B:5♦ 8♣ 7♦=0  PLAYER(W)  | +2,000원 → 295,250원  [end_win]
H1351 | bet   1,000원 BANKER | P:Q♦ 10♥ 8♦=8  B:10♠ 4♠=4  PLAYER(L)  | -1,000원 → 294,250원  [start]
H1352 | bet   2,000원 PLAYER | P:A♣ K♦ 10♣=1  B:10♣ Q♦ 2♠=2  BANKER(L)  | -2,000원 → 292,250원
H1353 | bet   4,000원 PLAYER | P:5♥ 8♦=3  B:2♥ 6♣=8  BANKER(L)  | -4,000원 → 288,250원
H1354 | bet   8,000원 PLAYER | P:8♦ J♦=8  B:5♥ Q♥=5  PLAYER(W)  | +8,000원 → 296,250원  [end_win]
H1355 | bet   1,000원 BANKER | P:6♠ J♦=6  B:9♥ 10♥=9  BANKER(W)  | +950원 → 297,200원
H1356 | bet   1,000원 BANKER | P:8♥ 8♥=6  B:9♣ 4♠ A♠=4  PLAYER(L)  | -1,000원 → 296,200원  [start]
H1357 | bet   2,000원 PLAYER | P:K♥ 10♠ 5♣=5  B:4♠ A♥ K♠=5  TIE(T)  |     0원 → 296,200원
H1358 | bet   2,000원 PLAYER | P:3♣ 5♣=8  B:6♣ 5♣=1  PLAYER(W)  | +2,000원 → 298,200원  [end_win]
H1359 | bet   1,000원 BANKER | P:3♣ J♦ K♦=3  B:J♦ 6♥=6  BANKER(W)  | +950원 → 299,150원
H1360 | bet   1,000원 BANKER | P:3♣ 4♦=7  B:10♦ 8♥=8  BANKER(W)  | +950원 → 300,100원
H1361 | bet   1,000원 BANKER | P:8♠ K♥=8  B:3♦ 3♠=6  PLAYER(L)  | -1,000원 → 299,100원  [start]
H1362 | bet   2,000원 PLAYER | P:3♥ 2♦ 10♠=5  B:3♥ 2♠=5  TIE(T)  |     0원 → 299,100원
H1363 | bet   2,000원 PLAYER | P:7♥ K♠=7  B:10♠ J♠ 4♦=4  PLAYER(W)  | +2,000원 → 301,100원  [end_win]
H1364 | bet   1,000원 BANKER | P:10♥ 4♥ 6♣=0  B:Q♣ A♥ 7♠=8  BANKER(W)  | +950원 → 302,050원
H1365 | bet   1,000원 BANKER | P:J♠ 10♥ 6♠=6  B:K♥ K♣ 9♣=9  BANKER(W)  | +950원 → 303,000원
H1366 | bet   1,000원 BANKER | P:K♣ K♥ 2♠=2  B:4♥ K♥ 3♠=7  BANKER(W)  | +950원 → 303,950원
H1367 | bet   1,000원 BANKER | P:5♥ 9♠=4  B:3♣ 6♦=9  BANKER(W)  | +950원 → 304,900원
H1368 | bet   1,000원 BANKER | P:8♦ 2♦ 9♦=9  B:K♦ 7♣=7  PLAYER(L)  | -1,000원 → 303,900원  [start]
H1369 | bet   2,000원 PLAYER | P:4♦ 9♣ 7♥=0  B:7♠ 8♣ Q♥=5  BANKER(L)  | -2,000원 → 301,900원
H1370 | bet   4,000원 PLAYER | P:9♠ Q♠=9  B:6♥ A♠=7  PLAYER(W)  | +4,000원 → 305,900원  [end_win]
H1371 | bet   1,000원 BANKER | P:6♦ J♣=6  B:A♠ Q♥ 3♥=4  PLAYER(L)  | -1,000원 → 304,900원  [start]
H1372 | bet   2,000원 PLAYER | P:5♠ Q♥=5  B:3♣ 5♣=8  BANKER(L)  | -2,000원 → 302,900원
H1373 | bet   4,000원 PLAYER | P:Q♠ 4♥ 7♣=1  B:J♥ 5♥ 2♣=7  BANKER(L)  | -4,000원 → 298,900원
H1374 | bet   8,000원 PLAYER | P:9♥ 4♣ A♥=4  B:5♠ K♠=5  BANKER(L)  | -8,000원 → 290,900원
H1375 | bet  16,000원 PLAYER | P:J♣ 10♣ A♠=1  B:Q♣ K♠ 3♠=3  BANKER(L)  | -16,000원 → 274,900원  [end_giveup]
H1376 | bet   1,000원 BANKER | P:3♣ Q♦ 4♠=7  B:J♣ 4♣ 2♥=6  PLAYER(L)  | -1,000원 → 273,900원  [start]
H1377 | bet   2,000원 PLAYER | P:10♣ 7♥=7  B:J♠ A♣ 3♦=4  PLAYER(W)  | +2,000원 → 275,900원  [end_win]
H1378 | bet   1,000원 BANKER | P:K♦ 2♦ J♠=2  B:3♣ 10♦ 9♣=2  TIE(T)  |     0원 → 275,900원
H1379 | bet   1,000원 BANKER | P:3♠ 9♥ Q♣=2  B:2♣ 8♣ 8♠=8  BANKER(W)  | +950원 → 276,850원
H1380 | bet   1,000원 BANKER | P:4♣ 5♠=9  B:7♣ 7♠=4  PLAYER(L)  | -1,000원 → 275,850원  [start]
H1381 | bet   2,000원 PLAYER | P:7♥ 5♦ 9♠=1  B:Q♣ A♣ K♣=1  TIE(T)  |     0원 → 275,850원
H1382 | bet   2,000원 PLAYER | P:A♠ 2♠ K♦=3  B:9♦ 2♥ J♥=1  PLAYER(W)  | +2,000원 → 277,850원  [end_win]
H1383 | bet   1,000원 BANKER | P:2♣ A♥ 8♦=1  B:Q♥ A♦ 8♥=9  BANKER(W)  | +950원 → 278,800원
H1384 | bet   1,000원 BANKER | P:A♦ 10♥ 8♦=9  B:8♠ 4♦ 10♦=2  PLAYER(L)  | -1,000원 → 277,800원  [start]
H1385 | bet   2,000원 PLAYER | P:6♠ 4♦ 5♦=5  B:J♠ Q♣ 8♠=8  BANKER(L)  | -2,000원 → 275,800원
H1386 | bet   4,000원 PLAYER | P:5♥ J♣ 9♦=4  B:6♠ 5♠ 2♦=3  PLAYER(W)  | +4,000원 → 279,800원  [end_win]
H1387 | bet   1,000원 BANKER | P:2♠ 7♥=9  B:4♣ 2♥=6  PLAYER(L)  | -1,000원 → 278,800원  [start]
H1388 | bet   2,000원 PLAYER | P:J♥ 10♥ A♣=1  B:K♣ 4♣=4  BANKER(L)  | -2,000원 → 276,800원
H1389 | bet   4,000원 PLAYER | P:3♦ Q♦ 4♥=7  B:4♥ 2♥=6  PLAYER(W)  | +4,000원 → 280,800원  [end_win]
H1390 | bet   1,000원 BANKER | P:5♥ 3♠=8  B:7♠ Q♣=7  PLAYER(L)  | -1,000원 → 279,800원  [start]
H1391 | bet   2,000원 PLAYER | P:6♥ 9♥=5  B:9♦ J♠=9  BANKER(L)  | -2,000원 → 277,800원
H1392 | bet   4,000원 PLAYER | P:3♦ K♠ 5♦=8  B:10♥ 5♥ 9♦=4  PLAYER(W)  | +4,000원 → 281,800원  [end_win]
H1393 | bet   1,000원 BANKER | P:5♣ 9♠ 8♥=2  B:Q♠ 3♦=3  BANKER(W)  | +950원 → 282,750원
H1394 | bet   1,000원 BANKER | P:9♥ 6♥ 2♥=7  B:Q♠ 7♥=7  TIE(T)  |     0원 → 282,750원
H1395 | bet   1,000원 BANKER | P:8♣ K♥=8  B:3♣ 7♣=0  PLAYER(L)  | -1,000원 → 281,750원  [start]
H1396 | bet   2,000원 PLAYER | P:10♥ 5♦ 7♠=2  B:3♣ J♣ A♠=4  BANKER(L)  | -2,000원 → 279,750원
H1397 | bet   4,000원 PLAYER | P:3♥ 5♣=8  B:8♦ 8♦=6  PLAYER(W)  | +4,000원 → 283,750원  [end_win]
H1398 | bet   1,000원 BANKER | P:Q♣ Q♠=0  B:9♥ 10♠=9  BANKER(W)  | +950원 → 284,700원
H1399 | bet   1,000원 BANKER | P:8♣ Q♣=8  B:K♦ 3♦=3  PLAYER(L)  | -1,000원 → 283,700원  [start]
H1400 | bet   2,000원 PLAYER | P:7♦ 10♦=7  B:Q♥ Q♦ 10♠=0  PLAYER(W)  | +2,000원 → 285,700원  [end_win]
H1401 | bet   1,000원 BANKER | P:Q♠ 6♠=6  B:10♦ 8♦=8  BANKER(W)  | +950원 → 286,650원
H1402 | bet   1,000원 BANKER | P:9♥ 4♦ 3♠=6  B:2♠ J♦ A♣=3  PLAYER(L)  | -1,000원 → 285,650원  [start]
H1403 | bet   2,000원 PLAYER | P:10♠ J♠ 9♠=9  B:3♦ 3♣=6  PLAYER(W)  | +2,000원 → 287,650원  [end_win]
H1404 | bet   1,000원 BANKER | P:3♠ 5♦=8  B:6♣ 3♠=9  BANKER(W)  | +950원 → 288,600원
H1405 | bet   1,000원 BANKER | P:J♦ A♣ K♠=1  B:3♦ 4♦=7  BANKER(W)  | +950원 → 289,550원
H1406 | bet   1,000원 BANKER | P:Q♦ 10♣ 7♣=7  B:Q♥ K♣ 4♠=4  PLAYER(L)  | -1,000원 → 288,550원  [start]
H1407 | bet   2,000원 PLAYER | P:4♥ 9♦ 8♦=1  B:6♠ 8♦=4  BANKER(L)  | -2,000원 → 286,550원
H1408 | bet   4,000원 PLAYER | P:4♠ A♠ Q♥=5  B:5♥ 5♥ 9♣=9  BANKER(L)  | -4,000원 → 282,550원
H1409 | bet   8,000원 PLAYER | P:2♠ 9♦ 5♠=6  B:J♣ 2♠ 10♣=2  PLAYER(W)  | +8,000원 → 290,550원  [end_win]
H1410 | bet   1,000원 BANKER | P:K♠ 5♣=5  B:A♣ 8♥=9  BANKER(W)  | +950원 → 291,500원
H1411 | bet   1,000원 BANKER | P:2♦ 5♣=7  B:2♦ 7♥=9  BANKER(W)  | +950원 → 292,450원
H1412 | bet   1,000원 BANKER | P:J♣ 3♥ 9♥=2  B:J♦ 10♠ 2♣=2  TIE(T)  |     0원 → 292,450원
H1413 | bet   1,000원 BANKER | P:K♥ 3♣ A♠=4  B:A♥ 2♠ 8♣=1  PLAYER(L)  | -1,000원 → 291,450원  [start]
H1414 | bet   2,000원 PLAYER | P:K♦ 7♥=7  B:K♣ 2♥ Q♣=2  PLAYER(W)  | +2,000원 → 293,450원  [end_win]
H1415 | bet   1,000원 BANKER | P:4♠ 8♠=2  B:9♦ 10♥=9  BANKER(W)  | +950원 → 294,400원
H1416 | bet   1,000원 BANKER | P:7♣ 6♦ 10♦=3  B:10♦ J♦ Q♠=0  PLAYER(L)  | -1,000원 → 293,400원  [start]
H1417 | bet   2,000원 PLAYER | P:4♦ K♠ J♥=4  B:5♥ 9♠=4  TIE(T)  |     0원 → 293,400원
H1418 | bet   2,000원 PLAYER | P:8♦ 9♣=7  B:9♦ 3♥ 5♠=7  TIE(T)  |     0원 → 293,400원
H1419 | bet   2,000원 PLAYER | P:4♥ 10♦ 8♥=2  B:Q♦ 4♥=4  BANKER(L)  | -2,000원 → 291,400원
H1420 | bet   4,000원 PLAYER | P:7♦ 2♦=9  B:4♥ 4♥=8  PLAYER(W)  | +4,000원 → 295,400원  [end_win]
H1421 | bet   1,000원 BANKER | P:9♣ 4♠=3  B:J♦ 9♠=9  BANKER(W)  | +950원 → 296,350원
H1422 | bet   1,000원 BANKER | P:6♠ 4♣ 2♣=2  B:7♥ 7♦ K♠=4  BANKER(W)  | +950원 → 297,300원
H1423 | bet   1,000원 BANKER | P:Q♠ 10♥ K♠=0  B:J♥ 2♠ 7♣=9  BANKER(W)  | +950원 → 298,250원
H1424 | bet   1,000원 BANKER | P:8♠ 2♦ 7♥=7  B:7♦ 9♦ 2♣=8  BANKER(W)  | +950원 → 299,200원
H1425 | bet   1,000원 BANKER | P:6♣ 2♣=8  B:K♦ 2♣=2  PLAYER(L)  | -1,000원 → 298,200원  [start]
H1426 | bet   2,000원 PLAYER | P:A♠ 5♦=6  B:5♥ K♥ 9♣=4  PLAYER(W)  | +2,000원 → 300,200원  [end_win]
H1427 | bet   1,000원 BANKER | P:6♦ 5♠ 9♥=0  B:10♣ 2♣ 10♦=2  BANKER(W)  | +950원 → 301,150원
H1428 | bet   1,000원 BANKER | P:7♠ K♣=7  B:K♣ Q♥ 5♦=5  PLAYER(L)  | -1,000원 → 300,150원  [start]
H1429 | bet   2,000원 PLAYER | P:3♦ J♠ 4♦=7  B:5♣ K♣ 7♠=2  PLAYER(W)  | +2,000원 → 302,150원  [end_win]
H1430 | bet   1,000원 BANKER | P:2♠ 2♦ J♥=4  B:3♣ J♠ 8♣=1  PLAYER(L)  | -1,000원 → 301,150원  [start]
H1431 | bet   2,000원 PLAYER | P:10♠ 7♠=7  B:5♥ 3♣=8  BANKER(L)  | -2,000원 → 299,150원
H1432 | bet   4,000원 PLAYER | P:10♦ 4♠ 9♦=3  B:2♦ J♠ Q♥=2  PLAYER(W)  | +4,000원 → 303,150원  [end_win]
H1433 | bet   1,000원 BANKER | P:2♦ 3♦=5  B:2♥ 7♦=9  BANKER(W)  | +950원 → 304,100원
H1434 | bet   1,000원 BANKER | P:A♦ J♠ 6♥=7  B:Q♦ J♥ Q♠=0  PLAYER(L)  | -1,000원 → 303,100원  [start]
H1435 | bet   2,000원 PLAYER | P:10♥ Q♣=0  B:A♣ 7♠=8  BANKER(L)  | -2,000원 → 301,100원
H1436 | bet   4,000원 PLAYER | P:5♠ 5♦ 8♠=8  B:4♦ 3♥=7  PLAYER(W)  | +4,000원 → 305,100원  [end_win]
H1437 | bet   1,000원 BANKER | P:A♠ Q♥ 7♥=8  B:5♥ Q♥ 10♥=5  PLAYER(L)  | -1,000원 → 304,100원  [start]
H1438 | bet   2,000원 PLAYER | P:7♣ A♥=8  B:3♠ A♠=4  PLAYER(W)  | +2,000원 → 306,100원  [end_win]
H1439 | bet   1,000원 BANKER | P:10♣ K♦ 10♣=0  B:2♥ 5♠=7  BANKER(W)  | +950원 → 307,050원
H1440 | bet   1,000원 BANKER | P:3♥ A♠=4  B:7♠ A♣=8  BANKER(W)  | +950원 → 308,000원
H1441 | bet   1,000원 BANKER | P:3♣ 8♠ 5♠=6  B:Q♣ 6♥=6  TIE(T)  |     0원 → 308,000원
H1442 | bet   1,000원 BANKER | P:8♣ 10♥=8  B:9♠ 2♣=1  PLAYER(L)  | -1,000원 → 307,000원  [start]
H1443 | bet   2,000원 PLAYER | P:10♣ 5♦ 4♠=9  B:Q♣ 2♥ Q♦=2  PLAYER(W)  | +2,000원 → 309,000원  [end_win]
H1444 | bet   1,000원 BANKER | P:K♦ J♥ 2♥=2  B:4♦ 8♣ Q♠=2  TIE(T)  |     0원 → 309,000원
H1445 | bet   1,000원 BANKER | P:9♣ 7♦=6  B:9♣ 8♥=7  BANKER(W)  | +950원 → 309,950원
H1446 | bet   1,000원 BANKER | P:Q♥ 4♦ 6♠=0  B:J♣ 4♥ K♣=4  BANKER(W)  | +950원 → 310,900원
H1447 | bet   1,000원 BANKER | P:10♦ 4♣ 6♦=0  B:7♦ 6♠ 5♣=8  BANKER(W)  | +950원 → 311,850원
H1448 | bet   1,000원 BANKER | P:9♣ A♣ 3♦=3  B:3♠ 10♥ 2♠=5  BANKER(W)  | +950원 → 312,800원
H1449 | bet   1,000원 BANKER | P:8♠ 3♥=1  B:7♦ A♥=8  BANKER(W)  | +950원 → 313,750원
H1450 | bet   1,000원 BANKER | P:A♥ Q♣ 9♠=0  B:7♣ 7♣=4  BANKER(W)  | +950원 → 314,700원
H1451 | bet   1,000원 BANKER | P:A♥ 6♦=7  B:6♠ K♣=6  PLAYER(L)  | -1,000원 → 313,700원  [start]
H1452 | bet   2,000원 PLAYER | P:9♥ 6♦=5  B:4♦ 4♣=8  BANKER(L)  | -2,000원 → 311,700원
H1453 | bet   4,000원 PLAYER | P:K♥ 8♣=8  B:A♦ 3♠=4  PLAYER(W)  | +4,000원 → 315,700원  [end_win]
H1454 | bet   1,000원 BANKER | P:A♦ 6♠=7  B:A♦ 7♥=8  BANKER(W)  | +950원 → 316,650원
H1455 | bet   1,000원 BANKER | P:J♦ 9♠=9  B:K♦ J♣=0  PLAYER(L)  | -1,000원 → 315,650원  [start]
H1456 | bet   2,000원 PLAYER | P:6♦ 10♠=6  B:K♣ K♥ A♦=1  PLAYER(W)  | +2,000원 → 317,650원  [end_win]
H1457 | bet   1,000원 BANKER | P:4♥ Q♦ 2♠=6  B:A♦ 4♣=5  PLAYER(L)  | -1,000원 → 316,650원  [start]
H1458 | bet   2,000원 PLAYER | P:4♠ 8♣ 6♣=8  B:2♦ K♠ 9♣=1  PLAYER(W)  | +2,000원 → 318,650원  [end_win]
H1459 | bet   1,000원 BANKER | P:6♣ 4♠ 8♠=8  B:4♣ J♥=4  PLAYER(L)  | -1,000원 → 317,650원  [start]
H1460 | bet   2,000원 PLAYER | P:6♠ A♦=7  B:4♣ 7♣ 6♣=7  TIE(T)  |     0원 → 317,650원
H1461 | bet   2,000원 PLAYER | P:3♠ 2♥ 6♣=1  B:5♣ J♠ J♥=5  BANKER(L)  | -2,000원 → 315,650원
H1462 | bet   4,000원 PLAYER | P:6♥ 9♥ 10♠=5  B:J♦ J♠ 8♠=8  BANKER(L)  | -4,000원 → 311,650원
H1463 | bet   8,000원 PLAYER | P:4♣ 6♣ J♣=0  B:J♣ A♥ 6♦=7  BANKER(L)  | -8,000원 → 303,650원
H1464 | bet  16,000원 PLAYER | P:8♠ 4♥=2  B:8♥ K♦=8  BANKER(L)  | -16,000원 → 287,650원  [end_giveup]
H1465 | bet   1,000원 BANKER | P:8♥ K♥=8  B:3♣ K♥=3  PLAYER(L)  | -1,000원 → 286,650원  [start]
H1466 | bet   2,000원 PLAYER | P:Q♦ 8♦=8  B:4♣ 9♠=3  PLAYER(W)  | +2,000원 → 288,650원  [end_win]
H1467 | bet   1,000원 BANKER | P:3♥ Q♦ 7♥=0  B:2♣ A♣ J♥=3  BANKER(W)  | +950원 → 289,600원
H1468 | bet   1,000원 BANKER | P:J♦ 5♠ 10♣=5  B:A♥ 10♣ 6♦=7  BANKER(W)  | +950원 → 290,550원
H1469 | bet   1,000원 BANKER | P:5♣ 6♥ 7♠=8  B:A♥ K♥ 6♣=7  PLAYER(L)  | -1,000원 → 289,550원  [start]
H1470 | bet   2,000원 PLAYER | P:8♥ 6♥ A♣=5  B:3♥ K♠ 2♥=5  TIE(T)  |     0원 → 289,550원
H1471 | bet   2,000원 PLAYER | P:5♦ 7♠ 10♦=2  B:Q♠ Q♥ J♦=0  PLAYER(W)  | +2,000원 → 291,550원  [end_win]
H1472 | bet   1,000원 BANKER | P:5♣ 7♣ 3♣=5  B:8♣ 2♠ A♣=1  PLAYER(L)  | -1,000원 → 290,550원  [start]
H1473 | bet   2,000원 PLAYER | P:K♠ 3♦ J♦=3  B:3♣ Q♣ 6♦=9  BANKER(L)  | -2,000원 → 288,550원
H1474 | bet   4,000원 PLAYER | P:J♠ 2♠ A♦=3  B:10♣ 6♥=6  BANKER(L)  | -4,000원 → 284,550원
H1475 | bet   8,000원 PLAYER | P:10♦ K♦ 4♥=4  B:4♣ 2♦=6  BANKER(L)  | -8,000원 → 276,550원
H1476 | bet  16,000원 PLAYER | P:A♥ Q♥=1  B:7♠ 2♠=9  BANKER(L)  | -16,000원 → 260,550원  [end_giveup]
H1477 | bet   1,000원 BANKER | P:Q♣ J♣=0  B:K♣ 9♣=9  BANKER(W)  | +950원 → 261,500원
H1478 | bet   1,000원 BANKER | P:3♥ 4♠=7  B:5♦ 2♠=7  TIE(T)  |     0원 → 261,500원
H1479 | bet   1,000원 BANKER | P:3♦ 9♣ 8♥=0  B:4♠ 9♠=3  BANKER(W)  | +950원 → 262,450원
H1480 | bet   1,000원 BANKER | P:A♠ Q♥ 3♠=4  B:J♥ 10♠ 4♥=4  TIE(T)  |     0원 → 262,450원
H1481 | bet   1,000원 BANKER | P:2♣ 8♥ 10♣=0  B:2♣ 2♣=4  BANKER(W)  | +950원 → 263,400원
H1482 | bet   1,000원 BANKER | P:6♥ 2♥=8  B:A♠ K♦=1  PLAYER(L)  | -1,000원 → 262,400원  [start]
H1483 | bet   2,000원 PLAYER | P:6♥ Q♣=6  B:4♥ 2♣=6  TIE(T)  |     0원 → 262,400원
H1484 | bet   2,000원 PLAYER | P:A♦ K♠ K♠=1  B:8♠ 6♠=4  BANKER(L)  | -2,000원 → 260,400원
H1485 | bet   4,000원 PLAYER | P:7♠ 4♠=1  B:4♥ 4♦=8  BANKER(L)  | -4,000원 → 256,400원
H1486 | bet   8,000원 PLAYER | P:2♦ K♦ 5♦=7  B:10♣ 7♥=7  TIE(T)  |     0원 → 256,400원
H1487 | bet   8,000원 PLAYER | P:K♥ 9♠=9  B:8♣ 9♠=7  PLAYER(W)  | +8,000원 → 264,400원  [end_win]
H1488 | bet   1,000원 BANKER | P:K♥ 4♦ J♠=4  B:3♥ 10♦ 7♥=0  PLAYER(L)  | -1,000원 → 263,400원  [start]
H1489 | bet   2,000원 PLAYER | P:8♥ 6♥ A♣=5  B:J♣ 3♠ 9♦=2  PLAYER(W)  | +2,000원 → 265,400원  [end_win]
H1490 | bet   1,000원 BANKER | P:J♦ K♥ 7♦=7  B:10♠ 4♥ J♥=4  PLAYER(L)  | -1,000원 → 264,400원  [start]
H1491 | bet   2,000원 PLAYER | P:Q♥ 8♠=8  B:Q♦ 4♠=4  PLAYER(W)  | +2,000원 → 266,400원  [end_win]
H1492 | bet   1,000원 BANKER | P:K♠ J♥ 5♠=5  B:7♥ 3♣ Q♣=0  PLAYER(L)  | -1,000원 → 265,400원  [start]
H1493 | bet   2,000원 PLAYER | P:6♠ 9♠ 9♦=4  B:2♠ 4♥=6  BANKER(L)  | -2,000원 → 263,400원
H1494 | bet   4,000원 PLAYER | P:6♠ 5♥ 9♥=0  B:J♥ Q♦ 10♣=0  TIE(T)  |     0원 → 263,400원
H1495 | bet   4,000원 PLAYER | P:7♥ A♠=8  B:2♦ J♠=2  PLAYER(W)  | +4,000원 → 267,400원  [end_win]
H1496 | bet   1,000원 BANKER | P:6♦ K♣=6  B:J♣ K♠ J♠=0  PLAYER(L)  | -1,000원 → 266,400원  [start]
H1497 | bet   2,000원 PLAYER | P:2♦ K♠ K♣=2  B:A♥ 9♣ 2♥=2  TIE(T)  |     0원 → 266,400원
H1498 | bet   2,000원 PLAYER | P:Q♥ 2♦ 2♣=4  B:K♥ 5♠=5  BANKER(L)  | -2,000원 → 264,400원
H1499 | bet   4,000원 PLAYER | P:4♣ 8♣=2  B:8♣ A♥=9  BANKER(L)  | -4,000원 → 260,400원
H1500 | bet   8,000원 PLAYER | P:6♣ K♥=6  B:10♠ 3♠ 5♠=8  BANKER(L)  | -8,000원 → 252,400원
H1501 | bet  16,000원 PLAYER | P:Q♥ 4♦=4  B:9♥ Q♣=9  BANKER(L)  | -16,000원 → 236,400원  [end_giveup]
H1502 | bet   1,000원 BANKER | P:9♥ 6♥ 10♣=5  B:J♣ 3♥ 5♣=8  BANKER(W)  | +950원 → 237,350원
H1503 | bet   1,000원 BANKER | P:2♣ 10♠ 10♥=2  B:K♦ 3♦ 8♠=1  PLAYER(L)  | -1,000원 → 236,350원  [start]
H1504 | bet   2,000원 PLAYER | P:3♦ 7♥ Q♣=0  B:4♦ 2♦=6  BANKER(L)  | -2,000원 → 234,350원
H1505 | bet   4,000원 PLAYER | P:8♣ 9♠=7  B:Q♦ 7♣=7  TIE(T)  |     0원 → 234,350원
H1506 | bet   4,000원 PLAYER | P:3♣ J♣ 6♦=9  B:A♦ 9♦ A♦=1  PLAYER(W)  | +4,000원 → 238,350원  [end_win]
H1507 | bet   1,000원 BANKER | P:6♦ K♥=6  B:3♦ J♣ 4♠=7  BANKER(W)  | +950원 → 239,300원
H1508 | bet   1,000원 BANKER | P:8♦ 2♣ J♠=0  B:J♦ J♣ 10♣=0  TIE(T)  |     0원 → 239,300원
H1509 | bet   1,000원 BANKER | P:2♥ 10♦ 7♣=9  B:5♥ 2♥=7  PLAYER(L)  | -1,000원 → 238,300원  [start]
H1510 | bet   2,000원 PLAYER | P:7♠ 4♠ K♦=1  B:6♦ 10♣=6  BANKER(L)  | -2,000원 → 236,300원
H1511 | bet   4,000원 PLAYER | P:Q♠ 9♣=9  B:2♣ 10♠=2  PLAYER(W)  | +4,000원 → 240,300원  [end_win]
H1512 | bet   1,000원 BANKER | P:10♠ 10♥ 9♠=9  B:7♥ 9♠=6  PLAYER(L)  | -1,000원 → 239,300원  [start]
H1513 | bet   2,000원 PLAYER | P:J♥ 4♣=4  B:Q♠ 8♠=8  BANKER(L)  | -2,000원 → 237,300원
H1514 | bet   4,000원 PLAYER | P:K♠ 4♣ 3♣=7  B:4♦ 10♥ 7♦=1  PLAYER(W)  | +4,000원 → 241,300원  [end_win]
H1515 | bet   1,000원 BANKER | P:A♥ 5♦=6  B:5♠ 4♦=9  BANKER(W)  | +950원 → 242,250원
H1516 | bet   1,000원 BANKER | P:3♣ 6♣=9  B:7♣ 4♦=1  PLAYER(L)  | -1,000원 → 241,250원  [start]
H1517 | bet   2,000원 PLAYER | P:5♣ 9♥ J♣=4  B:2♦ K♠ J♦=2  PLAYER(W)  | +2,000원 → 243,250원  [end_win]
H1518 | bet   1,000원 BANKER | P:9♦ 8♥=7  B:9♠ 7♠=6  PLAYER(L)  | -1,000원 → 242,250원  [start]
H1519 | bet   2,000원 PLAYER | P:K♣ 5♦ 5♥=0  B:5♣ K♣ 6♠=1  BANKER(L)  | -2,000원 → 240,250원
H1520 | bet   4,000원 PLAYER | P:7♣ 4♠ Q♦=1  B:Q♠ J♦ 8♣=8  BANKER(L)  | -4,000원 → 236,250원
H1521 | bet   8,000원 PLAYER | P:7♣ K♥=7  B:4♣ A♠ A♦=6  PLAYER(W)  | +8,000원 → 244,250원  [end_win]
H1522 | bet   1,000원 BANKER | P:J♠ 6♦=6  B:3♥ 8♥ Q♣=1  PLAYER(L)  | -1,000원 → 243,250원  [start]
H1523 | bet   2,000원 PLAYER | P:6♠ 8♠ 5♠=9  B:6♠ Q♦=6  PLAYER(W)  | +2,000원 → 245,250원  [end_win]
H1524 | bet   1,000원 BANKER | P:K♣ 4♣=4  B:3♥ 6♠=9  BANKER(W)  | +950원 → 246,200원
H1525 | bet   1,000원 BANKER | P:5♦ 6♥ 4♣=5  B:9♥ 3♠ 5♣=7  BANKER(W)  | +950원 → 247,150원
H1526 | bet   1,000원 BANKER | P:8♥ 10♦=8  B:J♦ 2♥=2  PLAYER(L)  | -1,000원 → 246,150원  [start]
H1527 | bet   2,000원 PLAYER | P:5♥ 3♥=8  B:5♥ A♣=6  PLAYER(W)  | +2,000원 → 248,150원  [end_win]
H1528 | bet   1,000원 BANKER | P:A♣ A♥ 2♦=4  B:8♦ 8♦=6  BANKER(W)  | +950원 → 249,100원
H1529 | bet   1,000원 BANKER | P:6♣ K♣=6  B:A♥ 3♠ 3♠=7  BANKER(W)  | +950원 → 250,050원
H1530 | bet   1,000원 BANKER | P:9♣ 6♥ 9♦=4  B:K♦ Q♠ 8♦=8  BANKER(W)  | +950원 → 251,000원
H1531 | bet   1,000원 BANKER | P:Q♦ K♥=0  B:7♦ A♣=8  BANKER(W)  | +950원 → 251,950원
H1532 | bet   1,000원 BANKER | P:3♣ 8♥ 6♣=7  B:7♦ 7♦ 10♦=4  PLAYER(L)  | -1,000원 → 250,950원  [start]
H1533 | bet   2,000원 PLAYER | P:3♠ 3♥=6  B:5♦ 3♦=8  BANKER(L)  | -2,000원 → 248,950원
H1534 | bet   4,000원 PLAYER | P:5♣ 3♦=8  B:A♥ 10♦=1  PLAYER(W)  | +4,000원 → 252,950원  [end_win]
H1535 | bet   1,000원 BANKER | P:7♣ 9♥=6  B:5♥ 10♦ 8♣=3  PLAYER(L)  | -1,000원 → 251,950원  [start]
H1536 | bet   2,000원 PLAYER | P:3♦ 3♥=6  B:A♣ Q♥ 7♦=8  BANKER(L)  | -2,000원 → 249,950원
H1537 | bet   4,000원 PLAYER | P:8♦ 4♠ 7♠=9  B:7♥ 4♥ A♠=2  PLAYER(W)  | +4,000원 → 253,950원  [end_win]
H1538 | bet   1,000원 BANKER | P:10♠ 10♥=0  B:8♦ Q♦=8  BANKER(W)  | +950원 → 254,900원
H1539 | bet   1,000원 BANKER | P:J♥ A♦ 10♥=1  B:5♦ 7♦ 8♠=0  PLAYER(L)  | -1,000원 → 253,900원  [start]
H1540 | bet   2,000원 PLAYER | P:9♣ 2♠ A♠=2  B:J♠ A♥ 7♠=8  BANKER(L)  | -2,000원 → 251,900원
H1541 | bet   4,000원 PLAYER | P:5♥ J♥ A♠=6  B:4♦ 9♦ 10♠=3  PLAYER(W)  | +4,000원 → 255,900원  [end_win]
H1542 | bet   1,000원 BANKER | P:9♦ 10♥=9  B:3♣ 7♦=0  PLAYER(L)  | -1,000원 → 254,900원  [start]
H1543 | bet   2,000원 PLAYER | P:5♠ Q♠ 7♥=2  B:8♠ 8♥ 5♠=1  PLAYER(W)  | +2,000원 → 256,900원  [end_win]
H1544 | bet   1,000원 BANKER | P:A♣ 2♥ 4♣=7  B:9♣ 5♣ 5♥=9  BANKER(W)  | +950원 → 257,850원
H1545 | bet   1,000원 BANKER | P:6♥ 9♥ J♥=5  B:6♦ 4♥ 8♣=8  BANKER(W)  | +950원 → 258,800원
H1546 | bet   1,000원 BANKER | P:8♦ 6♣ 7♠=1  B:5♠ 6♠ 2♥=3  BANKER(W)  | +950원 → 259,750원
H1547 | bet   1,000원 BANKER | P:J♦ A♦ 6♣=7  B:2♠ Q♠ Q♣=2  PLAYER(L)  | -1,000원 → 258,750원  [start]
H1548 | bet   2,000원 PLAYER | P:Q♦ A♠ 9♦=0  B:10♣ K♦ 2♠=2  BANKER(L)  | -2,000원 → 256,750원
H1549 | bet   4,000원 PLAYER | P:6♣ 6♦ K♣=2  B:9♣ A♣ 7♣=7  BANKER(L)  | -4,000원 → 252,750원
H1550 | bet   8,000원 PLAYER | P:7♣ J♣=7  B:2♠ Q♣ 9♣=1  PLAYER(W)  | +8,000원 → 260,750원  [end_win]
H1551 | bet   1,000원 BANKER | P:6♥ 3♠=9  B:K♥ 9♥=9  TIE(T)  |     0원 → 260,750원
H1552 | bet   1,000원 BANKER | P:7♥ 6♠ K♦=3  B:8♦ 7♠=5  BANKER(W)  | +950원 → 261,700원
H1553 | bet   1,000원 BANKER | P:J♦ 5♦ 9♣=4  B:A♦ K♠ 5♣=6  BANKER(W)  | +950원 → 262,650원
H1554 | bet   1,000원 BANKER | P:K♦ 3♠ K♦=3  B:5♣ J♥=5  BANKER(W)  | +950원 → 263,600원
H1555 | bet   1,000원 BANKER | P:5♥ Q♣=5  B:6♥ 3♦=9  BANKER(W)  | +950원 → 264,550원
H1556 | bet   1,000원 BANKER | P:7♥ 9♠=6  B:7♦ 3♠ 3♥=3  PLAYER(L)  | -1,000원 → 263,550원  [start]
H1557 | bet   2,000원 PLAYER | P:K♣ Q♠ Q♦=0  B:A♠ 10♦ 8♣=9  BANKER(L)  | -2,000원 → 261,550원
H1558 | bet   4,000원 PLAYER | P:2♦ 9♦=1  B:7♦ 2♦=9  BANKER(L)  | -4,000원 → 257,550원
H1559 | bet   8,000원 PLAYER | P:J♦ 9♦=9  B:10♣ K♥=0  PLAYER(W)  | +8,000원 → 265,550원  [end_win]
H1560 | bet   1,000원 BANKER | P:J♣ A♣ 3♣=4  B:2♠ J♦ 3♥=5  BANKER(W)  | +950원 → 266,500원
H1561 | bet   1,000원 BANKER | P:9♦ 4♠ 2♠=5  B:9♣ 8♣=7  BANKER(W)  | +950원 → 267,450원
H1562 | bet   1,000원 BANKER | P:7♠ K♣=7  B:K♠ 2♦ A♥=3  PLAYER(L)  | -1,000원 → 266,450원  [start]
H1563 | bet   2,000원 PLAYER | P:10♠ 3♣ 2♣=5  B:6♠ 5♠ 8♦=9  BANKER(L)  | -2,000원 → 264,450원
H1564 | bet   4,000원 PLAYER | P:A♣ 4♣ 5♦=0  B:7♣ 3♦ 5♠=5  BANKER(L)  | -4,000원 → 260,450원
H1565 | bet   8,000원 PLAYER | P:Q♣ 8♠=8  B:3♥ Q♥=3  PLAYER(W)  | +8,000원 → 268,450원  [end_win]
H1566 | bet   1,000원 BANKER | P:6♠ 4♣ A♦=1  B:8♥ 7♠=5  BANKER(W)  | +950원 → 269,400원
H1567 | bet   1,000원 BANKER | P:2♥ 8♦ 5♠=5  B:2♥ 2♣ 3♥=7  BANKER(W)  | +950원 → 270,350원
H1568 | bet   1,000원 BANKER | P:8♣ 8♣=6  B:A♠ 2♦ 5♦=8  BANKER(W)  | +950원 → 271,300원
H1569 | bet   1,000원 BANKER | P:6♦ 10♥=6  B:2♣ 9♥ 2♦=3  PLAYER(L)  | -1,000원 → 270,300원  [start]
H1570 | bet   2,000원 PLAYER | P:6♣ Q♦=6  B:5♠ 6♦ 4♥=5  PLAYER(W)  | +2,000원 → 272,300원  [end_win]
H1571 | bet   1,000원 BANKER | P:A♥ 9♣ 10♠=0  B:A♠ 4♦=5  BANKER(W)  | +950원 → 273,250원
H1572 | bet   1,000원 BANKER | P:5♦ 7♦ 6♦=8  B:3♣ K♦ 5♣=8  TIE(T)  |     0원 → 273,250원
H1573 | bet   1,000원 BANKER | P:J♥ A♥ 3♣=4  B:3♠ 9♦ Q♠=2  PLAYER(L)  | -1,000원 → 272,250원  [start]
H1574 | bet   2,000원 PLAYER | P:Q♦ 7♥=7  B:8♥ K♠=8  BANKER(L)  | -2,000원 → 270,250원
H1575 | bet   4,000원 PLAYER | P:A♠ 7♠=8  B:8♠ J♠=8  TIE(T)  |     0원 → 270,250원
H1576 | bet   4,000원 PLAYER | P:4♦ 7♠ 9♣=0  B:5♣ 9♠=4  BANKER(L)  | -4,000원 → 266,250원
H1577 | bet   8,000원 PLAYER | P:2♣ 8♠ 3♣=3  B:Q♦ 7♣=7  BANKER(L)  | -8,000원 → 258,250원
H1578 | bet  16,000원 PLAYER | P:8♣ 7♣ 7♦=2  B:7♥ 3♠ K♦=0  PLAYER(W)  | +16,000원 → 274,250원  [end_win]
H1579 | bet   1,000원 BANKER | P:A♥ A♦=2  B:J♣ 9♦=9  BANKER(W)  | +950원 → 275,200원
H1580 | bet   1,000원 BANKER | P:A♠ 8♠=9  B:A♣ 7♣=8  PLAYER(L)  | -1,000원 → 274,200원  [start]
H1581 | bet   2,000원 PLAYER | P:3♦ Q♣ 2♦=5  B:3♥ 10♥ 5♥=8  BANKER(L)  | -2,000원 → 272,200원
H1582 | bet   4,000원 PLAYER | P:4♦ 4♥=8  B:J♠ Q♦=0  PLAYER(W)  | +4,000원 → 276,200원  [end_win]
H1583 | bet   1,000원 BANKER | P:6♣ 9♥ 2♥=7  B:J♦ 2♦ 10♠=2  PLAYER(L)  | -1,000원 → 275,200원  [start]
H1584 | bet   2,000원 PLAYER | P:8♦ 7♣ J♠=5  B:7♣ J♣=7  BANKER(L)  | -2,000원 → 273,200원
H1585 | bet   4,000원 PLAYER | P:7♠ 6♣ J♠=3  B:J♠ 6♣=6  BANKER(L)  | -4,000원 → 269,200원
H1586 | bet   8,000원 PLAYER | P:4♦ 8♦ 6♦=8  B:7♦ K♥=7  PLAYER(W)  | +8,000원 → 277,200원  [end_win]
H1587 | bet   1,000원 BANKER | P:5♠ 3♥=8  B:8♣ 6♥=4  PLAYER(L)  | -1,000원 → 276,200원  [start]
H1588 | bet   2,000원 PLAYER | P:K♥ A♥=1  B:J♥ 9♠=9  BANKER(L)  | -2,000원 → 274,200원
H1589 | bet   4,000원 PLAYER | P:2♠ 5♥=7  B:6♣ Q♠=6  PLAYER(W)  | +4,000원 → 278,200원  [end_win]
H1590 | bet   1,000원 BANKER | P:Q♣ A♦ 5♥=6  B:K♣ 10♥ 4♠=4  PLAYER(L)  | -1,000원 → 277,200원  [start]
H1591 | bet   2,000원 PLAYER | P:9♠ Q♦=9  B:4♥ 6♠=0  PLAYER(W)  | +2,000원 → 279,200원  [end_win]
H1592 | bet   1,000원 BANKER | P:6♠ J♣=6  B:J♠ 5♣ 4♣=9  BANKER(W)  | +950원 → 280,150원
H1593 | bet   1,000원 BANKER | P:10♣ K♦ 10♣=0  B:Q♣ K♠ 4♦=4  BANKER(W)  | +950원 → 281,100원
H1594 | bet   1,000원 BANKER | P:J♥ J♠ Q♥=0  B:J♣ A♣ 8♥=9  BANKER(W)  | +950원 → 282,050원
H1595 | bet   1,000원 BANKER | P:3♥ 2♣=5  B:4♣ 4♥=8  BANKER(W)  | +950원 → 283,000원
H1596 | bet   1,000원 BANKER | P:3♠ 9♣ 7♠=9  B:9♦ 2♠ J♦=1  PLAYER(L)  | -1,000원 → 282,000원  [start]
H1597 | bet   2,000원 PLAYER | P:10♠ 10♠ K♥=0  B:J♥ 4♥=4  BANKER(L)  | -2,000원 → 280,000원
H1598 | bet   4,000원 PLAYER | P:3♠ A♣ K♥=4  B:2♥ K♠ J♥=2  PLAYER(W)  | +4,000원 → 284,000원  [end_win]
H1599 | bet   1,000원 BANKER | P:3♦ 5♠=8  B:2♥ 5♥=7  PLAYER(L)  | -1,000원 → 283,000원  [start]
H1600 | bet   2,000원 PLAYER | P:J♥ A♦=1  B:5♥ 3♣=8  BANKER(L)  | -2,000원 → 281,000원
H1601 | bet   4,000원 PLAYER | P:6♦ 4♠ K♥=0  B:8♥ 6♣=4  BANKER(L)  | -4,000원 → 277,000원
H1602 | bet   8,000원 PLAYER | P:K♣ J♣ 7♦=7  B:6♥ 8♠ 5♥=9  BANKER(L)  | -8,000원 → 269,000원
H1603 | bet  16,000원 PLAYER | P:A♣ K♣ 2♣=3  B:6♣ A♣=7  BANKER(L)  | -16,000원 → 253,000원  [end_giveup]
H1604 | bet   1,000원 BANKER | P:3♣ K♦ 10♦=3  B:J♣ Q♠ Q♥=0  PLAYER(L)  | -1,000원 → 252,000원  [start]
H1605 | bet   2,000원 PLAYER | P:9♥ 6♠ A♦=6  B:5♦ 9♣=4  PLAYER(W)  | +2,000원 → 254,000원  [end_win]
H1606 | bet   1,000원 BANKER | P:7♦ 10♣=7  B:A♦ 8♦=9  BANKER(W)  | +950원 → 254,950원
H1607 | bet   1,000원 BANKER | P:10♥ 5♠=5  B:9♥ K♣=9  BANKER(W)  | +950원 → 255,900원
H1608 | bet   1,000원 BANKER | P:3♦ 7♥=0  B:3♦ 5♦=8  BANKER(W)  | +950원 → 256,850원
H1609 | bet   1,000원 BANKER | P:6♥ 9♠ 5♠=0  B:10♥ 10♠ Q♥=0  TIE(T)  |     0원 → 256,850원
H1610 | bet   1,000원 BANKER | P:Q♠ 3♥ 6♦=9  B:2♠ Q♥ 10♥=2  PLAYER(L)  | -1,000원 → 255,850원  [start]
H1611 | bet   2,000원 PLAYER | P:8♦ 8♥=6  B:J♥ 6♣=6  TIE(T)  |     0원 → 255,850원
H1612 | bet   2,000원 PLAYER | P:6♦ 10♥=6  B:Q♦ 10♥ K♥=0  PLAYER(W)  | +2,000원 → 257,850원  [end_win]
H1613 | bet   1,000원 BANKER | P:K♠ 2♦ 8♦=0  B:A♣ Q♠ A♠=2  BANKER(W)  | +950원 → 258,800원
H1614 | bet   1,000원 BANKER | P:5♦ Q♠ 4♣=9  B:4♥ 10♣ 4♠=8  PLAYER(L)  | -1,000원 → 257,800원  [start]
H1615 | bet   2,000원 PLAYER | P:2♠ 5♥=7  B:4♦ J♠ 4♠=8  BANKER(L)  | -2,000원 → 255,800원
H1616 | bet   4,000원 PLAYER | P:8♥ 10♦=8  B:5♦ J♦=5  PLAYER(W)  | +4,000원 → 259,800원  [end_win]
H1617 | bet   1,000원 BANKER | P:9♦ 10♦=9  B:J♦ 9♠=9  TIE(T)  |     0원 → 259,800원
H1618 | bet   1,000원 BANKER | P:3♣ A♦ Q♥=4  B:A♠ 9♥ 3♦=3  PLAYER(L)  | -1,000원 → 258,800원  [start]
H1619 | bet   2,000원 PLAYER | P:2♥ K♣ 10♦=2  B:A♥ 6♥=7  BANKER(L)  | -2,000원 → 256,800원
H1620 | bet   4,000원 PLAYER | P:9♦ 4♣=3  B:A♠ 7♣=8  BANKER(L)  | -4,000원 → 252,800원
H1621 | bet   8,000원 PLAYER | P:Q♠ 4♣ 4♣=8  B:10♣ 4♥ 7♥=1  PLAYER(W)  | +8,000원 → 260,800원  [end_win]
H1622 | bet   1,000원 BANKER | P:K♣ Q♥ 6♥=6  B:6♦ 8♠ 3♦=7  BANKER(W)  | +950원 → 261,750원
H1623 | bet   1,000원 BANKER | P:7♠ 5♣ 8♣=0  B:10♦ K♠ 7♥=7  BANKER(W)  | +950원 → 262,700원
H1624 | bet   1,000원 BANKER | P:K♠ 2♥ K♦=2  B:4♦ 10♠=4  BANKER(W)  | +950원 → 263,650원
H1625 | bet   1,000원 BANKER | P:2♣ 9♥ 10♦=1  B:5♣ 8♠ Q♦=3  BANKER(W)  | +950원 → 264,600원
H1626 | bet   1,000원 BANKER | P:Q♣ J♦ 8♠=8  B:9♠ 5♣=4  PLAYER(L)  | -1,000원 → 263,600원  [start]
H1627 | bet   2,000원 PLAYER | P:A♥ Q♣=1  B:4♥ 4♠=8  BANKER(L)  | -2,000원 → 261,600원
H1628 | bet   4,000원 PLAYER | P:9♠ Q♥=9  B:10♦ 2♠=2  PLAYER(W)  | +4,000원 → 265,600원  [end_win]
H1629 | bet   1,000원 BANKER | P:2♥ 2♣ 4♦=8  B:8♣ 6♠ 6♠=0  PLAYER(L)  | -1,000원 → 264,600원  [start]
H1630 | bet   2,000원 PLAYER | P:J♠ A♦ A♠=2  B:7♣ 5♥ K♣=2  TIE(T)  |     0원 → 264,600원
H1631 | bet   2,000원 PLAYER | P:A♦ J♥ A♥=2  B:Q♥ 4♥=4  BANKER(L)  | -2,000원 → 262,600원
H1632 | bet   4,000원 PLAYER | P:9♦ Q♣=9  B:10♠ 8♠=8  PLAYER(W)  | +4,000원 → 266,600원  [end_win]
H1633 | bet   1,000원 BANKER | P:9♥ 9♠=8  B:K♠ 4♦=4  PLAYER(L)  | -1,000원 → 265,600원  [start]
H1634 | bet   2,000원 PLAYER | P:4♥ 9♣ 7♥=0  B:Q♦ J♥ 9♣=9  BANKER(L)  | -2,000원 → 263,600원
H1635 | bet   4,000원 PLAYER | P:A♠ 9♦ A♥=1  B:5♥ 10♦=5  BANKER(L)  | -4,000원 → 259,600원
H1636 | bet   8,000원 PLAYER | P:4♦ 10♥=4  B:5♦ 4♠=9  BANKER(L)  | -8,000원 → 251,600원
H1637 | bet  16,000원 PLAYER | P:Q♠ Q♣ 8♠=8  B:9♥ 7♦=6  PLAYER(W)  | +16,000원 → 267,600원  [end_win]
H1638 | bet   1,000원 BANKER | P:9♥ 6♥ 4♠=9  B:5♥ 5♠ 10♣=0  PLAYER(L)  | -1,000원 → 266,600원  [start]
H1639 | bet   2,000원 PLAYER | P:J♣ 2♣ 6♣=8  B:K♦ Q♦ K♣=0  PLAYER(W)  | +2,000원 → 268,600원  [end_win]
H1640 | bet   1,000원 BANKER | P:A♦ 5♦=6  B:6♣ 4♦ 8♥=8  BANKER(W)  | +950원 → 269,550원
H1641 | bet   1,000원 BANKER | P:6♥ 9♦ 7♠=2  B:5♣ 2♣=7  BANKER(W)  | +950원 → 270,500원
H1642 | bet   1,000원 BANKER | P:10♣ J♣=0  B:7♠ 2♦=9  BANKER(W)  | +950원 → 271,450원
H1643 | bet   1,000원 BANKER | P:2♠ K♠ 3♠=5  B:7♣ 4♥ 9♠=0  PLAYER(L)  | -1,000원 → 270,450원  [start]
H1644 | bet   2,000원 PLAYER | P:K♥ 5♥ J♣=5  B:7♥ 6♥ 2♥=5  TIE(T)  |     0원 → 270,450원
H1645 | bet   2,000원 PLAYER | P:8♦ 9♠=7  B:8♥ 9♥=7  TIE(T)  |     0원 → 270,450원
H1646 | bet   2,000원 PLAYER | P:10♣ 5♦ 5♠=0  B:A♦ 3♦ J♥=4  BANKER(L)  | -2,000원 → 268,450원
H1647 | bet   4,000원 PLAYER | P:8♥ A♣=9  B:10♦ 2♠=2  PLAYER(W)  | +4,000원 → 272,450원  [end_win]
H1648 | bet   1,000원 BANKER | P:Q♣ 2♠ 5♠=7  B:4♦ Q♥ 9♦=3  PLAYER(L)  | -1,000원 → 271,450원  [start]
H1649 | bet   2,000원 PLAYER | P:4♠ 8♣ J♦=2  B:8♦ 2♦ A♣=1  PLAYER(W)  | +2,000원 → 273,450원  [end_win]
H1650 | bet   1,000원 BANKER | P:5♥ K♦=5  B:A♠ 8♣=9  BANKER(W)  | +950원 → 274,400원
H1651 | bet   1,000원 BANKER | P:7♥ 7♦ 4♠=8  B:6♣ 8♦ Q♠=4  PLAYER(L)  | -1,000원 → 273,400원  [start]
H1652 | bet   2,000원 PLAYER | P:6♠ 10♦=6  B:J♥ 9♥=9  BANKER(L)  | -2,000원 → 271,400원
H1653 | bet   4,000원 PLAYER | P:A♥ Q♦=1  B:J♣ 9♠=9  BANKER(L)  | -4,000원 → 267,400원
H1654 | bet   8,000원 PLAYER | P:K♦ 10♦ 10♦=0  B:2♠ Q♦ J♦=2  BANKER(L)  | -8,000원 → 259,400원
H1655 | bet  16,000원 PLAYER | P:10♦ 3♦ J♣=3  B:8♣ 4♠ A♠=3  TIE(T)  |     0원 → 259,400원
H1656 | bet  16,000원 PLAYER | P:9♦ K♠=9  B:7♦ A♠=8  PLAYER(W)  | +16,000원 → 275,400원  [end_win]
H1657 | bet   1,000원 BANKER | P:J♥ 2♦ 9♠=1  B:2♥ 8♥ 10♥=0  PLAYER(L)  | -1,000원 → 274,400원  [start]
H1658 | bet   2,000원 PLAYER | P:7♠ 9♣=6  B:2♠ 6♥=8  BANKER(L)  | -2,000원 → 272,400원
H1659 | bet   4,000원 PLAYER | P:6♠ 10♠=6  B:2♥ 8♦ 2♦=2  PLAYER(W)  | +4,000원 → 276,400원  [end_win]
H1660 | bet   1,000원 BANKER | P:2♥ 9♣ 6♠=7  B:J♦ 7♥=7  TIE(T)  |     0원 → 276,400원
H1661 | bet   1,000원 BANKER | P:J♠ Q♥ J♣=0  B:4♠ J♠=4  BANKER(W)  | +950원 → 277,350원
H1662 | bet   1,000원 BANKER | P:5♥ 4♣=9  B:Q♥ 4♠=4  PLAYER(L)  | -1,000원 → 276,350원  [start]
H1663 | bet   2,000원 PLAYER | P:6♠ J♣=6  B:5♦ 6♣ K♠=1  PLAYER(W)  | +2,000원 → 278,350원  [end_win]
H1664 | bet   1,000원 BANKER | P:8♠ 3♣ 8♠=9  B:2♣ 8♦ 6♣=6  PLAYER(L)  | -1,000원 → 277,350원  [start]
H1665 | bet   2,000원 PLAYER | P:5♣ 10♣ K♣=5  B:7♦ Q♥=7  BANKER(L)  | -2,000원 → 275,350원
H1666 | bet   4,000원 PLAYER | P:7♣ 6♦ 5♣=8  B:9♣ 3♥ A♦=3  PLAYER(W)  | +4,000원 → 279,350원  [end_win]
H1667 | bet   1,000원 BANKER | P:7♦ 5♠ J♠=2  B:Q♦ 6♠=6  BANKER(W)  | +950원 → 280,300원
H1668 | bet   1,000원 BANKER | P:7♣ 7♥=4  B:8♠ K♥=8  BANKER(W)  | +950원 → 281,250원
H1669 | bet   1,000원 BANKER | P:8♥ 5♣=3  B:4♥ 5♥=9  BANKER(W)  | +950원 → 282,200원
H1670 | bet   1,000원 BANKER | P:2♣ 4♣=6  B:6♥ 10♦=6  TIE(T)  |     0원 → 282,200원
H1671 | bet   1,000원 BANKER | P:7♣ 9♦=6  B:3♣ Q♠ 3♦=6  TIE(T)  |     0원 → 282,200원
H1672 | bet   1,000원 BANKER | P:3♣ 3♠=6  B:10♠ 8♠=8  BANKER(W)  | +950원 → 283,150원
H1673 | bet   1,000원 BANKER | P:J♠ 9♠=9  B:4♦ 10♣=4  PLAYER(L)  | -1,000원 → 282,150원  [start]
H1674 | bet   2,000원 PLAYER | P:Q♠ 8♥=8  B:3♠ 6♠=9  BANKER(L)  | -2,000원 → 280,150원
H1675 | bet   4,000원 PLAYER | P:4♣ K♠ 8♠=2  B:4♣ K♣=4  BANKER(L)  | -4,000원 → 276,150원
H1676 | bet   8,000원 PLAYER | P:3♥ Q♥ 9♠=2  B:J♦ 2♥ A♠=3  BANKER(L)  | -8,000원 → 268,150원
H1677 | bet  16,000원 PLAYER | P:7♦ J♣=7  B:Q♣ 7♣=7  TIE(T)  |     0원 → 268,150원
H1678 | bet  16,000원 PLAYER | P:5♣ Q♥=5  B:5♦ 3♣=8  BANKER(L)  | -16,000원 → 252,150원  [end_giveup]
H1679 | bet   1,000원 BANKER | P:10♠ A♠ 5♣=6  B:Q♣ 5♦ 4♦=9  BANKER(W)  | +950원 → 253,100원
H1680 | bet   1,000원 BANKER | P:3♦ 3♥=6  B:K♥ 6♣=6  TIE(T)  |     0원 → 253,100원
H1681 | bet   1,000원 BANKER | P:3♥ 4♣=7  B:7♣ Q♠=7  TIE(T)  |     0원 → 253,100원
H1682 | bet   1,000원 BANKER | P:4♥ 7♥ 10♠=1  B:10♦ 7♠=7  BANKER(W)  | +950원 → 254,050원
H1683 | bet   1,000원 BANKER | P:2♥ 5♠=7  B:5♠ 5♥ 3♥=3  PLAYER(L)  | -1,000원 → 253,050원  [start]
H1684 | bet   2,000원 PLAYER | P:3♥ 8♦ K♥=1  B:Q♥ 10♠ K♦=0  PLAYER(W)  | +2,000원 → 255,050원  [end_win]
H1685 | bet   1,000원 BANKER | P:3♦ A♦=4  B:A♣ 7♠=8  BANKER(W)  | +950원 → 256,000원
H1686 | bet   1,000원 BANKER | P:K♣ 2♦ K♥=2  B:4♦ 2♥=6  BANKER(W)  | +950원 → 256,950원
H1687 | bet   1,000원 BANKER | P:7♠ 9♥=6  B:3♣ 7♣ Q♦=0  PLAYER(L)  | -1,000원 → 255,950원  [start]
H1688 | bet   2,000원 PLAYER | P:3♠ 7♦=0  B:K♠ 9♥=9  BANKER(L)  | -2,000원 → 253,950원
H1689 | bet   4,000원 PLAYER | P:9♣ 3♣ J♥=2  B:6♠ 7♠ 10♣=3  BANKER(L)  | -4,000원 → 249,950원
H1690 | bet   8,000원 PLAYER | P:Q♠ K♣ J♠=0  B:3♠ 8♦ K♦=1  BANKER(L)  | -8,000원 → 241,950원
H1691 | bet  16,000원 PLAYER | P:A♣ J♠=1  B:9♠ 9♣=8  BANKER(L)  | -16,000원 → 225,950원  [end_giveup]
H1692 | bet   1,000원 BANKER | P:K♦ 2♥ 8♣=0  B:6♣ A♥=7  BANKER(W)  | +950원 → 226,900원
H1693 | bet   1,000원 BANKER | P:2♦ A♠ 2♠=5  B:2♠ 3♣=5  TIE(T)  |     0원 → 226,900원
H1694 | bet   1,000원 BANKER | P:8♠ 2♣ 8♣=8  B:A♣ 6♥=7  PLAYER(L)  | -1,000원 → 225,900원  [start]
H1695 | bet   2,000원 PLAYER | P:K♥ A♦ 6♦=7  B:J♦ Q♣ 2♦=2  PLAYER(W)  | +2,000원 → 227,900원  [end_win]
H1696 | bet   1,000원 BANKER | P:Q♠ A♥ 10♥=1  B:J♥ J♠ 6♠=6  BANKER(W)  | +950원 → 228,850원
H1697 | bet   1,000원 BANKER | P:7♦ 9♦=6  B:J♦ 4♣ 8♣=2  PLAYER(L)  | -1,000원 → 227,850원  [start]
H1698 | bet   2,000원 PLAYER | P:6♦ 4♣ 9♦=9  B:A♥ A♥ 6♦=8  PLAYER(W)  | +2,000원 → 229,850원  [end_win]
H1699 | bet   1,000원 BANKER | P:6♥ Q♦=6  B:2♦ 7♥=9  BANKER(W)  | +950원 → 230,800원
H1700 | bet   1,000원 BANKER | P:J♦ 2♠ J♥=2  B:9♣ 5♣=4  BANKER(W)  | +950원 → 231,750원
H1701 | bet   1,000원 BANKER | P:A♣ 3♥ A♣=5  B:3♦ 9♥ 4♥=6  BANKER(W)  | +950원 → 232,700원
H1702 | bet   1,000원 BANKER | P:10♣ A♥ 3♠=4  B:Q♣ A♣ K♥=1  PLAYER(L)  | -1,000원 → 231,700원  [start]
H1703 | bet   2,000원 PLAYER | P:10♥ 2♣ 10♠=2  B:Q♠ K♦ Q♣=0  PLAYER(W)  | +2,000원 → 233,700원  [end_win]
H1704 | bet   1,000원 BANKER | P:4♥ K♠ 8♣=2  B:3♠ J♦=3  BANKER(W)  | +950원 → 234,650원
H1705 | bet   1,000원 BANKER | P:3♦ 4♣=7  B:5♣ 2♣=7  TIE(T)  |     0원 → 234,650원
H1706 | bet   1,000원 BANKER | P:K♥ 6♦=6  B:7♠ 10♥=7  BANKER(W)  | +950원 → 235,600원
H1707 | bet   1,000원 BANKER | P:6♦ K♠=6  B:6♥ 3♦=9  BANKER(W)  | +950원 → 236,550원
H1708 | bet   1,000원 BANKER | P:6♦ 10♥=6  B:10♥ 10♠ 8♥=8  BANKER(W)  | +950원 → 237,500원
H1709 | bet   1,000원 BANKER | P:K♣ Q♦ 3♣=3  B:5♦ 7♥ 8♣=0  PLAYER(L)  | -1,000원 → 236,500원  [start]
H1710 | bet   2,000원 PLAYER | P:5♠ K♦=5  B:10♣ 8♦=8  BANKER(L)  | -2,000원 → 234,500원
H1711 | bet   4,000원 PLAYER | P:2♦ 7♥=9  B:8♣ Q♣=8  PLAYER(W)  | +4,000원 → 238,500원  [end_win]
H1712 | bet   1,000원 BANKER | P:4♦ 8♥ 2♥=4  B:10♠ J♥ 9♥=9  BANKER(W)  | +950원 → 239,450원
H1713 | bet   1,000원 BANKER | P:J♠ 6♥=6  B:5♣ K♣ 6♥=1  PLAYER(L)  | -1,000원 → 238,450원  [start]
H1714 | bet   2,000원 PLAYER | P:5♣ 3♥=8  B:2♠ J♥=2  PLAYER(W)  | +2,000원 → 240,450원  [end_win]
H1715 | bet   1,000원 BANKER | P:5♠ 2♥=7  B:Q♣ 2♦ A♠=3  PLAYER(L)  | -1,000원 → 239,450원  [start]
H1716 | bet   2,000원 PLAYER | P:Q♦ 6♣=6  B:J♠ J♣ 4♥=4  PLAYER(W)  | +2,000원 → 241,450원  [end_win]
H1717 | bet   1,000원 BANKER | P:10♣ 8♦=8  B:9♦ 8♦=7  PLAYER(L)  | -1,000원 → 240,450원  [start]
H1718 | bet   2,000원 PLAYER | P:6♣ 8♠ 7♠=1  B:K♠ 2♥ 2♥=4  BANKER(L)  | -2,000원 → 238,450원
H1719 | bet   4,000원 PLAYER | P:K♦ 9♦=9  B:3♠ 6♦=9  TIE(T)  |     0원 → 238,450원
H1720 | bet   4,000원 PLAYER | P:A♥ 5♦=6  B:K♠ 2♦ A♠=3  PLAYER(W)  | +4,000원 → 242,450원  [end_win]
H1721 | bet   1,000원 BANKER | P:8♥ K♣=8  B:4♠ 10♣=4  PLAYER(L)  | -1,000원 → 241,450원  [start]
H1722 | bet   2,000원 PLAYER | P:5♣ 4♠=9  B:10♥ 8♠=8  PLAYER(W)  | +2,000원 → 243,450원  [end_win]
H1723 | bet   1,000원 BANKER | P:4♠ 8♥ Q♠=2  B:2♥ K♠ 8♦=0  PLAYER(L)  | -1,000원 → 242,450원  [start]
H1724 | bet   2,000원 PLAYER | P:2♠ A♠ 10♦=3  B:K♦ K♠ Q♣=0  PLAYER(W)  | +2,000원 → 244,450원  [end_win]
H1725 | bet   1,000원 BANKER | P:4♥ 4♥=8  B:J♣ 9♥=9  BANKER(W)  | +950원 → 245,400원
H1726 | bet   1,000원 BANKER | P:A♠ 3♣ Q♥=4  B:2♥ 8♠ 7♣=7  BANKER(W)  | +950원 → 246,350원
H1727 | bet   1,000원 BANKER | P:10♣ J♦=0  B:8♣ J♦=8  BANKER(W)  | +950원 → 247,300원
H1728 | bet   1,000원 BANKER | P:K♠ 6♠=6  B:J♠ 10♣ 6♣=6  TIE(T)  |     0원 → 247,300원
H1729 | bet   1,000원 BANKER | P:9♠ 10♥=9  B:K♦ 4♠=4  PLAYER(L)  | -1,000원 → 246,300원  [start]
H1730 | bet   2,000원 PLAYER | P:K♦ 7♥=7  B:K♣ 10♥ 4♥=4  PLAYER(W)  | +2,000원 → 248,300원  [end_win]
H1731 | bet   1,000원 BANKER | P:Q♥ 4♥ 9♥=3  B:5♦ 7♣ 3♠=5  BANKER(W)  | +950원 → 249,250원
H1732 | bet   1,000원 BANKER | P:A♦ 8♠=9  B:2♦ 3♠=5  PLAYER(L)  | -1,000원 → 248,250원  [start]
H1733 | bet   2,000원 PLAYER | P:8♦ 3♣ 9♣=0  B:Q♦ 2♣ 7♦=9  BANKER(L)  | -2,000원 → 246,250원
H1734 | bet   4,000원 PLAYER | P:8♣ 6♥=4  B:5♦ 3♣=8  BANKER(L)  | -4,000원 → 242,250원
H1735 | bet   8,000원 PLAYER | P:5♦ 4♥=9  B:2♥ A♥=3  PLAYER(W)  | +8,000원 → 250,250원  [end_win]
H1736 | bet   1,000원 BANKER | P:5♦ 3♥=8  B:J♦ A♣=1  PLAYER(L)  | -1,000원 → 249,250원  [start]
H1737 | bet   2,000원 PLAYER | P:3♣ J♣=3  B:7♣ A♦=8  BANKER(L)  | -2,000원 → 247,250원
H1738 | bet   4,000원 PLAYER | P:J♣ 4♦=4  B:9♣ 10♠=9  BANKER(L)  | -4,000원 → 243,250원
H1739 | bet   8,000원 PLAYER | P:5♠ 6♦ Q♣=1  B:9♣ 7♥=6  BANKER(L)  | -8,000원 → 235,250원
H1740 | bet  16,000원 PLAYER | P:9♥ 2♠ K♥=1  B:6♠ 4♥ 8♥=8  BANKER(L)  | -16,000원 → 219,250원  [end_giveup]
H1741 | bet   1,000원 BANKER | P:A♦ 4♥ K♣=5  B:Q♠ 6♦=6  BANKER(W)  | +950원 → 220,200원
H1742 | bet   1,000원 BANKER | P:10♦ 9♠=9  B:K♥ 2♦=2  PLAYER(L)  | -1,000원 → 219,200원  [start]
H1743 | bet   2,000원 PLAYER | P:5♥ 4♦=9  B:Q♠ 5♦=5  PLAYER(W)  | +2,000원 → 221,200원  [end_win]
H1744 | bet   1,000원 BANKER | P:7♣ K♠=7  B:J♦ Q♣ 9♦=9  BANKER(W)  | +950원 → 222,150원
H1745 | bet   1,000원 BANKER | P:K♣ 7♠=7  B:6♠ 7♦ 9♥=2  PLAYER(L)  | -1,000원 → 221,150원  [start]
H1746 | bet   2,000원 PLAYER | P:K♣ K♥ 10♦=0  B:10♣ 2♦ 7♠=9  BANKER(L)  | -2,000원 → 219,150원
H1747 | bet   4,000원 PLAYER | P:8♦ 10♦=8  B:10♦ 7♣=7  PLAYER(W)  | +4,000원 → 223,150원  [end_win]
H1748 | bet   1,000원 BANKER | P:K♥ 4♦ 7♦=1  B:3♣ 3♥ 3♦=9  BANKER(W)  | +950원 → 224,100원
H1749 | bet   1,000원 BANKER | P:3♦ 7♥=0  B:8♥ 10♣=8  BANKER(W)  | +950원 → 225,050원
H1750 | bet   1,000원 BANKER | P:J♠ 5♣ A♦=6  B:Q♥ 5♠=5  PLAYER(L)  | -1,000원 → 224,050원  [start]
H1751 | bet   2,000원 PLAYER | P:10♥ J♣ 6♥=6  B:Q♦ 7♠=7  BANKER(L)  | -2,000원 → 222,050원
H1752 | bet   4,000원 PLAYER | P:6♠ 3♠=9  B:3♥ 3♥=6  PLAYER(W)  | +4,000원 → 226,050원  [end_win]
H1753 | bet   1,000원 BANKER | P:2♠ 6♦=8  B:9♦ 9♣=8  TIE(T)  |     0원 → 226,050원
H1754 | bet   1,000원 BANKER | P:7♦ 5♣ A♣=3  B:Q♣ 6♣=6  BANKER(W)  | +950원 → 227,000원
H1755 | bet   1,000원 BANKER | P:K♣ 10♠ 5♦=5  B:6♦ A♦=7  BANKER(W)  | +950원 → 227,950원
H1756 | bet   1,000원 BANKER | P:A♥ 4♠ 4♣=9  B:5♣ 2♥=7  PLAYER(L)  | -1,000원 → 226,950원  [start]
H1757 | bet   2,000원 PLAYER | P:4♦ K♥ K♦=4  B:A♠ A♣ 6♥=8  BANKER(L)  | -2,000원 → 224,950원
H1758 | bet   4,000원 PLAYER | P:9♠ 2♦=1  B:K♥ 8♣=8  BANKER(L)  | -4,000원 → 220,950원
H1759 | bet   8,000원 PLAYER | P:6♣ 2♣=8  B:Q♥ 8♠=8  TIE(T)  |     0원 → 220,950원
H1760 | bet   8,000원 PLAYER | P:6♣ A♥=7  B:8♣ 7♠ A♣=6  PLAYER(W)  | +8,000원 → 228,950원  [end_win]
H1761 | bet   1,000원 BANKER | P:2♣ 2♠ 2♣=6  B:K♦ 6♥=6  TIE(T)  |     0원 → 228,950원
H1762 | bet   1,000원 BANKER | P:Q♥ 4♣ 4♣=8  B:3♦ 9♠ Q♠=2  PLAYER(L)  | -1,000원 → 227,950원  [start]
H1763 | bet   2,000원 PLAYER | P:3♦ 10♥ 6♣=9  B:2♠ 4♣ A♠=7  PLAYER(W)  | +2,000원 → 229,950원  [end_win]
H1764 | bet   1,000원 BANKER | P:J♠ 2♠ 8♠=0  B:5♣ A♥=6  BANKER(W)  | +950원 → 230,900원
H1765 | bet   1,000원 BANKER | P:7♠ 3♠ 9♠=9  B:2♦ A♠ J♥=3  PLAYER(L)  | -1,000원 → 229,900원  [start]
H1766 | bet   2,000원 PLAYER | P:5♥ 10♠ 4♣=9  B:K♠ 3♣ 9♦=2  PLAYER(W)  | +2,000원 → 231,900원  [end_win]
H1767 | bet   1,000원 BANKER | P:9♥ 2♣ 9♣=0  B:2♣ 5♥=7  BANKER(W)  | +950원 → 232,850원
H1768 | bet   1,000원 BANKER | P:J♠ A♦ 8♦=9  B:6♦ J♥=6  PLAYER(L)  | -1,000원 → 231,850원  [start]
H1769 | bet   2,000원 PLAYER | P:7♥ 8♠ J♣=5  B:Q♠ Q♦ 10♠=0  PLAYER(W)  | +2,000원 → 233,850원  [end_win]
H1770 | bet   1,000원 BANKER | P:3♦ 7♥ 3♦=3  B:2♣ 3♣=5  BANKER(W)  | +950원 → 234,800원
H1771 | bet   1,000원 BANKER | P:Q♥ 4♠=4  B:A♣ 8♥=9  BANKER(W)  | +950원 → 235,750원
H1772 | bet   1,000원 BANKER | P:3♥ Q♠ 7♠=0  B:9♣ 5♠ 4♣=8  BANKER(W)  | +950원 → 236,700원
H1773 | bet   1,000원 BANKER | P:5♦ 9♣ K♦=4  B:7♦ K♣=7  BANKER(W)  | +950원 → 237,650원
H1774 | bet   1,000원 BANKER | P:J♦ 5♥ J♣=5  B:Q♣ 10♠ 3♠=3  PLAYER(L)  | -1,000원 → 236,650원  [start]
H1775 | bet   2,000원 PLAYER | P:5♥ J♦ Q♣=5  B:6♦ 7♠ 8♦=1  PLAYER(W)  | +2,000원 → 238,650원  [end_win]
H1776 | bet   1,000원 BANKER | P:8♣ 8♥=6  B:3♠ 4♣=7  BANKER(W)  | +950원 → 239,600원
H1777 | bet   1,000원 BANKER | P:Q♥ 7♣=7  B:9♦ 7♥=6  PLAYER(L)  | -1,000원 → 238,600원  [start]
H1778 | bet   2,000원 PLAYER | P:8♣ 10♦=8  B:A♣ Q♦=1  PLAYER(W)  | +2,000원 → 240,600원  [end_win]
H1779 | bet   1,000원 BANKER | P:6♠ 10♠=6  B:4♦ 8♠ 4♠=6  TIE(T)  |     0원 → 240,600원
H1780 | bet   1,000원 BANKER | P:4♣ 6♠=0  B:K♦ 9♣=9  BANKER(W)  | +950원 → 241,550원
H1781 | bet   1,000원 BANKER | P:A♣ J♥ 7♣=8  B:6♠ A♣=7  PLAYER(L)  | -1,000원 → 240,550원  [start]
H1782 | bet   2,000원 PLAYER | P:9♥ 9♠=8  B:K♠ 6♥=6  PLAYER(W)  | +2,000원 → 242,550원  [end_win]
H1783 | bet   1,000원 BANKER | P:10♥ 7♣=7  B:3♦ 9♦ 9♥=1  PLAYER(L)  | -1,000원 → 241,550원  [start]
H1784 | bet   2,000원 PLAYER | P:Q♦ 5♣=5  B:A♥ 7♥=8  BANKER(L)  | -2,000원 → 239,550원
H1785 | bet   4,000원 PLAYER | P:7♦ A♥=8  B:J♦ 3♠=3  PLAYER(W)  | +4,000원 → 243,550원  [end_win]
H1786 | bet   1,000원 BANKER | P:8♥ 3♥ 6♠=7  B:5♥ A♠ J♥=6  PLAYER(L)  | -1,000원 → 242,550원  [start]
H1787 | bet   2,000원 PLAYER | P:5♥ Q♦ A♦=6  B:A♦ 10♦ A♥=2  PLAYER(W)  | +2,000원 → 244,550원  [end_win]
H1788 | bet   1,000원 BANKER | P:2♠ Q♠=2  B:3♥ 6♥=9  BANKER(W)  | +950원 → 245,500원
H1789 | bet   1,000원 BANKER | P:9♠ 3♣ 8♣=0  B:5♥ 8♦=3  BANKER(W)  | +950원 → 246,450원
H1790 | bet   1,000원 BANKER | P:10♣ 10♥ Q♠=0  B:6♦ 4♠ 6♣=6  BANKER(W)  | +950원 → 247,400원
H1791 | bet   1,000원 BANKER | P:J♠ 5♠ 10♣=5  B:7♦ 5♠ 9♦=1  PLAYER(L)  | -1,000원 → 246,400원  [start]
H1792 | bet   2,000원 PLAYER | P:4♦ 4♦=8  B:2♣ J♠=2  PLAYER(W)  | +2,000원 → 248,400원  [end_win]
H1793 | bet   1,000원 BANKER | P:7♦ 5♠ J♣=2  B:3♦ 10♥ J♥=3  BANKER(W)  | +950원 → 249,350원
H1794 | bet   1,000원 BANKER | P:Q♣ A♥ 8♦=9  B:K♦ K♠ 2♦=2  PLAYER(L)  | -1,000원 → 248,350원  [start]
H1795 | bet   2,000원 PLAYER | P:3♠ 4♠=7  B:A♥ 5♥=6  PLAYER(W)  | +2,000원 → 250,350원  [end_win]
H1796 | bet   1,000원 BANKER | P:A♠ K♦ J♥=1  B:5♦ 8♥ J♣=3  BANKER(W)  | +950원 → 251,300원
H1797 | bet   1,000원 BANKER | P:Q♦ K♠ 4♣=4  B:4♦ Q♦ A♥=5  BANKER(W)  | +950원 → 252,250원
H1798 | bet   1,000원 BANKER | P:7♥ K♣=7  B:5♥ 8♥ 10♣=3  PLAYER(L)  | -1,000원 → 251,250원  [start]
H1799 | bet   2,000원 PLAYER | P:6♠ 4♥ 5♦=5  B:K♥ 2♦ 7♠=9  BANKER(L)  | -2,000원 → 249,250원
H1800 | bet   4,000원 PLAYER | P:2♥ 9♥ 8♠=9  B:4♠ 3♥=7  PLAYER(W)  | +4,000원 → 253,250원  [end_win]
H1801 | bet   1,000원 BANKER | P:9♥ 10♥=9  B:K♠ 3♦=3  PLAYER(L)  | -1,000원 → 252,250원  [start]
H1802 | bet   2,000원 PLAYER | P:2♦ 4♦=6  B:5♥ J♦ 9♠=4  PLAYER(W)  | +2,000원 → 254,250원  [end_win]
H1803 | bet   1,000원 BANKER | P:9♦ J♣=9  B:A♥ 3♥=4  PLAYER(L)  | -1,000원 → 253,250원  [start]
H1804 | bet   2,000원 PLAYER | P:A♦ 10♣=1  B:Q♣ 8♥=8  BANKER(L)  | -2,000원 → 251,250원
H1805 | bet   4,000원 PLAYER | P:6♣ 8♥ 2♣=6  B:6♥ 6♣ 5♥=7  BANKER(L)  | -4,000원 → 247,250원
H1806 | bet   8,000원 PLAYER | P:J♠ 9♣=9  B:J♠ A♦=1  PLAYER(W)  | +8,000원 → 255,250원  [end_win]
H1807 | bet   1,000원 BANKER | P:2♦ 4♠=6  B:A♦ 5♣=6  TIE(T)  |     0원 → 255,250원
H1808 | bet   1,000원 BANKER | P:10♥ 2♦=2  B:2♠ 6♣=8  BANKER(W)  | +950원 → 256,200원
H1809 | bet   1,000원 BANKER | P:7♥ 6♦ 3♦=6  B:J♥ 5♦=5  PLAYER(L)  | -1,000원 → 255,200원  [start]
H1810 | bet   2,000원 PLAYER | P:Q♣ 3♣ K♦=3  B:K♠ Q♠ 8♣=8  BANKER(L)  | -2,000원 → 253,200원
H1811 | bet   4,000원 PLAYER | P:6♦ 3♠=9  B:8♥ 8♥=6  PLAYER(W)  | +4,000원 → 257,200원  [end_win]
H1812 | bet   1,000원 BANKER | P:3♣ 8♠ 5♠=6  B:6♠ 6♦ 2♠=4  PLAYER(L)  | -1,000원 → 256,200원  [start]
H1813 | bet   2,000원 PLAYER | P:A♥ 6♠=7  B:10♥ 7♦=7  TIE(T)  |     0원 → 256,200원
H1814 | bet   2,000원 PLAYER | P:A♣ 4♣ 5♠=0  B:9♥ A♣ 2♠=2  BANKER(L)  | -2,000원 → 254,200원
H1815 | bet   4,000원 PLAYER | P:7♣ 9♥=6  B:7♦ A♦=8  BANKER(L)  | -4,000원 → 250,200원
H1816 | bet   8,000원 PLAYER | P:8♣ 10♠=8  B:2♥ 6♠=8  TIE(T)  |     0원 → 250,200원
H1817 | bet   8,000원 PLAYER | P:10♠ 9♠=9  B:2♥ 7♥=9  TIE(T)  |     0원 → 250,200원
H1818 | bet   8,000원 PLAYER | P:A♣ 9♠ 2♥=2  B:7♥ 4♦ 3♦=4  BANKER(L)  | -8,000원 → 242,200원
H1819 | bet  16,000원 PLAYER | P:9♣ 9♣=8  B:10♦ 7♣=7  PLAYER(W)  | +16,000원 → 258,200원  [end_win]
H1820 | bet   1,000원 BANKER | P:6♠ 7♣ 5♠=8  B:2♠ 8♣ 4♥=4  PLAYER(L)  | -1,000원 → 257,200원  [start]
H1821 | bet   2,000원 PLAYER | P:8♠ 6♥ Q♥=4  B:2♦ 4♦=6  BANKER(L)  | -2,000원 → 255,200원
H1822 | bet   4,000원 PLAYER | P:10♣ 6♥=6  B:K♥ 9♥=9  BANKER(L)  | -4,000원 → 251,200원
H1823 | bet   8,000원 PLAYER | P:7♣ 8♠ 2♥=7  B:6♥ 7♦ 6♠=9  BANKER(L)  | -8,000원 → 243,200원
H1824 | bet  16,000원 PLAYER | P:10♣ 7♦=7  B:A♠ 10♥ 5♣=6  PLAYER(W)  | +16,000원 → 259,200원  [end_win]
H1825 | bet   1,000원 BANKER | P:A♣ A♠ 8♠=0  B:6♠ 6♦ 3♥=5  BANKER(W)  | +950원 → 260,150원
H1826 | bet   1,000원 BANKER | P:3♦ 9♣ K♣=2  B:K♠ J♣ 4♠=4  BANKER(W)  | +950원 → 261,100원
H1827 | bet   1,000원 BANKER | P:J♣ 10♦ 5♠=5  B:2♥ Q♣ Q♣=2  PLAYER(L)  | -1,000원 → 260,100원  [start]
H1828 | bet   2,000원 PLAYER | P:J♣ 5♥ J♠=5  B:Q♥ 3♠ K♠=3  PLAYER(W)  | +2,000원 → 262,100원  [end_win]
H1829 | bet   1,000원 BANKER | P:8♣ 8♣=6  B:5♠ 8♦ 6♦=9  BANKER(W)  | +950원 → 263,050원
H1830 | bet   1,000원 BANKER | P:10♣ 4♦ 4♥=8  B:2♥ 2♣ 10♦=4  PLAYER(L)  | -1,000원 → 262,050원  [start]
H1831 | bet   2,000원 PLAYER | P:8♠ 9♦=7  B:2♣ 7♦=9  BANKER(L)  | -2,000원 → 260,050원
H1832 | bet   4,000원 PLAYER | P:A♠ 4♥ 10♦=5  B:5♠ J♥=5  TIE(T)  |     0원 → 260,050원
H1833 | bet   4,000원 PLAYER | P:2♣ Q♦ 9♠=1  B:10♣ A♣ Q♠=1  TIE(T)  |     0원 → 260,050원
H1834 | bet   4,000원 PLAYER | P:2♣ 9♠ J♦=1  B:Q♦ 4♣=4  BANKER(L)  | -4,000원 → 256,050원
H1835 | bet   8,000원 PLAYER | P:10♦ 7♦=7  B:7♠ 2♥=9  BANKER(L)  | -8,000원 → 248,050원
H1836 | bet  16,000원 PLAYER | P:K♠ A♣ A♣=2  B:10♠ 6♣=6  BANKER(L)  | -16,000원 → 232,050원  [end_giveup]
H1837 | bet   1,000원 BANKER | P:10♦ 4♣ J♥=4  B:J♦ 7♣=7  BANKER(W)  | +950원 → 233,000원
H1838 | bet   1,000원 BANKER | P:4♥ Q♠ 3♥=7  B:J♦ Q♠ Q♦=0  PLAYER(L)  | -1,000원 → 232,000원  [start]
H1839 | bet   2,000원 PLAYER | P:5♦ 5♥ 2♣=2  B:K♣ A♥ 2♣=3  BANKER(L)  | -2,000원 → 230,000원
H1840 | bet   4,000원 PLAYER | P:J♠ 4♣ 5♣=9  B:10♥ 10♠ A♦=1  PLAYER(W)  | +4,000원 → 234,000원  [end_win]
H1841 | bet   1,000원 BANKER | P:8♠ 10♠=8  B:8♦ Q♥=8  TIE(T)  |     0원 → 234,000원
H1842 | bet   1,000원 BANKER | P:A♦ 5♥=6  B:2♠ 5♦=7  BANKER(W)  | +950원 → 234,950원
H1843 | bet   1,000원 BANKER | P:8♦ J♠=8  B:7♣ 4♣=1  PLAYER(L)  | -1,000원 → 233,950원  [start]
H1844 | bet   2,000원 PLAYER | P:J♦ J♣ 8♣=8  B:3♠ 3♠=6  PLAYER(W)  | +2,000원 → 235,950원  [end_win]
H1845 | bet   1,000원 BANKER | P:J♠ Q♦ K♥=0  B:6♥ K♥=6  BANKER(W)  | +950원 → 236,900원
H1846 | bet   1,000원 BANKER | P:J♦ 5♠=5  B:9♥ 10♥=9  BANKER(W)  | +950원 → 237,850원
H1847 | bet   1,000원 BANKER | P:3♥ Q♣ A♣=4  B:10♥ 10♠ 9♦=9  BANKER(W)  | +950원 → 238,800원
H1848 | bet   1,000원 BANKER | P:K♣ K♦=0  B:8♦ J♥=8  BANKER(W)  | +950원 → 239,750원
H1849 | bet   1,000원 BANKER | P:3♠ 7♣ 8♠=8  B:7♠ J♥=7  PLAYER(L)  | -1,000원 → 238,750원  [start]
H1850 | bet   2,000원 PLAYER | P:4♣ 2♦=6  B:10♠ 4♣ J♦=4  PLAYER(W)  | +2,000원 → 240,750원  [end_win]
H1851 | bet   1,000원 BANKER | P:A♠ 7♥=8  B:3♦ 4♦=7  PLAYER(L)  | -1,000원 → 239,750원  [start]
H1852 | bet   2,000원 PLAYER | P:Q♣ 2♠ 8♣=0  B:3♣ 9♦ 3♠=5  BANKER(L)  | -2,000원 → 237,750원
H1853 | bet   4,000원 PLAYER | P:Q♠ Q♥ 10♣=0  B:K♦ 10♥ 4♠=4  BANKER(L)  | -4,000원 → 233,750원
H1854 | bet   8,000원 PLAYER | P:8♦ 3♦=1  B:4♥ 5♦=9  BANKER(L)  | -8,000원 → 225,750원
H1855 | bet  16,000원 PLAYER | P:A♠ Q♥ 9♠=0  B:7♦ 8♥=5  BANKER(L)  | -16,000원 → 209,750원  [end_giveup]
H1856 | bet   1,000원 BANKER | P:6♣ 5♥=1  B:8♦ J♥=8  BANKER(W)  | +950원 → 210,700원
H1857 | bet   1,000원 BANKER | P:A♠ K♦=1  B:K♣ 9♥=9  BANKER(W)  | +950원 → 211,650원
H1858 | bet   1,000원 BANKER | P:9♠ 5♣ A♦=5  B:3♠ 9♦ J♠=2  PLAYER(L)  | -1,000원 → 210,650원  [start]
H1859 | bet   2,000원 PLAYER | P:K♣ 6♠=6  B:7♠ 5♣ 3♣=5  PLAYER(W)  | +2,000원 → 212,650원  [end_win]
H1860 | bet   1,000원 BANKER | P:J♠ 6♦=6  B:7♥ 9♣=6  TIE(T)  |     0원 → 212,650원
H1861 | bet   1,000원 BANKER | P:2♦ 4♦=6  B:10♠ 9♦=9  BANKER(W)  | +950원 → 213,600원
H1862 | bet   1,000원 BANKER | P:J♥ A♠=1  B:10♦ 9♦=9  BANKER(W)  | +950원 → 214,550원
H1863 | bet   1,000원 BANKER | P:6♥ 2♠=8  B:5♣ 6♥=1  PLAYER(L)  | -1,000원 → 213,550원  [start]
H1864 | bet   2,000원 PLAYER | P:10♦ 5♦ K♥=5  B:J♦ 3♣ K♣=3  PLAYER(W)  | +2,000원 → 215,550원  [end_win]
H1865 | bet   1,000원 BANKER | P:3♣ 6♣=9  B:J♣ 4♠=4  PLAYER(L)  | -1,000원 → 214,550원  [start]
H1866 | bet   2,000원 PLAYER | P:9♣ Q♥=9  B:3♥ K♥=3  PLAYER(W)  | +2,000원 → 216,550원  [end_win]
H1867 | bet   1,000원 BANKER | P:K♥ 6♥=6  B:K♦ 7♠=7  BANKER(W)  | +950원 → 217,500원
H1868 | bet   1,000원 BANKER | P:3♥ 9♠ K♦=2  B:4♠ 9♥ 6♣=9  BANKER(W)  | +950원 → 218,450원
H1869 | bet   1,000원 BANKER | P:5♣ A♥=6  B:9♣ 3♥ 9♦=1  PLAYER(L)  | -1,000원 → 217,450원  [start]
H1870 | bet   2,000원 PLAYER | P:6♦ J♣=6  B:3♣ Q♠ 7♣=0  PLAYER(W)  | +2,000원 → 219,450원  [end_win]
H1871 | bet   1,000원 BANKER | P:A♥ Q♠ Q♣=1  B:2♣ 5♣=7  BANKER(W)  | +950원 → 220,400원
H1872 | bet   1,000원 BANKER | P:9♣ 5♠ 4♥=8  B:K♥ A♦ Q♥=1  PLAYER(L)  | -1,000원 → 219,400원  [start]
H1873 | bet   2,000원 PLAYER | P:Q♦ 2♠ Q♠=2  B:7♠ 3♦ 4♥=4  BANKER(L)  | -2,000원 → 217,400원
H1874 | bet   4,000원 PLAYER | P:K♠ 8♦=8  B:4♦ 7♦=1  PLAYER(W)  | +4,000원 → 221,400원  [end_win]
H1875 | bet   1,000원 BANKER | P:5♦ 7♥ 3♦=5  B:7♥ 6♦ K♣=3  PLAYER(L)  | -1,000원 → 220,400원  [start]
H1876 | bet   2,000원 PLAYER | P:4♦ 7♥ 3♣=4  B:5♥ A♦=6  BANKER(L)  | -2,000원 → 218,400원
H1877 | bet   4,000원 PLAYER | P:J♥ 4♥ 2♦=6  B:7♣ Q♥=7  BANKER(L)  | -4,000원 → 214,400원
H1878 | bet   8,000원 PLAYER | P:3♣ 3♠=6  B:K♠ K♦ 3♥=3  PLAYER(W)  | +8,000원 → 222,400원  [end_win]
H1879 | bet   1,000원 BANKER | P:4♠ 8♥ 2♠=4  B:10♥ 10♣ 3♥=3  PLAYER(L)  | -1,000원 → 221,400원  [start]
H1880 | bet   2,000원 PLAYER | P:J♦ A♥ 3♦=4  B:K♦ J♣ 8♠=8  BANKER(L)  | -2,000원 → 219,400원
H1881 | bet   4,000원 PLAYER | P:3♠ 9♠ Q♦=2  B:7♠ K♣=7  BANKER(L)  | -4,000원 → 215,400원
H1882 | bet   8,000원 PLAYER | P:5♣ 5♠ 9♦=9  B:A♠ 10♦ 4♦=5  PLAYER(W)  | +8,000원 → 223,400원  [end_win]
H1883 | bet   1,000원 BANKER | P:6♠ 10♣=6  B:6♥ J♦=6  TIE(T)  |     0원 → 223,400원
H1884 | bet   1,000원 BANKER | P:9♠ 8♠=7  B:6♣ 7♠ 9♣=2  PLAYER(L)  | -1,000원 → 222,400원  [start]
H1885 | bet   2,000원 PLAYER | P:K♥ 5♦ 10♦=5  B:Q♠ 4♦=4  PLAYER(W)  | +2,000원 → 224,400원  [end_win]
H1886 | bet   1,000원 BANKER | P:K♠ 2♣ 6♠=8  B:9♦ 8♣=7  PLAYER(L)  | -1,000원 → 223,400원  [start]
H1887 | bet   2,000원 PLAYER | P:J♠ 3♠ 10♠=3  B:6♥ 7♠ 4♠=7  BANKER(L)  | -2,000원 → 221,400원
H1888 | bet   4,000원 PLAYER | P:J♣ J♥ 4♦=4  B:2♣ 8♠ Q♦=0  PLAYER(W)  | +4,000원 → 225,400원  [end_win]
H1889 | bet   1,000원 BANKER | P:4♣ 10♦ 9♠=3  B:6♣ 7♣ 3♣=6  BANKER(W)  | +950원 → 226,350원
H1890 | bet   1,000원 BANKER | P:A♣ A♦ 3♦=5  B:5♥ 7♦ 9♦=1  PLAYER(L)  | -1,000원 → 225,350원  [start]
H1891 | bet   2,000원 PLAYER | P:5♥ 8♠=3  B:9♠ J♠=9  BANKER(L)  | -2,000원 → 223,350원
H1892 | bet   4,000원 PLAYER | P:10♥ A♠=1  B:2♦ 6♣=8  BANKER(L)  | -4,000원 → 219,350원
H1893 | bet   8,000원 PLAYER | P:A♠ Q♣=1  B:9♦ 10♠=9  BANKER(L)  | -8,000원 → 211,350원
H1894 | bet  16,000원 PLAYER | P:K♠ 9♦=9  B:J♥ 10♥=0  PLAYER(W)  | +16,000원 → 227,350원  [end_win]
H1895 | bet   1,000원 BANKER | P:J♥ 2♣ A♠=3  B:2♥ 4♣=6  BANKER(W)  | +950원 → 228,300원
H1896 | bet   1,000원 BANKER | P:5♠ K♥ 9♦=4  B:K♠ A♠ A♠=2  PLAYER(L)  | -1,000원 → 227,300원  [start]
H1897 | bet   2,000원 PLAYER | P:10♣ 2♦ 2♠=4  B:4♣ A♥=5  BANKER(L)  | -2,000원 → 225,300원
H1898 | bet   4,000원 PLAYER | P:10♠ 3♥ 3♣=6  B:6♦ K♠=6  TIE(T)  |     0원 → 225,300원
H1899 | bet   4,000원 PLAYER | P:K♣ J♥=0  B:9♣ 9♣=8  BANKER(L)  | -4,000원 → 221,300원
H1900 | bet   8,000원 PLAYER | P:Q♥ 3♠ 4♣=7  B:8♦ 5♣ 4♦=7  TIE(T)  |     0원 → 221,300원
H1901 | bet   8,000원 PLAYER | P:6♥ J♣=6  B:2♥ 6♦=8  BANKER(L)  | -8,000원 → 213,300원
H1902 | bet  16,000원 PLAYER | P:10♠ 5♠ 6♠=1  B:5♥ 9♣ A♣=5  BANKER(L)  | -16,000원 → 197,300원  [end_giveup]
H1903 | bet   1,000원 BANKER | P:8♣ 10♣=8  B:7♣ 7♠=4  PLAYER(L)  | -1,000원 → 196,300원  [start]
H1904 | bet   2,000원 PLAYER | P:10♦ 3♦=3  B:A♣ 7♥=8  BANKER(L)  | -2,000원 → 194,300원
H1905 | bet   4,000원 PLAYER | P:6♣ J♣=6  B:10♠ A♥ 5♠=6  TIE(T)  |     0원 → 194,300원
H1906 | bet   4,000원 PLAYER | P:A♦ 4♠ 9♣=4  B:5♠ J♥=5  BANKER(L)  | -4,000원 → 190,300원
H1907 | bet   8,000원 PLAYER | P:Q♠ 5♣ 9♥=4  B:6♦ 10♣=6  BANKER(L)  | -8,000원 → 182,300원
H1908 | bet  16,000원 PLAYER | P:9♦ 3♠ A♣=3  B:J♠ 7♣=7  BANKER(L)  | -16,000원 → 166,300원  [end_giveup]
H1909 | bet   1,000원 BANKER | P:7♥ 6♣ 5♦=8  B:4♣ A♣ 3♥=8  TIE(T)  |     0원 → 166,300원
H1910 | bet   1,000원 BANKER | P:9♥ K♠=9  B:3♦ 2♠=5  PLAYER(L)  | -1,000원 → 165,300원  [start]
H1911 | bet   2,000원 PLAYER | P:5♣ K♥ 2♣=7  B:2♦ A♥ 2♠=5  PLAYER(W)  | +2,000원 → 167,300원  [end_win]
H1912 | bet   1,000원 BANKER | P:10♥ 6♥=6  B:Q♣ 8♥=8  BANKER(W)  | +950원 → 168,250원
H1913 | bet   1,000원 BANKER | P:9♣ A♦ Q♠=0  B:2♥ 3♠=5  BANKER(W)  | +950원 → 169,200원
H1914 | bet   1,000원 BANKER | P:10♠ 9♠=9  B:10♥ 10♥=0  PLAYER(L)  | -1,000원 → 168,200원  [start]
H1915 | bet   2,000원 PLAYER | P:10♣ 7♠=7  B:8♦ 8♥=6  PLAYER(W)  | +2,000원 → 170,200원  [end_win]
H1916 | bet   1,000원 BANKER | P:10♠ 6♠=6  B:Q♠ 8♣=8  BANKER(W)  | +950원 → 171,150원
H1917 | bet   1,000원 BANKER | P:7♥ Q♦=7  B:2♠ 2♦ 4♦=8  BANKER(W)  | +950원 → 172,100원
H1918 | bet   1,000원 BANKER | P:4♥ 9♥=3  B:9♠ J♣=9  BANKER(W)  | +950원 → 173,050원
H1919 | bet   1,000원 BANKER | P:K♦ 2♦ 10♥=2  B:2♠ J♦ 4♠=6  BANKER(W)  | +950원 → 174,000원
H1920 | bet   1,000원 BANKER | P:9♥ K♣=9  B:K♣ 8♣=8  PLAYER(L)  | -1,000원 → 173,000원  [start]
H1921 | bet   2,000원 PLAYER | P:Q♥ 8♣=8  B:3♠ 8♠=1  PLAYER(W)  | +2,000원 → 175,000원  [end_win]
H1922 | bet   1,000원 BANKER | P:2♦ J♣=2  B:3♣ 6♦=9  BANKER(W)  | +950원 → 175,950원
H1923 | bet   1,000원 BANKER | P:2♣ K♠ 3♣=5  B:5♦ 5♦ J♦=0  PLAYER(L)  | -1,000원 → 174,950원  [start]
H1924 | bet   2,000원 PLAYER | P:9♣ A♦=0  B:9♦ Q♦=9  BANKER(L)  | -2,000원 → 172,950원
H1925 | bet   4,000원 PLAYER | P:9♥ J♠=9  B:7♦ 4♣=1  PLAYER(W)  | +4,000원 → 176,950원  [end_win]
H1926 | bet   1,000원 BANKER | P:6♦ 3♦=9  B:6♦ 8♥=4  PLAYER(L)  | -1,000원 → 175,950원  [start]
H1927 | bet   2,000원 PLAYER | P:K♦ 2♥ 2♥=4  B:7♦ Q♦=7  BANKER(L)  | -2,000원 → 173,950원
H1928 | bet   4,000원 PLAYER | P:8♣ 2♥ 7♦=7  B:5♠ K♥ 7♥=2  PLAYER(W)  | +4,000원 → 177,950원  [end_win]
H1929 | bet   1,000원 BANKER | P:4♠ J♣=4  B:Q♠ 8♦=8  BANKER(W)  | +950원 → 178,900원
H1930 | bet   1,000원 BANKER | P:J♦ K♠ 6♥=6  B:A♠ 9♥ Q♣=0  PLAYER(L)  | -1,000원 → 177,900원  [start]
H1931 | bet   2,000원 PLAYER | P:3♥ 10♦=3  B:8♠ J♦=8  BANKER(L)  | -2,000원 → 175,900원
H1932 | bet   4,000원 PLAYER | P:10♦ J♠ Q♦=0  B:Q♠ 3♣ Q♥=3  BANKER(L)  | -4,000원 → 171,900원
H1933 | bet   8,000원 PLAYER | P:K♥ 9♥=9  B:Q♣ Q♥=0  PLAYER(W)  | +8,000원 → 179,900원  [end_win]
H1934 | bet   1,000원 BANKER | P:5♣ K♥ 2♥=7  B:3♥ 4♣=7  TIE(T)  |     0원 → 179,900원
H1935 | bet   1,000원 BANKER | P:A♦ 5♦=6  B:8♥ 5♣ 8♦=1  PLAYER(L)  | -1,000원 → 178,900원  [start]
H1936 | bet   2,000원 PLAYER | P:6♥ K♦=6  B:3♦ Q♦ A♦=4  PLAYER(W)  | +2,000원 → 180,900원  [end_win]
H1937 | bet   1,000원 BANKER | P:6♠ 4♠ 9♥=9  B:K♥ 3♦ 7♦=0  PLAYER(L)  | -1,000원 → 179,900원  [start]
H1938 | bet   2,000원 PLAYER | P:K♦ Q♥ 3♠=3  B:5♦ 6♦ 7♠=8  BANKER(L)  | -2,000원 → 177,900원
H1939 | bet   4,000원 PLAYER | P:A♥ 5♣=6  B:Q♣ 2♦ 7♦=9  BANKER(L)  | -4,000원 → 173,900원
H1940 | bet   8,000원 PLAYER | P:6♠ 5♥ J♥=1  B:7♣ J♠=7  BANKER(L)  | -8,000원 → 165,900원
H1941 | bet  16,000원 PLAYER | P:K♣ 8♦=8  B:5♠ 7♥=2  PLAYER(W)  | +16,000원 → 181,900원  [end_win]
H1942 | bet   1,000원 BANKER | P:5♦ 4♦=9  B:10♦ Q♣=0  PLAYER(L)  | -1,000원 → 180,900원  [start]
H1943 | bet   2,000원 PLAYER | P:K♥ 8♦=8  B:8♦ A♣=9  BANKER(L)  | -2,000원 → 178,900원
H1944 | bet   4,000원 PLAYER | P:4♣ 9♠ J♦=3  B:10♣ 4♥=4  BANKER(L)  | -4,000원 → 174,900원
H1945 | bet   8,000원 PLAYER | P:4♦ 10♦ Q♥=4  B:6♣ 6♠ A♣=3  PLAYER(W)  | +8,000원 → 182,900원  [end_win]
H1946 | bet   1,000원 BANKER | P:4♥ 7♣ 5♦=6  B:K♣ 6♥=6  TIE(T)  |     0원 → 182,900원
H1947 | bet   1,000원 BANKER | P:6♦ 9♠ 2♣=7  B:5♠ 2♣=7  TIE(T)  |     0원 → 182,900원
H1948 | bet   1,000원 BANKER | P:4♠ 6♣ Q♠=0  B:8♥ 8♠=6  BANKER(W)  | +950원 → 183,850원
H1949 | bet   1,000원 BANKER | P:10♣ J♦=0  B:7♦ A♥=8  BANKER(W)  | +950원 → 184,800원
H1950 | bet   1,000원 BANKER | P:7♥ 4♥ A♥=2  B:8♥ 7♦=5  BANKER(W)  | +950원 → 185,750원
H1951 | bet   1,000원 BANKER | P:5♣ K♣ 6♣=1  B:4♥ 8♣ J♥=2  BANKER(W)  | +950원 → 186,700원
H1952 | bet   1,000원 BANKER | P:Q♣ 7♠=7  B:5♥ Q♠ 2♥=7  TIE(T)  |     0원 → 186,700원
H1953 | bet   1,000원 BANKER | P:Q♣ Q♦ 2♠=2  B:8♥ 4♥ 5♥=7  BANKER(W)  | +950원 → 187,650원
H1954 | bet   1,000원 BANKER | P:2♣ 5♥=7  B:7♣ J♣=7  TIE(T)  |     0원 → 187,650원
H1955 | bet   1,000원 BANKER | P:K♦ 4♥ 3♥=7  B:K♣ 4♠ Q♥=4  PLAYER(L)  | -1,000원 → 186,650원  [start]
H1956 | bet   2,000원 PLAYER | P:A♣ A♦ A♥=3  B:2♠ 10♥ 6♠=8  BANKER(L)  | -2,000원 → 184,650원
H1957 | bet   4,000원 PLAYER | P:8♠ 6♥ 8♦=2  B:J♠ A♠ 7♠=8  BANKER(L)  | -4,000원 → 180,650원
H1958 | bet   8,000원 PLAYER | P:K♣ J♥ 4♦=4  B:5♠ J♣ 9♦=4  TIE(T)  |     0원 → 180,650원
H1959 | bet   8,000원 PLAYER | P:K♦ K♣ J♣=0  B:3♣ 2♦=5  BANKER(L)  | -8,000원 → 172,650원
H1960 | bet  16,000원 PLAYER | P:J♥ 10♠ A♣=1  B:6♥ Q♣=6  BANKER(L)  | -16,000원 → 156,650원  [end_giveup]
H1961 | bet   1,000원 BANKER | P:8♦ A♠=9  B:5♠ K♦=5  PLAYER(L)  | -1,000원 → 155,650원  [start]
H1962 | bet   2,000원 PLAYER | P:Q♣ Q♦ 2♥=2  B:5♠ J♥=5  BANKER(L)  | -2,000원 → 153,650원
H1963 | bet   4,000원 PLAYER | P:7♥ A♣=8  B:K♠ 2♠=2  PLAYER(W)  | +4,000원 → 157,650원  [end_win]
H1964 | bet   1,000원 BANKER | P:5♣ A♥=6  B:4♣ 10♠ A♣=5  PLAYER(L)  | -1,000원 → 156,650원  [start]
H1965 | bet   2,000원 PLAYER | P:2♦ 2♠=4  B:Q♥ 9♠=9  BANKER(L)  | -2,000원 → 154,650원
H1966 | bet   4,000원 PLAYER | P:5♥ 3♠=8  B:A♦ A♥=2  PLAYER(W)  | +4,000원 → 158,650원  [end_win]
H1967 | bet   1,000원 BANKER | P:5♣ 9♣=4  B:A♠ 7♣=8  BANKER(W)  | +950원 → 159,600원
H1968 | bet   1,000원 BANKER | P:6♦ 3♦=9  B:6♦ 2♣=8  PLAYER(L)  | -1,000원 → 158,600원  [start]
H1969 | bet   2,000원 PLAYER | P:6♠ 5♣ K♠=1  B:4♥ 9♦ 7♦=0  PLAYER(W)  | +2,000원 → 160,600원  [end_win]
H1970 | bet   1,000원 BANKER | P:K♣ 5♥ 6♦=1  B:K♦ 3♦ 8♥=1  TIE(T)  |     0원 → 160,600원
H1971 | bet   1,000원 BANKER | P:Q♣ 6♥=6  B:8♠ J♦=8  BANKER(W)  | +950원 → 161,550원
H1972 | bet   1,000원 BANKER | P:Q♦ 8♥=8  B:8♣ J♠=8  TIE(T)  |     0원 → 161,550원
H1973 | bet   1,000원 BANKER | P:3♠ 2♦ 4♦=9  B:4♠ 2♣=6  PLAYER(L)  | -1,000원 → 160,550원  [start]
H1974 | bet   2,000원 PLAYER | P:2♣ 9♠ J♠=1  B:Q♦ 5♥=5  BANKER(L)  | -2,000원 → 158,550원
H1975 | bet   4,000원 PLAYER | P:4♠ 8♥ 2♣=4  B:K♥ 10♠ 10♥=0  PLAYER(W)  | +4,000원 → 162,550원  [end_win]
H1976 | bet   1,000원 BANKER | P:6♠ 4♥=0  B:8♣ J♠=8  BANKER(W)  | +950원 → 163,500원
H1977 | bet   1,000원 BANKER | P:Q♣ 3♥ 5♠=8  B:8♣ 4♠ 7♣=9  BANKER(W)  | +950원 → 164,450원
H1978 | bet   1,000원 BANKER | P:7♠ 10♠=7  B:J♣ 2♠ 9♦=1  PLAYER(L)  | -1,000원 → 163,450원  [start]
H1979 | bet   2,000원 PLAYER | P:10♣ A♥ 10♠=1  B:2♦ 8♠ 7♠=7  BANKER(L)  | -2,000원 → 161,450원
H1980 | bet   4,000원 PLAYER | P:8♠ 9♣=7  B:6♦ 3♥=9  BANKER(L)  | -4,000원 → 157,450원
H1981 | bet   8,000원 PLAYER | P:8♦ 5♦ 9♠=2  B:4♥ 10♣=4  BANKER(L)  | -8,000원 → 149,450원
H1982 | bet  16,000원 PLAYER | P:A♦ 5♥=6  B:4♥ K♠ K♦=4  PLAYER(W)  | +16,000원 → 165,450원  [end_win]
H1983 | bet   1,000원 BANKER | P:5♥ J♥ 5♦=0  B:7♥ 7♦ 3♥=7  BANKER(W)  | +950원 → 166,400원
H1984 | bet   1,000원 BANKER | P:K♣ 2♣ 9♣=1  B:10♦ Q♦ 3♦=3  BANKER(W)  | +950원 → 167,350원
H1985 | bet   1,000원 BANKER | P:7♦ 5♣ 9♠=1  B:8♣ 2♠ 8♠=8  BANKER(W)  | +950원 → 168,300원
H1986 | bet   1,000원 BANKER | P:3♦ 10♦ J♥=3  B:2♣ 5♦=7  BANKER(W)  | +950원 → 169,250원
H1987 | bet   1,000원 BANKER | P:9♥ A♥=0  B:6♣ 2♥=8  BANKER(W)  | +950원 → 170,200원
H1988 | bet   1,000원 BANKER | P:4♥ A♥ 7♠=2  B:4♥ A♥ Q♣=5  BANKER(W)  | +950원 → 171,150원
H1989 | bet   1,000원 BANKER | P:10♦ 5♦ K♥=5  B:3♠ J♦ 3♠=6  BANKER(W)  | +950원 → 172,100원
H1990 | bet   1,000원 BANKER | P:8♣ 4♣=2  B:3♥ 5♣=8  BANKER(W)  | +950원 → 173,050원
H1991 | bet   1,000원 BANKER | P:3♣ Q♥ K♦=3  B:2♠ 9♠ 6♦=7  BANKER(W)  | +950원 → 174,000원
H1992 | bet   1,000원 BANKER | P:10♠ 10♥=0  B:8♥ A♦=9  BANKER(W)  | +950원 → 174,950원
H1993 | bet   1,000원 BANKER | P:6♥ 9♥ J♠=5  B:9♦ 7♣=6  BANKER(W)  | +950원 → 175,900원
H1994 | bet   1,000원 BANKER | P:A♦ 10♥ 6♥=7  B:3♥ 9♥ 4♠=6  PLAYER(L)  | -1,000원 → 174,900원  [start]
H1995 | bet   2,000원 PLAYER | P:3♠ 4♣=7  B:2♠ J♦ 10♣=2  PLAYER(W)  | +2,000원 → 176,900원  [end_win]
H1996 | bet   1,000원 BANKER | P:J♣ Q♠=0  B:5♠ 4♠=9  BANKER(W)  | +950원 → 177,850원
H1997 | bet   1,000원 BANKER | P:5♦ J♣ 9♣=4  B:K♣ 6♣=6  BANKER(W)  | +950원 → 178,800원
H1998 | bet   1,000원 BANKER | P:5♠ 7♦ 5♥=7  B:K♥ A♣ 7♦=8  BANKER(W)  | +950원 → 179,750원
H1999 | bet   1,000원 BANKER | P:4♦ 2♥=6  B:A♠ 10♥ 7♠=8  BANKER(W)  | +950원 → 180,700원
H2000 | bet   1,000원 BANKER | P:7♠ 4♠ 9♦=0  B:J♠ 5♣=5  BANKER(W)  | +950원 → 181,650원
H2001 | bet   1,000원 BANKER | P:3♦ K♣ 5♠=8  B:7♣ 5♠ 8♦=0  PLAYER(L)  | -1,000원 → 180,650원  [start]
H2002 | bet   2,000원 PLAYER | P:4♥ A♠ 2♥=7  B:K♠ 6♦=6  PLAYER(W)  | +2,000원 → 182,650원  [end_win]
H2003 | bet   1,000원 BANKER | P:Q♥ 4♦=4  B:Q♣ 9♦=9  BANKER(W)  | +950원 → 183,600원
H2004 | bet   1,000원 BANKER | P:7♥ 10♥=7  B:8♠ 7♥ A♦=6  PLAYER(L)  | -1,000원 → 182,600원  [start]
H2005 | bet   2,000원 PLAYER | P:J♦ 10♣ 8♣=8  B:Q♥ 4♠=4  PLAYER(W)  | +2,000원 → 184,600원  [end_win]
H2006 | bet   1,000원 BANKER | P:6♣ J♦=6  B:J♣ J♦ A♣=1  PLAYER(L)  | -1,000원 → 183,600원  [start]
H2007 | bet   2,000원 PLAYER | P:A♣ 3♦ 10♦=4  B:K♦ 6♥=6  BANKER(L)  | -2,000원 → 181,600원
H2008 | bet   4,000원 PLAYER | P:10♥ 6♣=6  B:4♣ 9♣ 6♣=9  BANKER(L)  | -4,000원 → 177,600원
H2009 | bet   8,000원 PLAYER | P:6♠ 10♦=6  B:A♠ 5♦=6  TIE(T)  |     0원 → 177,600원
H2010 | bet   8,000원 PLAYER | P:10♥ K♥ J♠=0  B:6♣ Q♠=6  BANKER(L)  | -8,000원 → 169,600원
H2011 | bet  16,000원 PLAYER | P:K♠ 5♣ 5♣=0  B:2♦ 4♣=6  BANKER(L)  | -16,000원 → 153,600원  [end_giveup]
H2012 | bet   1,000원 BANKER | P:9♠ Q♥=9  B:J♥ 9♣=9  TIE(T)  |     0원 → 153,600원
H2013 | bet   1,000원 BANKER | P:8♦ 6♠ 9♣=3  B:10♥ 6♠=6  BANKER(W)  | +950원 → 154,550원
H2014 | bet   1,000원 BANKER | P:Q♥ Q♦ 4♠=4  B:K♥ 7♦=7  BANKER(W)  | +950원 → 155,500원
H2015 | bet   1,000원 BANKER | P:4♥ 3♣=7  B:5♦ 8♥ 8♦=1  PLAYER(L)  | -1,000원 → 154,500원  [start]
H2016 | bet   2,000원 PLAYER | P:4♣ 5♦=9  B:2♥ J♣=2  PLAYER(W)  | +2,000원 → 156,500원  [end_win]
H2017 | bet   1,000원 BANKER | P:Q♥ 8♠=8  B:7♥ 6♦=3  PLAYER(L)  | -1,000원 → 155,500원  [start]
H2018 | bet   2,000원 PLAYER | P:A♠ 6♣=7  B:10♣ 8♦=8  BANKER(L)  | -2,000원 → 153,500원
H2019 | bet   4,000원 PLAYER | P:3♣ 9♥ 10♣=2  B:4♣ 6♦ 3♥=3  BANKER(L)  | -4,000원 → 149,500원
H2020 | bet   8,000원 PLAYER | P:Q♠ 9♦=9  B:2♥ K♠=2  PLAYER(W)  | +8,000원 → 157,500원  [end_win]
H2021 | bet   1,000원 BANKER | P:Q♥ K♥ 3♥=3  B:8♥ 9♥=7  BANKER(W)  | +950원 → 158,450원
H2022 | bet   1,000원 BANKER | P:K♥ 3♦ 7♦=0  B:2♥ 9♥ 10♣=1  BANKER(W)  | +950원 → 159,400원
H2023 | bet   1,000원 BANKER | P:A♦ 3♠ 7♥=1  B:6♠ 6♣ 3♥=5  BANKER(W)  | +950원 → 160,350원
H2024 | bet   1,000원 BANKER | P:9♠ K♣=9  B:3♣ 7♠=0  PLAYER(L)  | -1,000원 → 159,350원  [start]
H2025 | bet   2,000원 PLAYER | P:Q♠ 10♦ 2♦=2  B:6♥ A♠=7  BANKER(L)  | -2,000원 → 157,350원
H2026 | bet   4,000원 PLAYER | P:9♠ A♦ Q♠=0  B:K♣ Q♦ 9♥=9  BANKER(L)  | -4,000원 → 153,350원
H2027 | bet   8,000원 PLAYER | P:2♦ 7♥=9  B:10♣ 2♥=2  PLAYER(W)  | +8,000원 → 161,350원  [end_win]
H2028 | bet   1,000원 BANKER | P:10♦ Q♠ 4♦=4  B:9♣ 2♠ A♣=2  PLAYER(L)  | -1,000원 → 160,350원  [start]
H2029 | bet   2,000원 PLAYER | P:K♥ 7♠=7  B:4♣ Q♦ 3♣=7  TIE(T)  |     0원 → 160,350원
H2030 | bet   2,000원 PLAYER | P:8♥ 2♠=0  B:Q♠ 8♣=8  BANKER(L)  | -2,000원 → 158,350원
H2031 | bet   4,000원 PLAYER | P:J♥ 7♥=7  B:3♦ 3♠=6  PLAYER(W)  | +4,000원 → 162,350원  [end_win]
H2032 | bet   1,000원 BANKER | P:6♠ 8♠ 3♣=7  B:3♠ Q♣ Q♦=3  PLAYER(L)  | -1,000원 → 161,350원  [start]
H2033 | bet   2,000원 PLAYER | P:J♦ 4♦ 7♦=1  B:7♣ 7♣ 6♥=0  PLAYER(W)  | +2,000원 → 163,350원  [end_win]
H2034 | bet   1,000원 BANKER | P:10♠ A♦ J♠=1  B:Q♣ J♣ A♣=1  TIE(T)  |     0원 → 163,350원
H2035 | bet   1,000원 BANKER | P:3♣ 8♠ K♠=1  B:6♠ 7♣ 5♥=8  BANKER(W)  | +950원 → 164,300원
H2036 | bet   1,000원 BANKER | P:8♣ 9♥=7  B:4♦ 5♥=9  BANKER(W)  | +950원 → 165,250원
H2037 | bet   1,000원 BANKER | P:K♦ 7♣=7  B:7♠ A♥=8  BANKER(W)  | +950원 → 166,200원
H2038 | bet   1,000원 BANKER | P:8♦ 8♥=6  B:J♥ 4♦ 2♦=6  TIE(T)  |     0원 → 166,200원
H2039 | bet   1,000원 BANKER | P:3♣ 7♣ J♣=0  B:A♠ 2♣ 6♣=9  BANKER(W)  | +950원 → 167,150원
H2040 | bet   1,000원 BANKER | P:2♦ 9♣ J♠=1  B:Q♥ Q♣ 4♦=4  BANKER(W)  | +950원 → 168,100원
H2041 | bet   1,000원 BANKER | P:K♠ Q♦ 10♣=0  B:2♦ 10♥ A♠=3  BANKER(W)  | +950원 → 169,050원
H2042 | bet   1,000원 BANKER | P:10♦ J♣ 6♥=6  B:6♣ 9♣ 5♠=0  PLAYER(L)  | -1,000원 → 168,050원  [start]
H2043 | bet   2,000원 PLAYER | P:2♥ Q♠=2  B:9♣ K♦=9  BANKER(L)  | -2,000원 → 166,050원
H2044 | bet   4,000원 PLAYER | P:10♣ 9♣=9  B:A♣ 5♥=6  PLAYER(W)  | +4,000원 → 170,050원  [end_win]
H2045 | bet   1,000원 BANKER | P:Q♥ A♠ Q♣=1  B:6♦ J♣=6  BANKER(W)  | +950원 → 171,000원
H2046 | bet   1,000원 BANKER | P:2♥ 8♣ J♥=0  B:K♣ Q♦ 8♣=8  BANKER(W)  | +950원 → 171,950원
H2047 | bet   1,000원 BANKER | P:A♣ 8♥=9  B:9♦ K♥=9  TIE(T)  |     0원 → 171,950원
H2048 | bet   1,000원 BANKER | P:5♥ K♣=5  B:A♠ 7♣=8  BANKER(W)  | +950원 → 172,900원
H2049 | bet   1,000원 BANKER | P:4♣ 3♥=7  B:9♠ K♣=9  BANKER(W)  | +950원 → 173,850원
H2050 | bet   1,000원 BANKER | P:A♦ J♦=1  B:Q♦ 8♦=8  BANKER(W)  | +950원 → 174,800원
H2051 | bet   1,000원 BANKER | P:2♠ 9♠=1  B:5♣ 4♥=9  BANKER(W)  | +950원 → 175,750원
H2052 | bet   1,000원 BANKER | P:8♣ Q♠=8  B:3♠ 10♣=3  PLAYER(L)  | -1,000원 → 174,750원  [start]
H2053 | bet   2,000원 PLAYER | P:8♠ 5♠ K♦=3  B:2♦ 2♣=4  BANKER(L)  | -2,000원 → 172,750원
H2054 | bet   4,000원 PLAYER | P:A♣ 3♥ K♦=4  B:7♠ 5♣ 3♠=5  BANKER(L)  | -4,000원 → 168,750원
H2055 | bet   8,000원 PLAYER | P:7♠ A♥=8  B:5♣ 5♦=0  PLAYER(W)  | +8,000원 → 176,750원  [end_win]
H2056 | bet   1,000원 BANKER | P:A♦ J♥ 3♠=4  B:3♣ 10♦ 8♥=1  PLAYER(L)  | -1,000원 → 175,750원  [start]
H2057 | bet   2,000원 PLAYER | P:5♥ 7♦ Q♠=2  B:6♦ 4♥ 6♠=6  BANKER(L)  | -2,000원 → 173,750원
H2058 | bet   4,000원 PLAYER | P:6♦ 9♥ A♠=6  B:10♣ 10♥ J♣=0  PLAYER(W)  | +4,000원 → 177,750원  [end_win]
H2059 | bet   1,000원 BANKER | P:5♣ J♣ 6♠=1  B:5♥ 2♦=7  BANKER(W)  | +950원 → 178,700원
H2060 | bet   1,000원 BANKER | P:K♣ 6♦=6  B:10♦ 7♣=7  BANKER(W)  | +950원 → 179,650원
H2061 | bet   1,000원 BANKER | P:A♦ 10♠ A♦=2  B:3♣ 10♥ 5♥=8  BANKER(W)  | +950원 → 180,600원
H2062 | bet   1,000원 BANKER | P:9♣ 7♥=6  B:10♦ 7♦=7  BANKER(W)  | +950원 → 181,550원
H2063 | bet   1,000원 BANKER | P:3♠ 4♦=7  B:4♠ 9♦ 7♣=0  PLAYER(L)  | -1,000원 → 180,550원  [start]
H2064 | bet   2,000원 PLAYER | P:4♠ K♣ 3♦=7  B:6♣ 7♠ 8♠=1  PLAYER(W)  | +2,000원 → 182,550원  [end_win]
H2065 | bet   1,000원 BANKER | P:4♦ 10♠ 4♥=8  B:8♥ 5♣ 6♠=9  BANKER(W)  | +950원 → 183,500원
H2066 | bet   1,000원 BANKER | P:J♠ 7♦=7  B:10♠ 2♠ A♥=3  PLAYER(L)  | -1,000원 → 182,500원  [start]
H2067 | bet   2,000원 PLAYER | P:A♥ 7♦=8  B:2♠ 4♦=6  PLAYER(W)  | +2,000원 → 184,500원  [end_win]
H2068 | bet   1,000원 BANKER | P:5♦ 7♦ A♥=3  B:4♠ 10♠=4  BANKER(W)  | +950원 → 185,450원
H2069 | bet   1,000원 BANKER | P:6♦ 2♣=8  B:A♥ Q♦=1  PLAYER(L)  | -1,000원 → 184,450원  [start]
H2070 | bet   2,000원 PLAYER | P:Q♦ K♠ 3♣=3  B:9♦ 6♣=5  BANKER(L)  | -2,000원 → 182,450원
H2071 | bet   4,000원 PLAYER | P:J♦ 9♠=9  B:A♠ 9♥=0  PLAYER(W)  | +4,000원 → 186,450원  [end_win]
H2072 | bet   1,000원 BANKER | P:5♣ J♦ J♣=5  B:Q♦ 5♠=5  TIE(T)  |     0원 → 186,450원
H2073 | bet   1,000원 BANKER | P:2♥ A♠ A♣=4  B:7♥ 6♥ 6♥=9  BANKER(W)  | +950원 → 187,400원
H2074 | bet   1,000원 BANKER | P:J♠ 2♥=2  B:K♠ 9♠=9  BANKER(W)  | +950원 → 188,350원
H2075 | bet   1,000원 BANKER | P:3♦ 9♠=2  B:Q♠ 8♠=8  BANKER(W)  | +950원 → 189,300원
H2076 | bet   1,000원 BANKER | P:6♥ 6♠ 8♠=0  B:A♣ K♠ 3♦=4  BANKER(W)  | +950원 → 190,250원
H2077 | bet   1,000원 BANKER | P:3♣ 10♥ J♦=3  B:2♥ 9♠ 6♥=7  BANKER(W)  | +950원 → 191,200원
H2078 | bet   1,000원 BANKER | P:6♥ 2♥=8  B:8♦ 10♦=8  TIE(T)  |     0원 → 191,200원
H2079 | bet   1,000원 BANKER | P:Q♥ 5♦ 3♥=8  B:9♥ 7♠=6  PLAYER(L)  | -1,000원 → 190,200원  [start]
H2080 | bet   2,000원 PLAYER | P:10♣ 8♥=8  B:3♥ 3♦=6  PLAYER(W)  | +2,000원 → 192,200원  [end_win]
H2081 | bet   1,000원 BANKER | P:10♠ J♠ K♠=0  B:5♦ 7♣ 9♦=1  BANKER(W)  | +950원 → 193,150원
H2082 | bet   1,000원 BANKER | P:9♥ 10♣=9  B:6♦ Q♥=6  PLAYER(L)  | -1,000원 → 192,150원  [start]
H2083 | bet   2,000원 PLAYER | P:J♥ 4♥=4  B:8♦ 10♠=8  BANKER(L)  | -2,000원 → 190,150원
H2084 | bet   4,000원 PLAYER | P:A♣ 4♦=5  B:8♠ J♥=8  BANKER(L)  | -4,000원 → 186,150원
H2085 | bet   8,000원 PLAYER | P:Q♠ 7♠=7  B:9♠ 4♦ 10♠=3  PLAYER(W)  | +8,000원 → 194,150원  [end_win]
H2086 | bet   1,000원 BANKER | P:4♠ 7♥=1  B:J♠ 8♥=8  BANKER(W)  | +950원 → 195,100원
H2087 | bet   1,000원 BANKER | P:J♣ 6♠=6  B:J♥ J♥ J♦=0  PLAYER(L)  | -1,000원 → 194,100원  [start]
H2088 | bet   2,000원 PLAYER | P:A♥ 6♦=7  B:8♥ 5♠ 7♦=0  PLAYER(W)  | +2,000원 → 196,100원  [end_win]
H2089 | bet   1,000원 BANKER | P:8♥ 8♣=6  B:8♠ 2♣ Q♥=0  PLAYER(L)  | -1,000원 → 195,100원  [start]
H2090 | bet   2,000원 PLAYER | P:5♥ 10♥ 7♠=2  B:5♦ 7♥ 4♣=6  BANKER(L)  | -2,000원 → 193,100원
H2091 | bet   4,000원 PLAYER | P:8♦ 6♣ 3♥=7  B:K♦ 2♦ Q♥=2  PLAYER(W)  | +4,000원 → 197,100원  [end_win]
H2092 | bet   1,000원 BANKER | P:Q♣ 3♠ 9♥=2  B:9♥ 8♦=7  BANKER(W)  | +950원 → 198,050원
H2093 | bet   1,000원 BANKER | P:3♣ 4♥=7  B:K♠ 9♦=9  BANKER(W)  | +950원 → 199,000원
H2094 | bet   1,000원 BANKER | P:4♥ 4♣=8  B:2♣ J♦=2  PLAYER(L)  | -1,000원 → 198,000원  [start]
H2095 | bet   2,000원 PLAYER | P:5♠ 7♥ 6♥=8  B:A♦ K♥ 2♠=3  PLAYER(W)  | +2,000원 → 200,000원  [end_win]
H2096 | bet   1,000원 BANKER | P:7♣ 4♣ 2♦=3  B:J♥ Q♠ 4♦=4  BANKER(W)  | +950원 → 200,950원
H2097 | bet   1,000원 BANKER | P:3♠ 7♥=0  B:8♥ A♦=9  BANKER(W)  | +950원 → 201,900원
H2098 | bet   1,000원 BANKER | P:K♥ K♦ 6♦=6  B:6♣ Q♣ 2♦=8  BANKER(W)  | +950원 → 202,850원
H2099 | bet   1,000원 BANKER | P:10♥ A♦=1  B:9♣ 10♥=9  BANKER(W)  | +950원 → 203,800원
H2100 | bet   1,000원 BANKER | P:10♦ 4♥ 6♥=0  B:J♥ 2♠ 5♠=7  BANKER(W)  | +950원 → 204,750원
H2101 | bet   1,000원 BANKER | P:K♦ 6♣=6  B:4♣ 4♣=8  BANKER(W)  | +950원 → 205,700원
H2102 | bet   1,000원 BANKER | P:4♠ 3♦=7  B:J♣ Q♥ 3♣=3  PLAYER(L)  | -1,000원 → 204,700원  [start]
H2103 | bet   2,000원 PLAYER | P:3♣ 10♥ 5♦=8  B:8♣ 3♦ 10♦=1  PLAYER(W)  | +2,000원 → 206,700원  [end_win]
H2104 | bet   1,000원 BANKER | P:3♥ 8♦ 5♠=6  B:J♠ 10♠ 7♦=7  BANKER(W)  | +950원 → 207,650원
H2105 | bet   1,000원 BANKER | P:Q♥ Q♠ 3♠=3  B:4♦ A♣=5  BANKER(W)  | +950원 → 208,600원
H2106 | bet   1,000원 BANKER | P:7♠ 4♠=1  B:2♦ 6♠=8  BANKER(W)  | +950원 → 209,550원
H2107 | bet   1,000원 BANKER | P:K♥ Q♣ J♦=0  B:8♦ 2♣ Q♦=0  TIE(T)  |     0원 → 209,550원
H2108 | bet   1,000원 BANKER | P:8♣ 5♥ K♣=3  B:9♥ 8♠=7  BANKER(W)  | +950원 → 210,500원
H2109 | bet   1,000원 BANKER | P:5♣ 9♦ 5♦=9  B:8♣ 8♦=6  PLAYER(L)  | -1,000원 → 209,500원  [start]
H2110 | bet   2,000원 PLAYER | P:J♠ 6♠=6  B:J♦ 5♥ A♠=6  TIE(T)  |     0원 → 209,500원
H2111 | bet   2,000원 PLAYER | P:3♦ 3♥=6  B:4♠ 9♦ A♥=4  PLAYER(W)  | +2,000원 → 211,500원  [end_win]
H2112 | bet   1,000원 BANKER | P:9♣ Q♠=9  B:10♣ J♠=0  PLAYER(L)  | -1,000원 → 210,500원  [start]
H2113 | bet   2,000원 PLAYER | P:4♣ A♥ K♠=5  B:2♠ K♥ 7♣=9  BANKER(L)  | -2,000원 → 208,500원
H2114 | bet   4,000원 PLAYER | P:7♠ K♥=7  B:8♣ 10♦=8  BANKER(L)  | -4,000원 → 204,500원
H2115 | bet   8,000원 PLAYER | P:3♦ 8♠ 10♣=1  B:Q♣ 7♣=7  BANKER(L)  | -8,000원 → 196,500원
H2116 | bet  16,000원 PLAYER | P:2♠ 9♣=1  B:9♥ K♣=9  BANKER(L)  | -16,000원 → 180,500원  [end_giveup]
H2117 | bet   1,000원 BANKER | P:A♦ Q♦=1  B:3♥ 5♣=8  BANKER(W)  | +950원 → 181,450원
H2118 | bet   1,000원 BANKER | P:2♣ K♠ Q♣=2  B:K♥ 5♦=5  BANKER(W)  | +950원 → 182,400원
H2119 | bet   1,000원 BANKER | P:6♣ 2♥=8  B:K♦ 5♠=5  PLAYER(L)  | -1,000원 → 181,400원  [start]
H2120 | bet   2,000원 PLAYER | P:7♥ K♦=7  B:2♥ 7♥=9  BANKER(L)  | -2,000원 → 179,400원
H2121 | bet   4,000원 PLAYER | P:10♥ K♠ 3♠=3  B:J♣ 2♦ 2♣=4  BANKER(L)  | -4,000원 → 175,400원
H2122 | bet   8,000원 PLAYER | P:5♣ 5♣ J♠=0  B:5♦ J♦=5  BANKER(L)  | -8,000원 → 167,400원
H2123 | bet  16,000원 PLAYER | P:9♥ 4♥=3  B:K♣ 8♠=8  BANKER(L)  | -16,000원 → 151,400원  [end_giveup]
H2124 | bet   1,000원 BANKER | P:7♣ 9♦=6  B:2♠ 6♣=8  BANKER(W)  | +950원 → 152,350원
H2125 | bet   1,000원 BANKER | P:7♦ 4♦ 5♥=6  B:3♠ J♥ 7♣=0  PLAYER(L)  | -1,000원 → 151,350원  [start]
H2126 | bet   2,000원 PLAYER | P:A♣ Q♥ Q♣=1  B:3♥ Q♣ 7♠=0  PLAYER(W)  | +2,000원 → 153,350원  [end_win]
H2127 | bet   1,000원 BANKER | P:9♠ 8♥=7  B:9♣ 4♦ A♥=4  PLAYER(L)  | -1,000원 → 152,350원  [start]
H2128 | bet   2,000원 PLAYER | P:A♥ 8♣=9  B:K♣ 4♦=4  PLAYER(W)  | +2,000원 → 154,350원  [end_win]
H2129 | bet   1,000원 BANKER | P:9♣ 8♠=7  B:J♠ 10♦ 9♦=9  BANKER(W)  | +950원 → 155,300원
H2130 | bet   1,000원 BANKER | P:K♠ 6♥=6  B:7♦ 9♥=6  TIE(T)  |     0원 → 155,300원
H2131 | bet   1,000원 BANKER | P:9♠ 2♦ A♦=2  B:10♠ 2♣ 9♠=1  PLAYER(L)  | -1,000원 → 154,300원  [start]
H2132 | bet   2,000원 PLAYER | P:K♠ J♥ 6♥=6  B:A♣ K♣ 3♦=4  PLAYER(W)  | +2,000원 → 156,300원  [end_win]
H2133 | bet   1,000원 BANKER | P:A♥ 7♣=8  B:J♠ 7♣=7  PLAYER(L)  | -1,000원 → 155,300원  [start]
H2134 | bet   2,000원 PLAYER | P:J♠ 5♦ J♦=5  B:K♥ 7♦=7  BANKER(L)  | -2,000원 → 153,300원
H2135 | bet   4,000원 PLAYER | P:10♣ K♦ 2♦=2  B:7♣ 6♣ 9♦=2  TIE(T)  |     0원 → 153,300원
H2136 | bet   4,000원 PLAYER | P:6♦ 7♣ 2♠=5  B:Q♠ J♣ 5♣=5  TIE(T)  |     0원 → 153,300원
H2137 | bet   4,000원 PLAYER | P:J♣ Q♦=0  B:K♣ 9♠=9  BANKER(L)  | -4,000원 → 149,300원
H2138 | bet   8,000원 PLAYER | P:Q♠ 6♠=6  B:3♥ A♦ 3♣=7  BANKER(L)  | -8,000원 → 141,300원
H2139 | bet  16,000원 PLAYER | P:9♥ K♦=9  B:2♠ 7♠=9  TIE(T)  |     0원 → 141,300원
H2140 | bet  16,000원 PLAYER | P:5♠ 9♣=4  B:2♣ 7♥=9  BANKER(L)  | -16,000원 → 125,300원  [end_giveup]
H2141 | bet   1,000원 BANKER | P:2♥ 6♠=8  B:J♣ 10♦=0  PLAYER(L)  | -1,000원 → 124,300원  [start]
H2142 | bet   2,000원 PLAYER | P:J♠ 6♦=6  B:3♣ K♠ 3♣=6  TIE(T)  |     0원 → 124,300원
H2143 | bet   2,000원 PLAYER | P:3♣ 7♠=0  B:Q♦ 8♥=8  BANKER(L)  | -2,000원 → 122,300원
H2144 | bet   4,000원 PLAYER | P:4♠ 3♥=7  B:8♠ A♣=9  BANKER(L)  | -4,000원 → 118,300원
H2145 | bet   8,000원 PLAYER | P:8♥ 2♠ 5♠=5  B:4♣ 7♠ A♦=2  PLAYER(W)  | +8,000원 → 126,300원  [end_win]
H2146 | bet   1,000원 BANKER | P:10♦ 4♠ 3♣=7  B:7♠ 4♠ 4♠=5  PLAYER(L)  | -1,000원 → 125,300원  [start]
H2147 | bet   2,000원 PLAYER | P:5♦ 9♦=4  B:7♥ 2♥=9  BANKER(L)  | -2,000원 → 123,300원
H2148 | bet   4,000원 PLAYER | P:2♥ 9♥ 10♠=1  B:K♠ 3♦ 7♦=0  PLAYER(W)  | +4,000원 → 127,300원  [end_win]
H2149 | bet   1,000원 BANKER | P:4♦ 6♦ 3♠=3  B:8♣ 6♣ 4♣=8  BANKER(W)  | +950원 → 128,250원
H2150 | bet   1,000원 BANKER | P:9♠ K♣=9  B:10♥ 3♥=3  PLAYER(L)  | -1,000원 → 127,250원  [start]
H2151 | bet   2,000원 PLAYER | P:Q♣ 10♣ 8♦=8  B:9♥ 5♣=4  PLAYER(W)  | +2,000원 → 129,250원  [end_win]
H2152 | bet   1,000원 BANKER | P:J♥ 5♥ Q♦=5  B:2♠ 4♠=6  BANKER(W)  | +950원 → 130,200원
H2153 | bet   1,000원 BANKER | P:8♦ K♠=8  B:4♥ 10♠=4  PLAYER(L)  | -1,000원 → 129,200원  [start]
H2154 | bet   2,000원 PLAYER | P:5♣ 6♠=1  B:3♣ 6♦=9  BANKER(L)  | -2,000원 → 127,200원
H2155 | bet   4,000원 PLAYER | P:4♣ 5♣=9  B:7♥ 10♦=7  PLAYER(W)  | +4,000원 → 131,200원  [end_win]
H2156 | bet   1,000원 BANKER | P:Q♣ J♥ Q♣=0  B:7♥ 7♥=4  BANKER(W)  | +950원 → 132,150원
H2157 | bet   1,000원 BANKER | P:4♣ 6♠=0  B:9♦ Q♦=9  BANKER(W)  | +950원 → 133,100원
H2158 | bet   1,000원 BANKER | P:5♣ 8♣=3  B:J♥ 8♣=8  BANKER(W)  | +950원 → 134,050원
H2159 | bet   1,000원 BANKER | P:8♦ 5♠ 8♥=1  B:2♠ K♦ 2♥=4  BANKER(W)  | +950원 → 135,000원
H2160 | bet   1,000원 BANKER | P:8♥ Q♠=8  B:2♣ 2♣=4  PLAYER(L)  | -1,000원 → 134,000원  [start]
H2161 | bet   2,000원 PLAYER | P:6♥ 7♣ Q♥=3  B:10♦ A♠ J♦=1  PLAYER(W)  | +2,000원 → 136,000원  [end_win]
H2162 | bet   1,000원 BANKER | P:J♣ 4♣ 5♠=9  B:5♥ 9♥ 4♦=8  PLAYER(L)  | -1,000원 → 135,000원  [start]
H2163 | bet   2,000원 PLAYER | P:10♣ 7♦=7  B:J♥ 10♣ 8♦=8  BANKER(L)  | -2,000원 → 133,000원
H2164 | bet   4,000원 PLAYER | P:8♠ 2♥ 3♦=3  B:6♠ 6♣ 9♦=1  PLAYER(W)  | +4,000원 → 137,000원  [end_win]
H2165 | bet   1,000원 BANKER | P:K♥ 2♥ 3♥=5  B:A♦ 5♥=6  BANKER(W)  | +950원 → 137,950원
H2166 | bet   1,000원 BANKER | P:4♥ A♦=5  B:8♠ 10♣=8  BANKER(W)  | +950원 → 138,900원
H2167 | bet   1,000원 BANKER | P:3♦ 2♠=5  B:4♥ 4♥=8  BANKER(W)  | +950원 → 139,850원
H2168 | bet   1,000원 BANKER | P:7♠ J♣=7  B:10♥ 2♠ 7♦=9  BANKER(W)  | +950원 → 140,800원
H2169 | bet   1,000원 BANKER | P:4♥ 8♦=2  B:7♣ 2♦=9  BANKER(W)  | +950원 → 141,750원
H2170 | bet   1,000원 BANKER | P:A♠ Q♦=1  B:9♣ J♠=9  BANKER(W)  | +950원 → 142,700원
H2171 | bet   1,000원 BANKER | P:2♦ A♥ K♥=3  B:6♣ 8♥=4  BANKER(W)  | +950원 → 143,650원
H2172 | bet   1,000원 BANKER | P:8♠ 6♣ 10♦=4  B:5♣ Q♦=5  BANKER(W)  | +950원 → 144,600원
H2173 | bet   1,000원 BANKER | P:A♠ 3♥ J♣=4  B:K♥ 3♦ Q♠=3  PLAYER(L)  | -1,000원 → 143,600원  [start]
H2174 | bet   2,000원 PLAYER | P:J♠ 3♠ 2♦=5  B:8♣ 6♦ 8♠=2  PLAYER(W)  | +2,000원 → 145,600원  [end_win]
H2175 | bet   1,000원 BANKER | P:8♥ K♥=8  B:A♦ 5♠=6  PLAYER(L)  | -1,000원 → 144,600원  [start]
H2176 | bet   2,000원 PLAYER | P:2♣ 5♦=7  B:A♠ 2♦ A♣=4  PLAYER(W)  | +2,000원 → 146,600원  [end_win]
H2177 | bet   1,000원 BANKER | P:J♦ 10♥ 3♠=3  B:K♠ J♦ 4♠=4  BANKER(W)  | +950원 → 147,550원
H2178 | bet   1,000원 BANKER | P:5♥ K♣=5  B:4♠ 5♦=9  BANKER(W)  | +950원 → 148,500원
H2179 | bet   1,000원 BANKER | P:7♦ 10♣=7  B:A♣ 3♣ Q♠=4  PLAYER(L)  | -1,000원 → 147,500원  [start]
H2180 | bet   2,000원 PLAYER | P:10♦ A♥=1  B:2♣ 6♦=8  BANKER(L)  | -2,000원 → 145,500원
H2181 | bet   4,000원 PLAYER | P:Q♠ A♦ Q♣=1  B:J♦ A♥ 9♣=0  PLAYER(W)  | +4,000원 → 149,500원  [end_win]
H2182 | bet   1,000원 BANKER | P:10♣ Q♥ J♥=0  B:Q♥ 4♦=4  BANKER(W)  | +950원 → 150,450원
H2183 | bet   1,000원 BANKER | P:8♥ A♣=9  B:K♦ 5♦=5  PLAYER(L)  | -1,000원 → 149,450원  [start]
H2184 | bet   2,000원 PLAYER | P:A♠ 5♠=6  B:5♦ 10♠ 3♠=8  BANKER(L)  | -2,000원 → 147,450원
H2185 | bet   4,000원 PLAYER | P:8♦ K♠=8  B:6♥ A♥=7  PLAYER(W)  | +4,000원 → 151,450원  [end_win]
H2186 | bet   1,000원 BANKER | P:A♦ Q♦ 5♠=6  B:Q♠ 4♣ 3♦=7  BANKER(W)  | +950원 → 152,400원
H2187 | bet   1,000원 BANKER | P:A♣ 9♣ 4♦=4  B:K♥ Q♥ J♦=0  PLAYER(L)  | -1,000원 → 151,400원  [start]
H2188 | bet   2,000원 PLAYER | P:7♥ 4♥ 5♥=6  B:3♦ J♥ A♥=4  PLAYER(W)  | +2,000원 → 153,400원  [end_win]
H2189 | bet   1,000원 BANKER | P:Q♥ 8♣=8  B:6♥ 7♥=3  PLAYER(L)  | -1,000원 → 152,400원  [start]
H2190 | bet   2,000원 PLAYER | P:9♠ 6♦ 6♥=1  B:4♣ K♣ 6♠=0  PLAYER(W)  | +2,000원 → 154,400원  [end_win]
H2191 | bet   1,000원 BANKER | P:8♣ Q♦=8  B:2♥ 9♦=1  PLAYER(L)  | -1,000원 → 153,400원  [start]
H2192 | bet   2,000원 PLAYER | P:9♠ K♦=9  B:8♣ A♣=9  TIE(T)  |     0원 → 153,400원
H2193 | bet   2,000원 PLAYER | P:Q♥ 4♠ 9♥=3  B:7♠ 10♥=7  BANKER(L)  | -2,000원 → 151,400원
H2194 | bet   4,000원 PLAYER | P:9♣ 10♦=9  B:10♠ 2♣=2  PLAYER(W)  | +4,000원 → 155,400원  [end_win]
H2195 | bet   1,000원 BANKER | P:Q♥ 10♠ 6♦=6  B:7♠ 8♦ 10♣=5  PLAYER(L)  | -1,000원 → 154,400원  [start]
H2196 | bet   2,000원 PLAYER | P:4♣ A♠ A♠=6  B:8♦ 9♦=7  BANKER(L)  | -2,000원 → 152,400원
H2197 | bet   4,000원 PLAYER | P:6♠ 8♠ K♦=4  B:5♥ 10♠=5  BANKER(L)  | -4,000원 → 148,400원
H2198 | bet   8,000원 PLAYER | P:2♥ 7♥=9  B:9♠ 9♥=8  PLAYER(W)  | +8,000원 → 156,400원  [end_win]
H2199 | bet   1,000원 BANKER | P:Q♣ K♦ K♦=0  B:6♥ K♣=6  BANKER(W)  | +950원 → 157,350원
H2200 | bet   1,000원 BANKER | P:10♥ 9♣=9  B:4♦ 10♥=4  PLAYER(L)  | -1,000원 → 156,350원  [start]
H2201 | bet   2,000원 PLAYER | P:3♠ 6♣=9  B:6♠ A♠=7  PLAYER(W)  | +2,000원 → 158,350원  [end_win]
H2202 | bet   1,000원 BANKER | P:Q♣ Q♠ J♣=0  B:K♥ 2♦ 3♠=5  BANKER(W)  | +950원 → 159,300원
H2203 | bet   1,000원 BANKER | P:10♠ 6♣=6  B:J♦ J♠ K♥=0  PLAYER(L)  | -1,000원 → 158,300원  [start]
H2204 | bet   2,000원 PLAYER | P:10♠ 10♥ 6♥=6  B:J♠ J♠ 6♣=6  TIE(T)  |     0원 → 158,300원
H2205 | bet   2,000원 PLAYER | P:A♥ Q♣ K♦=1  B:Q♣ Q♣ 5♣=5  BANKER(L)  | -2,000원 → 156,300원
H2206 | bet   4,000원 PLAYER | P:A♥ J♠ J♦=1  B:Q♥ 7♦=7  BANKER(L)  | -4,000원 → 152,300원
H2207 | bet   8,000원 PLAYER | P:4♦ 4♣=8  B:8♦ A♠=9  BANKER(L)  | -8,000원 → 144,300원
H2208 | bet  16,000원 PLAYER | P:J♥ 3♠ 10♦=3  B:9♣ 4♥ 9♣=2  PLAYER(W)  | +16,000원 → 160,300원  [end_win]
H2209 | bet   1,000원 BANKER | P:9♥ 3♣ 3♦=5  B:10♣ 2♥ A♣=3  PLAYER(L)  | -1,000원 → 159,300원  [start]
H2210 | bet   2,000원 PLAYER | P:K♣ A♥ 5♥=6  B:9♥ 4♥ 4♥=7  BANKER(L)  | -2,000원 → 157,300원
H2211 | bet   4,000원 PLAYER | P:4♠ 4♠=8  B:J♣ K♠=0  PLAYER(W)  | +4,000원 → 161,300원  [end_win]
H2212 | bet   1,000원 BANKER | P:10♦ 3♥ 4♥=7  B:5♥ K♥ K♥=5  PLAYER(L)  | -1,000원 → 160,300원  [start]
H2213 | bet   2,000원 PLAYER | P:9♦ 5♥ 2♠=6  B:Q♥ K♦ J♣=0  PLAYER(W)  | +2,000원 → 162,300원  [end_win]
H2214 | bet   1,000원 BANKER | P:3♥ 10♠ 6♠=9  B:10♦ 2♦ 4♦=6  PLAYER(L)  | -1,000원 → 161,300원  [start]
H2215 | bet   2,000원 PLAYER | P:3♥ 7♥ 9♠=9  B:5♠ A♦=6  PLAYER(W)  | +2,000원 → 163,300원  [end_win]
H2216 | bet   1,000원 BANKER | P:6♣ 9♠ 3♥=8  B:8♠ 7♣=5  PLAYER(L)  | -1,000원 → 162,300원  [start]
H2217 | bet   2,000원 PLAYER | P:10♣ 4♣ A♣=5  B:6♠ Q♠=6  BANKER(L)  | -2,000원 → 160,300원
H2218 | bet   4,000원 PLAYER | P:5♣ J♣ 5♠=0  B:7♣ K♣=7  BANKER(L)  | -4,000원 → 156,300원
H2219 | bet   8,000원 PLAYER | P:J♥ 3♠ 8♦=1  B:9♠ 2♦ 5♥=6  BANKER(L)  | -8,000원 → 148,300원
H2220 | bet  16,000원 PLAYER | P:5♦ 8♥ 10♥=3  B:7♥ 3♣ 9♠=9  BANKER(L)  | -16,000원 → 132,300원  [end_giveup]
H2221 | bet   1,000원 BANKER | P:5♦ A♠=6  B:7♠ 2♦=9  BANKER(W)  | +950원 → 133,250원
H2222 | bet   1,000원 BANKER | P:8♣ J♥=8  B:K♣ 10♥=0  PLAYER(L)  | -1,000원 → 132,250원  [start]
H2223 | bet   2,000원 PLAYER | P:A♠ 5♥=6  B:K♥ 9♥=9  BANKER(L)  | -2,000원 → 130,250원
H2224 | bet   4,000원 PLAYER | P:K♠ 6♠=6  B:Q♥ 7♠=7  BANKER(L)  | -4,000원 → 126,250원
H2225 | bet   8,000원 PLAYER | P:3♣ A♥ 5♣=9  B:7♥ 8♥ Q♥=5  PLAYER(W)  | +8,000원 → 134,250원  [end_win]
H2226 | bet   1,000원 BANKER | P:K♠ Q♠=0  B:9♥ K♦=9  BANKER(W)  | +950원 → 135,200원
H2227 | bet   1,000원 BANKER | P:A♦ 2♣ K♥=3  B:J♣ 5♦=5  BANKER(W)  | +950원 → 136,150원
H2228 | bet   1,000원 BANKER | P:2♠ 6♥=8  B:8♠ J♠=8  TIE(T)  |     0원 → 136,150원
H2229 | bet   1,000원 BANKER | P:J♣ 9♣=9  B:8♥ 8♣=6  PLAYER(L)  | -1,000원 → 135,150원  [start]
H2230 | bet   2,000원 PLAYER | P:5♠ 5♣ 3♦=3  B:3♠ 7♣ 7♦=7  BANKER(L)  | -2,000원 → 133,150원
H2231 | bet   4,000원 PLAYER | P:2♠ 5♠=7  B:4♦ 2♣=6  PLAYER(W)  | +4,000원 → 137,150원  [end_win]
H2232 | bet   1,000원 BANKER | P:8♣ Q♥=8  B:J♥ K♣=0  PLAYER(L)  | -1,000원 → 136,150원  [start]
H2233 | bet   2,000원 PLAYER | P:Q♦ 5♥ J♣=5  B:8♣ 6♦=4  PLAYER(W)  | +2,000원 → 138,150원  [end_win]
H2234 | bet   1,000원 BANKER | P:Q♥ 9♠=9  B:A♥ 4♠=5  PLAYER(L)  | -1,000원 → 137,150원  [start]
H2235 | bet   2,000원 PLAYER | P:A♠ J♦ 2♥=3  B:4♠ 10♣ 2♦=6  BANKER(L)  | -2,000원 → 135,150원
H2236 | bet   4,000원 PLAYER | P:8♠ 3♥=1  B:6♠ 3♠=9  BANKER(L)  | -4,000원 → 131,150원
H2237 | bet   8,000원 PLAYER | P:3♠ 9♣ 10♥=2  B:10♦ K♠ K♣=0  PLAYER(W)  | +8,000원 → 139,150원  [end_win]
H2238 | bet   1,000원 BANKER | P:A♠ J♠ 6♥=7  B:8♥ 8♦ 2♠=8  BANKER(W)  | +950원 → 140,100원
H2239 | bet   1,000원 BANKER | P:Q♣ 7♠=7  B:Q♣ 8♠=8  BANKER(W)  | +950원 → 141,050원
H2240 | bet   1,000원 BANKER | P:J♦ Q♦ 2♦=2  B:K♠ Q♥ 5♥=5  BANKER(W)  | +950원 → 142,000원
H2241 | bet   1,000원 BANKER | P:9♣ J♥=9  B:A♥ 8♥=9  TIE(T)  |     0원 → 142,000원
H2242 | bet   1,000원 BANKER | P:7♣ A♥=8  B:6♥ 5♥=1  PLAYER(L)  | -1,000원 → 141,000원  [start]
H2243 | bet   2,000원 PLAYER | P:5♦ 7♣ A♠=3  B:8♦ 9♠=7  BANKER(L)  | -2,000원 → 139,000원
H2244 | bet   4,000원 PLAYER | P:10♥ 10♦ 2♥=2  B:K♦ J♦ 6♠=6  BANKER(L)  | -4,000원 → 135,000원
H2245 | bet   8,000원 PLAYER | P:6♣ 10♠=6  B:J♥ K♦ J♦=0  PLAYER(W)  | +8,000원 → 143,000원  [end_win]
H2246 | bet   1,000원 BANKER | P:6♣ 4♣ Q♣=0  B:A♦ 4♥=5  BANKER(W)  | +950원 → 143,950원
H2247 | bet   1,000원 BANKER | P:6♦ J♥=6  B:9♣ 7♦=6  TIE(T)  |     0원 → 143,950원
H2248 | bet   1,000원 BANKER | P:Q♦ 3♥ 5♦=8  B:10♦ A♣ 8♦=9  BANKER(W)  | +950원 → 144,900원
H2249 | bet   1,000원 BANKER | P:9♠ 7♥=6  B:10♣ 7♥=7  BANKER(W)  | +950원 → 145,850원
H2250 | bet   1,000원 BANKER | P:K♥ 10♠ 6♣=6  B:4♥ 2♦ 4♥=0  PLAYER(L)  | -1,000원 → 144,850원  [start]
H2251 | bet   2,000원 PLAYER | P:7♦ Q♦=7  B:K♠ 2♠ 2♥=4  PLAYER(W)  | +2,000원 → 146,850원  [end_win]
H2252 | bet   1,000원 BANKER | P:Q♥ 3♠ 5♦=8  B:K♥ 4♠ 4♠=8  TIE(T)  |     0원 → 146,850원
H2253 | bet   1,000원 BANKER | P:2♥ 3♣ A♣=6  B:2♠ 9♥ 10♥=1  PLAYER(L)  | -1,000원 → 145,850원  [start]
H2254 | bet   2,000원 PLAYER | P:3♣ 3♦=6  B:K♥ 9♦=9  BANKER(L)  | -2,000원 → 143,850원
H2255 | bet   4,000원 PLAYER | P:Q♦ 6♣=6  B:3♥ A♣ 3♣=7  BANKER(L)  | -4,000원 → 139,850원
H2256 | bet   8,000원 PLAYER | P:10♣ 6♣=6  B:Q♠ 4♣ 7♦=1  PLAYER(W)  | +8,000원 → 147,850원  [end_win]
H2257 | bet   1,000원 BANKER | P:J♠ 7♣=7  B:J♦ 3♥ 2♣=5  PLAYER(L)  | -1,000원 → 146,850원  [start]
H2258 | bet   2,000원 PLAYER | P:7♠ 9♥=6  B:3♠ 7♣ 8♠=8  BANKER(L)  | -2,000원 → 144,850원
H2259 | bet   4,000원 PLAYER | P:10♦ J♠=0  B:9♥ Q♠=9  BANKER(L)  | -4,000원 → 140,850원
H2260 | bet   8,000원 PLAYER | P:J♣ K♠ A♣=1  B:2♥ K♦ 2♠=4  BANKER(L)  | -8,000원 → 132,850원
H2261 | bet  16,000원 PLAYER | P:Q♠ 10♥ 6♦=6  B:4♠ J♥ 4♣=8  BANKER(L)  | -16,000원 → 116,850원  [end_giveup]
H2262 | bet   1,000원 BANKER | P:6♦ 3♦=9  B:Q♣ 9♦=9  TIE(T)  |     0원 → 116,850원
H2263 | bet   1,000원 BANKER | P:3♠ 6♥=9  B:10♥ 7♥=7  PLAYER(L)  | -1,000원 → 115,850원  [start]
H2264 | bet   2,000원 PLAYER | P:4♣ 2♣=6  B:4♣ 4♣=8  BANKER(L)  | -2,000원 → 113,850원
H2265 | bet   4,000원 PLAYER | P:9♣ 5♠ Q♣=4  B:6♠ 9♦=5  BANKER(L)  | -4,000원 → 109,850원
H2266 | bet   8,000원 PLAYER | P:3♦ A♦ K♦=4  B:2♠ 8♠ 4♦=4  TIE(T)  |     0원 → 109,850원
H2267 | bet   8,000원 PLAYER | P:6♠ 6♦=2  B:9♦ Q♠=9  BANKER(L)  | -8,000원 → 101,850원
H2268 | bet  16,000원 PLAYER | P:8♦ 7♥ 8♥=3  B:J♦ 10♣ 6♣=6  BANKER(L)  | -16,000원 → 85,850원  [end_giveup]
H2269 | bet   1,000원 BANKER | P:10♠ 5♠ 6♥=1  B:2♣ A♣ 10♠=3  BANKER(W)  | +950원 → 86,800원
H2270 | bet   1,000원 BANKER | P:9♦ 10♣=9  B:4♦ 7♦=1  PLAYER(L)  | -1,000원 → 85,800원  [start]
H2271 | bet   2,000원 PLAYER | P:K♦ 2♣ A♥=3  B:A♦ 2♣ 8♣=1  PLAYER(W)  | +2,000원 → 87,800원  [end_win]
H2272 | bet   1,000원 BANKER | P:8♠ 8♦=6  B:7♣ 9♦=6  TIE(T)  |     0원 → 87,800원
H2273 | bet   1,000원 BANKER | P:7♦ 5♦ Q♦=2  B:7♠ 5♠ 5♦=7  BANKER(W)  | +950원 → 88,750원
H2274 | bet   1,000원 BANKER | P:Q♠ 2♣=2  B:3♦ 5♣=8  BANKER(W)  | +950원 → 89,700원
H2275 | bet   1,000원 BANKER | P:2♥ 4♦=6  B:10♠ 3♣ Q♠=3  PLAYER(L)  | -1,000원 → 88,700원  [start]
H2276 | bet   2,000원 PLAYER | P:K♣ 4♦ 6♦=0  B:9♣ 7♠ 8♠=4  BANKER(L)  | -2,000원 → 86,700원
H2277 | bet   4,000원 PLAYER | P:9♠ 8♦=7  B:5♣ 8♣ 9♦=2  PLAYER(W)  | +4,000원 → 90,700원  [end_win]
H2278 | bet   1,000원 BANKER | P:7♦ 3♣=0  B:7♠ A♦=8  BANKER(W)  | +950원 → 91,650원
H2279 | bet   1,000원 BANKER | P:J♠ 3♦ K♠=3  B:4♦ 3♦=7  BANKER(W)  | +950원 → 92,600원
H2280 | bet   1,000원 BANKER | P:8♣ 5♠ 2♥=5  B:10♠ 5♣=5  TIE(T)  |     0원 → 92,600원
H2281 | bet   1,000원 BANKER | P:K♥ 10♣=0  B:7♠ A♠=8  BANKER(W)  | +950원 → 93,550원
H2282 | bet   1,000원 BANKER | P:5♣ A♦=6  B:Q♦ 6♦=6  TIE(T)  |     0원 → 93,550원
H2283 | bet   1,000원 BANKER | P:10♦ 6♥=6  B:J♦ 7♥=7  BANKER(W)  | +950원 → 94,500원
H2284 | bet   1,000원 BANKER | P:A♠ K♣=1  B:2♦ 6♦=8  BANKER(W)  | +950원 → 95,450원
H2285 | bet   1,000원 BANKER | P:6♥ 5♠=1  B:5♣ 3♥=8  BANKER(W)  | +950원 → 96,400원
H2286 | bet   1,000원 BANKER | P:2♣ K♠=2  B:4♠ 5♣=9  BANKER(W)  | +950원 → 97,350원
H2287 | bet   1,000원 BANKER | P:5♥ 8♦ Q♠=3  B:A♣ K♣ A♦=2  PLAYER(L)  | -1,000원 → 96,350원  [start]
H2288 | bet   2,000원 PLAYER | P:10♥ 6♣=6  B:9♠ 7♦=6  TIE(T)  |     0원 → 96,350원
H2289 | bet   2,000원 PLAYER | P:3♦ 8♦ 3♠=4  B:6♠ 7♣ 6♥=9  BANKER(L)  | -2,000원 → 94,350원
H2290 | bet   4,000원 PLAYER | P:Q♦ K♠ K♥=0  B:6♠ 4♥ 2♣=2  BANKER(L)  | -4,000원 → 90,350원
H2291 | bet   8,000원 PLAYER | P:3♥ 4♥=7  B:Q♠ Q♣ J♦=0  PLAYER(W)  | +8,000원 → 98,350원  [end_win]
H2292 | bet   1,000원 BANKER | P:6♦ 9♣ 7♥=2  B:10♥ J♥ 5♥=5  BANKER(W)  | +950원 → 99,300원
H2293 | bet   1,000원 BANKER | P:9♥ 10♣=9  B:J♦ A♣=1  PLAYER(L)  | -1,000원 → 98,300원  [start]
H2294 | bet   2,000원 PLAYER | P:A♥ A♦ 9♣=1  B:4♥ Q♠=4  BANKER(L)  | -2,000원 → 96,300원
H2295 | bet   4,000원 PLAYER | P:K♥ J♣ 9♣=9  B:2♣ J♠ 7♥=9  TIE(T)  |     0원 → 96,300원
H2296 | bet   4,000원 PLAYER | P:5♦ J♠ J♥=5  B:8♣ 9♥=7  BANKER(L)  | -4,000원 → 92,300원
H2297 | bet   8,000원 PLAYER | P:Q♦ K♦ 7♠=7  B:6♥ J♦ A♠=7  TIE(T)  |     0원 → 92,300원
H2298 | bet   8,000원 PLAYER | P:4♠ K♥ 10♣=4  B:10♠ J♠ 3♠=3  PLAYER(W)  | +8,000원 → 100,300원  [end_win]
H2299 | bet   1,000원 BANKER | P:10♣ 4♣ 3♣=7  B:2♦ A♠ J♠=3  PLAYER(L)  | -1,000원 → 99,300원  [start]
H2300 | bet   2,000원 PLAYER | P:4♣ J♥ Q♦=4  B:3♣ J♣ 2♠=5  BANKER(L)  | -2,000원 → 97,300원
H2301 | bet   4,000원 PLAYER | P:7♦ 9♦=6  B:Q♥ 10♥ 7♣=7  BANKER(L)  | -4,000원 → 93,300원
H2302 | bet   8,000원 PLAYER | P:2♣ K♦ 10♥=2  B:2♥ J♥ Q♣=2  TIE(T)  |     0원 → 93,300원
H2303 | bet   8,000원 PLAYER | P:8♥ 8♣=6  B:9♦ 6♥ 4♦=9  BANKER(L)  | -8,000원 → 85,300원
H2304 | bet  16,000원 PLAYER | P:5♥ Q♦=5  B:9♠ J♥=9  BANKER(L)  | -16,000원 → 69,300원  [end_giveup]
H2305 | bet   1,000원 BANKER | P:K♣ A♥ A♦=2  B:K♣ A♠ J♣=1  PLAYER(L)  | -1,000원 → 68,300원  [start]
H2306 | bet   2,000원 PLAYER | P:Q♦ 6♥=6  B:K♦ 10♠ K♦=0  PLAYER(W)  | +2,000원 → 70,300원  [end_win]
H2307 | bet   1,000원 BANKER | P:2♥ 4♣=6  B:10♦ 5♠ 10♣=5  PLAYER(L)  | -1,000원 → 69,300원  [start]
H2308 | bet   2,000원 PLAYER | P:10♥ A♦ 8♠=9  B:K♠ 3♣=3  PLAYER(W)  | +2,000원 → 71,300원  [end_win]
H2309 | bet   1,000원 BANKER | P:K♥ 4♦ 10♣=4  B:6♦ 7♠ A♠=4  TIE(T)  |     0원 → 71,300원
H2310 | bet   1,000원 BANKER | P:6♣ 9♦ 9♥=4  B:Q♠ Q♠ 4♦=4  TIE(T)  |     0원 → 71,300원
H2311 | bet   1,000원 BANKER | P:A♥ 2♠ A♠=4  B:A♠ 4♦=5  BANKER(W)  | +950원 → 72,250원
H2312 | bet   1,000원 BANKER | P:J♦ 7♥=7  B:K♥ K♣ 4♠=4  PLAYER(L)  | -1,000원 → 71,250원  [start]
H2313 | bet   2,000원 PLAYER | P:9♠ 4♥ 3♠=6  B:A♣ 4♠=5  PLAYER(W)  | +2,000원 → 73,250원  [end_win]
H2314 | bet   1,000원 BANKER | P:J♦ 2♣=2  B:K♠ 8♦=8  BANKER(W)  | +950원 → 74,200원
H2315 | bet   1,000원 BANKER | P:5♦ 8♣ 2♥=5  B:Q♠ 7♣=7  BANKER(W)  | +950원 → 75,150원
H2316 | bet   1,000원 BANKER | P:10♠ 5♣ A♦=6  B:J♠ Q♣ 5♦=5  PLAYER(L)  | -1,000원 → 74,150원  [start]
H2317 | bet   2,000원 PLAYER | P:6♣ 8♥=4  B:9♥ 9♦=8  BANKER(L)  | -2,000원 → 72,150원
H2318 | bet   4,000원 PLAYER | P:2♥ 9♦ 2♦=3  B:10♣ 3♥ 3♥=6  BANKER(L)  | -4,000원 → 68,150원
H2319 | bet   8,000원 PLAYER | P:3♥ 7♣ 7♥=7  B:10♦ Q♥ 2♠=2  PLAYER(W)  | +8,000원 → 76,150원  [end_win]
H2320 | bet   1,000원 BANKER | P:8♦ A♥=9  B:10♦ 4♦=4  PLAYER(L)  | -1,000원 → 75,150원  [start]
H2321 | bet   2,000원 PLAYER | P:Q♣ 9♣=9  B:5♦ 8♣=3  PLAYER(W)  | +2,000원 → 77,150원  [end_win]
H2322 | bet   1,000원 BANKER | P:Q♦ 3♠ 2♥=5  B:4♠ 3♥=7  BANKER(W)  | +950원 → 78,100원
H2323 | bet   1,000원 BANKER | P:8♠ 10♦=8  B:10♦ 7♣=7  PLAYER(L)  | -1,000원 → 77,100원  [start]
H2324 | bet   2,000원 PLAYER | P:2♦ K♥ 10♦=2  B:6♠ 6♥ 9♥=1  PLAYER(W)  | +2,000원 → 79,100원  [end_win]
H2325 | bet   1,000원 BANKER | P:7♣ J♣=7  B:8♠ 8♠=6  PLAYER(L)  | -1,000원 → 78,100원  [start]
H2326 | bet   2,000원 PLAYER | P:5♣ 5♠=0  B:A♠ 8♠=9  BANKER(L)  | -2,000원 → 76,100원
H2327 | bet   4,000원 PLAYER | P:K♠ J♠=0  B:7♥ 2♦=9  BANKER(L)  | -4,000원 → 72,100원
H2328 | bet   8,000원 PLAYER | P:A♠ 3♠ 3♣=7  B:10♠ 2♣ 8♣=0  PLAYER(W)  | +8,000원 → 80,100원  [end_win]
H2329 | bet   1,000원 BANKER | P:3♠ 7♠ 7♠=7  B:6♦ 7♠ J♣=3  PLAYER(L)  | -1,000원 → 79,100원  [start]
H2330 | bet   2,000원 PLAYER | P:2♦ 10♠ Q♦=2  B:4♠ 2♠=6  BANKER(L)  | -2,000원 → 77,100원
H2331 | bet   4,000원 PLAYER | P:8♠ K♠=8  B:A♣ 4♥=5  PLAYER(W)  | +4,000원 → 81,100원  [end_win]
H2332 | bet   1,000원 BANKER | P:8♥ 7♦ Q♠=5  B:Q♥ 3♦ 2♥=5  TIE(T)  |     0원 → 81,100원
H2333 | bet   1,000원 BANKER | P:5♣ 6♥ 6♣=7  B:7♣ J♥=7  TIE(T)  |     0원 → 81,100원
H2334 | bet   1,000원 BANKER | P:3♣ K♥ 6♣=9  B:Q♣ A♥ 6♠=7  PLAYER(L)  | -1,000원 → 80,100원  [start]
H2335 | bet   2,000원 PLAYER | P:2♠ 4♠=6  B:9♥ 8♥=7  BANKER(L)  | -2,000원 → 78,100원
H2336 | bet   4,000원 PLAYER | P:6♣ Q♣=6  B:8♠ 3♣ 8♦=9  BANKER(L)  | -4,000원 → 74,100원
H2337 | bet   8,000원 PLAYER | P:4♥ J♥ 2♠=6  B:9♦ 5♣ 7♦=1  PLAYER(W)  | +8,000원 → 82,100원  [end_win]
H2338 | bet   1,000원 BANKER | P:K♣ 7♥=7  B:K♣ J♥ 10♠=0  PLAYER(L)  | -1,000원 → 81,100원  [start]
H2339 | bet   2,000원 PLAYER | P:5♥ 9♠ 4♣=8  B:Q♥ 3♥ 7♣=0  PLAYER(W)  | +2,000원 → 83,100원  [end_win]
H2340 | bet   1,000원 BANKER | P:A♦ 7♦=8  B:9♣ 6♦=5  PLAYER(L)  | -1,000원 → 82,100원  [start]
H2341 | bet   2,000원 PLAYER | P:5♣ 10♠ 2♥=7  B:5♠ A♣=6  PLAYER(W)  | +2,000원 → 84,100원  [end_win]
H2342 | bet   1,000원 BANKER | P:7♥ 10♦=7  B:5♠ 8♥ A♥=4  PLAYER(L)  | -1,000원 → 83,100원  [start]
H2343 | bet   2,000원 PLAYER | P:K♦ 4♦ 6♠=0  B:Q♥ Q♦ 9♦=9  BANKER(L)  | -2,000원 → 81,100원
H2344 | bet   4,000원 PLAYER | P:2♥ A♣ 9♣=2  B:3♠ 8♥ 5♦=6  BANKER(L)  | -4,000원 → 77,100원
H2345 | bet   8,000원 PLAYER | P:3♠ K♦ 4♣=7  B:Q♣ 2♣ 2♦=4  PLAYER(W)  | +8,000원 → 85,100원  [end_win]
H2346 | bet   1,000원 BANKER | P:2♦ A♣ 8♣=1  B:9♥ 4♥=3  BANKER(W)  | +950원 → 86,050원
H2347 | bet   1,000원 BANKER | P:3♦ 8♥ 4♣=5  B:5♦ 6♦ 6♣=7  BANKER(W)  | +950원 → 87,000원
H2348 | bet   1,000원 BANKER | P:3♦ 6♠=9  B:10♦ J♣=0  PLAYER(L)  | -1,000원 → 86,000원  [start]
H2349 | bet   2,000원 PLAYER | P:5♦ 10♣ 10♥=5  B:5♠ 5♦ 6♠=6  BANKER(L)  | -2,000원 → 84,000원
H2350 | bet   4,000원 PLAYER | P:K♣ 5♥ 2♠=7  B:6♦ 7♠ 9♠=2  PLAYER(W)  | +4,000원 → 88,000원  [end_win]
H2351 | bet   1,000원 BANKER | P:A♦ 4♣ 6♠=1  B:8♣ 3♣ 9♣=0  PLAYER(L)  | -1,000원 → 87,000원  [start]
H2352 | bet   2,000원 PLAYER | P:J♠ 4♦ J♦=4  B:5♥ J♦=5  BANKER(L)  | -2,000원 → 85,000원
H2353 | bet   4,000원 PLAYER | P:J♠ J♦ 10♠=0  B:6♦ Q♥=6  BANKER(L)  | -4,000원 → 81,000원
H2354 | bet   8,000원 PLAYER | P:4♠ 6♣ 7♦=7  B:9♥ A♥ 3♥=3  PLAYER(W)  | +8,000원 → 89,000원  [end_win]
H2355 | bet   1,000원 BANKER | P:5♥ 8♦ Q♣=3  B:7♠ 8♥=5  BANKER(W)  | +950원 → 89,950원
H2356 | bet   1,000원 BANKER | P:8♣ 3♣ 10♣=1  B:6♦ J♣=6  BANKER(W)  | +950원 → 90,900원
H2357 | bet   1,000원 BANKER | P:K♣ 2♣ K♠=2  B:10♥ K♦ 5♠=5  BANKER(W)  | +950원 → 91,850원
H2358 | bet   1,000원 BANKER | P:K♠ 7♦=7  B:J♣ 4♣ Q♥=4  PLAYER(L)  | -1,000원 → 90,850원  [start]
H2359 | bet   2,000원 PLAYER | P:6♥ 9♦ 3♦=8  B:10♥ 7♥=7  PLAYER(W)  | +2,000원 → 92,850원  [end_win]
H2360 | bet   1,000원 BANKER | P:8♦ 5♠ 9♠=2  B:7♠ 9♠=6  BANKER(W)  | +950원 → 93,800원
H2361 | bet   1,000원 BANKER | P:Q♥ 3♦ 2♦=5  B:4♥ A♦=5  TIE(T)  |     0원 → 93,800원
H2362 | bet   1,000원 BANKER | P:A♣ 8♦=9  B:8♠ A♥=9  TIE(T)  |     0원 → 93,800원
H2363 | bet   1,000원 BANKER | P:5♥ 9♣ 3♦=7  B:A♦ Q♠ 9♥=0  PLAYER(L)  | -1,000원 → 92,800원  [start]
H2364 | bet   2,000원 PLAYER | P:4♥ K♦ K♠=4  B:6♠ A♠=7  BANKER(L)  | -2,000원 → 90,800원
H2365 | bet   4,000원 PLAYER | P:3♣ 8♠ 8♣=9  B:6♣ A♣=7  PLAYER(W)  | +4,000원 → 94,800원  [end_win]
H2366 | bet   1,000원 BANKER | P:K♣ A♦=1  B:9♦ 10♣=9  BANKER(W)  | +950원 → 95,750원
H2367 | bet   1,000원 BANKER | P:6♣ 10♥=6  B:Q♣ A♠ 3♠=4  PLAYER(L)  | -1,000원 → 94,750원  [start]
H2368 | bet   2,000원 PLAYER | P:3♦ 3♥=6  B:10♦ 4♥ 3♠=7  BANKER(L)  | -2,000원 → 92,750원
H2369 | bet   4,000원 PLAYER | P:A♣ A♥ A♥=3  B:A♥ 4♦=5  BANKER(L)  | -4,000원 → 88,750원
H2370 | bet   8,000원 PLAYER | P:K♦ K♥ K♣=0  B:8♥ 7♣=5  BANKER(L)  | -8,000원 → 80,750원
H2371 | bet  16,000원 PLAYER | P:3♣ J♣ 9♠=2  B:Q♦ 7♦=7  BANKER(L)  | -16,000원 → 64,750원  [end_giveup]
H2372 | bet   1,000원 BANKER | P:9♥ 10♦=9  B:Q♠ 7♠=7  PLAYER(L)  | -1,000원 → 63,750원  [start]
H2373 | bet   2,000원 PLAYER | P:4♣ 8♥ 8♣=0  B:2♠ 3♥=5  BANKER(L)  | -2,000원 → 61,750원
H2374 | bet   4,000원 PLAYER | P:3♣ A♥=4  B:4♦ 5♦=9  BANKER(L)  | -4,000원 → 57,750원
H2375 | bet   8,000원 PLAYER | P:5♥ 2♦=7  B:6♠ 6♥ 9♦=1  PLAYER(W)  | +8,000원 → 65,750원  [end_win]
H2376 | bet   1,000원 BANKER | P:A♠ 7♦=8  B:10♠ K♥=0  PLAYER(L)  | -1,000원 → 64,750원  [start]
H2377 | bet   2,000원 PLAYER | P:4♦ K♦ 3♠=7  B:10♠ 4♥ A♣=5  PLAYER(W)  | +2,000원 → 66,750원  [end_win]
H2378 | bet   1,000원 BANKER | P:2♥ 9♣ Q♣=1  B:8♦ 7♦=5  BANKER(W)  | +950원 → 67,700원
H2379 | bet   1,000원 BANKER | P:4♦ 3♣=7  B:5♥ K♠ 7♠=2  PLAYER(L)  | -1,000원 → 66,700원  [start]
H2380 | bet   2,000원 PLAYER | P:10♦ 6♥=6  B:8♣ 2♣ 10♠=0  PLAYER(W)  | +2,000원 → 68,700원  [end_win]
H2381 | bet   1,000원 BANKER | P:5♥ 4♠=9  B:3♥ K♣=3  PLAYER(L)  | -1,000원 → 67,700원  [start]
H2382 | bet   2,000원 PLAYER | P:K♣ A♣ Q♦=1  B:K♥ 3♠ K♥=3  BANKER(L)  | -2,000원 → 65,700원
H2383 | bet   4,000원 PLAYER | P:10♣ J♣ 5♦=5  B:7♠ 4♣ Q♦=1  PLAYER(W)  | +4,000원 → 69,700원  [end_win]
H2384 | bet   1,000원 BANKER | P:4♦ J♣ A♣=5  B:5♠ 8♥ A♥=4  PLAYER(L)  | -1,000원 → 68,700원  [start]
H2385 | bet   2,000원 PLAYER | P:K♠ 5♦=5  B:3♥ 6♠=9  BANKER(L)  | -2,000원 → 66,700원
H2386 | bet   4,000원 PLAYER | P:A♣ J♦ Q♥=1  B:K♦ 4♠=4  BANKER(L)  | -4,000원 → 62,700원
H2387 | bet   8,000원 PLAYER | P:8♦ 2♠ J♥=0  B:Q♠ 4♠=4  BANKER(L)  | -8,000원 → 54,700원
H2388 | bet  16,000원 PLAYER | P:8♦ 7♦ 4♥=9  B:10♣ 3♠ 2♠=5  PLAYER(W)  | +16,000원 → 70,700원  [end_win]
H2389 | bet   1,000원 BANKER | P:J♦ J♦ 7♥=7  B:3♣ 4♣=7  TIE(T)  |     0원 → 70,700원
H2390 | bet   1,000원 BANKER | P:5♠ 6♦ 2♥=3  B:5♣ 2♣=7  BANKER(W)  | +950원 → 71,650원
H2391 | bet   1,000원 BANKER | P:7♣ J♥=7  B:2♥ 4♣=6  PLAYER(L)  | -1,000원 → 70,650원  [start]
H2392 | bet   2,000원 PLAYER | P:2♥ 9♠ 5♠=6  B:5♣ Q♠ J♥=5  PLAYER(W)  | +2,000원 → 72,650원  [end_win]
H2393 | bet   1,000원 BANKER | P:A♣ 9♥ 6♦=6  B:J♣ 10♣ 10♣=0  PLAYER(L)  | -1,000원 → 71,650원  [start]
H2394 | bet   2,000원 PLAYER | P:Q♠ 8♠=8  B:Q♦ 6♥=6  PLAYER(W)  | +2,000원 → 73,650원  [end_win]
H2395 | bet   1,000원 BANKER | P:8♥ 5♥ Q♠=3  B:8♠ 7♠=5  BANKER(W)  | +950원 → 74,600원
H2396 | bet   1,000원 BANKER | P:J♣ 6♥=6  B:6♣ Q♠=6  TIE(T)  |     0원 → 74,600원
H2397 | bet   1,000원 BANKER | P:K♣ Q♣ 9♦=9  B:5♥ 7♣ J♠=2  PLAYER(L)  | -1,000원 → 73,600원  [start]
H2398 | bet   2,000원 PLAYER | P:9♠ 6♣=5  B:8♥ Q♠=8  BANKER(L)  | -2,000원 → 71,600원
H2399 | bet   4,000원 PLAYER | P:4♣ 3♦=7  B:9♣ 10♣=9  BANKER(L)  | -4,000원 → 67,600원
H2400 | bet   8,000원 PLAYER | P:2♣ 3♣ 10♦=5  B:A♥ 5♠=6  BANKER(L)  | -8,000원 → 59,600원
H2401 | bet  16,000원 PLAYER | P:4♥ 7♥ J♦=1  B:6♦ 5♠ 10♦=1  TIE(T)  |     0원 → 59,600원
H2402 | bet  16,000원 PLAYER | P:J♥ 3♦ 3♦=6  B:3♦ 3♣=6  TIE(T)  |     0원 → 59,600원
H2403 | bet  16,000원 PLAYER | P:3♦ 9♦=2  B:A♦ 8♦=9  BANKER(L)  | -16,000원 → 43,600원  [end_giveup]

Result: RUIN (capital_depleted)
Final: 43,600원  Hands: 2403  Bets: 2170  Wagered: 5,426,000원  Max losing streak: 11
