=== Session 47 ===
Seed: 2551770246706798576
Initial: 100,000원  Target: 500,000원  Ruin: 50,000원  Table-max: 100,000원
Strategy: martingale (pivot, steps=4)
Base bet: 1,000원  Primary side: BANKER

H001 | bet   1,000원 BANKER | P:J♦ 4♣ 9♠=3  B:4♦ 2♣=6  BANKER(W)  | +950원 → 100,950원
H002 | bet   1,000원 BANKER | P:4♠ 10♦=4  B:10♣ 8♠=8  BANKER(W)  | +950원 → 101,900원
H003 | bet   1,000원 BANKER | P:7♠ Q♣=7  B:7♣ 5♣ J♣=2  PLAYER(L)  | -1,000원 → 100,900원  [start]
H004 | bet   2,000원 PLAYER | P:6♦ 5♠ 6♥=7  B:J♥ 2♥ A♦=3  PLAYER(W)  | +2,000원 → 102,900원  [end_win]
H005 | bet   1,000원 BANKER | P:6♥ K♥=6  B:4♥ Q♦ J♦=4  PLAYER(L)  | -1,000원 → 101,900원  [start]
H006 | bet   2,000원 PLAYER | P:2♠ 8♠ 6♥=6  B:5♦ 9♦ 9♥=3  PLAYER(W)  | +2,000원 → 103,900원  [end_win]
H007 | bet   1,000원 BANKER | P:K♦ 10♣ 5♦=5  B:10♥ J♠ K♦=0  PLAYER(L)  | -1,000원 → 102,900원  [start]
H008 | bet   2,000원 PLAYER | P:Q♥ 6♥=6  B:Q♥ 6♠=6  TIE(T)  |     0원 → 102,900원
H009 | bet   2,000원 PLAYER | P:5♣ 3♣=8  B:8♦ 4♦=2  PLAYER(W)  | +2,000원 → 104,900원  [end_win]
H010 | bet   1,000원 BANKER | P:5♦ 9♥=4  B:8♦ 10♥=8  BANKER(W)  | +950원 → 105,850원
H011 | bet   1,000원 BANKER | P:10♥ 8♣=8  B:2♦ J♦=2  PLAYER(L)  | -1,000원 → 104,850원  [start]
H012 | bet   2,000원 PLAYER | P:9♣ 10♥=9  B:8♣ 4♦=2  PLAYER(W)  | +2,000원 → 106,850원  [end_win]
H013 | bet   1,000원 BANKER | P:8♠ 2♠ Q♣=0  B:7♦ J♠=7  BANKER(W)  | +950원 → 107,800원
H014 | bet   1,000원 BANKER | P:5♦ 10♠ 4♠=9  B:4♥ 3♦=7  PLAYER(L)  | -1,000원 → 106,800원  [start]
H015 | bet   2,000원 PLAYER | P:5♠ 10♠ 3♠=8  B:7♣ 3♥ 7♠=7  PLAYER(W)  | +2,000원 → 108,800원  [end_win]
H016 | bet   1,000원 BANKER | P:8♥ J♦=8  B:A♥ 9♦=0  PLAYER(L)  | -1,000원 → 107,800원  [start]
H017 | bet   2,000원 PLAYER | P:7♠ 10♠=7  B:A♦ 5♠=6  PLAYER(W)  | +2,000원 → 109,800원  [end_win]
H018 | bet   1,000원 BANKER | P:10♠ A♣ 3♦=4  B:2♣ A♥ 9♣=2  PLAYER(L)  | -1,000원 → 108,800원  [start]
H019 | bet   2,000원 PLAYER | P:9♣ 6♣ 3♣=8  B:5♣ 2♦=7  PLAYER(W)  | +2,000원 → 110,800원  [end_win]
H020 | bet   1,000원 BANKER | P:7♥ J♦=7  B:A♦ 4♣ 4♥=9  BANKER(W)  | +950원 → 111,750원
H021 | bet   1,000원 BANKER | P:6♣ A♣=7  B:A♠ 9♣ 4♥=4  PLAYER(L)  | -1,000원 → 110,750원  [start]
H022 | bet   2,000원 PLAYER | P:K♣ 8♠=8  B:Q♠ 3♠=3  PLAYER(W)  | +2,000원 → 112,750원  [end_win]
H023 | bet   1,000원 BANKER | P:10♣ 5♥ Q♥=5  B:Q♠ K♠ 3♥=3  PLAYER(L)  | -1,000원 → 111,750원  [start]
H024 | bet   2,000원 PLAYER | P:7♣ 8♦=5  B:7♣ 2♥=9  BANKER(L)  | -2,000원 → 109,750원
H025 | bet   4,000원 PLAYER | P:2♣ 7♥=9  B:9♦ K♠=9  TIE(T)  |     0원 → 109,750원
H026 | bet   4,000원 PLAYER | P:9♣ K♥=9  B:3♣ 3♣=6  PLAYER(W)  | +4,000원 → 113,750원  [end_win]
H027 | bet   1,000원 BANKER | P:4♠ 5♠=9  B:7♥ 6♥=3  PLAYER(L)  | -1,000원 → 112,750원  [start]
H028 | bet   2,000원 PLAYER | P:4♠ K♣ 9♠=3  B:7♥ Q♠=7  BANKER(L)  | -2,000원 → 110,750원
H029 | bet   4,000원 PLAYER | P:8♥ A♣=9  B:J♣ 4♣=4  PLAYER(W)  | +4,000원 → 114,750원  [end_win]
H030 | bet   1,000원 BANKER | P:J♥ 9♣=9  B:7♦ K♥=7  PLAYER(L)  | -1,000원 → 113,750원  [start]
H031 | bet   2,000원 PLAYER | P:A♦ 7♥=8  B:10♦ 6♥=6  PLAYER(W)  | +2,000원 → 115,750원  [end_win]
H032 | bet   1,000원 BANKER | P:9♦ 8♣=7  B:Q♦ 9♠=9  BANKER(W)  | +950원 → 116,700원
H033 | bet   1,000원 BANKER | P:9♣ K♦=9  B:K♠ 3♣=3  PLAYER(L)  | -1,000원 → 115,700원  [start]
H034 | bet   2,000원 PLAYER | P:J♠ 8♦=8  B:7♦ A♣=8  TIE(T)  |     0원 → 115,700원
H035 | bet   2,000원 PLAYER | P:K♦ A♠ 10♠=1  B:7♠ K♠=7  BANKER(L)  | -2,000원 → 113,700원
H036 | bet   4,000원 PLAYER | P:J♣ A♠ 5♣=6  B:5♥ J♥ 2♦=7  BANKER(L)  | -4,000원 → 109,700원
H037 | bet   8,000원 PLAYER | P:8♠ K♣=8  B:8♥ 4♠=2  PLAYER(W)  | +8,000원 → 117,700원  [end_win]
H038 | bet   1,000원 BANKER | P:8♦ 10♦=8  B:Q♦ 5♦=5  PLAYER(L)  | -1,000원 → 116,700원  [start]
H039 | bet   2,000원 PLAYER | P:8♥ 2♣ Q♠=0  B:5♣ 9♦=4  BANKER(L)  | -2,000원 → 114,700원
H040 | bet   4,000원 PLAYER | P:A♠ 6♦=7  B:7♠ 10♥=7  TIE(T)  |     0원 → 114,700원
H041 | bet   4,000원 PLAYER | P:3♠ 6♥=9  B:9♦ 3♥=2  PLAYER(W)  | +4,000원 → 118,700원  [end_win]
H042 | bet   1,000원 BANKER | P:8♣ 10♥=8  B:6♣ Q♦=6  PLAYER(L)  | -1,000원 → 117,700원  [start]
H043 | bet   2,000원 PLAYER | P:10♠ 8♠=8  B:6♠ J♣=6  PLAYER(W)  | +2,000원 → 119,700원  [end_win]
H044 | bet   1,000원 BANKER | P:3♣ 7♥ 5♠=5  B:K♣ 6♠=6  BANKER(W)  | +950원 → 120,650원
H045 | bet   1,000원 BANKER | P:Q♥ 7♦=7  B:6♣ 2♦=8  BANKER(W)  | +950원 → 121,600원
H046 | bet   1,000원 BANKER | P:A♠ K♦=1  B:6♣ 2♥=8  BANKER(W)  | +950원 → 122,550원
H047 | bet   1,000원 BANKER | P:9♠ 9♥=8  B:2♣ 6♠=8  TIE(T)  |     0원 → 122,550원
H048 | bet   1,000원 BANKER | P:J♣ 9♥=9  B:8♥ K♠=8  PLAYER(L)  | -1,000원 → 121,550원  [start]
H049 | bet   2,000원 PLAYER | P:Q♠ 7♠=7  B:4♥ K♦ 6♦=0  PLAYER(W)  | +2,000원 → 123,550원  [end_win]
H050 | bet   1,000원 BANKER | P:9♥ 3♦ 9♦=1  B:K♠ Q♣ 5♣=5  BANKER(W)  | +950원 → 124,500원
H051 | bet   1,000원 BANKER | P:J♥ Q♦=0  B:9♥ 10♥=9  BANKER(W)  | +950원 → 125,450원
H052 | bet   1,000원 BANKER | P:8♣ 4♣ 3♥=5  B:6♠ 10♦=6  BANKER(W)  | +950원 → 126,400원
H053 | bet   1,000원 BANKER | P:3♦ Q♦ 6♦=9  B:8♥ 3♠ 7♣=8  PLAYER(L)  | -1,000원 → 125,400원  [start]
H054 | bet   2,000원 PLAYER | P:3♣ 5♠=8  B:K♥ 4♣=4  PLAYER(W)  | +2,000원 → 127,400원  [end_win]
H055 | bet   1,000원 BANKER | P:Q♠ 3♦ 9♠=2  B:K♣ J♦ A♥=1  PLAYER(L)  | -1,000원 → 126,400원  [start]
H056 | bet   2,000원 PLAYER | P:7♥ J♦=7  B:3♥ 8♦ J♣=1  PLAYER(W)  | +2,000원 → 128,400원  [end_win]
H057 | bet   1,000원 BANKER | P:2♣ 7♠=9  B:5♥ 3♥=8  PLAYER(L)  | -1,000원 → 127,400원  [start]
H058 | bet   2,000원 PLAYER | P:Q♦ 5♣=5  B:5♣ 4♥=9  BANKER(L)  | -2,000원 → 125,400원
H059 | bet   4,000원 PLAYER | P:Q♥ 2♥ A♦=3  B:Q♣ 7♠=7  BANKER(L)  | -4,000원 → 121,400원
H060 | bet   8,000원 PLAYER | P:A♦ 4♣ 10♠=5  B:4♦ 3♠=7  BANKER(L)  | -8,000원 → 113,400원
H061 | bet  16,000원 PLAYER | P:7♦ 7♥ A♥=5  B:A♠ 9♥ J♥=0  PLAYER(W)  | +16,000원 → 129,400원  [end_win]
H062 | bet   1,000원 BANKER | P:2♥ 6♣=8  B:Q♣ 3♠=3  PLAYER(L)  | -1,000원 → 128,400원  [start]
H063 | bet   2,000원 PLAYER | P:2♠ 10♣ 2♠=4  B:J♥ Q♠ 6♦=6  BANKER(L)  | -2,000원 → 126,400원
H064 | bet   4,000원 PLAYER | P:4♣ 9♣ 9♠=2  B:A♥ 10♦ J♠=1  PLAYER(W)  | +4,000원 → 130,400원  [end_win]
H065 | bet   1,000원 BANKER | P:5♥ Q♣ 6♦=1  B:A♦ K♠ 2♥=3  BANKER(W)  | +950원 → 131,350원
H066 | bet   1,000원 BANKER | P:8♦ J♠=8  B:7♦ K♣=7  PLAYER(L)  | -1,000원 → 130,350원  [start]
H067 | bet   2,000원 PLAYER | P:5♥ 2♣=7  B:2♠ 3♥ 8♠=3  PLAYER(W)  | +2,000원 → 132,350원  [end_win]
H068 | bet   1,000원 BANKER | P:J♠ 5♠=5  B:J♦ 8♣=8  BANKER(W)  | +950원 → 133,300원
H069 | bet   1,000원 BANKER | P:3♠ 6♠=9  B:A♣ 2♠=3  PLAYER(L)  | -1,000원 → 132,300원  [start]
H070 | bet   2,000원 PLAYER | P:4♦ 10♦ A♠=5  B:K♣ 2♥ 10♥=2  PLAYER(W)  | +2,000원 → 134,300원  [end_win]
H071 | bet   1,000원 BANKER | P:Q♥ 8♣=8  B:Q♥ 9♦=9  BANKER(W)  | +950원 → 135,250원
H072 | bet   1,000원 BANKER | P:Q♥ A♦=1  B:6♣ 3♣=9  BANKER(W)  | +950원 → 136,200원
H073 | bet   1,000원 BANKER | P:J♥ 2♣=2  B:10♦ 9♠=9  BANKER(W)  | +950원 → 137,150원
H074 | bet   1,000원 BANKER | P:4♦ 5♦=9  B:8♦ 6♠=4  PLAYER(L)  | -1,000원 → 136,150원  [start]
H075 | bet   2,000원 PLAYER | P:4♥ 6♥ 7♣=7  B:6♦ 4♦ A♣=1  PLAYER(W)  | +2,000원 → 138,150원  [end_win]
H076 | bet   1,000원 BANKER | P:2♠ K♣ 5♦=7  B:K♦ A♣ A♣=2  PLAYER(L)  | -1,000원 → 137,150원  [start]
H077 | bet   2,000원 PLAYER | P:9♠ 2♦ 2♦=3  B:K♥ J♠ A♥=1  PLAYER(W)  | +2,000원 → 139,150원  [end_win]
H078 | bet   1,000원 BANKER | P:3♥ 5♥=8  B:K♥ 10♠=0  PLAYER(L)  | -1,000원 → 138,150원  [start]
H079 | bet   2,000원 PLAYER | P:5♥ J♥ K♦=5  B:2♠ 8♥ 2♦=2  PLAYER(W)  | +2,000원 → 140,150원  [end_win]
H080 | bet   1,000원 BANKER | P:7♦ 10♦=7  B:4♦ 3♦=7  TIE(T)  |     0원 → 140,150원
H081 | bet   1,000원 BANKER | P:10♣ 5♠ 6♠=1  B:8♠ 5♦ 8♣=1  TIE(T)  |     0원 → 140,150원
H082 | bet   1,000원 BANKER | P:K♥ Q♣=0  B:3♦ 6♦=9  BANKER(W)  | +950원 → 141,100원
H083 | bet   1,000원 BANKER | P:Q♣ 3♦ 10♣=3  B:5♥ 10♣=5  BANKER(W)  | +950원 → 142,050원
H084 | bet   1,000원 BANKER | P:K♠ 4♠=4  B:7♣ A♥=8  BANKER(W)  | +950원 → 143,000원
H085 | bet   1,000원 BANKER | P:J♠ J♣ 4♠=4  B:4♣ 7♦ 4♥=5  BANKER(W)  | +950원 → 143,950원
H086 | bet   1,000원 BANKER | P:2♦ 2♥ 6♣=0  B:8♥ 4♠ K♥=2  BANKER(W)  | +950원 → 144,900원
H087 | bet   1,000원 BANKER | P:4♦ 8♦ 5♦=7  B:7♥ 3♠ 9♦=9  BANKER(W)  | +950원 → 145,850원
H088 | bet   1,000원 BANKER | P:J♣ 10♠ 7♥=7  B:9♣ A♣ Q♦=0  PLAYER(L)  | -1,000원 → 144,850원  [start]
H089 | bet   2,000원 PLAYER | P:5♥ 6♥ Q♥=1  B:8♥ 9♦=7  BANKER(L)  | -2,000원 → 142,850원
H090 | bet   4,000원 PLAYER | P:10♣ 5♠ 10♥=5  B:10♦ 4♦=4  PLAYER(W)  | +4,000원 → 146,850원  [end_win]
H091 | bet   1,000원 BANKER | P:10♦ 8♣=8  B:A♥ 6♠=7  PLAYER(L)  | -1,000원 → 145,850원  [start]
H092 | bet   2,000원 PLAYER | P:5♣ 9♣ 2♠=6  B:4♦ 9♠ 8♥=1  PLAYER(W)  | +2,000원 → 147,850원  [end_win]
H093 | bet   1,000원 BANKER | P:K♦ J♦ K♣=0  B:7♥ J♣=7  BANKER(W)  | +950원 → 148,800원
H094 | bet   1,000원 BANKER | P:10♣ K♦ 2♠=2  B:9♣ 2♦ 4♠=5  BANKER(W)  | +950원 → 149,750원
H095 | bet   1,000원 BANKER | P:2♥ 3♠ A♥=6  B:2♣ 2♠=4  PLAYER(L)  | -1,000원 → 148,750원  [start]
H096 | bet   2,000원 PLAYER | P:3♥ Q♣ J♦=3  B:3♣ 9♥ A♥=3  TIE(T)  |     0원 → 148,750원
H097 | bet   2,000원 PLAYER | P:A♠ 5♠=6  B:2♣ 7♣=9  BANKER(L)  | -2,000원 → 146,750원
H098 | bet   4,000원 PLAYER | P:2♠ J♥ 10♠=2  B:K♣ A♣ 9♠=0  PLAYER(W)  | +4,000원 → 150,750원  [end_win]
H099 | bet   1,000원 BANKER | P:2♥ A♠ J♥=3  B:8♥ 4♦ 3♠=5  BANKER(W)  | +950원 → 151,700원
H100 | bet   1,000원 BANKER | P:8♠ J♥=8  B:A♠ 3♥=4  PLAYER(L)  | -1,000원 → 150,700원  [start]
H101 | bet   2,000원 PLAYER | P:2♣ K♥ 5♦=7  B:A♥ Q♦ J♠=1  PLAYER(W)  | +2,000원 → 152,700원  [end_win]
H102 | bet   1,000원 BANKER | P:6♦ 7♣ Q♥=3  B:4♦ 9♠ 8♣=1  PLAYER(L)  | -1,000원 → 151,700원  [start]
H103 | bet   2,000원 PLAYER | P:8♥ 8♦=6  B:3♦ 3♣=6  TIE(T)  |     0원 → 151,700원
H104 | bet   2,000원 PLAYER | P:7♥ 8♠ Q♠=5  B:8♠ 3♦ 6♥=7  BANKER(L)  | -2,000원 → 149,700원
H105 | bet   4,000원 PLAYER | P:3♦ Q♣ K♣=3  B:Q♣ 7♣=7  BANKER(L)  | -4,000원 → 145,700원
H106 | bet   8,000원 PLAYER | P:2♥ 4♣=6  B:A♥ 2♣ 6♣=9  BANKER(L)  | -8,000원 → 137,700원
H107 | bet  16,000원 PLAYER | P:7♠ 7♣ 3♣=7  B:6♦ J♠=6  PLAYER(W)  | +16,000원 → 153,700원  [end_win]
H108 | bet   1,000원 BANKER | P:4♥ 2♦=6  B:10♦ Q♣ 2♠=2  PLAYER(L)  | -1,000원 → 152,700원  [start]
H109 | bet   2,000원 PLAYER | P:7♠ 3♥ 3♠=3  B:4♣ Q♠ 3♦=7  BANKER(L)  | -2,000원 → 150,700원
H110 | bet   4,000원 PLAYER | P:9♦ A♣ 3♦=3  B:3♥ 4♣=7  BANKER(L)  | -4,000원 → 146,700원
H111 | bet   8,000원 PLAYER | P:7♦ 2♠=9  B:6♦ 7♣=3  PLAYER(W)  | +8,000원 → 154,700원  [end_win]
H112 | bet   1,000원 BANKER | P:6♥ A♣=7  B:6♠ 6♠ 4♠=6  PLAYER(L)  | -1,000원 → 153,700원  [start]
H113 | bet   2,000원 PLAYER | P:2♣ Q♣ 8♦=0  B:5♥ 2♠=7  BANKER(L)  | -2,000원 → 151,700원
H114 | bet   4,000원 PLAYER | P:9♦ 6♣ 3♦=8  B:Q♦ 4♠ K♥=4  PLAYER(W)  | +4,000원 → 155,700원  [end_win]
H115 | bet   1,000원 BANKER | P:6♥ 6♥ 2♣=4  B:10♥ 7♠=7  BANKER(W)  | +950원 → 156,650원
H116 | bet   1,000원 BANKER | P:6♦ 9♥ 10♠=5  B:8♣ 9♥=7  BANKER(W)  | +950원 → 157,600원
H117 | bet   1,000원 BANKER | P:K♦ K♣ K♥=0  B:8♥ 8♦=6  BANKER(W)  | +950원 → 158,550원
H118 | bet   1,000원 BANKER | P:J♠ A♦ K♦=1  B:Q♦ 7♠=7  BANKER(W)  | +950원 → 159,500원
H119 | bet   1,000원 BANKER | P:7♦ 7♥ 4♥=8  B:J♠ A♠ 5♦=6  PLAYER(L)  | -1,000원 → 158,500원  [start]
H120 | bet   2,000원 PLAYER | P:J♣ 9♣=9  B:9♣ 2♦=1  PLAYER(W)  | +2,000원 → 160,500원  [end_win]
H121 | bet   1,000원 BANKER | P:Q♠ 8♣=8  B:A♠ 6♠=7  PLAYER(L)  | -1,000원 → 159,500원  [start]
H122 | bet   2,000원 PLAYER | P:6♣ 10♦=6  B:10♣ 8♣=8  BANKER(L)  | -2,000원 → 157,500원
H123 | bet   4,000원 PLAYER | P:K♠ 7♣=7  B:Q♠ 8♠=8  BANKER(L)  | -4,000원 → 153,500원
H124 | bet   8,000원 PLAYER | P:J♣ K♠=0  B:2♣ 7♦=9  BANKER(L)  | -8,000원 → 145,500원
H125 | bet  16,000원 PLAYER | P:8♠ J♣=8  B:9♠ 2♥=1  PLAYER(W)  | +16,000원 → 161,500원  [end_win]
H126 | bet   1,000원 BANKER | P:3♠ 8♥ 8♠=9  B:4♣ 6♣ Q♦=0  PLAYER(L)  | -1,000원 → 160,500원  [start]
H127 | bet   2,000원 PLAYER | P:Q♠ 6♣=6  B:3♠ K♠ Q♥=3  PLAYER(W)  | +2,000원 → 162,500원  [end_win]
H128 | bet   1,000원 BANKER | P:5♦ 7♣ 5♦=7  B:Q♦ 7♦=7  TIE(T)  |     0원 → 162,500원
H129 | bet   1,000원 BANKER | P:5♣ 10♥ 4♥=9  B:4♣ K♣ 5♦=9  TIE(T)  |     0원 → 162,500원
H130 | bet   1,000원 BANKER | P:5♦ 4♣=9  B:K♠ 9♣=9  TIE(T)  |     0원 → 162,500원
H131 | bet   1,000원 BANKER | P:A♠ 7♠=8  B:10♠ K♥=0  PLAYER(L)  | -1,000원 → 161,500원  [start]
H132 | bet   2,000원 PLAYER | P:10♣ 6♠=6  B:A♠ 3♥ K♥=4  PLAYER(W)  | +2,000원 → 163,500원  [end_win]
H133 | bet   1,000원 BANKER | P:K♠ 9♣=9  B:8♣ 9♦=7  PLAYER(L)  | -1,000원 → 162,500원  [start]
H134 | bet   2,000원 PLAYER | P:9♥ 4♥ J♣=3  B:10♣ 5♣=5  BANKER(L)  | -2,000원 → 160,500원
H135 | bet   4,000원 PLAYER | P:10♦ 7♥=7  B:2♦ A♦ A♦=4  PLAYER(W)  | +4,000원 → 164,500원  [end_win]
H136 | bet   1,000원 BANKER | P:4♦ J♦ 5♥=9  B:3♥ 3♠=6  PLAYER(L)  | -1,000원 → 163,500원  [start]
H137 | bet   2,000원 PLAYER | P:Q♦ K♠ A♣=1  B:5♠ 9♠=4  BANKER(L)  | -2,000원 → 161,500원
H138 | bet   4,000원 PLAYER | P:9♠ K♠=9  B:10♥ J♥=0  PLAYER(W)  | +4,000원 → 165,500원  [end_win]
H139 | bet   1,000원 BANKER | P:5♥ 8♦ J♥=3  B:A♥ 5♠=6  BANKER(W)  | +950원 → 166,450원
H140 | bet   1,000원 BANKER | P:K♦ 10♥ 6♥=6  B:4♥ K♥ 4♣=8  BANKER(W)  | +950원 → 167,400원
H141 | bet   1,000원 BANKER | P:2♣ 5♣=7  B:K♠ 2♥ J♦=2  PLAYER(L)  | -1,000원 → 166,400원  [start]
H142 | bet   2,000원 PLAYER | P:10♣ 4♥ K♥=4  B:10♥ 4♠=4  TIE(T)  |     0원 → 166,400원
H143 | bet   2,000원 PLAYER | P:Q♥ 9♥=9  B:3♥ Q♥=3  PLAYER(W)  | +2,000원 → 168,400원  [end_win]
H144 | bet   1,000원 BANKER | P:Q♣ J♦ 10♦=0  B:5♠ 2♦=7  BANKER(W)  | +950원 → 169,350원
H145 | bet   1,000원 BANKER | P:4♥ 6♦ 7♠=7  B:6♦ K♦ Q♥=6  PLAYER(L)  | -1,000원 → 168,350원  [start]
H146 | bet   2,000원 PLAYER | P:8♥ 5♦ J♠=3  B:3♣ 7♥ A♣=1  PLAYER(W)  | +2,000원 → 170,350원  [end_win]
H147 | bet   1,000원 BANKER | P:10♠ Q♣ 4♠=4  B:5♠ 5♥ 9♠=9  BANKER(W)  | +950원 → 171,300원
H148 | bet   1,000원 BANKER | P:9♦ 4♠=3  B:4♦ 5♣=9  BANKER(W)  | +950원 → 172,250원
H149 | bet   1,000원 BANKER | P:10♣ 6♣=6  B:A♦ 10♥ J♥=1  PLAYER(L)  | -1,000원 → 171,250원  [start]
H150 | bet   2,000원 PLAYER | P:9♥ 9♦=8  B:Q♠ J♠=0  PLAYER(W)  | +2,000원 → 173,250원  [end_win]
H151 | bet   1,000원 BANKER | P:A♦ 10♦ 7♦=8  B:Q♦ 6♦ 4♥=0  PLAYER(L)  | -1,000원 → 172,250원  [start]
H152 | bet   2,000원 PLAYER | P:7♥ 10♦=7  B:J♠ 2♦ 8♠=0  PLAYER(W)  | +2,000원 → 174,250원  [end_win]
H153 | bet   1,000원 BANKER | P:K♣ 2♠ K♥=2  B:7♠ 9♥=6  BANKER(W)  | +950원 → 175,200원
H154 | bet   1,000원 BANKER | P:J♦ 6♠=6  B:3♣ 8♦ 3♦=4  PLAYER(L)  | -1,000원 → 174,200원  [start]
H155 | bet   2,000원 PLAYER | P:7♣ 8♥ 2♦=7  B:10♣ A♦ 4♠=5  PLAYER(W)  | +2,000원 → 176,200원  [end_win]
H156 | bet   1,000원 BANKER | P:9♦ 3♥ 6♠=8  B:Q♣ 10♠ K♦=0  PLAYER(L)  | -1,000원 → 175,200원  [start]
H157 | bet   2,000원 PLAYER | P:9♣ 8♦=7  B:5♣ A♠=6  PLAYER(W)  | +2,000원 → 177,200원  [end_win]
H158 | bet   1,000원 BANKER | P:2♥ Q♥ 5♠=7  B:J♦ 10♠ J♣=0  PLAYER(L)  | -1,000원 → 176,200원  [start]
H159 | bet   2,000원 PLAYER | P:4♦ 9♥ K♦=3  B:6♥ J♠=6  BANKER(L)  | -2,000원 → 174,200원
H160 | bet   4,000원 PLAYER | P:7♦ 5♥ 6♥=8  B:Q♠ J♦ 5♣=5  PLAYER(W)  | +4,000원 → 178,200원  [end_win]
H161 | bet   1,000원 BANKER | P:7♦ A♦=8  B:7♠ 8♣=5  PLAYER(L)  | -1,000원 → 177,200원  [start]
H162 | bet   2,000원 PLAYER | P:5♠ 5♥ K♣=0  B:A♣ 6♠=7  BANKER(L)  | -2,000원 → 175,200원
H163 | bet   4,000원 PLAYER | P:3♦ A♣ J♥=4  B:3♠ Q♠ A♦=4  TIE(T)  |     0원 → 175,200원
H164 | bet   4,000원 PLAYER | P:J♣ 6♣=6  B:10♥ Q♥ J♥=0  PLAYER(W)  | +4,000원 → 179,200원  [end_win]
H165 | bet   1,000원 BANKER | P:3♣ 5♣=8  B:8♠ 6♦=4  PLAYER(L)  | -1,000원 → 178,200원  [start]
H166 | bet   2,000원 PLAYER | P:7♦ 8♦ 2♥=7  B:K♣ 4♠ 2♦=6  PLAYER(W)  | +2,000원 → 180,200원  [end_win]
H167 | bet   1,000원 BANKER | P:3♣ Q♣ 2♣=5  B:A♥ 10♣ 4♦=5  TIE(T)  |     0원 → 180,200원
H168 | bet   1,000원 BANKER | P:7♦ 4♥ 9♣=0  B:8♠ 8♦=6  BANKER(W)  | +950원 → 181,150원
H169 | bet   1,000원 BANKER | P:10♥ 4♥=4  B:5♣ 4♥=9  BANKER(W)  | +950원 → 182,100원
H170 | bet   1,000원 BANKER | P:7♠ A♥=8  B:10♥ K♥=0  PLAYER(L)  | -1,000원 → 181,100원  [start]
H171 | bet   2,000원 PLAYER | P:5♠ Q♣ 5♦=0  B:9♥ 5♥ 10♠=4  BANKER(L)  | -2,000원 → 179,100원
H172 | bet   4,000원 PLAYER | P:A♦ 6♥=7  B:K♣ 2♥ 4♠=6  PLAYER(W)  | +4,000원 → 183,100원  [end_win]
H173 | bet   1,000원 BANKER | P:6♦ 8♥ Q♥=4  B:3♠ J♥ Q♦=3  PLAYER(L)  | -1,000원 → 182,100원  [start]
H174 | bet   2,000원 PLAYER | P:K♠ 4♦=4  B:9♥ 9♥=8  BANKER(L)  | -2,000원 → 180,100원
H175 | bet   4,000원 PLAYER | P:K♠ J♣ 6♦=6  B:7♣ 10♥=7  BANKER(L)  | -4,000원 → 176,100원
H176 | bet   8,000원 PLAYER | P:9♣ 2♦ 6♦=7  B:Q♠ 2♥ 5♠=7  TIE(T)  |     0원 → 176,100원
H177 | bet   8,000원 PLAYER | P:K♠ 5♦=5  B:8♥ K♦=8  BANKER(L)  | -8,000원 → 168,100원
H178 | bet  16,000원 PLAYER | P:2♠ A♠ 4♦=7  B:3♣ 8♦ 6♣=7  TIE(T)  |     0원 → 168,100원
H179 | bet  16,000원 PLAYER | P:4♠ 10♣ 6♠=0  B:K♦ A♦ 7♣=8  BANKER(L)  | -16,000원 → 152,100원  [end_giveup]
H180 | bet   1,000원 BANKER | P:3♣ 4♠=7  B:3♠ 4♥=7  TIE(T)  |     0원 → 152,100원
H181 | bet   1,000원 BANKER | P:2♦ 8♣=0  B:8♣ K♠=8  BANKER(W)  | +950원 → 153,050원
H182 | bet   1,000원 BANKER | P:7♠ Q♥=7  B:10♣ Q♥ 4♣=4  PLAYER(L)  | -1,000원 → 152,050원  [start]
H183 | bet   2,000원 PLAYER | P:6♠ 6♥ 5♣=7  B:9♠ 6♦ 7♦=2  PLAYER(W)  | +2,000원 → 154,050원  [end_win]
H184 | bet   1,000원 BANKER | P:2♣ 5♦=7  B:5♥ 8♠ J♦=3  PLAYER(L)  | -1,000원 → 153,050원  [start]
H185 | bet   2,000원 PLAYER | P:7♦ 3♦=0  B:K♥ 9♠=9  BANKER(L)  | -2,000원 → 151,050원
H186 | bet   4,000원 PLAYER | P:3♥ 7♣ 2♦=2  B:8♦ 6♣ 10♣=4  BANKER(L)  | -4,000원 → 147,050원
H187 | bet   8,000원 PLAYER | P:6♠ 10♥=6  B:4♠ 8♥ 9♥=1  PLAYER(W)  | +8,000원 → 155,050원  [end_win]
H188 | bet   1,000원 BANKER | P:8♣ A♦=9  B:3♣ 5♥=8  PLAYER(L)  | -1,000원 → 154,050원  [start]
H189 | bet   2,000원 PLAYER | P:J♣ 2♥ Q♠=2  B:Q♠ 6♣=6  BANKER(L)  | -2,000원 → 152,050원
H190 | bet   4,000원 PLAYER | P:5♣ 2♦=7  B:3♦ 2♣ 6♥=1  PLAYER(W)  | +4,000원 → 156,050원  [end_win]
H191 | bet   1,000원 BANKER | P:4♦ 2♠=6  B:A♣ 10♦ 9♦=0  PLAYER(L)  | -1,000원 → 155,050원  [start]
H192 | bet   2,000원 PLAYER | P:5♥ Q♦ 5♣=0  B:J♦ 6♠=6  BANKER(L)  | -2,000원 → 153,050원
H193 | bet   4,000원 PLAYER | P:10♠ 3♥=3  B:6♥ 3♦=9  BANKER(L)  | -4,000원 → 149,050원
H194 | bet   8,000원 PLAYER | P:10♦ A♠ 4♥=5  B:A♦ 6♦=7  BANKER(L)  | -8,000원 → 141,050원
H195 | bet  16,000원 PLAYER | P:7♣ 6♠ 9♠=2  B:4♣ 6♥ 9♦=9  BANKER(L)  | -16,000원 → 125,050원  [end_giveup]
H196 | bet   1,000원 BANKER | P:4♠ A♦=5  B:3♥ 6♣=9  BANKER(W)  | +950원 → 126,000원
H197 | bet   1,000원 BANKER | P:A♦ 2♣ A♥=4  B:4♥ 6♣ J♣=0  PLAYER(L)  | -1,000원 → 125,000원  [start]
H198 | bet   2,000원 PLAYER | P:J♥ J♣ 4♠=4  B:6♥ 8♠ 9♠=3  PLAYER(W)  | +2,000원 → 127,000원  [end_win]
H199 | bet   1,000원 BANKER | P:Q♥ 7♣=7  B:2♦ 6♥=8  BANKER(W)  | +950원 → 127,950원
H200 | bet   1,000원 BANKER | P:A♣ J♠=1  B:2♦ 6♦=8  BANKER(W)  | +950원 → 128,900원
H201 | bet   1,000원 BANKER | P:Q♦ 5♠ 8♣=3  B:10♥ K♣ J♠=0  PLAYER(L)  | -1,000원 → 127,900원  [start]
H202 | bet   2,000원 PLAYER | P:A♥ 10♣=1  B:2♥ 7♦=9  BANKER(L)  | -2,000원 → 125,900원
H203 | bet   4,000원 PLAYER | P:10♦ 2♦ 10♠=2  B:5♣ 6♥ 7♣=8  BANKER(L)  | -4,000원 → 121,900원
H204 | bet   8,000원 PLAYER | P:K♥ J♠ J♣=0  B:7♠ J♦=7  BANKER(L)  | -8,000원 → 113,900원
H205 | bet  16,000원 PLAYER | P:J♦ 2♥ Q♥=2  B:8♠ 8♠=6  BANKER(L)  | -16,000원 → 97,900원  [end_giveup]
H206 | bet   1,000원 BANKER | P:4♥ 7♦ 4♦=5  B:10♦ 5♠ 5♣=0  PLAYER(L)  | -1,000원 → 96,900원  [start]
H207 | bet   2,000원 PLAYER | P:4♦ 3♥=7  B:3♠ 9♦ 4♣=6  PLAYER(W)  | +2,000원 → 98,900원  [end_win]
H208 | bet   1,000원 BANKER | P:9♣ 6♣ Q♠=5  B:8♣ 2♦ Q♥=0  PLAYER(L)  | -1,000원 → 97,900원  [start]
H209 | bet   2,000원 PLAYER | P:A♠ 9♥=0  B:A♣ 8♦=9  BANKER(L)  | -2,000원 → 95,900원
H210 | bet   4,000원 PLAYER | P:6♣ J♥=6  B:K♥ K♣ 10♥=0  PLAYER(W)  | +4,000원 → 99,900원  [end_win]
H211 | bet   1,000원 BANKER | P:4♠ K♣ 9♣=3  B:A♣ J♥ 6♠=7  BANKER(W)  | +950원 → 100,850원
H212 | bet   1,000원 BANKER | P:K♥ 5♣ 3♥=8  B:4♠ J♠ 10♠=4  PLAYER(L)  | -1,000원 → 99,850원  [start]
H213 | bet   2,000원 PLAYER | P:5♦ Q♥ 3♥=8  B:A♠ J♠ 8♦=9  BANKER(L)  | -2,000원 → 97,850원
H214 | bet   4,000원 PLAYER | P:A♥ 2♠ Q♣=3  B:5♦ K♦=5  BANKER(L)  | -4,000원 → 93,850원
H215 | bet   8,000원 PLAYER | P:7♦ Q♣=7  B:4♣ 7♥ 9♦=0  PLAYER(W)  | +8,000원 → 101,850원  [end_win]
H216 | bet   1,000원 BANKER | P:3♦ K♣=3  B:K♦ 9♥=9  BANKER(W)  | +950원 → 102,800원
H217 | bet   1,000원 BANKER | P:7♥ A♣=8  B:9♥ 5♥=4  PLAYER(L)  | -1,000원 → 101,800원  [start]
H218 | bet   2,000원 PLAYER | P:3♠ A♠ K♠=4  B:6♦ Q♣=6  BANKER(L)  | -2,000원 → 99,800원
H219 | bet   4,000원 PLAYER | P:10♠ 9♠=9  B:2♣ 5♦=7  PLAYER(W)  | +4,000원 → 103,800원  [end_win]
H220 | bet   1,000원 BANKER | P:J♠ 7♥=7  B:K♦ A♦ 7♥=8  BANKER(W)  | +950원 → 104,750원
H221 | bet   1,000원 BANKER | P:4♦ 7♣ 5♣=6  B:K♦ 10♣ 3♠=3  PLAYER(L)  | -1,000원 → 103,750원  [start]
H222 | bet   2,000원 PLAYER | P:J♦ 3♠=3  B:8♠ J♦=8  BANKER(L)  | -2,000원 → 101,750원
H223 | bet   4,000원 PLAYER | P:J♥ 8♠=8  B:Q♦ Q♣=0  PLAYER(W)  | +4,000원 → 105,750원  [end_win]
H224 | bet   1,000원 BANKER | P:10♦ 8♦=8  B:4♣ 3♦=7  PLAYER(L)  | -1,000원 → 104,750원  [start]
H225 | bet   2,000원 PLAYER | P:3♦ 10♥ 9♣=2  B:K♣ 10♣ Q♦=0  PLAYER(W)  | +2,000원 → 106,750원  [end_win]
H226 | bet   1,000원 BANKER | P:J♥ Q♣ K♥=0  B:A♥ 9♠ 9♦=9  BANKER(W)  | +950원 → 107,700원
H227 | bet   1,000원 BANKER | P:A♥ 6♣=7  B:J♠ K♠ 3♠=3  PLAYER(L)  | -1,000원 → 106,700원  [start]
H228 | bet   2,000원 PLAYER | P:10♠ 10♦=0  B:K♥ 9♣=9  BANKER(L)  | -2,000원 → 104,700원
H229 | bet   4,000원 PLAYER | P:A♦ 5♥=6  B:8♥ 8♠=6  TIE(T)  |     0원 → 104,700원
H230 | bet   4,000원 PLAYER | P:4♣ 4♣=8  B:8♥ K♥=8  TIE(T)  |     0원 → 104,700원
H231 | bet   4,000원 PLAYER | P:8♣ K♦=8  B:10♠ 4♥=4  PLAYER(W)  | +4,000원 → 108,700원  [end_win]
H232 | bet   1,000원 BANKER | P:5♦ Q♠ J♦=5  B:A♠ 3♠=4  PLAYER(L)  | -1,000원 → 107,700원  [start]
H233 | bet   2,000원 PLAYER | P:K♦ J♠ 5♥=5  B:9♦ 8♦=7  BANKER(L)  | -2,000원 → 105,700원
H234 | bet   4,000원 PLAYER | P:10♥ 7♠=7  B:J♦ Q♥ J♣=0  PLAYER(W)  | +4,000원 → 109,700원  [end_win]
H235 | bet   1,000원 BANKER | P:A♥ 10♣=1  B:Q♦ 9♣=9  BANKER(W)  | +950원 → 110,650원
H236 | bet   1,000원 BANKER | P:7♦ 9♣=6  B:8♥ 7♥ 2♥=7  BANKER(W)  | +950원 → 111,600원
H237 | bet   1,000원 BANKER | P:6♦ 5♠ 8♥=9  B:3♣ K♣=3  PLAYER(L)  | -1,000원 → 110,600원  [start]
H238 | bet   2,000원 PLAYER | P:7♠ 7♦ Q♦=4  B:2♠ 3♦=5  BANKER(L)  | -2,000원 → 108,600원
H239 | bet   4,000원 PLAYER | P:2♠ K♠ 7♥=9  B:2♥ 10♦ A♣=3  PLAYER(W)  | +4,000원 → 112,600원  [end_win]
H240 | bet   1,000원 BANKER | P:3♥ 2♥ 5♠=0  B:9♦ 7♥=6  BANKER(W)  | +950원 → 113,550원
H241 | bet   1,000원 BANKER | P:2♠ 2♣ 9♥=3  B:5♦ 7♠ 10♦=2  PLAYER(L)  | -1,000원 → 112,550원  [start]
H242 | bet   2,000원 PLAYER | P:7♣ 8♣ 4♣=9  B:6♠ 9♠ 7♥=2  PLAYER(W)  | +2,000원 → 114,550원  [end_win]
H243 | bet   1,000원 BANKER | P:8♣ J♥=8  B:2♠ 8♥=0  PLAYER(L)  | -1,000원 → 113,550원  [start]
H244 | bet   2,000원 PLAYER | P:J♣ 7♠=7  B:Q♦ 5♥ J♣=5  PLAYER(W)  | +2,000원 → 115,550원  [end_win]
H245 | bet   1,000원 BANKER | P:2♠ A♠=3  B:10♠ 8♦=8  BANKER(W)  | +950원 → 116,500원
H246 | bet   1,000원 BANKER | P:3♣ 3♣=6  B:9♠ A♣ 5♠=5  PLAYER(L)  | -1,000원 → 115,500원  [start]
H247 | bet   2,000원 PLAYER | P:Q♠ 3♣ 5♠=8  B:A♠ 3♦ J♥=4  PLAYER(W)  | +2,000원 → 117,500원  [end_win]
H248 | bet   1,000원 BANKER | P:3♣ K♦ 2♠=5  B:8♦ 2♣ 7♠=7  BANKER(W)  | +950원 → 118,450원
H249 | bet   1,000원 BANKER | P:K♦ J♣=0  B:A♦ 7♦=8  BANKER(W)  | +950원 → 119,400원
H250 | bet   1,000원 BANKER | P:Q♠ 6♣=6  B:9♣ 6♠ 10♥=5  PLAYER(L)  | -1,000원 → 118,400원  [start]
H251 | bet   2,000원 PLAYER | P:K♦ 8♦=8  B:5♦ 10♠=5  PLAYER(W)  | +2,000원 → 120,400원  [end_win]
H252 | bet   1,000원 BANKER | P:3♦ J♥ 3♥=6  B:3♠ J♦ 6♣=9  BANKER(W)  | +950원 → 121,350원
H253 | bet   1,000원 BANKER | P:6♣ 9♠ 6♠=1  B:10♠ 10♥ 6♦=6  BANKER(W)  | +950원 → 122,300원
H254 | bet   1,000원 BANKER | P:Q♦ 5♣ Q♣=5  B:K♣ 7♦=7  BANKER(W)  | +950원 → 123,250원
H255 | bet   1,000원 BANKER | P:A♣ J♣ 4♠=5  B:9♥ A♠ J♦=0  PLAYER(L)  | -1,000원 → 122,250원  [start]
H256 | bet   2,000원 PLAYER | P:3♦ A♣ 2♥=6  B:Q♦ 3♥ 5♥=8  BANKER(L)  | -2,000원 → 120,250원
H257 | bet   4,000원 PLAYER | P:A♦ 8♠=9  B:A♥ 5♠=6  PLAYER(W)  | +4,000원 → 124,250원  [end_win]
H258 | bet   1,000원 BANKER | P:10♦ Q♣ 9♠=9  B:A♣ 5♠=6  PLAYER(L)  | -1,000원 → 123,250원  [start]
H259 | bet   2,000원 PLAYER | P:5♠ Q♦ Q♣=5  B:5♥ 5♣ 5♣=5  TIE(T)  |     0원 → 123,250원
H260 | bet   2,000원 PLAYER | P:6♦ 9♦ J♥=5  B:4♦ 9♣ 8♥=1  PLAYER(W)  | +2,000원 → 125,250원  [end_win]
H261 | bet   1,000원 BANKER | P:K♥ 3♣ 8♣=1  B:2♦ 8♣ 5♦=5  BANKER(W)  | +950원 → 126,200원
H262 | bet   1,000원 BANKER | P:4♠ K♠ K♣=4  B:A♥ J♥ 9♣=0  PLAYER(L)  | -1,000원 → 125,200원  [start]
H263 | bet   2,000원 PLAYER | P:10♦ A♦ 8♠=9  B:9♥ 8♠=7  PLAYER(W)  | +2,000원 → 127,200원  [end_win]
H264 | bet   1,000원 BANKER | P:9♥ Q♥=9  B:8♥ 6♥=4  PLAYER(L)  | -1,000원 → 126,200원  [start]
H265 | bet   2,000원 PLAYER | P:5♦ J♥ 4♥=9  B:A♠ 2♣ Q♠=3  PLAYER(W)  | +2,000원 → 128,200원  [end_win]
H266 | bet   1,000원 BANKER | P:7♥ 10♠=7  B:J♣ 7♣=7  TIE(T)  |     0원 → 128,200원
H267 | bet   1,000원 BANKER | P:Q♥ Q♣ 5♦=5  B:3♦ 2♣ A♣=6  BANKER(W)  | +950원 → 129,150원
H268 | bet   1,000원 BANKER | P:8♣ 4♥ Q♦=2  B:A♠ 9♣ J♦=0  PLAYER(L)  | -1,000원 → 128,150원  [start]
H269 | bet   2,000원 PLAYER | P:8♦ 4♣ 4♣=6  B:6♣ 5♠ 2♣=3  PLAYER(W)  | +2,000원 → 130,150원  [end_win]
H270 | bet   1,000원 BANKER | P:2♠ Q♠ J♦=2  B:K♦ 7♠=7  BANKER(W)  | +950원 → 131,100원
H271 | bet   1,000원 BANKER | P:5♥ J♦ 6♦=1  B:A♦ J♣ 5♥=6  BANKER(W)  | +950원 → 132,050원
H272 | bet   1,000원 BANKER | P:10♣ K♥ 9♦=9  B:2♠ 4♠=6  PLAYER(L)  | -1,000원 → 131,050원  [start]
H273 | bet   2,000원 PLAYER | P:J♣ J♣ J♦=0  B:K♠ 4♣=4  BANKER(L)  | -2,000원 → 129,050원
H274 | bet   4,000원 PLAYER | P:5♠ 9♥=4  B:2♠ 6♥=8  BANKER(L)  | -4,000원 → 125,050원
H275 | bet   8,000원 PLAYER | P:8♥ Q♣=8  B:7♣ 8♠=5  PLAYER(W)  | +8,000원 → 133,050원  [end_win]
H276 | bet   1,000원 BANKER | P:Q♦ 10♣ 7♠=7  B:K♠ 10♦ A♦=1  PLAYER(L)  | -1,000원 → 132,050원  [start]
H277 | bet   2,000원 PLAYER | P:5♦ A♥=6  B:2♠ 3♥ 6♦=1  PLAYER(W)  | +2,000원 → 134,050원  [end_win]
H278 | bet   1,000원 BANKER | P:Q♦ 8♦=8  B:3♥ 4♣=7  PLAYER(L)  | -1,000원 → 133,050원  [start]
H279 | bet   2,000원 PLAYER | P:4♠ Q♠ K♥=4  B:3♣ 9♥ 10♥=2  PLAYER(W)  | +2,000원 → 135,050원  [end_win]
H280 | bet   1,000원 BANKER | P:4♦ 9♠ A♥=4  B:9♦ 5♥=4  TIE(T)  |     0원 → 135,050원
H281 | bet   1,000원 BANKER | P:2♦ 6♦=8  B:3♥ 9♠=2  PLAYER(L)  | -1,000원 → 134,050원  [start]
H282 | bet   2,000원 PLAYER | P:2♠ 9♦ 5♠=6  B:10♥ K♥ 4♦=4  PLAYER(W)  | +2,000원 → 136,050원  [end_win]
H283 | bet   1,000원 BANKER | P:6♠ K♣=6  B:9♥ 6♣ 2♣=7  BANKER(W)  | +950원 → 137,000원
H284 | bet   1,000원 BANKER | P:5♣ 5♦ 4♦=4  B:8♣ 7♥ J♥=5  BANKER(W)  | +950원 → 137,950원
H285 | bet   1,000원 BANKER | P:K♦ K♣=0  B:Q♥ 9♦=9  BANKER(W)  | +950원 → 138,900원
H286 | bet   1,000원 BANKER | P:5♣ J♠ 3♥=8  B:A♠ 2♥ 9♦=2  PLAYER(L)  | -1,000원 → 137,900원  [start]
H287 | bet   2,000원 PLAYER | P:9♦ K♣=9  B:2♦ Q♦=2  PLAYER(W)  | +2,000원 → 139,900원  [end_win]
H288 | bet   1,000원 BANKER | P:7♣ 3♦ 10♥=0  B:J♠ J♥ 5♠=5  BANKER(W)  | +950원 → 140,850원
H289 | bet   1,000원 BANKER | P:5♣ 7♥=2  B:8♦ 10♣=8  BANKER(W)  | +950원 → 141,800원
H290 | bet   1,000원 BANKER | P:8♠ 7♦ 5♣=0  B:10♦ 7♦=7  BANKER(W)  | +950원 → 142,750원
H291 | bet   1,000원 BANKER | P:3♠ 7♦=0  B:5♦ 3♠=8  BANKER(W)  | +950원 → 143,700원
H292 | bet   1,000원 BANKER | P:J♥ 8♣=8  B:6♣ 6♦=2  PLAYER(L)  | -1,000원 → 142,700원  [start]
H293 | bet   2,000원 PLAYER | P:3♦ K♣=3  B:6♦ 3♥=9  BANKER(L)  | -2,000원 → 140,700원
H294 | bet   4,000원 PLAYER | P:J♦ 3♠ A♠=4  B:10♣ 10♣ 4♥=4  TIE(T)  |     0원 → 140,700원
H295 | bet   4,000원 PLAYER | P:8♦ J♣=8  B:2♦ K♠=2  PLAYER(W)  | +4,000원 → 144,700원  [end_win]
H296 | bet   1,000원 BANKER | P:J♦ K♦ 2♥=2  B:4♠ 2♦=6  BANKER(W)  | +950원 → 145,650원
H297 | bet   1,000원 BANKER | P:7♠ A♣=8  B:J♠ 9♣=9  BANKER(W)  | +950원 → 146,600원
H298 | bet   1,000원 BANKER | P:K♠ 7♠=7  B:10♦ 2♣ J♠=2  PLAYER(L)  | -1,000원 → 145,600원  [start]
H299 | bet   2,000원 PLAYER | P:3♦ 6♠=9  B:3♣ Q♣=3  PLAYER(W)  | +2,000원 → 147,600원  [end_win]
H300 | bet   1,000원 BANKER | P:10♠ Q♥ Q♥=0  B:J♠ Q♠ Q♥=0  TIE(T)  |     0원 → 147,600원
H301 | bet   1,000원 BANKER | P:7♣ 2♠=9  B:K♦ 10♣=0  PLAYER(L)  | -1,000원 → 146,600원  [start]
H302 | bet   2,000원 PLAYER | P:10♦ Q♠=0  B:6♥ 3♣=9  BANKER(L)  | -2,000원 → 144,600원
H303 | bet   4,000원 PLAYER | P:3♠ 6♠=9  B:4♥ 8♣=2  PLAYER(W)  | +4,000원 → 148,600원  [end_win]
H304 | bet   1,000원 BANKER | P:4♣ 7♣ 4♥=5  B:10♣ 5♥ 2♦=7  BANKER(W)  | +950원 → 149,550원
H305 | bet   1,000원 BANKER | P:7♣ 4♦ 9♠=0  B:K♦ Q♣ 2♥=2  BANKER(W)  | +950원 → 150,500원
H306 | bet   1,000원 BANKER | P:10♦ Q♣ 6♥=6  B:4♥ Q♥ A♥=5  PLAYER(L)  | -1,000원 → 149,500원  [start]
H307 | bet   2,000원 PLAYER | P:7♥ 2♠=9  B:5♥ K♣=5  PLAYER(W)  | +2,000원 → 151,500원  [end_win]
H308 | bet   1,000원 BANKER | P:K♥ 2♣=2  B:K♣ 8♣=8  BANKER(W)  | +950원 → 152,450원
H309 | bet   1,000원 BANKER | P:4♥ A♦ 7♣=2  B:9♣ 2♦ 3♥=4  BANKER(W)  | +950원 → 153,400원
H310 | bet   1,000원 BANKER | P:A♣ 9♣ A♥=1  B:4♠ A♥=5  BANKER(W)  | +950원 → 154,350원
H311 | bet   1,000원 BANKER | P:4♦ 9♦ 7♦=0  B:A♠ 5♣ K♠=6  BANKER(W)  | +950원 → 155,300원
H312 | bet   1,000원 BANKER | P:10♥ 8♠=8  B:A♦ 5♥=6  PLAYER(L)  | -1,000원 → 154,300원  [start]
H313 | bet   2,000원 PLAYER | P:J♠ K♥ 4♣=4  B:5♦ 2♣=7  BANKER(L)  | -2,000원 → 152,300원
H314 | bet   4,000원 PLAYER | P:10♠ 10♦ 3♣=3  B:4♦ K♠ J♠=4  BANKER(L)  | -4,000원 → 148,300원
H315 | bet   8,000원 PLAYER | P:8♥ 9♠=7  B:K♠ A♣ 10♠=1  PLAYER(W)  | +8,000원 → 156,300원  [end_win]
H316 | bet   1,000원 BANKER | P:3♠ 6♠=9  B:3♣ 7♥=0  PLAYER(L)  | -1,000원 → 155,300원  [start]
H317 | bet   2,000원 PLAYER | P:3♠ A♣ 8♥=2  B:6♥ 8♦=4  BANKER(L)  | -2,000원 → 153,300원
H318 | bet   4,000원 PLAYER | P:3♣ A♦ 6♦=0  B:2♥ J♠ 8♥=0  TIE(T)  |     0원 → 153,300원
H319 | bet   4,000원 PLAYER | P:5♠ 4♥=9  B:4♦ 7♥=1  PLAYER(W)  | +4,000원 → 157,300원  [end_win]
H320 | bet   1,000원 BANKER | P:6♥ 2♥=8  B:7♠ 10♣=7  PLAYER(L)  | -1,000원 → 156,300원  [start]
H321 | bet   2,000원 PLAYER | P:6♥ 6♠ 3♦=5  B:9♠ 8♣=7  BANKER(L)  | -2,000원 → 154,300원
H322 | bet   4,000원 PLAYER | P:6♠ 6♣ 9♥=1  B:J♥ A♥ 10♠=1  TIE(T)  |     0원 → 154,300원
H323 | bet   4,000원 PLAYER | P:4♣ Q♦ 8♥=2  B:4♠ 6♣ Q♥=0  PLAYER(W)  | +4,000원 → 158,300원  [end_win]
H324 | bet   1,000원 BANKER | P:Q♠ 9♥=9  B:2♥ 8♥=0  PLAYER(L)  | -1,000원 → 157,300원  [start]
H325 | bet   2,000원 PLAYER | P:3♠ 8♠ 7♥=8  B:8♦ 7♥ 7♠=2  PLAYER(W)  | +2,000원 → 159,300원  [end_win]
H326 | bet   1,000원 BANKER | P:4♣ 2♥=6  B:2♦ 10♥ A♠=3  PLAYER(L)  | -1,000원 → 158,300원  [start]
H327 | bet   2,000원 PLAYER | P:10♥ 9♣=9  B:7♦ Q♠=7  PLAYER(W)  | +2,000원 → 160,300원  [end_win]
H328 | bet   1,000원 BANKER | P:5♦ 9♦ K♣=4  B:3♦ 10♦ 3♥=6  BANKER(W)  | +950원 → 161,250원
H329 | bet   1,000원 BANKER | P:6♣ K♦=6  B:10♦ 8♠=8  BANKER(W)  | +950원 → 162,200원
H330 | bet   1,000원 BANKER | P:7♥ 3♣ Q♥=0  B:Q♣ 2♥ 7♦=9  BANKER(W)  | +950원 → 163,150원
H331 | bet   1,000원 BANKER | P:Q♣ 9♥=9  B:4♠ 6♠=0  PLAYER(L)  | -1,000원 → 162,150원  [start]
H332 | bet   2,000원 PLAYER | P:A♥ Q♦ 10♠=1  B:10♥ A♣ Q♦=1  TIE(T)  |     0원 → 162,150원
H333 | bet   2,000원 PLAYER | P:3♣ A♥ K♥=4  B:Q♠ 5♣=5  BANKER(L)  | -2,000원 → 160,150원
H334 | bet   4,000원 PLAYER | P:2♠ 10♦ 8♠=0  B:3♠ 2♠=5  BANKER(L)  | -4,000원 → 156,150원
H335 | bet   8,000원 PLAYER | P:7♥ 7♣ 10♠=4  B:6♠ 9♦=5  BANKER(L)  | -8,000원 → 148,150원
H336 | bet  16,000원 PLAYER | P:2♠ J♦ 4♠=6  B:4♣ K♠ 8♣=2  PLAYER(W)  | +16,000원 → 164,150원  [end_win]
H337 | bet   1,000원 BANKER | P:J♠ 2♠ K♣=2  B:K♣ 4♥=4  BANKER(W)  | +950원 → 165,100원
H338 | bet   1,000원 BANKER | P:J♠ Q♠ 3♦=3  B:9♦ 7♦=6  BANKER(W)  | +950원 → 166,050원
H339 | bet   1,000원 BANKER | P:7♥ 4♣ Q♣=1  B:4♣ 9♠ 2♦=5  BANKER(W)  | +950원 → 167,000원
H340 | bet   1,000원 BANKER | P:7♣ 5♠ 4♦=6  B:9♣ 3♥ 5♥=7  BANKER(W)  | +950원 → 167,950원
H341 | bet   1,000원 BANKER | P:4♦ 4♦=8  B:K♦ 6♥=6  PLAYER(L)  | -1,000원 → 166,950원  [start]
H342 | bet   2,000원 PLAYER | P:5♣ 9♠ Q♠=4  B:3♠ 2♣=5  BANKER(L)  | -2,000원 → 164,950원
H343 | bet   4,000원 PLAYER | P:Q♣ 6♣=6  B:2♥ 4♣=6  TIE(T)  |     0원 → 164,950원
H344 | bet   4,000원 PLAYER | P:9♣ K♣=9  B:8♦ 5♦=3  PLAYER(W)  | +4,000원 → 168,950원  [end_win]
H345 | bet   1,000원 BANKER | P:3♥ A♠ 10♥=4  B:10♠ 5♠=5  BANKER(W)  | +950원 → 169,900원
H346 | bet   1,000원 BANKER | P:4♣ A♦ 5♣=0  B:8♠ 7♦ 6♣=1  BANKER(W)  | +950원 → 170,850원
H347 | bet   1,000원 BANKER | P:2♥ 7♦=9  B:K♣ A♣=1  PLAYER(L)  | -1,000원 → 169,850원  [start]
H348 | bet   2,000원 PLAYER | P:7♣ 8♣ 3♦=8  B:8♣ 4♣ K♥=2  PLAYER(W)  | +2,000원 → 171,850원  [end_win]
H349 | bet   1,000원 BANKER | P:9♥ 3♣ 2♥=4  B:9♥ 3♥ 10♥=2  PLAYER(L)  | -1,000원 → 170,850원  [start]
H350 | bet   2,000원 PLAYER | P:6♠ 9♥=5  B:2♣ 7♠=9  BANKER(L)  | -2,000원 → 168,850원
H351 | bet   4,000원 PLAYER | P:Q♥ 8♥=8  B:4♥ 3♦=7  PLAYER(W)  | +4,000원 → 172,850원  [end_win]
H352 | bet   1,000원 BANKER | P:9♣ A♣ 3♦=3  B:5♥ 5♠ 9♠=9  BANKER(W)  | +950원 → 173,800원
H353 | bet   1,000원 BANKER | P:2♣ Q♥ 8♥=0  B:5♥ 2♣=7  BANKER(W)  | +950원 → 174,750원
H354 | bet   1,000원 BANKER | P:2♦ Q♦ 8♥=0  B:Q♦ 6♥=6  BANKER(W)  | +950원 → 175,700원
H355 | bet   1,000원 BANKER | P:5♦ J♦ 10♣=5  B:5♠ 10♥=5  TIE(T)  |     0원 → 175,700원
H356 | bet   1,000원 BANKER | P:8♠ 5♠=3  B:6♣ 3♣=9  BANKER(W)  | +950원 → 176,650원
H357 | bet   1,000원 BANKER | P:Q♦ 8♠=8  B:8♦ J♦=8  TIE(T)  |     0원 → 176,650원
H358 | bet   1,000원 BANKER | P:7♥ A♠=8  B:7♥ J♣=7  PLAYER(L)  | -1,000원 → 175,650원  [start]
H359 | bet   2,000원 PLAYER | P:10♣ 3♦ 2♥=5  B:6♦ 10♦=6  BANKER(L)  | -2,000원 → 173,650원
H360 | bet   4,000원 PLAYER | P:8♥ 9♣=7  B:Q♠ 4♦ 8♦=2  PLAYER(W)  | +4,000원 → 177,650원  [end_win]
H361 | bet   1,000원 BANKER | P:9♥ 5♥ J♥=4  B:7♥ J♣=7  BANKER(W)  | +950원 → 178,600원
H362 | bet   1,000원 BANKER | P:9♦ K♠=9  B:10♥ J♣=0  PLAYER(L)  | -1,000원 → 177,600원  [start]
H363 | bet   2,000원 PLAYER | P:2♣ 5♠=7  B:K♠ Q♠ J♦=0  PLAYER(W)  | +2,000원 → 179,600원  [end_win]
H364 | bet   1,000원 BANKER | P:A♠ 6♣=7  B:9♠ Q♥=9  BANKER(W)  | +950원 → 180,550원
H365 | bet   1,000원 BANKER | P:2♥ 9♦ 5♠=6  B:2♠ 3♦ 3♥=8  BANKER(W)  | +950원 → 181,500원
H366 | bet   1,000원 BANKER | P:5♦ Q♣ 5♣=0  B:Q♣ A♥ 7♠=8  BANKER(W)  | +950원 → 182,450원
H367 | bet   1,000원 BANKER | P:3♥ Q♥ 6♥=9  B:4♥ 6♣ J♠=0  PLAYER(L)  | -1,000원 → 181,450원  [start]
H368 | bet   2,000원 PLAYER | P:7♥ 8♥ 9♠=4  B:3♦ 4♠=7  BANKER(L)  | -2,000원 → 179,450원
H369 | bet   4,000원 PLAYER | P:4♦ 5♦=9  B:5♣ 10♦=5  PLAYER(W)  | +4,000원 → 183,450원  [end_win]
H370 | bet   1,000원 BANKER | P:2♠ J♠ K♦=2  B:3♥ A♦=4  BANKER(W)  | +950원 → 184,400원
H371 | bet   1,000원 BANKER | P:10♣ 7♦=7  B:K♦ 9♥=9  BANKER(W)  | +950원 → 185,350원
H372 | bet   1,000원 BANKER | P:7♦ 6♠ 6♦=9  B:4♣ 8♦ 6♠=8  PLAYER(L)  | -1,000원 → 184,350원  [start]
H373 | bet   2,000원 PLAYER | P:4♥ A♦ 2♦=7  B:J♥ 7♣=7  TIE(T)  |     0원 → 184,350원
H374 | bet   2,000원 PLAYER | P:8♥ 10♦=8  B:J♠ 6♦=6  PLAYER(W)  | +2,000원 → 186,350원  [end_win]
H375 | bet   1,000원 BANKER | P:6♠ 10♠=6  B:A♦ 7♦=8  BANKER(W)  | +950원 → 187,300원
H376 | bet   1,000원 BANKER | P:K♦ K♥ 4♠=4  B:J♠ 4♦ J♠=4  TIE(T)  |     0원 → 187,300원
H377 | bet   1,000원 BANKER | P:A♥ 9♥=0  B:8♠ 10♠=8  BANKER(W)  | +950원 → 188,250원
H378 | bet   1,000원 BANKER | P:A♣ 2♠ 9♦=2  B:A♦ 6♥=7  BANKER(W)  | +950원 → 189,200원
H379 | bet   1,000원 BANKER | P:K♠ J♥ J♦=0  B:4♥ 8♠ Q♣=2  BANKER(W)  | +950원 → 190,150원
H380 | bet   1,000원 BANKER | P:K♥ 2♦ K♠=2  B:6♥ A♦=7  BANKER(W)  | +950원 → 191,100원
H381 | bet   1,000원 BANKER | P:4♥ 9♠ K♥=3  B:K♣ 10♣ 4♦=4  BANKER(W)  | +950원 → 192,050원
H382 | bet   1,000원 BANKER | P:A♣ K♣ 4♠=5  B:6♦ 9♥ K♦=5  TIE(T)  |     0원 → 192,050원
H383 | bet   1,000원 BANKER | P:J♥ A♠ 8♠=9  B:A♣ 6♠=7  PLAYER(L)  | -1,000원 → 191,050원  [start]
H384 | bet   2,000원 PLAYER | P:2♥ 7♠=9  B:Q♥ 5♥=5  PLAYER(W)  | +2,000원 → 193,050원  [end_win]
H385 | bet   1,000원 BANKER | P:4♠ 6♥=0  B:8♦ Q♦=8  BANKER(W)  | +950원 → 194,000원
H386 | bet   1,000원 BANKER | P:10♠ Q♦ 8♣=8  B:8♥ 8♦=6  PLAYER(L)  | -1,000원 → 193,000원  [start]
H387 | bet   2,000원 PLAYER | P:9♣ 6♥ K♠=5  B:10♥ 2♣ 8♥=0  PLAYER(W)  | +2,000원 → 195,000원  [end_win]
H388 | bet   1,000원 BANKER | P:4♥ A♠ 3♠=8  B:A♦ 5♦=6  PLAYER(L)  | -1,000원 → 194,000원  [start]
H389 | bet   2,000원 PLAYER | P:3♠ Q♠ 10♦=3  B:K♠ J♣ 10♠=0  PLAYER(W)  | +2,000원 → 196,000원  [end_win]
H390 | bet   1,000원 BANKER | P:8♣ A♥=9  B:Q♥ 3♣=3  PLAYER(L)  | -1,000원 → 195,000원  [start]
H391 | bet   2,000원 PLAYER | P:J♥ 4♠ A♥=5  B:5♣ Q♥=5  TIE(T)  |     0원 → 195,000원
H392 | bet   2,000원 PLAYER | P:5♥ 7♠=2  B:6♦ 2♠=8  BANKER(L)  | -2,000원 → 193,000원
H393 | bet   4,000원 PLAYER | P:5♥ 3♠=8  B:J♦ J♥=0  PLAYER(W)  | +4,000원 → 197,000원  [end_win]
H394 | bet   1,000원 BANKER | P:7♣ Q♠=7  B:6♦ 8♦ 3♠=7  TIE(T)  |     0원 → 197,000원
H395 | bet   1,000원 BANKER | P:8♦ 2♦ 10♣=0  B:3♣ A♠=4  BANKER(W)  | +950원 → 197,950원
H396 | bet   1,000원 BANKER | P:K♥ 8♣=8  B:8♣ 3♠=1  PLAYER(L)  | -1,000원 → 196,950원  [start]
H397 | bet   2,000원 PLAYER | P:J♣ J♣ 10♥=0  B:5♣ 7♠ K♣=2  BANKER(L)  | -2,000원 → 194,950원
H398 | bet   4,000원 PLAYER | P:7♣ A♥=8  B:3♣ K♥=3  PLAYER(W)  | +4,000원 → 198,950원  [end_win]
H399 | bet   1,000원 BANKER | P:7♠ A♥=8  B:10♣ 9♦=9  BANKER(W)  | +950원 → 199,900원
H400 | bet   1,000원 BANKER | P:2♦ Q♦ 6♠=8  B:2♦ 4♠ J♦=6  PLAYER(L)  | -1,000원 → 198,900원  [start]
H401 | bet   2,000원 PLAYER | P:3♥ 2♣ A♣=6  B:J♥ 7♣=7  BANKER(L)  | -2,000원 → 196,900원
H402 | bet   4,000원 PLAYER | P:J♦ 7♠=7  B:A♠ K♥ 10♠=1  PLAYER(W)  | +4,000원 → 200,900원  [end_win]
H403 | bet   1,000원 BANKER | P:K♦ 8♣=8  B:9♣ 7♥=6  PLAYER(L)  | -1,000원 → 199,900원  [start]
H404 | bet   2,000원 PLAYER | P:7♠ A♠=8  B:J♥ K♦=0  PLAYER(W)  | +2,000원 → 201,900원  [end_win]
H405 | bet   1,000원 BANKER | P:4♥ 3♠=7  B:2♥ K♠ 7♦=9  BANKER(W)  | +950원 → 202,850원
H406 | bet   1,000원 BANKER | P:J♣ 3♣ 5♦=8  B:7♣ Q♠=7  PLAYER(L)  | -1,000원 → 201,850원  [start]
H407 | bet   2,000원 PLAYER | P:A♦ 5♦=6  B:6♣ J♣=6  TIE(T)  |     0원 → 201,850원
H408 | bet   2,000원 PLAYER | P:6♣ 6♦ 5♣=7  B:4♣ 9♦ 2♣=5  PLAYER(W)  | +2,000원 → 203,850원  [end_win]
H409 | bet   1,000원 BANKER | P:Q♣ 2♦ 6♦=8  B:4♦ A♣ 9♣=4  PLAYER(L)  | -1,000원 → 202,850원  [start]
H410 | bet   2,000원 PLAYER | P:4♦ A♥ 6♦=1  B:8♦ 9♣=7  BANKER(L)  | -2,000원 → 200,850원
H411 | bet   4,000원 PLAYER | P:A♦ 8♣=9  B:7♦ Q♦=7  PLAYER(W)  | +4,000원 → 204,850원  [end_win]
H412 | bet   1,000원 BANKER | P:J♥ Q♠ A♣=1  B:7♥ 5♦ 10♦=2  BANKER(W)  | +950원 → 205,800원
H413 | bet   1,000원 BANKER | P:2♦ 2♥ 5♥=9  B:A♦ 3♦ 3♣=7  PLAYER(L)  | -1,000원 → 204,800원  [start]
H414 | bet   2,000원 PLAYER | P:4♣ K♣ 10♥=4  B:10♠ 4♣=4  TIE(T)  |     0원 → 204,800원
H415 | bet   2,000원 PLAYER | P:7♣ 3♠ 10♥=0  B:5♦ 7♠ Q♣=2  BANKER(L)  | -2,000원 → 202,800원
H416 | bet   4,000원 PLAYER | P:4♠ 3♥=7  B:J♦ 4♥ 8♦=2  PLAYER(W)  | +4,000원 → 206,800원  [end_win]
H417 | bet   1,000원 BANKER | P:8♥ 3♥=1  B:K♠ 8♦=8  BANKER(W)  | +950원 → 207,750원
H418 | bet   1,000원 BANKER | P:5♠ 4♠=9  B:9♣ Q♣=9  TIE(T)  |     0원 → 207,750원
H419 | bet   1,000원 BANKER | P:J♠ 8♣=8  B:4♦ 10♠=4  PLAYER(L)  | -1,000원 → 206,750원  [start]
H420 | bet   2,000원 PLAYER | P:5♠ Q♥ K♠=5  B:7♥ 5♣ 10♣=2  PLAYER(W)  | +2,000원 → 208,750원  [end_win]
H421 | bet   1,000원 BANKER | P:2♠ 4♦=6  B:6♣ K♠=6  TIE(T)  |     0원 → 208,750원
H422 | bet   1,000원 BANKER | P:4♥ A♥ 9♦=4  B:4♠ 8♦ 3♦=5  BANKER(W)  | +950원 → 209,700원
H423 | bet   1,000원 BANKER | P:9♦ J♦=9  B:9♦ Q♦=9  TIE(T)  |     0원 → 209,700원
H424 | bet   1,000원 BANKER | P:2♦ K♣ Q♣=2  B:9♥ 5♣=4  BANKER(W)  | +950원 → 210,650원
H425 | bet   1,000원 BANKER | P:8♣ J♦=8  B:A♦ K♠=1  PLAYER(L)  | -1,000원 → 209,650원  [start]
H426 | bet   2,000원 PLAYER | P:2♣ 3♣ 8♠=3  B:K♣ 5♣=5  BANKER(L)  | -2,000원 → 207,650원
H427 | bet   4,000원 PLAYER | P:A♣ Q♣ Q♦=1  B:2♦ A♠ K♣=3  BANKER(L)  | -4,000원 → 203,650원
H428 | bet   8,000원 PLAYER | P:10♥ 9♠=9  B:5♥ 5♣=0  PLAYER(W)  | +8,000원 → 211,650원  [end_win]
H429 | bet   1,000원 BANKER | P:10♦ K♦ 9♠=9  B:7♦ K♠=7  PLAYER(L)  | -1,000원 → 210,650원  [start]
H430 | bet   2,000원 PLAYER | P:J♥ K♥ A♣=1  B:A♣ A♦ 7♣=9  BANKER(L)  | -2,000원 → 208,650원
H431 | bet   4,000원 PLAYER | P:6♥ 3♠=9  B:9♥ K♠=9  TIE(T)  |     0원 → 208,650원
H432 | bet   4,000원 PLAYER | P:2♥ A♥ 8♥=1  B:10♦ 5♥=5  BANKER(L)  | -4,000원 → 204,650원
H433 | bet   8,000원 PLAYER | P:3♥ 2♣ 2♠=7  B:A♦ K♦ 8♥=9  BANKER(L)  | -8,000원 → 196,650원
H434 | bet  16,000원 PLAYER | P:A♣ 8♥=9  B:J♠ K♦=0  PLAYER(W)  | +16,000원 → 212,650원  [end_win]
H435 | bet   1,000원 BANKER | P:2♠ 3♠ 7♦=2  B:9♠ 3♣ A♠=3  BANKER(W)  | +950원 → 213,600원
H436 | bet   1,000원 BANKER | P:Q♠ K♦ 10♥=0  B:2♠ 10♠ 9♥=1  BANKER(W)  | +950원 → 214,550원
H437 | bet   1,000원 BANKER | P:4♣ A♥ 8♥=3  B:6♣ 4♦ 5♥=5  BANKER(W)  | +950원 → 215,500원
H438 | bet   1,000원 BANKER | P:3♠ 7♣ Q♥=0  B:2♥ 3♣=5  BANKER(W)  | +950원 → 216,450원
H439 | bet   1,000원 BANKER | P:A♥ 5♠=6  B:6♥ 3♦=9  BANKER(W)  | +950원 → 217,400원
H440 | bet   1,000원 BANKER | P:9♠ K♥=9  B:2♣ 4♣=6  PLAYER(L)  | -1,000원 → 216,400원  [start]
H441 | bet   2,000원 PLAYER | P:K♣ 3♦ A♦=4  B:6♣ 9♠=5  BANKER(L)  | -2,000원 → 214,400원
H442 | bet   4,000원 PLAYER | P:J♠ 5♠ 4♥=9  B:Q♠ J♦ 2♣=2  PLAYER(W)  | +4,000원 → 218,400원  [end_win]
H443 | bet   1,000원 BANKER | P:9♠ 3♥ K♦=2  B:5♣ Q♠=5  BANKER(W)  | +950원 → 219,350원
H444 | bet   1,000원 BANKER | P:5♦ 3♠=8  B:2♦ 2♣=4  PLAYER(L)  | -1,000원 → 218,350원  [start]
H445 | bet   2,000원 PLAYER | P:6♠ 10♥=6  B:K♥ 7♦=7  BANKER(L)  | -2,000원 → 216,350원
H446 | bet   4,000원 PLAYER | P:J♥ 5♠ 4♥=9  B:8♦ 5♣ 6♦=9  TIE(T)  |     0원 → 216,350원
H447 | bet   4,000원 PLAYER | P:7♣ 9♦=6  B:7♥ 2♦=9  BANKER(L)  | -4,000원 → 212,350원
H448 | bet   8,000원 PLAYER | P:7♥ J♣=7  B:7♦ 3♠ 7♣=7  TIE(T)  |     0원 → 212,350원
H449 | bet   8,000원 PLAYER | P:J♥ Q♠ J♥=0  B:10♣ K♠ 6♠=6  BANKER(L)  | -8,000원 → 204,350원
H450 | bet  16,000원 PLAYER | P:7♦ Q♥=7  B:7♠ 3♣ 3♥=3  PLAYER(W)  | +16,000원 → 220,350원  [end_win]
H451 | bet   1,000원 BANKER | P:3♦ 2♦ J♠=5  B:4♦ 6♥ 4♠=4  PLAYER(L)  | -1,000원 → 219,350원  [start]
H452 | bet   2,000원 PLAYER | P:Q♦ 8♣=8  B:10♣ 4♥=4  PLAYER(W)  | +2,000원 → 221,350원  [end_win]
H453 | bet   1,000원 BANKER | P:A♥ 9♥ 6♥=6  B:A♠ 5♦ 4♠=0  PLAYER(L)  | -1,000원 → 220,350원  [start]
H454 | bet   2,000원 PLAYER | P:10♠ 4♦ 9♥=3  B:3♦ 9♣ 6♣=8  BANKER(L)  | -2,000원 → 218,350원
H455 | bet   4,000원 PLAYER | P:A♥ 8♦=9  B:8♣ 5♦=3  PLAYER(W)  | +4,000원 → 222,350원  [end_win]
H456 | bet   1,000원 BANKER | P:6♠ 8♥ 6♣=0  B:4♣ 10♦ A♦=5  BANKER(W)  | +950원 → 223,300원
H457 | bet   1,000원 BANKER | P:K♥ 10♠ 2♣=2  B:8♠ 5♣ 3♦=6  BANKER(W)  | +950원 → 224,250원
H458 | bet   1,000원 BANKER | P:Q♣ 6♠=6  B:3♣ J♦ 9♦=2  PLAYER(L)  | -1,000원 → 223,250원  [start]
H459 | bet   2,000원 PLAYER | P:7♠ Q♦=7  B:7♠ Q♣=7  TIE(T)  |     0원 → 223,250원
H460 | bet   2,000원 PLAYER | P:Q♣ 4♣ 10♣=4  B:6♦ K♣=6  BANKER(L)  | -2,000원 → 221,250원
H461 | bet   4,000원 PLAYER | P:4♣ 5♥=9  B:9♣ 7♦=6  PLAYER(W)  | +4,000원 → 225,250원  [end_win]
H462 | bet   1,000원 BANKER | P:6♦ J♠=6  B:4♦ 4♥=8  BANKER(W)  | +950원 → 226,200원
H463 | bet   1,000원 BANKER | P:6♣ 6♠=2  B:10♣ 9♠=9  BANKER(W)  | +950원 → 227,150원
H464 | bet   1,000원 BANKER | P:10♠ 10♥=0  B:7♠ A♦=8  BANKER(W)  | +950원 → 228,100원
H465 | bet   1,000원 BANKER | P:2♠ J♠=2  B:6♦ 2♥=8  BANKER(W)  | +950원 → 229,050원
H466 | bet   1,000원 BANKER | P:2♦ 5♦=7  B:7♣ 9♠=6  PLAYER(L)  | -1,000원 → 228,050원  [start]
H467 | bet   2,000원 PLAYER | P:K♦ 5♠ 6♣=1  B:J♣ A♠ Q♠=1  TIE(T)  |     0원 → 228,050원
H468 | bet   2,000원 PLAYER | P:10♥ 5♥ 10♠=5  B:5♠ 7♣ 7♥=9  BANKER(L)  | -2,000원 → 226,050원
H469 | bet   4,000원 PLAYER | P:8♠ A♠=9  B:2♠ 5♦=7  PLAYER(W)  | +4,000원 → 230,050원  [end_win]
H470 | bet   1,000원 BANKER | P:K♠ J♣ J♥=0  B:3♠ A♥=4  BANKER(W)  | +950원 → 231,000원
H471 | bet   1,000원 BANKER | P:K♥ 9♣=9  B:4♠ 6♣=0  PLAYER(L)  | -1,000원 → 230,000원  [start]
H472 | bet   2,000원 PLAYER | P:5♦ 8♠ 10♦=3  B:4♠ J♣=4  BANKER(L)  | -2,000원 → 228,000원
H473 | bet   4,000원 PLAYER | P:6♦ J♣=6  B:9♣ J♣=9  BANKER(L)  | -4,000원 → 224,000원
H474 | bet   8,000원 PLAYER | P:4♦ 7♠ 3♥=4  B:A♣ Q♦ 3♦=4  TIE(T)  |     0원 → 224,000원
H475 | bet   8,000원 PLAYER | P:9♥ J♥=9  B:K♥ Q♦=0  PLAYER(W)  | +8,000원 → 232,000원  [end_win]
H476 | bet   1,000원 BANKER | P:8♦ 2♥=0  B:Q♥ 8♠=8  BANKER(W)  | +950원 → 232,950원
H477 | bet   1,000원 BANKER | P:8♠ J♠=8  B:6♠ 10♦=6  PLAYER(L)  | -1,000원 → 231,950원  [start]
H478 | bet   2,000원 PLAYER | P:Q♥ 2♣ 5♣=7  B:7♠ 4♥ A♣=2  PLAYER(W)  | +2,000원 → 233,950원  [end_win]
H479 | bet   1,000원 BANKER | P:K♥ A♠ 6♠=7  B:3♥ 2♥ 8♥=3  PLAYER(L)  | -1,000원 → 232,950원  [start]
H480 | bet   2,000원 PLAYER | P:Q♥ 7♦=7  B:8♣ 10♣=8  BANKER(L)  | -2,000원 → 230,950원
H481 | bet   4,000원 PLAYER | P:Q♥ 6♠=6  B:K♥ Q♠ Q♥=0  PLAYER(W)  | +4,000원 → 234,950원  [end_win]
H482 | bet   1,000원 BANKER | P:3♠ 9♦ 3♣=5  B:6♦ 9♥=5  TIE(T)  |     0원 → 234,950원
H483 | bet   1,000원 BANKER | P:6♥ K♦=6  B:8♠ 7♣ 3♥=8  BANKER(W)  | +950원 → 235,900원
H484 | bet   1,000원 BANKER | P:J♦ A♠ K♣=1  B:3♣ 4♥=7  BANKER(W)  | +950원 → 236,850원
H485 | bet   1,000원 BANKER | P:Q♦ J♥ 9♣=9  B:10♣ K♦ 6♥=6  PLAYER(L)  | -1,000원 → 235,850원  [start]
H486 | bet   2,000원 PLAYER | P:5♥ 10♠ 7♥=2  B:8♣ 9♥=7  BANKER(L)  | -2,000원 → 233,850원
H487 | bet   4,000원 PLAYER | P:J♠ 9♦=9  B:Q♣ 2♠=2  PLAYER(W)  | +4,000원 → 237,850원  [end_win]
H488 | bet   1,000원 BANKER | P:A♠ 7♥=8  B:10♥ A♣=1  PLAYER(L)  | -1,000원 → 236,850원  [start]
H489 | bet   2,000원 PLAYER | P:8♦ 10♦=8  B:9♦ 8♥=7  PLAYER(W)  | +2,000원 → 238,850원  [end_win]
H490 | bet   1,000원 BANKER | P:J♦ J♣ 2♥=2  B:8♣ 6♦ 6♥=0  PLAYER(L)  | -1,000원 → 237,850원  [start]
H491 | bet   2,000원 PLAYER | P:8♠ K♣=8  B:J♦ 10♣=0  PLAYER(W)  | +2,000원 → 239,850원  [end_win]
H492 | bet   1,000원 BANKER | P:2♥ 2♠=4  B:6♥ 2♦=8  BANKER(W)  | +950원 → 240,800원
H493 | bet   1,000원 BANKER | P:4♠ 2♠=6  B:Q♥ J♠ 10♠=0  PLAYER(L)  | -1,000원 → 239,800원  [start]
H494 | bet   2,000원 PLAYER | P:K♦ Q♥ 9♣=9  B:Q♠ A♦ Q♥=1  PLAYER(W)  | +2,000원 → 241,800원  [end_win]
H495 | bet   1,000원 BANKER | P:8♦ 6♣=4  B:2♦ 6♣=8  BANKER(W)  | +950원 → 242,750원
H496 | bet   1,000원 BANKER | P:10♣ 10♠ 5♣=5  B:Q♣ 6♥=6  BANKER(W)  | +950원 → 243,700원
H497 | bet   1,000원 BANKER | P:K♥ 7♦=7  B:9♦ Q♥=9  BANKER(W)  | +950원 → 244,650원
H498 | bet   1,000원 BANKER | P:A♣ 8♣=9  B:9♦ 9♠=8  PLAYER(L)  | -1,000원 → 243,650원  [start]
H499 | bet   2,000원 PLAYER | P:8♦ 3♥=1  B:6♣ 3♦=9  BANKER(L)  | -2,000원 → 241,650원
H500 | bet   4,000원 PLAYER | P:J♠ J♣ 5♠=5  B:J♥ A♠ Q♠=1  PLAYER(W)  | +4,000원 → 245,650원  [end_win]
H501 | bet   1,000원 BANKER | P:8♥ J♣=8  B:8♣ K♣=8  TIE(T)  |     0원 → 245,650원
H502 | bet   1,000원 BANKER | P:4♣ 3♣=7  B:10♣ 10♥ Q♦=0  PLAYER(L)  | -1,000원 → 244,650원  [start]
H503 | bet   2,000원 PLAYER | P:6♠ 7♥ J♦=3  B:10♠ 6♣=6  BANKER(L)  | -2,000원 → 242,650원
H504 | bet   4,000원 PLAYER | P:8♥ 6♣ K♣=4  B:4♥ 6♥ A♠=1  PLAYER(W)  | +4,000원 → 246,650원  [end_win]
H505 | bet   1,000원 BANKER | P:7♥ 10♦=7  B:9♥ 4♣ 5♥=8  BANKER(W)  | +950원 → 247,600원
H506 | bet   1,000원 BANKER | P:8♥ J♦=8  B:2♣ Q♠=2  PLAYER(L)  | -1,000원 → 246,600원  [start]
H507 | bet   2,000원 PLAYER | P:5♠ J♠ 10♦=5  B:J♥ A♦ 6♥=7  BANKER(L)  | -2,000원 → 244,600원
H508 | bet   4,000원 PLAYER | P:6♦ 7♠ A♣=4  B:J♥ K♠ 4♦=4  TIE(T)  |     0원 → 244,600원
H509 | bet   4,000원 PLAYER | P:A♥ 5♦=6  B:5♣ 8♠ 5♠=8  BANKER(L)  | -4,000원 → 240,600원
H510 | bet   8,000원 PLAYER | P:K♠ 6♠=6  B:7♠ 7♥ 10♦=4  PLAYER(W)  | +8,000원 → 248,600원  [end_win]
H511 | bet   1,000원 BANKER | P:7♣ 8♣ J♠=5  B:A♥ 6♣=7  BANKER(W)  | +950원 → 249,550원
H512 | bet   1,000원 BANKER | P:4♥ 10♣=4  B:9♠ K♠=9  BANKER(W)  | +950원 → 250,500원
H513 | bet   1,000원 BANKER | P:3♥ 2♣=5  B:4♠ 5♥=9  BANKER(W)  | +950원 → 251,450원
H514 | bet   1,000원 BANKER | P:A♠ A♦=2  B:8♦ J♣=8  BANKER(W)  | +950원 → 252,400원
H515 | bet   1,000원 BANKER | P:9♦ K♦=9  B:J♦ 3♠=3  PLAYER(L)  | -1,000원 → 251,400원  [start]
H516 | bet   2,000원 PLAYER | P:K♥ A♣ K♣=1  B:7♣ Q♣=7  BANKER(L)  | -2,000원 → 249,400원
H517 | bet   4,000원 PLAYER | P:5♦ J♦=5  B:Q♣ 8♦=8  BANKER(L)  | -4,000원 → 245,400원
H518 | bet   8,000원 PLAYER | P:J♥ 9♥=9  B:4♥ 4♥=8  PLAYER(W)  | +8,000원 → 253,400원  [end_win]
H519 | bet   1,000원 BANKER | P:10♦ 7♠=7  B:5♣ 5♠ K♣=0  PLAYER(L)  | -1,000원 → 252,400원  [start]
H520 | bet   2,000원 PLAYER | P:3♥ 10♠ 2♥=5  B:10♣ 5♣=5  TIE(T)  |     0원 → 252,400원
H521 | bet   2,000원 PLAYER | P:J♥ 6♥=6  B:K♦ 3♠ 6♠=9  BANKER(L)  | -2,000원 → 250,400원
H522 | bet   4,000원 PLAYER | P:9♣ 2♣ 9♣=0  B:10♠ 4♦=4  BANKER(L)  | -4,000원 → 246,400원
H523 | bet   8,000원 PLAYER | P:8♣ 7♦ A♣=6  B:J♣ 4♣=4  PLAYER(W)  | +8,000원 → 254,400원  [end_win]
H524 | bet   1,000원 BANKER | P:K♠ 10♣ 8♥=8  B:7♣ 4♥ 8♣=9  BANKER(W)  | +950원 → 255,350원
H525 | bet   1,000원 BANKER | P:8♦ J♠=8  B:3♥ Q♦=3  PLAYER(L)  | -1,000원 → 254,350원  [start]
H526 | bet   2,000원 PLAYER | P:5♣ A♥=6  B:J♦ 4♦ 5♣=9  BANKER(L)  | -2,000원 → 252,350원
H527 | bet   4,000원 PLAYER | P:A♠ 2♣ Q♣=3  B:5♠ 8♠ 3♣=6  BANKER(L)  | -4,000원 → 248,350원
H528 | bet   8,000원 PLAYER | P:2♣ 3♦ 6♣=1  B:9♥ 7♣ 5♠=1  TIE(T)  |     0원 → 248,350원
H529 | bet   8,000원 PLAYER | P:A♠ 8♣=9  B:K♦ 6♠=6  PLAYER(W)  | +8,000원 → 256,350원  [end_win]
H530 | bet   1,000원 BANKER | P:7♥ K♥=7  B:9♥ 7♠=6  PLAYER(L)  | -1,000원 → 255,350원  [start]
H531 | bet   2,000원 PLAYER | P:Q♥ J♦=0  B:J♥ 9♥=9  BANKER(L)  | -2,000원 → 253,350원
H532 | bet   4,000원 PLAYER | P:K♠ J♣=0  B:Q♦ 9♦=9  BANKER(L)  | -4,000원 → 249,350원
H533 | bet   8,000원 PLAYER | P:J♣ 3♦ Q♥=3  B:4♥ 8♦ 5♦=7  BANKER(L)  | -8,000원 → 241,350원
H534 | bet  16,000원 PLAYER | P:9♦ 6♣ A♦=6  B:2♥ 3♣=5  PLAYER(W)  | +16,000원 → 257,350원  [end_win]
H535 | bet   1,000원 BANKER | P:K♣ 2♠ 2♠=4  B:4♦ A♣=5  BANKER(W)  | +950원 → 258,300원
H536 | bet   1,000원 BANKER | P:3♠ 3♠=6  B:3♦ 2♦ A♠=6  TIE(T)  |     0원 → 258,300원
H537 | bet   1,000원 BANKER | P:9♦ 6♦=5  B:3♠ 6♦=9  BANKER(W)  | +950원 → 259,250원
H538 | bet   1,000원 BANKER | P:Q♣ K♥ 4♠=4  B:5♦ 8♦ 10♣=3  PLAYER(L)  | -1,000원 → 258,250원  [start]
H539 | bet   2,000원 PLAYER | P:Q♦ 3♦ 10♥=3  B:3♠ 2♠=5  BANKER(L)  | -2,000원 → 256,250원
H540 | bet   4,000원 PLAYER | P:Q♦ 4♣ 10♠=4  B:7♦ 10♦=7  BANKER(L)  | -4,000원 → 252,250원
H541 | bet   8,000원 PLAYER | P:8♠ 2♦ 5♦=5  B:3♣ 10♠ 8♠=1  PLAYER(W)  | +8,000원 → 260,250원  [end_win]
H542 | bet   1,000원 BANKER | P:J♦ A♦ A♥=2  B:J♣ 10♦ 4♣=4  BANKER(W)  | +950원 → 261,200원
H543 | bet   1,000원 BANKER | P:6♠ 4♠ 5♦=5  B:3♥ Q♣ 5♥=8  BANKER(W)  | +950원 → 262,150원
H544 | bet   1,000원 BANKER | P:6♦ 7♦=3  B:2♦ 7♥=9  BANKER(W)  | +950원 → 263,100원
H545 | bet   1,000원 BANKER | P:9♣ 3♥ 2♥=4  B:2♠ A♥ K♥=3  PLAYER(L)  | -1,000원 → 262,100원  [start]
H546 | bet   2,000원 PLAYER | P:A♥ 5♥=6  B:8♠ 5♥ 2♣=5  PLAYER(W)  | +2,000원 → 264,100원  [end_win]
H547 | bet   1,000원 BANKER | P:A♣ 6♥=7  B:J♣ Q♣ 7♣=7  TIE(T)  |     0원 → 264,100원
H548 | bet   1,000원 BANKER | P:6♥ 2♥=8  B:10♦ 8♠=8  TIE(T)  |     0원 → 264,100원
H549 | bet   1,000원 BANKER | P:K♠ A♠ 4♥=5  B:7♥ 4♣ 6♠=7  BANKER(W)  | +950원 → 265,050원
H550 | bet   1,000원 BANKER | P:Q♥ 2♣ 4♦=6  B:Q♦ 2♥ 6♠=8  BANKER(W)  | +950원 → 266,000원
H551 | bet   1,000원 BANKER | P:9♠ 9♠=8  B:2♠ K♦=2  PLAYER(L)  | -1,000원 → 265,000원  [start]
H552 | bet   2,000원 PLAYER | P:4♠ 7♦ 3♥=4  B:4♠ J♥ 10♥=4  TIE(T)  |     0원 → 265,000원
H553 | bet   2,000원 PLAYER | P:5♣ 7♥ Q♦=2  B:A♥ 9♥ 7♠=7  BANKER(L)  | -2,000원 → 263,000원
H554 | bet   4,000원 PLAYER | P:6♥ 5♦ 6♦=7  B:7♠ 8♥ Q♠=5  PLAYER(W)  | +4,000원 → 267,000원  [end_win]
H555 | bet   1,000원 BANKER | P:K♥ 8♦=8  B:K♣ J♠=0  PLAYER(L)  | -1,000원 → 266,000원  [start]
H556 | bet   2,000원 PLAYER | P:K♣ 5♠=5  B:9♦ 10♦=9  BANKER(L)  | -2,000원 → 264,000원
H557 | bet   4,000원 PLAYER | P:3♣ 8♥ A♦=2  B:6♦ 4♣ 3♠=3  BANKER(L)  | -4,000원 → 260,000원
H558 | bet   8,000원 PLAYER | P:2♥ 3♣=5  B:Q♠ 9♣=9  BANKER(L)  | -8,000원 → 252,000원
H559 | bet  16,000원 PLAYER | P:K♦ 2♠=2  B:7♠ 2♠=9  BANKER(L)  | -16,000원 → 236,000원  [end_giveup]
H560 | bet   1,000원 BANKER | P:4♥ 9♣ 9♣=2  B:K♥ 10♥ 4♣=4  BANKER(W)  | +950원 → 236,950원
H561 | bet   1,000원 BANKER | P:9♠ A♥=0  B:3♦ 6♥=9  BANKER(W)  | +950원 → 237,900원
H562 | bet   1,000원 BANKER | P:10♥ 10♥ 5♥=5  B:8♣ 7♦ 8♠=3  PLAYER(L)  | -1,000원 → 236,900원  [start]
H563 | bet   2,000원 PLAYER | P:6♦ 4♠ 3♦=3  B:5♥ 7♦ 9♠=1  PLAYER(W)  | +2,000원 → 238,900원  [end_win]
H564 | bet   1,000원 BANKER | P:2♦ A♦ K♦=3  B:9♣ 3♣ 5♦=7  BANKER(W)  | +950원 → 239,850원
H565 | bet   1,000원 BANKER | P:A♣ 9♥ Q♠=0  B:K♣ 10♣ 2♣=2  BANKER(W)  | +950원 → 240,800원
H566 | bet   1,000원 BANKER | P:K♦ K♠ Q♦=0  B:Q♣ 7♠=7  BANKER(W)  | +950원 → 241,750원
H567 | bet   1,000원 BANKER | P:J♥ Q♠ Q♠=0  B:K♠ K♥ 7♣=7  BANKER(W)  | +950원 → 242,700원
H568 | bet   1,000원 BANKER | P:3♣ 5♥=8  B:6♠ 9♠=5  PLAYER(L)  | -1,000원 → 241,700원  [start]
H569 | bet   2,000원 PLAYER | P:8♥ 6♦ 8♥=2  B:5♣ 2♦=7  BANKER(L)  | -2,000원 → 239,700원
H570 | bet   4,000원 PLAYER | P:J♠ 9♥=9  B:7♣ 10♣=7  PLAYER(W)  | +4,000원 → 243,700원  [end_win]
H571 | bet   1,000원 BANKER | P:4♠ J♠ A♦=5  B:2♥ 2♦=4  PLAYER(L)  | -1,000원 → 242,700원  [start]
H572 | bet   2,000원 PLAYER | P:9♠ 8♣=7  B:3♦ 3♠=6  PLAYER(W)  | +2,000원 → 244,700원  [end_win]
H573 | bet   1,000원 BANKER | P:4♦ 4♦=8  B:4♦ J♦=4  PLAYER(L)  | -1,000원 → 243,700원  [start]
H574 | bet   2,000원 PLAYER | P:9♦ A♣ 2♦=2  B:Q♥ 5♠=5  BANKER(L)  | -2,000원 → 241,700원
H575 | bet   4,000원 PLAYER | P:5♦ 2♠=7  B:3♥ 10♠ 6♣=9  BANKER(L)  | -4,000원 → 237,700원
H576 | bet   8,000원 PLAYER | P:5♠ 5♣=0  B:K♦ 8♣=8  BANKER(L)  | -8,000원 → 229,700원
H577 | bet  16,000원 PLAYER | P:A♥ 3♣ 8♠=2  B:3♠ 9♠ Q♦=2  TIE(T)  |     0원 → 229,700원
H578 | bet  16,000원 PLAYER | P:J♣ 8♣=8  B:Q♥ 8♣=8  TIE(T)  |     0원 → 229,700원
H579 | bet  16,000원 PLAYER | P:2♣ J♣ 4♠=6  B:5♠ 10♣ A♦=6  TIE(T)  |     0원 → 229,700원
H580 | bet  16,000원 PLAYER | P:A♦ K♦ K♠=1  B:10♦ 7♣=7  BANKER(L)  | -16,000원 → 213,700원  [end_giveup]
H581 | bet   1,000원 BANKER | P:9♥ Q♠=9  B:8♣ 8♥=6  PLAYER(L)  | -1,000원 → 212,700원  [start]
H582 | bet   2,000원 PLAYER | P:J♦ 3♦ 7♥=0  B:9♠ 5♠ 5♠=9  BANKER(L)  | -2,000원 → 210,700원
H583 | bet   4,000원 PLAYER | P:3♥ A♥=4  B:K♦ 8♦=8  BANKER(L)  | -4,000원 → 206,700원
H584 | bet   8,000원 PLAYER | P:10♠ J♥ A♦=1  B:4♠ A♥=5  BANKER(L)  | -8,000원 → 198,700원
H585 | bet  16,000원 PLAYER | P:K♠ 9♥=9  B:10♣ 3♣=3  PLAYER(W)  | +16,000원 → 214,700원  [end_win]
H586 | bet   1,000원 BANKER | P:K♠ 5♠=5  B:10♣ 9♥=9  BANKER(W)  | +950원 → 215,650원
H587 | bet   1,000원 BANKER | P:4♥ 5♥=9  B:K♠ 2♦=2  PLAYER(L)  | -1,000원 → 214,650원  [start]
H588 | bet   2,000원 PLAYER | P:6♦ 2♠=8  B:8♦ A♠=9  BANKER(L)  | -2,000원 → 212,650원
H589 | bet   4,000원 PLAYER | P:3♥ 4♦=7  B:3♠ 2♦ 6♠=1  PLAYER(W)  | +4,000원 → 216,650원  [end_win]
H590 | bet   1,000원 BANKER | P:2♣ 5♦=7  B:Q♠ Q♥ 4♦=4  PLAYER(L)  | -1,000원 → 215,650원  [start]
H591 | bet   2,000원 PLAYER | P:Q♦ K♥ 9♥=9  B:10♠ A♠ 9♣=0  PLAYER(W)  | +2,000원 → 217,650원  [end_win]
H592 | bet   1,000원 BANKER | P:3♣ K♦ K♠=3  B:9♣ 8♥=7  BANKER(W)  | +950원 → 218,600원
H593 | bet   1,000원 BANKER | P:9♦ Q♦=9  B:4♦ A♠=5  PLAYER(L)  | -1,000원 → 217,600원  [start]
H594 | bet   2,000원 PLAYER | P:J♠ Q♦ K♦=0  B:Q♠ 5♦=5  BANKER(L)  | -2,000원 → 215,600원
H595 | bet   4,000원 PLAYER | P:8♥ 9♣=7  B:Q♠ J♠ 4♠=4  PLAYER(W)  | +4,000원 → 219,600원  [end_win]
H596 | bet   1,000원 BANKER | P:J♥ 10♦ K♥=0  B:J♣ 2♥ J♦=2  BANKER(W)  | +950원 → 220,550원
H597 | bet   1,000원 BANKER | P:2♦ 8♠ 6♥=6  B:Q♣ 10♦ 7♠=7  BANKER(W)  | +950원 → 221,500원
H598 | bet   1,000원 BANKER | P:7♣ 7♥ A♦=5  B:Q♥ 7♥=7  BANKER(W)  | +950원 → 222,450원
H599 | bet   1,000원 BANKER | P:2♠ K♠ Q♣=2  B:2♥ 8♥ 6♦=6  BANKER(W)  | +950원 → 223,400원
H600 | bet   1,000원 BANKER | P:9♣ 9♠=8  B:6♣ 3♣=9  BANKER(W)  | +950원 → 224,350원
H601 | bet   1,000원 BANKER | P:J♥ 3♠=3  B:9♠ 9♣=8  BANKER(W)  | +950원 → 225,300원
H602 | bet   1,000원 BANKER | P:3♠ 9♣ A♠=3  B:J♦ 6♦=6  BANKER(W)  | +950원 → 226,250원
H603 | bet   1,000원 BANKER | P:3♦ 4♥=7  B:7♠ 3♣ J♦=0  PLAYER(L)  | -1,000원 → 225,250원  [start]
H604 | bet   2,000원 PLAYER | P:2♥ 4♣=6  B:2♦ 2♣ 3♣=7  BANKER(L)  | -2,000원 → 223,250원
H605 | bet   4,000원 PLAYER | P:10♣ 5♥ 7♣=2  B:3♦ Q♦ 3♠=6  BANKER(L)  | -4,000원 → 219,250원
H606 | bet   8,000원 PLAYER | P:6♣ 6♠ 5♠=7  B:K♥ 5♣ 10♦=5  PLAYER(W)  | +8,000원 → 227,250원  [end_win]
H607 | bet   1,000원 BANKER | P:K♣ K♠ Q♥=0  B:5♠ J♣=5  BANKER(W)  | +950원 → 228,200원
H608 | bet   1,000원 BANKER | P:7♦ 9♦=6  B:9♣ K♥=9  BANKER(W)  | +950원 → 229,150원
H609 | bet   1,000원 BANKER | P:4♠ J♥ 7♥=1  B:10♣ 7♦=7  BANKER(W)  | +950원 → 230,100원
H610 | bet   1,000원 BANKER | P:J♠ 6♣=6  B:6♦ Q♣=6  TIE(T)  |     0원 → 230,100원
H611 | bet   1,000원 BANKER | P:2♦ J♠ 6♥=8  B:A♦ A♥ Q♣=2  PLAYER(L)  | -1,000원 → 229,100원  [start]
H612 | bet   2,000원 PLAYER | P:4♦ 6♦ Q♦=0  B:Q♣ 2♦ 9♥=1  BANKER(L)  | -2,000원 → 227,100원
H613 | bet   4,000원 PLAYER | P:5♦ 4♣=9  B:7♣ 8♣=5  PLAYER(W)  | +4,000원 → 231,100원  [end_win]
H614 | bet   1,000원 BANKER | P:K♠ 4♠ 2♥=6  B:A♥ 10♣ A♣=2  PLAYER(L)  | -1,000원 → 230,100원  [start]
H615 | bet   2,000원 PLAYER | P:A♣ 4♣=5  B:6♠ 3♦=9  BANKER(L)  | -2,000원 → 228,100원
H616 | bet   4,000원 PLAYER | P:7♠ 10♠=7  B:5♥ 5♣ 5♥=5  PLAYER(W)  | +4,000원 → 232,100원  [end_win]
H617 | bet   1,000원 BANKER | P:10♠ 7♣=7  B:3♥ 3♠=6  PLAYER(L)  | -1,000원 → 231,100원  [start]
H618 | bet   2,000원 PLAYER | P:6♠ 8♥ A♥=5  B:5♣ 7♠ 4♠=6  BANKER(L)  | -2,000원 → 229,100원
H619 | bet   4,000원 PLAYER | P:4♥ A♣ 4♣=9  B:10♦ 10♣ 3♥=3  PLAYER(W)  | +4,000원 → 233,100원  [end_win]
H620 | bet   1,000원 BANKER | P:10♥ 8♣=8  B:8♠ 4♥=2  PLAYER(L)  | -1,000원 → 232,100원  [start]
H621 | bet   2,000원 PLAYER | P:7♦ 10♠=7  B:6♣ 8♣ K♣=4  PLAYER(W)  | +2,000원 → 234,100원  [end_win]
H622 | bet   1,000원 BANKER | P:7♥ A♣=8  B:Q♠ A♠=1  PLAYER(L)  | -1,000원 → 233,100원  [start]
H623 | bet   2,000원 PLAYER | P:8♦ 6♥ J♠=4  B:10♥ 7♠=7  BANKER(L)  | -2,000원 → 231,100원
H624 | bet   4,000원 PLAYER | P:10♥ 3♠ 3♦=6  B:J♥ 7♦=7  BANKER(L)  | -4,000원 → 227,100원
H625 | bet   8,000원 PLAYER | P:J♣ 4♥ 10♥=4  B:7♥ 7♦=4  TIE(T)  |     0원 → 227,100원
H626 | bet   8,000원 PLAYER | P:Q♥ 10♥ 8♦=8  B:K♣ K♣ 2♥=2  PLAYER(W)  | +8,000원 → 235,100원  [end_win]
H627 | bet   1,000원 BANKER | P:10♥ K♦=0  B:4♦ 4♣=8  BANKER(W)  | +950원 → 236,050원
H628 | bet   1,000원 BANKER | P:7♦ 4♦ 5♣=6  B:6♥ K♣=6  TIE(T)  |     0원 → 236,050원
H629 | bet   1,000원 BANKER | P:10♥ 5♣ 2♣=7  B:8♣ 9♦=7  TIE(T)  |     0원 → 236,050원
H630 | bet   1,000원 BANKER | P:K♥ 7♠=7  B:J♣ 2♣ 2♥=4  PLAYER(L)  | -1,000원 → 235,050원  [start]
H631 | bet   2,000원 PLAYER | P:10♦ Q♦=0  B:K♥ 9♥=9  BANKER(L)  | -2,000원 → 233,050원
H632 | bet   4,000원 PLAYER | P:5♥ 5♣ 6♦=6  B:K♣ 5♥ 6♣=1  PLAYER(W)  | +4,000원 → 237,050원  [end_win]
H633 | bet   1,000원 BANKER | P:9♥ 7♣=6  B:8♦ Q♥=8  BANKER(W)  | +950원 → 238,000원
H634 | bet   1,000원 BANKER | P:7♥ A♦=8  B:10♦ J♦=0  PLAYER(L)  | -1,000원 → 237,000원  [start]
H635 | bet   2,000원 PLAYER | P:5♥ 2♠=7  B:10♦ 2♣ 7♥=9  BANKER(L)  | -2,000원 → 235,000원
H636 | bet   4,000원 PLAYER | P:3♥ 2♠=5  B:6♠ 2♦=8  BANKER(L)  | -4,000원 → 231,000원
H637 | bet   8,000원 PLAYER | P:5♦ 3♠=8  B:Q♣ J♣=0  PLAYER(W)  | +8,000원 → 239,000원  [end_win]
H638 | bet   1,000원 BANKER | P:7♦ 8♠ 9♦=4  B:2♥ 5♦=7  BANKER(W)  | +950원 → 239,950원
H639 | bet   1,000원 BANKER | P:J♦ A♥ 2♣=3  B:A♣ 10♥ J♠=1  PLAYER(L)  | -1,000원 → 238,950원  [start]
H640 | bet   2,000원 PLAYER | P:6♣ 7♠ 5♦=8  B:J♥ 4♣ Q♥=4  PLAYER(W)  | +2,000원 → 240,950원  [end_win]
H641 | bet   1,000원 BANKER | P:6♥ 3♦=9  B:8♥ 4♥=2  PLAYER(L)  | -1,000원 → 239,950원  [start]
H642 | bet   2,000원 PLAYER | P:4♠ 9♦ 3♣=6  B:A♠ J♦ 9♦=0  PLAYER(W)  | +2,000원 → 241,950원  [end_win]
H643 | bet   1,000원 BANKER | P:2♣ 9♠=1  B:K♦ 8♥=8  BANKER(W)  | +950원 → 242,900원
H644 | bet   1,000원 BANKER | P:8♠ 6♥=4  B:5♥ 4♦=9  BANKER(W)  | +950원 → 243,850원
H645 | bet   1,000원 BANKER | P:Q♦ 8♦=8  B:A♣ A♣=2  PLAYER(L)  | -1,000원 → 242,850원  [start]
H646 | bet   2,000원 PLAYER | P:7♠ 9♥=6  B:4♣ 6♥ 2♠=2  PLAYER(W)  | +2,000원 → 244,850원  [end_win]
H647 | bet   1,000원 BANKER | P:4♣ 9♠ Q♠=3  B:9♠ 8♠=7  BANKER(W)  | +950원 → 245,800원
H648 | bet   1,000원 BANKER | P:A♣ A♦ 8♥=0  B:4♥ 2♠=6  BANKER(W)  | +950원 → 246,750원
H649 | bet   1,000원 BANKER | P:5♣ A♥=6  B:6♠ 6♣ 4♥=6  TIE(T)  |     0원 → 246,750원
H650 | bet   1,000원 BANKER | P:2♥ 3♥ Q♠=5  B:4♠ 6♠ 7♣=7  BANKER(W)  | +950원 → 247,700원
H651 | bet   1,000원 BANKER | P:3♣ Q♥ 10♣=3  B:K♦ A♠ A♦=2  PLAYER(L)  | -1,000원 → 246,700원  [start]
H652 | bet   2,000원 PLAYER | P:10♠ J♦ J♠=0  B:J♠ 4♦=4  BANKER(L)  | -2,000원 → 244,700원
H653 | bet   4,000원 PLAYER | P:9♣ 7♣=6  B:5♠ 6♠ 2♠=3  PLAYER(W)  | +4,000원 → 248,700원  [end_win]
H654 | bet   1,000원 BANKER | P:6♦ Q♣=6  B:8♠ J♣=8  BANKER(W)  | +950원 → 249,650원
H655 | bet   1,000원 BANKER | P:K♥ A♠=1  B:Q♣ 9♦=9  BANKER(W)  | +950원 → 250,600원
H656 | bet   1,000원 BANKER | P:Q♠ 8♦=8  B:K♥ 5♦=5  PLAYER(L)  | -1,000원 → 249,600원  [start]
H657 | bet   2,000원 PLAYER | P:7♦ 9♠=6  B:3♥ 9♦ J♥=2  PLAYER(W)  | +2,000원 → 251,600원  [end_win]
H658 | bet   1,000원 BANKER | P:4♦ 10♠ K♠=4  B:8♠ 7♥=5  BANKER(W)  | +950원 → 252,550원
H659 | bet   1,000원 BANKER | P:K♦ 10♦ 10♣=0  B:K♠ K♥ A♠=1  BANKER(W)  | +950원 → 253,500원
H660 | bet   1,000원 BANKER | P:4♣ 2♠=6  B:K♣ 10♠ 5♦=5  PLAYER(L)  | -1,000원 → 252,500원  [start]
H661 | bet   2,000원 PLAYER | P:8♦ 9♣=7  B:J♣ A♦ 9♦=0  PLAYER(W)  | +2,000원 → 254,500원  [end_win]
H662 | bet   1,000원 BANKER | P:5♦ 9♠ 2♠=6  B:7♦ J♦=7  BANKER(W)  | +950원 → 255,450원
H663 | bet   1,000원 BANKER | P:Q♠ K♦ 5♦=5  B:A♥ Q♥ K♠=1  PLAYER(L)  | -1,000원 → 254,450원  [start]
H664 | bet   2,000원 PLAYER | P:5♦ 10♦ 7♦=2  B:4♠ K♣ Q♦=4  BANKER(L)  | -2,000원 → 252,450원
H665 | bet   4,000원 PLAYER | P:2♠ 5♦=7  B:6♠ 5♠ J♣=1  PLAYER(W)  | +4,000원 → 256,450원  [end_win]
H666 | bet   1,000원 BANKER | P:Q♣ 6♠=6  B:4♠ 9♦ K♣=3  PLAYER(L)  | -1,000원 → 255,450원  [start]
H667 | bet   2,000원 PLAYER | P:A♦ 3♥=4  B:8♥ J♠=8  BANKER(L)  | -2,000원 → 253,450원
H668 | bet   4,000원 PLAYER | P:J♥ 8♣=8  B:Q♦ 2♣=2  PLAYER(W)  | +4,000원 → 257,450원  [end_win]
H669 | bet   1,000원 BANKER | P:9♣ K♠=9  B:2♠ Q♠=2  PLAYER(L)  | -1,000원 → 256,450원  [start]
H670 | bet   2,000원 PLAYER | P:6♥ A♥=7  B:5♦ 9♠ 5♥=9  BANKER(L)  | -2,000원 → 254,450원
H671 | bet   4,000원 PLAYER | P:2♦ J♠ K♠=2  B:5♠ 7♥ 9♦=1  PLAYER(W)  | +4,000원 → 258,450원  [end_win]
H672 | bet   1,000원 BANKER | P:4♥ 9♥ 5♠=8  B:6♦ 4♦ 8♣=8  TIE(T)  |     0원 → 258,450원
H673 | bet   1,000원 BANKER | P:4♠ 4♥=8  B:10♥ A♣=1  PLAYER(L)  | -1,000원 → 257,450원  [start]
H674 | bet   2,000원 PLAYER | P:A♦ Q♠=1  B:3♠ 5♣=8  BANKER(L)  | -2,000원 → 255,450원
H675 | bet   4,000원 PLAYER | P:K♦ J♣ J♥=0  B:5♣ J♦=5  BANKER(L)  | -4,000원 → 251,450원
H676 | bet   8,000원 PLAYER | P:Q♣ A♣ 5♠=6  B:7♦ 3♥ Q♠=0  PLAYER(W)  | +8,000원 → 259,450원  [end_win]
H677 | bet   1,000원 BANKER | P:Q♦ 4♥ 2♣=6  B:5♣ A♣=6  TIE(T)  |     0원 → 259,450원
H678 | bet   1,000원 BANKER | P:4♦ 6♥ 4♠=4  B:A♥ K♣ 6♣=7  BANKER(W)  | +950원 → 260,400원
H679 | bet   1,000원 BANKER | P:8♥ Q♥=8  B:7♦ 6♣=3  PLAYER(L)  | -1,000원 → 259,400원  [start]
H680 | bet   2,000원 PLAYER | P:Q♦ 10♠ 2♥=2  B:6♦ J♥=6  BANKER(L)  | -2,000원 → 257,400원
H681 | bet   4,000원 PLAYER | P:8♥ 2♦ K♦=0  B:7♦ K♥=7  BANKER(L)  | -4,000원 → 253,400원
H682 | bet   8,000원 PLAYER | P:9♣ J♠=9  B:3♦ J♥=3  PLAYER(W)  | +8,000원 → 261,400원  [end_win]
H683 | bet   1,000원 BANKER | P:K♦ 6♦=6  B:10♥ 8♠=8  BANKER(W)  | +950원 → 262,350원
H684 | bet   1,000원 BANKER | P:4♠ 3♣=7  B:5♦ 2♥=7  TIE(T)  |     0원 → 262,350원
H685 | bet   1,000원 BANKER | P:7♠ J♦=7  B:2♣ 7♥=9  BANKER(W)  | +950원 → 263,300원
H686 | bet   1,000원 BANKER | P:9♣ A♥ 8♦=8  B:6♦ 5♥ 8♦=9  BANKER(W)  | +950원 → 264,250원
H687 | bet   1,000원 BANKER | P:9♣ Q♣=9  B:10♥ 7♦=7  PLAYER(L)  | -1,000원 → 263,250원  [start]
H688 | bet   2,000원 PLAYER | P:10♠ K♥ A♥=1  B:9♣ 3♣ 8♣=0  PLAYER(W)  | +2,000원 → 265,250원  [end_win]
H689 | bet   1,000원 BANKER | P:7♥ 4♣ 10♣=1  B:3♥ 4♦=7  BANKER(W)  | +950원 → 266,200원
H690 | bet   1,000원 BANKER | P:5♣ 8♥=3  B:Q♥ 9♦=9  BANKER(W)  | +950원 → 267,150원
H691 | bet   1,000원 BANKER | P:6♦ 4♦ 3♦=3  B:Q♥ 10♦ 9♥=9  BANKER(W)  | +950원 → 268,100원
H692 | bet   1,000원 BANKER | P:3♣ 8♥ A♠=2  B:3♦ J♥ K♥=3  BANKER(W)  | +950원 → 269,050원
H693 | bet   1,000원 BANKER | P:K♥ 2♦ 3♠=5  B:7♠ 8♠=5  TIE(T)  |     0원 → 269,050원
H694 | bet   1,000원 BANKER | P:5♥ 3♠=8  B:7♠ 7♠=4  PLAYER(L)  | -1,000원 → 268,050원  [start]
H695 | bet   2,000원 PLAYER | P:5♠ A♣=6  B:K♠ J♣ 7♣=7  BANKER(L)  | -2,000원 → 266,050원
H696 | bet   4,000원 PLAYER | P:6♠ A♠=7  B:8♠ Q♠=8  BANKER(L)  | -4,000원 → 262,050원
H697 | bet   8,000원 PLAYER | P:4♦ 2♠=6  B:7♣ J♥=7  BANKER(L)  | -8,000원 → 254,050원
H698 | bet  16,000원 PLAYER | P:2♣ 4♣=6  B:J♥ Q♥ 2♠=2  PLAYER(W)  | +16,000원 → 270,050원  [end_win]
H699 | bet   1,000원 BANKER | P:J♦ Q♠ 8♦=8  B:9♠ 8♥=7  PLAYER(L)  | -1,000원 → 269,050원  [start]
H700 | bet   2,000원 PLAYER | P:10♥ 4♣=4  B:7♠ A♣=8  BANKER(L)  | -2,000원 → 267,050원
H701 | bet   4,000원 PLAYER | P:2♥ 10♦ J♣=2  B:2♠ 5♥=7  BANKER(L)  | -4,000원 → 263,050원
H702 | bet   8,000원 PLAYER | P:9♠ Q♣=9  B:3♦ 2♦=5  PLAYER(W)  | +8,000원 → 271,050원  [end_win]
H703 | bet   1,000원 BANKER | P:Q♥ 6♣=6  B:7♠ 3♣ A♠=1  PLAYER(L)  | -1,000원 → 270,050원  [start]
H704 | bet   2,000원 PLAYER | P:A♦ K♠=1  B:5♣ 4♥=9  BANKER(L)  | -2,000원 → 268,050원
H705 | bet   4,000원 PLAYER | P:3♦ 4♥=7  B:3♦ 3♣=6  PLAYER(W)  | +4,000원 → 272,050원  [end_win]
H706 | bet   1,000원 BANKER | P:4♠ 9♥ 5♥=8  B:7♥ 6♥ 6♠=9  BANKER(W)  | +950원 → 273,000원
H707 | bet   1,000원 BANKER | P:Q♠ J♥ 3♦=3  B:A♠ 9♦ 6♥=6  BANKER(W)  | +950원 → 273,950원
H708 | bet   1,000원 BANKER | P:7♠ 2♦=9  B:10♣ 10♠=0  PLAYER(L)  | -1,000원 → 272,950원  [start]
H709 | bet   2,000원 PLAYER | P:A♥ 2♥ 2♣=5  B:6♠ 9♠=5  TIE(T)  |     0원 → 272,950원
H710 | bet   2,000원 PLAYER | P:7♠ 6♣ 7♥=0  B:Q♥ J♠ 4♣=4  BANKER(L)  | -2,000원 → 270,950원
H711 | bet   4,000원 PLAYER | P:K♠ 9♥=9  B:3♣ 3♥=6  PLAYER(W)  | +4,000원 → 274,950원  [end_win]
H712 | bet   1,000원 BANKER | P:4♦ 10♦ 9♣=3  B:2♥ 9♥ Q♣=1  PLAYER(L)  | -1,000원 → 273,950원  [start]
H713 | bet   2,000원 PLAYER | P:10♣ 2♥ 5♣=7  B:K♥ 6♦=6  PLAYER(W)  | +2,000원 → 275,950원  [end_win]
H714 | bet   1,000원 BANKER | P:Q♣ A♠=1  B:A♠ 7♣=8  BANKER(W)  | +950원 → 276,900원
H715 | bet   1,000원 BANKER | P:2♣ J♦ 4♥=6  B:J♣ 7♦=7  BANKER(W)  | +950원 → 277,850원
H716 | bet   1,000원 BANKER | P:9♣ K♣=9  B:9♠ 5♥=4  PLAYER(L)  | -1,000원 → 276,850원  [start]
H717 | bet   2,000원 PLAYER | P:10♥ 7♣=7  B:7♥ 4♣ 10♠=1  PLAYER(W)  | +2,000원 → 278,850원  [end_win]
H718 | bet   1,000원 BANKER | P:A♥ 8♦=9  B:10♦ 8♣=8  PLAYER(L)  | -1,000원 → 277,850원  [start]
H719 | bet   2,000원 PLAYER | P:6♥ 3♠=9  B:2♥ 10♣=2  PLAYER(W)  | +2,000원 → 279,850원  [end_win]
H720 | bet   1,000원 BANKER | P:K♥ A♣ Q♦=1  B:J♦ K♦ K♦=0  PLAYER(L)  | -1,000원 → 278,850원  [start]
H721 | bet   2,000원 PLAYER | P:K♣ K♣ 7♥=7  B:6♦ K♣ 10♥=6  PLAYER(W)  | +2,000원 → 280,850원  [end_win]
H722 | bet   1,000원 BANKER | P:10♦ Q♠ 2♣=2  B:5♠ 10♣=5  BANKER(W)  | +950원 → 281,800원
H723 | bet   1,000원 BANKER | P:8♣ 3♠ 3♠=4  B:6♣ 8♠ A♦=5  BANKER(W)  | +950원 → 282,750원
H724 | bet   1,000원 BANKER | P:7♣ 8♦=5  B:5♣ 3♦=8  BANKER(W)  | +950원 → 283,700원
H725 | bet   1,000원 BANKER | P:6♠ 7♣ 6♥=9  B:6♠ J♠ 10♦=6  PLAYER(L)  | -1,000원 → 282,700원  [start]
H726 | bet   2,000원 PLAYER | P:9♥ A♦ 3♠=3  B:3♥ A♣ 9♠=3  TIE(T)  |     0원 → 282,700원
H727 | bet   2,000원 PLAYER | P:3♥ 9♦ 5♥=7  B:5♥ 10♠ Q♦=5  PLAYER(W)  | +2,000원 → 284,700원  [end_win]
H728 | bet   1,000원 BANKER | P:8♦ J♦=8  B:4♣ 8♦=2  PLAYER(L)  | -1,000원 → 283,700원  [start]
H729 | bet   2,000원 PLAYER | P:J♣ 5♠ 2♥=7  B:8♠ 5♠ Q♣=3  PLAYER(W)  | +2,000원 → 285,700원  [end_win]
H730 | bet   1,000원 BANKER | P:2♦ 3♠ A♦=6  B:7♣ 10♣=7  BANKER(W)  | +950원 → 286,650원
H731 | bet   1,000원 BANKER | P:8♥ J♠=8  B:A♣ 6♣=7  PLAYER(L)  | -1,000원 → 285,650원  [start]
H732 | bet   2,000원 PLAYER | P:8♠ 6♠ 2♣=6  B:Q♦ 6♣=6  TIE(T)  |     0원 → 285,650원
H733 | bet   2,000원 PLAYER | P:9♥ J♠=9  B:4♠ 6♦=0  PLAYER(W)  | +2,000원 → 287,650원  [end_win]
H734 | bet   1,000원 BANKER | P:9♦ 5♣ J♦=4  B:Q♦ 10♣ 7♦=7  BANKER(W)  | +950원 → 288,600원
H735 | bet   1,000원 BANKER | P:10♠ 10♥ 3♣=3  B:K♦ 4♥ 8♣=2  PLAYER(L)  | -1,000원 → 287,600원  [start]
H736 | bet   2,000원 PLAYER | P:8♥ 3♥ J♣=1  B:2♦ A♥ 8♣=1  TIE(T)  |     0원 → 287,600원
H737 | bet   2,000원 PLAYER | P:2♠ 3♥ 8♣=3  B:5♦ Q♣=5  BANKER(L)  | -2,000원 → 285,600원
H738 | bet   4,000원 PLAYER | P:8♠ 4♣ 9♦=1  B:10♥ 2♦ A♦=3  BANKER(L)  | -4,000원 → 281,600원
H739 | bet   8,000원 PLAYER | P:2♣ 10♣=2  B:3♥ 6♥=9  BANKER(L)  | -8,000원 → 273,600원
H740 | bet  16,000원 PLAYER | P:8♥ 10♥=8  B:J♦ 7♠=7  PLAYER(W)  | +16,000원 → 289,600원  [end_win]
H741 | bet   1,000원 BANKER | P:3♣ 5♦=8  B:5♥ J♠=5  PLAYER(L)  | -1,000원 → 288,600원  [start]
H742 | bet   2,000원 PLAYER | P:Q♠ Q♥ A♣=1  B:K♥ 6♠=6  BANKER(L)  | -2,000원 → 286,600원
H743 | bet   4,000원 PLAYER | P:3♠ 9♠ 6♥=8  B:J♠ 4♠ 9♣=3  PLAYER(W)  | +4,000원 → 290,600원  [end_win]
H744 | bet   1,000원 BANKER | P:J♥ K♥=0  B:8♥ 10♠=8  BANKER(W)  | +950원 → 291,550원
H745 | bet   1,000원 BANKER | P:8♦ 9♦=7  B:Q♣ 4♥ 6♣=0  PLAYER(L)  | -1,000원 → 290,550원  [start]
H746 | bet   2,000원 PLAYER | P:2♥ 8♣ A♦=1  B:4♠ 6♦ 10♣=0  PLAYER(W)  | +2,000원 → 292,550원  [end_win]
H747 | bet   1,000원 BANKER | P:7♦ 5♠ J♦=2  B:9♠ 7♣=6  BANKER(W)  | +950원 → 293,500원
H748 | bet   1,000원 BANKER | P:4♠ 3♥=7  B:K♣ 9♣=9  BANKER(W)  | +950원 → 294,450원
H749 | bet   1,000원 BANKER | P:6♥ A♦=7  B:7♠ K♦=7  TIE(T)  |     0원 → 294,450원
H750 | bet   1,000원 BANKER | P:8♦ 5♠ K♥=3  B:8♣ 5♦ 9♠=2  PLAYER(L)  | -1,000원 → 293,450원  [start]
H751 | bet   2,000원 PLAYER | P:K♣ 8♥=8  B:J♥ J♣=0  PLAYER(W)  | +2,000원 → 295,450원  [end_win]
H752 | bet   1,000원 BANKER | P:8♥ A♣=9  B:4♥ 2♥=6  PLAYER(L)  | -1,000원 → 294,450원  [start]
H753 | bet   2,000원 PLAYER | P:6♦ K♠=6  B:10♠ 5♣ 9♥=4  PLAYER(W)  | +2,000원 → 296,450원  [end_win]
H754 | bet   1,000원 BANKER | P:3♠ 8♣ 4♣=5  B:7♦ 8♠ 7♣=2  PLAYER(L)  | -1,000원 → 295,450원  [start]
H755 | bet   2,000원 PLAYER | P:9♠ 8♣=7  B:2♦ Q♣ 8♦=0  PLAYER(W)  | +2,000원 → 297,450원  [end_win]
H756 | bet   1,000원 BANKER | P:Q♣ Q♠ K♠=0  B:J♦ 3♦ 2♣=5  BANKER(W)  | +950원 → 298,400원
H757 | bet   1,000원 BANKER | P:5♣ 9♦=4  B:10♦ 9♠=9  BANKER(W)  | +950원 → 299,350원
H758 | bet   1,000원 BANKER | P:6♥ 5♦ 7♥=8  B:K♦ A♠ 7♦=8  TIE(T)  |     0원 → 299,350원
H759 | bet   1,000원 BANKER | P:6♦ K♥=6  B:2♠ 4♦=6  TIE(T)  |     0원 → 299,350원
H760 | bet   1,000원 BANKER | P:Q♦ 6♦=6  B:A♣ 8♠=9  BANKER(W)  | +950원 → 300,300원
H761 | bet   1,000원 BANKER | P:9♠ 5♥ 8♣=2  B:A♦ Q♣ 2♥=3  BANKER(W)  | +950원 → 301,250원
H762 | bet   1,000원 BANKER | P:A♠ 2♥ 6♦=9  B:2♠ J♣ Q♠=2  PLAYER(L)  | -1,000원 → 300,250원  [start]
H763 | bet   2,000원 PLAYER | P:J♠ Q♥ A♦=1  B:J♥ K♣ 2♣=2  BANKER(L)  | -2,000원 → 298,250원
H764 | bet   4,000원 PLAYER | P:Q♦ 6♠=6  B:3♠ K♥ J♥=3  PLAYER(W)  | +4,000원 → 302,250원  [end_win]
H765 | bet   1,000원 BANKER | P:6♠ 7♠ 3♦=6  B:2♠ 5♥=7  BANKER(W)  | +950원 → 303,200원
H766 | bet   1,000원 BANKER | P:J♠ A♠ 5♦=6  B:3♦ A♠ 8♦=2  PLAYER(L)  | -1,000원 → 302,200원  [start]
H767 | bet   2,000원 PLAYER | P:10♠ 9♣=9  B:7♣ 5♣=2  PLAYER(W)  | +2,000원 → 304,200원  [end_win]
H768 | bet   1,000원 BANKER | P:2♣ 9♥=1  B:Q♣ 8♣=8  BANKER(W)  | +950원 → 305,150원
H769 | bet   1,000원 BANKER | P:7♥ 10♣=7  B:9♥ 9♦=8  BANKER(W)  | +950원 → 306,100원
H770 | bet   1,000원 BANKER | P:4♠ 9♥ 6♣=9  B:10♦ A♠ 7♦=8  PLAYER(L)  | -1,000원 → 305,100원  [start]
H771 | bet   2,000원 PLAYER | P:10♠ 9♥=9  B:10♣ 3♣=3  PLAYER(W)  | +2,000원 → 307,100원  [end_win]
H772 | bet   1,000원 BANKER | P:3♥ Q♣ 8♦=1  B:A♠ 3♦=4  BANKER(W)  | +950원 → 308,050원
H773 | bet   1,000원 BANKER | P:5♠ 6♠ 3♠=4  B:A♥ J♠ K♠=1  PLAYER(L)  | -1,000원 → 307,050원  [start]
H774 | bet   2,000원 PLAYER | P:K♦ 4♥ J♠=4  B:6♥ 5♠ Q♥=1  PLAYER(W)  | +2,000원 → 309,050원  [end_win]
H775 | bet   1,000원 BANKER | P:3♥ K♣ 3♥=6  B:8♥ 9♦=7  BANKER(W)  | +950원 → 310,000원
H776 | bet   1,000원 BANKER | P:Q♣ 10♦ K♠=0  B:7♦ Q♠=7  BANKER(W)  | +950원 → 310,950원
H777 | bet   1,000원 BANKER | P:A♦ A♣ A♥=3  B:J♦ 3♣ K♥=3  TIE(T)  |     0원 → 310,950원
H778 | bet   1,000원 BANKER | P:4♠ 5♣=9  B:A♠ K♣=1  PLAYER(L)  | -1,000원 → 309,950원  [start]
H779 | bet   2,000원 PLAYER | P:A♥ 5♥=6  B:3♥ 7♥ K♦=0  PLAYER(W)  | +2,000원 → 311,950원  [end_win]
H780 | bet   1,000원 BANKER | P:4♣ 8♣=2  B:9♣ Q♦=9  BANKER(W)  | +950원 → 312,900원
H781 | bet   1,000원 BANKER | P:3♦ 7♠ 6♣=6  B:10♦ K♥ K♠=0  PLAYER(L)  | -1,000원 → 311,900원  [start]
H782 | bet   2,000원 PLAYER | P:3♣ Q♦ 6♠=9  B:7♥ 7♠ Q♠=4  PLAYER(W)  | +2,000원 → 313,900원  [end_win]
H783 | bet   1,000원 BANKER | P:J♣ 6♦=6  B:J♦ 3♠ 10♣=3  PLAYER(L)  | -1,000원 → 312,900원  [start]
H784 | bet   2,000원 PLAYER | P:5♠ J♦ 5♥=0  B:6♦ 9♣ 10♣=5  BANKER(L)  | -2,000원 → 310,900원
H785 | bet   4,000원 PLAYER | P:K♥ A♦=1  B:9♦ 9♥=8  BANKER(L)  | -4,000원 → 306,900원
H786 | bet   8,000원 PLAYER | P:K♠ A♣ 4♥=5  B:2♥ A♣ Q♥=3  PLAYER(W)  | +8,000원 → 314,900원  [end_win]
H787 | bet   1,000원 BANKER | P:5♥ 7♦ 5♠=7  B:10♠ 3♥ 4♦=7  TIE(T)  |     0원 → 314,900원
H788 | bet   1,000원 BANKER | P:J♥ 8♥=8  B:7♣ K♠=7  PLAYER(L)  | -1,000원 → 313,900원  [start]
H789 | bet   2,000원 PLAYER | P:J♣ 7♠=7  B:2♦ 7♣=9  BANKER(L)  | -2,000원 → 311,900원
H790 | bet   4,000원 PLAYER | P:Q♦ 4♦ A♥=5  B:4♣ J♣=4  PLAYER(W)  | +4,000원 → 315,900원  [end_win]
H791 | bet   1,000원 BANKER | P:Q♦ 2♣ 5♦=7  B:J♣ 6♥=6  PLAYER(L)  | -1,000원 → 314,900원  [start]
H792 | bet   2,000원 PLAYER | P:5♠ 2♠=7  B:8♠ 4♣ 4♠=6  PLAYER(W)  | +2,000원 → 316,900원  [end_win]
H793 | bet   1,000원 BANKER | P:A♥ 9♣ 4♠=4  B:3♦ 10♠ 9♣=2  PLAYER(L)  | -1,000원 → 315,900원  [start]
H794 | bet   2,000원 PLAYER | P:6♠ 7♥ 6♦=9  B:10♠ 6♥ 7♥=3  PLAYER(W)  | +2,000원 → 317,900원  [end_win]
H795 | bet   1,000원 BANKER | P:9♠ 5♣=4  B:7♣ 2♦=9  BANKER(W)  | +950원 → 318,850원
H796 | bet   1,000원 BANKER | P:2♣ 8♥ 9♥=9  B:8♦ 7♣=5  PLAYER(L)  | -1,000원 → 317,850원  [start]
H797 | bet   2,000원 PLAYER | P:K♦ 10♠ 6♣=6  B:2♠ K♣ K♣=2  PLAYER(W)  | +2,000원 → 319,850원  [end_win]
H798 | bet   1,000원 BANKER | P:10♥ Q♠ 4♥=4  B:9♣ 6♠ 2♦=7  BANKER(W)  | +950원 → 320,800원
H799 | bet   1,000원 BANKER | P:9♥ A♠ 7♥=7  B:3♦ 8♠ 2♥=3  PLAYER(L)  | -1,000원 → 319,800원  [start]
H800 | bet   2,000원 PLAYER | P:4♣ Q♥ 4♦=8  B:3♣ 8♦ 2♣=3  PLAYER(W)  | +2,000원 → 321,800원  [end_win]
H801 | bet   1,000원 BANKER | P:3♣ 5♣=8  B:3♥ 5♥=8  TIE(T)  |     0원 → 321,800원
H802 | bet   1,000원 BANKER | P:2♠ 6♣=8  B:5♦ 7♦=2  PLAYER(L)  | -1,000원 → 320,800원  [start]
H803 | bet   2,000원 PLAYER | P:4♣ 10♦ 4♥=8  B:J♣ 10♣ 6♣=6  PLAYER(W)  | +2,000원 → 322,800원  [end_win]
H804 | bet   1,000원 BANKER | P:8♠ 7♦ 3♣=8  B:2♦ 4♠=6  PLAYER(L)  | -1,000원 → 321,800원  [start]
H805 | bet   2,000원 PLAYER | P:A♣ 2♣ 7♠=0  B:10♥ 2♥ 7♥=9  BANKER(L)  | -2,000원 → 319,800원
H806 | bet   4,000원 PLAYER | P:10♣ 4♦ 10♥=4  B:8♣ 3♠ 4♦=5  BANKER(L)  | -4,000원 → 315,800원
H807 | bet   8,000원 PLAYER | P:Q♦ 6♣=6  B:6♣ 10♥=6  TIE(T)  |     0원 → 315,800원
H808 | bet   8,000원 PLAYER | P:10♦ J♣ 10♦=0  B:6♥ A♦=7  BANKER(L)  | -8,000원 → 307,800원
H809 | bet  16,000원 PLAYER | P:2♠ 9♠ 8♠=9  B:4♥ J♥=4  PLAYER(W)  | +16,000원 → 323,800원  [end_win]
H810 | bet   1,000원 BANKER | P:4♦ 9♦ 8♥=1  B:J♥ 10♥ 4♦=4  BANKER(W)  | +950원 → 324,750원
H811 | bet   1,000원 BANKER | P:7♠ 5♠ Q♥=2  B:7♣ 3♣ Q♠=0  PLAYER(L)  | -1,000원 → 323,750원  [start]
H812 | bet   2,000원 PLAYER | P:K♠ 2♦ 5♥=7  B:9♦ 5♣ Q♦=4  PLAYER(W)  | +2,000원 → 325,750원  [end_win]
H813 | bet   1,000원 BANKER | P:8♠ 5♦=3  B:J♠ 9♦=9  BANKER(W)  | +950원 → 326,700원
H814 | bet   1,000원 BANKER | P:2♥ 8♦=0  B:6♠ 3♠=9  BANKER(W)  | +950원 → 327,650원
H815 | bet   1,000원 BANKER | P:4♥ 10♦ Q♥=4  B:Q♥ K♦ 4♣=4  TIE(T)  |     0원 → 327,650원
H816 | bet   1,000원 BANKER | P:Q♣ 4♣ 5♣=9  B:K♦ 2♦ K♣=2  PLAYER(L)  | -1,000원 → 326,650원  [start]
H817 | bet   2,000원 PLAYER | P:A♦ 8♠=9  B:K♦ 3♠=3  PLAYER(W)  | +2,000원 → 328,650원  [end_win]
H818 | bet   1,000원 BANKER | P:A♥ J♥ J♦=1  B:A♣ 2♠ A♥=4  BANKER(W)  | +950원 → 329,600원
H819 | bet   1,000원 BANKER | P:K♣ 5♦=5  B:Q♦ 8♥=8  BANKER(W)  | +950원 → 330,550원
H820 | bet   1,000원 BANKER | P:5♣ 5♥ 6♠=6  B:10♥ 7♠=7  BANKER(W)  | +950원 → 331,500원
H821 | bet   1,000원 BANKER | P:K♣ 5♥ A♣=6  B:5♣ K♣=5  PLAYER(L)  | -1,000원 → 330,500원  [start]
H822 | bet   2,000원 PLAYER | P:8♦ K♥=8  B:6♣ 6♥=2  PLAYER(W)  | +2,000원 → 332,500원  [end_win]
H823 | bet   1,000원 BANKER | P:K♥ J♣ Q♥=0  B:2♠ A♥ 3♥=6  BANKER(W)  | +950원 → 333,450원
H824 | bet   1,000원 BANKER | P:Q♥ 7♠=7  B:Q♥ K♦ 10♥=0  PLAYER(L)  | -1,000원 → 332,450원  [start]
H825 | bet   2,000원 PLAYER | P:K♠ 7♠=7  B:Q♠ 4♠ 6♣=0  PLAYER(W)  | +2,000원 → 334,450원  [end_win]
H826 | bet   1,000원 BANKER | P:3♥ K♥ 10♦=3  B:8♦ 9♠=7  BANKER(W)  | +950원 → 335,400원
H827 | bet   1,000원 BANKER | P:8♠ 3♥ 9♥=0  B:6♦ A♥=7  BANKER(W)  | +950원 → 336,350원
H828 | bet   1,000원 BANKER | P:6♠ J♥=6  B:A♥ 2♥ Q♣=3  PLAYER(L)  | -1,000원 → 335,350원  [start]
H829 | bet   2,000원 PLAYER | P:Q♦ 10♠ 6♦=6  B:10♣ 5♠ 8♣=3  PLAYER(W)  | +2,000원 → 337,350원  [end_win]
H830 | bet   1,000원 BANKER | P:3♣ Q♠ 7♠=0  B:6♠ J♥ 8♥=4  BANKER(W)  | +950원 → 338,300원
H831 | bet   1,000원 BANKER | P:10♦ J♥ 7♣=7  B:3♥ K♠ A♥=4  PLAYER(L)  | -1,000원 → 337,300원  [start]
H832 | bet   2,000원 PLAYER | P:J♦ 2♣=2  B:9♦ Q♠=9  BANKER(L)  | -2,000원 → 335,300원
H833 | bet   4,000원 PLAYER | P:8♣ A♥=9  B:3♠ 7♦=0  PLAYER(W)  | +4,000원 → 339,300원  [end_win]
H834 | bet   1,000원 BANKER | P:5♥ 3♣=8  B:9♠ 4♥=3  PLAYER(L)  | -1,000원 → 338,300원  [start]
H835 | bet   2,000원 PLAYER | P:9♣ 9♦=8  B:A♣ 3♦=4  PLAYER(W)  | +2,000원 → 340,300원  [end_win]
H836 | bet   1,000원 BANKER | P:7♥ Q♠=7  B:Q♦ 3♣ 8♣=1  PLAYER(L)  | -1,000원 → 339,300원  [start]
H837 | bet   2,000원 PLAYER | P:4♠ Q♦ 2♦=6  B:J♦ 7♦=7  BANKER(L)  | -2,000원 → 337,300원
H838 | bet   4,000원 PLAYER | P:9♦ J♣=9  B:A♦ 9♠=0  PLAYER(W)  | +4,000원 → 341,300원  [end_win]
H839 | bet   1,000원 BANKER | P:4♣ 6♦ 7♥=7  B:5♦ 6♦ 5♥=6  PLAYER(L)  | -1,000원 → 340,300원  [start]
H840 | bet   2,000원 PLAYER | P:A♦ 9♣ 7♣=7  B:5♥ 7♣ J♥=2  PLAYER(W)  | +2,000원 → 342,300원  [end_win]
H841 | bet   1,000원 BANKER | P:3♦ 9♠ J♣=2  B:3♠ 4♥=7  BANKER(W)  | +950원 → 343,250원
H842 | bet   1,000원 BANKER | P:A♥ 3♦ 10♣=4  B:J♦ 5♠=5  BANKER(W)  | +950원 → 344,200원
H843 | bet   1,000원 BANKER | P:6♣ K♥=6  B:4♠ A♥ 8♦=3  PLAYER(L)  | -1,000원 → 343,200원  [start]
H844 | bet   2,000원 PLAYER | P:4♣ K♠=4  B:K♦ 9♥=9  BANKER(L)  | -2,000원 → 341,200원
H845 | bet   4,000원 PLAYER | P:4♣ 4♦=8  B:4♥ 6♠=0  PLAYER(W)  | +4,000원 → 345,200원  [end_win]
H846 | bet   1,000원 BANKER | P:5♦ K♦ 7♥=2  B:7♠ 10♠=7  BANKER(W)  | +950원 → 346,150원
H847 | bet   1,000원 BANKER | P:2♣ 4♦=6  B:7♥ 2♦=9  BANKER(W)  | +950원 → 347,100원
H848 | bet   1,000원 BANKER | P:A♦ 2♦ 3♦=6  B:3♦ 9♥ 9♦=1  PLAYER(L)  | -1,000원 → 346,100원  [start]
H849 | bet   2,000원 PLAYER | P:Q♠ 2♥ 6♦=8  B:Q♥ A♦ 7♥=8  TIE(T)  |     0원 → 346,100원
H850 | bet   2,000원 PLAYER | P:9♦ 7♦=6  B:A♠ 6♠=7  BANKER(L)  | -2,000원 → 344,100원
H851 | bet   4,000원 PLAYER | P:8♠ 5♣ 10♣=3  B:10♠ 3♠ A♠=4  BANKER(L)  | -4,000원 → 340,100원
H852 | bet   8,000원 PLAYER | P:5♦ 4♣=9  B:4♦ 8♠=2  PLAYER(W)  | +8,000원 → 348,100원  [end_win]
H853 | bet   1,000원 BANKER | P:5♣ 5♣=0  B:Q♠ 8♥=8  BANKER(W)  | +950원 → 349,050원
H854 | bet   1,000원 BANKER | P:7♠ 2♣=9  B:9♠ 4♦=3  PLAYER(L)  | -1,000원 → 348,050원  [start]
H855 | bet   2,000원 PLAYER | P:9♣ 8♦=7  B:A♠ 6♥=7  TIE(T)  |     0원 → 348,050원
H856 | bet   2,000원 PLAYER | P:6♦ 10♣=6  B:2♦ 5♣=7  BANKER(L)  | -2,000원 → 346,050원
H857 | bet   4,000원 PLAYER | P:10♥ 2♥ Q♣=2  B:Q♣ 4♦=4  BANKER(L)  | -4,000원 → 342,050원
H858 | bet   8,000원 PLAYER | P:5♦ J♦ K♠=5  B:A♣ 10♣ 10♥=1  PLAYER(W)  | +8,000원 → 350,050원  [end_win]
H859 | bet   1,000원 BANKER | P:3♥ 8♣=1  B:8♥ K♦=8  BANKER(W)  | +950원 → 351,000원
H860 | bet   1,000원 BANKER | P:6♦ Q♥=6  B:K♣ J♥ A♠=1  PLAYER(L)  | -1,000원 → 350,000원  [start]
H861 | bet   2,000원 PLAYER | P:3♣ A♦ J♣=4  B:7♦ 7♣=4  TIE(T)  |     0원 → 350,000원
H862 | bet   2,000원 PLAYER | P:7♥ 3♦ 4♠=4  B:2♣ J♦ 3♣=5  BANKER(L)  | -2,000원 → 348,000원
H863 | bet   4,000원 PLAYER | P:10♦ J♦ 10♥=0  B:J♥ 5♠=5  BANKER(L)  | -4,000원 → 344,000원
H864 | bet   8,000원 PLAYER | P:7♠ 10♠=7  B:9♥ 5♠ J♠=4  PLAYER(W)  | +8,000원 → 352,000원  [end_win]
H865 | bet   1,000원 BANKER | P:8♦ 10♦=8  B:J♠ 5♠=5  PLAYER(L)  | -1,000원 → 351,000원  [start]
H866 | bet   2,000원 PLAYER | P:8♣ 4♠ 6♥=8  B:4♥ 10♣ 2♥=6  PLAYER(W)  | +2,000원 → 353,000원  [end_win]
H867 | bet   1,000원 BANKER | P:K♣ K♦ 2♥=2  B:J♣ 10♠ J♠=0  PLAYER(L)  | -1,000원 → 352,000원  [start]
H868 | bet   2,000원 PLAYER | P:6♦ 5♥ 10♠=1  B:10♠ 7♣=7  BANKER(L)  | -2,000원 → 350,000원
H869 | bet   4,000원 PLAYER | P:K♠ 8♠=8  B:4♣ K♠=4  PLAYER(W)  | +4,000원 → 354,000원  [end_win]
H870 | bet   1,000원 BANKER | P:Q♥ K♣ 3♥=3  B:7♣ 8♥=5  BANKER(W)  | +950원 → 354,950원
H871 | bet   1,000원 BANKER | P:A♣ Q♥ 5♦=6  B:A♣ 5♣=6  TIE(T)  |     0원 → 354,950원
H872 | bet   1,000원 BANKER | P:5♦ 3♠=8  B:A♣ 2♦=3  PLAYER(L)  | -1,000원 → 353,950원  [start]
H873 | bet   2,000원 PLAYER | P:10♥ K♦ J♠=0  B:4♦ 3♥=7  BANKER(L)  | -2,000원 → 351,950원
H874 | bet   4,000원 PLAYER | P:2♣ Q♦ A♦=3  B:6♥ 8♦=4  BANKER(L)  | -4,000원 → 347,950원
H875 | bet   8,000원 PLAYER | P:4♣ 8♠ 4♣=6  B:8♦ 2♠ 2♠=2  PLAYER(W)  | +8,000원 → 355,950원  [end_win]
H876 | bet   1,000원 BANKER | P:2♣ J♠ 2♠=4  B:8♠ 4♥ 7♦=9  BANKER(W)  | +950원 → 356,900원
H877 | bet   1,000원 BANKER | P:Q♣ K♠=0  B:J♣ 9♠=9  BANKER(W)  | +950원 → 357,850원
H878 | bet   1,000원 BANKER | P:8♣ K♥=8  B:5♠ Q♦=5  PLAYER(L)  | -1,000원 → 356,850원  [start]
H879 | bet   2,000원 PLAYER | P:3♠ 8♣=1  B:K♦ 9♥=9  BANKER(L)  | -2,000원 → 354,850원
H880 | bet   4,000원 PLAYER | P:7♠ 6♥ 7♥=0  B:7♣ K♣=7  BANKER(L)  | -4,000원 → 350,850원
H881 | bet   8,000원 PLAYER | P:9♥ A♣ Q♣=0  B:5♥ 8♠ 3♠=6  BANKER(L)  | -8,000원 → 342,850원
H882 | bet  16,000원 PLAYER | P:6♣ A♠=7  B:7♦ 10♦=7  TIE(T)  |     0원 → 342,850원
H883 | bet  16,000원 PLAYER | P:6♣ 2♠=8  B:8♥ 2♠=0  PLAYER(W)  | +16,000원 → 358,850원  [end_win]
H884 | bet   1,000원 BANKER | P:10♦ 4♥ 10♠=4  B:9♣ A♣ 9♠=9  BANKER(W)  | +950원 → 359,800원
H885 | bet   1,000원 BANKER | P:7♥ 2♦=9  B:K♣ Q♥=0  PLAYER(L)  | -1,000원 → 358,800원  [start]
H886 | bet   2,000원 PLAYER | P:3♠ 4♠=7  B:A♠ 6♠=7  TIE(T)  |     0원 → 358,800원
H887 | bet   2,000원 PLAYER | P:9♦ 3♥ 6♣=8  B:Q♠ 7♦=7  PLAYER(W)  | +2,000원 → 360,800원  [end_win]
H888 | bet   1,000원 BANKER | P:10♦ 9♣=9  B:J♦ 5♣=5  PLAYER(L)  | -1,000원 → 359,800원  [start]
H889 | bet   2,000원 PLAYER | P:6♥ 9♣ 8♦=3  B:6♠ 6♠ A♠=3  TIE(T)  |     0원 → 359,800원
H890 | bet   2,000원 PLAYER | P:A♦ 2♥ 8♠=1  B:2♠ A♦=3  BANKER(L)  | -2,000원 → 357,800원
H891 | bet   4,000원 PLAYER | P:Q♣ 6♥=6  B:J♥ J♠ K♦=0  PLAYER(W)  | +4,000원 → 361,800원  [end_win]
H892 | bet   1,000원 BANKER | P:10♣ 9♣=9  B:2♦ Q♦=2  PLAYER(L)  | -1,000원 → 360,800원  [start]
H893 | bet   2,000원 PLAYER | P:K♥ 4♥ 2♣=6  B:A♥ 4♠=5  PLAYER(W)  | +2,000원 → 362,800원  [end_win]
H894 | bet   1,000원 BANKER | P:K♥ 10♥ 5♦=5  B:2♥ K♥ Q♠=2  PLAYER(L)  | -1,000원 → 361,800원  [start]
H895 | bet   2,000원 PLAYER | P:3♠ 4♠=7  B:3♣ 6♣=9  BANKER(L)  | -2,000원 → 359,800원
H896 | bet   4,000원 PLAYER | P:4♥ 4♦=8  B:5♥ J♠=5  PLAYER(W)  | +4,000원 → 363,800원  [end_win]
H897 | bet   1,000원 BANKER | P:6♥ 9♦=5  B:J♣ 9♦=9  BANKER(W)  | +950원 → 364,750원
H898 | bet   1,000원 BANKER | P:5♠ 2♠=7  B:6♣ 7♦ 3♣=6  PLAYER(L)  | -1,000원 → 363,750원  [start]
H899 | bet   2,000원 PLAYER | P:7♣ A♠=8  B:3♣ 8♥=1  PLAYER(W)  | +2,000원 → 365,750원  [end_win]
H900 | bet   1,000원 BANKER | P:Q♦ 10♣ 3♦=3  B:K♠ Q♣ 4♣=4  BANKER(W)  | +950원 → 366,700원
H901 | bet   1,000원 BANKER | P:4♦ 8♣=2  B:9♣ 9♥=8  BANKER(W)  | +950원 → 367,650원
H902 | bet   1,000원 BANKER | P:10♦ 9♥=9  B:J♦ 3♦=3  PLAYER(L)  | -1,000원 → 366,650원  [start]
H903 | bet   2,000원 PLAYER | P:9♥ 4♣ A♦=4  B:6♦ K♥=6  BANKER(L)  | -2,000원 → 364,650원
H904 | bet   4,000원 PLAYER | P:7♥ 2♠=9  B:Q♥ 6♦=6  PLAYER(W)  | +4,000원 → 368,650원  [end_win]
H905 | bet   1,000원 BANKER | P:7♦ K♠=7  B:10♠ Q♣ 3♦=3  PLAYER(L)  | -1,000원 → 367,650원  [start]
H906 | bet   2,000원 PLAYER | P:6♥ 5♠ 5♠=6  B:6♠ Q♦=6  TIE(T)  |     0원 → 367,650원
H907 | bet   2,000원 PLAYER | P:3♣ K♦=3  B:4♥ 4♦=8  BANKER(L)  | -2,000원 → 365,650원
H908 | bet   4,000원 PLAYER | P:J♦ 5♦ 2♠=7  B:10♣ A♣ Q♥=1  PLAYER(W)  | +4,000원 → 369,650원  [end_win]
H909 | bet   1,000원 BANKER | P:6♥ 7♣ 2♦=5  B:10♣ 6♠=6  BANKER(W)  | +950원 → 370,600원
H910 | bet   1,000원 BANKER | P:2♥ 5♠=7  B:9♣ 9♥=8  BANKER(W)  | +950원 → 371,550원
H911 | bet   1,000원 BANKER | P:2♦ 5♠=7  B:5♠ J♣ 6♠=1  PLAYER(L)  | -1,000원 → 370,550원  [start]
H912 | bet   2,000원 PLAYER | P:A♦ J♣ 8♦=9  B:3♦ Q♥=3  PLAYER(W)  | +2,000원 → 372,550원  [end_win]
H913 | bet   1,000원 BANKER | P:9♦ 6♦ 7♠=2  B:6♥ 10♠ 3♠=9  BANKER(W)  | +950원 → 373,500원
H914 | bet   1,000원 BANKER | P:3♣ 8♦ 9♦=0  B:9♠ 8♦=7  BANKER(W)  | +950원 → 374,450원
H915 | bet   1,000원 BANKER | P:6♣ J♦=6  B:6♠ A♠=7  BANKER(W)  | +950원 → 375,400원
H916 | bet   1,000원 BANKER | P:7♥ 2♠=9  B:J♠ A♣=1  PLAYER(L)  | -1,000원 → 374,400원  [start]
H917 | bet   2,000원 PLAYER | P:2♣ 9♣ 3♣=4  B:8♦ 5♣ 6♥=9  BANKER(L)  | -2,000원 → 372,400원
H918 | bet   4,000원 PLAYER | P:10♦ K♦ J♦=0  B:8♦ 4♣ 7♦=9  BANKER(L)  | -4,000원 → 368,400원
H919 | bet   8,000원 PLAYER | P:3♦ 2♥=5  B:2♦ 7♦=9  BANKER(L)  | -8,000원 → 360,400원
H920 | bet  16,000원 PLAYER | P:5♠ 6♠ 6♣=7  B:J♠ 10♣ 4♠=4  PLAYER(W)  | +16,000원 → 376,400원  [end_win]
H921 | bet   1,000원 BANKER | P:3♣ 9♣ 5♦=7  B:Q♠ 2♣ 2♣=4  PLAYER(L)  | -1,000원 → 375,400원  [start]
H922 | bet   2,000원 PLAYER | P:2♠ 8♥=0  B:3♣ 5♥=8  BANKER(L)  | -2,000원 → 373,400원
H923 | bet   4,000원 PLAYER | P:A♥ 2♣ 7♣=0  B:Q♣ Q♦ 8♣=8  BANKER(L)  | -4,000원 → 369,400원
H924 | bet   8,000원 PLAYER | P:10♣ 3♠ K♣=3  B:Q♣ Q♦ 9♥=9  BANKER(L)  | -8,000원 → 361,400원
H925 | bet  16,000원 PLAYER | P:K♠ A♠ 5♦=6  B:7♣ 3♠ 5♣=5  PLAYER(W)  | +16,000원 → 377,400원  [end_win]
H926 | bet   1,000원 BANKER | P:A♥ K♥ 4♦=5  B:7♠ J♠=7  BANKER(W)  | +950원 → 378,350원
H927 | bet   1,000원 BANKER | P:7♥ J♥=7  B:K♣ 9♠=9  BANKER(W)  | +950원 → 379,300원
H928 | bet   1,000원 BANKER | P:Q♣ 4♠ 6♠=0  B:K♠ 3♣ J♥=3  BANKER(W)  | +950원 → 380,250원
H929 | bet   1,000원 BANKER | P:K♣ 10♥ K♥=0  B:4♠ 2♣=6  BANKER(W)  | +950원 → 381,200원
H930 | bet   1,000원 BANKER | P:K♣ 8♠=8  B:A♦ 8♠=9  BANKER(W)  | +950원 → 382,150원
H931 | bet   1,000원 BANKER | P:A♥ Q♠ 10♣=1  B:J♦ 6♣=6  BANKER(W)  | +950원 → 383,100원
H932 | bet   1,000원 BANKER | P:K♥ 7♥=7  B:2♥ 10♥ 9♦=1  PLAYER(L)  | -1,000원 → 382,100원  [start]
H933 | bet   2,000원 PLAYER | P:A♠ 8♠=9  B:A♣ A♦=2  PLAYER(W)  | +2,000원 → 384,100원  [end_win]
H934 | bet   1,000원 BANKER | P:9♠ Q♦=9  B:K♦ 2♠=2  PLAYER(L)  | -1,000원 → 383,100원  [start]
H935 | bet   2,000원 PLAYER | P:8♣ A♠=9  B:10♣ 5♥=5  PLAYER(W)  | +2,000원 → 385,100원  [end_win]
H936 | bet   1,000원 BANKER | P:7♦ 4♦ 2♦=3  B:8♣ 4♠ 2♥=4  BANKER(W)  | +950원 → 386,050원
H937 | bet   1,000원 BANKER | P:7♣ 8♠=5  B:A♥ 8♥=9  BANKER(W)  | +950원 → 387,000원
H938 | bet   1,000원 BANKER | P:Q♦ 10♦ Q♥=0  B:7♠ K♣=7  BANKER(W)  | +950원 → 387,950원
H939 | bet   1,000원 BANKER | P:8♠ 7♣ J♥=5  B:A♠ 9♦ 2♥=2  PLAYER(L)  | -1,000원 → 386,950원  [start]
H940 | bet   2,000원 PLAYER | P:2♣ 8♥ 5♣=5  B:6♦ K♠=6  BANKER(L)  | -2,000원 → 384,950원
H941 | bet   4,000원 PLAYER | P:8♠ 6♣ 7♥=1  B:10♠ 4♠ 7♥=1  TIE(T)  |     0원 → 384,950원
H942 | bet   4,000원 PLAYER | P:J♥ 2♥=2  B:Q♣ 8♣=8  BANKER(L)  | -4,000원 → 380,950원
H943 | bet   8,000원 PLAYER | P:A♣ 4♠ 4♦=9  B:4♠ Q♥ 8♠=2  PLAYER(W)  | +8,000원 → 388,950원  [end_win]
H944 | bet   1,000원 BANKER | P:6♦ 8♦ J♠=4  B:2♥ 9♣ J♦=1  PLAYER(L)  | -1,000원 → 387,950원  [start]
H945 | bet   2,000원 PLAYER | P:K♣ 8♥=8  B:10♦ A♠=1  PLAYER(W)  | +2,000원 → 389,950원  [end_win]
H946 | bet   1,000원 BANKER | P:9♦ J♠=9  B:9♠ Q♠=9  TIE(T)  |     0원 → 389,950원
H947 | bet   1,000원 BANKER | P:10♣ 8♣=8  B:K♦ 3♥=3  PLAYER(L)  | -1,000원 → 388,950원  [start]
H948 | bet   2,000원 PLAYER | P:6♣ 9♣ K♦=5  B:5♥ 5♦ A♥=1  PLAYER(W)  | +2,000원 → 390,950원  [end_win]
H949 | bet   1,000원 BANKER | P:9♦ 2♠ Q♦=1  B:7♠ 9♥=6  BANKER(W)  | +950원 → 391,900원
H950 | bet   1,000원 BANKER | P:A♦ 8♣=9  B:3♦ 9♥=2  PLAYER(L)  | -1,000원 → 390,900원  [start]
H951 | bet   2,000원 PLAYER | P:9♦ 5♣ 3♥=7  B:6♣ 9♣=5  PLAYER(W)  | +2,000원 → 392,900원  [end_win]
H952 | bet   1,000원 BANKER | P:7♣ 4♥ 3♠=4  B:3♠ 3♠=6  BANKER(W)  | +950원 → 393,850원
H953 | bet   1,000원 BANKER | P:9♥ K♠=9  B:A♠ 2♠=3  PLAYER(L)  | -1,000원 → 392,850원  [start]
H954 | bet   2,000원 PLAYER | P:4♦ 6♥ 10♠=0  B:2♦ 5♦=7  BANKER(L)  | -2,000원 → 390,850원
H955 | bet   4,000원 PLAYER | P:K♥ A♣=1  B:8♥ K♦=8  BANKER(L)  | -4,000원 → 386,850원
H956 | bet   8,000원 PLAYER | P:2♥ 8♠ A♣=1  B:Q♥ K♥ J♣=0  PLAYER(W)  | +8,000원 → 394,850원  [end_win]
H957 | bet   1,000원 BANKER | P:5♠ 3♥=8  B:Q♣ J♣=0  PLAYER(L)  | -1,000원 → 393,850원  [start]
H958 | bet   2,000원 PLAYER | P:J♣ Q♣=0  B:5♥ 3♣=8  BANKER(L)  | -2,000원 → 391,850원
H959 | bet   4,000원 PLAYER | P:3♦ 6♣=9  B:2♦ Q♠=2  PLAYER(W)  | +4,000원 → 395,850원  [end_win]
H960 | bet   1,000원 BANKER | P:9♦ 4♦ 3♦=6  B:9♠ 3♦ Q♠=2  PLAYER(L)  | -1,000원 → 394,850원  [start]
H961 | bet   2,000원 PLAYER | P:10♦ Q♣ Q♠=0  B:7♠ 8♣=5  BANKER(L)  | -2,000원 → 392,850원
H962 | bet   4,000원 PLAYER | P:4♦ 9♠=3  B:J♣ 8♥=8  BANKER(L)  | -4,000원 → 388,850원
H963 | bet   8,000원 PLAYER | P:4♣ 6♣ 4♣=4  B:A♦ J♦ Q♠=1  PLAYER(W)  | +8,000원 → 396,850원  [end_win]
H964 | bet   1,000원 BANKER | P:7♥ 10♥=7  B:6♦ 6♦ 4♥=6  PLAYER(L)  | -1,000원 → 395,850원  [start]
H965 | bet   2,000원 PLAYER | P:10♦ 3♠ 5♦=8  B:4♥ 8♦ J♠=2  PLAYER(W)  | +2,000원 → 397,850원  [end_win]
H966 | bet   1,000원 BANKER | P:2♣ 7♦=9  B:4♣ 5♣=9  TIE(T)  |     0원 → 397,850원
H967 | bet   1,000원 BANKER | P:Q♦ 9♥=9  B:A♦ 9♠=0  PLAYER(L)  | -1,000원 → 396,850원  [start]
H968 | bet   2,000원 PLAYER | P:3♥ 10♦ 5♣=8  B:4♦ 3♥=7  PLAYER(W)  | +2,000원 → 398,850원  [end_win]
H969 | bet   1,000원 BANKER | P:7♠ J♠=7  B:K♥ 9♥=9  BANKER(W)  | +950원 → 399,800원
H970 | bet   1,000원 BANKER | P:K♠ 6♠=6  B:K♦ J♥ 10♥=0  PLAYER(L)  | -1,000원 → 398,800원  [start]
H971 | bet   2,000원 PLAYER | P:7♥ Q♥=7  B:8♥ 6♥ J♥=4  PLAYER(W)  | +2,000원 → 400,800원  [end_win]
H972 | bet   1,000원 BANKER | P:2♦ 4♥=6  B:10♠ K♦ J♥=0  PLAYER(L)  | -1,000원 → 399,800원  [start]
H973 | bet   2,000원 PLAYER | P:10♠ 5♥ K♠=5  B:10♥ 7♣=7  BANKER(L)  | -2,000원 → 397,800원
H974 | bet   4,000원 PLAYER | P:6♦ 5♣ A♣=2  B:10♠ K♣ 3♦=3  BANKER(L)  | -4,000원 → 393,800원
H975 | bet   8,000원 PLAYER | P:J♠ J♣ J♣=0  B:7♠ 5♠ 3♣=5  BANKER(L)  | -8,000원 → 385,800원
H976 | bet  16,000원 PLAYER | P:7♦ 5♣ K♠=2  B:3♥ J♥ 9♠=2  TIE(T)  |     0원 → 385,800원
H977 | bet  16,000원 PLAYER | P:3♠ J♦ 2♠=5  B:4♣ 10♠ 5♦=9  BANKER(L)  | -16,000원 → 369,800원  [end_giveup]
H978 | bet   1,000원 BANKER | P:10♥ K♥ A♥=1  B:A♠ 10♦ 7♠=8  BANKER(W)  | +950원 → 370,750원
H979 | bet   1,000원 BANKER | P:8♥ 4♥=2  B:4♥ 5♥=9  BANKER(W)  | +950원 → 371,700원
H980 | bet   1,000원 BANKER | P:10♥ 6♥=6  B:3♥ 10♥ 4♠=7  BANKER(W)  | +950원 → 372,650원
H981 | bet   1,000원 BANKER | P:5♦ 4♣=9  B:8♦ 9♣=7  PLAYER(L)  | -1,000원 → 371,650원  [start]
H982 | bet   2,000원 PLAYER | P:4♣ A♣ K♣=5  B:2♣ Q♦ 6♠=8  BANKER(L)  | -2,000원 → 369,650원
H983 | bet   4,000원 PLAYER | P:3♥ 7♦ Q♥=0  B:5♥ A♥=6  BANKER(L)  | -4,000원 → 365,650원
H984 | bet   8,000원 PLAYER | P:7♥ 8♣ Q♠=5  B:Q♦ A♦ 6♦=7  BANKER(L)  | -8,000원 → 357,650원
H985 | bet  16,000원 PLAYER | P:2♣ A♣ 5♣=8  B:7♠ 4♣ 5♦=6  PLAYER(W)  | +16,000원 → 373,650원  [end_win]
H986 | bet   1,000원 BANKER | P:9♣ 5♦ 3♣=7  B:K♠ 2♦ 7♦=9  BANKER(W)  | +950원 → 374,600원
H987 | bet   1,000원 BANKER | P:10♣ 6♠=6  B:6♠ Q♥=6  TIE(T)  |     0원 → 374,600원
H988 | bet   1,000원 BANKER | P:5♣ 4♣=9  B:A♣ 7♣=8  PLAYER(L)  | -1,000원 → 373,600원  [start]
H989 | bet   2,000원 PLAYER | P:7♥ 9♠=6  B:J♥ A♠ 10♣=1  PLAYER(W)  | +2,000원 → 375,600원  [end_win]
H990 | bet   1,000원 BANKER | P:3♣ 8♠ 10♦=1  B:9♣ 8♥=7  BANKER(W)  | +950원 → 376,550원
H991 | bet   1,000원 BANKER | P:9♦ 6♣ 2♣=7  B:4♠ J♦ Q♥=4  PLAYER(L)  | -1,000원 → 375,550원  [start]
H992 | bet   2,000원 PLAYER | P:K♣ Q♣ Q♣=0  B:3♠ 10♠ 4♥=7  BANKER(L)  | -2,000원 → 373,550원
H993 | bet   4,000원 PLAYER | P:A♦ J♦ J♦=1  B:J♠ 3♦ 10♥=3  BANKER(L)  | -4,000원 → 369,550원
H994 | bet   8,000원 PLAYER | P:5♦ J♥ 2♦=7  B:K♣ K♠ 2♦=2  PLAYER(W)  | +8,000원 → 377,550원  [end_win]
H995 | bet   1,000원 BANKER | P:8♦ 7♥ 4♦=9  B:J♥ 5♠ 3♥=8  PLAYER(L)  | -1,000원 → 376,550원  [start]
H996 | bet   2,000원 PLAYER | P:5♠ 10♣ K♦=5  B:2♠ J♦ K♣=2  PLAYER(W)  | +2,000원 → 378,550원  [end_win]
H997 | bet   1,000원 BANKER | P:7♥ K♦=7  B:8♣ K♦=8  BANKER(W)  | +950원 → 379,500원
H998 | bet   1,000원 BANKER | P:4♣ 6♣ 3♣=3  B:3♠ 2♦=5  BANKER(W)  | +950원 → 380,450원
H999 | bet   1,000원 BANKER | P:K♣ Q♥ 8♥=8  B:J♦ Q♠ J♦=0  PLAYER(L)  | -1,000원 → 379,450원  [start]
H1000 | bet   2,000원 PLAYER | P:K♦ K♦ 2♥=2  B:4♣ A♥=5  BANKER(L)  | -2,000원 → 377,450원
H1001 | bet   4,000원 PLAYER | P:10♦ 8♥=8  B:9♥ 6♥=5  PLAYER(W)  | +4,000원 → 381,450원  [end_win]
H1002 | bet   1,000원 BANKER | P:K♥ 3♥ 9♥=2  B:J♠ 3♥ 2♣=5  BANKER(W)  | +950원 → 382,400원
H1003 | bet   1,000원 BANKER | P:A♥ 9♥=0  B:8♥ 10♥=8  BANKER(W)  | +950원 → 383,350원
H1004 | bet   1,000원 BANKER | P:8♠ 7♣ 4♥=9  B:2♥ 9♠ 6♦=7  PLAYER(L)  | -1,000원 → 382,350원  [start]
H1005 | bet   2,000원 PLAYER | P:6♦ K♠=6  B:4♠ 2♦=6  TIE(T)  |     0원 → 382,350원
H1006 | bet   2,000원 PLAYER | P:3♥ 10♠ 4♠=7  B:7♠ 5♥ A♦=3  PLAYER(W)  | +2,000원 → 384,350원  [end_win]
H1007 | bet   1,000원 BANKER | P:8♠ A♥=9  B:5♥ 2♣=7  PLAYER(L)  | -1,000원 → 383,350원  [start]
H1008 | bet   2,000원 PLAYER | P:J♥ 9♥=9  B:9♦ 6♣=5  PLAYER(W)  | +2,000원 → 385,350원  [end_win]
H1009 | bet   1,000원 BANKER | P:4♣ Q♣ Q♦=4  B:10♥ 7♦=7  BANKER(W)  | +950원 → 386,300원
H1010 | bet   1,000원 BANKER | P:8♠ A♦=9  B:2♠ 2♠=4  PLAYER(L)  | -1,000원 → 385,300원  [start]
H1011 | bet   2,000원 PLAYER | P:10♣ 2♦ Q♥=2  B:3♠ 3♦=6  BANKER(L)  | -2,000원 → 383,300원
H1012 | bet   4,000원 PLAYER | P:4♥ 8♠ J♣=2  B:7♦ 8♦=5  BANKER(L)  | -4,000원 → 379,300원
H1013 | bet   8,000원 PLAYER | P:6♣ 7♣ A♠=4  B:8♥ 3♠ 9♠=0  PLAYER(W)  | +8,000원 → 387,300원  [end_win]
H1014 | bet   1,000원 BANKER | P:6♠ 9♠ 8♦=3  B:7♠ K♣=7  BANKER(W)  | +950원 → 388,250원
H1015 | bet   1,000원 BANKER | P:J♣ 4♦ J♦=4  B:5♥ 9♣=4  TIE(T)  |     0원 → 388,250원
H1016 | bet   1,000원 BANKER | P:3♣ 8♠ 4♥=5  B:2♥ 9♦ 4♦=5  TIE(T)  |     0원 → 388,250원
H1017 | bet   1,000원 BANKER | P:6♠ 6♠=2  B:9♥ K♠=9  BANKER(W)  | +950원 → 389,200원
H1018 | bet   1,000원 BANKER | P:7♣ 8♠ A♥=6  B:Q♥ 3♦ 4♣=7  BANKER(W)  | +950원 → 390,150원
H1019 | bet   1,000원 BANKER | P:5♥ 2♠=7  B:7♦ 9♦=6  PLAYER(L)  | -1,000원 → 389,150원  [start]
H1020 | bet   2,000원 PLAYER | P:9♣ K♦=9  B:9♥ Q♠=9  TIE(T)  |     0원 → 389,150원
H1021 | bet   2,000원 PLAYER | P:10♥ 9♣=9  B:8♦ 3♥=1  PLAYER(W)  | +2,000원 → 391,150원  [end_win]
H1022 | bet   1,000원 BANKER | P:Q♠ 5♥ 9♥=4  B:6♣ 10♥=6  BANKER(W)  | +950원 → 392,100원
H1023 | bet   1,000원 BANKER | P:A♥ A♥ 2♦=4  B:10♠ J♣ K♥=0  PLAYER(L)  | -1,000원 → 391,100원  [start]
H1024 | bet   2,000원 PLAYER | P:6♣ 7♠ Q♣=3  B:6♣ 8♣=4  BANKER(L)  | -2,000원 → 389,100원
H1025 | bet   4,000원 PLAYER | P:3♦ J♠ 4♥=7  B:Q♠ 2♠ 6♠=8  BANKER(L)  | -4,000원 → 385,100원
H1026 | bet   8,000원 PLAYER | P:4♥ 10♠=4  B:9♦ K♥=9  BANKER(L)  | -8,000원 → 377,100원
H1027 | bet  16,000원 PLAYER | P:8♥ A♣=9  B:9♠ 6♦=5  PLAYER(W)  | +16,000원 → 393,100원  [end_win]
H1028 | bet   1,000원 BANKER | P:2♠ 2♣ J♠=4  B:A♠ Q♦ 7♣=8  BANKER(W)  | +950원 → 394,050원
H1029 | bet   1,000원 BANKER | P:5♣ 6♥ A♦=2  B:5♠ A♥=6  BANKER(W)  | +950원 → 395,000원
H1030 | bet   1,000원 BANKER | P:5♠ 8♥=3  B:A♦ 8♣=9  BANKER(W)  | +950원 → 395,950원
H1031 | bet   1,000원 BANKER | P:5♠ 10♦ 4♦=9  B:Q♦ 4♠ 4♦=8  PLAYER(L)  | -1,000원 → 394,950원  [start]
H1032 | bet   2,000원 PLAYER | P:Q♣ 9♦=9  B:3♣ 9♠=2  PLAYER(W)  | +2,000원 → 396,950원  [end_win]
H1033 | bet   1,000원 BANKER | P:K♣ 5♥ 6♠=1  B:Q♠ A♠ 4♣=5  BANKER(W)  | +950원 → 397,900원
H1034 | bet   1,000원 BANKER | P:5♣ 8♣ 10♥=3  B:10♦ 3♦ 8♣=1  PLAYER(L)  | -1,000원 → 396,900원  [start]
H1035 | bet   2,000원 PLAYER | P:8♦ 5♣=3  B:3♠ 5♦=8  BANKER(L)  | -2,000원 → 394,900원
H1036 | bet   4,000원 PLAYER | P:2♣ 3♠ 7♥=2  B:10♦ J♣ 4♥=4  BANKER(L)  | -4,000원 → 390,900원
H1037 | bet   8,000원 PLAYER | P:Q♣ 4♠ A♣=5  B:2♣ K♠ 2♦=4  PLAYER(W)  | +8,000원 → 398,900원  [end_win]
H1038 | bet   1,000원 BANKER | P:10♣ 10♦ 6♦=6  B:K♥ 3♥ 2♣=5  PLAYER(L)  | -1,000원 → 397,900원  [start]
H1039 | bet   2,000원 PLAYER | P:J♥ 9♠=9  B:6♥ 7♦=3  PLAYER(W)  | +2,000원 → 399,900원  [end_win]
H1040 | bet   1,000원 BANKER | P:7♣ 5♣=2  B:Q♥ 9♣=9  BANKER(W)  | +950원 → 400,850원
H1041 | bet   1,000원 BANKER | P:10♣ A♣ 3♣=4  B:3♦ 3♠=6  BANKER(W)  | +950원 → 401,800원
H1042 | bet   1,000원 BANKER | P:J♥ 6♦=6  B:K♥ 4♠ J♥=4  PLAYER(L)  | -1,000원 → 400,800원  [start]
H1043 | bet   2,000원 PLAYER | P:A♣ Q♠ 4♠=5  B:J♣ Q♠ 10♣=0  PLAYER(W)  | +2,000원 → 402,800원  [end_win]
H1044 | bet   1,000원 BANKER | P:7♠ 8♦ J♠=5  B:3♥ 8♥ 2♠=3  PLAYER(L)  | -1,000원 → 401,800원  [start]
H1045 | bet   2,000원 PLAYER | P:7♥ K♦=7  B:10♦ 7♠=7  TIE(T)  |     0원 → 401,800원
H1046 | bet   2,000원 PLAYER | P:J♦ Q♥ 7♣=7  B:5♦ J♥ 9♠=4  PLAYER(W)  | +2,000원 → 403,800원  [end_win]
H1047 | bet   1,000원 BANKER | P:K♣ 5♣ 3♣=8  B:10♠ A♦ 9♣=0  PLAYER(L)  | -1,000원 → 402,800원  [start]
H1048 | bet   2,000원 PLAYER | P:10♠ A♠ A♠=2  B:K♥ 3♦ 9♣=2  TIE(T)  |     0원 → 402,800원
H1049 | bet   2,000원 PLAYER | P:5♥ 8♦ 5♥=8  B:8♦ 2♥ A♣=1  PLAYER(W)  | +2,000원 → 404,800원  [end_win]
H1050 | bet   1,000원 BANKER | P:K♥ 9♦=9  B:Q♦ 6♦=6  PLAYER(L)  | -1,000원 → 403,800원  [start]
H1051 | bet   2,000원 PLAYER | P:4♠ 5♠=9  B:8♣ A♠=9  TIE(T)  |     0원 → 403,800원
H1052 | bet   2,000원 PLAYER | P:3♠ Q♦ 6♦=9  B:A♠ 6♥=7  PLAYER(W)  | +2,000원 → 405,800원  [end_win]
H1053 | bet   1,000원 BANKER | P:5♦ Q♥ A♦=6  B:7♠ J♠=7  BANKER(W)  | +950원 → 406,750원
H1054 | bet   1,000원 BANKER | P:9♥ 8♠=7  B:2♥ 3♣ K♣=5  PLAYER(L)  | -1,000원 → 405,750원  [start]
H1055 | bet   2,000원 PLAYER | P:5♦ 4♦=9  B:Q♣ 7♥=7  PLAYER(W)  | +2,000원 → 407,750원  [end_win]
H1056 | bet   1,000원 BANKER | P:6♣ 2♥=8  B:J♠ 7♥=7  PLAYER(L)  | -1,000원 → 406,750원  [start]
H1057 | bet   2,000원 PLAYER | P:J♣ J♣ A♣=1  B:7♦ 10♥=7  BANKER(L)  | -2,000원 → 404,750원
H1058 | bet   4,000원 PLAYER | P:6♥ 3♦=9  B:K♦ 6♥=6  PLAYER(W)  | +4,000원 → 408,750원  [end_win]
H1059 | bet   1,000원 BANKER | P:K♠ 8♣=8  B:5♣ 2♥=7  PLAYER(L)  | -1,000원 → 407,750원  [start]
H1060 | bet   2,000원 PLAYER | P:7♦ 6♥ 3♥=6  B:K♠ 2♥ 7♠=9  BANKER(L)  | -2,000원 → 405,750원
H1061 | bet   4,000원 PLAYER | P:4♦ 6♠ 10♠=0  B:J♣ K♠ 9♦=9  BANKER(L)  | -4,000원 → 401,750원
H1062 | bet   8,000원 PLAYER | P:A♥ 7♦=8  B:Q♣ Q♦=0  PLAYER(W)  | +8,000원 → 409,750원  [end_win]
H1063 | bet   1,000원 BANKER | P:4♥ 6♥ 10♥=0  B:5♠ 10♣=5  BANKER(W)  | +950원 → 410,700원
H1064 | bet   1,000원 BANKER | P:Q♠ 8♣=8  B:Q♦ A♠=1  PLAYER(L)  | -1,000원 → 409,700원  [start]
H1065 | bet   2,000원 PLAYER | P:6♠ J♥=6  B:5♠ A♣=6  TIE(T)  |     0원 → 409,700원
H1066 | bet   2,000원 PLAYER | P:10♦ K♥=0  B:K♣ 8♥=8  BANKER(L)  | -2,000원 → 407,700원
H1067 | bet   4,000원 PLAYER | P:5♣ 4♦=9  B:K♦ 5♦=5  PLAYER(W)  | +4,000원 → 411,700원  [end_win]
H1068 | bet   1,000원 BANKER | P:J♣ 7♥=7  B:9♥ Q♠=9  BANKER(W)  | +950원 → 412,650원
H1069 | bet   1,000원 BANKER | P:3♠ K♣ 10♣=3  B:10♠ 5♣=5  BANKER(W)  | +950원 → 413,600원
H1070 | bet   1,000원 BANKER | P:10♦ Q♦=0  B:Q♣ 8♣=8  BANKER(W)  | +950원 → 414,550원
H1071 | bet   1,000원 BANKER | P:8♣ 10♦=8  B:6♦ 10♥=6  PLAYER(L)  | -1,000원 → 413,550원  [start]
H1072 | bet   2,000원 PLAYER | P:4♠ 10♣ 4♦=8  B:8♠ 4♠ 4♠=6  PLAYER(W)  | +2,000원 → 415,550원  [end_win]
H1073 | bet   1,000원 BANKER | P:3♠ Q♠ 2♥=5  B:A♥ Q♦ Q♣=1  PLAYER(L)  | -1,000원 → 414,550원  [start]
H1074 | bet   2,000원 PLAYER | P:Q♠ 5♦ Q♥=5  B:2♦ 10♦ 8♦=0  PLAYER(W)  | +2,000원 → 416,550원  [end_win]
H1075 | bet   1,000원 BANKER | P:9♥ 7♦=6  B:6♣ 6♠ 2♠=4  PLAYER(L)  | -1,000원 → 415,550원  [start]
H1076 | bet   2,000원 PLAYER | P:A♦ Q♥ J♠=1  B:7♥ K♠=7  BANKER(L)  | -2,000원 → 413,550원
H1077 | bet   4,000원 PLAYER | P:10♣ 2♥ 9♥=1  B:7♠ 10♥=7  BANKER(L)  | -4,000원 → 409,550원
H1078 | bet   8,000원 PLAYER | P:2♦ J♣ K♣=2  B:7♠ J♦=7  BANKER(L)  | -8,000원 → 401,550원
H1079 | bet  16,000원 PLAYER | P:4♦ 5♥=9  B:5♥ 8♣=3  PLAYER(W)  | +16,000원 → 417,550원  [end_win]
H1080 | bet   1,000원 BANKER | P:5♠ 8♠ 5♠=8  B:A♣ 9♠ K♦=0  PLAYER(L)  | -1,000원 → 416,550원  [start]
H1081 | bet   2,000원 PLAYER | P:10♦ J♦ 4♥=4  B:9♠ 3♥ 3♣=5  BANKER(L)  | -2,000원 → 414,550원
H1082 | bet   4,000원 PLAYER | P:Q♦ 6♥=6  B:4♦ 4♣=8  BANKER(L)  | -4,000원 → 410,550원
H1083 | bet   8,000원 PLAYER | P:3♣ Q♥ A♠=4  B:A♠ 2♣ A♣=4  TIE(T)  |     0원 → 410,550원
H1084 | bet   8,000원 PLAYER | P:9♥ 8♦=7  B:8♥ 4♠ 3♥=5  PLAYER(W)  | +8,000원 → 418,550원  [end_win]
H1085 | bet   1,000원 BANKER | P:K♣ J♥ 3♦=3  B:4♣ 6♠ 9♥=9  BANKER(W)  | +950원 → 419,500원
H1086 | bet   1,000원 BANKER | P:4♣ K♦ 3♥=7  B:9♦ 7♣=6  PLAYER(L)  | -1,000원 → 418,500원  [start]
H1087 | bet   2,000원 PLAYER | P:7♥ 7♠ 3♦=7  B:7♦ 4♥ 4♦=5  PLAYER(W)  | +2,000원 → 420,500원  [end_win]
H1088 | bet   1,000원 BANKER | P:2♣ Q♣ 2♦=4  B:4♣ 2♠=6  BANKER(W)  | +950원 → 421,450원
H1089 | bet   1,000원 BANKER | P:10♥ J♠=0  B:2♣ 6♠=8  BANKER(W)  | +950원 → 422,400원
H1090 | bet   1,000원 BANKER | P:Q♣ 2♠ K♣=2  B:2♦ 10♠ 8♣=0  PLAYER(L)  | -1,000원 → 421,400원  [start]
H1091 | bet   2,000원 PLAYER | P:2♣ K♥ 5♥=7  B:A♦ 3♦ K♠=4  PLAYER(W)  | +2,000원 → 423,400원  [end_win]
H1092 | bet   1,000원 BANKER | P:8♠ 4♠=2  B:8♦ K♠=8  BANKER(W)  | +950원 → 424,350원
H1093 | bet   1,000원 BANKER | P:9♦ 9♦=8  B:8♥ 5♦=3  PLAYER(L)  | -1,000원 → 423,350원  [start]
H1094 | bet   2,000원 PLAYER | P:9♦ 6♥ J♥=5  B:2♦ 2♥=4  PLAYER(W)  | +2,000원 → 425,350원  [end_win]
H1095 | bet   1,000원 BANKER | P:7♥ 2♦=9  B:4♥ 3♥=7  PLAYER(L)  | -1,000원 → 424,350원  [start]
H1096 | bet   2,000원 PLAYER | P:4♠ 9♠ 4♣=7  B:6♦ A♣=7  TIE(T)  |     0원 → 424,350원
H1097 | bet   2,000원 PLAYER | P:7♠ Q♥=7  B:3♣ 9♦ 3♦=5  PLAYER(W)  | +2,000원 → 426,350원  [end_win]
H1098 | bet   1,000원 BANKER | P:9♣ K♦=9  B:8♠ J♣=8  PLAYER(L)  | -1,000원 → 425,350원  [start]
H1099 | bet   2,000원 PLAYER | P:10♠ A♦=1  B:2♠ 7♣=9  BANKER(L)  | -2,000원 → 423,350원
H1100 | bet   4,000원 PLAYER | P:4♣ 6♦ 2♥=2  B:5♦ A♠=6  BANKER(L)  | -4,000원 → 419,350원
H1101 | bet   8,000원 PLAYER | P:J♦ 10♠ 9♣=9  B:6♥ 7♣ 2♣=5  PLAYER(W)  | +8,000원 → 427,350원  [end_win]
H1102 | bet   1,000원 BANKER | P:7♦ 2♠=9  B:7♠ A♥=8  PLAYER(L)  | -1,000원 → 426,350원  [start]
H1103 | bet   2,000원 PLAYER | P:6♣ K♥=6  B:A♣ K♠ A♥=2  PLAYER(W)  | +2,000원 → 428,350원  [end_win]
H1104 | bet   1,000원 BANKER | P:7♥ 2♣=9  B:J♣ J♥=0  PLAYER(L)  | -1,000원 → 427,350원  [start]
H1105 | bet   2,000원 PLAYER | P:6♦ 9♥=5  B:5♠ 4♥=9  BANKER(L)  | -2,000원 → 425,350원
H1106 | bet   4,000원 PLAYER | P:A♥ K♥ 4♣=5  B:5♠ 2♦=7  BANKER(L)  | -4,000원 → 421,350원
H1107 | bet   8,000원 PLAYER | P:3♦ 9♣ 5♥=7  B:7♦ 6♥ J♥=3  PLAYER(W)  | +8,000원 → 429,350원  [end_win]
H1108 | bet   1,000원 BANKER | P:5♠ 7♣ 5♦=7  B:Q♥ 3♠ 3♣=6  PLAYER(L)  | -1,000원 → 428,350원  [start]
H1109 | bet   2,000원 PLAYER | P:A♠ J♠ 6♥=7  B:5♠ 5♣ A♦=1  PLAYER(W)  | +2,000원 → 430,350원  [end_win]
H1110 | bet   1,000원 BANKER | P:2♥ 4♠=6  B:5♣ 7♣ A♥=3  PLAYER(L)  | -1,000원 → 429,350원  [start]
H1111 | bet   2,000원 PLAYER | P:J♣ 8♥=8  B:4♥ 5♦=9  BANKER(L)  | -2,000원 → 427,350원
H1112 | bet   4,000원 PLAYER | P:10♣ 5♦=5  B:9♠ 10♣=9  BANKER(L)  | -4,000원 → 423,350원
H1113 | bet   8,000원 PLAYER | P:J♣ 2♣ 5♥=7  B:Q♣ 3♦ 5♦=8  BANKER(L)  | -8,000원 → 415,350원
H1114 | bet  16,000원 PLAYER | P:9♠ A♣ 3♠=3  B:7♠ 10♠=7  BANKER(L)  | -16,000원 → 399,350원  [end_giveup]
H1115 | bet   1,000원 BANKER | P:6♦ K♥=6  B:4♣ 8♦ 4♥=6  TIE(T)  |     0원 → 399,350원
H1116 | bet   1,000원 BANKER | P:A♠ J♦ 8♦=9  B:J♦ 3♥=3  PLAYER(L)  | -1,000원 → 398,350원  [start]
H1117 | bet   2,000원 PLAYER | P:6♣ J♣=6  B:6♣ 7♣ 9♠=2  PLAYER(W)  | +2,000원 → 400,350원  [end_win]
H1118 | bet   1,000원 BANKER | P:8♦ 4♠ 8♣=0  B:J♠ Q♥ 10♣=0  TIE(T)  |     0원 → 400,350원
H1119 | bet   1,000원 BANKER | P:A♦ Q♠ K♠=1  B:K♦ 10♥ 6♥=6  BANKER(W)  | +950원 → 401,300원
H1120 | bet   1,000원 BANKER | P:10♣ 8♠=8  B:9♠ 7♥=6  PLAYER(L)  | -1,000원 → 400,300원  [start]
H1121 | bet   2,000원 PLAYER | P:J♠ K♥=0  B:K♠ 8♠=8  BANKER(L)  | -2,000원 → 398,300원
H1122 | bet   4,000원 PLAYER | P:10♥ 2♥ J♦=2  B:A♣ Q♣ J♦=1  PLAYER(W)  | +4,000원 → 402,300원  [end_win]
H1123 | bet   1,000원 BANKER | P:Q♦ 2♦ 7♦=9  B:3♦ 3♣ 7♦=3  PLAYER(L)  | -1,000원 → 401,300원  [start]
H1124 | bet   2,000원 PLAYER | P:9♣ 10♠=9  B:6♦ 2♥=8  PLAYER(W)  | +2,000원 → 403,300원  [end_win]
H1125 | bet   1,000원 BANKER | P:A♠ 6♠=7  B:2♠ A♠ 6♠=9  BANKER(W)  | +950원 → 404,250원
H1126 | bet   1,000원 BANKER | P:K♥ Q♥ Q♦=0  B:Q♣ K♦ 10♥=0  TIE(T)  |     0원 → 404,250원
H1127 | bet   1,000원 BANKER | P:3♦ Q♥=3  B:10♦ 9♦=9  BANKER(W)  | +950원 → 405,200원
H1128 | bet   1,000원 BANKER | P:9♣ 2♣ 7♠=8  B:9♥ 5♣ 6♦=0  PLAYER(L)  | -1,000원 → 404,200원  [start]
H1129 | bet   2,000원 PLAYER | P:6♣ 3♣=9  B:3♥ Q♠=3  PLAYER(W)  | +2,000원 → 406,200원  [end_win]
H1130 | bet   1,000원 BANKER | P:A♣ 7♣=8  B:8♥ 6♥=4  PLAYER(L)  | -1,000원 → 405,200원  [start]
H1131 | bet   2,000원 PLAYER | P:K♠ 6♠=6  B:10♥ A♦ 3♠=4  PLAYER(W)  | +2,000원 → 407,200원  [end_win]
H1132 | bet   1,000원 BANKER | P:9♣ 3♣ K♣=2  B:10♠ J♥ K♠=0  PLAYER(L)  | -1,000원 → 406,200원  [start]
H1133 | bet   2,000원 PLAYER | P:7♥ J♠=7  B:4♦ 3♠=7  TIE(T)  |     0원 → 406,200원
H1134 | bet   2,000원 PLAYER | P:A♦ 10♣ J♥=1  B:2♥ 9♦ 7♦=8  BANKER(L)  | -2,000원 → 404,200원
H1135 | bet   4,000원 PLAYER | P:2♠ 5♣=7  B:4♦ 8♦ 6♦=8  BANKER(L)  | -4,000원 → 400,200원
H1136 | bet   8,000원 PLAYER | P:7♥ 3♥ 10♦=0  B:4♥ K♣=4  BANKER(L)  | -8,000원 → 392,200원
H1137 | bet  16,000원 PLAYER | P:7♣ 9♣=6  B:4♥ J♦ 8♥=2  PLAYER(W)  | +16,000원 → 408,200원  [end_win]
H1138 | bet   1,000원 BANKER | P:J♠ 8♣=8  B:J♣ 6♥=6  PLAYER(L)  | -1,000원 → 407,200원  [start]
H1139 | bet   2,000원 PLAYER | P:10♦ 8♠=8  B:3♥ A♥=4  PLAYER(W)  | +2,000원 → 409,200원  [end_win]
H1140 | bet   1,000원 BANKER | P:10♥ 9♣=9  B:3♣ J♥=3  PLAYER(L)  | -1,000원 → 408,200원  [start]
H1141 | bet   2,000원 PLAYER | P:A♦ 6♣=7  B:Q♠ 4♦ 8♦=2  PLAYER(W)  | +2,000원 → 410,200원  [end_win]
H1142 | bet   1,000원 BANKER | P:6♣ 7♦ 9♦=2  B:9♥ 6♠=5  BANKER(W)  | +950원 → 411,150원
H1143 | bet   1,000원 BANKER | P:3♠ 5♣=8  B:J♠ 5♥=5  PLAYER(L)  | -1,000원 → 410,150원  [start]
H1144 | bet   2,000원 PLAYER | P:2♠ Q♠ 3♠=5  B:5♥ 5♠ K♥=0  PLAYER(W)  | +2,000원 → 412,150원  [end_win]
H1145 | bet   1,000원 BANKER | P:6♣ A♥=7  B:10♠ Q♦ K♦=0  PLAYER(L)  | -1,000원 → 411,150원  [start]
H1146 | bet   2,000원 PLAYER | P:3♥ 2♣ 3♦=8  B:5♠ J♠=5  PLAYER(W)  | +2,000원 → 413,150원  [end_win]
H1147 | bet   1,000원 BANKER | P:5♣ Q♥ 8♦=3  B:J♣ 7♥=7  BANKER(W)  | +950원 → 414,100원
H1148 | bet   1,000원 BANKER | P:9♦ 3♠=2  B:6♣ 2♠=8  BANKER(W)  | +950원 → 415,050원
H1149 | bet   1,000원 BANKER | P:A♣ 7♦=8  B:K♦ 2♥=2  PLAYER(L)  | -1,000원 → 414,050원  [start]
H1150 | bet   2,000원 PLAYER | P:6♦ 8♠ 2♠=6  B:5♦ K♠=5  PLAYER(W)  | +2,000원 → 416,050원  [end_win]
H1151 | bet   1,000원 BANKER | P:K♦ 8♠=8  B:K♥ K♠=0  PLAYER(L)  | -1,000원 → 415,050원  [start]
H1152 | bet   2,000원 PLAYER | P:J♣ K♥=0  B:Q♠ 9♣=9  BANKER(L)  | -2,000원 → 413,050원
H1153 | bet   4,000원 PLAYER | P:3♠ 3♦=6  B:A♣ 4♠ 2♣=7  BANKER(L)  | -4,000원 → 409,050원
H1154 | bet   8,000원 PLAYER | P:4♣ J♣ 6♥=0  B:10♣ 10♠ 7♣=7  BANKER(L)  | -8,000원 → 401,050원
H1155 | bet  16,000원 PLAYER | P:2♥ 9♦ A♣=2  B:9♠ 8♥=7  BANKER(L)  | -16,000원 → 385,050원  [end_giveup]
H1156 | bet   1,000원 BANKER | P:J♣ 4♦=4  B:8♣ Q♠=8  BANKER(W)  | +950원 → 386,000원
H1157 | bet   1,000원 BANKER | P:2♠ 4♥=6  B:9♠ 9♣=8  BANKER(W)  | +950원 → 386,950원
H1158 | bet   1,000원 BANKER | P:9♥ J♦=9  B:6♠ K♦=6  PLAYER(L)  | -1,000원 → 385,950원  [start]
H1159 | bet   2,000원 PLAYER | P:7♣ 2♠=9  B:10♦ K♣=0  PLAYER(W)  | +2,000원 → 387,950원  [end_win]
H1160 | bet   1,000원 BANKER | P:5♣ 3♦=8  B:6♣ 2♣=8  TIE(T)  |     0원 → 387,950원
H1161 | bet   1,000원 BANKER | P:9♦ 6♥ J♦=5  B:6♠ 9♠=5  TIE(T)  |     0원 → 387,950원
H1162 | bet   1,000원 BANKER | P:8♠ J♥=8  B:10♣ 6♥=6  PLAYER(L)  | -1,000원 → 386,950원  [start]
H1163 | bet   2,000원 PLAYER | P:J♥ 9♣=9  B:3♣ 4♣=7  PLAYER(W)  | +2,000원 → 388,950원  [end_win]
H1164 | bet   1,000원 BANKER | P:2♦ 4♠=6  B:Q♥ 8♣=8  BANKER(W)  | +950원 → 389,900원
H1165 | bet   1,000원 BANKER | P:7♥ 8♥ 6♣=1  B:3♥ 3♣ A♥=7  BANKER(W)  | +950원 → 390,850원
H1166 | bet   1,000원 BANKER | P:7♠ 5♣ 7♣=9  B:4♦ 9♥ 9♠=2  PLAYER(L)  | -1,000원 → 389,850원  [start]
H1167 | bet   2,000원 PLAYER | P:10♣ A♠ 6♠=7  B:4♦ 3♦=7  TIE(T)  |     0원 → 389,850원
H1168 | bet   2,000원 PLAYER | P:A♥ 4♦ 10♥=5  B:2♥ K♥ J♣=2  PLAYER(W)  | +2,000원 → 391,850원  [end_win]
H1169 | bet   1,000원 BANKER | P:4♥ 9♦ 6♦=9  B:A♣ 6♥=7  PLAYER(L)  | -1,000원 → 390,850원  [start]
H1170 | bet   2,000원 PLAYER | P:9♥ A♥ 10♠=0  B:3♦ 7♦ 6♥=6  BANKER(L)  | -2,000원 → 388,850원
H1171 | bet   4,000원 PLAYER | P:6♥ 5♦ A♦=2  B:A♣ 4♠=5  BANKER(L)  | -4,000원 → 384,850원
H1172 | bet   8,000원 PLAYER | P:6♦ 5♣=1  B:5♥ 4♠=9  BANKER(L)  | -8,000원 → 376,850원
H1173 | bet  16,000원 PLAYER | P:K♣ 4♣=4  B:A♦ 8♦=9  BANKER(L)  | -16,000원 → 360,850원  [end_giveup]
H1174 | bet   1,000원 BANKER | P:2♣ 10♦ 5♠=7  B:10♣ 6♣=6  PLAYER(L)  | -1,000원 → 359,850원  [start]
H1175 | bet   2,000원 PLAYER | P:7♥ Q♠=7  B:3♦ 9♦ Q♦=2  PLAYER(W)  | +2,000원 → 361,850원  [end_win]
H1176 | bet   1,000원 BANKER | P:6♦ J♦=6  B:A♦ 5♣=6  TIE(T)  |     0원 → 361,850원
H1177 | bet   1,000원 BANKER | P:8♣ J♣=8  B:4♥ 8♦=2  PLAYER(L)  | -1,000원 → 360,850원  [start]
H1178 | bet   2,000원 PLAYER | P:J♥ 6♦=6  B:10♦ 7♦=7  BANKER(L)  | -2,000원 → 358,850원
H1179 | bet   4,000원 PLAYER | P:Q♠ 10♦ J♠=0  B:3♣ 8♠ A♠=2  BANKER(L)  | -4,000원 → 354,850원
H1180 | bet   8,000원 PLAYER | P:10♣ 10♥ Q♦=0  B:Q♥ K♣ 8♠=8  BANKER(L)  | -8,000원 → 346,850원
H1181 | bet  16,000원 PLAYER | P:3♠ Q♦ 10♠=3  B:5♥ 8♥ 2♥=5  BANKER(L)  | -16,000원 → 330,850원  [end_giveup]
H1182 | bet   1,000원 BANKER | P:K♣ 3♠ 3♠=6  B:J♣ 5♦=5  PLAYER(L)  | -1,000원 → 329,850원  [start]
H1183 | bet   2,000원 PLAYER | P:5♥ 5♠ 10♥=0  B:4♠ 3♦=7  BANKER(L)  | -2,000원 → 327,850원
H1184 | bet   4,000원 PLAYER | P:2♦ 4♦=6  B:5♣ 6♠ A♠=2  PLAYER(W)  | +4,000원 → 331,850원  [end_win]
H1185 | bet   1,000원 BANKER | P:2♥ 5♦=7  B:K♣ Q♥ 2♠=2  PLAYER(L)  | -1,000원 → 330,850원  [start]
H1186 | bet   2,000원 PLAYER | P:6♦ 9♦=5  B:3♣ 5♠=8  BANKER(L)  | -2,000원 → 328,850원
H1187 | bet   4,000원 PLAYER | P:6♣ 10♠=6  B:8♦ 8♣=6  TIE(T)  |     0원 → 328,850원
H1188 | bet   4,000원 PLAYER | P:5♠ 5♦ 10♦=0  B:K♠ 6♦=6  BANKER(L)  | -4,000원 → 324,850원
H1189 | bet   8,000원 PLAYER | P:Q♠ Q♠ Q♠=0  B:9♣ 2♣ 8♥=9  BANKER(L)  | -8,000원 → 316,850원
H1190 | bet  16,000원 PLAYER | P:2♣ Q♣ 2♥=4  B:3♥ J♠ 4♣=7  BANKER(L)  | -16,000원 → 300,850원  [end_giveup]
H1191 | bet   1,000원 BANKER | P:7♥ K♣=7  B:J♦ 7♦=7  TIE(T)  |     0원 → 300,850원
H1192 | bet   1,000원 BANKER | P:7♣ A♠=8  B:5♥ 7♠=2  PLAYER(L)  | -1,000원 → 299,850원  [start]
H1193 | bet   2,000원 PLAYER | P:4♦ 5♠=9  B:2♦ Q♦=2  PLAYER(W)  | +2,000원 → 301,850원  [end_win]
H1194 | bet   1,000원 BANKER | P:J♣ 6♠=6  B:2♦ K♦ 4♣=6  TIE(T)  |     0원 → 301,850원
H1195 | bet   1,000원 BANKER | P:10♥ Q♣ K♠=0  B:4♠ Q♠=4  BANKER(W)  | +950원 → 302,800원
H1196 | bet   1,000원 BANKER | P:J♦ 4♥ J♥=4  B:Q♦ 2♠ 8♣=0  PLAYER(L)  | -1,000원 → 301,800원  [start]
H1197 | bet   2,000원 PLAYER | P:J♠ Q♥=0  B:9♣ Q♥=9  BANKER(L)  | -2,000원 → 299,800원
H1198 | bet   4,000원 PLAYER | P:Q♣ 10♣ 3♥=3  B:7♥ 3♦ 7♠=7  BANKER(L)  | -4,000원 → 295,800원
H1199 | bet   8,000원 PLAYER | P:10♣ Q♥=0  B:10♠ 8♥=8  BANKER(L)  | -8,000원 → 287,800원
H1200 | bet  16,000원 PLAYER | P:10♣ 2♦ 8♦=0  B:3♠ Q♣=3  BANKER(L)  | -16,000원 → 271,800원  [end_giveup]
H1201 | bet   1,000원 BANKER | P:A♣ 4♣=5  B:8♥ J♠=8  BANKER(W)  | +950원 → 272,750원
H1202 | bet   1,000원 BANKER | P:A♥ J♠ K♥=1  B:6♠ J♥=6  BANKER(W)  | +950원 → 273,700원
H1203 | bet   1,000원 BANKER | P:5♥ 2♣=7  B:9♠ 9♥=8  BANKER(W)  | +950원 → 274,650원
H1204 | bet   1,000원 BANKER | P:A♣ 5♦=6  B:A♣ 8♣=9  BANKER(W)  | +950원 → 275,600원
H1205 | bet   1,000원 BANKER | P:3♥ K♥ 3♣=6  B:J♠ K♦ 5♥=5  PLAYER(L)  | -1,000원 → 274,600원  [start]
H1206 | bet   2,000원 PLAYER | P:J♥ 8♥=8  B:2♦ J♥=2  PLAYER(W)  | +2,000원 → 276,600원  [end_win]
H1207 | bet   1,000원 BANKER | P:4♥ 3♣=7  B:4♣ 9♣ K♠=3  PLAYER(L)  | -1,000원 → 275,600원  [start]
H1208 | bet   2,000원 PLAYER | P:A♦ 5♣=6  B:3♥ A♦ 4♥=8  BANKER(L)  | -2,000원 → 273,600원
H1209 | bet   4,000원 PLAYER | P:A♥ K♦=1  B:Q♣ 8♥=8  BANKER(L)  | -4,000원 → 269,600원
H1210 | bet   8,000원 PLAYER | P:J♠ 7♠=7  B:J♦ A♥ 5♦=6  PLAYER(W)  | +8,000원 → 277,600원  [end_win]
H1211 | bet   1,000원 BANKER | P:4♦ 7♠ 9♣=0  B:10♠ 5♦=5  BANKER(W)  | +950원 → 278,550원
H1212 | bet   1,000원 BANKER | P:A♠ 3♣ 4♠=8  B:7♣ 9♠=6  PLAYER(L)  | -1,000원 → 277,550원  [start]
H1213 | bet   2,000원 PLAYER | P:K♥ 8♦=8  B:7♦ A♠=8  TIE(T)  |     0원 → 277,550원
H1214 | bet   2,000원 PLAYER | P:4♥ 6♠ 9♦=9  B:4♠ 8♠ 2♦=4  PLAYER(W)  | +2,000원 → 279,550원  [end_win]
H1215 | bet   1,000원 BANKER | P:9♥ 7♠=6  B:Q♣ Q♥ 6♦=6  TIE(T)  |     0원 → 279,550원
H1216 | bet   1,000원 BANKER | P:9♥ 8♣=7  B:7♦ 5♣ K♠=2  PLAYER(L)  | -1,000원 → 278,550원  [start]
H1217 | bet   2,000원 PLAYER | P:K♣ K♦ 10♦=0  B:6♣ 10♥=6  BANKER(L)  | -2,000원 → 276,550원
H1218 | bet   4,000원 PLAYER | P:3♥ 5♥=8  B:7♥ K♠=7  PLAYER(W)  | +4,000원 → 280,550원  [end_win]
H1219 | bet   1,000원 BANKER | P:2♦ 9♥ 9♠=0  B:5♠ A♠=6  BANKER(W)  | +950원 → 281,500원
H1220 | bet   1,000원 BANKER | P:A♥ 7♠=8  B:10♦ 6♠=6  PLAYER(L)  | -1,000원 → 280,500원  [start]
H1221 | bet   2,000원 PLAYER | P:7♣ J♥=7  B:K♣ 6♥=6  PLAYER(W)  | +2,000원 → 282,500원  [end_win]
H1222 | bet   1,000원 BANKER | P:5♠ 9♦ 4♥=8  B:Q♦ 7♦=7  PLAYER(L)  | -1,000원 → 281,500원  [start]
H1223 | bet   2,000원 PLAYER | P:10♥ 6♣=6  B:7♥ 9♥=6  TIE(T)  |     0원 → 281,500원
H1224 | bet   2,000원 PLAYER | P:K♥ 8♣=8  B:7♠ 10♥=7  PLAYER(W)  | +2,000원 → 283,500원  [end_win]
H1225 | bet   1,000원 BANKER | P:Q♦ 3♠ Q♦=3  B:7♥ J♦=7  BANKER(W)  | +950원 → 284,450원
H1226 | bet   1,000원 BANKER | P:2♣ Q♣ 8♦=0  B:3♣ A♦=4  BANKER(W)  | +950원 → 285,400원
H1227 | bet   1,000원 BANKER | P:8♠ 9♠=7  B:2♥ A♠ 3♠=6  PLAYER(L)  | -1,000원 → 284,400원  [start]
H1228 | bet   2,000원 PLAYER | P:K♦ 6♣=6  B:2♠ J♦ 9♣=1  PLAYER(W)  | +2,000원 → 286,400원  [end_win]
H1229 | bet   1,000원 BANKER | P:8♦ 6♥ A♦=5  B:A♥ 10♠ 10♥=1  PLAYER(L)  | -1,000원 → 285,400원  [start]
H1230 | bet   2,000원 PLAYER | P:2♥ 3♥=5  B:4♣ 4♦=8  BANKER(L)  | -2,000원 → 283,400원
H1231 | bet   4,000원 PLAYER | P:A♠ 7♣=8  B:4♥ 5♦=9  BANKER(L)  | -4,000원 → 279,400원
H1232 | bet   8,000원 PLAYER | P:A♥ J♥ 2♦=3  B:Q♥ J♦ 10♣=0  PLAYER(W)  | +8,000원 → 287,400원  [end_win]
H1233 | bet   1,000원 BANKER | P:2♠ A♦ Q♠=3  B:5♣ 2♥=7  BANKER(W)  | +950원 → 288,350원
H1234 | bet   1,000원 BANKER | P:6♣ K♠=6  B:6♦ 8♠ 10♣=4  PLAYER(L)  | -1,000원 → 287,350원  [start]
H1235 | bet   2,000원 PLAYER | P:K♦ 6♠=6  B:9♣ 5♠ 8♥=2  PLAYER(W)  | +2,000원 → 289,350원  [end_win]
H1236 | bet   1,000원 BANKER | P:J♥ 6♠=6  B:Q♣ A♣ 2♠=3  PLAYER(L)  | -1,000원 → 288,350원  [start]
H1237 | bet   2,000원 PLAYER | P:6♦ 6♥ 6♦=8  B:J♦ 2♦ 10♥=2  PLAYER(W)  | +2,000원 → 290,350원  [end_win]
H1238 | bet   1,000원 BANKER | P:9♥ J♦=9  B:2♥ 4♥=6  PLAYER(L)  | -1,000원 → 289,350원  [start]
H1239 | bet   2,000원 PLAYER | P:3♥ 9♥ 3♥=5  B:5♠ 7♥ Q♣=2  PLAYER(W)  | +2,000원 → 291,350원  [end_win]
H1240 | bet   1,000원 BANKER | P:K♦ 3♣ Q♦=3  B:8♣ 8♠=6  BANKER(W)  | +950원 → 292,300원
H1241 | bet   1,000원 BANKER | P:10♣ J♣ 10♣=0  B:3♦ K♣ K♦=3  BANKER(W)  | +950원 → 293,250원
H1242 | bet   1,000원 BANKER | P:5♣ 8♦ 3♠=6  B:3♣ 3♦=6  TIE(T)  |     0원 → 293,250원
H1243 | bet   1,000원 BANKER | P:8♠ J♣=8  B:Q♥ 7♠=7  PLAYER(L)  | -1,000원 → 292,250원  [start]
H1244 | bet   2,000원 PLAYER | P:J♣ 5♠ 2♥=7  B:2♠ J♥ A♠=3  PLAYER(W)  | +2,000원 → 294,250원  [end_win]
H1245 | bet   1,000원 BANKER | P:5♣ 4♠=9  B:5♣ 6♠=1  PLAYER(L)  | -1,000원 → 293,250원  [start]
H1246 | bet   2,000원 PLAYER | P:7♦ A♥=8  B:J♦ 6♦=6  PLAYER(W)  | +2,000원 → 295,250원  [end_win]
H1247 | bet   1,000원 BANKER | P:9♥ 4♣=3  B:K♥ 9♠=9  BANKER(W)  | +950원 → 296,200원
H1248 | bet   1,000원 BANKER | P:2♣ 5♣=7  B:7♥ 9♣=6  PLAYER(L)  | -1,000원 → 295,200원  [start]
H1249 | bet   2,000원 PLAYER | P:A♥ 3♦ 5♥=9  B:4♦ 10♣ 5♣=9  TIE(T)  |     0원 → 295,200원
H1250 | bet   2,000원 PLAYER | P:7♠ Q♦=7  B:10♠ 3♣ 3♠=6  PLAYER(W)  | +2,000원 → 297,200원  [end_win]
H1251 | bet   1,000원 BANKER | P:J♠ 5♦ 4♠=9  B:Q♥ 2♠ 2♠=4  PLAYER(L)  | -1,000원 → 296,200원  [start]
H1252 | bet   2,000원 PLAYER | P:K♥ 10♦ 7♥=7  B:Q♥ 5♦ 5♦=0  PLAYER(W)  | +2,000원 → 298,200원  [end_win]
H1253 | bet   1,000원 BANKER | P:Q♠ 6♥=6  B:K♦ 8♣=8  BANKER(W)  | +950원 → 299,150원
H1254 | bet   1,000원 BANKER | P:3♥ 6♠=9  B:9♥ J♥=9  TIE(T)  |     0원 → 299,150원
H1255 | bet   1,000원 BANKER | P:4♠ 8♦=2  B:10♥ 9♠=9  BANKER(W)  | +950원 → 300,100원
H1256 | bet   1,000원 BANKER | P:Q♠ 6♠=6  B:8♦ 7♣ 6♥=1  PLAYER(L)  | -1,000원 → 299,100원  [start]
H1257 | bet   2,000원 PLAYER | P:A♠ 7♦=8  B:4♥ A♦=5  PLAYER(W)  | +2,000원 → 301,100원  [end_win]
H1258 | bet   1,000원 BANKER | P:6♣ A♠=7  B:Q♠ 4♦ A♥=5  PLAYER(L)  | -1,000원 → 300,100원  [start]
H1259 | bet   2,000원 PLAYER | P:9♣ 4♣=3  B:J♦ 9♦=9  BANKER(L)  | -2,000원 → 298,100원
H1260 | bet   4,000원 PLAYER | P:A♣ 2♥ 9♦=2  B:3♣ Q♣ Q♣=3  BANKER(L)  | -4,000원 → 294,100원
H1261 | bet   8,000원 PLAYER | P:10♦ 4♦ Q♥=4  B:A♣ 10♥ 8♠=9  BANKER(L)  | -8,000원 → 286,100원
H1262 | bet  16,000원 PLAYER | P:J♣ 5♣=5  B:Q♦ 8♣=8  BANKER(L)  | -16,000원 → 270,100원  [end_giveup]
H1263 | bet   1,000원 BANKER | P:K♦ K♣ 4♦=4  B:Q♦ 4♣ 5♣=9  BANKER(W)  | +950원 → 271,050원
H1264 | bet   1,000원 BANKER | P:K♣ 8♦=8  B:10♦ J♦=0  PLAYER(L)  | -1,000원 → 270,050원  [start]
H1265 | bet   2,000원 PLAYER | P:Q♥ 6♥=6  B:2♦ 8♣ Q♦=0  PLAYER(W)  | +2,000원 → 272,050원  [end_win]
H1266 | bet   1,000원 BANKER | P:J♣ 3♠ 2♦=5  B:7♦ 3♥ 2♠=2  PLAYER(L)  | -1,000원 → 271,050원  [start]
H1267 | bet   2,000원 PLAYER | P:2♥ 3♣ 7♦=2  B:9♠ 5♥ A♦=5  BANKER(L)  | -2,000원 → 269,050원
H1268 | bet   4,000원 PLAYER | P:J♠ Q♣ 2♦=2  B:9♠ 4♦ 7♥=0  PLAYER(W)  | +4,000원 → 273,050원  [end_win]
H1269 | bet   1,000원 BANKER | P:3♥ 8♦ A♠=2  B:J♠ 2♣ 9♠=1  PLAYER(L)  | -1,000원 → 272,050원  [start]
H1270 | bet   2,000원 PLAYER | P:5♠ 8♦ 3♣=6  B:9♥ 6♠=5  PLAYER(W)  | +2,000원 → 274,050원  [end_win]
H1271 | bet   1,000원 BANKER | P:K♣ 10♥ 4♠=4  B:K♥ 5♥ 8♥=3  PLAYER(L)  | -1,000원 → 273,050원  [start]
H1272 | bet   2,000원 PLAYER | P:9♣ Q♠=9  B:6♣ 3♣=9  TIE(T)  |     0원 → 273,050원
H1273 | bet   2,000원 PLAYER | P:J♥ 7♦=7  B:7♣ 2♣=9  BANKER(L)  | -2,000원 → 271,050원
H1274 | bet   4,000원 PLAYER | P:3♠ 4♥=7  B:K♦ Q♥ 5♠=5  PLAYER(W)  | +4,000원 → 275,050원  [end_win]
H1275 | bet   1,000원 BANKER | P:Q♠ 10♥ J♥=0  B:10♠ K♠ 6♣=6  BANKER(W)  | +950원 → 276,000원
H1276 | bet   1,000원 BANKER | P:A♣ 2♥ 9♦=2  B:4♣ 10♣=4  BANKER(W)  | +950원 → 276,950원
H1277 | bet   1,000원 BANKER | P:9♦ 10♥=9  B:3♠ 10♣=3  PLAYER(L)  | -1,000원 → 275,950원  [start]
H1278 | bet   2,000원 PLAYER | P:A♥ 8♠=9  B:7♣ 8♣=5  PLAYER(W)  | +2,000원 → 277,950원  [end_win]
H1279 | bet   1,000원 BANKER | P:Q♦ A♠ K♦=1  B:8♥ 4♠ K♠=2  BANKER(W)  | +950원 → 278,900원
H1280 | bet   1,000원 BANKER | P:10♦ 2♠ 4♦=6  B:J♣ 6♥=6  TIE(T)  |     0원 → 278,900원
H1281 | bet   1,000원 BANKER | P:7♣ 4♦ Q♠=1  B:3♣ 4♦=7  BANKER(W)  | +950원 → 279,850원
H1282 | bet   1,000원 BANKER | P:J♣ J♣ 9♠=9  B:J♠ 3♦ 8♣=1  PLAYER(L)  | -1,000원 → 278,850원  [start]
H1283 | bet   2,000원 PLAYER | P:6♣ A♦=7  B:5♥ Q♣ 10♦=5  PLAYER(W)  | +2,000원 → 280,850원  [end_win]
H1284 | bet   1,000원 BANKER | P:8♥ 2♠=0  B:2♦ 7♥=9  BANKER(W)  | +950원 → 281,800원
H1285 | bet   1,000원 BANKER | P:9♣ 7♠=6  B:4♠ A♣ K♠=5  PLAYER(L)  | -1,000원 → 280,800원  [start]
H1286 | bet   2,000원 PLAYER | P:7♠ 10♦=7  B:A♠ K♠ 5♥=6  PLAYER(W)  | +2,000원 → 282,800원  [end_win]
H1287 | bet   1,000원 BANKER | P:6♦ 8♥ 7♣=1  B:2♣ J♦ 7♣=9  BANKER(W)  | +950원 → 283,750원
H1288 | bet   1,000원 BANKER | P:9♦ J♠=9  B:K♥ 6♠=6  PLAYER(L)  | -1,000원 → 282,750원  [start]
H1289 | bet   2,000원 PLAYER | P:5♥ 5♦ K♣=0  B:2♣ 8♣ J♥=0  TIE(T)  |     0원 → 282,750원
H1290 | bet   2,000원 PLAYER | P:A♦ 2♥ 3♠=6  B:6♠ 10♦=6  TIE(T)  |     0원 → 282,750원
H1291 | bet   2,000원 PLAYER | P:6♥ 2♦=8  B:10♠ 4♠=4  PLAYER(W)  | +2,000원 → 284,750원  [end_win]
H1292 | bet   1,000원 BANKER | P:K♦ 10♥ 3♥=3  B:J♠ 5♠=5  BANKER(W)  | +950원 → 285,700원
H1293 | bet   1,000원 BANKER | P:J♦ 9♠=9  B:9♥ Q♠=9  TIE(T)  |     0원 → 285,700원
H1294 | bet   1,000원 BANKER | P:9♥ 4♥ 3♦=6  B:8♥ 4♣ 2♦=4  PLAYER(L)  | -1,000원 → 284,700원  [start]
H1295 | bet   2,000원 PLAYER | P:5♦ 6♦ A♥=2  B:3♦ K♣ 6♥=9  BANKER(L)  | -2,000원 → 282,700원
H1296 | bet   4,000원 PLAYER | P:3♥ 3♦=6  B:8♣ 3♥ 9♦=0  PLAYER(W)  | +4,000원 → 286,700원  [end_win]
H1297 | bet   1,000원 BANKER | P:9♠ A♦ 8♥=8  B:A♣ 2♥=3  PLAYER(L)  | -1,000원 → 285,700원  [start]
H1298 | bet   2,000원 PLAYER | P:7♠ 6♣ 9♣=2  B:2♣ 3♠=5  BANKER(L)  | -2,000원 → 283,700원
H1299 | bet   4,000원 PLAYER | P:K♠ 7♥=7  B:A♣ 8♠=9  BANKER(L)  | -4,000원 → 279,700원
H1300 | bet   8,000원 PLAYER | P:10♠ 2♣ 7♦=9  B:5♦ K♣ 3♦=8  PLAYER(W)  | +8,000원 → 287,700원  [end_win]
H1301 | bet   1,000원 BANKER | P:4♣ 4♥=8  B:8♦ 8♠=6  PLAYER(L)  | -1,000원 → 286,700원  [start]
H1302 | bet   2,000원 PLAYER | P:4♣ 6♥ 2♣=2  B:9♦ A♠ K♥=0  PLAYER(W)  | +2,000원 → 288,700원  [end_win]
H1303 | bet   1,000원 BANKER | P:K♣ Q♣ 7♠=7  B:9♦ 6♣ 8♦=3  PLAYER(L)  | -1,000원 → 287,700원  [start]
H1304 | bet   2,000원 PLAYER | P:5♠ 10♥ 9♣=4  B:5♦ A♥=6  BANKER(L)  | -2,000원 → 285,700원
H1305 | bet   4,000원 PLAYER | P:8♥ 7♣ 3♠=8  B:A♥ A♦ K♥=2  PLAYER(W)  | +4,000원 → 289,700원  [end_win]
H1306 | bet   1,000원 BANKER | P:7♠ 5♥=2  B:10♣ 8♠=8  BANKER(W)  | +950원 → 290,650원
H1307 | bet   1,000원 BANKER | P:A♣ 5♥=6  B:7♠ 5♠ 4♥=6  TIE(T)  |     0원 → 290,650원
H1308 | bet   1,000원 BANKER | P:6♣ Q♦=6  B:7♥ 4♥ 4♣=5  PLAYER(L)  | -1,000원 → 289,650원  [start]
H1309 | bet   2,000원 PLAYER | P:J♠ Q♦ 9♥=9  B:K♠ Q♥ J♠=0  PLAYER(W)  | +2,000원 → 291,650원  [end_win]
H1310 | bet   1,000원 BANKER | P:10♠ J♥ 6♦=6  B:K♠ 7♥=7  BANKER(W)  | +950원 → 292,600원
H1311 | bet   1,000원 BANKER | P:10♥ 2♠ 10♠=2  B:9♠ 5♦=4  BANKER(W)  | +950원 → 293,550원
H1312 | bet   1,000원 BANKER | P:3♣ 7♠=0  B:5♠ 3♠=8  BANKER(W)  | +950원 → 294,500원
H1313 | bet   1,000원 BANKER | P:4♠ K♠ 8♥=2  B:7♠ 5♦ Q♠=2  TIE(T)  |     0원 → 294,500원
H1314 | bet   1,000원 BANKER | P:Q♣ 9♣=9  B:4♥ 6♦=0  PLAYER(L)  | -1,000원 → 293,500원  [start]
H1315 | bet   2,000원 PLAYER | P:J♣ Q♥=0  B:9♣ 9♥=8  BANKER(L)  | -2,000원 → 291,500원
H1316 | bet   4,000원 PLAYER | P:6♠ 6♠ J♦=2  B:10♠ 6♦=6  BANKER(L)  | -4,000원 → 287,500원
H1317 | bet   8,000원 PLAYER | P:K♦ Q♣ 9♦=9  B:8♠ 2♣ 6♠=6  PLAYER(W)  | +8,000원 → 295,500원  [end_win]
H1318 | bet   1,000원 BANKER | P:J♦ Q♠ K♦=0  B:J♣ 6♣=6  BANKER(W)  | +950원 → 296,450원
H1319 | bet   1,000원 BANKER | P:3♣ 5♥=8  B:4♠ 7♦=1  PLAYER(L)  | -1,000원 → 295,450원  [start]
H1320 | bet   2,000원 PLAYER | P:7♣ 3♣ J♦=0  B:8♦ 6♠=4  BANKER(L)  | -2,000원 → 293,450원
H1321 | bet   4,000원 PLAYER | P:8♦ A♠=9  B:9♣ 9♠=8  PLAYER(W)  | +4,000원 → 297,450원  [end_win]
H1322 | bet   1,000원 BANKER | P:6♥ 9♦ J♥=5  B:4♥ 3♦=7  BANKER(W)  | +950원 → 298,400원
H1323 | bet   1,000원 BANKER | P:10♠ K♥ 8♥=8  B:8♠ 8♠=6  PLAYER(L)  | -1,000원 → 297,400원  [start]
H1324 | bet   2,000원 PLAYER | P:5♣ J♣=5  B:9♣ K♠=9  BANKER(L)  | -2,000원 → 295,400원
H1325 | bet   4,000원 PLAYER | P:A♦ 6♥=7  B:Q♣ 8♣=8  BANKER(L)  | -4,000원 → 291,400원
H1326 | bet   8,000원 PLAYER | P:5♠ 7♣ 2♠=4  B:2♥ 4♦=6  BANKER(L)  | -8,000원 → 283,400원
H1327 | bet  16,000원 PLAYER | P:4♥ 3♣=7  B:J♠ Q♠ Q♠=0  PLAYER(W)  | +16,000원 → 299,400원  [end_win]
H1328 | bet   1,000원 BANKER | P:Q♦ 6♠=6  B:5♥ 2♠=7  BANKER(W)  | +950원 → 300,350원
H1329 | bet   1,000원 BANKER | P:9♦ 3♥ 10♦=2  B:3♦ 7♠ 10♥=0  PLAYER(L)  | -1,000원 → 299,350원  [start]
H1330 | bet   2,000원 PLAYER | P:4♥ 10♦=4  B:3♦ 5♥=8  BANKER(L)  | -2,000원 → 297,350원
H1331 | bet   4,000원 PLAYER | P:8♦ 2♠=0  B:8♥ A♣=9  BANKER(L)  | -4,000원 → 293,350원
H1332 | bet   8,000원 PLAYER | P:Q♦ 8♣=8  B:3♦ J♠=3  PLAYER(W)  | +8,000원 → 301,350원  [end_win]
H1333 | bet   1,000원 BANKER | P:4♦ 4♠=8  B:6♣ 10♥=6  PLAYER(L)  | -1,000원 → 300,350원  [start]
H1334 | bet   2,000원 PLAYER | P:7♣ 7♥=4  B:J♣ 8♣=8  BANKER(L)  | -2,000원 → 298,350원
H1335 | bet   4,000원 PLAYER | P:9♥ 3♦ 2♣=4  B:K♠ 7♣=7  BANKER(L)  | -4,000원 → 294,350원
H1336 | bet   8,000원 PLAYER | P:A♠ 10♦ J♣=1  B:4♦ 6♥ 6♣=6  BANKER(L)  | -8,000원 → 286,350원
H1337 | bet  16,000원 PLAYER | P:10♦ 5♣=5  B:9♦ 9♣=8  BANKER(L)  | -16,000원 → 270,350원  [end_giveup]
H1338 | bet   1,000원 BANKER | P:2♦ A♠ 4♥=7  B:5♦ 9♠ 4♣=8  BANKER(W)  | +950원 → 271,300원
H1339 | bet   1,000원 BANKER | P:K♣ J♠ 3♦=3  B:6♣ A♦=7  BANKER(W)  | +950원 → 272,250원
H1340 | bet   1,000원 BANKER | P:2♥ 5♠=7  B:8♥ 2♥ 10♠=0  PLAYER(L)  | -1,000원 → 271,250원  [start]
H1341 | bet   2,000원 PLAYER | P:4♥ Q♦ 6♠=0  B:4♥ 2♦ 2♣=8  BANKER(L)  | -2,000원 → 269,250원
H1342 | bet   4,000원 PLAYER | P:A♠ 5♦=6  B:7♦ 4♥ 5♥=6  TIE(T)  |     0원 → 269,250원
H1343 | bet   4,000원 PLAYER | P:9♠ 3♥ J♣=2  B:5♦ K♥=5  BANKER(L)  | -4,000원 → 265,250원
H1344 | bet   8,000원 PLAYER | P:K♥ Q♦ 9♥=9  B:3♠ Q♣ 5♠=8  PLAYER(W)  | +8,000원 → 273,250원  [end_win]
H1345 | bet   1,000원 BANKER | P:10♠ 5♦ 5♣=0  B:3♣ 3♥=6  BANKER(W)  | +950원 → 274,200원
H1346 | bet   1,000원 BANKER | P:5♥ 2♦=7  B:7♦ 9♦=6  PLAYER(L)  | -1,000원 → 273,200원  [start]
H1347 | bet   2,000원 PLAYER | P:10♠ J♥ 7♦=7  B:A♠ 6♣=7  TIE(T)  |     0원 → 273,200원
H1348 | bet   2,000원 PLAYER | P:J♥ Q♣ Q♥=0  B:K♣ 3♠ J♥=3  BANKER(L)  | -2,000원 → 271,200원
H1349 | bet   4,000원 PLAYER | P:10♥ K♥ 3♠=3  B:J♠ 10♦ 7♣=7  BANKER(L)  | -4,000원 → 267,200원
H1350 | bet   8,000원 PLAYER | P:J♠ 10♠ A♦=1  B:10♣ 6♣=6  BANKER(L)  | -8,000원 → 259,200원
H1351 | bet  16,000원 PLAYER | P:7♥ 6♣ K♦=3  B:10♥ Q♥ 2♠=2  PLAYER(W)  | +16,000원 → 275,200원  [end_win]
H1352 | bet   1,000원 BANKER | P:6♦ 2♦=8  B:8♣ 5♣=3  PLAYER(L)  | -1,000원 → 274,200원  [start]
H1353 | bet   2,000원 PLAYER | P:4♠ 6♠ 3♥=3  B:4♦ J♦ 9♥=3  TIE(T)  |     0원 → 274,200원
H1354 | bet   2,000원 PLAYER | P:6♥ 5♣=1  B:6♦ 2♦=8  BANKER(L)  | -2,000원 → 272,200원
H1355 | bet   4,000원 PLAYER | P:10♦ J♠ 3♠=3  B:5♥ A♦=6  BANKER(L)  | -4,000원 → 268,200원
H1356 | bet   8,000원 PLAYER | P:K♥ K♥ K♥=0  B:7♦ 7♦=4  BANKER(L)  | -8,000원 → 260,200원
H1357 | bet  16,000원 PLAYER | P:J♥ 9♥=9  B:J♦ 6♥=6  PLAYER(W)  | +16,000원 → 276,200원  [end_win]
H1358 | bet   1,000원 BANKER | P:K♥ 8♥=8  B:5♣ A♣=6  PLAYER(L)  | -1,000원 → 275,200원  [start]
H1359 | bet   2,000원 PLAYER | P:A♠ 3♥=4  B:J♦ 8♣=8  BANKER(L)  | -2,000원 → 273,200원
H1360 | bet   4,000원 PLAYER | P:J♥ 9♠=9  B:10♣ K♦=0  PLAYER(W)  | +4,000원 → 277,200원  [end_win]
H1361 | bet   1,000원 BANKER | P:3♦ A♥ 10♣=4  B:5♠ 5♦ 5♦=5  BANKER(W)  | +950원 → 278,150원
H1362 | bet   1,000원 BANKER | P:7♠ 3♠ 6♥=6  B:K♦ 4♠ 8♠=2  PLAYER(L)  | -1,000원 → 277,150원  [start]
H1363 | bet   2,000원 PLAYER | P:2♠ 7♥=9  B:J♣ 2♠=2  PLAYER(W)  | +2,000원 → 279,150원  [end_win]
H1364 | bet   1,000원 BANKER | P:K♣ 10♠ 9♣=9  B:K♠ 7♣=7  PLAYER(L)  | -1,000원 → 278,150원  [start]
H1365 | bet   2,000원 PLAYER | P:5♥ 7♥ J♥=2  B:10♣ 2♥ 5♠=7  BANKER(L)  | -2,000원 → 276,150원
H1366 | bet   4,000원 PLAYER | P:Q♦ K♠ 2♦=2  B:K♦ 7♦=7  BANKER(L)  | -4,000원 → 272,150원
H1367 | bet   8,000원 PLAYER | P:4♣ 10♣ K♣=4  B:J♦ 2♣ 7♣=9  BANKER(L)  | -8,000원 → 264,150원
H1368 | bet  16,000원 PLAYER | P:A♣ 4♠ A♦=6  B:9♥ 2♥ 10♦=1  PLAYER(W)  | +16,000원 → 280,150원  [end_win]
H1369 | bet   1,000원 BANKER | P:9♣ 3♣ J♦=2  B:A♥ 4♣=5  BANKER(W)  | +950원 → 281,100원
H1370 | bet   1,000원 BANKER | P:9♠ 6♥ 8♠=3  B:Q♠ 7♠=7  BANKER(W)  | +950원 → 282,050원
H1371 | bet   1,000원 BANKER | P:Q♥ 2♥ K♠=2  B:3♥ A♣=4  BANKER(W)  | +950원 → 283,000원
H1372 | bet   1,000원 BANKER | P:4♦ 4♦=8  B:4♣ J♠=4  PLAYER(L)  | -1,000원 → 282,000원  [start]
H1373 | bet   2,000원 PLAYER | P:K♦ 2♥ 8♠=0  B:J♥ 2♥ 8♦=0  TIE(T)  |     0원 → 282,000원
H1374 | bet   2,000원 PLAYER | P:6♦ Q♠=6  B:7♥ Q♥=7  BANKER(L)  | -2,000원 → 280,000원
H1375 | bet   4,000원 PLAYER | P:10♥ 7♦=7  B:9♦ A♦ K♣=0  PLAYER(W)  | +4,000원 → 284,000원  [end_win]
H1376 | bet   1,000원 BANKER | P:A♥ 10♣=1  B:9♠ Q♦=9  BANKER(W)  | +950원 → 284,950원
H1377 | bet   1,000원 BANKER | P:4♦ 8♠=2  B:8♣ A♥=9  BANKER(W)  | +950원 → 285,900원
H1378 | bet   1,000원 BANKER | P:7♥ 10♣=7  B:8♦ A♦=9  BANKER(W)  | +950원 → 286,850원
H1379 | bet   1,000원 BANKER | P:8♥ 5♣=3  B:10♣ 9♣=9  BANKER(W)  | +950원 → 287,800원
H1380 | bet   1,000원 BANKER | P:8♣ 4♠ Q♠=2  B:A♣ A♠ 3♣=5  BANKER(W)  | +950원 → 288,750원
H1381 | bet   1,000원 BANKER | P:10♥ 8♠=8  B:Q♠ 7♣=7  PLAYER(L)  | -1,000원 → 287,750원  [start]
H1382 | bet   2,000원 PLAYER | P:9♠ 4♣ Q♣=3  B:A♥ 4♠=5  BANKER(L)  | -2,000원 → 285,750원
H1383 | bet   4,000원 PLAYER | P:8♦ 2♣=0  B:7♠ A♥=8  BANKER(L)  | -4,000원 → 281,750원
H1384 | bet   8,000원 PLAYER | P:Q♦ 7♥=7  B:9♦ 8♣=7  TIE(T)  |     0원 → 281,750원
H1385 | bet   8,000원 PLAYER | P:A♣ A♥=2  B:5♠ 4♣=9  BANKER(L)  | -8,000원 → 273,750원
H1386 | bet  16,000원 PLAYER | P:9♥ 2♣ Q♥=1  B:J♣ K♣ Q♥=0  PLAYER(W)  | +16,000원 → 289,750원  [end_win]
H1387 | bet   1,000원 BANKER | P:K♦ 2♦=2  B:6♦ 3♥=9  BANKER(W)  | +950원 → 290,700원
H1388 | bet   1,000원 BANKER | P:Q♦ 3♠ Q♣=3  B:A♣ 9♥ 10♥=0  PLAYER(L)  | -1,000원 → 289,700원  [start]
H1389 | bet   2,000원 PLAYER | P:6♦ 2♦=8  B:6♠ 3♥=9  BANKER(L)  | -2,000원 → 287,700원
H1390 | bet   4,000원 PLAYER | P:Q♥ 9♦=9  B:Q♣ 5♣=5  PLAYER(W)  | +4,000원 → 291,700원  [end_win]
H1391 | bet   1,000원 BANKER | P:2♣ 10♦ 8♦=0  B:7♠ 5♥ A♥=3  BANKER(W)  | +950원 → 292,650원
H1392 | bet   1,000원 BANKER | P:3♠ A♣ 8♥=2  B:K♣ J♠ 5♠=5  BANKER(W)  | +950원 → 293,600원
H1393 | bet   1,000원 BANKER | P:8♦ A♦=9  B:6♥ 6♦=2  PLAYER(L)  | -1,000원 → 292,600원  [start]
H1394 | bet   2,000원 PLAYER | P:4♣ 4♦=8  B:4♣ 8♥=2  PLAYER(W)  | +2,000원 → 294,600원  [end_win]
H1395 | bet   1,000원 BANKER | P:4♠ K♦ J♦=4  B:7♣ 3♦ J♥=0  PLAYER(L)  | -1,000원 → 293,600원  [start]
H1396 | bet   2,000원 PLAYER | P:A♠ 10♠ 8♥=9  B:2♠ 5♣=7  PLAYER(W)  | +2,000원 → 295,600원  [end_win]
H1397 | bet   1,000원 BANKER | P:7♦ 6♥ 6♠=9  B:3♣ J♠ 5♥=8  PLAYER(L)  | -1,000원 → 294,600원  [start]
H1398 | bet   2,000원 PLAYER | P:7♣ 3♣ 9♥=9  B:5♦ K♠=5  PLAYER(W)  | +2,000원 → 296,600원  [end_win]
H1399 | bet   1,000원 BANKER | P:8♣ 7♠ 4♥=9  B:Q♣ J♣ 3♠=3  PLAYER(L)  | -1,000원 → 295,600원  [start]
H1400 | bet   2,000원 PLAYER | P:10♣ 10♦=0  B:A♥ 8♦=9  BANKER(L)  | -2,000원 → 293,600원
H1401 | bet   4,000원 PLAYER | P:K♣ 3♥ 4♦=7  B:9♣ 5♠ 3♥=7  TIE(T)  |     0원 → 293,600원
H1402 | bet   4,000원 PLAYER | P:3♦ 9♠ 2♥=4  B:3♠ K♥ 9♣=2  PLAYER(W)  | +4,000원 → 297,600원  [end_win]
H1403 | bet   1,000원 BANKER | P:J♣ 9♠=9  B:2♦ A♥=3  PLAYER(L)  | -1,000원 → 296,600원  [start]
H1404 | bet   2,000원 PLAYER | P:10♣ 10♣ J♣=0  B:2♦ A♠ 4♥=7  BANKER(L)  | -2,000원 → 294,600원
H1405 | bet   4,000원 PLAYER | P:A♠ A♣ 6♦=8  B:9♦ 7♦ A♣=7  PLAYER(W)  | +4,000원 → 298,600원  [end_win]
H1406 | bet   1,000원 BANKER | P:A♠ Q♥ 8♠=9  B:6♥ 6♣ 8♥=0  PLAYER(L)  | -1,000원 → 297,600원  [start]
H1407 | bet   2,000원 PLAYER | P:K♣ 9♥=9  B:6♥ 6♣=2  PLAYER(W)  | +2,000원 → 299,600원  [end_win]
H1408 | bet   1,000원 BANKER | P:8♦ 2♥ 6♠=6  B:9♥ 8♣=7  BANKER(W)  | +950원 → 300,550원
H1409 | bet   1,000원 BANKER | P:6♦ 6♦ A♠=3  B:4♥ 2♠=6  BANKER(W)  | +950원 → 301,500원
H1410 | bet   1,000원 BANKER | P:Q♥ 8♥=8  B:9♠ 3♠=2  PLAYER(L)  | -1,000원 → 300,500원  [start]
H1411 | bet   2,000원 PLAYER | P:2♣ 4♦=6  B:Q♥ 7♣=7  BANKER(L)  | -2,000원 → 298,500원
H1412 | bet   4,000원 PLAYER | P:8♠ 2♣ 3♥=3  B:6♥ 10♦=6  BANKER(L)  | -4,000원 → 294,500원
H1413 | bet   8,000원 PLAYER | P:2♦ Q♠ 2♠=4  B:8♥ 7♥=5  BANKER(L)  | -8,000원 → 286,500원
H1414 | bet  16,000원 PLAYER | P:4♣ A♥ A♣=6  B:J♣ 2♥ 7♣=9  BANKER(L)  | -16,000원 → 270,500원  [end_giveup]
H1415 | bet   1,000원 BANKER | P:5♥ 8♦=3  B:Q♥ 9♥=9  BANKER(W)  | +950원 → 271,450원
H1416 | bet   1,000원 BANKER | P:5♣ 10♠ 2♦=7  B:10♥ A♦ Q♦=1  PLAYER(L)  | -1,000원 → 270,450원  [start]
H1417 | bet   2,000원 PLAYER | P:3♣ 8♣ 2♣=3  B:K♥ 10♠ 7♠=7  BANKER(L)  | -2,000원 → 268,450원
H1418 | bet   4,000원 PLAYER | P:10♥ 7♥=7  B:Q♥ 7♠=7  TIE(T)  |     0원 → 268,450원
H1419 | bet   4,000원 PLAYER | P:10♥ 5♠ K♦=5  B:K♦ Q♠ 7♠=7  BANKER(L)  | -4,000원 → 264,450원
H1420 | bet   8,000원 PLAYER | P:A♦ 6♣=7  B:J♠ 9♠=9  BANKER(L)  | -8,000원 → 256,450원
H1421 | bet  16,000원 PLAYER | P:5♦ K♦ J♣=5  B:2♥ 4♠=6  BANKER(L)  | -16,000원 → 240,450원  [end_giveup]
H1422 | bet   1,000원 BANKER | P:3♥ 4♠=7  B:4♥ Q♠ 4♦=8  BANKER(W)  | +950원 → 241,400원
H1423 | bet   1,000원 BANKER | P:K♣ 3♠ 10♠=3  B:10♣ 7♥=7  BANKER(W)  | +950원 → 242,350원
H1424 | bet   1,000원 BANKER | P:J♣ 5♣ J♦=5  B:J♣ A♦ 4♥=5  TIE(T)  |     0원 → 242,350원
H1425 | bet   1,000원 BANKER | P:J♥ 6♠=6  B:Q♦ 10♥ 6♥=6  TIE(T)  |     0원 → 242,350원
H1426 | bet   1,000원 BANKER | P:J♦ 4♠=4  B:8♦ K♦=8  BANKER(W)  | +950원 → 243,300원
H1427 | bet   1,000원 BANKER | P:Q♦ A♥=1  B:3♣ 5♥=8  BANKER(W)  | +950원 → 244,250원
H1428 | bet   1,000원 BANKER | P:4♣ 10♣=4  B:9♥ 9♦=8  BANKER(W)  | +950원 → 245,200원
H1429 | bet   1,000원 BANKER | P:3♦ A♥ K♥=4  B:10♠ 2♥ 10♥=2  PLAYER(L)  | -1,000원 → 244,200원  [start]
H1430 | bet   2,000원 PLAYER | P:Q♥ 8♥=8  B:8♣ 2♥=0  PLAYER(W)  | +2,000원 → 246,200원  [end_win]
H1431 | bet   1,000원 BANKER | P:K♦ 3♣ 5♣=8  B:J♠ 5♥ 5♣=0  PLAYER(L)  | -1,000원 → 245,200원  [start]
H1432 | bet   2,000원 PLAYER | P:7♣ J♥=7  B:8♠ Q♦=8  BANKER(L)  | -2,000원 → 243,200원
H1433 | bet   4,000원 PLAYER | P:A♦ 5♣=6  B:K♦ 2♣ 7♠=9  BANKER(L)  | -4,000원 → 239,200원
H1434 | bet   8,000원 PLAYER | P:2♠ 3♦ 5♦=0  B:K♥ K♣ 5♦=5  BANKER(L)  | -8,000원 → 231,200원
H1435 | bet  16,000원 PLAYER | P:4♠ 2♦=6  B:5♠ Q♠ K♠=5  PLAYER(W)  | +16,000원 → 247,200원  [end_win]
H1436 | bet   1,000원 BANKER | P:J♥ 4♠=4  B:6♦ 2♦=8  BANKER(W)  | +950원 → 248,150원
H1437 | bet   1,000원 BANKER | P:A♦ Q♣ 2♦=3  B:A♠ Q♠ J♠=1  PLAYER(L)  | -1,000원 → 247,150원  [start]
H1438 | bet   2,000원 PLAYER | P:5♥ 6♠ Q♦=1  B:4♦ A♠=5  BANKER(L)  | -2,000원 → 245,150원
H1439 | bet   4,000원 PLAYER | P:K♣ A♦ 4♣=5  B:7♥ K♥=7  BANKER(L)  | -4,000원 → 241,150원
H1440 | bet   8,000원 PLAYER | P:K♣ K♣=0  B:J♠ 9♠=9  BANKER(L)  | -8,000원 → 233,150원
H1441 | bet  16,000원 PLAYER | P:K♠ 9♣=9  B:J♥ K♥=0  PLAYER(W)  | +16,000원 → 249,150원  [end_win]
H1442 | bet   1,000원 BANKER | P:4♠ 3♦=7  B:A♣ 10♥ J♦=1  PLAYER(L)  | -1,000원 → 248,150원  [start]
H1443 | bet   2,000원 PLAYER | P:Q♦ 6♣=6  B:3♥ 4♥=7  BANKER(L)  | -2,000원 → 246,150원
H1444 | bet   4,000원 PLAYER | P:J♦ A♥ 8♥=9  B:2♣ 4♥=6  PLAYER(W)  | +4,000원 → 250,150원  [end_win]
H1445 | bet   1,000원 BANKER | P:8♠ 3♣ 10♣=1  B:7♦ 5♠ 5♣=7  BANKER(W)  | +950원 → 251,100원
H1446 | bet   1,000원 BANKER | P:K♦ Q♦ 3♥=3  B:2♦ 4♦=6  BANKER(W)  | +950원 → 252,050원
H1447 | bet   1,000원 BANKER | P:5♦ 3♥=8  B:A♦ 5♦=6  PLAYER(L)  | -1,000원 → 251,050원  [start]
H1448 | bet   2,000원 PLAYER | P:7♦ 7♦ 9♣=3  B:7♥ 5♥ 4♥=6  BANKER(L)  | -2,000원 → 249,050원
H1449 | bet   4,000원 PLAYER | P:6♦ 3♦=9  B:8♠ 9♣=7  PLAYER(W)  | +4,000원 → 253,050원  [end_win]
H1450 | bet   1,000원 BANKER | P:4♦ 6♣ J♦=0  B:Q♦ Q♣ 4♣=4  BANKER(W)  | +950원 → 254,000원
H1451 | bet   1,000원 BANKER | P:10♠ 6♦=6  B:9♦ 4♣ J♣=3  PLAYER(L)  | -1,000원 → 253,000원  [start]
H1452 | bet   2,000원 PLAYER | P:2♠ J♠ 7♥=9  B:7♠ 10♠=7  PLAYER(W)  | +2,000원 → 255,000원  [end_win]
H1453 | bet   1,000원 BANKER | P:3♠ K♥ 5♥=8  B:9♦ 4♣ Q♣=3  PLAYER(L)  | -1,000원 → 254,000원  [start]
H1454 | bet   2,000원 PLAYER | P:A♣ 9♥ 9♦=9  B:A♥ 2♠ 8♣=1  PLAYER(W)  | +2,000원 → 256,000원  [end_win]
H1455 | bet   1,000원 BANKER | P:10♦ 9♦=9  B:8♠ K♠=8  PLAYER(L)  | -1,000원 → 255,000원  [start]
H1456 | bet   2,000원 PLAYER | P:10♦ 9♠=9  B:6♣ K♣=6  PLAYER(W)  | +2,000원 → 257,000원  [end_win]
H1457 | bet   1,000원 BANKER | P:5♠ 6♠=1  B:A♣ 8♥=9  BANKER(W)  | +950원 → 257,950원
H1458 | bet   1,000원 BANKER | P:Q♥ 7♠=7  B:10♦ 4♠ 3♠=7  TIE(T)  |     0원 → 257,950원
H1459 | bet   1,000원 BANKER | P:6♠ K♠=6  B:Q♠ 9♥=9  BANKER(W)  | +950원 → 258,900원
H1460 | bet   1,000원 BANKER | P:4♣ 8♦=2  B:9♦ 10♦=9  BANKER(W)  | +950원 → 259,850원
H1461 | bet   1,000원 BANKER | P:9♣ 6♦ 9♣=4  B:A♣ Q♠ 5♥=6  BANKER(W)  | +950원 → 260,800원
H1462 | bet   1,000원 BANKER | P:Q♣ 5♠ Q♠=5  B:3♦ 8♠ 8♠=9  BANKER(W)  | +950원 → 261,750원
H1463 | bet   1,000원 BANKER | P:7♣ 10♦=7  B:3♦ 2♠ 10♣=5  PLAYER(L)  | -1,000원 → 260,750원  [start]
H1464 | bet   2,000원 PLAYER | P:A♣ Q♥ 3♠=4  B:2♥ J♠ 9♠=1  PLAYER(W)  | +2,000원 → 262,750원  [end_win]
H1465 | bet   1,000원 BANKER | P:J♠ 7♥=7  B:J♥ 7♦=7  TIE(T)  |     0원 → 262,750원
H1466 | bet   1,000원 BANKER | P:9♥ J♦=9  B:4♦ 6♠=0  PLAYER(L)  | -1,000원 → 261,750원  [start]
H1467 | bet   2,000원 PLAYER | P:8♥ Q♣=8  B:J♥ 10♣=0  PLAYER(W)  | +2,000원 → 263,750원  [end_win]
H1468 | bet   1,000원 BANKER | P:8♣ 4♦ 6♥=8  B:10♥ 5♠ 5♦=0  PLAYER(L)  | -1,000원 → 262,750원  [start]
H1469 | bet   2,000원 PLAYER | P:A♥ 4♣ 3♣=8  B:6♦ 6♥ 2♥=4  PLAYER(W)  | +2,000원 → 264,750원  [end_win]
H1470 | bet   1,000원 BANKER | P:3♣ 9♣ 8♣=0  B:7♥ 8♦=5  BANKER(W)  | +950원 → 265,700원
H1471 | bet   1,000원 BANKER | P:7♦ 6♥ 9♠=2  B:J♦ J♥ 7♠=7  BANKER(W)  | +950원 → 266,650원
H1472 | bet   1,000원 BANKER | P:10♠ 7♦=7  B:10♥ 6♣=6  PLAYER(L)  | -1,000원 → 265,650원  [start]
H1473 | bet   2,000원 PLAYER | P:8♦ 2♠=0  B:8♦ Q♣=8  BANKER(L)  | -2,000원 → 263,650원
H1474 | bet   4,000원 PLAYER | P:2♣ 7♣=9  B:7♣ 3♥=0  PLAYER(W)  | +4,000원 → 267,650원  [end_win]
H1475 | bet   1,000원 BANKER | P:6♠ 5♦ Q♣=1  B:5♠ K♠=5  BANKER(W)  | +950원 → 268,600원
H1476 | bet   1,000원 BANKER | P:J♦ 6♠=6  B:10♠ 2♥ Q♠=2  PLAYER(L)  | -1,000원 → 267,600원  [start]
H1477 | bet   2,000원 PLAYER | P:7♥ 7♦ 8♣=2  B:A♦ J♦ A♦=2  TIE(T)  |     0원 → 267,600원
H1478 | bet   2,000원 PLAYER | P:5♦ 2♥=7  B:4♣ 10♦ 5♣=9  BANKER(L)  | -2,000원 → 265,600원
H1479 | bet   4,000원 PLAYER | P:6♠ K♣=6  B:3♦ 5♦=8  BANKER(L)  | -4,000원 → 261,600원
H1480 | bet   8,000원 PLAYER | P:2♦ 7♠=9  B:9♦ 5♠=4  PLAYER(W)  | +8,000원 → 269,600원  [end_win]
H1481 | bet   1,000원 BANKER | P:7♥ 9♦=6  B:Q♦ 5♠ J♠=5  PLAYER(L)  | -1,000원 → 268,600원  [start]
H1482 | bet   2,000원 PLAYER | P:A♣ 6♥=7  B:8♣ 6♦ 9♠=3  PLAYER(W)  | +2,000원 → 270,600원  [end_win]
H1483 | bet   1,000원 BANKER | P:4♣ A♠ Q♠=5  B:6♣ 9♥=5  TIE(T)  |     0원 → 270,600원
H1484 | bet   1,000원 BANKER | P:4♥ 9♥=3  B:3♦ 6♠=9  BANKER(W)  | +950원 → 271,550원
H1485 | bet   1,000원 BANKER | P:7♠ A♠=8  B:5♣ Q♥=5  PLAYER(L)  | -1,000원 → 270,550원  [start]
H1486 | bet   2,000원 PLAYER | P:3♥ 4♣=7  B:6♠ Q♣=6  PLAYER(W)  | +2,000원 → 272,550원  [end_win]
H1487 | bet   1,000원 BANKER | P:4♦ 2♠=6  B:2♥ 4♦=6  TIE(T)  |     0원 → 272,550원
H1488 | bet   1,000원 BANKER | P:9♥ A♥ Q♣=0  B:Q♥ K♦ A♦=1  BANKER(W)  | +950원 → 273,500원
H1489 | bet   1,000원 BANKER | P:4♦ A♥ K♣=5  B:3♠ 2♦=5  TIE(T)  |     0원 → 273,500원
H1490 | bet   1,000원 BANKER | P:4♣ 10♦=4  B:7♠ A♠=8  BANKER(W)  | +950원 → 274,450원
H1491 | bet   1,000원 BANKER | P:4♥ 8♥ Q♥=2  B:A♠ K♠ K♥=1  PLAYER(L)  | -1,000원 → 273,450원  [start]
H1492 | bet   2,000원 PLAYER | P:7♠ Q♦=7  B:3♠ 9♠ J♠=2  PLAYER(W)  | +2,000원 → 275,450원  [end_win]
H1493 | bet   1,000원 BANKER | P:8♠ 10♦=8  B:Q♣ 2♣=2  PLAYER(L)  | -1,000원 → 274,450원  [start]
H1494 | bet   2,000원 PLAYER | P:8♦ 4♣ 3♣=5  B:10♥ 4♣ 4♥=8  BANKER(L)  | -2,000원 → 272,450원
H1495 | bet   4,000원 PLAYER | P:3♠ J♠ K♦=3  B:7♦ 8♥=5  BANKER(L)  | -4,000원 → 268,450원
H1496 | bet   8,000원 PLAYER | P:K♥ 7♥=7  B:8♦ J♥=8  BANKER(L)  | -8,000원 → 260,450원
H1497 | bet  16,000원 PLAYER | P:9♦ 10♥=9  B:9♠ 8♠=7  PLAYER(W)  | +16,000원 → 276,450원  [end_win]
H1498 | bet   1,000원 BANKER | P:2♠ 10♣ K♦=2  B:2♥ Q♥ 2♣=4  BANKER(W)  | +950원 → 277,400원
H1499 | bet   1,000원 BANKER | P:Q♥ 5♦ 10♣=5  B:10♠ 7♠=7  BANKER(W)  | +950원 → 278,350원
H1500 | bet   1,000원 BANKER | P:7♣ K♦=7  B:2♠ 7♦=9  BANKER(W)  | +950원 → 279,300원
H1501 | bet   1,000원 BANKER | P:4♣ 8♠=2  B:5♥ 3♥=8  BANKER(W)  | +950원 → 280,250원
H1502 | bet   1,000원 BANKER | P:Q♦ J♣ K♦=0  B:7♥ 5♣ A♥=3  BANKER(W)  | +950원 → 281,200원
H1503 | bet   1,000원 BANKER | P:Q♦ 5♦=5  B:7♣ A♣=8  BANKER(W)  | +950원 → 282,150원
H1504 | bet   1,000원 BANKER | P:10♠ 6♥=6  B:9♣ 2♦ A♣=2  PLAYER(L)  | -1,000원 → 281,150원  [start]
H1505 | bet   2,000원 PLAYER | P:9♦ K♦=9  B:3♦ 3♥=6  PLAYER(W)  | +2,000원 → 283,150원  [end_win]
H1506 | bet   1,000원 BANKER | P:A♣ 8♣=9  B:10♣ 5♥=5  PLAYER(L)  | -1,000원 → 282,150원  [start]
H1507 | bet   2,000원 PLAYER | P:5♠ J♠ A♠=6  B:J♣ 6♦=6  TIE(T)  |     0원 → 282,150원
H1508 | bet   2,000원 PLAYER | P:5♥ 10♥ K♦=5  B:Q♦ 5♥=5  TIE(T)  |     0원 → 282,150원
H1509 | bet   2,000원 PLAYER | P:2♦ 9♣=1  B:K♠ 9♣=9  BANKER(L)  | -2,000원 → 280,150원
H1510 | bet   4,000원 PLAYER | P:2♠ 5♦=7  B:4♦ 10♠ 6♣=0  PLAYER(W)  | +4,000원 → 284,150원  [end_win]
H1511 | bet   1,000원 BANKER | P:9♦ 10♣=9  B:A♥ 4♠=5  PLAYER(L)  | -1,000원 → 283,150원  [start]
H1512 | bet   2,000원 PLAYER | P:6♥ 3♦=9  B:6♥ A♥=7  PLAYER(W)  | +2,000원 → 285,150원  [end_win]
H1513 | bet   1,000원 BANKER | P:5♦ A♥=6  B:J♣ A♠ 9♥=0  PLAYER(L)  | -1,000원 → 284,150원  [start]
H1514 | bet   2,000원 PLAYER | P:9♣ A♣ K♠=0  B:8♦ 4♠ 7♥=9  BANKER(L)  | -2,000원 → 282,150원
H1515 | bet   4,000원 PLAYER | P:Q♦ 8♣=8  B:8♠ Q♥=8  TIE(T)  |     0원 → 282,150원
H1516 | bet   4,000원 PLAYER | P:3♠ A♦ K♦=4  B:2♠ J♦ K♠=2  PLAYER(W)  | +4,000원 → 286,150원  [end_win]
H1517 | bet   1,000원 BANKER | P:7♦ 3♣ 9♣=9  B:J♠ 6♣=6  PLAYER(L)  | -1,000원 → 285,150원  [start]
H1518 | bet   2,000원 PLAYER | P:2♦ 6♥=8  B:7♣ 8♣=5  PLAYER(W)  | +2,000원 → 287,150원  [end_win]
H1519 | bet   1,000원 BANKER | P:7♥ 3♦ Q♣=0  B:9♦ 5♦=4  BANKER(W)  | +950원 → 288,100원
H1520 | bet   1,000원 BANKER | P:A♥ 8♠=9  B:A♦ 5♣=6  PLAYER(L)  | -1,000원 → 287,100원  [start]
H1521 | bet   2,000원 PLAYER | P:2♣ 3♠ 3♥=8  B:K♣ 3♠ Q♠=3  PLAYER(W)  | +2,000원 → 289,100원  [end_win]
H1522 | bet   1,000원 BANKER | P:9♥ 7♥=6  B:J♣ 6♣=6  TIE(T)  |     0원 → 289,100원
H1523 | bet   1,000원 BANKER | P:3♦ 6♥=9  B:4♣ 2♣=6  PLAYER(L)  | -1,000원 → 288,100원  [start]
H1524 | bet   2,000원 PLAYER | P:7♦ J♠=7  B:6♦ 6♦ 3♦=5  PLAYER(W)  | +2,000원 → 290,100원  [end_win]
H1525 | bet   1,000원 BANKER | P:K♥ A♦ 2♥=3  B:5♣ 6♠ 6♣=7  BANKER(W)  | +950원 → 291,050원
H1526 | bet   1,000원 BANKER | P:8♠ J♥=8  B:9♠ 4♠=3  PLAYER(L)  | -1,000원 → 290,050원  [start]
H1527 | bet   2,000원 PLAYER | P:J♣ 4♠=4  B:2♥ 6♠=8  BANKER(L)  | -2,000원 → 288,050원
H1528 | bet   4,000원 PLAYER | P:5♣ Q♦ 8♥=3  B:Q♠ 7♣=7  BANKER(L)  | -4,000원 → 284,050원
H1529 | bet   8,000원 PLAYER | P:10♠ A♦=1  B:K♣ 9♠=9  BANKER(L)  | -8,000원 → 276,050원
H1530 | bet  16,000원 PLAYER | P:Q♣ 9♠=9  B:2♦ K♠=2  PLAYER(W)  | +16,000원 → 292,050원  [end_win]
H1531 | bet   1,000원 BANKER | P:A♦ K♣=1  B:9♣ J♦=9  BANKER(W)  | +950원 → 293,000원
H1532 | bet   1,000원 BANKER | P:J♥ 7♣=7  B:8♥ Q♣=8  BANKER(W)  | +950원 → 293,950원
H1533 | bet   1,000원 BANKER | P:8♣ Q♠=8  B:8♥ 10♦=8  TIE(T)  |     0원 → 293,950원
H1534 | bet   1,000원 BANKER | P:10♣ K♥ J♥=0  B:4♠ 3♦=7  BANKER(W)  | +950원 → 294,900원
H1535 | bet   1,000원 BANKER | P:4♠ 8♦=2  B:2♣ 7♦=9  BANKER(W)  | +950원 → 295,850원
H1536 | bet   1,000원 BANKER | P:7♣ 2♣=9  B:5♥ 7♠=2  PLAYER(L)  | -1,000원 → 294,850원  [start]
H1537 | bet   2,000원 PLAYER | P:3♥ 6♣=9  B:9♠ 5♠=4  PLAYER(W)  | +2,000원 → 296,850원  [end_win]
H1538 | bet   1,000원 BANKER | P:3♣ 6♦=9  B:9♣ J♦=9  TIE(T)  |     0원 → 296,850원
H1539 | bet   1,000원 BANKER | P:5♠ 4♠=9  B:8♥ 10♦=8  PLAYER(L)  | -1,000원 → 295,850원  [start]
H1540 | bet   2,000원 PLAYER | P:6♣ 7♦ 5♠=8  B:7♠ 10♣=7  PLAYER(W)  | +2,000원 → 297,850원  [end_win]
H1541 | bet   1,000원 BANKER | P:6♦ 5♥=1  B:9♥ 10♣=9  BANKER(W)  | +950원 → 298,800원
H1542 | bet   1,000원 BANKER | P:J♠ J♦ J♠=0  B:9♣ 8♦=7  BANKER(W)  | +950원 → 299,750원
H1543 | bet   1,000원 BANKER | P:10♠ 5♠ Q♦=5  B:J♥ 3♥ 5♣=8  BANKER(W)  | +950원 → 300,700원
H1544 | bet   1,000원 BANKER | P:8♦ 4♥ J♥=2  B:10♦ 10♥ 2♠=2  TIE(T)  |     0원 → 300,700원
H1545 | bet   1,000원 BANKER | P:K♥ Q♣ 5♣=5  B:4♥ 3♠=7  BANKER(W)  | +950원 → 301,650원
H1546 | bet   1,000원 BANKER | P:A♣ 7♣=8  B:10♥ 2♥=2  PLAYER(L)  | -1,000원 → 300,650원  [start]
H1547 | bet   2,000원 PLAYER | P:Q♥ Q♠ 4♦=4  B:K♥ 4♥ 2♣=6  BANKER(L)  | -2,000원 → 298,650원
H1548 | bet   4,000원 PLAYER | P:J♦ 5♠ 3♣=8  B:Q♠ 5♥=5  PLAYER(W)  | +4,000원 → 302,650원  [end_win]
H1549 | bet   1,000원 BANKER | P:4♦ 10♣=4  B:2♦ 7♦=9  BANKER(W)  | +950원 → 303,600원
H1550 | bet   1,000원 BANKER | P:A♥ 3♥ 6♦=0  B:10♠ A♠ 10♦=1  BANKER(W)  | +950원 → 304,550원
H1551 | bet   1,000원 BANKER | P:3♠ 3♣=6  B:K♠ J♦ 7♠=7  BANKER(W)  | +950원 → 305,500원
H1552 | bet   1,000원 BANKER | P:10♦ A♠ K♥=1  B:J♥ 2♥ 2♠=4  BANKER(W)  | +950원 → 306,450원
H1553 | bet   1,000원 BANKER | P:J♣ 6♣=6  B:5♥ 6♥ K♠=1  PLAYER(L)  | -1,000원 → 305,450원  [start]
H1554 | bet   2,000원 PLAYER | P:8♠ 4♥ J♥=2  B:9♦ 4♥ 9♠=2  TIE(T)  |     0원 → 305,450원
H1555 | bet   2,000원 PLAYER | P:8♦ 2♠=0  B:9♥ Q♣=9  BANKER(L)  | -2,000원 → 303,450원
H1556 | bet   4,000원 PLAYER | P:K♣ 6♥=6  B:J♣ 6♠=6  TIE(T)  |     0원 → 303,450원
H1557 | bet   4,000원 PLAYER | P:9♥ 4♦ 4♦=7  B:K♣ 5♦ J♣=5  PLAYER(W)  | +4,000원 → 307,450원  [end_win]
H1558 | bet   1,000원 BANKER | P:2♣ 2♦ 8♣=2  B:8♥ 8♥=6  BANKER(W)  | +950원 → 308,400원
H1559 | bet   1,000원 BANKER | P:K♠ K♣ 10♥=0  B:Q♥ 10♥ 3♣=3  BANKER(W)  | +950원 → 309,350원
H1560 | bet   1,000원 BANKER | P:9♦ 7♣=6  B:K♥ 10♠ 7♥=7  BANKER(W)  | +950원 → 310,300원
H1561 | bet   1,000원 BANKER | P:9♦ K♥=9  B:A♣ 3♦=4  PLAYER(L)  | -1,000원 → 309,300원  [start]
H1562 | bet   2,000원 PLAYER | P:J♠ Q♠=0  B:9♥ 10♦=9  BANKER(L)  | -2,000원 → 307,300원
H1563 | bet   4,000원 PLAYER | P:9♣ 6♠ Q♦=5  B:9♠ 7♦=6  BANKER(L)  | -4,000원 → 303,300원
H1564 | bet   8,000원 PLAYER | P:6♣ 3♠=9  B:7♠ 4♠=1  PLAYER(W)  | +8,000원 → 311,300원  [end_win]
H1565 | bet   1,000원 BANKER | P:6♦ 8♣ 7♣=1  B:5♣ 7♦ 9♣=1  TIE(T)  |     0원 → 311,300원
H1566 | bet   1,000원 BANKER | P:5♦ 10♠ 4♣=9  B:7♦ K♠=7  PLAYER(L)  | -1,000원 → 310,300원  [start]
H1567 | bet   2,000원 PLAYER | P:Q♣ K♠=0  B:8♥ K♦=8  BANKER(L)  | -2,000원 → 308,300원
H1568 | bet   4,000원 PLAYER | P:9♣ 7♠=6  B:8♦ 6♠ 6♥=0  PLAYER(W)  | +4,000원 → 312,300원  [end_win]
H1569 | bet   1,000원 BANKER | P:7♣ J♠=7  B:10♥ Q♥ 10♦=0  PLAYER(L)  | -1,000원 → 311,300원  [start]
H1570 | bet   2,000원 PLAYER | P:A♥ Q♥=1  B:7♦ A♣=8  BANKER(L)  | -2,000원 → 309,300원
H1571 | bet   4,000원 PLAYER | P:K♦ 8♥=8  B:3♦ 6♦=9  BANKER(L)  | -4,000원 → 305,300원
H1572 | bet   8,000원 PLAYER | P:7♠ 2♣=9  B:7♥ 5♥=2  PLAYER(W)  | +8,000원 → 313,300원  [end_win]
H1573 | bet   1,000원 BANKER | P:10♣ 8♠=8  B:A♠ J♥=1  PLAYER(L)  | -1,000원 → 312,300원  [start]
H1574 | bet   2,000원 PLAYER | P:5♣ 6♥ J♦=1  B:7♦ 3♦ 10♦=0  PLAYER(W)  | +2,000원 → 314,300원  [end_win]
H1575 | bet   1,000원 BANKER | P:3♥ K♠ 5♦=8  B:Q♦ 3♦ 9♠=2  PLAYER(L)  | -1,000원 → 313,300원  [start]
H1576 | bet   2,000원 PLAYER | P:3♦ 4♣=7  B:4♦ K♥ A♦=5  PLAYER(W)  | +2,000원 → 315,300원  [end_win]
H1577 | bet   1,000원 BANKER | P:7♦ 2♥=9  B:K♦ Q♣=0  PLAYER(L)  | -1,000원 → 314,300원  [start]
H1578 | bet   2,000원 PLAYER | P:10♠ J♠ 4♥=4  B:A♦ 5♥=6  BANKER(L)  | -2,000원 → 312,300원
H1579 | bet   4,000원 PLAYER | P:2♣ 8♦ 6♠=6  B:5♠ 6♥ 7♠=8  BANKER(L)  | -4,000원 → 308,300원
H1580 | bet   8,000원 PLAYER | P:5♣ 7♥ 8♦=0  B:4♣ 7♥ 3♥=4  BANKER(L)  | -8,000원 → 300,300원
H1581 | bet  16,000원 PLAYER | P:5♥ J♠ Q♦=5  B:10♥ 10♥ 7♠=7  BANKER(L)  | -16,000원 → 284,300원  [end_giveup]
H1582 | bet   1,000원 BANKER | P:2♣ 4♠=6  B:6♥ 4♥ 7♠=7  BANKER(W)  | +950원 → 285,250원
H1583 | bet   1,000원 BANKER | P:Q♥ 4♠ K♣=4  B:2♦ J♣ Q♠=2  PLAYER(L)  | -1,000원 → 284,250원  [start]
H1584 | bet   2,000원 PLAYER | P:8♥ 2♥ Q♦=0  B:A♦ J♣ Q♥=1  BANKER(L)  | -2,000원 → 282,250원
H1585 | bet   4,000원 PLAYER | P:K♦ 4♦ 8♣=2  B:9♣ 2♦ 3♣=4  BANKER(L)  | -4,000원 → 278,250원
H1586 | bet   8,000원 PLAYER | P:K♣ 10♦ 3♦=3  B:5♦ 2♠=7  BANKER(L)  | -8,000원 → 270,250원
H1587 | bet  16,000원 PLAYER | P:2♥ 6♣=8  B:A♣ 8♠=9  BANKER(L)  | -16,000원 → 254,250원  [end_giveup]
H1588 | bet   1,000원 BANKER | P:3♠ A♠ J♥=4  B:9♠ A♠ 8♠=8  BANKER(W)  | +950원 → 255,200원
H1589 | bet   1,000원 BANKER | P:9♦ J♣=9  B:J♣ A♦=1  PLAYER(L)  | -1,000원 → 254,200원  [start]
H1590 | bet   2,000원 PLAYER | P:2♦ 2♣=4  B:5♦ 3♥=8  BANKER(L)  | -2,000원 → 252,200원
H1591 | bet   4,000원 PLAYER | P:8♦ 7♣ J♦=5  B:4♠ 8♠ 5♠=7  BANKER(L)  | -4,000원 → 248,200원
H1592 | bet   8,000원 PLAYER | P:10♠ A♠ 8♠=9  B:4♣ 10♠=4  PLAYER(W)  | +8,000원 → 256,200원  [end_win]
H1593 | bet   1,000원 BANKER | P:K♥ 4♥=4  B:8♠ Q♠=8  BANKER(W)  | +950원 → 257,150원
H1594 | bet   1,000원 BANKER | P:K♠ 2♥ 7♣=9  B:5♦ J♣ 2♥=7  PLAYER(L)  | -1,000원 → 256,150원  [start]
H1595 | bet   2,000원 PLAYER | P:K♠ A♣=1  B:9♥ 9♦=8  BANKER(L)  | -2,000원 → 254,150원
H1596 | bet   4,000원 PLAYER | P:2♠ 9♥ J♠=1  B:10♦ 10♣ Q♠=0  PLAYER(W)  | +4,000원 → 258,150원  [end_win]
H1597 | bet   1,000원 BANKER | P:K♥ 9♦=9  B:4♠ 3♠=7  PLAYER(L)  | -1,000원 → 257,150원  [start]
H1598 | bet   2,000원 PLAYER | P:8♠ J♦=8  B:K♣ 8♦=8  TIE(T)  |     0원 → 257,150원
H1599 | bet   2,000원 PLAYER | P:8♥ 9♥=7  B:3♥ Q♥ K♦=3  PLAYER(W)  | +2,000원 → 259,150원  [end_win]
H1600 | bet   1,000원 BANKER | P:A♥ 3♠ 9♣=3  B:K♠ 10♥ 6♥=6  BANKER(W)  | +950원 → 260,100원
H1601 | bet   1,000원 BANKER | P:6♦ Q♦=6  B:6♠ 5♠ 2♣=3  PLAYER(L)  | -1,000원 → 259,100원  [start]
H1602 | bet   2,000원 PLAYER | P:4♦ K♣ 3♣=7  B:5♣ 8♣ J♥=3  PLAYER(W)  | +2,000원 → 261,100원  [end_win]
H1603 | bet   1,000원 BANKER | P:6♦ 8♣=4  B:9♦ Q♠=9  BANKER(W)  | +950원 → 262,050원
H1604 | bet   1,000원 BANKER | P:Q♥ 5♥ 7♣=2  B:A♦ K♣ 10♠=1  PLAYER(L)  | -1,000원 → 261,050원  [start]
H1605 | bet   2,000원 PLAYER | P:J♦ 5♠ 10♣=5  B:8♦ 9♥=7  BANKER(L)  | -2,000원 → 259,050원
H1606 | bet   4,000원 PLAYER | P:9♠ 3♣ Q♥=2  B:4♥ A♥=5  BANKER(L)  | -4,000원 → 255,050원
H1607 | bet   8,000원 PLAYER | P:K♦ K♣=0  B:5♥ 3♣=8  BANKER(L)  | -8,000원 → 247,050원
H1608 | bet  16,000원 PLAYER | P:A♣ 6♦=7  B:6♠ 9♦ 5♠=0  PLAYER(W)  | +16,000원 → 263,050원  [end_win]
H1609 | bet   1,000원 BANKER | P:3♣ 6♣=9  B:8♠ 9♦=7  PLAYER(L)  | -1,000원 → 262,050원  [start]
H1610 | bet   2,000원 PLAYER | P:Q♣ 10♣ 9♥=9  B:4♥ K♥=4  PLAYER(W)  | +2,000원 → 264,050원  [end_win]
H1611 | bet   1,000원 BANKER | P:4♣ Q♣ A♦=5  B:3♦ 2♦=5  TIE(T)  |     0원 → 264,050원
H1612 | bet   1,000원 BANKER | P:8♣ A♥=9  B:7♥ 3♠=0  PLAYER(L)  | -1,000원 → 263,050원  [start]
H1613 | bet   2,000원 PLAYER | P:4♣ 7♦ 4♠=5  B:10♥ 4♠ 5♣=9  BANKER(L)  | -2,000원 → 261,050원
H1614 | bet   4,000원 PLAYER | P:10♣ 8♥=8  B:Q♣ 3♥=3  PLAYER(W)  | +4,000원 → 265,050원  [end_win]
H1615 | bet   1,000원 BANKER | P:9♦ J♥=9  B:Q♣ 4♥=4  PLAYER(L)  | -1,000원 → 264,050원  [start]
H1616 | bet   2,000원 PLAYER | P:J♦ 2♥ A♦=3  B:J♣ 4♦=4  BANKER(L)  | -2,000원 → 262,050원
H1617 | bet   4,000원 PLAYER | P:2♠ Q♠ Q♠=2  B:K♥ 6♠=6  BANKER(L)  | -4,000원 → 258,050원
H1618 | bet   8,000원 PLAYER | P:J♥ 9♣=9  B:6♣ K♦=6  PLAYER(W)  | +8,000원 → 266,050원  [end_win]
H1619 | bet   1,000원 BANKER | P:6♣ A♥=7  B:4♥ A♠ 2♣=7  TIE(T)  |     0원 → 266,050원
H1620 | bet   1,000원 BANKER | P:4♣ K♥ 2♠=6  B:6♦ K♣=6  TIE(T)  |     0원 → 266,050원
H1621 | bet   1,000원 BANKER | P:A♠ 4♣ 2♦=7  B:Q♦ 3♠ A♠=4  PLAYER(L)  | -1,000원 → 265,050원  [start]
H1622 | bet   2,000원 PLAYER | P:7♥ 10♠=7  B:4♦ 5♦=9  BANKER(L)  | -2,000원 → 263,050원
H1623 | bet   4,000원 PLAYER | P:3♣ 7♣ K♥=0  B:4♦ A♦=5  BANKER(L)  | -4,000원 → 259,050원
H1624 | bet   8,000원 PLAYER | P:7♥ Q♦=7  B:2♦ 5♣=7  TIE(T)  |     0원 → 259,050원
H1625 | bet   8,000원 PLAYER | P:A♣ Q♣=1  B:2♦ 6♣=8  BANKER(L)  | -8,000원 → 251,050원
H1626 | bet  16,000원 PLAYER | P:5♥ 8♥=3  B:5♦ 3♥=8  BANKER(L)  | -16,000원 → 235,050원  [end_giveup]
H1627 | bet   1,000원 BANKER | P:A♠ 6♦=7  B:10♦ 10♣ 8♥=8  BANKER(W)  | +950원 → 236,000원
H1628 | bet   1,000원 BANKER | P:J♦ 9♠=9  B:3♣ 2♠=5  PLAYER(L)  | -1,000원 → 235,000원  [start]
H1629 | bet   2,000원 PLAYER | P:8♣ 7♠ Q♦=5  B:2♥ 2♠=4  PLAYER(W)  | +2,000원 → 237,000원  [end_win]
H1630 | bet   1,000원 BANKER | P:7♠ Q♣=7  B:9♠ A♣ 7♦=7  TIE(T)  |     0원 → 237,000원
H1631 | bet   1,000원 BANKER | P:J♥ 8♥=8  B:Q♠ J♥=0  PLAYER(L)  | -1,000원 → 236,000원  [start]
H1632 | bet   2,000원 PLAYER | P:10♠ 6♠=6  B:6♥ J♦=6  TIE(T)  |     0원 → 236,000원
H1633 | bet   2,000원 PLAYER | P:2♥ 6♠=8  B:A♣ 5♣=6  PLAYER(W)  | +2,000원 → 238,000원  [end_win]
H1634 | bet   1,000원 BANKER | P:5♦ 10♦ 4♦=9  B:10♥ J♣ 8♣=8  PLAYER(L)  | -1,000원 → 237,000원  [start]
H1635 | bet   2,000원 PLAYER | P:6♣ 8♦ 2♠=6  B:6♦ 7♥ K♠=3  PLAYER(W)  | +2,000원 → 239,000원  [end_win]
H1636 | bet   1,000원 BANKER | P:A♥ A♥=2  B:9♠ 9♥=8  BANKER(W)  | +950원 → 239,950원
H1637 | bet   1,000원 BANKER | P:J♦ 3♥ 7♣=0  B:9♣ 7♣ 10♦=6  BANKER(W)  | +950원 → 240,900원
H1638 | bet   1,000원 BANKER | P:8♣ 3♥=1  B:10♥ 8♦=8  BANKER(W)  | +950원 → 241,850원
H1639 | bet   1,000원 BANKER | P:5♥ 4♥=9  B:J♠ 2♣=2  PLAYER(L)  | -1,000원 → 240,850원  [start]
H1640 | bet   2,000원 PLAYER | P:J♣ 4♠ A♥=5  B:5♠ K♣=5  TIE(T)  |     0원 → 240,850원
H1641 | bet   2,000원 PLAYER | P:K♠ J♠=0  B:3♠ 6♣=9  BANKER(L)  | -2,000원 → 238,850원
H1642 | bet   4,000원 PLAYER | P:5♠ 3♦=8  B:7♥ J♠=7  PLAYER(W)  | +4,000원 → 242,850원  [end_win]
H1643 | bet   1,000원 BANKER | P:6♥ 9♥ 6♥=1  B:9♠ 3♠ Q♥=2  BANKER(W)  | +950원 → 243,800원
H1644 | bet   1,000원 BANKER | P:4♦ 10♣ 9♣=3  B:5♣ 10♠=5  BANKER(W)  | +950원 → 244,750원
H1645 | bet   1,000원 BANKER | P:9♦ 8♣=7  B:6♣ 8♦ K♦=4  PLAYER(L)  | -1,000원 → 243,750원  [start]
H1646 | bet   2,000원 PLAYER | P:K♣ 4♠ K♠=4  B:2♥ 10♦ 3♦=5  BANKER(L)  | -2,000원 → 241,750원
H1647 | bet   4,000원 PLAYER | P:K♠ A♦ 4♦=5  B:J♠ 10♠ 7♣=7  BANKER(L)  | -4,000원 → 237,750원
H1648 | bet   8,000원 PLAYER | P:9♦ 3♠ 10♦=2  B:8♥ 4♠ 8♦=0  PLAYER(W)  | +8,000원 → 245,750원  [end_win]
H1649 | bet   1,000원 BANKER | P:7♥ 5♠ 9♣=1  B:A♦ J♦ 7♥=8  BANKER(W)  | +950원 → 246,700원
H1650 | bet   1,000원 BANKER | P:Q♣ Q♠ A♠=1  B:9♦ 3♠ 4♣=6  BANKER(W)  | +950원 → 247,650원
H1651 | bet   1,000원 BANKER | P:K♠ 8♦=8  B:2♥ K♥=2  PLAYER(L)  | -1,000원 → 246,650원  [start]
H1652 | bet   2,000원 PLAYER | P:10♦ J♥ 4♠=4  B:8♠ 2♠ 6♦=6  BANKER(L)  | -2,000원 → 244,650원
H1653 | bet   4,000원 PLAYER | P:K♣ A♣=1  B:8♦ K♣=8  BANKER(L)  | -4,000원 → 240,650원
H1654 | bet   8,000원 PLAYER | P:8♦ 3♥ 7♣=8  B:10♦ 7♦=7  PLAYER(W)  | +8,000원 → 248,650원  [end_win]
H1655 | bet   1,000원 BANKER | P:9♣ 2♠ 3♣=4  B:5♠ 9♥ 4♥=8  BANKER(W)  | +950원 → 249,600원
H1656 | bet   1,000원 BANKER | P:K♠ 7♠=7  B:6♠ J♣=6  PLAYER(L)  | -1,000원 → 248,600원  [start]
H1657 | bet   2,000원 PLAYER | P:9♥ 4♠ 2♥=5  B:5♠ J♥=5  TIE(T)  |     0원 → 248,600원
H1658 | bet   2,000원 PLAYER | P:8♣ 8♣=6  B:J♦ 9♠=9  BANKER(L)  | -2,000원 → 246,600원
H1659 | bet   4,000원 PLAYER | P:Q♠ 3♠ 4♠=7  B:4♦ A♥ 4♦=9  BANKER(L)  | -4,000원 → 242,600원
H1660 | bet   8,000원 PLAYER | P:9♥ K♣=9  B:5♣ 7♠=2  PLAYER(W)  | +8,000원 → 250,600원  [end_win]
H1661 | bet   1,000원 BANKER | P:6♣ A♥=7  B:10♠ 3♣ J♠=3  PLAYER(L)  | -1,000원 → 249,600원  [start]
H1662 | bet   2,000원 PLAYER | P:8♠ A♠=9  B:A♣ J♠=1  PLAYER(W)  | +2,000원 → 251,600원  [end_win]
H1663 | bet   1,000원 BANKER | P:Q♦ 5♦ 7♣=2  B:3♣ A♦ 3♣=7  BANKER(W)  | +950원 → 252,550원
H1664 | bet   1,000원 BANKER | P:4♣ 4♣=8  B:7♠ J♣=7  PLAYER(L)  | -1,000원 → 251,550원  [start]
H1665 | bet   2,000원 PLAYER | P:9♣ 6♥ 7♠=2  B:A♥ 9♠ 7♦=7  BANKER(L)  | -2,000원 → 249,550원
H1666 | bet   4,000원 PLAYER | P:7♥ 7♥=4  B:J♥ 9♠=9  BANKER(L)  | -4,000원 → 245,550원
H1667 | bet   8,000원 PLAYER | P:4♦ Q♦ 9♥=3  B:A♠ 3♣=4  BANKER(L)  | -8,000원 → 237,550원
H1668 | bet  16,000원 PLAYER | P:5♠ 5♠ 5♥=5  B:3♣ 4♠=7  BANKER(L)  | -16,000원 → 221,550원  [end_giveup]
H1669 | bet   1,000원 BANKER | P:J♣ A♣ J♥=1  B:7♦ Q♠=7  BANKER(W)  | +950원 → 222,500원
H1670 | bet   1,000원 BANKER | P:3♣ A♣ 3♦=7  B:10♣ 3♥ 5♦=8  BANKER(W)  | +950원 → 223,450원
H1671 | bet   1,000원 BANKER | P:K♦ 8♦=8  B:7♣ 4♣=1  PLAYER(L)  | -1,000원 → 222,450원  [start]
H1672 | bet   2,000원 PLAYER | P:J♠ 9♥=9  B:A♠ A♦=2  PLAYER(W)  | +2,000원 → 224,450원  [end_win]
H1673 | bet   1,000원 BANKER | P:K♥ K♦ 10♠=0  B:Q♦ A♣ 2♦=3  BANKER(W)  | +950원 → 225,400원
H1674 | bet   1,000원 BANKER | P:7♦ A♦=8  B:3♦ 10♥=3  PLAYER(L)  | -1,000원 → 224,400원  [start]
H1675 | bet   2,000원 PLAYER | P:5♣ 7♦ 5♦=7  B:3♠ 9♣ 10♠=2  PLAYER(W)  | +2,000원 → 226,400원  [end_win]
H1676 | bet   1,000원 BANKER | P:3♦ A♥ 6♦=0  B:K♦ 4♦ 3♦=7  BANKER(W)  | +950원 → 227,350원
H1677 | bet   1,000원 BANKER | P:8♥ 6♠ 6♥=0  B:Q♠ 10♣ 3♠=3  BANKER(W)  | +950원 → 228,300원
H1678 | bet   1,000원 BANKER | P:7♣ 8♠ A♠=6  B:5♥ K♣=5  PLAYER(L)  | -1,000원 → 227,300원  [start]
H1679 | bet   2,000원 PLAYER | P:3♥ A♥ 10♣=4  B:3♠ 8♠ 2♣=3  PLAYER(W)  | +2,000원 → 229,300원  [end_win]
H1680 | bet   1,000원 BANKER | P:5♣ A♠=6  B:8♥ J♣=8  BANKER(W)  | +950원 → 230,250원
H1681 | bet   1,000원 BANKER | P:6♣ K♦=6  B:8♥ K♣=8  BANKER(W)  | +950원 → 231,200원
H1682 | bet   1,000원 BANKER | P:7♠ 8♥=5  B:5♦ 3♦=8  BANKER(W)  | +950원 → 232,150원
H1683 | bet   1,000원 BANKER | P:6♥ 2♦=8  B:5♦ 7♦=2  PLAYER(L)  | -1,000원 → 231,150원  [start]
H1684 | bet   2,000원 PLAYER | P:9♦ 9♦=8  B:A♦ 5♥=6  PLAYER(W)  | +2,000원 → 233,150원  [end_win]
H1685 | bet   1,000원 BANKER | P:A♠ Q♣ 6♥=7  B:2♠ 9♠ 2♣=3  PLAYER(L)  | -1,000원 → 232,150원  [start]
H1686 | bet   2,000원 PLAYER | P:K♥ 2♦ 3♥=5  B:8♠ 4♣ 6♣=8  BANKER(L)  | -2,000원 → 230,150원
H1687 | bet   4,000원 PLAYER | P:5♥ Q♥ 9♦=4  B:5♠ 8♠ 5♥=8  BANKER(L)  | -4,000원 → 226,150원
H1688 | bet   8,000원 PLAYER | P:2♠ 4♦=6  B:5♦ 3♦=8  BANKER(L)  | -8,000원 → 218,150원
H1689 | bet  16,000원 PLAYER | P:5♣ 10♦ 2♥=7  B:9♠ A♠ 8♦=8  BANKER(L)  | -16,000원 → 202,150원  [end_giveup]
H1690 | bet   1,000원 BANKER | P:7♥ 4♥ 4♦=5  B:Q♣ 10♥ 4♣=4  PLAYER(L)  | -1,000원 → 201,150원  [start]
H1691 | bet   2,000원 PLAYER | P:6♠ 7♦ 4♦=7  B:10♦ J♣ K♦=0  PLAYER(W)  | +2,000원 → 203,150원  [end_win]
H1692 | bet   1,000원 BANKER | P:J♠ 6♥=6  B:J♦ 8♥=8  BANKER(W)  | +950원 → 204,100원
H1693 | bet   1,000원 BANKER | P:2♣ 9♠ 4♥=5  B:Q♦ A♣ 3♥=4  PLAYER(L)  | -1,000원 → 203,100원  [start]
H1694 | bet   2,000원 PLAYER | P:4♥ 4♠=8  B:J♦ 8♣=8  TIE(T)  |     0원 → 203,100원
H1695 | bet   2,000원 PLAYER | P:2♣ Q♦ J♥=2  B:10♥ 4♥=4  BANKER(L)  | -2,000원 → 201,100원
H1696 | bet   4,000원 PLAYER | P:6♦ 2♠=8  B:J♦ 6♣=6  PLAYER(W)  | +4,000원 → 205,100원  [end_win]
H1697 | bet   1,000원 BANKER | P:3♠ 6♠=9  B:K♥ Q♠=0  PLAYER(L)  | -1,000원 → 204,100원  [start]
H1698 | bet   2,000원 PLAYER | P:K♥ 2♥ Q♣=2  B:K♥ 4♥=4  BANKER(L)  | -2,000원 → 202,100원
H1699 | bet   4,000원 PLAYER | P:8♥ 8♣=6  B:J♣ 5♦ 2♠=7  BANKER(L)  | -4,000원 → 198,100원
H1700 | bet   8,000원 PLAYER | P:A♥ 3♥=4  B:7♣ A♥=8  BANKER(L)  | -8,000원 → 190,100원
H1701 | bet  16,000원 PLAYER | P:J♠ 9♥=9  B:7♥ 4♥=1  PLAYER(W)  | +16,000원 → 206,100원  [end_win]
H1702 | bet   1,000원 BANKER | P:5♦ A♦=6  B:6♠ J♦=6  TIE(T)  |     0원 → 206,100원
H1703 | bet   1,000원 BANKER | P:9♥ J♥=9  B:Q♠ 2♥=2  PLAYER(L)  | -1,000원 → 205,100원  [start]
H1704 | bet   2,000원 PLAYER | P:2♠ K♣=2  B:9♣ 10♥=9  BANKER(L)  | -2,000원 → 203,100원
H1705 | bet   4,000원 PLAYER | P:9♠ J♥=9  B:9♦ 2♠=1  PLAYER(W)  | +4,000원 → 207,100원  [end_win]
H1706 | bet   1,000원 BANKER | P:K♥ 4♠ 7♥=1  B:Q♥ Q♣ 5♣=5  BANKER(W)  | +950원 → 208,050원
H1707 | bet   1,000원 BANKER | P:3♦ Q♠ 3♣=6  B:2♥ J♠ 8♦=0  PLAYER(L)  | -1,000원 → 207,050원  [start]
H1708 | bet   2,000원 PLAYER | P:J♥ 6♣=6  B:2♥ 6♦=8  BANKER(L)  | -2,000원 → 205,050원
H1709 | bet   4,000원 PLAYER | P:Q♦ 9♣=9  B:5♣ A♥=6  PLAYER(W)  | +4,000원 → 209,050원  [end_win]
H1710 | bet   1,000원 BANKER | P:6♥ 10♦=6  B:Q♥ 7♣=7  BANKER(W)  | +950원 → 210,000원
H1711 | bet   1,000원 BANKER | P:9♣ 5♣ K♣=4  B:K♠ 5♠=5  BANKER(W)  | +950원 → 210,950원
H1712 | bet   1,000원 BANKER | P:J♦ 10♣=0  B:8♥ 10♠=8  BANKER(W)  | +950원 → 211,900원
H1713 | bet   1,000원 BANKER | P:J♦ 2♣ K♦=2  B:6♥ 10♥=6  BANKER(W)  | +950원 → 212,850원
H1714 | bet   1,000원 BANKER | P:7♣ 8♣ A♣=6  B:6♦ K♠=6  TIE(T)  |     0원 → 212,850원
H1715 | bet   1,000원 BANKER | P:6♦ Q♥=6  B:2♣ K♦ 3♥=5  PLAYER(L)  | -1,000원 → 211,850원  [start]
H1716 | bet   2,000원 PLAYER | P:4♥ 8♣ 10♣=2  B:10♥ 7♥=7  BANKER(L)  | -2,000원 → 209,850원
H1717 | bet   4,000원 PLAYER | P:8♣ 9♣=7  B:7♠ 5♥ K♠=2  PLAYER(W)  | +4,000원 → 213,850원  [end_win]
H1718 | bet   1,000원 BANKER | P:3♠ 10♦ 4♣=7  B:2♦ J♠ J♣=2  PLAYER(L)  | -1,000원 → 212,850원  [start]
H1719 | bet   2,000원 PLAYER | P:10♥ 6♦=6  B:2♦ 5♥=7  BANKER(L)  | -2,000원 → 210,850원
H1720 | bet   4,000원 PLAYER | P:5♠ 2♦=7  B:A♦ 10♠ 6♣=7  TIE(T)  |     0원 → 210,850원
H1721 | bet   4,000원 PLAYER | P:6♣ 3♥=9  B:Q♣ 10♠=0  PLAYER(W)  | +4,000원 → 214,850원  [end_win]
H1722 | bet   1,000원 BANKER | P:9♥ Q♥=9  B:A♣ 9♠=0  PLAYER(L)  | -1,000원 → 213,850원  [start]
H1723 | bet   2,000원 PLAYER | P:Q♥ 9♦=9  B:2♣ 10♣=2  PLAYER(W)  | +2,000원 → 215,850원  [end_win]
H1724 | bet   1,000원 BANKER | P:K♥ 4♣ 2♣=6  B:Q♠ 6♠=6  TIE(T)  |     0원 → 215,850원
H1725 | bet   1,000원 BANKER | P:10♥ Q♦ Q♥=0  B:6♠ 10♣=6  BANKER(W)  | +950원 → 216,800원
H1726 | bet   1,000원 BANKER | P:7♠ J♣=7  B:6♠ 6♥ 10♣=2  PLAYER(L)  | -1,000원 → 215,800원  [start]
H1727 | bet   2,000원 PLAYER | P:5♥ 2♦=7  B:10♠ 7♦=7  TIE(T)  |     0원 → 215,800원
H1728 | bet   2,000원 PLAYER | P:10♥ A♣ J♥=1  B:2♠ A♥ 2♠=5  BANKER(L)  | -2,000원 → 213,800원
H1729 | bet   4,000원 PLAYER | P:4♥ 4♣=8  B:4♣ 4♠=8  TIE(T)  |     0원 → 213,800원
H1730 | bet   4,000원 PLAYER | P:K♠ 7♦=7  B:2♦ 4♣=6  PLAYER(W)  | +4,000원 → 217,800원  [end_win]
H1731 | bet   1,000원 BANKER | P:2♣ 7♣=9  B:3♦ 3♦=6  PLAYER(L)  | -1,000원 → 216,800원  [start]
H1732 | bet   2,000원 PLAYER | P:3♣ K♥ Q♣=3  B:2♣ 5♦=7  BANKER(L)  | -2,000원 → 214,800원
H1733 | bet   4,000원 PLAYER | P:3♣ Q♣ J♦=3  B:K♠ K♥ 6♣=6  BANKER(L)  | -4,000원 → 210,800원
H1734 | bet   8,000원 PLAYER | P:7♣ K♣=7  B:J♠ 3♦ Q♣=3  PLAYER(W)  | +8,000원 → 218,800원  [end_win]
H1735 | bet   1,000원 BANKER | P:7♥ 10♣=7  B:A♦ 6♣=7  TIE(T)  |     0원 → 218,800원
H1736 | bet   1,000원 BANKER | P:K♣ K♦=0  B:2♠ 6♦=8  BANKER(W)  | +950원 → 219,750원
H1737 | bet   1,000원 BANKER | P:3♥ Q♥ 6♦=9  B:7♠ J♦=7  PLAYER(L)  | -1,000원 → 218,750원  [start]
H1738 | bet   2,000원 PLAYER | P:10♣ 10♥ 2♣=2  B:4♥ 2♠=6  BANKER(L)  | -2,000원 → 216,750원
H1739 | bet   4,000원 PLAYER | P:3♥ 4♦=7  B:Q♥ 3♥ K♥=3  PLAYER(W)  | +4,000원 → 220,750원  [end_win]
H1740 | bet   1,000원 BANKER | P:Q♦ 8♥=8  B:7♥ 3♣=0  PLAYER(L)  | -1,000원 → 219,750원  [start]
H1741 | bet   2,000원 PLAYER | P:7♠ 5♥ K♠=2  B:5♥ 6♥ 3♣=4  BANKER(L)  | -2,000원 → 217,750원
H1742 | bet   4,000원 PLAYER | P:10♥ K♦ 4♥=4  B:2♦ 5♠=7  BANKER(L)  | -4,000원 → 213,750원
H1743 | bet   8,000원 PLAYER | P:4♦ 2♥=6  B:5♣ K♣ 6♦=1  PLAYER(W)  | +8,000원 → 221,750원  [end_win]
H1744 | bet   1,000원 BANKER | P:8♦ Q♥=8  B:J♣ 6♦=6  PLAYER(L)  | -1,000원 → 220,750원  [start]
H1745 | bet   2,000원 PLAYER | P:2♥ A♦ 7♦=0  B:2♠ 2♦ 7♣=1  BANKER(L)  | -2,000원 → 218,750원
H1746 | bet   4,000원 PLAYER | P:10♦ 9♠=9  B:8♣ 9♥=7  PLAYER(W)  | +4,000원 → 222,750원  [end_win]
H1747 | bet   1,000원 BANKER | P:J♦ 4♠ 6♠=0  B:6♥ J♣ 7♣=3  BANKER(W)  | +950원 → 223,700원
H1748 | bet   1,000원 BANKER | P:Q♦ 10♠ 4♠=4  B:3♣ 10♠ A♣=4  TIE(T)  |     0원 → 223,700원
H1749 | bet   1,000원 BANKER | P:5♣ 2♥=7  B:K♠ 6♥=6  PLAYER(L)  | -1,000원 → 222,700원  [start]
H1750 | bet   2,000원 PLAYER | P:9♣ 7♠=6  B:K♥ A♣ 7♥=8  BANKER(L)  | -2,000원 → 220,700원
H1751 | bet   4,000원 PLAYER | P:9♦ 9♣=8  B:6♣ A♠=7  PLAYER(W)  | +4,000원 → 224,700원  [end_win]
H1752 | bet   1,000원 BANKER | P:7♦ 7♥ 6♦=0  B:A♦ 10♣ J♣=1  BANKER(W)  | +950원 → 225,650원
H1753 | bet   1,000원 BANKER | P:7♠ 10♠=7  B:3♥ Q♠ 5♦=8  BANKER(W)  | +950원 → 226,600원
H1754 | bet   1,000원 BANKER | P:4♦ 8♠ 2♦=4  B:8♠ 8♣=6  BANKER(W)  | +950원 → 227,550원
H1755 | bet   1,000원 BANKER | P:K♠ 8♣=8  B:2♥ 10♥=2  PLAYER(L)  | -1,000원 → 226,550원  [start]
H1756 | bet   2,000원 PLAYER | P:2♣ 8♠ 2♦=2  B:K♥ 6♠=6  BANKER(L)  | -2,000원 → 224,550원
H1757 | bet   4,000원 PLAYER | P:2♥ 8♣ 6♠=6  B:10♦ A♦ 5♠=6  TIE(T)  |     0원 → 224,550원
H1758 | bet   4,000원 PLAYER | P:Q♣ 8♥=8  B:7♦ 2♣=9  BANKER(L)  | -4,000원 → 220,550원
H1759 | bet   8,000원 PLAYER | P:8♣ 9♠=7  B:A♣ 2♦ 3♠=6  PLAYER(W)  | +8,000원 → 228,550원  [end_win]
H1760 | bet   1,000원 BANKER | P:7♦ 6♣ A♣=4  B:6♥ 7♥ Q♣=3  PLAYER(L)  | -1,000원 → 227,550원  [start]
H1761 | bet   2,000원 PLAYER | P:8♥ 5♠ A♥=4  B:10♠ 7♠=7  BANKER(L)  | -2,000원 → 225,550원
H1762 | bet   4,000원 PLAYER | P:A♥ 2♦ J♠=3  B:Q♥ J♦ 8♥=8  BANKER(L)  | -4,000원 → 221,550원
H1763 | bet   8,000원 PLAYER | P:9♣ 2♠ J♦=1  B:3♠ 3♦=6  BANKER(L)  | -8,000원 → 213,550원
H1764 | bet  16,000원 PLAYER | P:3♠ J♥ 8♠=1  B:10♥ A♦ A♥=2  BANKER(L)  | -16,000원 → 197,550원  [end_giveup]
H1765 | bet   1,000원 BANKER | P:5♠ 4♠=9  B:9♣ 8♠=7  PLAYER(L)  | -1,000원 → 196,550원  [start]
H1766 | bet   2,000원 PLAYER | P:K♣ 9♥=9  B:8♦ 8♦=6  PLAYER(W)  | +2,000원 → 198,550원  [end_win]
H1767 | bet   1,000원 BANKER | P:10♦ 4♠ 10♦=4  B:3♠ 2♥=5  BANKER(W)  | +950원 → 199,500원
H1768 | bet   1,000원 BANKER | P:K♥ 6♠=6  B:K♣ A♥ 9♥=0  PLAYER(L)  | -1,000원 → 198,500원  [start]
H1769 | bet   2,000원 PLAYER | P:9♦ 3♦ 4♠=6  B:J♣ 3♠ K♦=3  PLAYER(W)  | +2,000원 → 200,500원  [end_win]
H1770 | bet   1,000원 BANKER | P:3♥ 8♦=1  B:Q♦ 9♦=9  BANKER(W)  | +950원 → 201,450원
H1771 | bet   1,000원 BANKER | P:J♠ A♠ K♠=1  B:5♠ 7♣ J♦=2  BANKER(W)  | +950원 → 202,400원
H1772 | bet   1,000원 BANKER | P:7♦ 8♦ 5♣=0  B:A♠ 5♣=6  BANKER(W)  | +950원 → 203,350원
H1773 | bet   1,000원 BANKER | P:6♣ 4♣ 6♣=6  B:K♦ 6♥ 9♥=5  PLAYER(L)  | -1,000원 → 202,350원  [start]
H1774 | bet   2,000원 PLAYER | P:5♥ K♥ 10♥=5  B:4♥ A♠=5  TIE(T)  |     0원 → 202,350원
H1775 | bet   2,000원 PLAYER | P:9♦ Q♠=9  B:K♣ 6♥=6  PLAYER(W)  | +2,000원 → 204,350원  [end_win]
H1776 | bet   1,000원 BANKER | P:A♠ J♥ 10♠=1  B:Q♦ 2♥ 3♣=5  BANKER(W)  | +950원 → 205,300원
H1777 | bet   1,000원 BANKER | P:4♣ A♥ 2♣=7  B:6♠ 5♥ 10♥=1  PLAYER(L)  | -1,000원 → 204,300원  [start]
H1778 | bet   2,000원 PLAYER | P:8♥ Q♠=8  B:4♦ Q♥=4  PLAYER(W)  | +2,000원 → 206,300원  [end_win]
H1779 | bet   1,000원 BANKER | P:4♣ K♦ A♣=5  B:9♠ 3♦ 4♦=6  BANKER(W)  | +950원 → 207,250원
H1780 | bet   1,000원 BANKER | P:Q♠ A♠=1  B:5♥ 3♥=8  BANKER(W)  | +950원 → 208,200원
H1781 | bet   1,000원 BANKER | P:5♦ 7♦ 5♦=7  B:7♣ 7♠ A♦=5  PLAYER(L)  | -1,000원 → 207,200원  [start]
H1782 | bet   2,000원 PLAYER | P:10♦ 10♠=0  B:Q♠ 8♣=8  BANKER(L)  | -2,000원 → 205,200원
H1783 | bet   4,000원 PLAYER | P:3♥ 5♣=8  B:3♠ 5♣=8  TIE(T)  |     0원 → 205,200원
H1784 | bet   4,000원 PLAYER | P:A♣ 5♦=6  B:A♠ 8♠=9  BANKER(L)  | -4,000원 → 201,200원
H1785 | bet   8,000원 PLAYER | P:3♣ 6♦=9  B:9♠ 2♦=1  PLAYER(W)  | +8,000원 → 209,200원  [end_win]
H1786 | bet   1,000원 BANKER | P:6♠ 9♣ 5♥=0  B:10♠ K♥ 3♠=3  BANKER(W)  | +950원 → 210,150원
H1787 | bet   1,000원 BANKER | P:10♣ 6♥=6  B:8♥ 9♠=7  BANKER(W)  | +950원 → 211,100원
H1788 | bet   1,000원 BANKER | P:9♦ 8♥=7  B:8♥ J♠=8  BANKER(W)  | +950원 → 212,050원
H1789 | bet   1,000원 BANKER | P:Q♠ 7♦=7  B:J♦ J♥ Q♠=0  PLAYER(L)  | -1,000원 → 211,050원  [start]
H1790 | bet   2,000원 PLAYER | P:A♠ 5♦=6  B:Q♥ 5♠ K♣=5  PLAYER(W)  | +2,000원 → 213,050원  [end_win]
H1791 | bet   1,000원 BANKER | P:4♣ J♣ 7♥=1  B:7♠ Q♦=7  BANKER(W)  | +950원 → 214,000원
H1792 | bet   1,000원 BANKER | P:A♥ 9♠ 3♣=3  B:5♣ 5♠ 7♣=7  BANKER(W)  | +950원 → 214,950원
H1793 | bet   1,000원 BANKER | P:7♣ 6♥ K♦=3  B:A♦ J♦ K♦=1  PLAYER(L)  | -1,000원 → 213,950원  [start]
H1794 | bet   2,000원 PLAYER | P:4♠ 10♣ 7♥=1  B:A♣ Q♦ 3♥=4  BANKER(L)  | -2,000원 → 211,950원
H1795 | bet   4,000원 PLAYER | P:5♦ 2♣=7  B:9♣ 3♦ 5♥=7  TIE(T)  |     0원 → 211,950원
H1796 | bet   4,000원 PLAYER | P:8♠ Q♥=8  B:9♠ 9♣=8  TIE(T)  |     0원 → 211,950원
H1797 | bet   4,000원 PLAYER | P:9♣ 6♠ 7♠=2  B:4♦ 9♥ Q♠=3  BANKER(L)  | -4,000원 → 207,950원
H1798 | bet   8,000원 PLAYER | P:4♣ K♠ 9♥=3  B:5♦ Q♦=5  BANKER(L)  | -8,000원 → 199,950원
H1799 | bet  16,000원 PLAYER | P:K♠ 8♣=8  B:8♣ 5♣=3  PLAYER(W)  | +16,000원 → 215,950원  [end_win]
H1800 | bet   1,000원 BANKER | P:4♥ 4♥=8  B:4♥ 3♠=7  PLAYER(L)  | -1,000원 → 214,950원  [start]
H1801 | bet   2,000원 PLAYER | P:2♠ 9♦=1  B:J♠ 9♥=9  BANKER(L)  | -2,000원 → 212,950원
H1802 | bet   4,000원 PLAYER | P:4♦ Q♥ 4♠=8  B:Q♣ A♦ 9♦=0  PLAYER(W)  | +4,000원 → 216,950원  [end_win]
H1803 | bet   1,000원 BANKER | P:10♦ Q♣ 6♣=6  B:9♦ 5♥ 7♥=1  PLAYER(L)  | -1,000원 → 215,950원  [start]
H1804 | bet   2,000원 PLAYER | P:4♥ K♦ Q♣=4  B:10♠ J♥ 9♠=9  BANKER(L)  | -2,000원 → 213,950원
H1805 | bet   4,000원 PLAYER | P:J♣ 6♦=6  B:8♦ 6♠ 2♣=6  TIE(T)  |     0원 → 213,950원
H1806 | bet   4,000원 PLAYER | P:9♥ 10♣=9  B:8♠ J♣=8  PLAYER(W)  | +4,000원 → 217,950원  [end_win]
H1807 | bet   1,000원 BANKER | P:10♦ J♥ J♣=0  B:10♣ J♠ 6♣=6  BANKER(W)  | +950원 → 218,900원
H1808 | bet   1,000원 BANKER | P:6♦ K♣=6  B:10♥ 2♥ 2♠=4  PLAYER(L)  | -1,000원 → 217,900원  [start]
H1809 | bet   2,000원 PLAYER | P:K♥ 8♣=8  B:8♣ K♠=8  TIE(T)  |     0원 → 217,900원
H1810 | bet   2,000원 PLAYER | P:J♦ 8♠=8  B:K♠ 6♦=6  PLAYER(W)  | +2,000원 → 219,900원  [end_win]
H1811 | bet   1,000원 BANKER | P:2♦ A♣ 5♣=8  B:2♦ J♠ 9♣=1  PLAYER(L)  | -1,000원 → 218,900원  [start]
H1812 | bet   2,000원 PLAYER | P:3♣ 4♣=7  B:A♠ 3♥ 4♣=8  BANKER(L)  | -2,000원 → 216,900원
H1813 | bet   4,000원 PLAYER | P:6♠ J♣=6  B:8♣ 10♦=8  BANKER(L)  | -4,000원 → 212,900원
H1814 | bet   8,000원 PLAYER | P:8♦ 9♥=7  B:5♦ 2♣=7  TIE(T)  |     0원 → 212,900원
H1815 | bet   8,000원 PLAYER | P:K♦ 9♣=9  B:4♥ 8♣=2  PLAYER(W)  | +8,000원 → 220,900원  [end_win]
H1816 | bet   1,000원 BANKER | P:Q♣ K♣ Q♦=0  B:3♦ J♦ 2♠=5  BANKER(W)  | +950원 → 221,850원
H1817 | bet   1,000원 BANKER | P:7♦ 10♠=7  B:10♥ 3♥ J♦=3  PLAYER(L)  | -1,000원 → 220,850원  [start]
H1818 | bet   2,000원 PLAYER | P:A♠ 9♠ 8♥=8  B:K♥ 10♥ 2♣=2  PLAYER(W)  | +2,000원 → 222,850원  [end_win]
H1819 | bet   1,000원 BANKER | P:2♠ 3♦ Q♦=5  B:J♥ 10♠ 7♣=7  BANKER(W)  | +950원 → 223,800원
H1820 | bet   1,000원 BANKER | P:9♠ 7♠=6  B:4♣ A♠ J♥=5  PLAYER(L)  | -1,000원 → 222,800원  [start]
H1821 | bet   2,000원 PLAYER | P:J♣ 10♥=0  B:8♦ K♣=8  BANKER(L)  | -2,000원 → 220,800원
H1822 | bet   4,000원 PLAYER | P:5♣ 10♦=5  B:3♦ 5♦=8  BANKER(L)  | -4,000원 → 216,800원
H1823 | bet   8,000원 PLAYER | P:10♣ 4♠ 7♣=1  B:4♣ Q♦ 9♦=3  BANKER(L)  | -8,000원 → 208,800원
H1824 | bet  16,000원 PLAYER | P:5♠ Q♣ 9♥=4  B:4♦ 2♠=6  BANKER(L)  | -16,000원 → 192,800원  [end_giveup]
H1825 | bet   1,000원 BANKER | P:4♥ Q♠ 7♠=1  B:Q♠ K♣ K♥=0  PLAYER(L)  | -1,000원 → 191,800원  [start]
H1826 | bet   2,000원 PLAYER | P:2♥ 4♦=6  B:9♥ 8♠=7  BANKER(L)  | -2,000원 → 189,800원
H1827 | bet   4,000원 PLAYER | P:Q♠ J♦=0  B:6♦ 3♠=9  BANKER(L)  | -4,000원 → 185,800원
H1828 | bet   8,000원 PLAYER | P:9♠ 7♦=6  B:6♣ 6♠ 10♦=2  PLAYER(W)  | +8,000원 → 193,800원  [end_win]
H1829 | bet   1,000원 BANKER | P:6♣ 5♦=1  B:8♦ K♦=8  BANKER(W)  | +950원 → 194,750원
H1830 | bet   1,000원 BANKER | P:4♦ Q♥=4  B:7♥ A♦=8  BANKER(W)  | +950원 → 195,700원
H1831 | bet   1,000원 BANKER | P:Q♣ 7♥=7  B:6♦ 5♥ 2♣=3  PLAYER(L)  | -1,000원 → 194,700원  [start]
H1832 | bet   2,000원 PLAYER | P:6♦ 8♣ 5♣=9  B:6♦ 9♥ A♥=6  PLAYER(W)  | +2,000원 → 196,700원  [end_win]
H1833 | bet   1,000원 BANKER | P:7♣ K♦=7  B:Q♣ K♦ 10♦=0  PLAYER(L)  | -1,000원 → 195,700원  [start]
H1834 | bet   2,000원 PLAYER | P:6♣ Q♠=6  B:K♥ A♣ 4♥=5  PLAYER(W)  | +2,000원 → 197,700원  [end_win]
H1835 | bet   1,000원 BANKER | P:9♠ 3♠ 2♥=4  B:4♦ 9♦ 10♥=3  PLAYER(L)  | -1,000원 → 196,700원  [start]
H1836 | bet   2,000원 PLAYER | P:6♥ 3♣=9  B:8♣ 2♦=0  PLAYER(W)  | +2,000원 → 198,700원  [end_win]
H1837 | bet   1,000원 BANKER | P:3♠ 10♣ 8♥=1  B:5♥ Q♦=5  BANKER(W)  | +950원 → 199,650원
H1838 | bet   1,000원 BANKER | P:Q♠ 7♠=7  B:7♦ 3♥ 4♥=4  PLAYER(L)  | -1,000원 → 198,650원  [start]
H1839 | bet   2,000원 PLAYER | P:10♥ 6♦=6  B:2♠ 5♣=7  BANKER(L)  | -2,000원 → 196,650원
H1840 | bet   4,000원 PLAYER | P:4♠ 4♥=8  B:8♥ 2♣=0  PLAYER(W)  | +4,000원 → 200,650원  [end_win]
H1841 | bet   1,000원 BANKER | P:7♦ 9♣=6  B:9♠ Q♠=9  BANKER(W)  | +950원 → 201,600원
H1842 | bet   1,000원 BANKER | P:K♣ Q♣=0  B:Q♥ 8♥=8  BANKER(W)  | +950원 → 202,550원
H1843 | bet   1,000원 BANKER | P:10♠ 7♥=7  B:8♦ 5♥ A♦=4  PLAYER(L)  | -1,000원 → 201,550원  [start]
H1844 | bet   2,000원 PLAYER | P:K♠ 10♠ 10♣=0  B:6♥ 5♥ Q♠=1  BANKER(L)  | -2,000원 → 199,550원
H1845 | bet   4,000원 PLAYER | P:K♦ J♠ 6♥=6  B:K♣ 7♥=7  BANKER(L)  | -4,000원 → 195,550원
H1846 | bet   8,000원 PLAYER | P:5♠ 7♣ 7♠=9  B:6♦ A♠=7  PLAYER(W)  | +8,000원 → 203,550원  [end_win]
H1847 | bet   1,000원 BANKER | P:7♥ 2♥=9  B:10♦ J♣=0  PLAYER(L)  | -1,000원 → 202,550원  [start]
H1848 | bet   2,000원 PLAYER | P:A♣ A♥ 7♠=9  B:A♦ Q♥ 8♠=9  TIE(T)  |     0원 → 202,550원
H1849 | bet   2,000원 PLAYER | P:9♣ 2♦ 3♣=4  B:5♠ 9♦ 5♦=9  BANKER(L)  | -2,000원 → 200,550원
H1850 | bet   4,000원 PLAYER | P:5♥ J♠ 8♦=3  B:Q♠ A♣ 3♦=4  BANKER(L)  | -4,000원 → 196,550원
H1851 | bet   8,000원 PLAYER | P:7♠ K♥=7  B:7♥ Q♦=7  TIE(T)  |     0원 → 196,550원
H1852 | bet   8,000원 PLAYER | P:A♠ 7♦=8  B:9♣ 8♣=7  PLAYER(W)  | +8,000원 → 204,550원  [end_win]
H1853 | bet   1,000원 BANKER | P:10♦ 4♣ 5♦=9  B:3♥ A♦ 5♣=9  TIE(T)  |     0원 → 204,550원
H1854 | bet   1,000원 BANKER | P:6♠ 8♥ 4♠=8  B:Q♦ 3♣ 8♣=1  PLAYER(L)  | -1,000원 → 203,550원  [start]
H1855 | bet   2,000원 PLAYER | P:9♥ A♦ J♠=0  B:4♠ J♥=4  BANKER(L)  | -2,000원 → 201,550원
H1856 | bet   4,000원 PLAYER | P:2♠ 9♦ 6♣=7  B:A♦ 10♥ K♠=1  PLAYER(W)  | +4,000원 → 205,550원  [end_win]
H1857 | bet   1,000원 BANKER | P:2♠ 7♣=9  B:K♥ A♠=1  PLAYER(L)  | -1,000원 → 204,550원  [start]
H1858 | bet   2,000원 PLAYER | P:4♦ J♣=4  B:J♦ 9♣=9  BANKER(L)  | -2,000원 → 202,550원
H1859 | bet   4,000원 PLAYER | P:A♦ 5♣=6  B:6♥ 4♦ 3♠=3  PLAYER(W)  | +4,000원 → 206,550원  [end_win]
H1860 | bet   1,000원 BANKER | P:J♠ K♦=0  B:8♠ Q♣=8  BANKER(W)  | +950원 → 207,500원
H1861 | bet   1,000원 BANKER | P:J♠ 7♠=7  B:8♥ 4♦ 6♣=8  BANKER(W)  | +950원 → 208,450원
H1862 | bet   1,000원 BANKER | P:6♣ 2♥=8  B:10♣ J♥=0  PLAYER(L)  | -1,000원 → 207,450원  [start]
H1863 | bet   2,000원 PLAYER | P:A♥ 4♣ A♣=6  B:3♦ K♣ Q♦=3  PLAYER(W)  | +2,000원 → 209,450원  [end_win]
H1864 | bet   1,000원 BANKER | P:4♣ 6♥ 9♦=9  B:4♥ 2♠=6  PLAYER(L)  | -1,000원 → 208,450원  [start]
H1865 | bet   2,000원 PLAYER | P:A♥ 4♠ 3♠=8  B:7♣ 3♦ 7♦=7  PLAYER(W)  | +2,000원 → 210,450원  [end_win]
H1866 | bet   1,000원 BANKER | P:K♥ 5♦ 9♦=4  B:3♠ J♠ 6♣=9  BANKER(W)  | +950원 → 211,400원
H1867 | bet   1,000원 BANKER | P:10♦ 2♣ 2♣=4  B:A♥ 10♣ 8♦=9  BANKER(W)  | +950원 → 212,350원
H1868 | bet   1,000원 BANKER | P:4♠ 10♥ 4♣=8  B:3♣ 9♠ K♦=2  PLAYER(L)  | -1,000원 → 211,350원  [start]
H1869 | bet   2,000원 PLAYER | P:9♣ 2♦ 9♦=0  B:7♥ 10♦=7  BANKER(L)  | -2,000원 → 209,350원
H1870 | bet   4,000원 PLAYER | P:6♠ Q♥=6  B:6♥ A♠=7  BANKER(L)  | -4,000원 → 205,350원
H1871 | bet   8,000원 PLAYER | P:6♥ 2♦=8  B:K♣ 10♠=0  PLAYER(W)  | +8,000원 → 213,350원  [end_win]
H1872 | bet   1,000원 BANKER | P:9♣ 5♠ 9♠=3  B:4♦ A♥=5  BANKER(W)  | +950원 → 214,300원
H1873 | bet   1,000원 BANKER | P:8♠ 3♥ 8♠=9  B:5♥ Q♣=5  PLAYER(L)  | -1,000원 → 213,300원  [start]
H1874 | bet   2,000원 PLAYER | P:2♦ 8♠=0  B:K♠ 8♥=8  BANKER(L)  | -2,000원 → 211,300원
H1875 | bet   4,000원 PLAYER | P:7♦ A♥=8  B:J♦ Q♥=0  PLAYER(W)  | +4,000원 → 215,300원  [end_win]
H1876 | bet   1,000원 BANKER | P:3♦ 8♥ A♣=2  B:K♠ J♥ 5♥=5  BANKER(W)  | +950원 → 216,250원
H1877 | bet   1,000원 BANKER | P:6♠ J♦=6  B:10♥ J♠ 8♦=8  BANKER(W)  | +950원 → 217,200원
H1878 | bet   1,000원 BANKER | P:A♣ A♥ 4♥=6  B:9♠ 3♠ 2♥=4  PLAYER(L)  | -1,000원 → 216,200원  [start]
H1879 | bet   2,000원 PLAYER | P:7♠ 10♠=7  B:7♦ J♣=7  TIE(T)  |     0원 → 216,200원
H1880 | bet   2,000원 PLAYER | P:K♦ 2♦=2  B:Q♦ 9♦=9  BANKER(L)  | -2,000원 → 214,200원
H1881 | bet   4,000원 PLAYER | P:10♣ 10♠ 3♥=3  B:K♠ 2♥ 3♣=5  BANKER(L)  | -4,000원 → 210,200원
H1882 | bet   8,000원 PLAYER | P:6♦ 8♠ 4♠=8  B:2♣ Q♥ 10♠=2  PLAYER(W)  | +8,000원 → 218,200원  [end_win]
H1883 | bet   1,000원 BANKER | P:4♥ J♣ 6♠=0  B:J♥ 10♣ A♣=1  BANKER(W)  | +950원 → 219,150원
H1884 | bet   1,000원 BANKER | P:J♥ 7♣=7  B:6♥ 5♦ 6♠=7  TIE(T)  |     0원 → 219,150원
H1885 | bet   1,000원 BANKER | P:Q♣ 2♠=2  B:3♦ 5♥=8  BANKER(W)  | +950원 → 220,100원
H1886 | bet   1,000원 BANKER | P:9♥ 8♦=7  B:J♣ 5♦ 9♥=4  PLAYER(L)  | -1,000원 → 219,100원  [start]
H1887 | bet   2,000원 PLAYER | P:7♥ K♣=7  B:6♣ 5♣ 3♥=4  PLAYER(W)  | +2,000원 → 221,100원  [end_win]
H1888 | bet   1,000원 BANKER | P:9♥ 2♥ A♦=2  B:K♥ A♠ J♥=1  PLAYER(L)  | -1,000원 → 220,100원  [start]
H1889 | bet   2,000원 PLAYER | P:2♣ J♣=2  B:6♠ 3♣=9  BANKER(L)  | -2,000원 → 218,100원
H1890 | bet   4,000원 PLAYER | P:K♠ 3♣=3  B:4♠ 5♠=9  BANKER(L)  | -4,000원 → 214,100원
H1891 | bet   8,000원 PLAYER | P:J♦ 9♥=9  B:A♣ 4♣=5  PLAYER(W)  | +8,000원 → 222,100원  [end_win]
H1892 | bet   1,000원 BANKER | P:10♠ 9♦=9  B:7♥ K♣=7  PLAYER(L)  | -1,000원 → 221,100원  [start]
H1893 | bet   2,000원 PLAYER | P:2♠ 8♠ A♦=1  B:10♦ K♦ 6♦=6  BANKER(L)  | -2,000원 → 219,100원
H1894 | bet   4,000원 PLAYER | P:10♦ 9♠=9  B:5♥ 3♣=8  PLAYER(W)  | +4,000원 → 223,100원  [end_win]
H1895 | bet   1,000원 BANKER | P:4♥ 3♥=7  B:5♦ K♦ J♥=5  PLAYER(L)  | -1,000원 → 222,100원  [start]
H1896 | bet   2,000원 PLAYER | P:10♠ 5♥ Q♦=5  B:10♠ 4♦=4  PLAYER(W)  | +2,000원 → 224,100원  [end_win]
H1897 | bet   1,000원 BANKER | P:3♣ 8♣ Q♥=1  B:9♣ 3♥ 6♥=8  BANKER(W)  | +950원 → 225,050원
H1898 | bet   1,000원 BANKER | P:Q♣ 6♥=6  B:3♦ 9♣ 6♦=8  BANKER(W)  | +950원 → 226,000원
H1899 | bet   1,000원 BANKER | P:J♥ 5♣ 3♥=8  B:9♦ 2♥ A♠=2  PLAYER(L)  | -1,000원 → 225,000원  [start]
H1900 | bet   2,000원 PLAYER | P:9♣ J♠=9  B:6♣ A♦=7  PLAYER(W)  | +2,000원 → 227,000원  [end_win]
H1901 | bet   1,000원 BANKER | P:6♥ J♥=6  B:8♠ A♣=9  BANKER(W)  | +950원 → 227,950원
H1902 | bet   1,000원 BANKER | P:K♠ 3♥ 2♦=5  B:9♠ 8♠=7  BANKER(W)  | +950원 → 228,900원
H1903 | bet   1,000원 BANKER | P:J♦ 10♠ A♦=1  B:J♠ J♣ 5♠=5  BANKER(W)  | +950원 → 229,850원
H1904 | bet   1,000원 BANKER | P:10♣ 3♠=3  B:6♦ 3♠=9  BANKER(W)  | +950원 → 230,800원
H1905 | bet   1,000원 BANKER | P:2♠ 8♦=0  B:5♦ 3♠=8  BANKER(W)  | +950원 → 231,750원
H1906 | bet   1,000원 BANKER | P:A♠ 5♦=6  B:5♦ Q♦ K♥=5  PLAYER(L)  | -1,000원 → 230,750원  [start]
H1907 | bet   2,000원 PLAYER | P:10♥ 6♣=6  B:A♣ A♠ J♣=2  PLAYER(W)  | +2,000원 → 232,750원  [end_win]
H1908 | bet   1,000원 BANKER | P:10♥ 6♥=6  B:7♦ 7♣ J♣=4  PLAYER(L)  | -1,000원 → 231,750원  [start]
H1909 | bet   2,000원 PLAYER | P:3♠ 6♦=9  B:K♠ Q♥=0  PLAYER(W)  | +2,000원 → 233,750원  [end_win]
H1910 | bet   1,000원 BANKER | P:A♦ J♣ 10♣=1  B:K♥ 5♠=5  BANKER(W)  | +950원 → 234,700원
H1911 | bet   1,000원 BANKER | P:3♥ 4♣=7  B:9♦ 3♦ 6♠=8  BANKER(W)  | +950원 → 235,650원
H1912 | bet   1,000원 BANKER | P:8♣ 3♣ 4♦=5  B:K♠ 4♠ 9♠=3  PLAYER(L)  | -1,000원 → 234,650원  [start]
H1913 | bet   2,000원 PLAYER | P:J♠ 7♥=7  B:Q♣ 4♣ 7♠=1  PLAYER(W)  | +2,000원 → 236,650원  [end_win]
H1914 | bet   1,000원 BANKER | P:K♠ 5♠ Q♣=5  B:7♦ 7♦=4  PLAYER(L)  | -1,000원 → 235,650원  [start]
H1915 | bet   2,000원 PLAYER | P:10♥ Q♥ 2♥=2  B:3♦ 8♣ Q♠=1  PLAYER(W)  | +2,000원 → 237,650원  [end_win]
H1916 | bet   1,000원 BANKER | P:6♠ 9♥ A♣=6  B:K♣ 2♠ 4♠=6  TIE(T)  |     0원 → 237,650원
H1917 | bet   1,000원 BANKER | P:2♣ 5♣=7  B:J♠ 6♠=6  PLAYER(L)  | -1,000원 → 236,650원  [start]
H1918 | bet   2,000원 PLAYER | P:A♥ 3♠ 3♥=7  B:7♠ 3♦ 7♠=7  TIE(T)  |     0원 → 236,650원
H1919 | bet   2,000원 PLAYER | P:7♦ 2♠=9  B:K♦ J♠=0  PLAYER(W)  | +2,000원 → 238,650원  [end_win]
H1920 | bet   1,000원 BANKER | P:J♣ 3♣ Q♣=3  B:A♠ 6♣=7  BANKER(W)  | +950원 → 239,600원
H1921 | bet   1,000원 BANKER | P:3♣ 4♥=7  B:3♦ K♠ 5♣=8  BANKER(W)  | +950원 → 240,550원
H1922 | bet   1,000원 BANKER | P:Q♥ K♣ 6♦=6  B:Q♠ K♣ A♠=1  PLAYER(L)  | -1,000원 → 239,550원  [start]
H1923 | bet   2,000원 PLAYER | P:7♦ Q♣=7  B:2♠ 6♥=8  BANKER(L)  | -2,000원 → 237,550원
H1924 | bet   4,000원 PLAYER | P:K♣ 8♣=8  B:5♣ 5♣=0  PLAYER(W)  | +4,000원 → 241,550원  [end_win]
H1925 | bet   1,000원 BANKER | P:6♣ 7♦ 10♣=3  B:J♣ 4♥=4  BANKER(W)  | +950원 → 242,500원
H1926 | bet   1,000원 BANKER | P:6♠ 4♥ 2♦=2  B:7♠ 7♠ 6♦=0  PLAYER(L)  | -1,000원 → 241,500원  [start]
H1927 | bet   2,000원 PLAYER | P:J♣ 10♥ 2♦=2  B:7♣ 3♥ K♦=0  PLAYER(W)  | +2,000원 → 243,500원  [end_win]
H1928 | bet   1,000원 BANKER | P:2♣ 7♦=9  B:K♦ 3♦=3  PLAYER(L)  | -1,000원 → 242,500원  [start]
H1929 | bet   2,000원 PLAYER | P:2♥ J♦ K♦=2  B:7♥ 3♠ 8♣=8  BANKER(L)  | -2,000원 → 240,500원
H1930 | bet   4,000원 PLAYER | P:6♦ K♣=6  B:K♥ 3♣ 5♣=8  BANKER(L)  | -4,000원 → 236,500원
H1931 | bet   8,000원 PLAYER | P:K♦ A♠=1  B:A♣ 7♠=8  BANKER(L)  | -8,000원 → 228,500원
H1932 | bet  16,000원 PLAYER | P:J♦ A♦=1  B:9♥ Q♠=9  BANKER(L)  | -16,000원 → 212,500원  [end_giveup]
H1933 | bet   1,000원 BANKER | P:5♠ 8♠ 5♠=8  B:A♥ 10♠ 6♥=7  PLAYER(L)  | -1,000원 → 211,500원  [start]
H1934 | bet   2,000원 PLAYER | P:10♣ A♦ 2♦=3  B:3♣ 2♥=5  BANKER(L)  | -2,000원 → 209,500원
H1935 | bet   4,000원 PLAYER | P:5♥ 2♣=7  B:8♥ 9♥=7  TIE(T)  |     0원 → 209,500원
H1936 | bet   4,000원 PLAYER | P:A♥ Q♠ A♣=2  B:3♠ Q♠ 10♠=3  BANKER(L)  | -4,000원 → 205,500원
H1937 | bet   8,000원 PLAYER | P:7♠ Q♣=7  B:J♠ 3♠ 3♥=6  PLAYER(W)  | +8,000원 → 213,500원  [end_win]
H1938 | bet   1,000원 BANKER | P:8♣ Q♥=8  B:4♦ 9♥=3  PLAYER(L)  | -1,000원 → 212,500원  [start]
H1939 | bet   2,000원 PLAYER | P:2♣ 7♣=9  B:10♠ Q♦=0  PLAYER(W)  | +2,000원 → 214,500원  [end_win]
H1940 | bet   1,000원 BANKER | P:K♣ 10♥ 8♣=8  B:A♥ 4♣=5  PLAYER(L)  | -1,000원 → 213,500원  [start]
H1941 | bet   2,000원 PLAYER | P:6♥ 9♦ 10♦=5  B:K♥ 4♠=4  PLAYER(W)  | +2,000원 → 215,500원  [end_win]
H1942 | bet   1,000원 BANKER | P:Q♦ 2♥ 2♦=4  B:Q♠ 5♠=5  BANKER(W)  | +950원 → 216,450원
H1943 | bet   1,000원 BANKER | P:A♦ K♦ 2♦=3  B:A♦ J♥ 6♥=7  BANKER(W)  | +950원 → 217,400원
H1944 | bet   1,000원 BANKER | P:Q♥ Q♦ 5♣=5  B:K♣ 3♦ 9♠=2  PLAYER(L)  | -1,000원 → 216,400원  [start]
H1945 | bet   2,000원 PLAYER | P:7♣ 4♥=1  B:10♦ 9♦=9  BANKER(L)  | -2,000원 → 214,400원
H1946 | bet   4,000원 PLAYER | P:5♥ 7♣ 4♥=6  B:J♥ 4♣ 2♣=6  TIE(T)  |     0원 → 214,400원
H1947 | bet   4,000원 PLAYER | P:6♦ 7♠ 10♣=3  B:6♣ 7♣ 8♥=1  PLAYER(W)  | +4,000원 → 218,400원  [end_win]
H1948 | bet   1,000원 BANKER | P:7♣ 9♣=6  B:2♠ 9♣ 4♦=5  PLAYER(L)  | -1,000원 → 217,400원  [start]
H1949 | bet   2,000원 PLAYER | P:2♣ K♠ 4♣=6  B:10♥ 10♦ 5♦=5  PLAYER(W)  | +2,000원 → 219,400원  [end_win]
H1950 | bet   1,000원 BANKER | P:4♦ 9♥ 8♠=1  B:8♦ 9♥=7  BANKER(W)  | +950원 → 220,350원
H1951 | bet   1,000원 BANKER | P:9♠ 5♠ 8♥=2  B:J♣ 5♥=5  BANKER(W)  | +950원 → 221,300원
H1952 | bet   1,000원 BANKER | P:J♦ 5♥ 6♣=1  B:9♥ 8♥=7  BANKER(W)  | +950원 → 222,250원
H1953 | bet   1,000원 BANKER | P:4♠ Q♠ 3♦=7  B:4♣ Q♥ A♥=5  PLAYER(L)  | -1,000원 → 221,250원  [start]
H1954 | bet   2,000원 PLAYER | P:2♣ J♦ K♠=2  B:5♥ 7♥ 9♦=1  PLAYER(W)  | +2,000원 → 223,250원  [end_win]
H1955 | bet   1,000원 BANKER | P:J♦ 6♠=6  B:A♣ J♥ 4♦=5  PLAYER(L)  | -1,000원 → 222,250원  [start]
H1956 | bet   2,000원 PLAYER | P:10♣ 10♦ 5♦=5  B:5♠ 9♦ J♥=4  PLAYER(W)  | +2,000원 → 224,250원  [end_win]
H1957 | bet   1,000원 BANKER | P:9♠ A♥ 9♠=9  B:7♣ 10♦=7  PLAYER(L)  | -1,000원 → 223,250원  [start]
H1958 | bet   2,000원 PLAYER | P:9♣ 8♣=7  B:Q♠ 7♥=7  TIE(T)  |     0원 → 223,250원
H1959 | bet   2,000원 PLAYER | P:4♠ 10♣ 7♦=1  B:6♠ 8♦ Q♦=4  BANKER(L)  | -2,000원 → 221,250원
H1960 | bet   4,000원 PLAYER | P:8♦ 5♦ A♠=4  B:8♦ 5♥ 9♦=2  PLAYER(W)  | +4,000원 → 225,250원  [end_win]
H1961 | bet   1,000원 BANKER | P:4♠ A♥ 9♣=4  B:4♠ J♥=4  TIE(T)  |     0원 → 225,250원
H1962 | bet   1,000원 BANKER | P:8♦ K♥=8  B:8♥ 2♠=0  PLAYER(L)  | -1,000원 → 224,250원  [start]
H1963 | bet   2,000원 PLAYER | P:10♥ 6♠=6  B:7♥ Q♣=7  BANKER(L)  | -2,000원 → 222,250원
H1964 | bet   4,000원 PLAYER | P:A♠ 2♥=3  B:8♠ A♥=9  BANKER(L)  | -4,000원 → 218,250원
H1965 | bet   8,000원 PLAYER | P:6♠ K♥=6  B:8♥ 4♥ 4♠=6  TIE(T)  |     0원 → 218,250원
H1966 | bet   8,000원 PLAYER | P:Q♦ J♦ 8♥=8  B:9♣ 5♦=4  PLAYER(W)  | +8,000원 → 226,250원  [end_win]
H1967 | bet   1,000원 BANKER | P:Q♦ 10♣ J♠=0  B:8♦ 5♣ 6♣=9  BANKER(W)  | +950원 → 227,200원
H1968 | bet   1,000원 BANKER | P:4♥ K♥ 7♥=1  B:6♣ 10♦ 2♥=8  BANKER(W)  | +950원 → 228,150원
H1969 | bet   1,000원 BANKER | P:2♦ K♠=2  B:7♥ 2♥=9  BANKER(W)  | +950원 → 229,100원
H1970 | bet   1,000원 BANKER | P:4♣ Q♣=4  B:10♠ 8♠=8  BANKER(W)  | +950원 → 230,050원
H1971 | bet   1,000원 BANKER | P:8♠ 9♠=7  B:3♣ 4♦=7  TIE(T)  |     0원 → 230,050원
H1972 | bet   1,000원 BANKER | P:2♠ Q♦ 8♣=0  B:3♠ 10♠=3  BANKER(W)  | +950원 → 231,000원
H1973 | bet   1,000원 BANKER | P:K♣ Q♥ 7♣=7  B:Q♥ 3♥ Q♣=3  PLAYER(L)  | -1,000원 → 230,000원  [start]
H1974 | bet   2,000원 PLAYER | P:A♣ 10♣ J♥=1  B:3♦ A♠=4  BANKER(L)  | -2,000원 → 228,000원
H1975 | bet   4,000원 PLAYER | P:J♣ J♣ A♣=1  B:3♣ 3♥=6  BANKER(L)  | -4,000원 → 224,000원
H1976 | bet   8,000원 PLAYER | P:10♣ 9♠=9  B:7♠ 3♦=0  PLAYER(W)  | +8,000원 → 232,000원  [end_win]
H1977 | bet   1,000원 BANKER | P:K♦ J♠ A♦=1  B:6♥ 7♣ 10♥=3  BANKER(W)  | +950원 → 232,950원
H1978 | bet   1,000원 BANKER | P:8♥ Q♥=8  B:8♠ 4♦=2  PLAYER(L)  | -1,000원 → 231,950원  [start]
H1979 | bet   2,000원 PLAYER | P:Q♦ 8♠=8  B:2♠ 4♠=6  PLAYER(W)  | +2,000원 → 233,950원  [end_win]
H1980 | bet   1,000원 BANKER | P:6♠ 5♦ 9♥=0  B:6♥ K♣=6  BANKER(W)  | +950원 → 234,900원
H1981 | bet   1,000원 BANKER | P:J♦ 2♥ 3♠=5  B:A♦ 3♥ 9♦=3  PLAYER(L)  | -1,000원 → 233,900원  [start]
H1982 | bet   2,000원 PLAYER | P:K♥ 4♦ 5♥=9  B:Q♣ K♣ Q♦=0  PLAYER(W)  | +2,000원 → 235,900원  [end_win]
H1983 | bet   1,000원 BANKER | P:6♦ 2♦=8  B:6♠ A♠=7  PLAYER(L)  | -1,000원 → 234,900원  [start]
H1984 | bet   2,000원 PLAYER | P:K♠ 10♠ K♦=0  B:10♦ J♣ K♦=0  TIE(T)  |     0원 → 234,900원
H1985 | bet   2,000원 PLAYER | P:6♣ J♦=6  B:8♣ J♦=8  BANKER(L)  | -2,000원 → 232,900원
H1986 | bet   4,000원 PLAYER | P:3♣ 4♦=7  B:5♠ A♥=6  PLAYER(W)  | +4,000원 → 236,900원  [end_win]
H1987 | bet   1,000원 BANKER | P:7♦ 9♦=6  B:4♣ 6♠ 9♣=9  BANKER(W)  | +950원 → 237,850원
H1988 | bet   1,000원 BANKER | P:Q♦ A♥ 7♥=8  B:K♦ A♣ 2♣=3  PLAYER(L)  | -1,000원 → 236,850원  [start]
H1989 | bet   2,000원 PLAYER | P:7♥ 2♠=9  B:J♥ 10♦=0  PLAYER(W)  | +2,000원 → 238,850원  [end_win]
H1990 | bet   1,000원 BANKER | P:8♦ A♠=9  B:5♥ 3♣=8  PLAYER(L)  | -1,000원 → 237,850원  [start]
H1991 | bet   2,000원 PLAYER | P:7♠ 7♦ A♥=5  B:6♦ 6♦ K♥=2  PLAYER(W)  | +2,000원 → 239,850원  [end_win]
H1992 | bet   1,000원 BANKER | P:6♣ 10♦=6  B:J♦ K♣ K♣=0  PLAYER(L)  | -1,000원 → 238,850원  [start]
H1993 | bet   2,000원 PLAYER | P:10♣ 3♠=3  B:Q♠ 8♥=8  BANKER(L)  | -2,000원 → 236,850원
H1994 | bet   4,000원 PLAYER | P:7♥ 9♠=6  B:10♠ 10♥ 3♣=3  PLAYER(W)  | +4,000원 → 240,850원  [end_win]
H1995 | bet   1,000원 BANKER | P:A♣ 2♦ 9♦=2  B:2♥ A♥ 2♥=5  BANKER(W)  | +950원 → 241,800원
H1996 | bet   1,000원 BANKER | P:10♦ Q♣ A♠=1  B:3♠ 3♥=6  BANKER(W)  | +950원 → 242,750원
H1997 | bet   1,000원 BANKER | P:Q♠ 3♦ 9♣=2  B:J♦ 7♦=7  BANKER(W)  | +950원 → 243,700원
H1998 | bet   1,000원 BANKER | P:K♥ 4♣ 6♦=0  B:10♠ A♦ 2♠=3  BANKER(W)  | +950원 → 244,650원
H1999 | bet   1,000원 BANKER | P:9♣ 10♦=9  B:7♠ 3♣=0  PLAYER(L)  | -1,000원 → 243,650원  [start]
H2000 | bet   2,000원 PLAYER | P:5♣ 7♣ 2♦=4  B:6♣ 9♥=5  BANKER(L)  | -2,000원 → 241,650원
H2001 | bet   4,000원 PLAYER | P:8♠ 6♥ Q♥=4  B:3♣ K♦ 6♠=9  BANKER(L)  | -4,000원 → 237,650원
H2002 | bet   8,000원 PLAYER | P:8♠ 4♥ Q♦=2  B:10♥ 10♣ 8♣=8  BANKER(L)  | -8,000원 → 229,650원
H2003 | bet  16,000원 PLAYER | P:7♠ 9♣=6  B:5♠ 5♠ 4♠=4  PLAYER(W)  | +16,000원 → 245,650원  [end_win]
H2004 | bet   1,000원 BANKER | P:9♥ J♠=9  B:7♣ 9♠=6  PLAYER(L)  | -1,000원 → 244,650원  [start]
H2005 | bet   2,000원 PLAYER | P:Q♥ 2♦ A♠=3  B:8♦ 9♣=7  BANKER(L)  | -2,000원 → 242,650원
H2006 | bet   4,000원 PLAYER | P:8♣ 7♦ 6♥=1  B:9♠ 8♦=7  BANKER(L)  | -4,000원 → 238,650원
H2007 | bet   8,000원 PLAYER | P:K♦ 8♣=8  B:A♦ J♦=1  PLAYER(W)  | +8,000원 → 246,650원  [end_win]
H2008 | bet   1,000원 BANKER | P:3♠ 4♦=7  B:3♣ 2♥ 6♥=1  PLAYER(L)  | -1,000원 → 245,650원  [start]
H2009 | bet   2,000원 PLAYER | P:4♣ 7♥ A♣=2  B:3♦ 8♦ A♠=2  TIE(T)  |     0원 → 245,650원
H2010 | bet   2,000원 PLAYER | P:Q♠ 2♦ 9♠=1  B:A♣ 9♠ 10♣=0  PLAYER(W)  | +2,000원 → 247,650원  [end_win]
H2011 | bet   1,000원 BANKER | P:Q♣ J♣ 9♦=9  B:2♦ 4♠=6  PLAYER(L)  | -1,000원 → 246,650원  [start]
H2012 | bet   2,000원 PLAYER | P:K♠ J♠ J♣=0  B:9♠ 6♥=5  BANKER(L)  | -2,000원 → 244,650원
H2013 | bet   4,000원 PLAYER | P:5♥ 4♠=9  B:10♥ J♥=0  PLAYER(W)  | +4,000원 → 248,650원  [end_win]
H2014 | bet   1,000원 BANKER | P:A♦ 6♣=7  B:2♣ Q♣ 6♠=8  BANKER(W)  | +950원 → 249,600원
H2015 | bet   1,000원 BANKER | P:Q♦ 3♣=3  B:Q♦ 8♠=8  BANKER(W)  | +950원 → 250,550원
H2016 | bet   1,000원 BANKER | P:3♦ 5♣=8  B:7♦ 2♥=9  BANKER(W)  | +950원 → 251,500원
H2017 | bet   1,000원 BANKER | P:4♥ J♥ 5♦=9  B:10♠ 5♥ 4♥=9  TIE(T)  |     0원 → 251,500원
H2018 | bet   1,000원 BANKER | P:2♣ Q♠ 4♦=6  B:Q♣ 7♥=7  BANKER(W)  | +950원 → 252,450원
H2019 | bet   1,000원 BANKER | P:5♦ 4♣=9  B:3♥ Q♥=3  PLAYER(L)  | -1,000원 → 251,450원  [start]
H2020 | bet   2,000원 PLAYER | P:Q♣ 10♥ 2♠=2  B:9♠ A♦ 6♥=6  BANKER(L)  | -2,000원 → 249,450원
H2021 | bet   4,000원 PLAYER | P:5♦ 4♥=9  B:8♥ 9♣=7  PLAYER(W)  | +4,000원 → 253,450원  [end_win]
H2022 | bet   1,000원 BANKER | P:4♥ 4♦=8  B:J♠ 9♦=9  BANKER(W)  | +950원 → 254,400원
H2023 | bet   1,000원 BANKER | P:10♥ 7♥=7  B:5♦ 8♣ A♠=4  PLAYER(L)  | -1,000원 → 253,400원  [start]
H2024 | bet   2,000원 PLAYER | P:5♣ 3♦=8  B:3♥ 3♠=6  PLAYER(W)  | +2,000원 → 255,400원  [end_win]
H2025 | bet   1,000원 BANKER | P:K♠ A♥=1  B:10♠ 9♥=9  BANKER(W)  | +950원 → 256,350원
H2026 | bet   1,000원 BANKER | P:K♥ 10♦=0  B:8♣ A♣=9  BANKER(W)  | +950원 → 257,300원
H2027 | bet   1,000원 BANKER | P:J♥ J♥ 10♠=0  B:K♥ 7♠=7  BANKER(W)  | +950원 → 258,250원
H2028 | bet   1,000원 BANKER | P:Q♥ 6♣=6  B:J♣ 5♣ 6♠=1  PLAYER(L)  | -1,000원 → 257,250원  [start]
H2029 | bet   2,000원 PLAYER | P:7♦ 4♦ 6♦=7  B:7♥ 7♣ 10♦=4  PLAYER(W)  | +2,000원 → 259,250원  [end_win]
H2030 | bet   1,000원 BANKER | P:5♠ 9♣ 4♣=8  B:7♦ 5♠ 7♠=9  BANKER(W)  | +950원 → 260,200원
H2031 | bet   1,000원 BANKER | P:6♦ 4♠=0  B:6♠ 2♣=8  BANKER(W)  | +950원 → 261,150원
H2032 | bet   1,000원 BANKER | P:J♦ 8♥=8  B:2♠ K♣=2  PLAYER(L)  | -1,000원 → 260,150원  [start]
H2033 | bet   2,000원 PLAYER | P:K♠ 2♣ 2♥=4  B:9♦ 2♥ A♦=2  PLAYER(W)  | +2,000원 → 262,150원  [end_win]
H2034 | bet   1,000원 BANKER | P:9♦ 9♥=8  B:9♥ 8♥=7  PLAYER(L)  | -1,000원 → 261,150원  [start]
H2035 | bet   2,000원 PLAYER | P:6♣ K♦=6  B:4♠ 8♠ 3♦=5  PLAYER(W)  | +2,000원 → 263,150원  [end_win]
H2036 | bet   1,000원 BANKER | P:7♣ 8♥=5  B:5♠ 4♣=9  BANKER(W)  | +950원 → 264,100원
H2037 | bet   1,000원 BANKER | P:J♦ K♦=0  B:4♣ 4♥=8  BANKER(W)  | +950원 → 265,050원
H2038 | bet   1,000원 BANKER | P:A♣ 4♠=5  B:6♣ 3♥=9  BANKER(W)  | +950원 → 266,000원
H2039 | bet   1,000원 BANKER | P:7♣ J♠=7  B:4♣ 8♦ A♠=3  PLAYER(L)  | -1,000원 → 265,000원  [start]
H2040 | bet   2,000원 PLAYER | P:6♣ 4♦ 8♦=8  B:5♦ J♠=5  PLAYER(W)  | +2,000원 → 267,000원  [end_win]
H2041 | bet   1,000원 BANKER | P:4♠ 2♥=6  B:7♦ 8♦ 9♥=4  PLAYER(L)  | -1,000원 → 266,000원  [start]
H2042 | bet   2,000원 PLAYER | P:K♥ 6♦=6  B:5♠ 10♥ 5♣=0  PLAYER(W)  | +2,000원 → 268,000원  [end_win]
H2043 | bet   1,000원 BANKER | P:5♠ 2♦=7  B:Q♦ Q♠ 5♥=5  PLAYER(L)  | -1,000원 → 267,000원  [start]
H2044 | bet   2,000원 PLAYER | P:A♥ 5♥=6  B:5♥ J♥ 3♦=8  BANKER(L)  | -2,000원 → 265,000원
H2045 | bet   4,000원 PLAYER | P:10♦ 5♥ K♣=5  B:K♠ 5♣=5  TIE(T)  |     0원 → 265,000원
H2046 | bet   4,000원 PLAYER | P:8♥ 10♥=8  B:J♥ 4♥=4  PLAYER(W)  | +4,000원 → 269,000원  [end_win]
H2047 | bet   1,000원 BANKER | P:10♣ A♥=1  B:A♥ 8♠=9  BANKER(W)  | +950원 → 269,950원
H2048 | bet   1,000원 BANKER | P:8♥ A♦=9  B:7♠ K♣=7  PLAYER(L)  | -1,000원 → 268,950원  [start]
H2049 | bet   2,000원 PLAYER | P:6♦ 9♦ J♠=5  B:3♠ K♥ K♠=3  PLAYER(W)  | +2,000원 → 270,950원  [end_win]
H2050 | bet   1,000원 BANKER | P:Q♣ 2♠=2  B:2♦ 7♣=9  BANKER(W)  | +950원 → 271,900원
H2051 | bet   1,000원 BANKER | P:5♦ Q♠=5  B:K♥ 8♠=8  BANKER(W)  | +950원 → 272,850원
H2052 | bet   1,000원 BANKER | P:J♣ 7♠=7  B:9♣ 10♠=9  BANKER(W)  | +950원 → 273,800원
H2053 | bet   1,000원 BANKER | P:6♥ K♠=6  B:8♣ Q♠=8  BANKER(W)  | +950원 → 274,750원
H2054 | bet   1,000원 BANKER | P:5♣ 9♥ 7♥=1  B:J♠ 3♥ 8♦=1  TIE(T)  |     0원 → 274,750원
H2055 | bet   1,000원 BANKER | P:Q♥ 6♠=6  B:10♣ J♣ 2♣=2  PLAYER(L)  | -1,000원 → 273,750원  [start]
H2056 | bet   2,000원 PLAYER | P:4♥ 2♥=6  B:9♦ 8♦=7  BANKER(L)  | -2,000원 → 271,750원
H2057 | bet   4,000원 PLAYER | P:3♥ 3♥=6  B:7♥ 9♥=6  TIE(T)  |     0원 → 271,750원
H2058 | bet   4,000원 PLAYER | P:7♠ Q♠=7  B:K♦ J♠ 3♣=3  PLAYER(W)  | +4,000원 → 275,750원  [end_win]
H2059 | bet   1,000원 BANKER | P:Q♥ 7♣=7  B:6♥ 5♣ 5♦=6  PLAYER(L)  | -1,000원 → 274,750원  [start]
H2060 | bet   2,000원 PLAYER | P:A♠ K♠ 4♠=5  B:2♦ 8♠ Q♥=0  PLAYER(W)  | +2,000원 → 276,750원  [end_win]
H2061 | bet   1,000원 BANKER | P:K♦ A♦ 10♣=1  B:8♥ 8♦=6  BANKER(W)  | +950원 → 277,700원
H2062 | bet   1,000원 BANKER | P:8♦ 5♥ A♥=4  B:6♦ Q♣=6  BANKER(W)  | +950원 → 278,650원
H2063 | bet   1,000원 BANKER | P:10♦ 10♦ Q♦=0  B:9♦ 5♣=4  BANKER(W)  | +950원 → 279,600원
H2064 | bet   1,000원 BANKER | P:10♠ 6♠=6  B:10♥ Q♣ 6♦=6  TIE(T)  |     0원 → 279,600원
H2065 | bet   1,000원 BANKER | P:3♥ K♣ A♣=4  B:A♥ 3♥=4  TIE(T)  |     0원 → 279,600원
H2066 | bet   1,000원 BANKER | P:7♦ A♦=8  B:A♣ 6♣=7  PLAYER(L)  | -1,000원 → 278,600원  [start]
H2067 | bet   2,000원 PLAYER | P:2♦ 3♦ K♣=5  B:6♦ 7♠ 9♣=2  PLAYER(W)  | +2,000원 → 280,600원  [end_win]
H2068 | bet   1,000원 BANKER | P:3♦ K♣ A♣=4  B:5♠ 6♠ 4♦=5  BANKER(W)  | +950원 → 281,550원
H2069 | bet   1,000원 BANKER | P:5♣ Q♦=5  B:Q♣ 8♥=8  BANKER(W)  | +950원 → 282,500원
H2070 | bet   1,000원 BANKER | P:4♦ 4♠=8  B:10♣ 3♦=3  PLAYER(L)  | -1,000원 → 281,500원  [start]
H2071 | bet   2,000원 PLAYER | P:2♠ Q♠ K♠=2  B:A♥ 6♣=7  BANKER(L)  | -2,000원 → 279,500원
H2072 | bet   4,000원 PLAYER | P:9♠ Q♠=9  B:2♣ 2♥=4  PLAYER(W)  | +4,000원 → 283,500원  [end_win]
H2073 | bet   1,000원 BANKER | P:9♠ 2♦ 3♥=4  B:Q♣ Q♥ A♣=1  PLAYER(L)  | -1,000원 → 282,500원  [start]
H2074 | bet   2,000원 PLAYER | P:8♦ K♠=8  B:6♥ 6♠=2  PLAYER(W)  | +2,000원 → 284,500원  [end_win]
H2075 | bet   1,000원 BANKER | P:4♥ 7♦ K♥=1  B:7♥ 3♦ 5♣=5  BANKER(W)  | +950원 → 285,450원
H2076 | bet   1,000원 BANKER | P:10♦ 2♥=2  B:2♣ 6♣=8  BANKER(W)  | +950원 → 286,400원
H2077 | bet   1,000원 BANKER | P:4♥ 6♥ 2♦=2  B:Q♥ 10♣ A♠=1  PLAYER(L)  | -1,000원 → 285,400원  [start]
H2078 | bet   2,000원 PLAYER | P:2♠ 2♦ 4♣=8  B:K♠ Q♣ Q♥=0  PLAYER(W)  | +2,000원 → 287,400원  [end_win]
H2079 | bet   1,000원 BANKER | P:2♦ Q♠ Q♠=2  B:3♠ 3♣=6  BANKER(W)  | +950원 → 288,350원
H2080 | bet   1,000원 BANKER | P:Q♣ Q♦ 6♥=6  B:5♥ 9♠ 3♣=7  BANKER(W)  | +950원 → 289,300원
H2081 | bet   1,000원 BANKER | P:J♣ 3♠ 4♠=7  B:10♦ 3♠ 5♥=8  BANKER(W)  | +950원 → 290,250원
H2082 | bet   1,000원 BANKER | P:9♥ 2♦=1  B:4♥ 4♥=8  BANKER(W)  | +950원 → 291,200원
H2083 | bet   1,000원 BANKER | P:2♥ 5♣=7  B:J♥ 2♣ 6♦=8  BANKER(W)  | +950원 → 292,150원
H2084 | bet   1,000원 BANKER | P:10♠ K♥=0  B:6♣ 2♥=8  BANKER(W)  | +950원 → 293,100원
H2085 | bet   1,000원 BANKER | P:8♣ 8♦=6  B:K♦ 8♥=8  BANKER(W)  | +950원 → 294,050원
H2086 | bet   1,000원 BANKER | P:8♠ Q♦=8  B:8♠ 5♥=3  PLAYER(L)  | -1,000원 → 293,050원  [start]
H2087 | bet   2,000원 PLAYER | P:4♠ 6♣=0  B:8♥ K♥=8  BANKER(L)  | -2,000원 → 291,050원
H2088 | bet   4,000원 PLAYER | P:A♦ K♦ 3♣=4  B:7♣ 7♦ 3♥=7  BANKER(L)  | -4,000원 → 287,050원
H2089 | bet   8,000원 PLAYER | P:J♣ A♠ 7♣=8  B:J♣ 5♠ 3♦=8  TIE(T)  |     0원 → 287,050원
H2090 | bet   8,000원 PLAYER | P:4♦ 2♠=6  B:2♠ 10♠ 2♣=4  PLAYER(W)  | +8,000원 → 295,050원  [end_win]
H2091 | bet   1,000원 BANKER | P:K♦ 3♥ 5♥=8  B:2♣ 9♣ 6♣=7  PLAYER(L)  | -1,000원 → 294,050원  [start]
H2092 | bet   2,000원 PLAYER | P:K♥ 9♥=9  B:10♦ 7♠=7  PLAYER(W)  | +2,000원 → 296,050원  [end_win]
H2093 | bet   1,000원 BANKER | P:K♣ 6♣=6  B:Q♦ K♣ 7♣=7  BANKER(W)  | +950원 → 297,000원
H2094 | bet   1,000원 BANKER | P:8♥ 8♣=6  B:2♥ 8♥ A♦=1  PLAYER(L)  | -1,000원 → 296,000원  [start]
H2095 | bet   2,000원 PLAYER | P:3♣ 7♥ 7♦=7  B:5♥ 10♥ 2♥=7  TIE(T)  |     0원 → 296,000원
H2096 | bet   2,000원 PLAYER | P:Q♠ 10♣ J♦=0  B:A♣ Q♣ 7♦=8  BANKER(L)  | -2,000원 → 294,000원
H2097 | bet   4,000원 PLAYER | P:10♠ 10♠ 8♦=8  B:7♦ 5♦ 5♠=7  PLAYER(W)  | +4,000원 → 298,000원  [end_win]
H2098 | bet   1,000원 BANKER | P:7♠ 6♠ 8♣=1  B:2♠ 5♣=7  BANKER(W)  | +950원 → 298,950원
H2099 | bet   1,000원 BANKER | P:J♣ 9♥=9  B:6♥ 9♣=5  PLAYER(L)  | -1,000원 → 297,950원  [start]
H2100 | bet   2,000원 PLAYER | P:3♠ J♠ A♠=4  B:J♥ Q♦ 3♦=3  PLAYER(W)  | +2,000원 → 299,950원  [end_win]
H2101 | bet   1,000원 BANKER | P:7♠ 6♠ 5♦=8  B:5♦ 5♣ 2♠=2  PLAYER(L)  | -1,000원 → 298,950원  [start]
H2102 | bet   2,000원 PLAYER | P:10♠ 6♦=6  B:10♥ K♥ J♠=0  PLAYER(W)  | +2,000원 → 300,950원  [end_win]
H2103 | bet   1,000원 BANKER | P:6♦ J♠=6  B:3♠ A♦ 4♦=8  BANKER(W)  | +950원 → 301,900원
H2104 | bet   1,000원 BANKER | P:5♠ 8♠ 4♣=7  B:6♠ A♦=7  TIE(T)  |     0원 → 301,900원
H2105 | bet   1,000원 BANKER | P:9♠ 9♦=8  B:K♥ Q♥=0  PLAYER(L)  | -1,000원 → 300,900원  [start]
H2106 | bet   2,000원 PLAYER | P:8♠ 7♦ 7♥=2  B:5♥ 5♣ 10♣=0  PLAYER(W)  | +2,000원 → 302,900원  [end_win]
H2107 | bet   1,000원 BANKER | P:J♦ J♣ 5♠=5  B:J♥ 3♣ 7♥=0  PLAYER(L)  | -1,000원 → 301,900원  [start]
H2108 | bet   2,000원 PLAYER | P:5♦ 10♦=5  B:9♦ 9♣=8  BANKER(L)  | -2,000원 → 299,900원
H2109 | bet   4,000원 PLAYER | P:A♦ 7♠=8  B:7♦ 4♠=1  PLAYER(W)  | +4,000원 → 303,900원  [end_win]
H2110 | bet   1,000원 BANKER | P:8♦ Q♥=8  B:7♥ 9♠=6  PLAYER(L)  | -1,000원 → 302,900원  [start]
H2111 | bet   2,000원 PLAYER | P:9♥ 6♦ 4♠=9  B:A♥ 4♣ K♦=5  PLAYER(W)  | +2,000원 → 304,900원  [end_win]
H2112 | bet   1,000원 BANKER | P:6♥ A♣=7  B:4♣ A♠ 9♣=4  PLAYER(L)  | -1,000원 → 303,900원  [start]
H2113 | bet   2,000원 PLAYER | P:9♠ 3♦ A♠=3  B:4♠ J♣=4  BANKER(L)  | -2,000원 → 301,900원
H2114 | bet   4,000원 PLAYER | P:J♣ J♦ 9♥=9  B:A♠ A♣ 8♣=0  PLAYER(W)  | +4,000원 → 305,900원  [end_win]
H2115 | bet   1,000원 BANKER | P:9♣ 10♥=9  B:K♠ J♠=0  PLAYER(L)  | -1,000원 → 304,900원  [start]
H2116 | bet   2,000원 PLAYER | P:K♥ J♥ 2♣=2  B:3♣ K♠ 2♠=5  BANKER(L)  | -2,000원 → 302,900원
H2117 | bet   4,000원 PLAYER | P:4♦ 5♦=9  B:10♦ Q♠=0  PLAYER(W)  | +4,000원 → 306,900원  [end_win]
H2118 | bet   1,000원 BANKER | P:8♠ J♦=8  B:6♠ A♦=7  PLAYER(L)  | -1,000원 → 305,900원  [start]
H2119 | bet   2,000원 PLAYER | P:J♦ Q♦ 2♥=2  B:4♥ K♠ 7♣=1  PLAYER(W)  | +2,000원 → 307,900원  [end_win]
H2120 | bet   1,000원 BANKER | P:8♣ Q♥=8  B:5♦ 4♦=9  BANKER(W)  | +950원 → 308,850원
H2121 | bet   1,000원 BANKER | P:7♥ 10♣=7  B:10♦ 6♣=6  PLAYER(L)  | -1,000원 → 307,850원  [start]
H2122 | bet   2,000원 PLAYER | P:5♠ 9♦ 3♥=7  B:K♣ 7♣=7  TIE(T)  |     0원 → 307,850원
H2123 | bet   2,000원 PLAYER | P:J♠ K♦=0  B:4♥ 4♣=8  BANKER(L)  | -2,000원 → 305,850원
H2124 | bet   4,000원 PLAYER | P:7♠ 9♠=6  B:Q♠ 6♠=6  TIE(T)  |     0원 → 305,850원
H2125 | bet   4,000원 PLAYER | P:9♥ 10♥=9  B:2♠ J♥=2  PLAYER(W)  | +4,000원 → 309,850원  [end_win]
H2126 | bet   1,000원 BANKER | P:J♥ 9♠=9  B:6♦ K♠=6  PLAYER(L)  | -1,000원 → 308,850원  [start]
H2127 | bet   2,000원 PLAYER | P:2♣ 3♦ J♥=5  B:3♣ 7♥ 9♥=9  BANKER(L)  | -2,000원 → 306,850원
H2128 | bet   4,000원 PLAYER | P:4♣ A♥ J♠=5  B:5♥ 10♣=5  TIE(T)  |     0원 → 306,850원
H2129 | bet   4,000원 PLAYER | P:9♦ K♣=9  B:7♣ A♠=8  PLAYER(W)  | +4,000원 → 310,850원  [end_win]
H2130 | bet   1,000원 BANKER | P:7♣ 5♠ 4♣=6  B:8♥ 6♥ 10♥=4  PLAYER(L)  | -1,000원 → 309,850원  [start]
H2131 | bet   2,000원 PLAYER | P:9♦ Q♣=9  B:2♦ K♦=2  PLAYER(W)  | +2,000원 → 311,850원  [end_win]
H2132 | bet   1,000원 BANKER | P:5♠ 10♥ 9♣=4  B:K♣ K♥ A♥=1  PLAYER(L)  | -1,000원 → 310,850원  [start]
H2133 | bet   2,000원 PLAYER | P:6♥ Q♦=6  B:3♠ A♥ J♦=4  PLAYER(W)  | +2,000원 → 312,850원  [end_win]
H2134 | bet   1,000원 BANKER | P:A♣ 9♦=0  B:8♠ J♦=8  BANKER(W)  | +950원 → 313,800원
H2135 | bet   1,000원 BANKER | P:8♦ 4♦ 8♠=0  B:4♥ 8♣ 7♠=9  BANKER(W)  | +950원 → 314,750원
H2136 | bet   1,000원 BANKER | P:J♥ 8♥=8  B:4♣ 10♥=4  PLAYER(L)  | -1,000원 → 313,750원  [start]
H2137 | bet   2,000원 PLAYER | P:J♠ 9♣=9  B:4♦ 10♠=4  PLAYER(W)  | +2,000원 → 315,750원  [end_win]
H2138 | bet   1,000원 BANKER | P:3♠ J♣ 8♥=1  B:3♣ 2♦=5  BANKER(W)  | +950원 → 316,700원
H2139 | bet   1,000원 BANKER | P:A♥ Q♥=1  B:9♦ Q♥=9  BANKER(W)  | +950원 → 317,650원
H2140 | bet   1,000원 BANKER | P:J♠ J♣ 5♣=5  B:A♥ Q♥ 6♣=7  BANKER(W)  | +950원 → 318,600원
H2141 | bet   1,000원 BANKER | P:7♥ J♠=7  B:9♣ 5♥ K♣=4  PLAYER(L)  | -1,000원 → 317,600원  [start]
H2142 | bet   2,000원 PLAYER | P:8♠ 7♣ 4♣=9  B:Q♠ Q♣ 10♥=0  PLAYER(W)  | +2,000원 → 319,600원  [end_win]
H2143 | bet   1,000원 BANKER | P:6♣ 6♥ J♥=2  B:10♣ 6♣=6  BANKER(W)  | +950원 → 320,550원
H2144 | bet   1,000원 BANKER | P:K♠ 8♥=8  B:3♣ Q♠=3  PLAYER(L)  | -1,000원 → 319,550원  [start]
H2145 | bet   2,000원 PLAYER | P:Q♦ A♦=1  B:J♠ 9♦=9  BANKER(L)  | -2,000원 → 317,550원
H2146 | bet   4,000원 PLAYER | P:7♣ 8♥ K♣=5  B:3♥ Q♣ 8♥=1  PLAYER(W)  | +4,000원 → 321,550원  [end_win]
H2147 | bet   1,000원 BANKER | P:8♦ 2♦ J♦=0  B:Q♥ 3♣ 8♣=1  BANKER(W)  | +950원 → 322,500원
H2148 | bet   1,000원 BANKER | P:3♦ A♣ Q♦=4  B:6♥ 10♣=6  BANKER(W)  | +950원 → 323,450원
H2149 | bet   1,000원 BANKER | P:10♣ 5♠=5  B:8♠ A♠=9  BANKER(W)  | +950원 → 324,400원
H2150 | bet   1,000원 BANKER | P:10♣ 2♣=2  B:K♣ 8♦=8  BANKER(W)  | +950원 → 325,350원
H2151 | bet   1,000원 BANKER | P:5♦ 2♥=7  B:K♥ 4♠ 6♦=0  PLAYER(L)  | -1,000원 → 324,350원  [start]
H2152 | bet   2,000원 PLAYER | P:10♦ 6♣=6  B:A♠ 3♠ 4♦=8  BANKER(L)  | -2,000원 → 322,350원
H2153 | bet   4,000원 PLAYER | P:10♣ 9♠=9  B:9♠ 10♦=9  TIE(T)  |     0원 → 322,350원
H2154 | bet   4,000원 PLAYER | P:9♠ 10♣=9  B:J♣ 9♦=9  TIE(T)  |     0원 → 322,350원
H2155 | bet   4,000원 PLAYER | P:K♣ A♠ J♣=1  B:4♠ 2♥=6  BANKER(L)  | -4,000원 → 318,350원
H2156 | bet   8,000원 PLAYER | P:Q♦ J♠ 5♠=5  B:10♣ 10♦ 7♥=7  BANKER(L)  | -8,000원 → 310,350원
H2157 | bet  16,000원 PLAYER | P:Q♥ 4♣ 5♠=9  B:3♠ J♥ A♦=4  PLAYER(W)  | +16,000원 → 326,350원  [end_win]
H2158 | bet   1,000원 BANKER | P:K♥ A♣ 9♦=0  B:5♠ 10♠=5  BANKER(W)  | +950원 → 327,300원
H2159 | bet   1,000원 BANKER | P:2♣ 9♥ 3♠=4  B:2♠ A♠ 9♣=2  PLAYER(L)  | -1,000원 → 326,300원  [start]
H2160 | bet   2,000원 PLAYER | P:8♥ J♥=8  B:Q♣ 4♥=4  PLAYER(W)  | +2,000원 → 328,300원  [end_win]
H2161 | bet   1,000원 BANKER | P:K♦ A♣ 4♦=5  B:4♣ A♥ 6♠=1  PLAYER(L)  | -1,000원 → 327,300원  [start]
H2162 | bet   2,000원 PLAYER | P:A♣ A♦=2  B:A♣ 8♠=9  BANKER(L)  | -2,000원 → 325,300원
H2163 | bet   4,000원 PLAYER | P:2♠ A♠ 4♥=7  B:8♣ 7♣ 5♦=0  PLAYER(W)  | +4,000원 → 329,300원  [end_win]
H2164 | bet   1,000원 BANKER | P:A♦ Q♥=1  B:7♣ 2♣=9  BANKER(W)  | +950원 → 330,250원
H2165 | bet   1,000원 BANKER | P:9♠ Q♦=9  B:10♦ 8♣=8  PLAYER(L)  | -1,000원 → 329,250원  [start]
H2166 | bet   2,000원 PLAYER | P:4♠ 9♥ 4♥=7  B:J♦ 4♣ 6♣=0  PLAYER(W)  | +2,000원 → 331,250원  [end_win]
H2167 | bet   1,000원 BANKER | P:A♥ 2♦=3  B:8♠ A♠=9  BANKER(W)  | +950원 → 332,200원
H2168 | bet   1,000원 BANKER | P:6♠ J♦=6  B:J♠ 6♦=6  TIE(T)  |     0원 → 332,200원
H2169 | bet   1,000원 BANKER | P:3♦ 10♠ 2♣=5  B:6♥ 6♥ 5♣=7  BANKER(W)  | +950원 → 333,150원
H2170 | bet   1,000원 BANKER | P:5♠ 7♠=2  B:3♦ 5♣=8  BANKER(W)  | +950원 → 334,100원
H2171 | bet   1,000원 BANKER | P:A♣ A♣ 9♠=1  B:2♣ 9♥ Q♣=1  TIE(T)  |     0원 → 334,100원
H2172 | bet   1,000원 BANKER | P:4♠ 9♥ 5♥=8  B:A♦ 10♠ A♠=2  PLAYER(L)  | -1,000원 → 333,100원  [start]
H2173 | bet   2,000원 PLAYER | P:6♥ 10♥=6  B:Q♥ A♥ 10♦=1  PLAYER(W)  | +2,000원 → 335,100원  [end_win]
H2174 | bet   1,000원 BANKER | P:2♦ J♥ 6♦=8  B:9♣ A♦ 10♦=0  PLAYER(L)  | -1,000원 → 334,100원  [start]
H2175 | bet   2,000원 PLAYER | P:3♦ J♠=3  B:8♥ K♣=8  BANKER(L)  | -2,000원 → 332,100원
H2176 | bet   4,000원 PLAYER | P:4♥ 8♣ 5♦=7  B:J♣ K♠ 6♦=6  PLAYER(W)  | +4,000원 → 336,100원  [end_win]
H2177 | bet   1,000원 BANKER | P:9♦ Q♦=9  B:Q♠ 5♥=5  PLAYER(L)  | -1,000원 → 335,100원  [start]
H2178 | bet   2,000원 PLAYER | P:5♣ 5♣ 9♦=9  B:A♥ 6♠=7  PLAYER(W)  | +2,000원 → 337,100원  [end_win]
H2179 | bet   1,000원 BANKER | P:4♦ 3♥=7  B:3♠ 4♠=7  TIE(T)  |     0원 → 337,100원
H2180 | bet   1,000원 BANKER | P:8♥ 3♣ K♦=1  B:2♥ 10♥ Q♦=2  BANKER(W)  | +950원 → 338,050원
H2181 | bet   1,000원 BANKER | P:10♠ 5♠ A♥=6  B:8♠ 8♣=6  TIE(T)  |     0원 → 338,050원
H2182 | bet   1,000원 BANKER | P:3♣ 9♣ 5♣=7  B:6♥ K♥=6  PLAYER(L)  | -1,000원 → 337,050원  [start]
H2183 | bet   2,000원 PLAYER | P:8♦ J♦=8  B:2♠ Q♣=2  PLAYER(W)  | +2,000원 → 339,050원  [end_win]
H2184 | bet   1,000원 BANKER | P:6♠ 7♦ 5♥=8  B:3♣ 2♦ K♥=5  PLAYER(L)  | -1,000원 → 338,050원  [start]
H2185 | bet   2,000원 PLAYER | P:6♦ 7♥=3  B:4♥ 4♣=8  BANKER(L)  | -2,000원 → 336,050원
H2186 | bet   4,000원 PLAYER | P:5♦ Q♠ 9♣=4  B:5♥ J♦=5  BANKER(L)  | -4,000원 → 332,050원
H2187 | bet   8,000원 PLAYER | P:5♠ 6♣ 6♠=7  B:10♥ K♦ 2♦=2  PLAYER(W)  | +8,000원 → 340,050원  [end_win]
H2188 | bet   1,000원 BANKER | P:3♠ 8♣ 6♣=7  B:7♦ K♦=7  TIE(T)  |     0원 → 340,050원
H2189 | bet   1,000원 BANKER | P:K♠ 9♥=9  B:10♠ 4♣=4  PLAYER(L)  | -1,000원 → 339,050원  [start]
H2190 | bet   2,000원 PLAYER | P:Q♣ 8♦=8  B:7♥ 4♦=1  PLAYER(W)  | +2,000원 → 341,050원  [end_win]
H2191 | bet   1,000원 BANKER | P:4♦ 5♦=9  B:3♣ 2♣=5  PLAYER(L)  | -1,000원 → 340,050원  [start]
H2192 | bet   2,000원 PLAYER | P:Q♣ K♣ 5♥=5  B:7♥ 7♣ Q♣=4  PLAYER(W)  | +2,000원 → 342,050원  [end_win]
H2193 | bet   1,000원 BANKER | P:8♥ 10♦=8  B:3♠ K♠=3  PLAYER(L)  | -1,000원 → 341,050원  [start]
H2194 | bet   2,000원 PLAYER | P:3♥ 8♦ 6♠=7  B:7♠ J♥=7  TIE(T)  |     0원 → 341,050원
H2195 | bet   2,000원 PLAYER | P:5♥ 7♦ J♦=2  B:10♠ K♦ 9♦=9  BANKER(L)  | -2,000원 → 339,050원
H2196 | bet   4,000원 PLAYER | P:2♠ 9♥ 8♣=9  B:10♥ Q♠ 2♥=2  PLAYER(W)  | +4,000원 → 343,050원  [end_win]
H2197 | bet   1,000원 BANKER | P:2♠ 7♠=9  B:10♥ 7♣=7  PLAYER(L)  | -1,000원 → 342,050원  [start]
H2198 | bet   2,000원 PLAYER | P:2♠ A♦=3  B:9♦ 9♣=8  BANKER(L)  | -2,000원 → 340,050원
H2199 | bet   4,000원 PLAYER | P:4♥ 4♥=8  B:K♠ J♥=0  PLAYER(W)  | +4,000원 → 344,050원  [end_win]
H2200 | bet   1,000원 BANKER | P:K♥ K♦ 3♥=3  B:3♣ 7♦ 6♣=6  BANKER(W)  | +950원 → 345,000원
H2201 | bet   1,000원 BANKER | P:2♣ 9♠ 9♣=0  B:3♦ 7♥ 10♥=0  TIE(T)  |     0원 → 345,000원
H2202 | bet   1,000원 BANKER | P:10♣ 2♥ K♥=2  B:8♣ 2♥ 6♦=6  BANKER(W)  | +950원 → 345,950원
H2203 | bet   1,000원 BANKER | P:J♣ 8♠=8  B:10♦ 3♦=3  PLAYER(L)  | -1,000원 → 344,950원  [start]
H2204 | bet   2,000원 PLAYER | P:7♠ 3♥=0  B:7♦ A♦=8  BANKER(L)  | -2,000원 → 342,950원
H2205 | bet   4,000원 PLAYER | P:4♠ Q♥ 3♥=7  B:7♠ J♥=7  TIE(T)  |     0원 → 342,950원
H2206 | bet   4,000원 PLAYER | P:6♦ K♦=6  B:10♠ J♣ 2♠=2  PLAYER(W)  | +4,000원 → 346,950원  [end_win]
H2207 | bet   1,000원 BANKER | P:K♠ J♦ 7♣=7  B:7♥ 6♥ 4♣=7  TIE(T)  |     0원 → 346,950원
H2208 | bet   1,000원 BANKER | P:3♥ 7♦ Q♦=0  B:8♦ 4♦ 8♠=0  TIE(T)  |     0원 → 346,950원
H2209 | bet   1,000원 BANKER | P:8♦ 4♦ 4♥=6  B:K♥ 4♣ 5♣=9  BANKER(W)  | +950원 → 347,900원
H2210 | bet   1,000원 BANKER | P:4♠ 8♦ 9♥=1  B:Q♠ 2♦ A♠=3  BANKER(W)  | +950원 → 348,850원
H2211 | bet   1,000원 BANKER | P:9♣ 3♠=2  B:7♠ 2♣=9  BANKER(W)  | +950원 → 349,800원
H2212 | bet   1,000원 BANKER | P:5♦ J♥=5  B:5♠ 3♦=8  BANKER(W)  | +950원 → 350,750원
H2213 | bet   1,000원 BANKER | P:7♦ 3♥ K♠=0  B:5♣ Q♦=5  BANKER(W)  | +950원 → 351,700원
H2214 | bet   1,000원 BANKER | P:7♠ 2♥=9  B:9♠ 5♦=4  PLAYER(L)  | -1,000원 → 350,700원  [start]
H2215 | bet   2,000원 PLAYER | P:J♠ 6♥=6  B:6♦ 10♠=6  TIE(T)  |     0원 → 350,700원
H2216 | bet   2,000원 PLAYER | P:2♥ 7♥=9  B:Q♠ 7♣=7  PLAYER(W)  | +2,000원 → 352,700원  [end_win]
H2217 | bet   1,000원 BANKER | P:6♠ 2♠=8  B:J♠ 7♦=7  PLAYER(L)  | -1,000원 → 351,700원  [start]
H2218 | bet   2,000원 PLAYER | P:K♦ K♣ 6♠=6  B:J♦ 5♦ 4♠=9  BANKER(L)  | -2,000원 → 349,700원
H2219 | bet   4,000원 PLAYER | P:A♥ 2♦ 9♠=2  B:4♦ 7♠ J♣=1  PLAYER(W)  | +4,000원 → 353,700원  [end_win]
H2220 | bet   1,000원 BANKER | P:2♣ 6♥=8  B:4♣ Q♠=4  PLAYER(L)  | -1,000원 → 352,700원  [start]
H2221 | bet   2,000원 PLAYER | P:5♠ J♠ 8♣=3  B:4♠ 3♣=7  BANKER(L)  | -2,000원 → 350,700원
H2222 | bet   4,000원 PLAYER | P:3♣ Q♥ 4♦=7  B:10♥ 5♣ K♠=5  PLAYER(W)  | +4,000원 → 354,700원  [end_win]
H2223 | bet   1,000원 BANKER | P:9♥ K♠=9  B:8♥ 5♦=3  PLAYER(L)  | -1,000원 → 353,700원  [start]
H2224 | bet   2,000원 PLAYER | P:4♣ 3♣=7  B:Q♦ 4♦ 8♠=2  PLAYER(W)  | +2,000원 → 355,700원  [end_win]
H2225 | bet   1,000원 BANKER | P:K♣ 4♥=4  B:2♥ 6♦=8  BANKER(W)  | +950원 → 356,650원
H2226 | bet   1,000원 BANKER | P:8♣ Q♦=8  B:2♥ 4♦=6  PLAYER(L)  | -1,000원 → 355,650원  [start]
H2227 | bet   2,000원 PLAYER | P:9♠ 7♣=6  B:2♠ 10♣ 9♦=1  PLAYER(W)  | +2,000원 → 357,650원  [end_win]
H2228 | bet   1,000원 BANKER | P:J♦ 5♦ 9♣=4  B:6♦ 7♣ 9♦=2  PLAYER(L)  | -1,000원 → 356,650원  [start]
H2229 | bet   2,000원 PLAYER | P:7♠ 9♣=6  B:8♥ 4♦ J♣=2  PLAYER(W)  | +2,000원 → 358,650원  [end_win]
H2230 | bet   1,000원 BANKER | P:J♥ K♥ 2♠=2  B:4♦ K♥ 9♣=3  BANKER(W)  | +950원 → 359,600원
H2231 | bet   1,000원 BANKER | P:K♥ 10♣ J♥=0  B:5♥ 8♥ J♥=3  BANKER(W)  | +950원 → 360,550원
H2232 | bet   1,000원 BANKER | P:6♠ 10♦=6  B:5♠ 4♠=9  BANKER(W)  | +950원 → 361,500원
H2233 | bet   1,000원 BANKER | P:6♣ 9♣ 10♦=5  B:5♥ 9♣=4  PLAYER(L)  | -1,000원 → 360,500원  [start]
H2234 | bet   2,000원 PLAYER | P:7♥ 7♠=4  B:Q♠ 8♠=8  BANKER(L)  | -2,000원 → 358,500원
H2235 | bet   4,000원 PLAYER | P:5♠ 3♣=8  B:Q♦ 2♦=2  PLAYER(W)  | +4,000원 → 362,500원  [end_win]
H2236 | bet   1,000원 BANKER | P:2♥ 7♦=9  B:J♠ A♠=1  PLAYER(L)  | -1,000원 → 361,500원  [start]
H2237 | bet   2,000원 PLAYER | P:A♣ 5♥=6  B:10♦ 7♣=7  BANKER(L)  | -2,000원 → 359,500원
H2238 | bet   4,000원 PLAYER | P:7♥ 4♣ 3♠=4  B:4♠ 10♦ 9♥=3  PLAYER(W)  | +4,000원 → 363,500원  [end_win]
H2239 | bet   1,000원 BANKER | P:A♠ 2♥ 10♠=3  B:2♥ 9♥ J♦=1  PLAYER(L)  | -1,000원 → 362,500원  [start]
H2240 | bet   2,000원 PLAYER | P:J♣ 6♦=6  B:6♠ 6♥ 7♥=9  BANKER(L)  | -2,000원 → 360,500원
H2241 | bet   4,000원 PLAYER | P:A♥ 3♦ K♣=4  B:A♣ 9♥ 3♠=3  PLAYER(W)  | +4,000원 → 364,500원  [end_win]
H2242 | bet   1,000원 BANKER | P:7♦ A♠=8  B:6♥ A♦=7  PLAYER(L)  | -1,000원 → 363,500원  [start]
H2243 | bet   2,000원 PLAYER | P:10♥ 3♥ J♣=3  B:7♥ 10♥=7  BANKER(L)  | -2,000원 → 361,500원
H2244 | bet   4,000원 PLAYER | P:8♠ 10♣=8  B:2♠ 4♣=6  PLAYER(W)  | +4,000원 → 365,500원  [end_win]
H2245 | bet   1,000원 BANKER | P:A♣ 9♣ 2♦=2  B:8♥ 4♥ 5♦=7  BANKER(W)  | +950원 → 366,450원
H2246 | bet   1,000원 BANKER | P:J♣ 4♥=4  B:2♠ 6♠=8  BANKER(W)  | +950원 → 367,400원
H2247 | bet   1,000원 BANKER | P:9♥ 10♠=9  B:Q♣ 10♣=0  PLAYER(L)  | -1,000원 → 366,400원  [start]
H2248 | bet   2,000원 PLAYER | P:K♠ 7♥=7  B:3♠ 9♠ 6♦=8  BANKER(L)  | -2,000원 → 364,400원
H2249 | bet   4,000원 PLAYER | P:2♦ 10♠ 7♠=9  B:3♦ 7♠ 6♠=6  PLAYER(W)  | +4,000원 → 368,400원  [end_win]
H2250 | bet   1,000원 BANKER | P:A♣ 8♦=9  B:3♣ K♦=3  PLAYER(L)  | -1,000원 → 367,400원  [start]
H2251 | bet   2,000원 PLAYER | P:7♣ 9♠=6  B:2♠ 4♣=6  TIE(T)  |     0원 → 367,400원
H2252 | bet   2,000원 PLAYER | P:5♣ 3♠=8  B:3♥ Q♥=3  PLAYER(W)  | +2,000원 → 369,400원  [end_win]
H2253 | bet   1,000원 BANKER | P:6♣ 2♦=8  B:3♠ 6♥=9  BANKER(W)  | +950원 → 370,350원
H2254 | bet   1,000원 BANKER | P:3♠ J♥ 4♥=7  B:4♦ K♠ Q♥=4  PLAYER(L)  | -1,000원 → 369,350원  [start]
H2255 | bet   2,000원 PLAYER | P:5♥ 2♣=7  B:9♦ K♠=9  BANKER(L)  | -2,000원 → 367,350원
H2256 | bet   4,000원 PLAYER | P:7♠ 8♠ 10♣=5  B:J♠ A♠ 4♥=5  TIE(T)  |     0원 → 367,350원
H2257 | bet   4,000원 PLAYER | P:9♠ 5♥ 2♣=6  B:7♦ 7♦ 5♦=9  BANKER(L)  | -4,000원 → 363,350원
H2258 | bet   8,000원 PLAYER | P:2♦ 2♣=4  B:K♣ 9♥=9  BANKER(L)  | -8,000원 → 355,350원
H2259 | bet  16,000원 PLAYER | P:5♠ 8♦ 10♥=3  B:Q♠ Q♠ J♦=0  PLAYER(W)  | +16,000원 → 371,350원  [end_win]
H2260 | bet   1,000원 BANKER | P:6♥ 6♣ 5♠=7  B:10♥ 7♥=7  TIE(T)  |     0원 → 371,350원
H2261 | bet   1,000원 BANKER | P:A♠ 6♥=7  B:K♥ Q♠ 9♠=9  BANKER(W)  | +950원 → 372,300원
H2262 | bet   1,000원 BANKER | P:Q♣ 2♣ 8♥=0  B:10♦ 5♠=5  BANKER(W)  | +950원 → 373,250원
H2263 | bet   1,000원 BANKER | P:8♣ 8♠=6  B:J♦ 5♠ 9♣=4  PLAYER(L)  | -1,000원 → 372,250원  [start]
H2264 | bet   2,000원 PLAYER | P:6♣ Q♠=6  B:7♦ 10♦=7  BANKER(L)  | -2,000원 → 370,250원
H2265 | bet   4,000원 PLAYER | P:A♦ Q♠ 8♦=9  B:J♠ 10♣ 3♣=3  PLAYER(W)  | +4,000원 → 374,250원  [end_win]
H2266 | bet   1,000원 BANKER | P:J♦ 3♥ J♥=3  B:A♥ 6♦=7  BANKER(W)  | +950원 → 375,200원
H2267 | bet   1,000원 BANKER | P:7♣ K♦=7  B:8♣ J♦=8  BANKER(W)  | +950원 → 376,150원
H2268 | bet   1,000원 BANKER | P:10♣ K♣ 8♦=8  B:Q♦ 6♣=6  PLAYER(L)  | -1,000원 → 375,150원  [start]
H2269 | bet   2,000원 PLAYER | P:10♣ 10♠ 8♥=8  B:A♥ K♣ 5♦=6  PLAYER(W)  | +2,000원 → 377,150원  [end_win]
H2270 | bet   1,000원 BANKER | P:A♦ 8♣=9  B:3♣ 6♦=9  TIE(T)  |     0원 → 377,150원
H2271 | bet   1,000원 BANKER | P:Q♦ 5♦ 7♦=2  B:9♦ A♣ 2♥=2  TIE(T)  |     0원 → 377,150원
H2272 | bet   1,000원 BANKER | P:2♦ A♠ 6♣=9  B:3♦ 3♥ J♣=6  PLAYER(L)  | -1,000원 → 376,150원  [start]
H2273 | bet   2,000원 PLAYER | P:4♦ A♠ J♦=5  B:J♣ 10♥ A♦=1  PLAYER(W)  | +2,000원 → 378,150원  [end_win]
H2274 | bet   1,000원 BANKER | P:K♠ Q♥ K♣=0  B:10♥ 5♣=5  BANKER(W)  | +950원 → 379,100원
H2275 | bet   1,000원 BANKER | P:Q♥ K♥ J♣=0  B:3♦ 7♠ 8♦=8  BANKER(W)  | +950원 → 380,050원
H2276 | bet   1,000원 BANKER | P:6♥ 4♦ K♦=0  B:8♥ 7♣=5  BANKER(W)  | +950원 → 381,000원
H2277 | bet   1,000원 BANKER | P:4♣ 6♦ K♥=0  B:6♠ 8♣=4  BANKER(W)  | +950원 → 381,950원
H2278 | bet   1,000원 BANKER | P:K♠ 2♠ 9♣=1  B:A♦ 5♥=6  BANKER(W)  | +950원 → 382,900원
H2279 | bet   1,000원 BANKER | P:5♥ A♣=6  B:Q♣ 2♠ 10♦=2  PLAYER(L)  | -1,000원 → 381,900원  [start]
H2280 | bet   2,000원 PLAYER | P:5♣ 3♥=8  B:4♠ 10♠=4  PLAYER(W)  | +2,000원 → 383,900원  [end_win]
H2281 | bet   1,000원 BANKER | P:4♥ A♣ 10♥=5  B:5♠ 7♦ 4♣=6  BANKER(W)  | +950원 → 384,850원
H2282 | bet   1,000원 BANKER | P:9♦ Q♣=9  B:Q♣ 4♠=4  PLAYER(L)  | -1,000원 → 383,850원  [start]
H2283 | bet   2,000원 PLAYER | P:J♠ 5♣ 2♣=7  B:7♦ 8♣=5  PLAYER(W)  | +2,000원 → 385,850원  [end_win]
H2284 | bet   1,000원 BANKER | P:10♠ 9♠=9  B:K♥ 2♣=2  PLAYER(L)  | -1,000원 → 384,850원  [start]
H2285 | bet   2,000원 PLAYER | P:3♦ K♣=3  B:8♠ 10♠=8  BANKER(L)  | -2,000원 → 382,850원
H2286 | bet   4,000원 PLAYER | P:9♦ 2♦ J♠=1  B:A♥ 6♥=7  BANKER(L)  | -4,000원 → 378,850원
H2287 | bet   8,000원 PLAYER | P:2♥ 4♠=6  B:A♠ J♦ Q♦=1  PLAYER(W)  | +8,000원 → 386,850원  [end_win]
H2288 | bet   1,000원 BANKER | P:3♥ 5♣=8  B:J♠ 7♥=7  PLAYER(L)  | -1,000원 → 385,850원  [start]
H2289 | bet   2,000원 PLAYER | P:5♦ 4♠=9  B:K♠ K♣=0  PLAYER(W)  | +2,000원 → 387,850원  [end_win]
H2290 | bet   1,000원 BANKER | P:K♦ 8♦=8  B:8♠ 8♠=6  PLAYER(L)  | -1,000원 → 386,850원  [start]
H2291 | bet   2,000원 PLAYER | P:Q♣ 4♥ 7♥=1  B:5♥ 7♠ 7♣=9  BANKER(L)  | -2,000원 → 384,850원
H2292 | bet   4,000원 PLAYER | P:9♥ K♦=9  B:8♣ 3♥=1  PLAYER(W)  | +4,000원 → 388,850원  [end_win]
H2293 | bet   1,000원 BANKER | P:6♠ 2♦=8  B:7♣ K♦=7  PLAYER(L)  | -1,000원 → 387,850원  [start]
H2294 | bet   2,000원 PLAYER | P:A♥ A♣ 9♥=1  B:A♦ 10♦ K♥=1  TIE(T)  |     0원 → 387,850원
H2295 | bet   2,000원 PLAYER | P:8♥ Q♣=8  B:Q♦ 3♣=3  PLAYER(W)  | +2,000원 → 389,850원  [end_win]
H2296 | bet   1,000원 BANKER | P:2♠ 4♠=6  B:9♠ A♦ 9♦=9  BANKER(W)  | +950원 → 390,800원
H2297 | bet   1,000원 BANKER | P:Q♦ 9♠=9  B:8♦ 3♥=1  PLAYER(L)  | -1,000원 → 389,800원  [start]
H2298 | bet   2,000원 PLAYER | P:8♦ 3♠ 4♣=5  B:K♦ 3♦ 6♠=9  BANKER(L)  | -2,000원 → 387,800원
H2299 | bet   4,000원 PLAYER | P:Q♥ Q♣ 3♦=3  B:Q♥ 5♣=5  BANKER(L)  | -4,000원 → 383,800원
H2300 | bet   8,000원 PLAYER | P:A♥ 2♣ 3♠=6  B:J♠ Q♥ A♦=1  PLAYER(W)  | +8,000원 → 391,800원  [end_win]
H2301 | bet   1,000원 BANKER | P:J♥ Q♠ J♣=0  B:6♠ 6♣ 3♦=5  BANKER(W)  | +950원 → 392,750원
H2302 | bet   1,000원 BANKER | P:7♣ Q♠=7  B:A♦ 6♣=7  TIE(T)  |     0원 → 392,750원
H2303 | bet   1,000원 BANKER | P:2♣ 5♥=7  B:2♠ 3♦ A♦=6  PLAYER(L)  | -1,000원 → 391,750원  [start]
H2304 | bet   2,000원 PLAYER | P:2♥ J♠=2  B:3♦ 5♠=8  BANKER(L)  | -2,000원 → 389,750원
H2305 | bet   4,000원 PLAYER | P:K♥ 10♦ Q♣=0  B:A♦ 4♦=5  BANKER(L)  | -4,000원 → 385,750원
H2306 | bet   8,000원 PLAYER | P:K♥ Q♦ 7♠=7  B:2♥ J♥ 3♣=5  PLAYER(W)  | +8,000원 → 393,750원  [end_win]
H2307 | bet   1,000원 BANKER | P:4♣ A♠ 7♠=2  B:K♣ 4♠ 10♠=4  BANKER(W)  | +950원 → 394,700원
H2308 | bet   1,000원 BANKER | P:7♥ K♥=7  B:7♦ K♦=7  TIE(T)  |     0원 → 394,700원
H2309 | bet   1,000원 BANKER | P:K♣ 9♥=9  B:J♣ 9♠=9  TIE(T)  |     0원 → 394,700원
H2310 | bet   1,000원 BANKER | P:K♦ 2♠ 8♥=0  B:9♣ 6♦=5  BANKER(W)  | +950원 → 395,650원
H2311 | bet   1,000원 BANKER | P:J♠ J♦ A♠=1  B:7♥ K♠=7  BANKER(W)  | +950원 → 396,600원
H2312 | bet   1,000원 BANKER | P:5♥ 9♣ 7♠=1  B:8♥ 8♥ 9♥=5  BANKER(W)  | +950원 → 397,550원
H2313 | bet   1,000원 BANKER | P:8♣ J♣=8  B:8♠ 2♦=0  PLAYER(L)  | -1,000원 → 396,550원  [start]
H2314 | bet   2,000원 PLAYER | P:8♦ 6♣=4  B:2♣ 7♥=9  BANKER(L)  | -2,000원 → 394,550원
H2315 | bet   4,000원 PLAYER | P:Q♥ 7♣=7  B:9♣ 5♣ 3♠=7  TIE(T)  |     0원 → 394,550원
H2316 | bet   4,000원 PLAYER | P:3♦ 3♥=6  B:7♣ 9♣=6  TIE(T)  |     0원 → 394,550원
H2317 | bet   4,000원 PLAYER | P:2♠ K♣ 2♣=4  B:Q♦ Q♠ 10♣=0  PLAYER(W)  | +4,000원 → 398,550원  [end_win]
H2318 | bet   1,000원 BANKER | P:K♥ 10♥ K♠=0  B:4♣ 2♥=6  BANKER(W)  | +950원 → 399,500원
H2319 | bet   1,000원 BANKER | P:4♥ Q♠ K♣=4  B:9♣ 5♠=4  TIE(T)  |     0원 → 399,500원
H2320 | bet   1,000원 BANKER | P:J♦ A♠ 8♠=9  B:A♥ 3♣=4  PLAYER(L)  | -1,000원 → 398,500원  [start]
H2321 | bet   2,000원 PLAYER | P:Q♥ Q♣ 9♦=9  B:6♥ J♠=6  PLAYER(W)  | +2,000원 → 400,500원  [end_win]
H2322 | bet   1,000원 BANKER | P:9♠ 10♦=9  B:3♠ J♠=3  PLAYER(L)  | -1,000원 → 399,500원  [start]
H2323 | bet   2,000원 PLAYER | P:9♠ 6♠ 10♣=5  B:5♣ 2♥=7  BANKER(L)  | -2,000원 → 397,500원
H2324 | bet   4,000원 PLAYER | P:7♠ 6♥=3  B:4♣ 5♠=9  BANKER(L)  | -4,000원 → 393,500원
H2325 | bet   8,000원 PLAYER | P:5♥ Q♥ Q♦=5  B:10♥ K♠ 5♠=5  TIE(T)  |     0원 → 393,500원
H2326 | bet   8,000원 PLAYER | P:10♠ A♠=1  B:4♦ 4♣=8  BANKER(L)  | -8,000원 → 385,500원
H2327 | bet  16,000원 PLAYER | P:4♥ A♦ 4♦=9  B:10♦ Q♠ A♣=1  PLAYER(W)  | +16,000원 → 401,500원  [end_win]
H2328 | bet   1,000원 BANKER | P:3♥ 8♠=1  B:J♥ 8♠=8  BANKER(W)  | +950원 → 402,450원
H2329 | bet   1,000원 BANKER | P:7♣ 6♣ 7♦=0  B:10♠ J♣ 5♠=5  BANKER(W)  | +950원 → 403,400원
H2330 | bet   1,000원 BANKER | P:8♣ 5♣=3  B:9♣ Q♥=9  BANKER(W)  | +950원 → 404,350원
H2331 | bet   1,000원 BANKER | P:10♦ 10♣ J♠=0  B:A♣ K♦ 5♦=6  BANKER(W)  | +950원 → 405,300원
H2332 | bet   1,000원 BANKER | P:3♥ 6♦=9  B:J♥ 7♠=7  PLAYER(L)  | -1,000원 → 404,300원  [start]
H2333 | bet   2,000원 PLAYER | P:J♣ 10♣ 10♥=0  B:7♥ J♥=7  BANKER(L)  | -2,000원 → 402,300원
H2334 | bet   4,000원 PLAYER | P:8♥ 3♦ 4♥=5  B:2♣ A♣ 8♣=1  PLAYER(W)  | +4,000원 → 406,300원  [end_win]
H2335 | bet   1,000원 BANKER | P:9♠ 10♣=9  B:6♥ 10♦=6  PLAYER(L)  | -1,000원 → 405,300원  [start]
H2336 | bet   2,000원 PLAYER | P:A♥ 4♣ 4♠=9  B:J♥ A♠ J♦=1  PLAYER(W)  | +2,000원 → 407,300원  [end_win]
H2337 | bet   1,000원 BANKER | P:A♣ 7♣=8  B:8♦ 7♦=5  PLAYER(L)  | -1,000원 → 406,300원  [start]
H2338 | bet   2,000원 PLAYER | P:9♦ 9♠=8  B:A♥ Q♠=1  PLAYER(W)  | +2,000원 → 408,300원  [end_win]
H2339 | bet   1,000원 BANKER | P:3♣ 9♠=2  B:6♥ 2♣=8  BANKER(W)  | +950원 → 409,250원
H2340 | bet   1,000원 BANKER | P:6♦ J♦=6  B:K♦ 9♦=9  BANKER(W)  | +950원 → 410,200원
H2341 | bet   1,000원 BANKER | P:8♠ 7♠=5  B:6♦ 2♣=8  BANKER(W)  | +950원 → 411,150원
H2342 | bet   1,000원 BANKER | P:Q♠ 4♥=4  B:6♠ 3♠=9  BANKER(W)  | +950원 → 412,100원
H2343 | bet   1,000원 BANKER | P:3♣ 10♠ Q♠=3  B:2♦ 4♠=6  BANKER(W)  | +950원 → 413,050원
H2344 | bet   1,000원 BANKER | P:J♥ A♠ 3♣=4  B:7♦ 6♠ K♥=3  PLAYER(L)  | -1,000원 → 412,050원  [start]
H2345 | bet   2,000원 PLAYER | P:10♠ 9♥=9  B:9♦ A♣=0  PLAYER(W)  | +2,000원 → 414,050원  [end_win]
H2346 | bet   1,000원 BANKER | P:6♥ 2♦=8  B:9♦ K♠=9  BANKER(W)  | +950원 → 415,000원
H2347 | bet   1,000원 BANKER | P:9♦ 3♦=2  B:9♠ 10♥=9  BANKER(W)  | +950원 → 415,950원
H2348 | bet   1,000원 BANKER | P:6♠ Q♣=6  B:9♥ J♣=9  BANKER(W)  | +950원 → 416,900원
H2349 | bet   1,000원 BANKER | P:4♠ 5♣=9  B:2♥ 8♥=0  PLAYER(L)  | -1,000원 → 415,900원  [start]
H2350 | bet   2,000원 PLAYER | P:2♣ K♠ J♦=2  B:Q♣ 5♥=5  BANKER(L)  | -2,000원 → 413,900원
H2351 | bet   4,000원 PLAYER | P:A♥ 5♣=6  B:Q♥ 5♣ K♥=5  PLAYER(W)  | +4,000원 → 417,900원  [end_win]
H2352 | bet   1,000원 BANKER | P:7♠ 2♦=9  B:5♥ 7♦=2  PLAYER(L)  | -1,000원 → 416,900원  [start]
H2353 | bet   2,000원 PLAYER | P:J♣ 8♣=8  B:3♠ A♠=4  PLAYER(W)  | +2,000원 → 418,900원  [end_win]
H2354 | bet   1,000원 BANKER | P:4♣ 4♦=8  B:K♣ 2♥=2  PLAYER(L)  | -1,000원 → 417,900원  [start]
H2355 | bet   2,000원 PLAYER | P:K♦ K♣ 8♣=8  B:6♣ 8♦=4  PLAYER(W)  | +2,000원 → 419,900원  [end_win]
H2356 | bet   1,000원 BANKER | P:3♠ A♥ 8♠=2  B:2♥ K♦ 2♦=4  BANKER(W)  | +950원 → 420,850원
H2357 | bet   1,000원 BANKER | P:J♦ 5♦ 7♦=2  B:6♣ K♠ 9♥=5  BANKER(W)  | +950원 → 421,800원
H2358 | bet   1,000원 BANKER | P:9♣ Q♦=9  B:8♠ 6♣=4  PLAYER(L)  | -1,000원 → 420,800원  [start]
H2359 | bet   2,000원 PLAYER | P:10♥ J♣ 2♠=2  B:10♥ K♠ 10♦=0  PLAYER(W)  | +2,000원 → 422,800원  [end_win]
H2360 | bet   1,000원 BANKER | P:4♠ Q♣ 6♠=0  B:10♠ 4♣ 3♠=7  BANKER(W)  | +950원 → 423,750원
H2361 | bet   1,000원 BANKER | P:10♥ 8♠=8  B:10♦ 7♥=7  PLAYER(L)  | -1,000원 → 422,750원  [start]
H2362 | bet   2,000원 PLAYER | P:2♠ 2♠=4  B:K♥ 9♥=9  BANKER(L)  | -2,000원 → 420,750원
H2363 | bet   4,000원 PLAYER | P:2♥ K♣ 5♦=7  B:5♠ 6♠ 10♣=1  PLAYER(W)  | +4,000원 → 424,750원  [end_win]
H2364 | bet   1,000원 BANKER | P:A♥ 7♥=8  B:3♥ 2♠=5  PLAYER(L)  | -1,000원 → 423,750원  [start]
H2365 | bet   2,000원 PLAYER | P:8♦ 10♦=8  B:7♣ A♥=8  TIE(T)  |     0원 → 423,750원
H2366 | bet   2,000원 PLAYER | P:3♦ 8♦=1  B:8♣ A♣=9  BANKER(L)  | -2,000원 → 421,750원
H2367 | bet   4,000원 PLAYER | P:5♦ J♣ 3♦=8  B:Q♣ 3♠ 4♠=7  PLAYER(W)  | +4,000원 → 425,750원  [end_win]
H2368 | bet   1,000원 BANKER | P:2♦ 2♣ 9♦=3  B:3♣ 4♥=7  BANKER(W)  | +950원 → 426,700원
H2369 | bet   1,000원 BANKER | P:4♦ 8♦ J♠=2  B:10♣ K♣ A♦=1  PLAYER(L)  | -1,000원 → 425,700원  [start]
H2370 | bet   2,000원 PLAYER | P:J♠ Q♣=0  B:4♥ 4♥=8  BANKER(L)  | -2,000원 → 423,700원
H2371 | bet   4,000원 PLAYER | P:8♣ 5♦ 7♣=0  B:10♠ 6♠ 6♦=2  BANKER(L)  | -4,000원 → 419,700원
H2372 | bet   8,000원 PLAYER | P:7♥ 6♥ J♥=3  B:3♣ A♦=4  BANKER(L)  | -8,000원 → 411,700원
H2373 | bet  16,000원 PLAYER | P:5♥ 4♥=9  B:4♣ 7♦=1  PLAYER(W)  | +16,000원 → 427,700원  [end_win]
H2374 | bet   1,000원 BANKER | P:7♠ 6♥=3  B:K♦ 9♠=9  BANKER(W)  | +950원 → 428,650원
H2375 | bet   1,000원 BANKER | P:Q♥ J♦ 4♠=4  B:5♦ 6♣ 2♦=3  PLAYER(L)  | -1,000원 → 427,650원  [start]
H2376 | bet   2,000원 PLAYER | P:Q♦ A♣ 5♥=6  B:A♥ 6♦=7  BANKER(L)  | -2,000원 → 425,650원
H2377 | bet   4,000원 PLAYER | P:5♠ 8♥ A♣=4  B:5♦ 9♦=4  TIE(T)  |     0원 → 425,650원
H2378 | bet   4,000원 PLAYER | P:2♠ 5♦=7  B:8♦ 4♦ 6♦=8  BANKER(L)  | -4,000원 → 421,650원
H2379 | bet   8,000원 PLAYER | P:6♦ 3♠=9  B:3♥ 3♥=6  PLAYER(W)  | +8,000원 → 429,650원  [end_win]
H2380 | bet   1,000원 BANKER | P:9♥ 10♥=9  B:J♦ 3♦=3  PLAYER(L)  | -1,000원 → 428,650원  [start]
H2381 | bet   2,000원 PLAYER | P:7♦ 7♣=4  B:4♠ 4♦=8  BANKER(L)  | -2,000원 → 426,650원
H2382 | bet   4,000원 PLAYER | P:K♠ 9♥=9  B:3♥ 5♠=8  PLAYER(W)  | +4,000원 → 430,650원  [end_win]
H2383 | bet   1,000원 BANKER | P:6♠ Q♦=6  B:Q♣ Q♥ 9♣=9  BANKER(W)  | +950원 → 431,600원
H2384 | bet   1,000원 BANKER | P:Q♠ 8♥=8  B:5♣ Q♦=5  PLAYER(L)  | -1,000원 → 430,600원  [start]
H2385 | bet   2,000원 PLAYER | P:A♦ K♥ 10♠=1  B:7♥ 3♥ 5♣=5  BANKER(L)  | -2,000원 → 428,600원
H2386 | bet   4,000원 PLAYER | P:5♥ 10♣ Q♦=5  B:2♦ 8♥ Q♥=0  PLAYER(W)  | +4,000원 → 432,600원  [end_win]
H2387 | bet   1,000원 BANKER | P:4♣ 9♠ 3♦=6  B:2♣ 9♦ 10♠=1  PLAYER(L)  | -1,000원 → 431,600원  [start]
H2388 | bet   2,000원 PLAYER | P:Q♥ 5♦ K♠=5  B:Q♣ 6♦=6  BANKER(L)  | -2,000원 → 429,600원
H2389 | bet   4,000원 PLAYER | P:6♠ 5♥ 9♣=0  B:3♣ 4♦=7  BANKER(L)  | -4,000원 → 425,600원
H2390 | bet   8,000원 PLAYER | P:K♦ 10♦ K♠=0  B:2♦ A♥ 9♠=2  BANKER(L)  | -8,000원 → 417,600원
H2391 | bet  16,000원 PLAYER | P:2♣ 5♥=7  B:8♦ 5♥ A♦=4  PLAYER(W)  | +16,000원 → 433,600원  [end_win]
H2392 | bet   1,000원 BANKER | P:7♦ 9♦=6  B:4♣ 2♥=6  TIE(T)  |     0원 → 433,600원
H2393 | bet   1,000원 BANKER | P:6♣ 8♠ Q♠=4  B:7♦ Q♣=7  BANKER(W)  | +950원 → 434,550원
H2394 | bet   1,000원 BANKER | P:7♠ 4♥=1  B:J♥ 8♠=8  BANKER(W)  | +950원 → 435,500원
H2395 | bet   1,000원 BANKER | P:9♦ 8♣=7  B:7♦ 4♦ 4♣=5  PLAYER(L)  | -1,000원 → 434,500원  [start]
H2396 | bet   2,000원 PLAYER | P:2♠ 3♥ Q♥=5  B:8♦ 7♦=5  TIE(T)  |     0원 → 434,500원
H2397 | bet   2,000원 PLAYER | P:2♠ 4♣=6  B:A♣ 3♦ J♦=4  PLAYER(W)  | +2,000원 → 436,500원  [end_win]
H2398 | bet   1,000원 BANKER | P:4♦ 3♣=7  B:A♠ 7♣=8  BANKER(W)  | +950원 → 437,450원
H2399 | bet   1,000원 BANKER | P:3♠ A♠ 7♣=1  B:10♠ 6♠ 4♣=0  PLAYER(L)  | -1,000원 → 436,450원  [start]
H2400 | bet   2,000원 PLAYER | P:5♣ K♥=5  B:5♦ 3♥=8  BANKER(L)  | -2,000원 → 434,450원
H2401 | bet   4,000원 PLAYER | P:5♣ 7♣ K♦=2  B:10♣ 7♥=7  BANKER(L)  | -4,000원 → 430,450원
H2402 | bet   8,000원 PLAYER | P:6♥ Q♥=6  B:3♠ 4♠=7  BANKER(L)  | -8,000원 → 422,450원
H2403 | bet  16,000원 PLAYER | P:3♣ 4♥=7  B:K♥ 8♥=8  BANKER(L)  | -16,000원 → 406,450원  [end_giveup]
H2404 | bet   1,000원 BANKER | P:4♦ 5♠=9  B:K♠ 9♥=9  TIE(T)  |     0원 → 406,450원
H2405 | bet   1,000원 BANKER | P:5♠ J♠ Q♠=5  B:2♣ 3♣=5  TIE(T)  |     0원 → 406,450원
H2406 | bet   1,000원 BANKER | P:10♥ 5♦=5  B:K♣ 9♣=9  BANKER(W)  | +950원 → 407,400원
H2407 | bet   1,000원 BANKER | P:8♥ J♠=8  B:Q♣ J♦=0  PLAYER(L)  | -1,000원 → 406,400원  [start]
H2408 | bet   2,000원 PLAYER | P:2♥ 8♠ 9♦=9  B:6♦ 8♥=4  PLAYER(W)  | +2,000원 → 408,400원  [end_win]
H2409 | bet   1,000원 BANKER | P:8♦ 6♣ 7♣=1  B:9♣ A♦ J♥=0  PLAYER(L)  | -1,000원 → 407,400원  [start]
H2410 | bet   2,000원 PLAYER | P:J♣ Q♠=0  B:2♣ 6♠=8  BANKER(L)  | -2,000원 → 405,400원
H2411 | bet   4,000원 PLAYER | P:3♥ 3♠=6  B:3♥ 2♦ K♥=5  PLAYER(W)  | +4,000원 → 409,400원  [end_win]
H2412 | bet   1,000원 BANKER | P:K♠ 9♠=9  B:A♠ 4♣=5  PLAYER(L)  | -1,000원 → 408,400원  [start]
H2413 | bet   2,000원 PLAYER | P:A♠ J♠ Q♦=1  B:2♦ 10♦ 6♥=8  BANKER(L)  | -2,000원 → 406,400원
H2414 | bet   4,000원 PLAYER | P:A♥ 6♥=7  B:3♦ J♦ 3♠=6  PLAYER(W)  | +4,000원 → 410,400원  [end_win]
H2415 | bet   1,000원 BANKER | P:A♣ 7♠=8  B:2♥ Q♠=2  PLAYER(L)  | -1,000원 → 409,400원  [start]
H2416 | bet   2,000원 PLAYER | P:9♥ 2♣ A♥=2  B:4♥ 7♦ 8♥=9  BANKER(L)  | -2,000원 → 407,400원
H2417 | bet   4,000원 PLAYER | P:Q♥ 10♦ 5♣=5  B:J♣ 4♥ A♥=5  TIE(T)  |     0원 → 407,400원
H2418 | bet   4,000원 PLAYER | P:Q♦ K♥ Q♦=0  B:A♣ 4♦=5  BANKER(L)  | -4,000원 → 403,400원
H2419 | bet   8,000원 PLAYER | P:6♦ 3♦=9  B:8♣ J♦=8  PLAYER(W)  | +8,000원 → 411,400원  [end_win]
H2420 | bet   1,000원 BANKER | P:10♦ 2♥ 10♣=2  B:2♥ 9♣ 10♦=1  PLAYER(L)  | -1,000원 → 410,400원  [start]
H2421 | bet   2,000원 PLAYER | P:3♦ 5♦=8  B:5♥ 2♥=7  PLAYER(W)  | +2,000원 → 412,400원  [end_win]
H2422 | bet   1,000원 BANKER | P:8♠ 6♥ A♣=5  B:K♥ Q♥ 7♥=7  BANKER(W)  | +950원 → 413,350원
H2423 | bet   1,000원 BANKER | P:J♦ 4♦ A♣=5  B:A♠ 10♦ 4♠=5  TIE(T)  |     0원 → 413,350원
H2424 | bet   1,000원 BANKER | P:K♥ 8♠=8  B:Q♣ 5♣=5  PLAYER(L)  | -1,000원 → 412,350원  [start]
H2425 | bet   2,000원 PLAYER | P:5♠ 10♥=5  B:9♦ 9♥=8  BANKER(L)  | -2,000원 → 410,350원
H2426 | bet   4,000원 PLAYER | P:10♥ 8♥=8  B:K♦ 5♣=5  PLAYER(W)  | +4,000원 → 414,350원  [end_win]
H2427 | bet   1,000원 BANKER | P:6♠ 9♠ J♥=5  B:6♥ 8♠=4  PLAYER(L)  | -1,000원 → 413,350원  [start]
H2428 | bet   2,000원 PLAYER | P:5♣ A♠=6  B:8♦ 8♠=6  TIE(T)  |     0원 → 413,350원
H2429 | bet   2,000원 PLAYER | P:7♣ 8♣=5  B:6♦ 3♥=9  BANKER(L)  | -2,000원 → 411,350원
H2430 | bet   4,000원 PLAYER | P:10♣ 8♣=8  B:5♦ 2♦=7  PLAYER(W)  | +4,000원 → 415,350원  [end_win]
H2431 | bet   1,000원 BANKER | P:5♣ 4♦=9  B:9♠ 7♠=6  PLAYER(L)  | -1,000원 → 414,350원  [start]
H2432 | bet   2,000원 PLAYER | P:4♠ 10♥ K♦=4  B:3♥ 2♦=5  BANKER(L)  | -2,000원 → 412,350원
H2433 | bet   4,000원 PLAYER | P:A♦ 2♠ 4♠=7  B:A♣ 3♣ K♦=4  PLAYER(W)  | +4,000원 → 416,350원  [end_win]
H2434 | bet   1,000원 BANKER | P:5♠ 9♠ 2♦=6  B:6♠ 4♦ 9♦=9  BANKER(W)  | +950원 → 417,300원
H2435 | bet   1,000원 BANKER | P:9♥ Q♦=9  B:8♣ 3♠=1  PLAYER(L)  | -1,000원 → 416,300원  [start]
H2436 | bet   2,000원 PLAYER | P:9♣ 7♠=6  B:4♠ J♣ 5♠=9  BANKER(L)  | -2,000원 → 414,300원
H2437 | bet   4,000원 PLAYER | P:8♦ 7♠ 2♠=7  B:Q♥ Q♥ 3♠=3  PLAYER(W)  | +4,000원 → 418,300원  [end_win]
H2438 | bet   1,000원 BANKER | P:A♦ K♠ J♠=1  B:9♣ 6♣=5  BANKER(W)  | +950원 → 419,250원
H2439 | bet   1,000원 BANKER | P:5♥ 9♠ 2♠=6  B:Q♠ 6♠=6  TIE(T)  |     0원 → 419,250원
H2440 | bet   1,000원 BANKER | P:K♦ 3♦ Q♠=3  B:9♥ 2♠ K♠=1  PLAYER(L)  | -1,000원 → 418,250원  [start]
H2441 | bet   2,000원 PLAYER | P:3♥ Q♠ 3♠=6  B:9♠ 3♣ J♠=2  PLAYER(W)  | +2,000원 → 420,250원  [end_win]
H2442 | bet   1,000원 BANKER | P:10♥ 5♥=5  B:7♦ 2♣=9  BANKER(W)  | +950원 → 421,200원
H2443 | bet   1,000원 BANKER | P:5♥ 7♥ 8♥=0  B:10♠ 6♦=6  BANKER(W)  | +950원 → 422,150원
H2444 | bet   1,000원 BANKER | P:10♦ Q♣ 4♥=4  B:6♣ 6♠ 6♣=8  BANKER(W)  | +950원 → 423,100원
H2445 | bet   1,000원 BANKER | P:7♠ 4♠ 9♥=0  B:7♥ K♣=7  BANKER(W)  | +950원 → 424,050원
H2446 | bet   1,000원 BANKER | P:6♠ Q♦=6  B:J♠ A♣ 7♥=8  BANKER(W)  | +950원 → 425,000원
H2447 | bet   1,000원 BANKER | P:A♦ Q♦ Q♥=1  B:Q♦ 7♦=7  BANKER(W)  | +950원 → 425,950원
H2448 | bet   1,000원 BANKER | P:K♠ 4♥ 10♥=4  B:9♦ 4♠ A♥=4  TIE(T)  |     0원 → 425,950원
H2449 | bet   1,000원 BANKER | P:Q♣ 10♠ 6♥=6  B:K♦ 4♥ K♣=4  PLAYER(L)  | -1,000원 → 424,950원  [start]
H2450 | bet   2,000원 PLAYER | P:Q♦ 4♥ 10♣=4  B:7♠ 10♠=7  BANKER(L)  | -2,000원 → 422,950원
H2451 | bet   4,000원 PLAYER | P:7♥ 3♣=0  B:A♦ 7♣=8  BANKER(L)  | -4,000원 → 418,950원
H2452 | bet   8,000원 PLAYER | P:5♠ K♦=5  B:3♦ 5♥=8  BANKER(L)  | -8,000원 → 410,950원
H2453 | bet  16,000원 PLAYER | P:6♦ 4♣ A♠=1  B:J♥ 10♠ 5♣=5  BANKER(L)  | -16,000원 → 394,950원  [end_giveup]
H2454 | bet   1,000원 BANKER | P:10♣ 6♣=6  B:K♣ 3♥ 5♦=8  BANKER(W)  | +950원 → 395,900원
H2455 | bet   1,000원 BANKER | P:2♥ 8♥=0  B:J♥ 9♦=9  BANKER(W)  | +950원 → 396,850원
H2456 | bet   1,000원 BANKER | P:A♦ J♠ 2♠=3  B:J♣ Q♣ 4♣=4  BANKER(W)  | +950원 → 397,800원
H2457 | bet   1,000원 BANKER | P:8♦ 10♦=8  B:8♣ K♣=8  TIE(T)  |     0원 → 397,800원
H2458 | bet   1,000원 BANKER | P:6♣ J♠=6  B:10♣ 10♠ 5♦=5  PLAYER(L)  | -1,000원 → 396,800원  [start]
H2459 | bet   2,000원 PLAYER | P:K♠ A♥ A♥=2  B:J♥ J♣ J♣=0  PLAYER(W)  | +2,000원 → 398,800원  [end_win]
H2460 | bet   1,000원 BANKER | P:2♥ 7♠=9  B:Q♠ 8♣=8  PLAYER(L)  | -1,000원 → 397,800원  [start]
H2461 | bet   2,000원 PLAYER | P:K♣ J♥ 7♥=7  B:K♥ A♠ K♣=1  PLAYER(W)  | +2,000원 → 399,800원  [end_win]
H2462 | bet   1,000원 BANKER | P:2♣ 6♣=8  B:4♠ 10♣=4  PLAYER(L)  | -1,000원 → 398,800원  [start]
H2463 | bet   2,000원 PLAYER | P:J♦ J♣ 8♥=8  B:Q♣ 2♠ 8♣=0  PLAYER(W)  | +2,000원 → 400,800원  [end_win]
H2464 | bet   1,000원 BANKER | P:10♣ 3♦ 2♦=5  B:5♠ 2♣=7  BANKER(W)  | +950원 → 401,750원
H2465 | bet   1,000원 BANKER | P:10♥ 7♥=7  B:6♥ 10♥=6  PLAYER(L)  | -1,000원 → 400,750원  [start]
H2466 | bet   2,000원 PLAYER | P:9♥ 2♦ 5♦=6  B:J♥ J♣ K♥=0  PLAYER(W)  | +2,000원 → 402,750원  [end_win]
H2467 | bet   1,000원 BANKER | P:3♠ K♣ 8♦=1  B:5♠ J♦=5  BANKER(W)  | +950원 → 403,700원
H2468 | bet   1,000원 BANKER | P:8♠ A♦=9  B:10♠ J♦=0  PLAYER(L)  | -1,000원 → 402,700원  [start]
H2469 | bet   2,000원 PLAYER | P:K♦ 6♥=6  B:Q♦ 10♥ 4♦=4  PLAYER(W)  | +2,000원 → 404,700원  [end_win]
H2470 | bet   1,000원 BANKER | P:4♥ K♠=4  B:9♦ J♠=9  BANKER(W)  | +950원 → 405,650원
H2471 | bet   1,000원 BANKER | P:3♠ 6♥=9  B:5♣ Q♦=5  PLAYER(L)  | -1,000원 → 404,650원  [start]
H2472 | bet   2,000원 PLAYER | P:3♥ 5♥=8  B:J♠ 6♦=6  PLAYER(W)  | +2,000원 → 406,650원  [end_win]
H2473 | bet   1,000원 BANKER | P:6♦ 8♠ 4♣=8  B:5♥ 10♥ 3♦=8  TIE(T)  |     0원 → 406,650원
H2474 | bet   1,000원 BANKER | P:7♥ 5♣ 5♥=7  B:K♣ 10♠ 10♣=0  PLAYER(L)  | -1,000원 → 405,650원  [start]
H2475 | bet   2,000원 PLAYER | P:7♦ 9♦=6  B:K♠ Q♠ J♣=0  PLAYER(W)  | +2,000원 → 407,650원  [end_win]
H2476 | bet   1,000원 BANKER | P:4♦ 8♣ 5♥=7  B:10♦ A♦ Q♦=1  PLAYER(L)  | -1,000원 → 406,650원  [start]
H2477 | bet   2,000원 PLAYER | P:4♣ A♥ 4♥=9  B:3♣ K♠ 9♣=2  PLAYER(W)  | +2,000원 → 408,650원  [end_win]
H2478 | bet   1,000원 BANKER | P:A♠ 9♥ A♦=1  B:5♣ J♦=5  BANKER(W)  | +950원 → 409,600원
H2479 | bet   1,000원 BANKER | P:2♠ K♠ K♦=2  B:10♠ A♣ 10♦=1  PLAYER(L)  | -1,000원 → 408,600원  [start]
H2480 | bet   2,000원 PLAYER | P:9♥ Q♥=9  B:3♦ 3♣=6  PLAYER(W)  | +2,000원 → 410,600원  [end_win]
H2481 | bet   1,000원 BANKER | P:6♣ 6♣ Q♦=2  B:K♦ 6♦=6  BANKER(W)  | +950원 → 411,550원
H2482 | bet   1,000원 BANKER | P:8♥ 5♦ A♠=4  B:10♣ 6♠=6  BANKER(W)  | +950원 → 412,500원
H2483 | bet   1,000원 BANKER | P:4♠ 7♠ 2♣=3  B:Q♥ J♦ 7♦=7  BANKER(W)  | +950원 → 413,450원
H2484 | bet   1,000원 BANKER | P:Q♦ J♣ 9♥=9  B:5♦ 5♣ 9♥=9  TIE(T)  |     0원 → 413,450원
H2485 | bet   1,000원 BANKER | P:K♣ 5♠ J♥=5  B:4♠ 7♠ 2♠=3  PLAYER(L)  | -1,000원 → 412,450원  [start]
H2486 | bet   2,000원 PLAYER | P:9♦ Q♣=9  B:J♥ 5♦=5  PLAYER(W)  | +2,000원 → 414,450원  [end_win]
H2487 | bet   1,000원 BANKER | P:2♣ 8♠ 8♣=8  B:9♠ 2♥ 5♦=6  PLAYER(L)  | -1,000원 → 413,450원  [start]
H2488 | bet   2,000원 PLAYER | P:2♥ K♣ K♠=2  B:8♠ 2♣ A♣=1  PLAYER(W)  | +2,000원 → 415,450원  [end_win]
H2489 | bet   1,000원 BANKER | P:Q♣ 8♣=8  B:2♠ 6♣=8  TIE(T)  |     0원 → 415,450원
H2490 | bet   1,000원 BANKER | P:2♠ 4♠=6  B:K♠ K♦ J♠=0  PLAYER(L)  | -1,000원 → 414,450원  [start]
H2491 | bet   2,000원 PLAYER | P:2♠ 4♣=6  B:4♣ 5♣=9  BANKER(L)  | -2,000원 → 412,450원
H2492 | bet   4,000원 PLAYER | P:6♣ 3♣=9  B:7♣ 2♣=9  TIE(T)  |     0원 → 412,450원
H2493 | bet   4,000원 PLAYER | P:3♦ 5♠=8  B:K♥ 6♣=6  PLAYER(W)  | +4,000원 → 416,450원  [end_win]
H2494 | bet   1,000원 BANKER | P:6♠ J♣=6  B:9♥ J♠=9  BANKER(W)  | +950원 → 417,400원
H2495 | bet   1,000원 BANKER | P:Q♣ A♦ 8♥=9  B:Q♥ 3♦=3  PLAYER(L)  | -1,000원 → 416,400원  [start]
H2496 | bet   2,000원 PLAYER | P:8♦ Q♠=8  B:9♦ Q♦=9  BANKER(L)  | -2,000원 → 414,400원
H2497 | bet   4,000원 PLAYER | P:9♣ J♥=9  B:2♠ 2♦=4  PLAYER(W)  | +4,000원 → 418,400원  [end_win]
H2498 | bet   1,000원 BANKER | P:J♠ 10♥=0  B:A♦ 8♥=9  BANKER(W)  | +950원 → 419,350원
H2499 | bet   1,000원 BANKER | P:Q♠ J♥ 5♦=5  B:3♥ J♠ 3♥=6  BANKER(W)  | +950원 → 420,300원
H2500 | bet   1,000원 BANKER | P:3♠ 6♥=9  B:9♠ 8♠=7  PLAYER(L)  | -1,000원 → 419,300원  [start]
H2501 | bet   2,000원 PLAYER | P:3♠ 5♠=8  B:7♠ A♠=8  TIE(T)  |     0원 → 419,300원
H2502 | bet   2,000원 PLAYER | P:7♥ A♠=8  B:K♥ 7♣=7  PLAYER(W)  | +2,000원 → 421,300원  [end_win]
H2503 | bet   1,000원 BANKER | P:10♦ K♥=0  B:J♦ 8♠=8  BANKER(W)  | +950원 → 422,250원
H2504 | bet   1,000원 BANKER | P:4♣ 2♥=6  B:A♥ 4♠ Q♥=5  PLAYER(L)  | -1,000원 → 421,250원  [start]
H2505 | bet   2,000원 PLAYER | P:J♣ 9♠=9  B:8♣ A♠=9  TIE(T)  |     0원 → 421,250원
H2506 | bet   2,000원 PLAYER | P:10♦ 2♣ 9♠=1  B:3♠ 3♠=6  BANKER(L)  | -2,000원 → 419,250원
H2507 | bet   4,000원 PLAYER | P:3♠ 6♣=9  B:2♥ 9♠=1  PLAYER(W)  | +4,000원 → 423,250원  [end_win]
H2508 | bet   1,000원 BANKER | P:Q♣ 5♠ 10♥=5  B:8♠ 5♠ 8♦=1  PLAYER(L)  | -1,000원 → 422,250원  [start]
H2509 | bet   2,000원 PLAYER | P:5♣ Q♣ A♥=6  B:8♦ 7♠=5  PLAYER(W)  | +2,000원 → 424,250원  [end_win]
H2510 | bet   1,000원 BANKER | P:Q♠ A♥ K♠=1  B:7♠ 9♠=6  BANKER(W)  | +950원 → 425,200원
H2511 | bet   1,000원 BANKER | P:8♣ 3♠ 9♦=0  B:2♦ A♥ 4♣=7  BANKER(W)  | +950원 → 426,150원
H2512 | bet   1,000원 BANKER | P:J♥ J♦=0  B:10♦ 9♦=9  BANKER(W)  | +950원 → 427,100원
H2513 | bet   1,000원 BANKER | P:Q♦ 10♦ 2♦=2  B:J♣ 3♥ 10♣=3  BANKER(W)  | +950원 → 428,050원
H2514 | bet   1,000원 BANKER | P:A♣ 7♣=8  B:8♦ J♥=8  TIE(T)  |     0원 → 428,050원
H2515 | bet   1,000원 BANKER | P:6♣ K♣=6  B:K♥ 7♥=7  BANKER(W)  | +950원 → 429,000원
H2516 | bet   1,000원 BANKER | P:10♣ 10♦ 10♥=0  B:7♥ 8♠=5  BANKER(W)  | +950원 → 429,950원
H2517 | bet   1,000원 BANKER | P:2♥ 2♠ K♥=4  B:K♣ A♣ 2♥=3  PLAYER(L)  | -1,000원 → 428,950원  [start]
H2518 | bet   2,000원 PLAYER | P:J♣ K♣ 2♣=2  B:K♣ 10♣ K♦=0  PLAYER(W)  | +2,000원 → 430,950원  [end_win]
H2519 | bet   1,000원 BANKER | P:9♥ 8♦=7  B:3♣ 6♠=9  BANKER(W)  | +950원 → 431,900원
H2520 | bet   1,000원 BANKER | P:J♠ 4♥ 2♥=6  B:4♦ 7♣ J♣=1  PLAYER(L)  | -1,000원 → 430,900원  [start]
H2521 | bet   2,000원 PLAYER | P:4♥ 3♣=7  B:8♦ A♠=9  BANKER(L)  | -2,000원 → 428,900원
H2522 | bet   4,000원 PLAYER | P:9♣ 7♠=6  B:A♥ 5♥=6  TIE(T)  |     0원 → 428,900원
H2523 | bet   4,000원 PLAYER | P:5♠ 10♠=5  B:Q♥ 8♥=8  BANKER(L)  | -4,000원 → 424,900원
H2524 | bet   8,000원 PLAYER | P:10♥ 4♣ 4♥=8  B:2♦ 9♦ 4♠=5  PLAYER(W)  | +8,000원 → 432,900원  [end_win]
H2525 | bet   1,000원 BANKER | P:4♠ Q♥ 10♥=4  B:K♦ 4♠=4  TIE(T)  |     0원 → 432,900원
H2526 | bet   1,000원 BANKER | P:3♥ 6♥=9  B:7♣ A♠=8  PLAYER(L)  | -1,000원 → 431,900원  [start]
H2527 | bet   2,000원 PLAYER | P:10♠ 7♦=7  B:4♠ A♦ 2♥=7  TIE(T)  |     0원 → 431,900원
H2528 | bet   2,000원 PLAYER | P:A♣ 2♠ K♥=3  B:A♠ J♦ 6♣=7  BANKER(L)  | -2,000원 → 429,900원
H2529 | bet   4,000원 PLAYER | P:4♦ 10♠ 6♦=0  B:K♦ 6♥ 6♥=2  BANKER(L)  | -4,000원 → 425,900원
H2530 | bet   8,000원 PLAYER | P:6♠ 3♠=9  B:6♠ 7♥=3  PLAYER(W)  | +8,000원 → 433,900원  [end_win]
H2531 | bet   1,000원 BANKER | P:5♣ 7♣=2  B:J♦ 9♥=9  BANKER(W)  | +950원 → 434,850원
H2532 | bet   1,000원 BANKER | P:K♣ 3♦ 7♣=0  B:7♦ 6♦ 3♣=6  BANKER(W)  | +950원 → 435,800원
H2533 | bet   1,000원 BANKER | P:6♦ 10♥=6  B:Q♣ Q♥ 7♦=7  BANKER(W)  | +950원 → 436,750원
H2534 | bet   1,000원 BANKER | P:5♠ 5♣ 9♥=9  B:K♠ K♥ 8♥=8  PLAYER(L)  | -1,000원 → 435,750원  [start]
H2535 | bet   2,000원 PLAYER | P:6♠ 10♠=6  B:8♥ 2♣ 6♦=6  TIE(T)  |     0원 → 435,750원
H2536 | bet   2,000원 PLAYER | P:4♥ 8♣ 8♥=0  B:7♦ 9♣=6  BANKER(L)  | -2,000원 → 433,750원
H2537 | bet   4,000원 PLAYER | P:4♦ 4♣=8  B:4♦ 3♦=7  PLAYER(W)  | +4,000원 → 437,750원  [end_win]
H2538 | bet   1,000원 BANKER | P:7♦ 4♦ J♠=1  B:5♦ 10♣=5  BANKER(W)  | +950원 → 438,700원
H2539 | bet   1,000원 BANKER | P:J♦ 2♦ 2♦=4  B:Q♥ A♣ 10♣=1  PLAYER(L)  | -1,000원 → 437,700원  [start]
H2540 | bet   2,000원 PLAYER | P:5♠ A♣=6  B:9♣ 3♥ 8♣=0  PLAYER(W)  | +2,000원 → 439,700원  [end_win]
H2541 | bet   1,000원 BANKER | P:3♥ 5♦=8  B:Q♣ 2♦=2  PLAYER(L)  | -1,000원 → 438,700원  [start]
H2542 | bet   2,000원 PLAYER | P:10♠ 8♣=8  B:10♦ Q♠=0  PLAYER(W)  | +2,000원 → 440,700원  [end_win]
H2543 | bet   1,000원 BANKER | P:7♥ 3♣ 6♠=6  B:4♥ 7♥ 7♦=8  BANKER(W)  | +950원 → 441,650원
H2544 | bet   1,000원 BANKER | P:5♥ 6♦ 9♠=0  B:6♥ 9♣=5  BANKER(W)  | +950원 → 442,600원
H2545 | bet   1,000원 BANKER | P:A♥ 8♦=9  B:A♦ 8♠=9  TIE(T)  |     0원 → 442,600원
H2546 | bet   1,000원 BANKER | P:7♠ 4♦ Q♠=1  B:6♠ 9♦=5  BANKER(W)  | +950원 → 443,550원
H2547 | bet   1,000원 BANKER | P:J♥ 9♣=9  B:Q♠ 9♠=9  TIE(T)  |     0원 → 443,550원
H2548 | bet   1,000원 BANKER | P:A♦ 2♦ 3♦=6  B:3♦ 3♥=6  TIE(T)  |     0원 → 443,550원
H2549 | bet   1,000원 BANKER | P:9♣ A♥ 5♥=5  B:7♣ 7♥ A♣=5  TIE(T)  |     0원 → 443,550원
H2550 | bet   1,000원 BANKER | P:Q♣ 8♦=8  B:2♣ Q♠=2  PLAYER(L)  | -1,000원 → 442,550원  [start]
H2551 | bet   2,000원 PLAYER | P:5♥ 8♥ 7♠=0  B:J♥ A♦ K♥=1  BANKER(L)  | -2,000원 → 440,550원
H2552 | bet   4,000원 PLAYER | P:9♥ 10♦=9  B:7♥ 7♥=4  PLAYER(W)  | +4,000원 → 444,550원  [end_win]
H2553 | bet   1,000원 BANKER | P:5♣ 6♥ A♠=2  B:7♦ K♥=7  BANKER(W)  | +950원 → 445,500원
H2554 | bet   1,000원 BANKER | P:3♣ 5♣=8  B:Q♦ Q♦=0  PLAYER(L)  | -1,000원 → 444,500원  [start]
H2555 | bet   2,000원 PLAYER | P:8♠ J♦=8  B:6♠ A♦=7  PLAYER(W)  | +2,000원 → 446,500원  [end_win]
H2556 | bet   1,000원 BANKER | P:2♦ 10♦ 10♣=2  B:6♣ A♥=7  BANKER(W)  | +950원 → 447,450원
H2557 | bet   1,000원 BANKER | P:3♦ J♠ A♥=4  B:7♥ 4♥ 8♣=9  BANKER(W)  | +950원 → 448,400원
H2558 | bet   1,000원 BANKER | P:10♥ 8♥=8  B:5♥ 8♠=3  PLAYER(L)  | -1,000원 → 447,400원  [start]
H2559 | bet   2,000원 PLAYER | P:3♣ K♥ K♠=3  B:2♠ 5♠=7  BANKER(L)  | -2,000원 → 445,400원
H2560 | bet   4,000원 PLAYER | P:K♥ K♦=0  B:2♣ 7♦=9  BANKER(L)  | -4,000원 → 441,400원
H2561 | bet   8,000원 PLAYER | P:2♥ 2♠=4  B:9♦ 9♦=8  BANKER(L)  | -8,000원 → 433,400원
H2562 | bet  16,000원 PLAYER | P:Q♦ 6♣=6  B:7♦ A♥=8  BANKER(L)  | -16,000원 → 417,400원  [end_giveup]
H2563 | bet   1,000원 BANKER | P:5♣ J♠ 6♦=1  B:J♣ 6♦ 3♠=9  BANKER(W)  | +950원 → 418,350원
H2564 | bet   1,000원 BANKER | P:8♣ 3♠=1  B:8♥ J♠=8  BANKER(W)  | +950원 → 419,300원
H2565 | bet   1,000원 BANKER | P:6♣ Q♠=6  B:A♠ J♠ J♦=1  PLAYER(L)  | -1,000원 → 418,300원  [start]
H2566 | bet   2,000원 PLAYER | P:6♣ 3♦=9  B:J♣ 7♣=7  PLAYER(W)  | +2,000원 → 420,300원  [end_win]
H2567 | bet   1,000원 BANKER | P:10♥ 10♣ A♠=1  B:Q♠ 4♠=4  BANKER(W)  | +950원 → 421,250원
H2568 | bet   1,000원 BANKER | P:9♦ 9♣=8  B:4♦ 10♦=4  PLAYER(L)  | -1,000원 → 420,250원  [start]
H2569 | bet   2,000원 PLAYER | P:K♠ Q♥ 9♠=9  B:10♠ 3♣ 3♠=6  PLAYER(W)  | +2,000원 → 422,250원  [end_win]
H2570 | bet   1,000원 BANKER | P:5♦ 4♥=9  B:K♣ 7♣=7  PLAYER(L)  | -1,000원 → 421,250원  [start]
H2571 | bet   2,000원 PLAYER | P:10♠ J♦=0  B:5♣ 3♥=8  BANKER(L)  | -2,000원 → 419,250원
H2572 | bet   4,000원 PLAYER | P:4♠ 5♣=9  B:J♥ J♥=0  PLAYER(W)  | +4,000원 → 423,250원  [end_win]
H2573 | bet   1,000원 BANKER | P:J♣ 2♣ 2♦=4  B:8♥ 5♠ K♥=3  PLAYER(L)  | -1,000원 → 422,250원  [start]
H2574 | bet   2,000원 PLAYER | P:5♠ 6♥ Q♥=1  B:7♣ 10♥=7  BANKER(L)  | -2,000원 → 420,250원
H2575 | bet   4,000원 PLAYER | P:6♠ 7♦ 7♥=0  B:Q♠ A♥ K♦=1  BANKER(L)  | -4,000원 → 416,250원
H2576 | bet   8,000원 PLAYER | P:2♠ 8♥ 10♥=0  B:Q♠ Q♣ 7♣=7  BANKER(L)  | -8,000원 → 408,250원
H2577 | bet  16,000원 PLAYER | P:2♥ 4♣=6  B:2♦ K♣ 3♥=5  PLAYER(W)  | +16,000원 → 424,250원  [end_win]
H2578 | bet   1,000원 BANKER | P:A♥ K♣ 9♦=0  B:5♦ A♥=6  BANKER(W)  | +950원 → 425,200원
H2579 | bet   1,000원 BANKER | P:3♣ 8♦ 8♣=9  B:10♠ 10♥ Q♣=0  PLAYER(L)  | -1,000원 → 424,200원  [start]
H2580 | bet   2,000원 PLAYER | P:J♦ 10♥ A♣=1  B:5♠ 10♣=5  BANKER(L)  | -2,000원 → 422,200원
H2581 | bet   4,000원 PLAYER | P:2♥ 8♣ 3♠=3  B:6♠ 10♦=6  BANKER(L)  | -4,000원 → 418,200원
H2582 | bet   8,000원 PLAYER | P:5♣ 9♣ 8♣=2  B:9♣ A♣ 8♠=8  BANKER(L)  | -8,000원 → 410,200원
H2583 | bet  16,000원 PLAYER | P:7♣ J♣=7  B:8♣ A♠=9  BANKER(L)  | -16,000원 → 394,200원  [end_giveup]
H2584 | bet   1,000원 BANKER | P:J♥ J♦ A♣=1  B:3♣ A♠=4  BANKER(W)  | +950원 → 395,150원
H2585 | bet   1,000원 BANKER | P:7♠ 8♣ 2♠=7  B:2♣ J♥ 7♠=9  BANKER(W)  | +950원 → 396,100원
H2586 | bet   1,000원 BANKER | P:K♥ J♣ 9♥=9  B:K♦ 2♥ 9♠=1  PLAYER(L)  | -1,000원 → 395,100원  [start]
H2587 | bet   2,000원 PLAYER | P:4♥ 10♣ Q♠=4  B:A♦ K♠ 9♥=0  PLAYER(W)  | +2,000원 → 397,100원  [end_win]
H2588 | bet   1,000원 BANKER | P:3♠ Q♥ 2♣=5  B:6♠ 10♣=6  BANKER(W)  | +950원 → 398,050원
H2589 | bet   1,000원 BANKER | P:Q♦ 2♠ A♠=3  B:6♦ 4♦ 8♦=8  BANKER(W)  | +950원 → 399,000원
H2590 | bet   1,000원 BANKER | P:5♥ 8♠ 3♥=6  B:3♠ 4♥=7  BANKER(W)  | +950원 → 399,950원
H2591 | bet   1,000원 BANKER | P:10♣ 6♦=6  B:6♥ 4♣ K♠=0  PLAYER(L)  | -1,000원 → 398,950원  [start]
H2592 | bet   2,000원 PLAYER | P:5♦ 4♠=9  B:A♠ A♣=2  PLAYER(W)  | +2,000원 → 400,950원  [end_win]
H2593 | bet   1,000원 BANKER | P:10♥ 2♦ 9♥=1  B:9♥ 4♣ 5♦=8  BANKER(W)  | +950원 → 401,900원
H2594 | bet   1,000원 BANKER | P:J♦ J♣ 6♥=6  B:10♠ 2♣ K♥=2  PLAYER(L)  | -1,000원 → 400,900원  [start]
H2595 | bet   2,000원 PLAYER | P:9♠ K♦=9  B:8♥ 3♠=1  PLAYER(W)  | +2,000원 → 402,900원  [end_win]
H2596 | bet   1,000원 BANKER | P:K♠ 3♦ K♦=3  B:3♥ 3♠=6  BANKER(W)  | +950원 → 403,850원
H2597 | bet   1,000원 BANKER | P:7♦ K♣=7  B:4♠ 3♦=7  TIE(T)  |     0원 → 403,850원
H2598 | bet   1,000원 BANKER | P:Q♥ 3♦ 4♠=7  B:A♦ 2♥ 5♥=8  BANKER(W)  | +950원 → 404,800원
H2599 | bet   1,000원 BANKER | P:2♦ 10♥ A♣=3  B:K♣ Q♣ 5♠=5  BANKER(W)  | +950원 → 405,750원
H2600 | bet   1,000원 BANKER | P:K♣ 9♦=9  B:Q♠ K♥=0  PLAYER(L)  | -1,000원 → 404,750원  [start]
H2601 | bet   2,000원 PLAYER | P:9♥ K♣=9  B:3♥ 2♣=5  PLAYER(W)  | +2,000원 → 406,750원  [end_win]
H2602 | bet   1,000원 BANKER | P:3♦ 4♣=7  B:Q♠ 9♣=9  BANKER(W)  | +950원 → 407,700원
H2603 | bet   1,000원 BANKER | P:8♦ 4♠ 6♣=8  B:4♦ 9♥ 5♥=8  TIE(T)  |     0원 → 407,700원
H2604 | bet   1,000원 BANKER | P:3♣ J♦ 10♦=3  B:9♥ 5♦=4  BANKER(W)  | +950원 → 408,650원
H2605 | bet   1,000원 BANKER | P:5♦ Q♣=5  B:8♥ Q♠=8  BANKER(W)  | +950원 → 409,600원
H2606 | bet   1,000원 BANKER | P:9♣ J♥=9  B:6♦ A♦=7  PLAYER(L)  | -1,000원 → 408,600원  [start]
H2607 | bet   2,000원 PLAYER | P:8♣ Q♦=8  B:10♠ 2♠=2  PLAYER(W)  | +2,000원 → 410,600원  [end_win]
H2608 | bet   1,000원 BANKER | P:3♣ 8♦=1  B:5♥ 3♦=8  BANKER(W)  | +950원 → 411,550원
H2609 | bet   1,000원 BANKER | P:6♣ Q♣=6  B:2♥ 4♥=6  TIE(T)  |     0원 → 411,550원
H2610 | bet   1,000원 BANKER | P:4♦ 7♥ 6♠=7  B:5♠ Q♥ 9♦=4  PLAYER(L)  | -1,000원 → 410,550원  [start]
H2611 | bet   2,000원 PLAYER | P:5♦ 8♦ 3♥=6  B:Q♦ 6♠=6  TIE(T)  |     0원 → 410,550원
H2612 | bet   2,000원 PLAYER | P:6♦ 7♦ 8♦=1  B:K♠ 4♠=4  BANKER(L)  | -2,000원 → 408,550원
H2613 | bet   4,000원 PLAYER | P:Q♦ 9♠=9  B:K♦ 5♦=5  PLAYER(W)  | +4,000원 → 412,550원  [end_win]
H2614 | bet   1,000원 BANKER | P:2♠ 9♣ Q♣=1  B:8♠ 6♥=4  BANKER(W)  | +950원 → 413,500원
H2615 | bet   1,000원 BANKER | P:6♠ 10♠=6  B:3♦ 8♠ A♦=2  PLAYER(L)  | -1,000원 → 412,500원  [start]
H2616 | bet   2,000원 PLAYER | P:10♦ 10♦ 5♣=5  B:4♣ 10♠ Q♣=4  PLAYER(W)  | +2,000원 → 414,500원  [end_win]
H2617 | bet   1,000원 BANKER | P:J♣ 2♦ 5♥=7  B:8♠ 6♦ J♠=4  PLAYER(L)  | -1,000원 → 413,500원  [start]
H2618 | bet   2,000원 PLAYER | P:9♠ 5♥=4  B:7♥ 2♣=9  BANKER(L)  | -2,000원 → 411,500원
H2619 | bet   4,000원 PLAYER | P:7♣ 6♦ K♦=3  B:7♠ 7♥=4  BANKER(L)  | -4,000원 → 407,500원
H2620 | bet   8,000원 PLAYER | P:A♠ 9♠ K♥=0  B:4♣ A♣=5  BANKER(L)  | -8,000원 → 399,500원
H2621 | bet  16,000원 PLAYER | P:4♥ 2♦=6  B:5♠ 10♠ 6♥=1  PLAYER(W)  | +16,000원 → 415,500원  [end_win]
H2622 | bet   1,000원 BANKER | P:Q♥ J♥ 8♦=8  B:2♣ 8♥ Q♣=0  PLAYER(L)  | -1,000원 → 414,500원  [start]
H2623 | bet   2,000원 PLAYER | P:4♦ 2♦=6  B:Q♦ 8♦=8  BANKER(L)  | -2,000원 → 412,500원
H2624 | bet   4,000원 PLAYER | P:6♥ A♥=7  B:7♠ 5♥ J♥=2  PLAYER(W)  | +4,000원 → 416,500원  [end_win]
H2625 | bet   1,000원 BANKER | P:4♦ 6♣ J♠=0  B:7♠ 7♥=4  BANKER(W)  | +950원 → 417,450원
H2626 | bet   1,000원 BANKER | P:10♦ 7♣=7  B:3♥ 6♠=9  BANKER(W)  | +950원 → 418,400원
H2627 | bet   1,000원 BANKER | P:5♠ 7♠ K♣=2  B:7♣ 4♥ J♠=1  PLAYER(L)  | -1,000원 → 417,400원  [start]
H2628 | bet   2,000원 PLAYER | P:4♥ 4♠=8  B:4♦ 2♥=6  PLAYER(W)  | +2,000원 → 419,400원  [end_win]
H2629 | bet   1,000원 BANKER | P:9♠ 4♦ A♣=4  B:A♦ K♦ K♠=1  PLAYER(L)  | -1,000원 → 418,400원  [start]
H2630 | bet   2,000원 PLAYER | P:J♦ 7♦=7  B:A♦ 7♠=8  BANKER(L)  | -2,000원 → 416,400원
H2631 | bet   4,000원 PLAYER | P:4♣ J♥ A♣=5  B:4♣ K♠=4  PLAYER(W)  | +4,000원 → 420,400원  [end_win]
H2632 | bet   1,000원 BANKER | P:A♦ Q♥ 9♦=0  B:2♠ 9♣ 3♣=4  BANKER(W)  | +950원 → 421,350원
H2633 | bet   1,000원 BANKER | P:10♣ J♣ 6♣=6  B:5♣ 8♠ 8♥=1  PLAYER(L)  | -1,000원 → 420,350원  [start]
H2634 | bet   2,000원 PLAYER | P:4♥ 3♥=7  B:5♦ 10♦ 7♦=2  PLAYER(W)  | +2,000원 → 422,350원  [end_win]
H2635 | bet   1,000원 BANKER | P:9♦ 5♣=4  B:3♣ 6♦=9  BANKER(W)  | +950원 → 423,300원
H2636 | bet   1,000원 BANKER | P:6♠ 9♥ 5♥=0  B:A♥ 5♣=6  BANKER(W)  | +950원 → 424,250원
H2637 | bet   1,000원 BANKER | P:5♦ 10♦=5  B:9♦ K♦=9  BANKER(W)  | +950원 → 425,200원
H2638 | bet   1,000원 BANKER | P:3♦ 6♥=9  B:5♠ Q♠=5  PLAYER(L)  | -1,000원 → 424,200원  [start]
H2639 | bet   2,000원 PLAYER | P:8♦ 4♦ K♠=2  B:J♥ 7♥=7  BANKER(L)  | -2,000원 → 422,200원
H2640 | bet   4,000원 PLAYER | P:A♣ 5♠=6  B:2♣ 5♦=7  BANKER(L)  | -4,000원 → 418,200원
H2641 | bet   8,000원 PLAYER | P:K♦ K♣=0  B:3♥ 5♥=8  BANKER(L)  | -8,000원 → 410,200원
H2642 | bet  16,000원 PLAYER | P:3♠ 9♠ 3♠=5  B:3♦ J♥ 4♥=7  BANKER(L)  | -16,000원 → 394,200원  [end_giveup]
H2643 | bet   1,000원 BANKER | P:10♣ A♦ 4♦=5  B:7♠ 10♣=7  BANKER(W)  | +950원 → 395,150원
H2644 | bet   1,000원 BANKER | P:J♣ 7♠=7  B:2♦ 10♦ 2♦=4  PLAYER(L)  | -1,000원 → 394,150원  [start]
H2645 | bet   2,000원 PLAYER | P:6♥ 2♥=8  B:10♠ A♠=1  PLAYER(W)  | +2,000원 → 396,150원  [end_win]
H2646 | bet   1,000원 BANKER | P:6♠ 8♠ Q♠=4  B:4♦ K♠=4  TIE(T)  |     0원 → 396,150원
H2647 | bet   1,000원 BANKER | P:2♠ 2♦ 6♣=0  B:7♣ 6♥ A♣=4  BANKER(W)  | +950원 → 397,100원
H2648 | bet   1,000원 BANKER | P:2♣ K♣ Q♣=2  B:7♣ Q♠=7  BANKER(W)  | +950원 → 398,050원
H2649 | bet   1,000원 BANKER | P:Q♦ 5♦ K♥=5  B:K♠ 10♦ 5♥=5  TIE(T)  |     0원 → 398,050원
H2650 | bet   1,000원 BANKER | P:6♥ 6♣ 6♥=8  B:Q♦ 4♣ K♣=4  PLAYER(L)  | -1,000원 → 397,050원  [start]
H2651 | bet   2,000원 PLAYER | P:Q♣ 8♣=8  B:Q♠ 9♣=9  BANKER(L)  | -2,000원 → 395,050원
H2652 | bet   4,000원 PLAYER | P:4♣ 2♠=6  B:A♣ 9♦ 4♣=4  PLAYER(W)  | +4,000원 → 399,050원  [end_win]
H2653 | bet   1,000원 BANKER | P:3♦ Q♣ 8♣=1  B:7♣ J♥=7  BANKER(W)  | +950원 → 400,000원
H2654 | bet   1,000원 BANKER | P:J♠ 5♣ 8♦=3  B:A♣ 10♦ 2♠=3  TIE(T)  |     0원 → 400,000원
H2655 | bet   1,000원 BANKER | P:7♦ A♠=8  B:4♦ 3♥=7  PLAYER(L)  | -1,000원 → 399,000원  [start]
H2656 | bet   2,000원 PLAYER | P:10♣ 9♦=9  B:2♥ 5♠=7  PLAYER(W)  | +2,000원 → 401,000원  [end_win]
H2657 | bet   1,000원 BANKER | P:2♣ K♠ J♠=2  B:4♥ 10♠=4  BANKER(W)  | +950원 → 401,950원
H2658 | bet   1,000원 BANKER | P:7♥ 10♣=7  B:5♥ Q♦ 6♦=1  PLAYER(L)  | -1,000원 → 400,950원  [start]
H2659 | bet   2,000원 PLAYER | P:7♠ J♥=7  B:K♠ 6♠=6  PLAYER(W)  | +2,000원 → 402,950원  [end_win]
H2660 | bet   1,000원 BANKER | P:J♥ J♠ 8♠=8  B:8♠ 3♦ A♠=2  PLAYER(L)  | -1,000원 → 401,950원  [start]
H2661 | bet   2,000원 PLAYER | P:3♥ 10♠ 6♠=9  B:7♣ 3♥ J♣=0  PLAYER(W)  | +2,000원 → 403,950원  [end_win]
H2662 | bet   1,000원 BANKER | P:8♥ 6♥ 5♣=9  B:J♣ 5♥ 3♦=8  PLAYER(L)  | -1,000원 → 402,950원  [start]
H2663 | bet   2,000원 PLAYER | P:A♥ 2♦ 9♣=2  B:4♣ 8♦ 2♣=4  BANKER(L)  | -2,000원 → 400,950원
H2664 | bet   4,000원 PLAYER | P:4♥ 2♦=6  B:2♥ 5♦=7  BANKER(L)  | -4,000원 → 396,950원
H2665 | bet   8,000원 PLAYER | P:2♣ A♥ A♥=4  B:8♠ 3♥ 4♠=5  BANKER(L)  | -8,000원 → 388,950원
H2666 | bet  16,000원 PLAYER | P:9♥ 10♣=9  B:J♦ A♣=1  PLAYER(W)  | +16,000원 → 404,950원  [end_win]
H2667 | bet   1,000원 BANKER | P:J♣ 3♠ 6♠=9  B:10♠ K♦ Q♠=0  PLAYER(L)  | -1,000원 → 403,950원  [start]
H2668 | bet   2,000원 PLAYER | P:5♣ 9♣ K♦=4  B:Q♣ 7♦=7  BANKER(L)  | -2,000원 → 401,950원
H2669 | bet   4,000원 PLAYER | P:7♥ A♦=8  B:5♣ 3♣=8  TIE(T)  |     0원 → 401,950원
H2670 | bet   4,000원 PLAYER | P:2♦ 3♣ 8♠=3  B:7♥ 6♦=3  TIE(T)  |     0원 → 401,950원
H2671 | bet   4,000원 PLAYER | P:A♥ 6♦=7  B:4♣ 9♥ 10♥=3  PLAYER(W)  | +4,000원 → 405,950원  [end_win]
H2672 | bet   1,000원 BANKER | P:9♠ A♣=0  B:3♠ 5♠=8  BANKER(W)  | +950원 → 406,900원
H2673 | bet   1,000원 BANKER | P:10♥ 8♣=8  B:Q♥ 4♦=4  PLAYER(L)  | -1,000원 → 405,900원  [start]
H2674 | bet   2,000원 PLAYER | P:K♦ 10♦ 3♣=3  B:8♦ 4♦ 9♥=1  PLAYER(W)  | +2,000원 → 407,900원  [end_win]
H2675 | bet   1,000원 BANKER | P:6♣ 6♣ K♠=2  B:A♦ A♦ 8♥=0  PLAYER(L)  | -1,000원 → 406,900원  [start]
H2676 | bet   2,000원 PLAYER | P:3♠ 8♣ 4♦=5  B:10♥ 7♠=7  BANKER(L)  | -2,000원 → 404,900원
H2677 | bet   4,000원 PLAYER | P:A♥ 6♦=7  B:9♠ 7♦=6  PLAYER(W)  | +4,000원 → 408,900원  [end_win]
H2678 | bet   1,000원 BANKER | P:K♥ A♠ K♠=1  B:10♣ 5♥=5  BANKER(W)  | +950원 → 409,850원
H2679 | bet   1,000원 BANKER | P:10♠ J♣ 7♥=7  B:A♠ 10♥ Q♣=1  PLAYER(L)  | -1,000원 → 408,850원  [start]
H2680 | bet   2,000원 PLAYER | P:6♣ 5♦=1  B:J♦ 9♠=9  BANKER(L)  | -2,000원 → 406,850원
H2681 | bet   4,000원 PLAYER | P:6♣ 10♦=6  B:8♥ 8♠=6  TIE(T)  |     0원 → 406,850원
H2682 | bet   4,000원 PLAYER | P:7♣ J♠=7  B:6♣ 4♣ 10♣=0  PLAYER(W)  | +4,000원 → 410,850원  [end_win]
H2683 | bet   1,000원 BANKER | P:9♠ 2♣=1  B:Q♦ 9♥=9  BANKER(W)  | +950원 → 411,800원
H2684 | bet   1,000원 BANKER | P:A♠ K♦ K♦=1  B:A♦ 9♥ Q♦=0  PLAYER(L)  | -1,000원 → 410,800원  [start]
H2685 | bet   2,000원 PLAYER | P:Q♠ 4♥=4  B:4♠ 5♠=9  BANKER(L)  | -2,000원 → 408,800원
H2686 | bet   4,000원 PLAYER | P:J♦ 7♦=7  B:10♥ A♠ 2♥=3  PLAYER(W)  | +4,000원 → 412,800원  [end_win]
H2687 | bet   1,000원 BANKER | P:5♦ A♣=6  B:6♠ 9♦ Q♣=5  PLAYER(L)  | -1,000원 → 411,800원  [start]
H2688 | bet   2,000원 PLAYER | P:4♠ 3♦=7  B:J♣ A♥ K♥=1  PLAYER(W)  | +2,000원 → 413,800원  [end_win]
H2689 | bet   1,000원 BANKER | P:K♣ K♣=0  B:9♠ J♥=9  BANKER(W)  | +950원 → 414,750원
H2690 | bet   1,000원 BANKER | P:9♣ 8♥=7  B:A♥ 7♠=8  BANKER(W)  | +950원 → 415,700원
H2691 | bet   1,000원 BANKER | P:J♦ 10♥ 3♣=3  B:7♥ 4♥ 4♠=5  BANKER(W)  | +950원 → 416,650원
H2692 | bet   1,000원 BANKER | P:7♥ 8♠ K♥=5  B:J♠ 4♠=4  PLAYER(L)  | -1,000원 → 415,650원  [start]
H2693 | bet   2,000원 PLAYER | P:5♣ 4♣=9  B:7♠ 9♣=6  PLAYER(W)  | +2,000원 → 417,650원  [end_win]
H2694 | bet   1,000원 BANKER | P:Q♥ K♣ Q♥=0  B:J♠ 2♠ 8♣=0  TIE(T)  |     0원 → 417,650원
H2695 | bet   1,000원 BANKER | P:Q♥ 7♣=7  B:J♦ 2♥ 9♦=1  PLAYER(L)  | -1,000원 → 416,650원  [start]
H2696 | bet   2,000원 PLAYER | P:3♠ 6♥=9  B:Q♣ 7♦=7  PLAYER(W)  | +2,000원 → 418,650원  [end_win]
H2697 | bet   1,000원 BANKER | P:6♠ K♥=6  B:10♥ K♣ Q♠=0  PLAYER(L)  | -1,000원 → 417,650원  [start]
H2698 | bet   2,000원 PLAYER | P:7♣ 6♦ 5♣=8  B:4♠ A♠ 8♦=3  PLAYER(W)  | +2,000원 → 419,650원  [end_win]
H2699 | bet   1,000원 BANKER | P:Q♥ 9♥=9  B:5♦ 5♠=0  PLAYER(L)  | -1,000원 → 418,650원  [start]
H2700 | bet   2,000원 PLAYER | P:J♥ 4♠=4  B:9♣ Q♦=9  BANKER(L)  | -2,000원 → 416,650원
H2701 | bet   4,000원 PLAYER | P:A♦ 8♥=9  B:Q♦ Q♠=0  PLAYER(W)  | +4,000원 → 420,650원  [end_win]
H2702 | bet   1,000원 BANKER | P:8♥ J♣=8  B:Q♦ 5♥=5  PLAYER(L)  | -1,000원 → 419,650원  [start]
H2703 | bet   2,000원 PLAYER | P:10♦ 10♠ 4♠=4  B:7♦ 10♠=7  BANKER(L)  | -2,000원 → 417,650원
H2704 | bet   4,000원 PLAYER | P:10♣ 9♥=9  B:2♦ J♥=2  PLAYER(W)  | +4,000원 → 421,650원  [end_win]
H2705 | bet   1,000원 BANKER | P:J♦ 4♣=4  B:3♠ 6♣=9  BANKER(W)  | +950원 → 422,600원
H2706 | bet   1,000원 BANKER | P:10♥ 3♣ 8♣=1  B:A♦ 3♠=4  BANKER(W)  | +950원 → 423,550원
H2707 | bet   1,000원 BANKER | P:2♠ K♦ 8♦=0  B:4♥ 8♠ J♦=2  BANKER(W)  | +950원 → 424,500원
H2708 | bet   1,000원 BANKER | P:A♣ 2♠ 8♦=1  B:5♥ 2♣=7  BANKER(W)  | +950원 → 425,450원
H2709 | bet   1,000원 BANKER | P:2♠ K♠=2  B:J♠ 9♣=9  BANKER(W)  | +950원 → 426,400원
H2710 | bet   1,000원 BANKER | P:J♠ 10♠=0  B:A♦ 7♠=8  BANKER(W)  | +950원 → 427,350원
H2711 | bet   1,000원 BANKER | P:6♦ J♦=6  B:7♠ 6♦ 3♣=6  TIE(T)  |     0원 → 427,350원
H2712 | bet   1,000원 BANKER | P:9♣ 3♣=2  B:2♣ 7♥=9  BANKER(W)  | +950원 → 428,300원
H2713 | bet   1,000원 BANKER | P:9♠ 3♥ 3♥=5  B:3♦ 2♥=5  TIE(T)  |     0원 → 428,300원
H2714 | bet   1,000원 BANKER | P:8♣ 9♦=7  B:2♠ Q♥ 6♠=8  BANKER(W)  | +950원 → 429,250원
H2715 | bet   1,000원 BANKER | P:K♥ 8♦=8  B:8♥ 3♦=1  PLAYER(L)  | -1,000원 → 428,250원  [start]
H2716 | bet   2,000원 PLAYER | P:2♥ 7♣=9  B:7♦ 8♣=5  PLAYER(W)  | +2,000원 → 430,250원  [end_win]
H2717 | bet   1,000원 BANKER | P:Q♥ 9♦=9  B:K♥ 4♦=4  PLAYER(L)  | -1,000원 → 429,250원  [start]
H2718 | bet   2,000원 PLAYER | P:6♣ Q♠=6  B:9♣ 9♥=8  BANKER(L)  | -2,000원 → 427,250원
H2719 | bet   4,000원 PLAYER | P:10♣ 5♣ A♦=6  B:8♠ 8♥=6  TIE(T)  |     0원 → 427,250원
H2720 | bet   4,000원 PLAYER | P:2♥ 4♥=6  B:K♠ J♦ 8♠=8  BANKER(L)  | -4,000원 → 423,250원
H2721 | bet   8,000원 PLAYER | P:4♠ 5♣=9  B:8♠ 9♣=7  PLAYER(W)  | +8,000원 → 431,250원  [end_win]
H2722 | bet   1,000원 BANKER | P:8♣ 7♦ 6♥=1  B:9♣ A♦ 3♠=3  BANKER(W)  | +950원 → 432,200원
H2723 | bet   1,000원 BANKER | P:10♥ 5♦ 8♦=3  B:J♣ 3♣=3  TIE(T)  |     0원 → 432,200원
H2724 | bet   1,000원 BANKER | P:3♦ A♣ K♥=4  B:A♦ A♥ 2♣=4  TIE(T)  |     0원 → 432,200원
H2725 | bet   1,000원 BANKER | P:Q♣ 2♣ Q♣=2  B:2♦ Q♠ 10♠=2  TIE(T)  |     0원 → 432,200원
H2726 | bet   1,000원 BANKER | P:9♦ 6♠=5  B:9♣ 9♠=8  BANKER(W)  | +950원 → 433,150원
H2727 | bet   1,000원 BANKER | P:10♥ Q♠ K♦=0  B:5♥ 5♣ 5♦=5  BANKER(W)  | +950원 → 434,100원
H2728 | bet   1,000원 BANKER | P:A♥ A♠=2  B:A♣ 8♣=9  BANKER(W)  | +950원 → 435,050원
H2729 | bet   1,000원 BANKER | P:Q♦ K♥ 10♣=0  B:10♣ 10♥ 6♣=6  BANKER(W)  | +950원 → 436,000원
H2730 | bet   1,000원 BANKER | P:8♦ 7♥ A♣=6  B:2♦ 2♥=4  PLAYER(L)  | -1,000원 → 435,000원  [start]
H2731 | bet   2,000원 PLAYER | P:Q♣ 6♦=6  B:7♦ 7♦ 4♥=8  BANKER(L)  | -2,000원 → 433,000원
H2732 | bet   4,000원 PLAYER | P:10♦ 5♥ 5♣=0  B:5♠ Q♣ 7♦=2  BANKER(L)  | -4,000원 → 429,000원
H2733 | bet   8,000원 PLAYER | P:2♥ 5♣=7  B:8♥ K♦=8  BANKER(L)  | -8,000원 → 421,000원
H2734 | bet  16,000원 PLAYER | P:7♣ J♥=7  B:6♣ K♣=6  PLAYER(W)  | +16,000원 → 437,000원  [end_win]
H2735 | bet   1,000원 BANKER | P:10♦ 5♠ 9♦=4  B:6♦ 5♥ 6♣=7  BANKER(W)  | +950원 → 437,950원
H2736 | bet   1,000원 BANKER | P:2♠ 2♣ 4♦=8  B:Q♥ K♦ 2♦=2  PLAYER(L)  | -1,000원 → 436,950원  [start]
H2737 | bet   2,000원 PLAYER | P:J♠ 6♠=6  B:4♠ 3♦=7  BANKER(L)  | -2,000원 → 434,950원
H2738 | bet   4,000원 PLAYER | P:7♦ 5♥ K♠=2  B:2♣ J♥ 7♠=9  BANKER(L)  | -4,000원 → 430,950원
H2739 | bet   8,000원 PLAYER | P:7♥ Q♠=7  B:10♣ K♣ 2♥=2  PLAYER(W)  | +8,000원 → 438,950원  [end_win]
H2740 | bet   1,000원 BANKER | P:6♦ 7♠=3  B:7♠ 2♥=9  BANKER(W)  | +950원 → 439,900원
H2741 | bet   1,000원 BANKER | P:8♦ 4♥=2  B:3♥ 5♥=8  BANKER(W)  | +950원 → 440,850원
H2742 | bet   1,000원 BANKER | P:3♣ 7♠ 5♦=5  B:4♣ J♥ Q♥=4  PLAYER(L)  | -1,000원 → 439,850원  [start]
H2743 | bet   2,000원 PLAYER | P:4♣ J♥ Q♣=4  B:10♣ 6♠=6  BANKER(L)  | -2,000원 → 437,850원
H2744 | bet   4,000원 PLAYER | P:9♥ K♣=9  B:10♦ 3♠=3  PLAYER(W)  | +4,000원 → 441,850원  [end_win]
H2745 | bet   1,000원 BANKER | P:6♥ 3♦=9  B:K♦ 2♣=2  PLAYER(L)  | -1,000원 → 440,850원  [start]
H2746 | bet   2,000원 PLAYER | P:5♦ A♠=6  B:7♥ J♠=7  BANKER(L)  | -2,000원 → 438,850원
H2747 | bet   4,000원 PLAYER | P:9♦ 9♥=8  B:K♥ Q♦=0  PLAYER(W)  | +4,000원 → 442,850원  [end_win]
H2748 | bet   1,000원 BANKER | P:K♥ 9♥=9  B:7♣ Q♠=7  PLAYER(L)  | -1,000원 → 441,850원  [start]
H2749 | bet   2,000원 PLAYER | P:9♣ 6♣=5  B:9♦ K♥=9  BANKER(L)  | -2,000원 → 439,850원
H2750 | bet   4,000원 PLAYER | P:4♦ J♦ 8♠=2  B:7♥ 3♣ 10♣=0  PLAYER(W)  | +4,000원 → 443,850원  [end_win]
H2751 | bet   1,000원 BANKER | P:J♣ 4♠ A♠=5  B:3♥ 9♦ J♣=2  PLAYER(L)  | -1,000원 → 442,850원  [start]
H2752 | bet   2,000원 PLAYER | P:10♥ 5♥ 4♣=9  B:5♦ 7♣ 9♠=1  PLAYER(W)  | +2,000원 → 444,850원  [end_win]
H2753 | bet   1,000원 BANKER | P:A♦ K♦ 2♣=3  B:A♥ Q♦ 3♣=4  BANKER(W)  | +950원 → 445,800원
H2754 | bet   1,000원 BANKER | P:Q♥ 4♠ 7♦=1  B:4♦ 9♦ 3♥=6  BANKER(W)  | +950원 → 446,750원
H2755 | bet   1,000원 BANKER | P:J♣ Q♦ 4♥=4  B:4♦ J♠ 10♥=4  TIE(T)  |     0원 → 446,750원
H2756 | bet   1,000원 BANKER | P:5♠ 4♦=9  B:7♣ J♦=7  PLAYER(L)  | -1,000원 → 445,750원  [start]
H2757 | bet   2,000원 PLAYER | P:4♥ 10♠=4  B:2♠ 6♦=8  BANKER(L)  | -2,000원 → 443,750원
H2758 | bet   4,000원 PLAYER | P:7♣ 5♦ 8♠=0  B:5♠ 10♦=5  BANKER(L)  | -4,000원 → 439,750원
H2759 | bet   8,000원 PLAYER | P:2♠ K♦=2  B:10♠ 9♥=9  BANKER(L)  | -8,000원 → 431,750원
H2760 | bet  16,000원 PLAYER | P:5♠ 4♣=9  B:A♥ 4♣=5  PLAYER(W)  | +16,000원 → 447,750원  [end_win]
H2761 | bet   1,000원 BANKER | P:9♠ 2♠ 6♥=7  B:K♣ 3♠ 8♥=1  PLAYER(L)  | -1,000원 → 446,750원  [start]
H2762 | bet   2,000원 PLAYER | P:Q♦ 6♦=6  B:8♥ 10♦=8  BANKER(L)  | -2,000원 → 444,750원
H2763 | bet   4,000원 PLAYER | P:10♠ A♦ 3♣=4  B:3♠ K♣ 10♣=3  PLAYER(W)  | +4,000원 → 448,750원  [end_win]
H2764 | bet   1,000원 BANKER | P:4♣ J♥ J♠=4  B:4♠ 8♠ 2♠=4  TIE(T)  |     0원 → 448,750원
H2765 | bet   1,000원 BANKER | P:8♠ A♥=9  B:10♠ 10♦=0  PLAYER(L)  | -1,000원 → 447,750원  [start]
H2766 | bet   2,000원 PLAYER | P:2♦ 9♥ 8♣=9  B:4♦ 8♣ 2♦=4  PLAYER(W)  | +2,000원 → 449,750원  [end_win]
H2767 | bet   1,000원 BANKER | P:A♥ Q♣ 2♦=3  B:J♥ J♠ 6♦=6  BANKER(W)  | +950원 → 450,700원
H2768 | bet   1,000원 BANKER | P:A♠ 3♦ 9♦=3  B:8♥ 5♣ 3♥=6  BANKER(W)  | +950원 → 451,650원
H2769 | bet   1,000원 BANKER | P:5♥ K♠ 4♦=9  B:Q♥ 4♥ 2♣=6  PLAYER(L)  | -1,000원 → 450,650원  [start]
H2770 | bet   2,000원 PLAYER | P:6♥ Q♠=6  B:4♥ J♦ 7♠=1  PLAYER(W)  | +2,000원 → 452,650원  [end_win]
H2771 | bet   1,000원 BANKER | P:8♣ 3♥ A♥=2  B:2♦ Q♥ 3♥=5  BANKER(W)  | +950원 → 453,600원
H2772 | bet   1,000원 BANKER | P:10♥ 9♠=9  B:K♠ 9♣=9  TIE(T)  |     0원 → 453,600원
H2773 | bet   1,000원 BANKER | P:A♠ 7♣=8  B:Q♦ 6♠=6  PLAYER(L)  | -1,000원 → 452,600원  [start]
H2774 | bet   2,000원 PLAYER | P:J♥ 10♦ 6♣=6  B:K♣ 7♠=7  BANKER(L)  | -2,000원 → 450,600원
H2775 | bet   4,000원 PLAYER | P:7♣ 6♣ J♦=3  B:6♦ 6♦ 5♠=7  BANKER(L)  | -4,000원 → 446,600원
H2776 | bet   8,000원 PLAYER | P:10♠ J♠ 3♣=3  B:J♥ 7♣=7  BANKER(L)  | -8,000원 → 438,600원
H2777 | bet  16,000원 PLAYER | P:A♠ K♠ 7♠=8  B:A♠ 10♥ J♦=1  PLAYER(W)  | +16,000원 → 454,600원  [end_win]
H2778 | bet   1,000원 BANKER | P:4♥ K♠ 9♠=3  B:A♣ 5♥=6  BANKER(W)  | +950원 → 455,550원
H2779 | bet   1,000원 BANKER | P:9♥ 6♠ 4♦=9  B:5♠ 8♣ 3♦=6  PLAYER(L)  | -1,000원 → 454,550원  [start]
H2780 | bet   2,000원 PLAYER | P:8♥ 8♦=6  B:K♥ 2♠ Q♦=2  PLAYER(W)  | +2,000원 → 456,550원  [end_win]
H2781 | bet   1,000원 BANKER | P:6♠ 7♥ A♣=4  B:7♥ 8♥=5  BANKER(W)  | +950원 → 457,500원
H2782 | bet   1,000원 BANKER | P:3♠ K♣ 8♣=1  B:2♥ 3♣=5  BANKER(W)  | +950원 → 458,450원
H2783 | bet   1,000원 BANKER | P:7♠ J♦=7  B:4♠ Q♥ 6♥=0  PLAYER(L)  | -1,000원 → 457,450원  [start]
H2784 | bet   2,000원 PLAYER | P:5♣ 10♥ K♦=5  B:J♣ Q♥ Q♠=0  PLAYER(W)  | +2,000원 → 459,450원  [end_win]
H2785 | bet   1,000원 BANKER | P:10♣ 7♦=7  B:9♠ 8♦=7  TIE(T)  |     0원 → 459,450원
H2786 | bet   1,000원 BANKER | P:8♠ 4♣ 3♥=5  B:J♦ J♠ 2♠=2  PLAYER(L)  | -1,000원 → 458,450원  [start]
H2787 | bet   2,000원 PLAYER | P:A♥ J♣=1  B:9♥ 10♠=9  BANKER(L)  | -2,000원 → 456,450원
H2788 | bet   4,000원 PLAYER | P:A♣ 6♥=7  B:9♠ 8♣=7  TIE(T)  |     0원 → 456,450원
H2789 | bet   4,000원 PLAYER | P:10♦ 5♦ K♥=5  B:7♦ 9♠=6  BANKER(L)  | -4,000원 → 452,450원
H2790 | bet   8,000원 PLAYER | P:9♣ A♣ 3♦=3  B:3♠ J♣ 8♦=1  PLAYER(W)  | +8,000원 → 460,450원  [end_win]
H2791 | bet   1,000원 BANKER | P:6♥ Q♦=6  B:A♠ 3♦ 4♠=8  BANKER(W)  | +950원 → 461,400원
H2792 | bet   1,000원 BANKER | P:5♦ 8♥ A♦=4  B:7♥ 6♠ 2♣=5  BANKER(W)  | +950원 → 462,350원
H2793 | bet   1,000원 BANKER | P:Q♣ 5♠ 8♦=3  B:J♠ 10♠ 3♥=3  TIE(T)  |     0원 → 462,350원
H2794 | bet   1,000원 BANKER | P:2♦ 7♥=9  B:6♥ 4♣=0  PLAYER(L)  | -1,000원 → 461,350원  [start]
H2795 | bet   2,000원 PLAYER | P:Q♥ K♣ 3♦=3  B:A♣ Q♣ A♦=2  PLAYER(W)  | +2,000원 → 463,350원  [end_win]
H2796 | bet   1,000원 BANKER | P:K♠ 6♣=6  B:2♠ K♦ 2♥=4  PLAYER(L)  | -1,000원 → 462,350원  [start]
H2797 | bet   2,000원 PLAYER | P:Q♠ 9♦=9  B:2♥ J♣=2  PLAYER(W)  | +2,000원 → 464,350원  [end_win]
H2798 | bet   1,000원 BANKER | P:2♠ Q♠ J♠=2  B:6♣ K♠=6  BANKER(W)  | +950원 → 465,300원
H2799 | bet   1,000원 BANKER | P:2♥ 5♥=7  B:2♦ Q♥ 10♣=2  PLAYER(L)  | -1,000원 → 464,300원  [start]
H2800 | bet   2,000원 PLAYER | P:Q♣ 7♥=7  B:8♦ 7♠ 10♦=5  PLAYER(W)  | +2,000원 → 466,300원  [end_win]
H2801 | bet   1,000원 BANKER | P:2♠ 9♦ 7♥=8  B:8♦ 6♦ 9♥=3  PLAYER(L)  | -1,000원 → 465,300원  [start]
H2802 | bet   2,000원 PLAYER | P:10♠ 5♥ 2♦=7  B:5♣ J♦=5  PLAYER(W)  | +2,000원 → 467,300원  [end_win]
H2803 | bet   1,000원 BANKER | P:K♠ J♣ 9♦=9  B:10♦ 3♠ 8♠=1  PLAYER(L)  | -1,000원 → 466,300원  [start]
H2804 | bet   2,000원 PLAYER | P:K♦ 7♥=7  B:8♣ 9♣=7  TIE(T)  |     0원 → 466,300원
H2805 | bet   2,000원 PLAYER | P:8♥ 3♦ Q♥=1  B:A♠ Q♦ 4♣=5  BANKER(L)  | -2,000원 → 464,300원
H2806 | bet   4,000원 PLAYER | P:Q♠ 9♠=9  B:6♦ 8♣=4  PLAYER(W)  | +4,000원 → 468,300원  [end_win]
H2807 | bet   1,000원 BANKER | P:J♥ 9♣=9  B:9♠ 2♠=1  PLAYER(L)  | -1,000원 → 467,300원  [start]
H2808 | bet   2,000원 PLAYER | P:4♥ 9♣ 10♥=3  B:Q♦ 3♠ 4♠=7  BANKER(L)  | -2,000원 → 465,300원
H2809 | bet   4,000원 PLAYER | P:2♥ Q♥ 8♣=0  B:10♥ 2♠ 10♠=2  BANKER(L)  | -4,000원 → 461,300원
H2810 | bet   8,000원 PLAYER | P:4♥ 2♦=6  B:3♥ 7♦ 4♣=4  PLAYER(W)  | +8,000원 → 469,300원  [end_win]
H2811 | bet   1,000원 BANKER | P:10♦ A♠ K♣=1  B:9♠ 8♥=7  BANKER(W)  | +950원 → 470,250원
H2812 | bet   1,000원 BANKER | P:4♥ Q♠ 2♣=6  B:3♠ 4♦=7  BANKER(W)  | +950원 → 471,200원
H2813 | bet   1,000원 BANKER | P:6♥ 9♠ 8♠=3  B:J♠ A♠ 10♣=1  PLAYER(L)  | -1,000원 → 470,200원  [start]
H2814 | bet   2,000원 PLAYER | P:J♦ 2♣ 6♥=8  B:Q♦ 6♥ 5♣=1  PLAYER(W)  | +2,000원 → 472,200원  [end_win]
H2815 | bet   1,000원 BANKER | P:7♣ 9♠=6  B:J♣ Q♥ 2♥=2  PLAYER(L)  | -1,000원 → 471,200원  [start]
H2816 | bet   2,000원 PLAYER | P:K♠ 10♠ 7♦=7  B:5♠ 5♥ A♣=1  PLAYER(W)  | +2,000원 → 473,200원  [end_win]
H2817 | bet   1,000원 BANKER | P:6♣ 5♦ 2♥=3  B:J♥ 5♣=5  BANKER(W)  | +950원 → 474,150원
H2818 | bet   1,000원 BANKER | P:6♠ Q♥=6  B:5♦ K♣ J♣=5  PLAYER(L)  | -1,000원 → 473,150원  [start]
H2819 | bet   2,000원 PLAYER | P:3♠ 3♠=6  B:4♦ 2♥=6  TIE(T)  |     0원 → 473,150원
H2820 | bet   2,000원 PLAYER | P:J♠ K♥ 3♦=3  B:A♦ J♥ Q♥=1  PLAYER(W)  | +2,000원 → 475,150원  [end_win]
H2821 | bet   1,000원 BANKER | P:7♦ 4♦ 3♦=4  B:10♠ 5♣=5  BANKER(W)  | +950원 → 476,100원
H2822 | bet   1,000원 BANKER | P:3♥ 10♠ J♦=3  B:7♦ 6♦ Q♣=3  TIE(T)  |     0원 → 476,100원
H2823 | bet   1,000원 BANKER | P:2♣ 6♥=8  B:10♣ K♠=0  PLAYER(L)  | -1,000원 → 475,100원  [start]
H2824 | bet   2,000원 PLAYER | P:6♦ 8♦ A♦=5  B:6♣ K♣=6  BANKER(L)  | -2,000원 → 473,100원
H2825 | bet   4,000원 PLAYER | P:8♠ A♠=9  B:6♠ 7♥=3  PLAYER(W)  | +4,000원 → 477,100원  [end_win]
H2826 | bet   1,000원 BANKER | P:Q♦ Q♣ 10♠=0  B:8♣ 3♦ J♥=1  BANKER(W)  | +950원 → 478,050원
H2827 | bet   1,000원 BANKER | P:A♣ 4♥ Q♠=5  B:7♠ 9♣=6  BANKER(W)  | +950원 → 479,000원
H2828 | bet   1,000원 BANKER | P:10♠ 5♥ 4♥=9  B:10♦ 4♠ 5♣=9  TIE(T)  |     0원 → 479,000원
H2829 | bet   1,000원 BANKER | P:6♠ 5♦ J♠=1  B:8♦ 6♥=4  BANKER(W)  | +950원 → 479,950원
H2830 | bet   1,000원 BANKER | P:4♦ 8♥ Q♣=2  B:4♦ J♦=4  BANKER(W)  | +950원 → 480,900원
H2831 | bet   1,000원 BANKER | P:K♦ 9♥=9  B:K♣ J♣=0  PLAYER(L)  | -1,000원 → 479,900원  [start]
H2832 | bet   2,000원 PLAYER | P:7♦ 4♣ 10♣=1  B:7♣ 4♣ 8♦=9  BANKER(L)  | -2,000원 → 477,900원
H2833 | bet   4,000원 PLAYER | P:10♣ 5♦ 10♦=5  B:A♣ 6♠=7  BANKER(L)  | -4,000원 → 473,900원
H2834 | bet   8,000원 PLAYER | P:8♠ 10♦=8  B:4♥ 4♠=8  TIE(T)  |     0원 → 473,900원
H2835 | bet   8,000원 PLAYER | P:J♦ K♣ 3♥=3  B:5♥ Q♠=5  BANKER(L)  | -8,000원 → 465,900원
H2836 | bet  16,000원 PLAYER | P:3♣ 10♣ 5♠=8  B:9♥ 5♠ Q♦=4  PLAYER(W)  | +16,000원 → 481,900원  [end_win]
H2837 | bet   1,000원 BANKER | P:9♥ 7♥=6  B:J♣ 4♦ J♥=4  PLAYER(L)  | -1,000원 → 480,900원  [start]
H2838 | bet   2,000원 PLAYER | P:K♦ K♣=0  B:4♥ 5♠=9  BANKER(L)  | -2,000원 → 478,900원
H2839 | bet   4,000원 PLAYER | P:3♥ 9♦ 2♥=4  B:4♠ A♠=5  BANKER(L)  | -4,000원 → 474,900원
H2840 | bet   8,000원 PLAYER | P:3♣ 3♠=6  B:8♥ 6♠ 3♣=7  BANKER(L)  | -8,000원 → 466,900원
H2841 | bet  16,000원 PLAYER | P:A♥ Q♦ 6♠=7  B:3♣ J♣ 4♦=7  TIE(T)  |     0원 → 466,900원
H2842 | bet  16,000원 PLAYER | P:A♠ 7♠=8  B:A♥ 6♣=7  PLAYER(W)  | +16,000원 → 482,900원  [end_win]
H2843 | bet   1,000원 BANKER | P:8♥ J♥=8  B:K♥ 4♦=4  PLAYER(L)  | -1,000원 → 481,900원  [start]
H2844 | bet   2,000원 PLAYER | P:5♦ J♣ A♠=6  B:7♦ 6♣ 8♠=1  PLAYER(W)  | +2,000원 → 483,900원  [end_win]
H2845 | bet   1,000원 BANKER | P:3♣ 9♠=2  B:8♥ 10♠=8  BANKER(W)  | +950원 → 484,850원
H2846 | bet   1,000원 BANKER | P:4♣ 10♦ 9♦=3  B:2♣ 8♦ 5♣=5  BANKER(W)  | +950원 → 485,800원
H2847 | bet   1,000원 BANKER | P:9♣ 2♦ 3♦=4  B:5♠ 2♠=7  BANKER(W)  | +950원 → 486,750원
H2848 | bet   1,000원 BANKER | P:7♠ 5♣ J♥=2  B:3♦ 10♥ J♦=3  BANKER(W)  | +950원 → 487,700원
H2849 | bet   1,000원 BANKER | P:7♦ 8♥ 9♦=4  B:A♦ A♦ 2♣=4  TIE(T)  |     0원 → 487,700원
H2850 | bet   1,000원 BANKER | P:9♥ 4♣=3  B:9♠ 10♥=9  BANKER(W)  | +950원 → 488,650원
H2851 | bet   1,000원 BANKER | P:5♦ J♠ 7♠=2  B:6♦ 5♦ 6♦=7  BANKER(W)  | +950원 → 489,600원
H2852 | bet   1,000원 BANKER | P:6♣ 5♦ 5♠=6  B:K♠ Q♦ K♥=0  PLAYER(L)  | -1,000원 → 488,600원  [start]
H2853 | bet   2,000원 PLAYER | P:Q♥ A♥ K♦=1  B:2♣ 9♦ 6♠=7  BANKER(L)  | -2,000원 → 486,600원
H2854 | bet   4,000원 PLAYER | P:J♦ J♦=0  B:8♥ 10♥=8  BANKER(L)  | -4,000원 → 482,600원
H2855 | bet   8,000원 PLAYER | P:A♣ 7♠=8  B:6♣ 9♦=5  PLAYER(W)  | +8,000원 → 490,600원  [end_win]
H2856 | bet   1,000원 BANKER | P:K♥ 8♣=8  B:5♥ 9♥=4  PLAYER(L)  | -1,000원 → 489,600원  [start]
H2857 | bet   2,000원 PLAYER | P:7♣ 3♥ A♣=1  B:5♥ K♦=5  BANKER(L)  | -2,000원 → 487,600원
H2858 | bet   4,000원 PLAYER | P:A♦ 4♠ 4♣=9  B:10♣ 4♣ Q♣=4  PLAYER(W)  | +4,000원 → 491,600원  [end_win]
H2859 | bet   1,000원 BANKER | P:J♠ 3♠ 2♣=5  B:3♥ K♦ 8♠=1  PLAYER(L)  | -1,000원 → 490,600원  [start]
H2860 | bet   2,000원 PLAYER | P:A♣ A♦ A♥=3  B:K♣ J♣ K♠=0  PLAYER(W)  | +2,000원 → 492,600원  [end_win]
H2861 | bet   1,000원 BANKER | P:7♥ 2♠=9  B:K♣ 9♥=9  TIE(T)  |     0원 → 492,600원
H2862 | bet   1,000원 BANKER | P:5♠ A♣=6  B:9♣ 8♦=7  BANKER(W)  | +950원 → 493,550원
H2863 | bet   1,000원 BANKER | P:K♥ K♥ 7♣=7  B:6♥ A♥=7  TIE(T)  |     0원 → 493,550원
H2864 | bet   1,000원 BANKER | P:4♥ Q♣ 9♣=3  B:7♠ J♠=7  BANKER(W)  | +950원 → 494,500원
H2865 | bet   1,000원 BANKER | P:7♣ 10♥=7  B:9♦ 10♦=9  BANKER(W)  | +950원 → 495,450원
H2866 | bet   1,000원 BANKER | P:6♣ 7♣ 2♦=5  B:A♠ 4♠=5  TIE(T)  |     0원 → 495,450원
H2867 | bet   1,000원 BANKER | P:5♣ Q♣ Q♠=5  B:6♠ 7♥ Q♠=3  PLAYER(L)  | -1,000원 → 494,450원  [start]
H2868 | bet   2,000원 PLAYER | P:9♠ 2♥ A♦=2  B:10♥ K♦ 3♥=3  BANKER(L)  | -2,000원 → 492,450원
H2869 | bet   4,000원 PLAYER | P:9♣ 9♥=8  B:A♦ 8♣=9  BANKER(L)  | -4,000원 → 488,450원
H2870 | bet   8,000원 PLAYER | P:3♣ 2♦ A♣=6  B:10♣ 3♥ 2♦=5  PLAYER(W)  | +8,000원 → 496,450원  [end_win]
H2871 | bet   1,000원 BANKER | P:3♣ Q♦ 5♠=8  B:7♥ 3♦ 8♠=8  TIE(T)  |     0원 → 496,450원
H2872 | bet   1,000원 BANKER | P:6♥ Q♠=6  B:2♦ J♠ 3♠=5  PLAYER(L)  | -1,000원 → 495,450원  [start]
H2873 | bet   2,000원 PLAYER | P:2♠ A♥ 10♥=3  B:A♥ K♦ Q♥=1  PLAYER(W)  | +2,000원 → 497,450원  [end_win]
H2874 | bet   1,000원 BANKER | P:6♥ 3♣=9  B:7♠ K♥=7  PLAYER(L)  | -1,000원 → 496,450원  [start]
H2875 | bet   2,000원 PLAYER | P:2♥ 8♠ Q♣=0  B:8♣ 2♠ 3♦=3  BANKER(L)  | -2,000원 → 494,450원
H2876 | bet   4,000원 PLAYER | P:K♠ 8♦=8  B:7♣ 2♣=9  BANKER(L)  | -4,000원 → 490,450원
H2877 | bet   8,000원 PLAYER | P:7♦ A♥=8  B:7♥ 6♦=3  PLAYER(W)  | +8,000원 → 498,450원  [end_win]
H2878 | bet   1,000원 BANKER | P:8♥ 7♠=5  B:J♣ 8♠=8  BANKER(W)  | +950원 → 499,400원
H2879 | bet   1,000원 BANKER | P:10♥ 4♦ 2♥=6  B:A♣ Q♥ 2♣=3  PLAYER(L)  | -1,000원 → 498,400원  [start]
H2880 | bet   2,000원 PLAYER | P:6♠ 3♦=9  B:7♣ 2♠=9  TIE(T)  |     0원 → 498,400원
H2881 | bet   2,000원 PLAYER | P:Q♠ 8♣=8  B:J♥ 9♠=9  BANKER(L)  | -2,000원 → 496,400원
H2882 | bet   4,000원 PLAYER | P:A♣ Q♣=1  B:10♣ 9♥=9  BANKER(L)  | -4,000원 → 492,400원
H2883 | bet   8,000원 PLAYER | P:10♦ A♦=1  B:7♥ A♠=8  BANKER(L)  | -8,000원 → 484,400원
H2884 | bet  16,000원 PLAYER | P:K♦ 2♦=2  B:5♥ 4♦=9  BANKER(L)  | -16,000원 → 468,400원  [end_giveup]
H2885 | bet   1,000원 BANKER | P:Q♣ A♣=1  B:4♠ 4♣=8  BANKER(W)  | +950원 → 469,350원
H2886 | bet   1,000원 BANKER | P:5♥ 6♣ 8♠=9  B:5♣ 9♣=4  PLAYER(L)  | -1,000원 → 468,350원  [start]
H2887 | bet   2,000원 PLAYER | P:3♣ 5♠=8  B:10♠ 4♥=4  PLAYER(W)  | +2,000원 → 470,350원  [end_win]
H2888 | bet   1,000원 BANKER | P:9♣ K♥=9  B:4♥ 4♠=8  PLAYER(L)  | -1,000원 → 469,350원  [start]
H2889 | bet   2,000원 PLAYER | P:J♦ 3♥ 2♠=5  B:9♦ 5♥ J♦=4  PLAYER(W)  | +2,000원 → 471,350원  [end_win]
H2890 | bet   1,000원 BANKER | P:2♠ A♣ 3♠=6  B:7♥ 8♥=5  PLAYER(L)  | -1,000원 → 470,350원  [start]
H2891 | bet   2,000원 PLAYER | P:9♠ J♦=9  B:10♦ Q♦=0  PLAYER(W)  | +2,000원 → 472,350원  [end_win]
H2892 | bet   1,000원 BANKER | P:2♥ 2♠ A♠=5  B:7♦ 9♦=6  BANKER(W)  | +950원 → 473,300원
H2893 | bet   1,000원 BANKER | P:J♣ 6♥=6  B:K♣ A♦ J♦=1  PLAYER(L)  | -1,000원 → 472,300원  [start]
H2894 | bet   2,000원 PLAYER | P:K♥ K♦ 8♠=8  B:6♠ J♥=6  PLAYER(W)  | +2,000원 → 474,300원  [end_win]
H2895 | bet   1,000원 BANKER | P:10♠ K♣ 8♣=8  B:K♠ 5♣=5  PLAYER(L)  | -1,000원 → 473,300원  [start]
H2896 | bet   2,000원 PLAYER | P:2♥ 8♦ 2♠=2  B:4♠ 2♦=6  BANKER(L)  | -2,000원 → 471,300원
H2897 | bet   4,000원 PLAYER | P:A♠ J♠ K♠=1  B:4♥ A♦=5  BANKER(L)  | -4,000원 → 467,300원
H2898 | bet   8,000원 PLAYER | P:8♠ A♦=9  B:K♦ Q♣=0  PLAYER(W)  | +8,000원 → 475,300원  [end_win]
H2899 | bet   1,000원 BANKER | P:3♣ 10♥ 3♠=6  B:A♠ J♥ 5♦=6  TIE(T)  |     0원 → 475,300원
H2900 | bet   1,000원 BANKER | P:9♥ 3♣ 7♣=9  B:2♦ Q♥ 2♥=4  PLAYER(L)  | -1,000원 → 474,300원  [start]
H2901 | bet   2,000원 PLAYER | P:8♣ K♣=8  B:2♠ 9♦=1  PLAYER(W)  | +2,000원 → 476,300원  [end_win]
H2902 | bet   1,000원 BANKER | P:4♦ 8♦ 9♣=1  B:7♣ 10♦=7  BANKER(W)  | +950원 → 477,250원
H2903 | bet   1,000원 BANKER | P:6♦ Q♣=6  B:7♦ A♦=8  BANKER(W)  | +950원 → 478,200원
H2904 | bet   1,000원 BANKER | P:4♠ Q♣ J♠=4  B:4♦ 2♥=6  BANKER(W)  | +950원 → 479,150원
H2905 | bet   1,000원 BANKER | P:6♥ 2♠=8  B:4♣ 6♦=0  PLAYER(L)  | -1,000원 → 478,150원  [start]
H2906 | bet   2,000원 PLAYER | P:4♠ 6♣ 7♥=7  B:2♥ 5♥=7  TIE(T)  |     0원 → 478,150원
H2907 | bet   2,000원 PLAYER | P:10♣ 9♦=9  B:J♠ 9♣=9  TIE(T)  |     0원 → 478,150원
H2908 | bet   2,000원 PLAYER | P:6♠ A♣=7  B:4♣ 10♠ 2♣=6  PLAYER(W)  | +2,000원 → 480,150원  [end_win]
H2909 | bet   1,000원 BANKER | P:10♠ 5♥ 6♣=1  B:A♥ Q♦ 8♥=9  BANKER(W)  | +950원 → 481,100원
H2910 | bet   1,000원 BANKER | P:5♠ 8♠=3  B:3♦ 6♥=9  BANKER(W)  | +950원 → 482,050원
H2911 | bet   1,000원 BANKER | P:5♥ J♥ K♥=5  B:J♦ Q♦ Q♥=0  PLAYER(L)  | -1,000원 → 481,050원  [start]
H2912 | bet   2,000원 PLAYER | P:8♥ 8♣=6  B:8♥ 7♦ Q♥=5  PLAYER(W)  | +2,000원 → 483,050원  [end_win]
H2913 | bet   1,000원 BANKER | P:3♥ 2♣ 7♦=2  B:K♠ 7♠=7  BANKER(W)  | +950원 → 484,000원
H2914 | bet   1,000원 BANKER | P:7♥ 4♥ A♠=2  B:9♦ 6♣=5  BANKER(W)  | +950원 → 484,950원
H2915 | bet   1,000원 BANKER | P:5♣ A♣=6  B:9♠ 3♥ 8♠=0  PLAYER(L)  | -1,000원 → 483,950원  [start]
H2916 | bet   2,000원 PLAYER | P:5♣ 5♠ 9♠=9  B:A♥ 2♣ 8♦=1  PLAYER(W)  | +2,000원 → 485,950원  [end_win]
H2917 | bet   1,000원 BANKER | P:4♣ 9♦ 8♦=1  B:4♣ 9♦=3  BANKER(W)  | +950원 → 486,900원
H2918 | bet   1,000원 BANKER | P:4♠ 5♦=9  B:J♠ 10♠=0  PLAYER(L)  | -1,000원 → 485,900원  [start]
H2919 | bet   2,000원 PLAYER | P:A♥ 10♠=1  B:9♣ 10♥=9  BANKER(L)  | -2,000원 → 483,900원
H2920 | bet   4,000원 PLAYER | P:2♥ 4♥=6  B:3♥ J♥ 3♣=6  TIE(T)  |     0원 → 483,900원
H2921 | bet   4,000원 PLAYER | P:5♣ 6♠ K♠=1  B:8♦ 4♦ 6♣=8  BANKER(L)  | -4,000원 → 479,900원
H2922 | bet   8,000원 PLAYER | P:J♦ K♣ J♦=0  B:K♦ 7♥=7  BANKER(L)  | -8,000원 → 471,900원
H2923 | bet  16,000원 PLAYER | P:7♠ J♣=7  B:Q♦ 10♥ A♦=1  PLAYER(W)  | +16,000원 → 487,900원  [end_win]
H2924 | bet   1,000원 BANKER | P:K♣ 10♦ Q♣=0  B:2♣ 5♣=7  BANKER(W)  | +950원 → 488,850원
H2925 | bet   1,000원 BANKER | P:4♥ J♠ 10♥=4  B:9♠ 5♠=4  TIE(T)  |     0원 → 488,850원
H2926 | bet   1,000원 BANKER | P:7♣ 7♥ 10♣=4  B:6♠ Q♠=6  BANKER(W)  | +950원 → 489,800원
H2927 | bet   1,000원 BANKER | P:6♠ 3♠=9  B:K♥ J♦=0  PLAYER(L)  | -1,000원 → 488,800원  [start]
H2928 | bet   2,000원 PLAYER | P:7♠ Q♠=7  B:K♥ 6♥=6  PLAYER(W)  | +2,000원 → 490,800원  [end_win]
H2929 | bet   1,000원 BANKER | P:A♠ 5♥=6  B:5♦ A♥=6  TIE(T)  |     0원 → 490,800원
H2930 | bet   1,000원 BANKER | P:9♠ 4♣ 9♠=2  B:6♠ 10♠=6  BANKER(W)  | +950원 → 491,750원
H2931 | bet   1,000원 BANKER | P:6♥ A♥=7  B:3♥ 5♣=8  BANKER(W)  | +950원 → 492,700원
H2932 | bet   1,000원 BANKER | P:Q♥ 9♥=9  B:7♦ J♥=7  PLAYER(L)  | -1,000원 → 491,700원  [start]
H2933 | bet   2,000원 PLAYER | P:3♣ 9♣=2  B:3♠ 6♦=9  BANKER(L)  | -2,000원 → 489,700원
H2934 | bet   4,000원 PLAYER | P:J♣ 6♣=6  B:5♦ 6♠ 8♥=9  BANKER(L)  | -4,000원 → 485,700원
H2935 | bet   8,000원 PLAYER | P:A♣ 5♣=6  B:2♦ 5♦=7  BANKER(L)  | -8,000원 → 477,700원
H2936 | bet  16,000원 PLAYER | P:J♣ 7♣=7  B:2♣ 7♠=9  BANKER(L)  | -16,000원 → 461,700원  [end_giveup]
H2937 | bet   1,000원 BANKER | P:K♦ Q♠ 6♥=6  B:Q♦ 6♦ 3♥=9  BANKER(W)  | +950원 → 462,650원
H2938 | bet   1,000원 BANKER | P:5♦ 5♠=0  B:9♥ K♠=9  BANKER(W)  | +950원 → 463,600원
H2939 | bet   1,000원 BANKER | P:8♣ Q♦=8  B:6♣ 6♦=2  PLAYER(L)  | -1,000원 → 462,600원  [start]
H2940 | bet   2,000원 PLAYER | P:Q♠ 7♠=7  B:10♠ K♥ Q♠=0  PLAYER(W)  | +2,000원 → 464,600원  [end_win]
H2941 | bet   1,000원 BANKER | P:8♥ J♠=8  B:3♥ 5♠=8  TIE(T)  |     0원 → 464,600원
H2942 | bet   1,000원 BANKER | P:K♦ 4♦ 2♣=6  B:3♣ 3♠=6  TIE(T)  |     0원 → 464,600원
H2943 | bet   1,000원 BANKER | P:7♣ 3♦ 10♣=0  B:A♣ Q♣ 2♦=3  BANKER(W)  | +950원 → 465,550원
H2944 | bet   1,000원 BANKER | P:Q♣ 6♦=6  B:7♥ A♦=8  BANKER(W)  | +950원 → 466,500원
H2945 | bet   1,000원 BANKER | P:9♠ 8♣=7  B:7♦ 2♦=9  BANKER(W)  | +950원 → 467,450원
H2946 | bet   1,000원 BANKER | P:2♦ 10♥ A♠=3  B:K♣ 4♠=4  BANKER(W)  | +950원 → 468,400원
H2947 | bet   1,000원 BANKER | P:4♠ K♣ 10♥=4  B:10♦ Q♠ 4♦=4  TIE(T)  |     0원 → 468,400원
H2948 | bet   1,000원 BANKER | P:Q♦ J♥=0  B:Q♥ 9♥=9  BANKER(W)  | +950원 → 469,350원
H2949 | bet   1,000원 BANKER | P:4♦ J♠ 8♠=2  B:6♥ J♠=6  BANKER(W)  | +950원 → 470,300원
H2950 | bet   1,000원 BANKER | P:9♣ 2♠ 10♦=1  B:3♦ 10♦ J♣=3  BANKER(W)  | +950원 → 471,250원
H2951 | bet   1,000원 BANKER | P:3♥ Q♦ A♥=4  B:2♥ 9♥ K♣=1  PLAYER(L)  | -1,000원 → 470,250원  [start]
H2952 | bet   2,000원 PLAYER | P:K♠ Q♥ 8♣=8  B:A♠ K♠ 10♣=1  PLAYER(W)  | +2,000원 → 472,250원  [end_win]
H2953 | bet   1,000원 BANKER | P:9♣ 3♠ 9♥=1  B:10♥ 7♣=7  BANKER(W)  | +950원 → 473,200원
H2954 | bet   1,000원 BANKER | P:8♥ 4♥=2  B:4♥ 4♣=8  BANKER(W)  | +950원 → 474,150원
H2955 | bet   1,000원 BANKER | P:6♥ 3♦=9  B:A♦ J♥=1  PLAYER(L)  | -1,000원 → 473,150원  [start]
H2956 | bet   2,000원 PLAYER | P:3♦ 3♦=6  B:3♦ J♣ 10♣=3  PLAYER(W)  | +2,000원 → 475,150원  [end_win]
H2957 | bet   1,000원 BANKER | P:A♥ 2♦ 5♦=8  B:K♦ 7♦=7  PLAYER(L)  | -1,000원 → 474,150원  [start]
H2958 | bet   2,000원 PLAYER | P:8♦ 5♦ K♥=3  B:8♣ 8♦=6  BANKER(L)  | -2,000원 → 472,150원
H2959 | bet   4,000원 PLAYER | P:10♦ 6♣=6  B:10♣ 3♠ 6♦=9  BANKER(L)  | -4,000원 → 468,150원
H2960 | bet   8,000원 PLAYER | P:3♣ 9♥ 8♠=0  B:Q♠ 5♠=5  BANKER(L)  | -8,000원 → 460,150원
H2961 | bet  16,000원 PLAYER | P:3♣ 3♠=6  B:Q♥ 2♣ 4♣=6  TIE(T)  |     0원 → 460,150원
H2962 | bet  16,000원 PLAYER | P:Q♦ 6♦=6  B:4♦ Q♥ 8♣=2  PLAYER(W)  | +16,000원 → 476,150원  [end_win]
H2963 | bet   1,000원 BANKER | P:3♥ Q♦ K♥=3  B:J♠ K♠ 7♠=7  BANKER(W)  | +950원 → 477,100원
H2964 | bet   1,000원 BANKER | P:4♥ 7♠ 6♦=7  B:5♦ 2♣=7  TIE(T)  |     0원 → 477,100원
H2965 | bet   1,000원 BANKER | P:4♣ 2♦=6  B:2♥ 6♠=8  BANKER(W)  | +950원 → 478,050원
H2966 | bet   1,000원 BANKER | P:2♠ Q♦ 4♥=6  B:8♣ 9♥=7  BANKER(W)  | +950원 → 479,000원
H2967 | bet   1,000원 BANKER | P:8♥ 4♣ 6♦=8  B:10♠ 2♣ 4♥=6  PLAYER(L)  | -1,000원 → 478,000원  [start]
H2968 | bet   2,000원 PLAYER | P:8♥ K♣=8  B:A♣ J♥=1  PLAYER(W)  | +2,000원 → 480,000원  [end_win]
H2969 | bet   1,000원 BANKER | P:10♠ 7♥=7  B:5♠ J♥ K♥=5  PLAYER(L)  | -1,000원 → 479,000원  [start]
H2970 | bet   2,000원 PLAYER | P:J♥ 3♠ 10♥=3  B:Q♣ A♣ 9♦=0  PLAYER(W)  | +2,000원 → 481,000원  [end_win]
H2971 | bet   1,000원 BANKER | P:K♥ 4♣ 7♣=1  B:K♦ 6♦ 7♠=3  BANKER(W)  | +950원 → 481,950원
H2972 | bet   1,000원 BANKER | P:4♥ 3♥=7  B:Q♥ Q♦ 2♥=2  PLAYER(L)  | -1,000원 → 480,950원  [start]
H2973 | bet   2,000원 PLAYER | P:2♥ 6♠=8  B:6♥ K♣=6  PLAYER(W)  | +2,000원 → 482,950원  [end_win]
H2974 | bet   1,000원 BANKER | P:9♦ 9♠=8  B:K♦ A♠=1  PLAYER(L)  | -1,000원 → 481,950원  [start]
H2975 | bet   2,000원 PLAYER | P:3♦ 3♥=6  B:K♣ 7♦=7  BANKER(L)  | -2,000원 → 479,950원
H2976 | bet   4,000원 PLAYER | P:3♠ Q♥=3  B:8♣ K♥=8  BANKER(L)  | -4,000원 → 475,950원
H2977 | bet   8,000원 PLAYER | P:5♣ 3♥=8  B:7♥ K♣=7  PLAYER(W)  | +8,000원 → 483,950원  [end_win]
H2978 | bet   1,000원 BANKER | P:6♣ 4♠ 10♥=0  B:9♣ 3♣ 9♦=1  BANKER(W)  | +950원 → 484,900원
H2979 | bet   1,000원 BANKER | P:3♦ K♠=3  B:K♦ 8♥=8  BANKER(W)  | +950원 → 485,850원
H2980 | bet   1,000원 BANKER | P:8♥ 5♦=3  B:A♠ 7♥=8  BANKER(W)  | +950원 → 486,800원
H2981 | bet   1,000원 BANKER | P:5♣ 10♠ 9♥=4  B:2♠ 4♠=6  BANKER(W)  | +950원 → 487,750원
H2982 | bet   1,000원 BANKER | P:9♦ 2♠ 6♣=7  B:3♠ J♦ J♠=3  PLAYER(L)  | -1,000원 → 486,750원  [start]
H2983 | bet   2,000원 PLAYER | P:3♦ A♦ 9♠=3  B:8♦ 5♣ 4♦=7  BANKER(L)  | -2,000원 → 484,750원
H2984 | bet   4,000원 PLAYER | P:10♣ 5♣ Q♠=5  B:J♥ A♣ Q♠=1  PLAYER(W)  | +4,000원 → 488,750원  [end_win]
H2985 | bet   1,000원 BANKER | P:K♦ 4♠ 9♣=3  B:3♦ 3♣=6  BANKER(W)  | +950원 → 489,700원
H2986 | bet   1,000원 BANKER | P:4♠ Q♣ 5♥=9  B:Q♥ 7♦=7  PLAYER(L)  | -1,000원 → 488,700원  [start]
H2987 | bet   2,000원 PLAYER | P:7♠ K♥=7  B:6♥ J♠=6  PLAYER(W)  | +2,000원 → 490,700원  [end_win]
H2988 | bet   1,000원 BANKER | P:9♠ 3♠=2  B:7♣ A♠=8  BANKER(W)  | +950원 → 491,650원
H2989 | bet   1,000원 BANKER | P:2♠ 5♦=7  B:J♦ K♣ 3♦=3  PLAYER(L)  | -1,000원 → 490,650원  [start]
H2990 | bet   2,000원 PLAYER | P:7♣ A♣=8  B:2♥ 10♣=2  PLAYER(W)  | +2,000원 → 492,650원  [end_win]
H2991 | bet   1,000원 BANKER | P:7♠ 5♠=2  B:9♣ 10♣=9  BANKER(W)  | +950원 → 493,600원
H2992 | bet   1,000원 BANKER | P:10♦ Q♥ J♥=0  B:A♥ 5♠=6  BANKER(W)  | +950원 → 494,550원
H2993 | bet   1,000원 BANKER | P:2♣ 10♣ 6♦=8  B:8♦ 8♠ 10♠=6  PLAYER(L)  | -1,000원 → 493,550원  [start]
H2994 | bet   2,000원 PLAYER | P:7♣ A♥=8  B:3♣ A♠=4  PLAYER(W)  | +2,000원 → 495,550원  [end_win]
H2995 | bet   1,000원 BANKER | P:8♦ 9♦=7  B:3♦ K♣ 5♥=8  BANKER(W)  | +950원 → 496,500원
H2996 | bet   1,000원 BANKER | P:5♥ J♠=5  B:9♥ J♥=9  BANKER(W)  | +950원 → 497,450원
H2997 | bet   1,000원 BANKER | P:6♣ Q♣=6  B:Q♠ K♦ 4♣=4  PLAYER(L)  | -1,000원 → 496,450원  [start]
H2998 | bet   2,000원 PLAYER | P:7♦ 5♠=2  B:10♥ 9♠=9  BANKER(L)  | -2,000원 → 494,450원
H2999 | bet   4,000원 PLAYER | P:7♠ K♦=7  B:5♦ Q♥ Q♥=5  PLAYER(W)  | +4,000원 → 498,450원  [end_win]
H3000 | bet   1,000원 BANKER | P:K♣ 4♥ 8♠=2  B:5♠ 7♦ 10♥=2  TIE(T)  |     0원 → 498,450원
H3001 | bet   1,000원 BANKER | P:5♥ A♠=6  B:2♠ 4♦=6  TIE(T)  |     0원 → 498,450원
H3002 | bet   1,000원 BANKER | P:5♥ 2♦=7  B:2♠ 7♥=9  BANKER(W)  | +950원 → 499,400원
H3003 | bet   1,000원 BANKER | P:7♥ 7♣ 9♣=3  B:8♣ 3♣ Q♠=1  PLAYER(L)  | -1,000원 → 498,400원  [start]
H3004 | bet   2,000원 PLAYER | P:2♦ 3♥ 9♥=4  B:4♠ 6♥ Q♣=0  PLAYER(W)  | +2,000원 → 500,400원  [end_win]

Result: WIN
Final: 500,400원  Hands: 3004  Bets: 2698  Wagered: 6,667,000원  Max losing streak: 9
