=== Session 61 ===
Seed: 6897493091761027453
Initial: 100,000원  Target: 500,000원  Ruin: 50,000원  Table-max: 100,000원
Strategy: martingale (pivot, steps=5)
Base bet: 1,000원  Primary side: BANKER

H001 | bet   1,000원 BANKER | P:8♣ Q♣=8  B:9♣ 8♦=7  PLAYER(L)  | -1,000원 → 99,000원  [start]
H002 | bet   2,000원 PLAYER | P:6♥ 5♦ 5♥=6  B:Q♦ Q♣ Q♥=0  PLAYER(W)  | +2,000원 → 101,000원  [end_win]
H003 | bet   1,000원 BANKER | P:10♦ 7♥=7  B:8♠ 2♠ 6♠=6  PLAYER(L)  | -1,000원 → 100,000원  [start]
H004 | bet   2,000원 PLAYER | P:Q♠ 3♣ 3♦=6  B:10♦ 6♦=6  TIE(T)  |     0원 → 100,000원
H005 | bet   2,000원 PLAYER | P:J♣ 5♠=5  B:K♣ 8♥=8  BANKER(L)  | -2,000원 → 98,000원
H006 | bet   4,000원 PLAYER | P:2♥ 3♦=5  B:9♣ J♠=9  BANKER(L)  | -4,000원 → 94,000원
H007 | bet   8,000원 PLAYER | P:10♣ 7♣=7  B:Q♦ J♦ 9♦=9  BANKER(L)  | -8,000원 → 86,000원
H008 | bet  16,000원 PLAYER | P:2♦ 10♣ 5♠=7  B:A♠ 3♠ 10♥=4  PLAYER(W)  | +16,000원 → 102,000원  [end_win]
H009 | bet   1,000원 BANKER | P:3♦ 5♣=8  B:Q♣ 4♦=4  PLAYER(L)  | -1,000원 → 101,000원  [start]
H010 | bet   2,000원 PLAYER | P:10♣ Q♣ 8♠=8  B:J♠ K♦ 6♣=6  PLAYER(W)  | +2,000원 → 103,000원  [end_win]
H011 | bet   1,000원 BANKER | P:2♦ 8♥ 5♣=5  B:Q♠ 6♠=6  BANKER(W)  | +950원 → 103,950원
H012 | bet   1,000원 BANKER | P:8♥ A♦=9  B:J♠ 4♥=4  PLAYER(L)  | -1,000원 → 102,950원  [start]
H013 | bet   2,000원 PLAYER | P:K♦ K♦ 6♣=6  B:K♣ 6♣ 3♥=9  BANKER(L)  | -2,000원 → 100,950원
H014 | bet   4,000원 PLAYER | P:J♣ 5♠ 3♣=8  B:8♠ 2♣ 4♠=4  PLAYER(W)  | +4,000원 → 104,950원  [end_win]
H015 | bet   1,000원 BANKER | P:A♦ 6♣=7  B:J♦ K♥ J♥=0  PLAYER(L)  | -1,000원 → 103,950원  [start]
H016 | bet   2,000원 PLAYER | P:A♣ J♦ 7♥=8  B:J♣ 5♦ J♥=5  PLAYER(W)  | +2,000원 → 105,950원  [end_win]
H017 | bet   1,000원 BANKER | P:K♠ 7♣=7  B:J♣ 4♥ 10♦=4  PLAYER(L)  | -1,000원 → 104,950원  [start]
H018 | bet   2,000원 PLAYER | P:3♥ 9♣ 2♠=4  B:2♣ 2♦ 8♣=2  PLAYER(W)  | +2,000원 → 106,950원  [end_win]
H019 | bet   1,000원 BANKER | P:J♣ 4♣ 10♠=4  B:K♣ 4♦=4  TIE(T)  |     0원 → 106,950원
H020 | bet   1,000원 BANKER | P:10♦ 9♠=9  B:8♠ 10♥=8  PLAYER(L)  | -1,000원 → 105,950원  [start]
H021 | bet   2,000원 PLAYER | P:K♦ 3♦ 10♣=3  B:A♦ Q♠ 9♥=0  PLAYER(W)  | +2,000원 → 107,950원  [end_win]
H022 | bet   1,000원 BANKER | P:K♣ K♠ 7♣=7  B:4♠ 8♦ 10♣=2  PLAYER(L)  | -1,000원 → 106,950원  [start]
H023 | bet   2,000원 PLAYER | P:2♥ 9♦ K♠=1  B:6♠ A♥=7  BANKER(L)  | -2,000원 → 104,950원
H024 | bet   4,000원 PLAYER | P:A♥ 10♥ 5♦=6  B:J♦ 10♣ 3♦=3  PLAYER(W)  | +4,000원 → 108,950원  [end_win]
H025 | bet   1,000원 BANKER | P:A♥ 3♦ Q♠=4  B:7♥ 9♣=6  BANKER(W)  | +950원 → 109,900원
H026 | bet   1,000원 BANKER | P:K♠ 7♠=7  B:K♣ 4♥ 7♠=1  PLAYER(L)  | -1,000원 → 108,900원  [start]
H027 | bet   2,000원 PLAYER | P:8♠ 9♥=7  B:4♠ 6♦ A♥=1  PLAYER(W)  | +2,000원 → 110,900원  [end_win]
H028 | bet   1,000원 BANKER | P:Q♥ 2♣ J♥=2  B:6♥ K♥=6  BANKER(W)  | +950원 → 111,850원
H029 | bet   1,000원 BANKER | P:A♠ 4♣ 5♣=0  B:4♣ 2♥=6  BANKER(W)  | +950원 → 112,800원
H030 | bet   1,000원 BANKER | P:4♥ 6♦ J♥=0  B:7♠ 3♣ 2♥=2  BANKER(W)  | +950원 → 113,750원
H031 | bet   1,000원 BANKER | P:Q♦ J♠ K♠=0  B:4♣ 7♠ 2♦=3  BANKER(W)  | +950원 → 114,700원
H032 | bet   1,000원 BANKER | P:7♥ A♣=8  B:5♣ 9♠=4  PLAYER(L)  | -1,000원 → 113,700원  [start]
H033 | bet   2,000원 PLAYER | P:9♦ 2♦ A♥=2  B:K♠ 6♦=6  BANKER(L)  | -2,000원 → 111,700원
H034 | bet   4,000원 PLAYER | P:10♠ 3♥ 6♠=9  B:2♥ 8♣ 6♠=6  PLAYER(W)  | +4,000원 → 115,700원  [end_win]
H035 | bet   1,000원 BANKER | P:3♥ A♥ K♠=4  B:6♣ J♣=6  BANKER(W)  | +950원 → 116,650원
H036 | bet   1,000원 BANKER | P:K♥ 3♥ 3♦=6  B:4♣ Q♥ 8♠=2  PLAYER(L)  | -1,000원 → 115,650원  [start]
H037 | bet   2,000원 PLAYER | P:6♥ 6♥ K♠=2  B:9♣ 8♦=7  BANKER(L)  | -2,000원 → 113,650원
H038 | bet   4,000원 PLAYER | P:2♠ 9♣ 2♦=3  B:5♠ 7♣ 5♠=7  BANKER(L)  | -4,000원 → 109,650원
H039 | bet   8,000원 PLAYER | P:K♥ Q♣ 6♥=6  B:5♦ Q♦ 2♦=7  BANKER(L)  | -8,000원 → 101,650원
H040 | bet  16,000원 PLAYER | P:Q♠ A♣=1  B:3♣ 5♠=8  BANKER(L)  | -16,000원 → 85,650원
H041 | bet  32,000원 PLAYER | P:3♥ 8♥ 2♠=3  B:4♦ 8♣ 10♣=2  PLAYER(W)  | +32,000원 → 117,650원  [end_win]
H042 | bet   1,000원 BANKER | P:9♣ 10♦=9  B:4♦ 10♥=4  PLAYER(L)  | -1,000원 → 116,650원  [start]
H043 | bet   2,000원 PLAYER | P:A♠ 8♣=9  B:4♠ 8♣=2  PLAYER(W)  | +2,000원 → 118,650원  [end_win]
H044 | bet   1,000원 BANKER | P:6♣ 9♠=5  B:8♥ 10♥=8  BANKER(W)  | +950원 → 119,600원
H045 | bet   1,000원 BANKER | P:9♦ 3♠ 10♦=2  B:8♣ 9♦=7  BANKER(W)  | +950원 → 120,550원
H046 | bet   1,000원 BANKER | P:A♦ 9♠ 4♠=4  B:2♠ 3♠ J♥=5  BANKER(W)  | +950원 → 121,500원
H047 | bet   1,000원 BANKER | P:10♠ Q♥ 7♦=7  B:J♥ 5♠ 6♠=1  PLAYER(L)  | -1,000원 → 120,500원  [start]
H048 | bet   2,000원 PLAYER | P:10♣ 9♠=9  B:5♥ K♥=5  PLAYER(W)  | +2,000원 → 122,500원  [end_win]
H049 | bet   1,000원 BANKER | P:4♥ K♣ 5♣=9  B:5♥ 5♦ 4♣=4  PLAYER(L)  | -1,000원 → 121,500원  [start]
H050 | bet   2,000원 PLAYER | P:Q♥ A♣ 9♥=0  B:J♣ Q♠ 10♠=0  TIE(T)  |     0원 → 121,500원
H051 | bet   2,000원 PLAYER | P:J♠ 7♦=7  B:10♦ A♣ 5♥=6  PLAYER(W)  | +2,000원 → 123,500원  [end_win]
H052 | bet   1,000원 BANKER | P:3♦ 8♦ 2♣=3  B:7♦ 5♦ 5♦=7  BANKER(W)  | +950원 → 124,450원
H053 | bet   1,000원 BANKER | P:9♣ 4♣ Q♠=3  B:8♠ 8♣=6  BANKER(W)  | +950원 → 125,400원
H054 | bet   1,000원 BANKER | P:Q♦ 6♥=6  B:9♥ J♦=9  BANKER(W)  | +950원 → 126,350원
H055 | bet   1,000원 BANKER | P:3♠ 8♥ Q♥=1  B:5♥ 9♦=4  BANKER(W)  | +950원 → 127,300원
H056 | bet   1,000원 BANKER | P:7♣ 4♦=1  B:A♣ 7♥=8  BANKER(W)  | +950원 → 128,250원
H057 | bet   1,000원 BANKER | P:4♠ J♠=4  B:3♠ 5♣=8  BANKER(W)  | +950원 → 129,200원
H058 | bet   1,000원 BANKER | P:A♦ 6♣=7  B:3♣ 2♥ 7♠=2  PLAYER(L)  | -1,000원 → 128,200원  [start]
H059 | bet   2,000원 PLAYER | P:2♣ 2♣ 10♥=4  B:K♦ 10♠ 2♠=2  PLAYER(W)  | +2,000원 → 130,200원  [end_win]
H060 | bet   1,000원 BANKER | P:Q♦ 2♥ 7♦=9  B:2♠ 3♥ 6♥=1  PLAYER(L)  | -1,000원 → 129,200원  [start]
H061 | bet   2,000원 PLAYER | P:9♦ K♦=9  B:A♣ 8♦=9  TIE(T)  |     0원 → 129,200원
H062 | bet   2,000원 PLAYER | P:5♥ 6♠ 6♦=7  B:J♦ 7♣=7  TIE(T)  |     0원 → 129,200원
H063 | bet   2,000원 PLAYER | P:7♠ J♥=7  B:6♦ 6♥ Q♣=2  PLAYER(W)  | +2,000원 → 131,200원  [end_win]
H064 | bet   1,000원 BANKER | P:9♠ 3♠ 6♦=8  B:A♠ 5♥ 10♠=6  PLAYER(L)  | -1,000원 → 130,200원  [start]
H065 | bet   2,000원 PLAYER | P:2♦ 4♠=6  B:Q♥ A♠ 4♠=5  PLAYER(W)  | +2,000원 → 132,200원  [end_win]
H066 | bet   1,000원 BANKER | P:10♥ 8♦=8  B:8♥ 3♣=1  PLAYER(L)  | -1,000원 → 131,200원  [start]
H067 | bet   2,000원 PLAYER | P:4♥ 7♠ 9♠=0  B:Q♦ 10♠ 6♣=6  BANKER(L)  | -2,000원 → 129,200원
H068 | bet   4,000원 PLAYER | P:J♦ 7♦=7  B:8♦ 10♠=8  BANKER(L)  | -4,000원 → 125,200원
H069 | bet   8,000원 PLAYER | P:4♦ J♠ 5♦=9  B:7♠ 5♠ Q♣=2  PLAYER(W)  | +8,000원 → 133,200원  [end_win]
H070 | bet   1,000원 BANKER | P:3♣ A♠ Q♣=4  B:7♦ 4♦ Q♥=1  PLAYER(L)  | -1,000원 → 132,200원  [start]
H071 | bet   2,000원 PLAYER | P:7♦ 10♥=7  B:K♥ J♠ J♥=0  PLAYER(W)  | +2,000원 → 134,200원  [end_win]
H072 | bet   1,000원 BANKER | P:3♠ 5♥=8  B:9♠ 9♥=8  TIE(T)  |     0원 → 134,200원
H073 | bet   1,000원 BANKER | P:4♣ Q♠ K♥=4  B:6♦ 8♠=4  TIE(T)  |     0원 → 134,200원
H074 | bet   1,000원 BANKER | P:8♦ 2♠=0  B:9♥ J♣=9  BANKER(W)  | +950원 → 135,150원
H075 | bet   1,000원 BANKER | P:K♦ A♥ 9♦=0  B:3♣ A♣=4  BANKER(W)  | +950원 → 136,100원
H076 | bet   1,000원 BANKER | P:J♦ 9♥=9  B:Q♦ K♣=0  PLAYER(L)  | -1,000원 → 135,100원  [start]
H077 | bet   2,000원 PLAYER | P:7♥ 8♥ 7♣=2  B:9♥ A♠ 4♥=4  BANKER(L)  | -2,000원 → 133,100원
H078 | bet   4,000원 PLAYER | P:K♥ 2♥ 4♥=6  B:A♦ 3♠ K♦=4  PLAYER(W)  | +4,000원 → 137,100원  [end_win]
H079 | bet   1,000원 BANKER | P:7♦ 6♠ 5♣=8  B:4♦ A♠ 3♥=8  TIE(T)  |     0원 → 137,100원
H080 | bet   1,000원 BANKER | P:10♦ 7♣=7  B:4♠ Q♣ K♣=4  PLAYER(L)  | -1,000원 → 136,100원  [start]
H081 | bet   2,000원 PLAYER | P:2♥ K♠ 7♥=9  B:6♦ 8♣ J♦=4  PLAYER(W)  | +2,000원 → 138,100원  [end_win]
H082 | bet   1,000원 BANKER | P:Q♣ 5♥ 2♣=7  B:J♣ A♠ A♣=2  PLAYER(L)  | -1,000원 → 137,100원  [start]
H083 | bet   2,000원 PLAYER | P:J♠ 7♦=7  B:J♥ 2♣ K♦=2  PLAYER(W)  | +2,000원 → 139,100원  [end_win]
H084 | bet   1,000원 BANKER | P:9♣ 10♥=9  B:K♦ 9♥=9  TIE(T)  |     0원 → 139,100원
H085 | bet   1,000원 BANKER | P:3♣ 2♥ K♠=5  B:9♥ 7♣=6  BANKER(W)  | +950원 → 140,050원
H086 | bet   1,000원 BANKER | P:3♣ 8♠=1  B:8♦ 10♥=8  BANKER(W)  | +950원 → 141,000원
H087 | bet   1,000원 BANKER | P:5♠ J♦ 9♥=4  B:9♣ 5♥=4  TIE(T)  |     0원 → 141,000원
H088 | bet   1,000원 BANKER | P:A♦ 5♦=6  B:5♠ A♠=6  TIE(T)  |     0원 → 141,000원
H089 | bet   1,000원 BANKER | P:10♠ 3♦=3  B:2♣ 7♠=9  BANKER(W)  | +950원 → 141,950원
H090 | bet   1,000원 BANKER | P:J♦ 4♦ 8♣=2  B:2♦ 9♦ 5♣=6  BANKER(W)  | +950원 → 142,900원
H091 | bet   1,000원 BANKER | P:8♣ Q♠=8  B:10♠ Q♣=0  PLAYER(L)  | -1,000원 → 141,900원  [start]
H092 | bet   2,000원 PLAYER | P:3♦ 3♣=6  B:7♠ 6♣ 6♣=9  BANKER(L)  | -2,000원 → 139,900원
H093 | bet   4,000원 PLAYER | P:Q♥ 8♣=8  B:10♦ 9♣=9  BANKER(L)  | -4,000원 → 135,900원
H094 | bet   8,000원 PLAYER | P:Q♠ Q♦ Q♥=0  B:J♦ 7♣=7  BANKER(L)  | -8,000원 → 127,900원
H095 | bet  16,000원 PLAYER | P:8♥ A♦=9  B:J♥ 5♣=5  PLAYER(W)  | +16,000원 → 143,900원  [end_win]
H096 | bet   1,000원 BANKER | P:5♦ 9♥ 8♥=2  B:10♣ Q♦ K♠=0  PLAYER(L)  | -1,000원 → 142,900원  [start]
H097 | bet   2,000원 PLAYER | P:9♦ 4♠ A♣=4  B:4♦ A♦=5  BANKER(L)  | -2,000원 → 140,900원
H098 | bet   4,000원 PLAYER | P:2♠ 7♣=9  B:K♠ 5♠=5  PLAYER(W)  | +4,000원 → 144,900원  [end_win]
H099 | bet   1,000원 BANKER | P:4♣ 9♠ 2♦=5  B:8♠ 3♣ 6♣=7  BANKER(W)  | +950원 → 145,850원
H100 | bet   1,000원 BANKER | P:K♥ 5♦ 9♠=4  B:10♣ 6♥=6  BANKER(W)  | +950원 → 146,800원
H101 | bet   1,000원 BANKER | P:9♥ 5♥=4  B:2♠ 7♣=9  BANKER(W)  | +950원 → 147,750원
H102 | bet   1,000원 BANKER | P:A♥ 10♥ 5♠=6  B:Q♣ J♥ Q♥=0  PLAYER(L)  | -1,000원 → 146,750원  [start]
H103 | bet   2,000원 PLAYER | P:4♣ Q♠ 4♥=8  B:A♦ 4♦ 4♠=9  BANKER(L)  | -2,000원 → 144,750원
H104 | bet   4,000원 PLAYER | P:9♠ J♠=9  B:A♦ 9♠=0  PLAYER(W)  | +4,000원 → 148,750원  [end_win]
H105 | bet   1,000원 BANKER | P:3♠ 4♦=7  B:7♠ K♦=7  TIE(T)  |     0원 → 148,750원
H106 | bet   1,000원 BANKER | P:3♥ 4♣=7  B:7♠ 7♥ 2♣=6  PLAYER(L)  | -1,000원 → 147,750원  [start]
H107 | bet   2,000원 PLAYER | P:5♦ 3♣=8  B:10♦ 3♥=3  PLAYER(W)  | +2,000원 → 149,750원  [end_win]
H108 | bet   1,000원 BANKER | P:K♣ A♥ 7♥=8  B:J♠ 6♣ 5♥=1  PLAYER(L)  | -1,000원 → 148,750원  [start]
H109 | bet   2,000원 PLAYER | P:A♣ K♥ 6♦=7  B:6♣ K♥ 10♦=6  PLAYER(W)  | +2,000원 → 150,750원  [end_win]
H110 | bet   1,000원 BANKER | P:9♣ 3♣=2  B:8♥ Q♠=8  BANKER(W)  | +950원 → 151,700원
H111 | bet   1,000원 BANKER | P:10♣ 10♥ 10♥=0  B:7♣ 6♣ 3♠=6  BANKER(W)  | +950원 → 152,650원
H112 | bet   1,000원 BANKER | P:3♠ 10♠ K♣=3  B:3♠ 9♥ 4♠=6  BANKER(W)  | +950원 → 153,600원
H113 | bet   1,000원 BANKER | P:8♣ 6♥ A♣=5  B:4♥ 3♥=7  BANKER(W)  | +950원 → 154,550원
H114 | bet   1,000원 BANKER | P:2♥ 2♦ 6♠=0  B:6♠ K♥ 2♣=8  BANKER(W)  | +950원 → 155,500원
H115 | bet   1,000원 BANKER | P:10♦ Q♣ J♥=0  B:8♣ 2♥ 4♦=4  BANKER(W)  | +950원 → 156,450원
H116 | bet   1,000원 BANKER | P:7♠ 4♥=1  B:A♥ 7♥=8  BANKER(W)  | +950원 → 157,400원
H117 | bet   1,000원 BANKER | P:J♥ 8♣=8  B:2♥ 8♦=0  PLAYER(L)  | -1,000원 → 156,400원  [start]
H118 | bet   2,000원 PLAYER | P:4♥ J♥ 5♦=9  B:2♣ 10♠ A♣=3  PLAYER(W)  | +2,000원 → 158,400원  [end_win]
H119 | bet   1,000원 BANKER | P:6♥ 2♣=8  B:A♥ Q♣=1  PLAYER(L)  | -1,000원 → 157,400원  [start]
H120 | bet   2,000원 PLAYER | P:7♦ 10♣=7  B:3♦ K♦ 2♠=5  PLAYER(W)  | +2,000원 → 159,400원  [end_win]
H121 | bet   1,000원 BANKER | P:J♦ 10♠ 4♣=4  B:7♦ 10♦=7  BANKER(W)  | +950원 → 160,350원
H122 | bet   1,000원 BANKER | P:A♠ 7♣=8  B:J♠ K♣=0  PLAYER(L)  | -1,000원 → 159,350원  [start]
H123 | bet   2,000원 PLAYER | P:3♦ 6♦=9  B:5♠ J♣=5  PLAYER(W)  | +2,000원 → 161,350원  [end_win]
H124 | bet   1,000원 BANKER | P:K♣ 9♦=9  B:8♥ A♠=9  TIE(T)  |     0원 → 161,350원
H125 | bet   1,000원 BANKER | P:6♠ 3♥=9  B:10♠ 4♥=4  PLAYER(L)  | -1,000원 → 160,350원  [start]
H126 | bet   2,000원 PLAYER | P:8♠ A♥=9  B:Q♥ 4♥=4  PLAYER(W)  | +2,000원 → 162,350원  [end_win]
H127 | bet   1,000원 BANKER | P:8♥ 9♣=7  B:2♥ 6♦=8  BANKER(W)  | +950원 → 163,300원
H128 | bet   1,000원 BANKER | P:A♠ Q♠ 2♦=3  B:Q♦ 2♠ 4♣=6  BANKER(W)  | +950원 → 164,250원
H129 | bet   1,000원 BANKER | P:A♠ 8♦=9  B:8♥ J♥=8  PLAYER(L)  | -1,000원 → 163,250원  [start]
H130 | bet   2,000원 PLAYER | P:7♠ K♠=7  B:J♥ 8♦=8  BANKER(L)  | -2,000원 → 161,250원
H131 | bet   4,000원 PLAYER | P:6♦ 3♥=9  B:4♥ A♠=5  PLAYER(W)  | +4,000원 → 165,250원  [end_win]
H132 | bet   1,000원 BANKER | P:3♥ Q♥ 5♠=8  B:5♠ 9♥ 5♥=9  BANKER(W)  | +950원 → 166,200원
H133 | bet   1,000원 BANKER | P:J♠ 3♠=3  B:A♥ 8♠=9  BANKER(W)  | +950원 → 167,150원
H134 | bet   1,000원 BANKER | P:Q♣ 3♦ 2♠=5  B:J♦ Q♦ 2♥=2  PLAYER(L)  | -1,000원 → 166,150원  [start]
H135 | bet   2,000원 PLAYER | P:6♠ 6♠ 5♣=7  B:Q♦ 3♠ 2♠=5  PLAYER(W)  | +2,000원 → 168,150원  [end_win]
H136 | bet   1,000원 BANKER | P:9♣ 7♠=6  B:2♦ 10♥ 2♣=4  PLAYER(L)  | -1,000원 → 167,150원  [start]
H137 | bet   2,000원 PLAYER | P:J♠ 8♣=8  B:5♦ 10♥=5  PLAYER(W)  | +2,000원 → 169,150원  [end_win]
H138 | bet   1,000원 BANKER | P:4♣ 7♥=1  B:J♠ 8♦=8  BANKER(W)  | +950원 → 170,100원
H139 | bet   1,000원 BANKER | P:4♠ 4♠=8  B:9♦ J♣=9  BANKER(W)  | +950원 → 171,050원
H140 | bet   1,000원 BANKER | P:K♣ 8♦=8  B:8♠ A♦=9  BANKER(W)  | +950원 → 172,000원
H141 | bet   1,000원 BANKER | P:5♣ 8♠=3  B:6♣ 2♦=8  BANKER(W)  | +950원 → 172,950원
H142 | bet   1,000원 BANKER | P:K♦ 9♠=9  B:6♥ K♣=6  PLAYER(L)  | -1,000원 → 171,950원  [start]
H143 | bet   2,000원 PLAYER | P:A♣ 6♦=7  B:4♠ 6♥ K♦=0  PLAYER(W)  | +2,000원 → 173,950원  [end_win]
H144 | bet   1,000원 BANKER | P:5♣ 7♠ 6♥=8  B:J♦ 4♦ Q♦=4  PLAYER(L)  | -1,000원 → 172,950원  [start]
H145 | bet   2,000원 PLAYER | P:4♥ 6♣ 7♦=7  B:10♠ 7♦=7  TIE(T)  |     0원 → 172,950원
H146 | bet   2,000원 PLAYER | P:9♦ K♥=9  B:3♠ 3♦=6  PLAYER(W)  | +2,000원 → 174,950원  [end_win]
H147 | bet   1,000원 BANKER | P:7♦ K♦=7  B:K♦ J♣ 10♠=0  PLAYER(L)  | -1,000원 → 173,950원  [start]
H148 | bet   2,000원 PLAYER | P:8♠ 5♥=3  B:9♥ Q♦=9  BANKER(L)  | -2,000원 → 171,950원
H149 | bet   4,000원 PLAYER | P:9♠ 6♥ 10♣=5  B:Q♦ 3♥ 3♠=6  BANKER(L)  | -4,000원 → 167,950원
H150 | bet   8,000원 PLAYER | P:7♦ 3♣ A♠=1  B:10♣ J♦ Q♠=0  PLAYER(W)  | +8,000원 → 175,950원  [end_win]
H151 | bet   1,000원 BANKER | P:7♥ 5♠=2  B:9♦ J♣=9  BANKER(W)  | +950원 → 176,900원
H152 | bet   1,000원 BANKER | P:9♣ A♦ 4♦=4  B:5♦ 2♠=7  BANKER(W)  | +950원 → 177,850원
H153 | bet   1,000원 BANKER | P:K♥ 6♥=6  B:Q♥ 5♣ A♥=6  TIE(T)  |     0원 → 177,850원
H154 | bet   1,000원 BANKER | P:3♥ Q♥=3  B:9♣ K♠=9  BANKER(W)  | +950원 → 178,800원
H155 | bet   1,000원 BANKER | P:8♥ 4♣ 8♦=0  B:A♥ 6♦=7  BANKER(W)  | +950원 → 179,750원
H156 | bet   1,000원 BANKER | P:9♦ 3♦ K♥=2  B:Q♣ 10♣ 9♦=9  BANKER(W)  | +950원 → 180,700원
H157 | bet   1,000원 BANKER | P:J♠ 6♠=6  B:2♦ 4♦=6  TIE(T)  |     0원 → 180,700원
H158 | bet   1,000원 BANKER | P:7♣ 6♠ A♦=4  B:7♥ 7♦=4  TIE(T)  |     0원 → 180,700원
H159 | bet   1,000원 BANKER | P:Q♥ K♠=0  B:5♥ 3♦=8  BANKER(W)  | +950원 → 181,650원
H160 | bet   1,000원 BANKER | P:8♥ 9♠=7  B:9♠ 10♦=9  BANKER(W)  | +950원 → 182,600원
H161 | bet   1,000원 BANKER | P:J♣ 2♠ 5♣=7  B:7♥ 10♥=7  TIE(T)  |     0원 → 182,600원
H162 | bet   1,000원 BANKER | P:J♣ 10♣=0  B:8♠ Q♠=8  BANKER(W)  | +950원 → 183,550원
H163 | bet   1,000원 BANKER | P:6♦ 5♥ 3♣=4  B:10♦ J♣ K♠=0  PLAYER(L)  | -1,000원 → 182,550원  [start]
H164 | bet   2,000원 PLAYER | P:3♥ 7♦ 2♥=2  B:K♦ Q♦ K♣=0  PLAYER(W)  | +2,000원 → 184,550원  [end_win]
H165 | bet   1,000원 BANKER | P:7♣ 2♦=9  B:6♦ 8♣=4  PLAYER(L)  | -1,000원 → 183,550원  [start]
H166 | bet   2,000원 PLAYER | P:Q♦ J♣=0  B:8♥ Q♥=8  BANKER(L)  | -2,000원 → 181,550원
H167 | bet   4,000원 PLAYER | P:5♥ J♦ 3♥=8  B:9♥ 4♥ 6♥=9  BANKER(L)  | -4,000원 → 177,550원
H168 | bet   8,000원 PLAYER | P:9♥ 9♦=8  B:9♥ 9♥=8  TIE(T)  |     0원 → 177,550원
H169 | bet   8,000원 PLAYER | P:J♥ 6♣=6  B:K♠ J♥ A♣=1  PLAYER(W)  | +8,000원 → 185,550원  [end_win]
H170 | bet   1,000원 BANKER | P:5♥ 10♦ 4♣=9  B:7♥ 3♠ 2♠=2  PLAYER(L)  | -1,000원 → 184,550원  [start]
H171 | bet   2,000원 PLAYER | P:4♣ 3♣=7  B:J♦ J♣ 5♥=5  PLAYER(W)  | +2,000원 → 186,550원  [end_win]
H172 | bet   1,000원 BANKER | P:5♠ 9♥ 3♦=7  B:4♥ 9♠ 5♠=8  BANKER(W)  | +950원 → 187,500원
H173 | bet   1,000원 BANKER | P:A♦ 4♥ 7♠=2  B:2♥ 5♠=7  BANKER(W)  | +950원 → 188,450원
H174 | bet   1,000원 BANKER | P:9♦ 8♥=7  B:2♠ Q♠ 7♥=9  BANKER(W)  | +950원 → 189,400원
H175 | bet   1,000원 BANKER | P:5♣ 7♦ 10♣=2  B:6♦ 8♥=4  BANKER(W)  | +950원 → 190,350원
H176 | bet   1,000원 BANKER | P:9♠ 3♠=2  B:9♣ 10♠=9  BANKER(W)  | +950원 → 191,300원
H177 | bet   1,000원 BANKER | P:2♠ K♥ K♦=2  B:2♥ 4♥=6  BANKER(W)  | +950원 → 192,250원
H178 | bet   1,000원 BANKER | P:5♦ 7♥=2  B:7♠ A♠=8  BANKER(W)  | +950원 → 193,200원
H179 | bet   1,000원 BANKER | P:7♥ 2♦=9  B:7♥ 3♠=0  PLAYER(L)  | -1,000원 → 192,200원  [start]
H180 | bet   2,000원 PLAYER | P:7♦ 4♣ 6♠=7  B:K♣ 6♥ Q♦=6  PLAYER(W)  | +2,000원 → 194,200원  [end_win]
H181 | bet   1,000원 BANKER | P:3♦ J♣ K♥=3  B:2♥ 10♦ Q♣=2  PLAYER(L)  | -1,000원 → 193,200원  [start]
H182 | bet   2,000원 PLAYER | P:4♦ 2♦=6  B:9♣ 10♦=9  BANKER(L)  | -2,000원 → 191,200원
H183 | bet   4,000원 PLAYER | P:K♥ 9♦=9  B:4♠ 2♠=6  PLAYER(W)  | +4,000원 → 195,200원  [end_win]
H184 | bet   1,000원 BANKER | P:3♦ 7♣ Q♥=0  B:10♠ 4♠=4  BANKER(W)  | +950원 → 196,150원
H185 | bet   1,000원 BANKER | P:K♦ 6♠=6  B:4♥ J♦ 2♥=6  TIE(T)  |     0원 → 196,150원
H186 | bet   1,000원 BANKER | P:4♦ 5♦=9  B:4♠ 3♦=7  PLAYER(L)  | -1,000원 → 195,150원  [start]
H187 | bet   2,000원 PLAYER | P:8♥ 4♣ 7♠=9  B:8♦ 7♣ 9♦=4  PLAYER(W)  | +2,000원 → 197,150원  [end_win]
H188 | bet   1,000원 BANKER | P:8♠ 8♦=6  B:K♥ 2♥ A♣=3  PLAYER(L)  | -1,000원 → 196,150원  [start]
H189 | bet   2,000원 PLAYER | P:4♣ 4♦=8  B:A♦ A♠=2  PLAYER(W)  | +2,000원 → 198,150원  [end_win]
H190 | bet   1,000원 BANKER | P:K♠ 9♦=9  B:6♣ J♥=6  PLAYER(L)  | -1,000원 → 197,150원  [start]
H191 | bet   2,000원 PLAYER | P:5♦ 10♠ A♥=6  B:J♠ A♣ 5♣=6  TIE(T)  |     0원 → 197,150원
H192 | bet   2,000원 PLAYER | P:K♠ 6♣=6  B:K♠ 4♦ 8♣=2  PLAYER(W)  | +2,000원 → 199,150원  [end_win]
H193 | bet   1,000원 BANKER | P:2♥ 6♣=8  B:J♠ A♦=1  PLAYER(L)  | -1,000원 → 198,150원  [start]
H194 | bet   2,000원 PLAYER | P:J♣ Q♣ 5♣=5  B:5♦ 2♣=7  BANKER(L)  | -2,000원 → 196,150원
H195 | bet   4,000원 PLAYER | P:4♠ A♦=5  B:10♥ 9♥=9  BANKER(L)  | -4,000원 → 192,150원
H196 | bet   8,000원 PLAYER | P:4♣ 5♠=9  B:5♠ 2♠=7  PLAYER(W)  | +8,000원 → 200,150원  [end_win]
H197 | bet   1,000원 BANKER | P:3♣ 5♦=8  B:J♦ 6♦=6  PLAYER(L)  | -1,000원 → 199,150원  [start]
H198 | bet   2,000원 PLAYER | P:4♣ 10♥ 6♦=0  B:3♦ A♥ 8♥=2  BANKER(L)  | -2,000원 → 197,150원
H199 | bet   4,000원 PLAYER | P:8♣ 9♥=7  B:Q♠ 2♣ J♥=2  PLAYER(W)  | +4,000원 → 201,150원  [end_win]
H200 | bet   1,000원 BANKER | P:4♦ 3♣=7  B:8♥ 3♥ 5♠=6  PLAYER(L)  | -1,000원 → 200,150원  [start]
H201 | bet   2,000원 PLAYER | P:10♠ 5♠ 6♦=1  B:A♠ 4♦ K♣=5  BANKER(L)  | -2,000원 → 198,150원
H202 | bet   4,000원 PLAYER | P:A♦ 6♣=7  B:J♠ 8♥=8  BANKER(L)  | -4,000원 → 194,150원
H203 | bet   8,000원 PLAYER | P:K♠ J♦ 8♠=8  B:7♦ J♠=7  PLAYER(W)  | +8,000원 → 202,150원  [end_win]
H204 | bet   1,000원 BANKER | P:A♦ 10♥ A♠=2  B:Q♣ J♥ 3♣=3  BANKER(W)  | +950원 → 203,100원
H205 | bet   1,000원 BANKER | P:5♥ 2♦=7  B:K♥ 5♣ 9♣=4  PLAYER(L)  | -1,000원 → 202,100원  [start]
H206 | bet   2,000원 PLAYER | P:9♦ A♥=0  B:7♠ 2♦=9  BANKER(L)  | -2,000원 → 200,100원
H207 | bet   4,000원 PLAYER | P:A♠ 9♦=0  B:9♣ 10♥=9  BANKER(L)  | -4,000원 → 196,100원
H208 | bet   8,000원 PLAYER | P:7♥ 8♣ 7♣=2  B:Q♦ 5♥ Q♥=5  BANKER(L)  | -8,000원 → 188,100원
H209 | bet  16,000원 PLAYER | P:7♣ 7♥ 5♣=9  B:10♣ 7♣=7  PLAYER(W)  | +16,000원 → 204,100원  [end_win]
H210 | bet   1,000원 BANKER | P:2♠ 7♦=9  B:2♣ A♥=3  PLAYER(L)  | -1,000원 → 203,100원  [start]
H211 | bet   2,000원 PLAYER | P:9♠ K♦=9  B:2♦ 3♥=5  PLAYER(W)  | +2,000원 → 205,100원  [end_win]
H212 | bet   1,000원 BANKER | P:10♦ 9♠=9  B:10♣ 7♦=7  PLAYER(L)  | -1,000원 → 204,100원  [start]
H213 | bet   2,000원 PLAYER | P:Q♠ 5♣=5  B:K♠ 8♠=8  BANKER(L)  | -2,000원 → 202,100원
H214 | bet   4,000원 PLAYER | P:Q♣ 10♦ 5♠=5  B:Q♦ 3♠ J♣=3  PLAYER(W)  | +4,000원 → 206,100원  [end_win]
H215 | bet   1,000원 BANKER | P:8♣ 2♠ 2♦=2  B:3♣ 2♣=5  BANKER(W)  | +950원 → 207,050원
H216 | bet   1,000원 BANKER | P:J♠ 8♣=8  B:2♣ 8♦=0  PLAYER(L)  | -1,000원 → 206,050원  [start]
H217 | bet   2,000원 PLAYER | P:3♦ Q♠ Q♦=3  B:K♥ 5♥=5  BANKER(L)  | -2,000원 → 204,050원
H218 | bet   4,000원 PLAYER | P:Q♣ 4♥ 9♣=3  B:9♣ 7♦=6  BANKER(L)  | -4,000원 → 200,050원
H219 | bet   8,000원 PLAYER | P:2♦ 3♥ 2♣=7  B:2♣ 9♦ 6♠=7  TIE(T)  |     0원 → 200,050원
H220 | bet   8,000원 PLAYER | P:10♠ 8♦=8  B:7♣ Q♣=7  PLAYER(W)  | +8,000원 → 208,050원  [end_win]
H221 | bet   1,000원 BANKER | P:J♦ A♣=1  B:5♣ 3♠=8  BANKER(W)  | +950원 → 209,000원
H222 | bet   1,000원 BANKER | P:10♦ 3♣ 10♥=3  B:10♠ K♥ Q♥=0  PLAYER(L)  | -1,000원 → 208,000원  [start]
H223 | bet   2,000원 PLAYER | P:5♦ 9♠ 5♣=9  B:6♥ 7♥ 8♣=1  PLAYER(W)  | +2,000원 → 210,000원  [end_win]
H224 | bet   1,000원 BANKER | P:A♥ 4♦=5  B:Q♠ 8♠=8  BANKER(W)  | +950원 → 210,950원
H225 | bet   1,000원 BANKER | P:4♥ 2♣=6  B:8♦ 10♠=8  BANKER(W)  | +950원 → 211,900원
H226 | bet   1,000원 BANKER | P:Q♠ 6♥=6  B:6♠ Q♣=6  TIE(T)  |     0원 → 211,900원
H227 | bet   1,000원 BANKER | P:7♣ 7♦ 10♦=4  B:K♦ A♣ 6♠=7  BANKER(W)  | +950원 → 212,850원
H228 | bet   1,000원 BANKER | P:K♦ 9♣=9  B:A♠ 6♥=7  PLAYER(L)  | -1,000원 → 211,850원  [start]
H229 | bet   2,000원 PLAYER | P:8♣ A♣=9  B:A♣ J♠=1  PLAYER(W)  | +2,000원 → 213,850원  [end_win]
H230 | bet   1,000원 BANKER | P:K♠ 9♠=9  B:A♠ J♣=1  PLAYER(L)  | -1,000원 → 212,850원  [start]
H231 | bet   2,000원 PLAYER | P:10♣ 6♠=6  B:A♥ 2♠ 5♥=8  BANKER(L)  | -2,000원 → 210,850원
H232 | bet   4,000원 PLAYER | P:Q♥ Q♥ 3♠=3  B:4♠ 3♥=7  BANKER(L)  | -4,000원 → 206,850원
H233 | bet   8,000원 PLAYER | P:3♠ 3♠=6  B:10♥ 9♠=9  BANKER(L)  | -8,000원 → 198,850원
H234 | bet  16,000원 PLAYER | P:J♠ J♣ J♥=0  B:Q♥ A♥ 6♦=7  BANKER(L)  | -16,000원 → 182,850원
H235 | bet  32,000원 PLAYER | P:6♣ 10♣=6  B:8♦ 5♦ K♣=3  PLAYER(W)  | +32,000원 → 214,850원  [end_win]
H236 | bet   1,000원 BANKER | P:10♠ A♦ A♣=2  B:K♣ 6♠=6  BANKER(W)  | +950원 → 215,800원
H237 | bet   1,000원 BANKER | P:10♥ 6♦=6  B:7♠ 5♦ 6♠=8  BANKER(W)  | +950원 → 216,750원
H238 | bet   1,000원 BANKER | P:6♦ 4♠ J♥=0  B:10♣ J♥ J♠=0  TIE(T)  |     0원 → 216,750원
H239 | bet   1,000원 BANKER | P:4♦ 10♣=4  B:6♥ 3♣=9  BANKER(W)  | +950원 → 217,700원
H240 | bet   1,000원 BANKER | P:6♥ J♦=6  B:10♦ 3♣ 8♦=1  PLAYER(L)  | -1,000원 → 216,700원  [start]
H241 | bet   2,000원 PLAYER | P:K♦ 6♣=6  B:9♣ K♦=9  BANKER(L)  | -2,000원 → 214,700원
H242 | bet   4,000원 PLAYER | P:8♦ 3♦=1  B:A♦ 7♠=8  BANKER(L)  | -4,000원 → 210,700원
H243 | bet   8,000원 PLAYER | P:Q♦ 4♠ 9♠=3  B:8♠ 5♥ 3♦=6  BANKER(L)  | -8,000원 → 202,700원
H244 | bet  16,000원 PLAYER | P:6♣ 7♠=3  B:8♥ Q♥=8  BANKER(L)  | -16,000원 → 186,700원
H245 | bet  32,000원 PLAYER | P:6♥ 3♥=9  B:K♥ 8♠=8  PLAYER(W)  | +32,000원 → 218,700원  [end_win]
H246 | bet   1,000원 BANKER | P:8♠ 9♥=7  B:K♣ 10♣ 2♥=2  PLAYER(L)  | -1,000원 → 217,700원  [start]
H247 | bet   2,000원 PLAYER | P:8♠ Q♠=8  B:4♣ 4♥=8  TIE(T)  |     0원 → 217,700원
H248 | bet   2,000원 PLAYER | P:6♦ 3♦=9  B:10♠ 9♠=9  TIE(T)  |     0원 → 217,700원
H249 | bet   2,000원 PLAYER | P:10♦ 2♦ K♠=2  B:6♠ 4♣ J♣=0  PLAYER(W)  | +2,000원 → 219,700원  [end_win]
H250 | bet   1,000원 BANKER | P:K♦ 10♠ 4♥=4  B:4♠ 9♦ 7♥=0  PLAYER(L)  | -1,000원 → 218,700원  [start]
H251 | bet   2,000원 PLAYER | P:4♣ K♠ 5♦=9  B:Q♣ 5♦ 9♠=4  PLAYER(W)  | +2,000원 → 220,700원  [end_win]
H252 | bet   1,000원 BANKER | P:A♣ 5♥=6  B:6♦ 2♥=8  BANKER(W)  | +950원 → 221,650원
H253 | bet   1,000원 BANKER | P:8♥ 5♦ 5♣=8  B:J♠ 3♣ 6♦=9  BANKER(W)  | +950원 → 222,600원
H254 | bet   1,000원 BANKER | P:8♦ J♣=8  B:10♠ 4♥=4  PLAYER(L)  | -1,000원 → 221,600원  [start]
H255 | bet   2,000원 PLAYER | P:K♠ K♥ Q♥=0  B:5♠ 5♥ 10♠=0  TIE(T)  |     0원 → 221,600원
H256 | bet   2,000원 PLAYER | P:Q♦ J♣ K♣=0  B:6♣ 5♠ 9♥=0  TIE(T)  |     0원 → 221,600원
H257 | bet   2,000원 PLAYER | P:K♥ J♣ 2♥=2  B:10♣ Q♣ 2♠=2  TIE(T)  |     0원 → 221,600원
H258 | bet   2,000원 PLAYER | P:6♥ Q♣=6  B:8♥ 5♦ 10♣=3  PLAYER(W)  | +2,000원 → 223,600원  [end_win]
H259 | bet   1,000원 BANKER | P:A♣ 8♥=9  B:K♠ 3♥=3  PLAYER(L)  | -1,000원 → 222,600원  [start]
H260 | bet   2,000원 PLAYER | P:Q♦ K♦ 7♠=7  B:6♥ A♦=7  TIE(T)  |     0원 → 222,600원
H261 | bet   2,000원 PLAYER | P:A♠ 9♦ Q♥=0  B:J♥ 2♠ 2♦=4  BANKER(L)  | -2,000원 → 220,600원
H262 | bet   4,000원 PLAYER | P:J♥ 5♦ 5♣=0  B:8♣ 7♣ 7♥=2  BANKER(L)  | -4,000원 → 216,600원
H263 | bet   8,000원 PLAYER | P:K♥ 4♥ 7♣=1  B:J♦ 10♦ 10♣=0  PLAYER(W)  | +8,000원 → 224,600원  [end_win]
H264 | bet   1,000원 BANKER | P:K♣ J♥ 2♣=2  B:8♣ 5♥ 2♥=5  BANKER(W)  | +950원 → 225,550원
H265 | bet   1,000원 BANKER | P:A♠ 7♦=8  B:6♦ 3♦=9  BANKER(W)  | +950원 → 226,500원
H266 | bet   1,000원 BANKER | P:9♠ 10♠=9  B:3♦ 10♦=3  PLAYER(L)  | -1,000원 → 225,500원  [start]
H267 | bet   2,000원 PLAYER | P:7♣ J♥=7  B:K♦ Q♣ 8♦=8  BANKER(L)  | -2,000원 → 223,500원
H268 | bet   4,000원 PLAYER | P:K♠ A♥ 5♦=6  B:2♣ 2♥ J♠=4  PLAYER(W)  | +4,000원 → 227,500원  [end_win]
H269 | bet   1,000원 BANKER | P:Q♣ 5♠ 4♠=9  B:7♠ J♠=7  PLAYER(L)  | -1,000원 → 226,500원  [start]
H270 | bet   2,000원 PLAYER | P:7♠ J♦=7  B:J♥ Q♣ J♦=0  PLAYER(W)  | +2,000원 → 228,500원  [end_win]
H271 | bet   1,000원 BANKER | P:8♥ 2♦=0  B:5♥ 3♠=8  BANKER(W)  | +950원 → 229,450원
H272 | bet   1,000원 BANKER | P:3♣ Q♠=3  B:9♣ 10♦=9  BANKER(W)  | +950원 → 230,400원
H273 | bet   1,000원 BANKER | P:A♠ 3♣ 5♠=9  B:4♠ 6♣ 6♥=6  PLAYER(L)  | -1,000원 → 229,400원  [start]
H274 | bet   2,000원 PLAYER | P:8♣ Q♦=8  B:5♦ 7♥=2  PLAYER(W)  | +2,000원 → 231,400원  [end_win]
H275 | bet   1,000원 BANKER | P:3♠ Q♥ 8♦=1  B:2♣ 3♣=5  BANKER(W)  | +950원 → 232,350원
H276 | bet   1,000원 BANKER | P:6♣ 3♦=9  B:6♠ 9♣=5  PLAYER(L)  | -1,000원 → 231,350원  [start]
H277 | bet   2,000원 PLAYER | P:J♦ 5♥ Q♥=5  B:2♦ 5♣=7  BANKER(L)  | -2,000원 → 229,350원
H278 | bet   4,000원 PLAYER | P:10♥ Q♥ J♦=0  B:A♦ A♣ 8♠=0  TIE(T)  |     0원 → 229,350원
H279 | bet   4,000원 PLAYER | P:9♥ K♣=9  B:3♥ 4♠=7  PLAYER(W)  | +4,000원 → 233,350원  [end_win]
H280 | bet   1,000원 BANKER | P:3♦ 9♣ 8♦=0  B:J♦ A♠ Q♣=1  BANKER(W)  | +950원 → 234,300원
H281 | bet   1,000원 BANKER | P:3♠ 9♦ 6♥=8  B:J♣ 5♣ 10♥=5  PLAYER(L)  | -1,000원 → 233,300원  [start]
H282 | bet   2,000원 PLAYER | P:10♣ J♠ 8♣=8  B:3♣ 2♣=5  PLAYER(W)  | +2,000원 → 235,300원  [end_win]
H283 | bet   1,000원 BANKER | P:9♣ 7♥=6  B:2♦ 10♣ A♣=3  PLAYER(L)  | -1,000원 → 234,300원  [start]
H284 | bet   2,000원 PLAYER | P:Q♦ 6♥=6  B:A♥ 7♦=8  BANKER(L)  | -2,000원 → 232,300원
H285 | bet   4,000원 PLAYER | P:3♣ J♣ 10♣=3  B:A♠ 3♠=4  BANKER(L)  | -4,000원 → 228,300원
H286 | bet   8,000원 PLAYER | P:3♥ 2♠ 9♥=4  B:5♣ Q♠=5  BANKER(L)  | -8,000원 → 220,300원
H287 | bet  16,000원 PLAYER | P:4♣ 2♠=6  B:9♠ 10♦=9  BANKER(L)  | -16,000원 → 204,300원
H288 | bet  32,000원 PLAYER | P:4♦ 5♠=9  B:K♠ A♥=1  PLAYER(W)  | +32,000원 → 236,300원  [end_win]
H289 | bet   1,000원 BANKER | P:10♠ 8♥=8  B:K♥ 3♥=3  PLAYER(L)  | -1,000원 → 235,300원  [start]
H290 | bet   2,000원 PLAYER | P:4♣ A♣=5  B:Q♠ 9♣=9  BANKER(L)  | -2,000원 → 233,300원
H291 | bet   4,000원 PLAYER | P:4♦ J♣ 2♠=6  B:6♣ A♦=7  BANKER(L)  | -4,000원 → 229,300원
H292 | bet   8,000원 PLAYER | P:9♥ 3♥=2  B:Q♦ 9♥=9  BANKER(L)  | -8,000원 → 221,300원
H293 | bet  16,000원 PLAYER | P:4♥ 3♦=7  B:6♥ A♥=7  TIE(T)  |     0원 → 221,300원
H294 | bet  16,000원 PLAYER | P:9♥ Q♥=9  B:K♦ 3♣=3  PLAYER(W)  | +16,000원 → 237,300원  [end_win]
H295 | bet   1,000원 BANKER | P:J♠ 5♠ 8♥=3  B:7♥ 5♦ 7♣=9  BANKER(W)  | +950원 → 238,250원
H296 | bet   1,000원 BANKER | P:10♦ 7♦=7  B:A♣ K♦ 4♦=5  PLAYER(L)  | -1,000원 → 237,250원  [start]
H297 | bet   2,000원 PLAYER | P:8♣ 10♠=8  B:4♠ 3♠=7  PLAYER(W)  | +2,000원 → 239,250원  [end_win]
H298 | bet   1,000원 BANKER | P:J♠ A♠=1  B:8♣ Q♦=8  BANKER(W)  | +950원 → 240,200원
H299 | bet   1,000원 BANKER | P:5♣ 7♣=2  B:6♣ 2♦=8  BANKER(W)  | +950원 → 241,150원
H300 | bet   1,000원 BANKER | P:9♠ 10♥=9  B:8♥ 2♥=0  PLAYER(L)  | -1,000원 → 240,150원  [start]
H301 | bet   2,000원 PLAYER | P:8♦ 4♣=2  B:J♠ 8♦=8  BANKER(L)  | -2,000원 → 238,150원
H302 | bet   4,000원 PLAYER | P:6♦ 6♥=2  B:A♥ 8♦=9  BANKER(L)  | -4,000원 → 234,150원
H303 | bet   8,000원 PLAYER | P:3♦ 4♦=7  B:2♦ J♣ 7♦=9  BANKER(L)  | -8,000원 → 226,150원
H304 | bet  16,000원 PLAYER | P:10♠ J♥ 4♣=4  B:2♠ 9♠ 2♣=3  PLAYER(W)  | +16,000원 → 242,150원  [end_win]
H305 | bet   1,000원 BANKER | P:K♥ Q♦ 9♣=9  B:4♥ 6♦ 10♥=0  PLAYER(L)  | -1,000원 → 241,150원  [start]
H306 | bet   2,000원 PLAYER | P:9♦ 4♦ 2♥=5  B:8♣ 6♦ 3♥=7  BANKER(L)  | -2,000원 → 239,150원
H307 | bet   4,000원 PLAYER | P:2♣ 5♣=7  B:A♦ 4♠ 8♠=3  PLAYER(W)  | +4,000원 → 243,150원  [end_win]
H308 | bet   1,000원 BANKER | P:10♥ A♠ 9♦=0  B:5♥ 7♦ 5♣=7  BANKER(W)  | +950원 → 244,100원
H309 | bet   1,000원 BANKER | P:9♦ 7♠=6  B:3♣ 8♠ 7♦=8  BANKER(W)  | +950원 → 245,050원
H310 | bet   1,000원 BANKER | P:A♣ K♥ 3♥=4  B:6♥ Q♠=6  BANKER(W)  | +950원 → 246,000원
H311 | bet   1,000원 BANKER | P:A♣ 7♣=8  B:4♥ 9♠=3  PLAYER(L)  | -1,000원 → 245,000원  [start]
H312 | bet   2,000원 PLAYER | P:3♠ Q♣ 2♣=5  B:K♦ 4♦ Q♦=4  PLAYER(W)  | +2,000원 → 247,000원  [end_win]
H313 | bet   1,000원 BANKER | P:2♥ 6♠=8  B:Q♠ 10♦=0  PLAYER(L)  | -1,000원 → 246,000원  [start]
H314 | bet   2,000원 PLAYER | P:J♥ 6♣=6  B:A♥ J♥ 4♣=5  PLAYER(W)  | +2,000원 → 248,000원  [end_win]
H315 | bet   1,000원 BANKER | P:4♠ 2♣=6  B:7♥ K♣=7  BANKER(W)  | +950원 → 248,950원
H316 | bet   1,000원 BANKER | P:A♦ 2♥=3  B:10♥ 8♠=8  BANKER(W)  | +950원 → 249,900원
H317 | bet   1,000원 BANKER | P:7♠ 7♦=4  B:8♠ A♦=9  BANKER(W)  | +950원 → 250,850원
H318 | bet   1,000원 BANKER | P:8♦ 8♣=6  B:3♠ A♠ 6♠=0  PLAYER(L)  | -1,000원 → 249,850원  [start]
H319 | bet   2,000원 PLAYER | P:K♠ 9♦=9  B:3♦ 6♣=9  TIE(T)  |     0원 → 249,850원
H320 | bet   2,000원 PLAYER | P:9♣ 4♥ K♦=3  B:7♠ K♥=7  BANKER(L)  | -2,000원 → 247,850원
H321 | bet   4,000원 PLAYER | P:7♠ K♦=7  B:Q♥ 6♠=6  PLAYER(W)  | +4,000원 → 251,850원  [end_win]
H322 | bet   1,000원 BANKER | P:4♠ 5♠=9  B:2♦ J♦=2  PLAYER(L)  | -1,000원 → 250,850원  [start]
H323 | bet   2,000원 PLAYER | P:A♦ 6♣=7  B:Q♠ 4♣ 9♥=3  PLAYER(W)  | +2,000원 → 252,850원  [end_win]
H324 | bet   1,000원 BANKER | P:10♥ 5♥=5  B:10♣ 8♠=8  BANKER(W)  | +950원 → 253,800원
H325 | bet   1,000원 BANKER | P:7♠ 5♥ J♠=2  B:2♠ K♣ 8♠=0  PLAYER(L)  | -1,000원 → 252,800원  [start]
H326 | bet   2,000원 PLAYER | P:7♣ 5♠ 10♦=2  B:4♦ K♣=4  BANKER(L)  | -2,000원 → 250,800원
H327 | bet   4,000원 PLAYER | P:10♥ 9♠=9  B:6♠ 9♣=5  PLAYER(W)  | +4,000원 → 254,800원  [end_win]
H328 | bet   1,000원 BANKER | P:9♦ 7♦=6  B:7♥ K♠=7  BANKER(W)  | +950원 → 255,750원
H329 | bet   1,000원 BANKER | P:4♥ 3♠=7  B:7♥ 7♣ 3♥=7  TIE(T)  |     0원 → 255,750원
H330 | bet   1,000원 BANKER | P:10♣ A♦ J♦=1  B:A♥ 2♠ K♣=3  BANKER(W)  | +950원 → 256,700원
H331 | bet   1,000원 BANKER | P:9♦ 6♠=5  B:8♥ A♠=9  BANKER(W)  | +950원 → 257,650원
H332 | bet   1,000원 BANKER | P:9♣ J♠=9  B:7♠ 4♦=1  PLAYER(L)  | -1,000원 → 256,650원  [start]
H333 | bet   2,000원 PLAYER | P:2♠ Q♠=2  B:9♥ 9♥=8  BANKER(L)  | -2,000원 → 254,650원
H334 | bet   4,000원 PLAYER | P:K♣ K♦ A♦=1  B:10♦ J♠ 10♥=0  PLAYER(W)  | +4,000원 → 258,650원  [end_win]
H335 | bet   1,000원 BANKER | P:Q♥ 4♣=4  B:K♥ 9♠=9  BANKER(W)  | +950원 → 259,600원
H336 | bet   1,000원 BANKER | P:Q♦ 6♣=6  B:7♠ J♣=7  BANKER(W)  | +950원 → 260,550원
H337 | bet   1,000원 BANKER | P:8♥ J♠=8  B:A♦ 10♣=1  PLAYER(L)  | -1,000원 → 259,550원  [start]
H338 | bet   2,000원 PLAYER | P:6♦ 10♦=6  B:Q♠ Q♥ K♥=0  PLAYER(W)  | +2,000원 → 261,550원  [end_win]
H339 | bet   1,000원 BANKER | P:8♠ 3♦ K♥=1  B:9♠ A♠ Q♥=0  PLAYER(L)  | -1,000원 → 260,550원  [start]
H340 | bet   2,000원 PLAYER | P:7♥ 5♠ 6♦=8  B:8♦ 4♥ 7♣=9  BANKER(L)  | -2,000원 → 258,550원
H341 | bet   4,000원 PLAYER | P:2♣ 2♠=4  B:3♥ 5♥=8  BANKER(L)  | -4,000원 → 254,550원
H342 | bet   8,000원 PLAYER | P:Q♦ 9♠=9  B:8♦ 5♦=3  PLAYER(W)  | +8,000원 → 262,550원  [end_win]
H343 | bet   1,000원 BANKER | P:8♥ 2♥ 7♠=7  B:5♥ 6♦ 6♣=7  TIE(T)  |     0원 → 262,550원
H344 | bet   1,000원 BANKER | P:Q♠ Q♣ 10♦=0  B:A♦ 10♣ 10♦=1  BANKER(W)  | +950원 → 263,500원
H345 | bet   1,000원 BANKER | P:Q♠ A♠ 5♦=6  B:3♣ 10♥ J♥=3  PLAYER(L)  | -1,000원 → 262,500원  [start]
H346 | bet   2,000원 PLAYER | P:Q♦ 7♥=7  B:5♥ 8♦ 8♣=1  PLAYER(W)  | +2,000원 → 264,500원  [end_win]
H347 | bet   1,000원 BANKER | P:A♠ 8♣=9  B:Q♥ K♣=0  PLAYER(L)  | -1,000원 → 263,500원  [start]
H348 | bet   2,000원 PLAYER | P:4♥ 6♣ 3♠=3  B:2♠ 3♥=5  BANKER(L)  | -2,000원 → 261,500원
H349 | bet   4,000원 PLAYER | P:9♠ Q♠=9  B:5♣ Q♥=5  PLAYER(W)  | +4,000원 → 265,500원  [end_win]
H350 | bet   1,000원 BANKER | P:J♣ 5♠ 7♥=2  B:5♥ J♠ 7♦=2  TIE(T)  |     0원 → 265,500원
H351 | bet   1,000원 BANKER | P:5♥ 4♦=9  B:10♣ A♥=1  PLAYER(L)  | -1,000원 → 264,500원  [start]
H352 | bet   2,000원 PLAYER | P:3♥ 5♦=8  B:3♣ 5♣=8  TIE(T)  |     0원 → 264,500원
H353 | bet   2,000원 PLAYER | P:K♦ Q♥ J♣=0  B:3♦ 10♠ 7♠=0  TIE(T)  |     0원 → 264,500원
H354 | bet   2,000원 PLAYER | P:4♣ 4♣=8  B:5♠ 4♣=9  BANKER(L)  | -2,000원 → 262,500원
H355 | bet   4,000원 PLAYER | P:A♣ 4♥=5  B:A♠ 8♣=9  BANKER(L)  | -4,000원 → 258,500원
H356 | bet   8,000원 PLAYER | P:9♥ 5♠ 5♦=9  B:K♦ 6♣=6  PLAYER(W)  | +8,000원 → 266,500원  [end_win]
H357 | bet   1,000원 BANKER | P:4♠ 3♦=7  B:6♥ 9♣ J♥=5  PLAYER(L)  | -1,000원 → 265,500원  [start]
H358 | bet   2,000원 PLAYER | P:4♦ A♣ 5♣=0  B:Q♦ 3♥ 8♦=1  BANKER(L)  | -2,000원 → 263,500원
H359 | bet   4,000원 PLAYER | P:9♦ Q♦=9  B:5♣ A♦=6  PLAYER(W)  | +4,000원 → 267,500원  [end_win]
H360 | bet   1,000원 BANKER | P:2♥ 3♠ 4♦=9  B:J♥ 2♦ J♦=2  PLAYER(L)  | -1,000원 → 266,500원  [start]
H361 | bet   2,000원 PLAYER | P:2♣ 10♦ 5♠=7  B:5♦ J♠ 4♥=9  BANKER(L)  | -2,000원 → 264,500원
H362 | bet   4,000원 PLAYER | P:4♠ 3♣=7  B:9♠ 2♥ 9♥=0  PLAYER(W)  | +4,000원 → 268,500원  [end_win]
H363 | bet   1,000원 BANKER | P:2♥ 9♥ 6♥=7  B:7♦ 4♠ K♠=1  PLAYER(L)  | -1,000원 → 267,500원  [start]
H364 | bet   2,000원 PLAYER | P:J♣ 4♥ 9♦=3  B:6♦ J♦=6  BANKER(L)  | -2,000원 → 265,500원
H365 | bet   4,000원 PLAYER | P:10♥ A♥ A♦=2  B:J♣ 5♠=5  BANKER(L)  | -4,000원 → 261,500원
H366 | bet   8,000원 PLAYER | P:9♠ 9♦=8  B:10♦ A♣=1  PLAYER(W)  | +8,000원 → 269,500원  [end_win]
H367 | bet   1,000원 BANKER | P:2♥ A♠ 8♥=1  B:7♣ 4♥ K♦=1  TIE(T)  |     0원 → 269,500원
H368 | bet   1,000원 BANKER | P:K♠ J♥ K♥=0  B:7♣ 3♣ K♥=0  TIE(T)  |     0원 → 269,500원
H369 | bet   1,000원 BANKER | P:2♦ 8♥ K♦=0  B:9♣ 3♥ 2♥=4  BANKER(W)  | +950원 → 270,450원
H370 | bet   1,000원 BANKER | P:9♦ 3♠ 7♥=9  B:Q♣ 10♠ 9♣=9  TIE(T)  |     0원 → 270,450원
H371 | bet   1,000원 BANKER | P:7♣ 6♥ 3♠=6  B:9♦ 6♥=5  PLAYER(L)  | -1,000원 → 269,450원  [start]
H372 | bet   2,000원 PLAYER | P:9♦ 7♣=6  B:9♣ 8♦=7  BANKER(L)  | -2,000원 → 267,450원
H373 | bet   4,000원 PLAYER | P:9♦ J♦=9  B:Q♣ J♦=0  PLAYER(W)  | +4,000원 → 271,450원  [end_win]
H374 | bet   1,000원 BANKER | P:8♠ 5♣ 3♦=6  B:6♠ 4♠ 5♣=5  PLAYER(L)  | -1,000원 → 270,450원  [start]
H375 | bet   2,000원 PLAYER | P:10♣ 7♠=7  B:J♦ 8♠=8  BANKER(L)  | -2,000원 → 268,450원
H376 | bet   4,000원 PLAYER | P:K♥ 6♠=6  B:7♦ Q♠=7  BANKER(L)  | -4,000원 → 264,450원
H377 | bet   8,000원 PLAYER | P:3♦ 4♠=7  B:2♠ 6♠=8  BANKER(L)  | -8,000원 → 256,450원
H378 | bet  16,000원 PLAYER | P:8♣ 4♣=2  B:K♦ 8♣=8  BANKER(L)  | -16,000원 → 240,450원
H379 | bet  32,000원 PLAYER | P:2♠ 10♣ A♥=3  B:10♥ 6♦=6  BANKER(L)  | -32,000원 → 208,450원  [end_giveup]
H380 | bet   1,000원 BANKER | P:7♦ J♦=7  B:5♦ K♦ 10♠=5  PLAYER(L)  | -1,000원 → 207,450원  [start]
H381 | bet   2,000원 PLAYER | P:K♣ 3♣ A♣=4  B:5♣ K♥=5  BANKER(L)  | -2,000원 → 205,450원
H382 | bet   4,000원 PLAYER | P:7♦ J♣=7  B:8♠ 4♦ 6♠=8  BANKER(L)  | -4,000원 → 201,450원
H383 | bet   8,000원 PLAYER | P:5♥ 10♠ 10♥=5  B:A♠ 6♣=7  BANKER(L)  | -8,000원 → 193,450원
H384 | bet  16,000원 PLAYER | P:6♥ 3♥=9  B:6♥ J♦=6  PLAYER(W)  | +16,000원 → 209,450원  [end_win]
H385 | bet   1,000원 BANKER | P:K♠ 4♠ K♣=4  B:6♥ 5♣ 9♠=0  PLAYER(L)  | -1,000원 → 208,450원  [start]
H386 | bet   2,000원 PLAYER | P:3♦ Q♠ 8♠=1  B:9♣ 8♥=7  BANKER(L)  | -2,000원 → 206,450원
H387 | bet   4,000원 PLAYER | P:K♠ 7♦=7  B:10♠ 6♣=6  PLAYER(W)  | +4,000원 → 210,450원  [end_win]
H388 | bet   1,000원 BANKER | P:2♦ 8♠=0  B:2♥ 7♦=9  BANKER(W)  | +950원 → 211,400원
H389 | bet   1,000원 BANKER | P:Q♣ 10♠ A♥=1  B:A♦ K♠ K♥=1  TIE(T)  |     0원 → 211,400원
H390 | bet   1,000원 BANKER | P:Q♦ 4♠ 6♣=0  B:7♠ 7♠ K♣=4  BANKER(W)  | +950원 → 212,350원
H391 | bet   1,000원 BANKER | P:8♣ J♦=8  B:A♣ Q♥=1  PLAYER(L)  | -1,000원 → 211,350원  [start]
H392 | bet   2,000원 PLAYER | P:3♠ K♣ 7♥=0  B:2♥ 8♦ 8♦=8  BANKER(L)  | -2,000원 → 209,350원
H393 | bet   4,000원 PLAYER | P:2♦ 9♠ 7♠=8  B:7♣ Q♣=7  PLAYER(W)  | +4,000원 → 213,350원  [end_win]
H394 | bet   1,000원 BANKER | P:5♥ A♥=6  B:3♥ 6♦=9  BANKER(W)  | +950원 → 214,300원
H395 | bet   1,000원 BANKER | P:7♣ Q♦=7  B:J♣ 2♠ 10♦=2  PLAYER(L)  | -1,000원 → 213,300원  [start]
H396 | bet   2,000원 PLAYER | P:A♥ J♠ 8♠=9  B:3♣ 10♠=3  PLAYER(W)  | +2,000원 → 215,300원  [end_win]
H397 | bet   1,000원 BANKER | P:J♣ 10♣ 5♦=5  B:Q♦ 2♣ A♥=3  PLAYER(L)  | -1,000원 → 214,300원  [start]
H398 | bet   2,000원 PLAYER | P:10♥ 8♣=8  B:K♠ K♠=0  PLAYER(W)  | +2,000원 → 216,300원  [end_win]
H399 | bet   1,000원 BANKER | P:A♣ 9♥ 2♦=2  B:7♥ 8♥=5  BANKER(W)  | +950원 → 217,250원
H400 | bet   1,000원 BANKER | P:3♣ 8♦ 8♣=9  B:10♣ A♥ 10♥=1  PLAYER(L)  | -1,000원 → 216,250원  [start]
H401 | bet   2,000원 PLAYER | P:4♦ 9♣ 4♠=7  B:K♦ Q♣ 3♠=3  PLAYER(W)  | +2,000원 → 218,250원  [end_win]
H402 | bet   1,000원 BANKER | P:9♣ 2♣ Q♣=1  B:4♣ 2♠=6  BANKER(W)  | +950원 → 219,200원
H403 | bet   1,000원 BANKER | P:Q♣ A♦ 8♠=9  B:7♣ 10♣=7  PLAYER(L)  | -1,000원 → 218,200원  [start]
H404 | bet   2,000원 PLAYER | P:Q♥ 4♣ 4♥=8  B:4♦ 3♦=7  PLAYER(W)  | +2,000원 → 220,200원  [end_win]
H405 | bet   1,000원 BANKER | P:5♥ 10♠ K♠=5  B:9♥ 3♠ 9♥=1  PLAYER(L)  | -1,000원 → 219,200원  [start]
H406 | bet   2,000원 PLAYER | P:3♥ 6♦=9  B:4♦ K♣=4  PLAYER(W)  | +2,000원 → 221,200원  [end_win]
H407 | bet   1,000원 BANKER | P:5♦ 2♣=7  B:3♦ A♦ J♥=4  PLAYER(L)  | -1,000원 → 220,200원  [start]
H408 | bet   2,000원 PLAYER | P:2♠ 3♣=5  B:7♥ A♣=8  BANKER(L)  | -2,000원 → 218,200원
H409 | bet   4,000원 PLAYER | P:5♠ 6♥ 2♣=3  B:6♠ A♠=7  BANKER(L)  | -4,000원 → 214,200원
H410 | bet   8,000원 PLAYER | P:2♣ 6♣=8  B:2♦ 4♥=6  PLAYER(W)  | +8,000원 → 222,200원  [end_win]
H411 | bet   1,000원 BANKER | P:J♥ 6♠=6  B:5♠ Q♠ 7♥=2  PLAYER(L)  | -1,000원 → 221,200원  [start]
H412 | bet   2,000원 PLAYER | P:6♦ A♣=7  B:J♥ 2♦ K♣=2  PLAYER(W)  | +2,000원 → 223,200원  [end_win]
H413 | bet   1,000원 BANKER | P:8♥ A♦=9  B:8♦ J♠=8  PLAYER(L)  | -1,000원 → 222,200원  [start]
H414 | bet   2,000원 PLAYER | P:8♦ 2♠ 10♥=0  B:8♦ 3♦ 5♣=6  BANKER(L)  | -2,000원 → 220,200원
H415 | bet   4,000원 PLAYER | P:J♣ 5♣ 7♥=2  B:Q♣ 7♦=7  BANKER(L)  | -4,000원 → 216,200원
H416 | bet   8,000원 PLAYER | P:5♥ 8♣ 2♣=5  B:Q♥ 5♥=5  TIE(T)  |     0원 → 216,200원
H417 | bet   8,000원 PLAYER | P:7♣ K♣=7  B:8♠ 10♣=8  BANKER(L)  | -8,000원 → 208,200원
H418 | bet  16,000원 PLAYER | P:Q♠ 4♥ J♦=4  B:A♠ Q♣ 6♣=7  BANKER(L)  | -16,000원 → 192,200원
H419 | bet  32,000원 PLAYER | P:3♣ 3♠=6  B:J♥ Q♦ A♠=1  PLAYER(W)  | +32,000원 → 224,200원  [end_win]
H420 | bet   1,000원 BANKER | P:Q♥ A♣=1  B:7♠ A♦=8  BANKER(W)  | +950원 → 225,150원
H421 | bet   1,000원 BANKER | P:Q♣ K♠ 7♠=7  B:9♣ 4♣ 5♣=8  BANKER(W)  | +950원 → 226,100원
H422 | bet   1,000원 BANKER | P:4♣ 8♣ 8♥=0  B:8♥ 9♣=7  BANKER(W)  | +950원 → 227,050원
H423 | bet   1,000원 BANKER | P:4♦ A♣ 9♣=4  B:4♣ Q♣=4  TIE(T)  |     0원 → 227,050원
H424 | bet   1,000원 BANKER | P:5♦ 7♣ 6♥=8  B:7♣ 10♣=7  PLAYER(L)  | -1,000원 → 226,050원  [start]
H425 | bet   2,000원 PLAYER | P:2♠ Q♥ J♠=2  B:6♦ 6♦ 3♣=5  BANKER(L)  | -2,000원 → 224,050원
H426 | bet   4,000원 PLAYER | P:2♥ A♥ 4♠=7  B:6♥ 4♦ 6♣=6  PLAYER(W)  | +4,000원 → 228,050원  [end_win]
H427 | bet   1,000원 BANKER | P:A♣ 10♠ 4♦=5  B:6♥ K♦=6  BANKER(W)  | +950원 → 229,000원
H428 | bet   1,000원 BANKER | P:3♠ 2♠ 4♠=9  B:4♦ 8♥ A♦=3  PLAYER(L)  | -1,000원 → 228,000원  [start]
H429 | bet   2,000원 PLAYER | P:3♥ 9♠=2  B:8♦ K♣=8  BANKER(L)  | -2,000원 → 226,000원
H430 | bet   4,000원 PLAYER | P:J♣ K♠ Q♠=0  B:2♣ 9♥ 6♠=7  BANKER(L)  | -4,000원 → 222,000원
H431 | bet   8,000원 PLAYER | P:9♥ 2♥ A♠=2  B:10♦ K♥ 6♦=6  BANKER(L)  | -8,000원 → 214,000원
H432 | bet  16,000원 PLAYER | P:2♥ 5♠=7  B:4♣ A♠ Q♠=5  PLAYER(W)  | +16,000원 → 230,000원  [end_win]
H433 | bet   1,000원 BANKER | P:5♠ Q♠ 10♦=5  B:5♣ 9♥=4  PLAYER(L)  | -1,000원 → 229,000원  [start]
H434 | bet   2,000원 PLAYER | P:10♠ 5♥ 4♠=9  B:2♦ 2♣ 7♥=1  PLAYER(W)  | +2,000원 → 231,000원  [end_win]
H435 | bet   1,000원 BANKER | P:6♥ 5♣ 7♥=8  B:2♠ 3♠ A♦=6  PLAYER(L)  | -1,000원 → 230,000원  [start]
H436 | bet   2,000원 PLAYER | P:5♣ 8♠ 9♣=2  B:4♣ A♣=5  BANKER(L)  | -2,000원 → 228,000원
H437 | bet   4,000원 PLAYER | P:7♣ J♥=7  B:8♣ 8♠=6  PLAYER(W)  | +4,000원 → 232,000원  [end_win]
H438 | bet   1,000원 BANKER | P:8♠ 9♠=7  B:3♠ 10♣ 6♥=9  BANKER(W)  | +950원 → 232,950원
H439 | bet   1,000원 BANKER | P:K♣ 8♣=8  B:2♥ 10♦=2  PLAYER(L)  | -1,000원 → 231,950원  [start]
H440 | bet   2,000원 PLAYER | P:K♥ 4♥ J♦=4  B:4♥ 8♦ A♥=3  PLAYER(W)  | +2,000원 → 233,950원  [end_win]
H441 | bet   1,000원 BANKER | P:4♦ Q♦ K♣=4  B:10♦ Q♥ 9♠=9  BANKER(W)  | +950원 → 234,900원
H442 | bet   1,000원 BANKER | P:7♠ 9♦=6  B:9♦ 2♦ A♠=2  PLAYER(L)  | -1,000원 → 233,900원  [start]
H443 | bet   2,000원 PLAYER | P:J♥ A♣ J♠=1  B:6♠ 8♣=4  BANKER(L)  | -2,000원 → 231,900원
H444 | bet   4,000원 PLAYER | P:7♦ 3♦ Q♠=0  B:Q♣ 4♠=4  BANKER(L)  | -4,000원 → 227,900원
H445 | bet   8,000원 PLAYER | P:K♦ 9♦=9  B:5♠ 10♠=5  PLAYER(W)  | +8,000원 → 235,900원  [end_win]
H446 | bet   1,000원 BANKER | P:7♠ 8♥=5  B:3♦ 6♠=9  BANKER(W)  | +950원 → 236,850원
H447 | bet   1,000원 BANKER | P:10♥ 10♦=0  B:K♦ 8♥=8  BANKER(W)  | +950원 → 237,800원
H448 | bet   1,000원 BANKER | P:9♦ Q♠=9  B:2♥ 3♣=5  PLAYER(L)  | -1,000원 → 236,800원  [start]
H449 | bet   2,000원 PLAYER | P:A♣ K♣=1  B:8♠ 10♣=8  BANKER(L)  | -2,000원 → 234,800원
H450 | bet   4,000원 PLAYER | P:8♥ 6♠ 9♣=3  B:4♣ Q♣=4  BANKER(L)  | -4,000원 → 230,800원
H451 | bet   8,000원 PLAYER | P:10♦ A♣ J♦=1  B:4♦ 10♥=4  BANKER(L)  | -8,000원 → 222,800원
H452 | bet  16,000원 PLAYER | P:10♥ J♠ K♥=0  B:5♠ K♠=5  BANKER(L)  | -16,000원 → 206,800원
H453 | bet  32,000원 PLAYER | P:K♥ 7♥=7  B:J♠ 6♠=6  PLAYER(W)  | +32,000원 → 238,800원  [end_win]
H454 | bet   1,000원 BANKER | P:10♣ 10♠ Q♥=0  B:3♥ Q♣ 7♣=0  TIE(T)  |     0원 → 238,800원
H455 | bet   1,000원 BANKER | P:J♦ 9♦=9  B:5♥ 10♣=5  PLAYER(L)  | -1,000원 → 237,800원  [start]
H456 | bet   2,000원 PLAYER | P:2♣ 2♥=4  B:8♠ K♠=8  BANKER(L)  | -2,000원 → 235,800원
H457 | bet   4,000원 PLAYER | P:Q♦ 3♥ 7♥=0  B:4♥ 7♠ 10♠=1  BANKER(L)  | -4,000원 → 231,800원
H458 | bet   8,000원 PLAYER | P:4♣ 3♦=7  B:3♦ 8♣ 7♦=8  BANKER(L)  | -8,000원 → 223,800원
H459 | bet  16,000원 PLAYER | P:9♣ 6♥ 6♠=1  B:7♠ 8♠ K♥=5  BANKER(L)  | -16,000원 → 207,800원
H460 | bet  32,000원 PLAYER | P:A♠ Q♥ 5♥=6  B:J♥ 6♦=6  TIE(T)  |     0원 → 207,800원
H461 | bet  32,000원 PLAYER | P:10♦ 5♦ 8♠=3  B:K♠ 3♥=3  TIE(T)  |     0원 → 207,800원
H462 | bet  32,000원 PLAYER | P:Q♥ 10♥ 6♣=6  B:3♣ 3♣ 2♣=8  BANKER(L)  | -32,000원 → 175,800원  [end_giveup]
H463 | bet   1,000원 BANKER | P:J♦ 7♦=7  B:K♥ 5♥ 6♣=1  PLAYER(L)  | -1,000원 → 174,800원  [start]
H464 | bet   2,000원 PLAYER | P:A♥ 8♣=9  B:4♥ K♥=4  PLAYER(W)  | +2,000원 → 176,800원  [end_win]
H465 | bet   1,000원 BANKER | P:J♣ 6♦=6  B:A♦ 7♣=8  BANKER(W)  | +950원 → 177,750원
H466 | bet   1,000원 BANKER | P:10♥ 3♥ 10♠=3  B:2♠ 5♦=7  BANKER(W)  | +950원 → 178,700원
H467 | bet   1,000원 BANKER | P:Q♦ 5♦=5  B:7♠ 2♣=9  BANKER(W)  | +950원 → 179,650원
H468 | bet   1,000원 BANKER | P:K♦ 10♥ 4♠=4  B:5♦ A♥=6  BANKER(W)  | +950원 → 180,600원
H469 | bet   1,000원 BANKER | P:J♥ 6♠=6  B:9♠ J♠=9  BANKER(W)  | +950원 → 181,550원
H470 | bet   1,000원 BANKER | P:3♦ A♥ 9♥=3  B:2♦ 2♦=4  BANKER(W)  | +950원 → 182,500원
H471 | bet   1,000원 BANKER | P:3♣ 6♥=9  B:4♠ A♠=5  PLAYER(L)  | -1,000원 → 181,500원  [start]
H472 | bet   2,000원 PLAYER | P:2♥ Q♦ 5♥=7  B:3♥ 7♥ 2♣=2  PLAYER(W)  | +2,000원 → 183,500원  [end_win]
H473 | bet   1,000원 BANKER | P:8♦ K♠=8  B:8♥ K♣=8  TIE(T)  |     0원 → 183,500원
H474 | bet   1,000원 BANKER | P:9♦ 9♥=8  B:9♣ 4♠=3  PLAYER(L)  | -1,000원 → 182,500원  [start]
H475 | bet   2,000원 PLAYER | P:A♦ 4♥ 6♣=1  B:5♥ 9♥ 5♦=9  BANKER(L)  | -2,000원 → 180,500원
H476 | bet   4,000원 PLAYER | P:J♣ 4♦ 3♣=7  B:10♥ A♣ 9♥=0  PLAYER(W)  | +4,000원 → 184,500원  [end_win]
H477 | bet   1,000원 BANKER | P:Q♥ 2♠=2  B:5♣ 3♣=8  BANKER(W)  | +950원 → 185,450원
H478 | bet   1,000원 BANKER | P:2♦ 9♦ 5♦=6  B:K♦ 3♥ 9♠=2  PLAYER(L)  | -1,000원 → 184,450원  [start]
H479 | bet   2,000원 PLAYER | P:8♣ A♦=9  B:10♠ K♦=0  PLAYER(W)  | +2,000원 → 186,450원  [end_win]
H480 | bet   1,000원 BANKER | P:9♣ 3♠ Q♦=2  B:Q♦ J♦ 3♥=3  BANKER(W)  | +950원 → 187,400원
H481 | bet   1,000원 BANKER | P:K♠ J♣ J♥=0  B:2♠ 2♠=4  BANKER(W)  | +950원 → 188,350원
H482 | bet   1,000원 BANKER | P:6♥ 4♠ 7♦=7  B:Q♠ 7♠=7  TIE(T)  |     0원 → 188,350원
H483 | bet   1,000원 BANKER | P:7♦ 5♠ 10♣=2  B:3♠ 2♦=5  BANKER(W)  | +950원 → 189,300원
H484 | bet   1,000원 BANKER | P:K♣ J♠ 4♥=4  B:7♥ 9♦=6  BANKER(W)  | +950원 → 190,250원
H485 | bet   1,000원 BANKER | P:K♠ 5♠ J♦=5  B:6♦ K♣=6  BANKER(W)  | +950원 → 191,200원
H486 | bet   1,000원 BANKER | P:7♣ 8♦ 9♠=4  B:K♥ 7♥=7  BANKER(W)  | +950원 → 192,150원
H487 | bet   1,000원 BANKER | P:9♠ 2♦ J♥=1  B:J♥ 7♦=7  BANKER(W)  | +950원 → 193,100원
H488 | bet   1,000원 BANKER | P:7♣ J♣=7  B:Q♣ 2♦ A♦=3  PLAYER(L)  | -1,000원 → 192,100원  [start]
H489 | bet   2,000원 PLAYER | P:4♣ 3♠=7  B:5♣ 6♦ 6♣=7  TIE(T)  |     0원 → 192,100원
H490 | bet   2,000원 PLAYER | P:6♣ 2♥=8  B:8♦ J♣=8  TIE(T)  |     0원 → 192,100원
H491 | bet   2,000원 PLAYER | P:6♣ 9♥ 4♦=9  B:3♠ J♠ K♦=3  PLAYER(W)  | +2,000원 → 194,100원  [end_win]
H492 | bet   1,000원 BANKER | P:2♣ 9♠ 5♠=6  B:3♦ 10♣ K♦=3  PLAYER(L)  | -1,000원 → 193,100원  [start]
H493 | bet   2,000원 PLAYER | P:10♦ J♣ 6♦=6  B:10♠ Q♠ A♥=1  PLAYER(W)  | +2,000원 → 195,100원  [end_win]
H494 | bet   1,000원 BANKER | P:J♦ 7♠=7  B:2♥ 9♠ K♥=1  PLAYER(L)  | -1,000원 → 194,100원  [start]
H495 | bet   2,000원 PLAYER | P:7♣ Q♣=7  B:9♠ J♣=9  BANKER(L)  | -2,000원 → 192,100원
H496 | bet   4,000원 PLAYER | P:7♥ K♠=7  B:2♠ A♣ 10♥=3  PLAYER(W)  | +4,000원 → 196,100원  [end_win]
H497 | bet   1,000원 BANKER | P:8♠ J♠=8  B:5♠ 4♣=9  BANKER(W)  | +950원 → 197,050원
H498 | bet   1,000원 BANKER | P:Q♣ A♠ 10♣=1  B:10♠ 5♦=5  BANKER(W)  | +950원 → 198,000원
H499 | bet   1,000원 BANKER | P:6♦ 5♠ 2♦=3  B:7♦ 8♣=5  BANKER(W)  | +950원 → 198,950원
H500 | bet   1,000원 BANKER | P:9♦ 6♥ 4♠=9  B:5♥ Q♠ 4♥=9  TIE(T)  |     0원 → 198,950원
H501 | bet   1,000원 BANKER | P:2♣ A♥=3  B:3♥ 6♦=9  BANKER(W)  | +950원 → 199,900원
H502 | bet   1,000원 BANKER | P:2♥ 10♣=2  B:2♠ 6♦=8  BANKER(W)  | +950원 → 200,850원
H503 | bet   1,000원 BANKER | P:J♦ 2♦ 10♠=2  B:3♣ K♣ 9♦=2  TIE(T)  |     0원 → 200,850원
H504 | bet   1,000원 BANKER | P:3♦ 10♣ 3♣=6  B:A♦ 5♦=6  TIE(T)  |     0원 → 200,850원
H505 | bet   1,000원 BANKER | P:3♠ 6♣=9  B:9♠ K♠=9  TIE(T)  |     0원 → 200,850원
H506 | bet   1,000원 BANKER | P:4♥ 2♦=6  B:6♠ 5♥ 5♥=6  TIE(T)  |     0원 → 200,850원
H507 | bet   1,000원 BANKER | P:6♠ A♠=7  B:4♣ Q♥ 4♥=8  BANKER(W)  | +950원 → 201,800원
H508 | bet   1,000원 BANKER | P:4♦ 7♣ A♣=2  B:9♣ 6♥=5  BANKER(W)  | +950원 → 202,750원
H509 | bet   1,000원 BANKER | P:2♣ 3♣=5  B:8♣ A♠=9  BANKER(W)  | +950원 → 203,700원
H510 | bet   1,000원 BANKER | P:Q♦ 7♠=7  B:K♦ 9♣=9  BANKER(W)  | +950원 → 204,650원
H511 | bet   1,000원 BANKER | P:3♠ 2♠ J♣=5  B:4♠ 3♦=7  BANKER(W)  | +950원 → 205,600원
H512 | bet   1,000원 BANKER | P:8♣ A♠=9  B:8♣ 8♠=6  PLAYER(L)  | -1,000원 → 204,600원  [start]
H513 | bet   2,000원 PLAYER | P:J♦ Q♠=0  B:10♣ 8♣=8  BANKER(L)  | -2,000원 → 202,600원
H514 | bet   4,000원 PLAYER | P:4♠ 4♠=8  B:J♦ Q♠=0  PLAYER(W)  | +4,000원 → 206,600원  [end_win]
H515 | bet   1,000원 BANKER | P:J♠ A♦ Q♦=1  B:Q♥ 6♥=6  BANKER(W)  | +950원 → 207,550원
H516 | bet   1,000원 BANKER | P:3♥ 5♦=8  B:8♠ J♥=8  TIE(T)  |     0원 → 207,550원
H517 | bet   1,000원 BANKER | P:7♥ 3♠ A♣=1  B:3♦ 9♦ 10♣=2  BANKER(W)  | +950원 → 208,500원
H518 | bet   1,000원 BANKER | P:8♠ 10♥=8  B:8♠ 6♥=4  PLAYER(L)  | -1,000원 → 207,500원  [start]
H519 | bet   2,000원 PLAYER | P:Q♦ J♠ 10♦=0  B:9♥ A♠ 8♦=8  BANKER(L)  | -2,000원 → 205,500원
H520 | bet   4,000원 PLAYER | P:A♣ 6♣=7  B:10♣ K♥ 6♠=6  PLAYER(W)  | +4,000원 → 209,500원  [end_win]
H521 | bet   1,000원 BANKER | P:2♣ 3♥ J♠=5  B:J♦ Q♦ 3♣=3  PLAYER(L)  | -1,000원 → 208,500원  [start]
H522 | bet   2,000원 PLAYER | P:Q♠ 2♥ J♥=2  B:7♠ J♥=7  BANKER(L)  | -2,000원 → 206,500원
H523 | bet   4,000원 PLAYER | P:3♥ K♣ A♥=4  B:7♦ 4♥ 5♥=6  BANKER(L)  | -4,000원 → 202,500원
H524 | bet   8,000원 PLAYER | P:4♦ 8♥ Q♥=2  B:J♦ 7♣=7  BANKER(L)  | -8,000원 → 194,500원
H525 | bet  16,000원 PLAYER | P:7♥ 5♦=2  B:Q♠ 8♥=8  BANKER(L)  | -16,000원 → 178,500원
H526 | bet  32,000원 PLAYER | P:3♣ A♣ 3♦=7  B:5♣ 10♦=5  PLAYER(W)  | +32,000원 → 210,500원  [end_win]
H527 | bet   1,000원 BANKER | P:10♦ 6♣=6  B:5♣ 3♣=8  BANKER(W)  | +950원 → 211,450원
H528 | bet   1,000원 BANKER | P:8♠ J♥=8  B:9♣ A♣=0  PLAYER(L)  | -1,000원 → 210,450원  [start]
H529 | bet   2,000원 PLAYER | P:K♦ 6♦=6  B:8♠ 9♥=7  BANKER(L)  | -2,000원 → 208,450원
H530 | bet   4,000원 PLAYER | P:2♠ 2♣ K♣=4  B:Q♣ A♥ K♣=1  PLAYER(W)  | +4,000원 → 212,450원  [end_win]
H531 | bet   1,000원 BANKER | P:A♦ K♠ 5♠=6  B:7♦ Q♣=7  BANKER(W)  | +950원 → 213,400원
H532 | bet   1,000원 BANKER | P:5♥ 6♣ 9♠=0  B:8♥ 8♦=6  BANKER(W)  | +950원 → 214,350원
H533 | bet   1,000원 BANKER | P:J♦ 6♠=6  B:J♣ 4♣ 8♣=2  PLAYER(L)  | -1,000원 → 213,350원  [start]
H534 | bet   2,000원 PLAYER | P:10♥ 7♠=7  B:5♣ A♠=6  PLAYER(W)  | +2,000원 → 215,350원  [end_win]
H535 | bet   1,000원 BANKER | P:5♠ 4♦=9  B:J♠ 5♣=5  PLAYER(L)  | -1,000원 → 214,350원  [start]
H536 | bet   2,000원 PLAYER | P:2♦ J♣ J♠=2  B:6♠ K♠=6  BANKER(L)  | -2,000원 → 212,350원
H537 | bet   4,000원 PLAYER | P:10♥ K♦ K♣=0  B:J♣ K♥ 8♥=8  BANKER(L)  | -4,000원 → 208,350원
H538 | bet   8,000원 PLAYER | P:8♦ 7♣ 7♠=2  B:2♦ K♦ J♥=2  TIE(T)  |     0원 → 208,350원
H539 | bet   8,000원 PLAYER | P:J♥ Q♦=0  B:8♣ J♣=8  BANKER(L)  | -8,000원 → 200,350원
H540 | bet  16,000원 PLAYER | P:10♦ 4♦ J♥=4  B:10♥ 2♣ 6♥=8  BANKER(L)  | -16,000원 → 184,350원
H541 | bet  32,000원 PLAYER | P:9♠ A♦ 2♠=2  B:K♦ Q♦ J♥=0  PLAYER(W)  | +32,000원 → 216,350원  [end_win]
H542 | bet   1,000원 BANKER | P:2♠ 6♣=8  B:10♦ 9♣=9  BANKER(W)  | +950원 → 217,300원
H543 | bet   1,000원 BANKER | P:Q♠ 8♦=8  B:J♣ 3♠=3  PLAYER(L)  | -1,000원 → 216,300원  [start]
H544 | bet   2,000원 PLAYER | P:7♥ 3♣ Q♠=0  B:A♦ 2♥ 2♠=5  BANKER(L)  | -2,000원 → 214,300원
H545 | bet   4,000원 PLAYER | P:3♦ 8♦=1  B:6♦ 2♥=8  BANKER(L)  | -4,000원 → 210,300원
H546 | bet   8,000원 PLAYER | P:4♥ 7♥ J♠=1  B:4♠ Q♥=4  BANKER(L)  | -8,000원 → 202,300원
H547 | bet  16,000원 PLAYER | P:6♦ 5♠ 9♦=0  B:K♠ 6♣=6  BANKER(L)  | -16,000원 → 186,300원
H548 | bet  32,000원 PLAYER | P:2♦ 6♦=8  B:4♣ 4♠=8  TIE(T)  |     0원 → 186,300원
H549 | bet  32,000원 PLAYER | P:3♠ 10♥ 6♠=9  B:J♠ 10♦ Q♥=0  PLAYER(W)  | +32,000원 → 218,300원  [end_win]
H550 | bet   1,000원 BANKER | P:9♥ 9♥=8  B:7♥ 4♦=1  PLAYER(L)  | -1,000원 → 217,300원  [start]
H551 | bet   2,000원 PLAYER | P:Q♣ 5♦=5  B:5♣ 3♣=8  BANKER(L)  | -2,000원 → 215,300원
H552 | bet   4,000원 PLAYER | P:5♠ K♥ 3♦=8  B:8♥ 9♠=7  PLAYER(W)  | +4,000원 → 219,300원  [end_win]
H553 | bet   1,000원 BANKER | P:5♣ A♦=6  B:4♥ 7♦ A♦=2  PLAYER(L)  | -1,000원 → 218,300원  [start]
H554 | bet   2,000원 PLAYER | P:9♣ 9♣=8  B:5♥ 10♦=5  PLAYER(W)  | +2,000원 → 220,300원  [end_win]
H555 | bet   1,000원 BANKER | P:9♦ 7♣=6  B:K♠ 5♠ K♦=5  PLAYER(L)  | -1,000원 → 219,300원  [start]
H556 | bet   2,000원 PLAYER | P:4♣ 2♣=6  B:7♠ K♣=7  BANKER(L)  | -2,000원 → 217,300원
H557 | bet   4,000원 PLAYER | P:2♦ 6♥=8  B:3♦ A♥=4  PLAYER(W)  | +4,000원 → 221,300원  [end_win]
H558 | bet   1,000원 BANKER | P:3♠ 6♥=9  B:2♣ 4♠=6  PLAYER(L)  | -1,000원 → 220,300원  [start]
H559 | bet   2,000원 PLAYER | P:4♦ 5♦=9  B:7♣ 7♦=4  PLAYER(W)  | +2,000원 → 222,300원  [end_win]
H560 | bet   1,000원 BANKER | P:9♠ Q♦=9  B:6♥ 8♠=4  PLAYER(L)  | -1,000원 → 221,300원  [start]
H561 | bet   2,000원 PLAYER | P:A♥ 6♣=7  B:8♦ 7♠ 4♣=9  BANKER(L)  | -2,000원 → 219,300원
H562 | bet   4,000원 PLAYER | P:4♠ A♦ A♠=6  B:Q♠ Q♥ J♦=0  PLAYER(W)  | +4,000원 → 223,300원  [end_win]
H563 | bet   1,000원 BANKER | P:6♣ 4♣ 10♠=0  B:K♥ 3♥ 8♥=1  BANKER(W)  | +950원 → 224,250원
H564 | bet   1,000원 BANKER | P:2♣ 8♣=0  B:K♦ 9♦=9  BANKER(W)  | +950원 → 225,200원
H565 | bet   1,000원 BANKER | P:5♦ 5♣ K♠=0  B:3♥ 2♥=5  BANKER(W)  | +950원 → 226,150원
H566 | bet   1,000원 BANKER | P:10♠ 5♠=5  B:K♥ 9♣=9  BANKER(W)  | +950원 → 227,100원
H567 | bet   1,000원 BANKER | P:9♠ Q♣=9  B:7♥ 2♥=9  TIE(T)  |     0원 → 227,100원
H568 | bet   1,000원 BANKER | P:3♦ 9♥ A♣=3  B:3♥ 9♦ 4♥=6  BANKER(W)  | +950원 → 228,050원
H569 | bet   1,000원 BANKER | P:10♠ 8♥=8  B:A♥ A♣=2  PLAYER(L)  | -1,000원 → 227,050원  [start]
H570 | bet   2,000원 PLAYER | P:7♦ 7♦ 6♠=0  B:Q♣ K♣ 9♣=9  BANKER(L)  | -2,000원 → 225,050원
H571 | bet   4,000원 PLAYER | P:4♥ K♠ A♥=5  B:7♥ 5♥ 10♣=2  PLAYER(W)  | +4,000원 → 229,050원  [end_win]
H572 | bet   1,000원 BANKER | P:10♣ 3♥ 10♥=3  B:9♥ 7♣=6  BANKER(W)  | +950원 → 230,000원
H573 | bet   1,000원 BANKER | P:A♥ 9♥ 10♥=0  B:K♣ Q♥ K♥=0  TIE(T)  |     0원 → 230,000원
H574 | bet   1,000원 BANKER | P:2♠ 9♦=1  B:9♥ Q♦=9  BANKER(W)  | +950원 → 230,950원
H575 | bet   1,000원 BANKER | P:6♠ K♦=6  B:A♠ 7♣=8  BANKER(W)  | +950원 → 231,900원
H576 | bet   1,000원 BANKER | P:6♦ 4♦ 8♦=8  B:K♥ Q♥ 4♣=4  PLAYER(L)  | -1,000원 → 230,900원  [start]
H577 | bet   2,000원 PLAYER | P:5♣ 7♦ J♣=2  B:10♠ 4♦=4  BANKER(L)  | -2,000원 → 228,900원
H578 | bet   4,000원 PLAYER | P:10♣ 3♠ 10♣=3  B:4♦ 7♦ J♦=1  PLAYER(W)  | +4,000원 → 232,900원  [end_win]
H579 | bet   1,000원 BANKER | P:A♦ J♠ 7♠=8  B:7♣ 8♦ 2♠=7  PLAYER(L)  | -1,000원 → 231,900원  [start]
H580 | bet   2,000원 PLAYER | P:10♦ 3♦=3  B:9♠ Q♣=9  BANKER(L)  | -2,000원 → 229,900원
H581 | bet   4,000원 PLAYER | P:Q♣ 2♥ 9♥=1  B:8♦ 6♠=4  BANKER(L)  | -4,000원 → 225,900원
H582 | bet   8,000원 PLAYER | P:9♣ 8♠=7  B:3♦ 4♠=7  TIE(T)  |     0원 → 225,900원
H583 | bet   8,000원 PLAYER | P:2♦ 10♦=2  B:A♦ 8♠=9  BANKER(L)  | -8,000원 → 217,900원
H584 | bet  16,000원 PLAYER | P:8♥ 4♣ 7♠=9  B:2♣ K♣ 8♦=0  PLAYER(W)  | +16,000원 → 233,900원  [end_win]
H585 | bet   1,000원 BANKER | P:Q♦ 8♠=8  B:A♥ 7♥=8  TIE(T)  |     0원 → 233,900원
H586 | bet   1,000원 BANKER | P:3♠ 10♣ Q♣=3  B:4♥ J♣=4  BANKER(W)  | +950원 → 234,850원
H587 | bet   1,000원 BANKER | P:7♥ 7♠ 8♥=2  B:K♥ 2♦ 4♦=6  BANKER(W)  | +950원 → 235,800원
H588 | bet   1,000원 BANKER | P:8♦ 10♥=8  B:J♣ 5♠=5  PLAYER(L)  | -1,000원 → 234,800원  [start]
H589 | bet   2,000원 PLAYER | P:8♦ 6♠=4  B:5♦ 4♠=9  BANKER(L)  | -2,000원 → 232,800원
H590 | bet   4,000원 PLAYER | P:8♣ 3♣ J♥=1  B:5♠ 7♣ 7♥=9  BANKER(L)  | -4,000원 → 228,800원
H591 | bet   8,000원 PLAYER | P:A♠ 7♥=8  B:4♣ 4♣=8  TIE(T)  |     0원 → 228,800원
H592 | bet   8,000원 PLAYER | P:A♣ Q♦ Q♦=1  B:J♥ 2♠ K♥=2  BANKER(L)  | -8,000원 → 220,800원
H593 | bet  16,000원 PLAYER | P:4♦ K♦ 5♣=9  B:Q♠ 6♠=6  PLAYER(W)  | +16,000원 → 236,800원  [end_win]
H594 | bet   1,000원 BANKER | P:2♦ 4♣=6  B:A♠ 7♦=8  BANKER(W)  | +950원 → 237,750원
H595 | bet   1,000원 BANKER | P:8♦ K♣=8  B:9♣ Q♠=9  BANKER(W)  | +950원 → 238,700원
H596 | bet   1,000원 BANKER | P:9♥ 2♠ 8♥=9  B:8♠ 5♦=3  PLAYER(L)  | -1,000원 → 237,700원  [start]
H597 | bet   2,000원 PLAYER | P:K♠ 10♣ 8♣=8  B:K♥ 2♥ 8♣=0  PLAYER(W)  | +2,000원 → 239,700원  [end_win]
H598 | bet   1,000원 BANKER | P:K♣ 9♠=9  B:J♣ K♠=0  PLAYER(L)  | -1,000원 → 238,700원  [start]
H599 | bet   2,000원 PLAYER | P:J♦ 9♥=9  B:9♠ 6♥=5  PLAYER(W)  | +2,000원 → 240,700원  [end_win]
H600 | bet   1,000원 BANKER | P:K♦ 10♠=0  B:J♠ 9♦=9  BANKER(W)  | +950원 → 241,650원
H601 | bet   1,000원 BANKER | P:5♥ 2♠=7  B:A♣ J♠ 9♦=0  PLAYER(L)  | -1,000원 → 240,650원  [start]
H602 | bet   2,000원 PLAYER | P:8♥ 10♦=8  B:3♣ 4♦=7  PLAYER(W)  | +2,000원 → 242,650원  [end_win]
H603 | bet   1,000원 BANKER | P:4♥ Q♣ 7♥=1  B:J♦ 3♠ 8♣=1  TIE(T)  |     0원 → 242,650원
H604 | bet   1,000원 BANKER | P:Q♥ K♥=0  B:4♠ 5♥=9  BANKER(W)  | +950원 → 243,600원
H605 | bet   1,000원 BANKER | P:6♣ 6♥ J♥=2  B:7♠ 3♠ 8♣=8  BANKER(W)  | +950원 → 244,550원
H606 | bet   1,000원 BANKER | P:8♣ 7♣ 9♦=4  B:10♥ A♦ 8♥=9  BANKER(W)  | +950원 → 245,500원
H607 | bet   1,000원 BANKER | P:10♠ 2♦ 10♥=2  B:2♣ 4♦=6  BANKER(W)  | +950원 → 246,450원
H608 | bet   1,000원 BANKER | P:5♥ 5♠ A♠=1  B:10♠ Q♣ 5♥=5  BANKER(W)  | +950원 → 247,400원
H609 | bet   1,000원 BANKER | P:9♦ J♦=9  B:A♥ 7♠=8  PLAYER(L)  | -1,000원 → 246,400원  [start]
H610 | bet   2,000원 PLAYER | P:6♥ K♥=6  B:9♣ J♠=9  BANKER(L)  | -2,000원 → 244,400원
H611 | bet   4,000원 PLAYER | P:5♣ J♣ Q♣=5  B:6♠ 7♣ 5♣=8  BANKER(L)  | -4,000원 → 240,400원
H612 | bet   8,000원 PLAYER | P:5♠ 6♥ 2♠=3  B:10♦ A♠ 4♥=5  BANKER(L)  | -8,000원 → 232,400원
H613 | bet  16,000원 PLAYER | P:5♥ 6♦ J♣=1  B:4♠ 3♣=7  BANKER(L)  | -16,000원 → 216,400원
H614 | bet  32,000원 PLAYER | P:Q♥ 6♦=6  B:7♠ 8♥ A♦=6  TIE(T)  |     0원 → 216,400원
H615 | bet  32,000원 PLAYER | P:Q♠ K♣ 6♣=6  B:7♦ 4♦ 10♠=1  PLAYER(W)  | +32,000원 → 248,400원  [end_win]
H616 | bet   1,000원 BANKER | P:5♠ Q♥ 3♦=8  B:2♥ 9♦ 2♠=3  PLAYER(L)  | -1,000원 → 247,400원  [start]
H617 | bet   2,000원 PLAYER | P:K♦ A♥ 2♦=3  B:2♥ Q♥ 4♥=6  BANKER(L)  | -2,000원 → 245,400원
H618 | bet   4,000원 PLAYER | P:A♣ 3♠ J♦=4  B:Q♠ 7♦=7  BANKER(L)  | -4,000원 → 241,400원
H619 | bet   8,000원 PLAYER | P:6♥ 2♥=8  B:3♣ 8♠=1  PLAYER(W)  | +8,000원 → 249,400원  [end_win]
H620 | bet   1,000원 BANKER | P:Q♦ 6♦=6  B:Q♥ 9♠=9  BANKER(W)  | +950원 → 250,350원
H621 | bet   1,000원 BANKER | P:3♣ 5♦=8  B:7♥ Q♦=7  PLAYER(L)  | -1,000원 → 249,350원  [start]
H622 | bet   2,000원 PLAYER | P:8♠ 5♥ 9♠=2  B:A♦ J♥ J♥=1  PLAYER(W)  | +2,000원 → 251,350원  [end_win]
H623 | bet   1,000원 BANKER | P:4♣ 10♥ 3♠=7  B:4♥ K♥ 6♠=0  PLAYER(L)  | -1,000원 → 250,350원  [start]
H624 | bet   2,000원 PLAYER | P:A♣ 4♣=5  B:7♠ 2♥=9  BANKER(L)  | -2,000원 → 248,350원
H625 | bet   4,000원 PLAYER | P:5♣ J♠ 3♥=8  B:4♥ 8♥ 10♥=2  PLAYER(W)  | +4,000원 → 252,350원  [end_win]
H626 | bet   1,000원 BANKER | P:5♣ 5♦ 9♥=9  B:10♥ 6♦=6  PLAYER(L)  | -1,000원 → 251,350원  [start]
H627 | bet   2,000원 PLAYER | P:9♥ J♠=9  B:8♣ J♥=8  PLAYER(W)  | +2,000원 → 253,350원  [end_win]
H628 | bet   1,000원 BANKER | P:K♥ J♥ 4♣=4  B:5♠ K♣ 10♣=5  BANKER(W)  | +950원 → 254,300원
H629 | bet   1,000원 BANKER | P:5♦ Q♦ 10♠=5  B:6♣ Q♠=6  BANKER(W)  | +950원 → 255,250원
H630 | bet   1,000원 BANKER | P:J♣ 7♣=7  B:3♣ 8♠ A♠=2  PLAYER(L)  | -1,000원 → 254,250원  [start]
H631 | bet   2,000원 PLAYER | P:K♦ 5♥ A♣=6  B:K♠ K♣ 9♠=9  BANKER(L)  | -2,000원 → 252,250원
H632 | bet   4,000원 PLAYER | P:2♥ 3♦ 6♥=1  B:2♣ 3♠ 10♣=5  BANKER(L)  | -4,000원 → 248,250원
H633 | bet   8,000원 PLAYER | P:J♦ 6♦=6  B:6♦ J♣=6  TIE(T)  |     0원 → 248,250원
H634 | bet   8,000원 PLAYER | P:Q♣ 4♠ A♠=5  B:8♠ 2♠ 9♠=9  BANKER(L)  | -8,000원 → 240,250원
H635 | bet  16,000원 PLAYER | P:10♥ Q♦ 9♥=9  B:5♠ K♠=5  PLAYER(W)  | +16,000원 → 256,250원  [end_win]
H636 | bet   1,000원 BANKER | P:7♣ 4♥ 3♥=4  B:Q♥ 6♣=6  BANKER(W)  | +950원 → 257,200원
H637 | bet   1,000원 BANKER | P:4♠ K♠ 5♠=9  B:A♦ 6♦=7  PLAYER(L)  | -1,000원 → 256,200원  [start]
H638 | bet   2,000원 PLAYER | P:10♠ 10♠ 7♥=7  B:3♦ 3♥ 7♠=3  PLAYER(W)  | +2,000원 → 258,200원  [end_win]
H639 | bet   1,000원 BANKER | P:4♥ 2♦=6  B:J♣ A♠ 3♠=4  PLAYER(L)  | -1,000원 → 257,200원  [start]
H640 | bet   2,000원 PLAYER | P:9♣ 7♣=6  B:6♦ K♠=6  TIE(T)  |     0원 → 257,200원
H641 | bet   2,000원 PLAYER | P:K♠ 9♣=9  B:2♠ K♦=2  PLAYER(W)  | +2,000원 → 259,200원  [end_win]
H642 | bet   1,000원 BANKER | P:J♥ 3♥ 7♥=0  B:K♦ 4♠ 9♦=3  BANKER(W)  | +950원 → 260,150원
H643 | bet   1,000원 BANKER | P:K♣ A♦=1  B:10♣ 9♦=9  BANKER(W)  | +950원 → 261,100원
H644 | bet   1,000원 BANKER | P:8♥ 6♠ K♥=4  B:3♦ 7♦ 8♦=8  BANKER(W)  | +950원 → 262,050원
H645 | bet   1,000원 BANKER | P:Q♣ 5♦ 4♣=9  B:K♠ 5♣ 10♦=5  PLAYER(L)  | -1,000원 → 261,050원  [start]
H646 | bet   2,000원 PLAYER | P:5♥ A♦=6  B:Q♥ 6♣=6  TIE(T)  |     0원 → 261,050원
H647 | bet   2,000원 PLAYER | P:Q♥ 2♣ 9♥=1  B:J♦ 6♠=6  BANKER(L)  | -2,000원 → 259,050원
H648 | bet   4,000원 PLAYER | P:10♦ A♣ 3♣=4  B:7♣ K♦=7  BANKER(L)  | -4,000원 → 255,050원
H649 | bet   8,000원 PLAYER | P:2♦ 3♥ 2♣=7  B:7♦ K♣=7  TIE(T)  |     0원 → 255,050원
H650 | bet   8,000원 PLAYER | P:A♣ 4♦ 5♦=0  B:10♠ A♥ 5♣=6  BANKER(L)  | -8,000원 → 247,050원
H651 | bet  16,000원 PLAYER | P:J♠ Q♠=0  B:7♦ 2♣=9  BANKER(L)  | -16,000원 → 231,050원
H652 | bet  32,000원 PLAYER | P:7♦ A♥=8  B:4♠ 2♥=6  PLAYER(W)  | +32,000원 → 263,050원  [end_win]
H653 | bet   1,000원 BANKER | P:3♦ 9♠ Q♠=2  B:9♦ 6♥=5  BANKER(W)  | +950원 → 264,000원
H654 | bet   1,000원 BANKER | P:10♦ 3♣ 2♣=5  B:4♦ K♦ 3♥=7  BANKER(W)  | +950원 → 264,950원
H655 | bet   1,000원 BANKER | P:6♣ Q♠=6  B:6♣ J♠=6  TIE(T)  |     0원 → 264,950원
H656 | bet   1,000원 BANKER | P:6♣ 9♣ J♦=5  B:9♥ 3♥ A♠=3  PLAYER(L)  | -1,000원 → 263,950원  [start]
H657 | bet   2,000원 PLAYER | P:9♣ A♥=0  B:3♥ 5♦=8  BANKER(L)  | -2,000원 → 261,950원
H658 | bet   4,000원 PLAYER | P:8♦ 5♣ 10♥=3  B:10♣ 6♠=6  BANKER(L)  | -4,000원 → 257,950원
H659 | bet   8,000원 PLAYER | P:5♣ 8♦ 8♦=1  B:A♥ K♣ Q♣=1  TIE(T)  |     0원 → 257,950원
H660 | bet   8,000원 PLAYER | P:3♠ A♥=4  B:7♣ 2♣=9  BANKER(L)  | -8,000원 → 249,950원
H661 | bet  16,000원 PLAYER | P:Q♦ 5♠ 10♣=5  B:J♦ 3♥ 7♥=0  PLAYER(W)  | +16,000원 → 265,950원  [end_win]
H662 | bet   1,000원 BANKER | P:2♠ Q♥ 2♣=4  B:8♦ 2♦ 5♠=5  BANKER(W)  | +950원 → 266,900원
H663 | bet   1,000원 BANKER | P:2♣ 9♣ 5♥=6  B:3♠ J♣ 2♦=5  PLAYER(L)  | -1,000원 → 265,900원  [start]
H664 | bet   2,000원 PLAYER | P:10♣ 4♥ 3♦=7  B:4♠ 6♠ 2♦=2  PLAYER(W)  | +2,000원 → 267,900원  [end_win]
H665 | bet   1,000원 BANKER | P:3♠ 10♠ 8♣=1  B:9♦ 4♣=3  BANKER(W)  | +950원 → 268,850원
H666 | bet   1,000원 BANKER | P:2♠ A♦=3  B:9♦ J♥=9  BANKER(W)  | +950원 → 269,800원
H667 | bet   1,000원 BANKER | P:3♣ 9♦ 9♥=1  B:10♣ 5♦=5  BANKER(W)  | +950원 → 270,750원
H668 | bet   1,000원 BANKER | P:9♦ 5♥ J♦=4  B:Q♥ K♥ 3♦=3  PLAYER(L)  | -1,000원 → 269,750원  [start]
H669 | bet   2,000원 PLAYER | P:A♥ 5♦=6  B:3♥ 7♣ 6♠=6  TIE(T)  |     0원 → 269,750원
H670 | bet   2,000원 PLAYER | P:A♦ 8♠=9  B:K♥ 3♣=3  PLAYER(W)  | +2,000원 → 271,750원  [end_win]
H671 | bet   1,000원 BANKER | P:9♦ 9♠=8  B:3♥ 4♦=7  PLAYER(L)  | -1,000원 → 270,750원  [start]
H672 | bet   2,000원 PLAYER | P:J♠ Q♣ 10♠=0  B:8♥ 4♣ J♣=2  BANKER(L)  | -2,000원 → 268,750원
H673 | bet   4,000원 PLAYER | P:8♥ 7♦ K♦=5  B:J♥ 3♦ 6♠=9  BANKER(L)  | -4,000원 → 264,750원
H674 | bet   8,000원 PLAYER | P:9♠ 8♣=7  B:Q♠ 10♦ 8♠=8  BANKER(L)  | -8,000원 → 256,750원
H675 | bet  16,000원 PLAYER | P:4♣ 3♠=7  B:8♥ 5♣ 5♣=8  BANKER(L)  | -16,000원 → 240,750원
H676 | bet  32,000원 PLAYER | P:Q♦ 4♣ 8♠=2  B:2♠ 3♣=5  BANKER(L)  | -32,000원 → 208,750원  [end_giveup]
H677 | bet   1,000원 BANKER | P:9♥ 2♥ 4♠=5  B:9♠ 3♥ 10♣=2  PLAYER(L)  | -1,000원 → 207,750원  [start]
H678 | bet   2,000원 PLAYER | P:A♣ 8♥=9  B:6♣ 6♥=2  PLAYER(W)  | +2,000원 → 209,750원  [end_win]
H679 | bet   1,000원 BANKER | P:7♦ J♦=7  B:K♣ 8♦=8  BANKER(W)  | +950원 → 210,700원
H680 | bet   1,000원 BANKER | P:A♣ 9♣=0  B:K♣ 9♠=9  BANKER(W)  | +950원 → 211,650원
H681 | bet   1,000원 BANKER | P:7♠ 8♦ J♦=5  B:4♦ 8♠ 9♣=1  PLAYER(L)  | -1,000원 → 210,650원  [start]
H682 | bet   2,000원 PLAYER | P:7♦ A♦=8  B:J♥ 8♠=8  TIE(T)  |     0원 → 210,650원
H683 | bet   2,000원 PLAYER | P:K♠ 7♣=7  B:2♥ 8♥ K♣=0  PLAYER(W)  | +2,000원 → 212,650원  [end_win]
H684 | bet   1,000원 BANKER | P:5♥ 7♣ 7♠=9  B:4♠ 8♥ A♣=3  PLAYER(L)  | -1,000원 → 211,650원  [start]
H685 | bet   2,000원 PLAYER | P:5♣ 6♣ 9♣=0  B:A♠ 10♦ 4♥=5  BANKER(L)  | -2,000원 → 209,650원
H686 | bet   4,000원 PLAYER | P:6♥ J♥=6  B:9♣ 10♦=9  BANKER(L)  | -4,000원 → 205,650원
H687 | bet   8,000원 PLAYER | P:4♥ 8♣ 3♣=5  B:J♣ J♣ 9♠=9  BANKER(L)  | -8,000원 → 197,650원
H688 | bet  16,000원 PLAYER | P:Q♠ 3♥ 6♣=9  B:2♦ 5♥=7  PLAYER(W)  | +16,000원 → 213,650원  [end_win]
H689 | bet   1,000원 BANKER | P:9♥ 5♦ 4♠=8  B:4♣ 8♠ 2♥=4  PLAYER(L)  | -1,000원 → 212,650원  [start]
H690 | bet   2,000원 PLAYER | P:2♥ 6♣=8  B:9♦ Q♠=9  BANKER(L)  | -2,000원 → 210,650원
H691 | bet   4,000원 PLAYER | P:3♣ J♣=3  B:8♠ K♦=8  BANKER(L)  | -4,000원 → 206,650원
H692 | bet   8,000원 PLAYER | P:A♠ 10♥ 3♦=4  B:2♦ Q♥ 10♣=2  PLAYER(W)  | +8,000원 → 214,650원  [end_win]
H693 | bet   1,000원 BANKER | P:2♦ 6♠=8  B:8♠ 3♣=1  PLAYER(L)  | -1,000원 → 213,650원  [start]
H694 | bet   2,000원 PLAYER | P:8♥ 7♦ J♠=5  B:A♣ 6♠=7  BANKER(L)  | -2,000원 → 211,650원
H695 | bet   4,000원 PLAYER | P:4♦ 5♣=9  B:7♠ 2♦=9  TIE(T)  |     0원 → 211,650원
H696 | bet   4,000원 PLAYER | P:7♥ 6♠ 3♠=6  B:2♣ A♣ 9♠=2  PLAYER(W)  | +4,000원 → 215,650원  [end_win]
H697 | bet   1,000원 BANKER | P:K♣ 4♥ 4♦=8  B:5♠ 5♥ 4♠=4  PLAYER(L)  | -1,000원 → 214,650원  [start]
H698 | bet   2,000원 PLAYER | P:7♣ 10♦=7  B:5♠ A♥=6  PLAYER(W)  | +2,000원 → 216,650원  [end_win]
H699 | bet   1,000원 BANKER | P:Q♠ Q♥ J♥=0  B:A♠ 2♥ 7♣=0  TIE(T)  |     0원 → 216,650원
H700 | bet   1,000원 BANKER | P:2♣ 6♦=8  B:6♦ 10♥=6  PLAYER(L)  | -1,000원 → 215,650원  [start]
H701 | bet   2,000원 PLAYER | P:7♥ 2♦=9  B:J♦ J♦=0  PLAYER(W)  | +2,000원 → 217,650원  [end_win]
H702 | bet   1,000원 BANKER | P:7♠ 5♠ 4♣=6  B:4♠ 8♣ Q♦=2  PLAYER(L)  | -1,000원 → 216,650원  [start]
H703 | bet   2,000원 PLAYER | P:Q♥ 10♥ A♦=1  B:5♦ 10♣=5  BANKER(L)  | -2,000원 → 214,650원
H704 | bet   4,000원 PLAYER | P:3♦ 7♥=0  B:7♠ 2♠=9  BANKER(L)  | -4,000원 → 210,650원
H705 | bet   8,000원 PLAYER | P:K♠ K♠ K♦=0  B:7♦ K♦=7  BANKER(L)  | -8,000원 → 202,650원
H706 | bet  16,000원 PLAYER | P:6♥ A♦=7  B:5♦ Q♣ 7♥=2  PLAYER(W)  | +16,000원 → 218,650원  [end_win]
H707 | bet   1,000원 BANKER | P:J♦ K♠ A♦=1  B:A♣ 10♥ 10♥=1  TIE(T)  |     0원 → 218,650원
H708 | bet   1,000원 BANKER | P:3♠ 4♦=7  B:K♦ 10♠ 5♥=5  PLAYER(L)  | -1,000원 → 217,650원  [start]
H709 | bet   2,000원 PLAYER | P:K♥ 10♣ Q♦=0  B:Q♥ 10♦ Q♦=0  TIE(T)  |     0원 → 217,650원
H710 | bet   2,000원 PLAYER | P:Q♦ 8♣=8  B:J♣ 2♥=2  PLAYER(W)  | +2,000원 → 219,650원  [end_win]
H711 | bet   1,000원 BANKER | P:4♣ 7♥ Q♣=1  B:A♣ 9♥ 8♦=8  BANKER(W)  | +950원 → 220,600원
H712 | bet   1,000원 BANKER | P:K♠ 4♥ A♦=5  B:9♠ 4♦ J♠=3  PLAYER(L)  | -1,000원 → 219,600원  [start]
H713 | bet   2,000원 PLAYER | P:A♣ 3♠ 10♠=4  B:4♣ 6♦ 9♦=9  BANKER(L)  | -2,000원 → 217,600원
H714 | bet   4,000원 PLAYER | P:6♦ J♣=6  B:10♠ 4♥ J♠=4  PLAYER(W)  | +4,000원 → 221,600원  [end_win]
H715 | bet   1,000원 BANKER | P:5♣ A♦=6  B:10♥ 5♣ A♠=6  TIE(T)  |     0원 → 221,600원
H716 | bet   1,000원 BANKER | P:5♦ Q♠ 2♠=7  B:3♣ K♠ 6♥=9  BANKER(W)  | +950원 → 222,550원
H717 | bet   1,000원 BANKER | P:K♥ 4♠=4  B:K♣ 9♥=9  BANKER(W)  | +950원 → 223,500원
H718 | bet   1,000원 BANKER | P:2♥ 10♠ 9♥=1  B:Q♠ 5♥=5  BANKER(W)  | +950원 → 224,450원
H719 | bet   1,000원 BANKER | P:K♥ K♠ A♥=1  B:2♥ Q♣ 5♦=7  BANKER(W)  | +950원 → 225,400원
H720 | bet   1,000원 BANKER | P:Q♠ 3♠ 6♣=9  B:8♥ 4♥ 6♠=8  PLAYER(L)  | -1,000원 → 224,400원  [start]
H721 | bet   2,000원 PLAYER | P:2♣ 7♥=9  B:6♣ 6♣=2  PLAYER(W)  | +2,000원 → 226,400원  [end_win]
H722 | bet   1,000원 BANKER | P:5♥ 9♣ 3♦=7  B:7♣ 7♠ J♥=4  PLAYER(L)  | -1,000원 → 225,400원  [start]
H723 | bet   2,000원 PLAYER | P:7♦ Q♠=7  B:K♥ 2♣ 9♦=1  PLAYER(W)  | +2,000원 → 227,400원  [end_win]
H724 | bet   1,000원 BANKER | P:10♦ 10♦=0  B:8♣ A♥=9  BANKER(W)  | +950원 → 228,350원
H725 | bet   1,000원 BANKER | P:K♦ Q♣ K♥=0  B:5♦ J♥=5  BANKER(W)  | +950원 → 229,300원
H726 | bet   1,000원 BANKER | P:J♣ 3♦ A♠=4  B:A♠ J♠ K♦=1  PLAYER(L)  | -1,000원 → 228,300원  [start]
H727 | bet   2,000원 PLAYER | P:9♠ K♠=9  B:Q♣ 8♣=8  PLAYER(W)  | +2,000원 → 230,300원  [end_win]
H728 | bet   1,000원 BANKER | P:A♥ 10♠ A♠=2  B:7♦ 8♦=5  BANKER(W)  | +950원 → 231,250원
H729 | bet   1,000원 BANKER | P:9♣ 5♠ 4♦=8  B:10♣ J♠ Q♥=0  PLAYER(L)  | -1,000원 → 230,250원  [start]
H730 | bet   2,000원 PLAYER | P:7♥ 10♠=7  B:6♦ 8♦ J♠=4  PLAYER(W)  | +2,000원 → 232,250원  [end_win]
H731 | bet   1,000원 BANKER | P:A♠ 6♦=7  B:Q♣ 7♣=7  TIE(T)  |     0원 → 232,250원
H732 | bet   1,000원 BANKER | P:7♠ A♥=8  B:2♠ K♦=2  PLAYER(L)  | -1,000원 → 231,250원  [start]
H733 | bet   2,000원 PLAYER | P:9♥ 2♣ 3♣=4  B:Q♦ 6♥=6  BANKER(L)  | -2,000원 → 229,250원
H734 | bet   4,000원 PLAYER | P:K♣ 6♥=6  B:6♥ 9♥ K♣=5  PLAYER(W)  | +4,000원 → 233,250원  [end_win]
H735 | bet   1,000원 BANKER | P:2♠ 3♥=5  B:4♥ 5♠=9  BANKER(W)  | +950원 → 234,200원
H736 | bet   1,000원 BANKER | P:K♥ 10♥ 6♠=6  B:Q♦ Q♥ 4♠=4  PLAYER(L)  | -1,000원 → 233,200원  [start]
H737 | bet   2,000원 PLAYER | P:5♣ 3♥=8  B:7♠ 3♦=0  PLAYER(W)  | +2,000원 → 235,200원  [end_win]
H738 | bet   1,000원 BANKER | P:2♠ 6♥=8  B:5♠ J♠=5  PLAYER(L)  | -1,000원 → 234,200원  [start]
H739 | bet   2,000원 PLAYER | P:9♣ 7♥=6  B:2♥ 7♣=9  BANKER(L)  | -2,000원 → 232,200원
H740 | bet   4,000원 PLAYER | P:A♥ 9♦ 10♠=0  B:10♦ 3♠ 2♣=5  BANKER(L)  | -4,000원 → 228,200원
H741 | bet   8,000원 PLAYER | P:8♠ A♠=9  B:10♥ K♥=0  PLAYER(W)  | +8,000원 → 236,200원  [end_win]
H742 | bet   1,000원 BANKER | P:2♦ 8♥ 8♣=8  B:5♥ 10♥=5  PLAYER(L)  | -1,000원 → 235,200원  [start]
H743 | bet   2,000원 PLAYER | P:7♦ Q♦=7  B:5♦ Q♣ 3♣=8  BANKER(L)  | -2,000원 → 233,200원
H744 | bet   4,000원 PLAYER | P:6♦ 2♠=8  B:5♠ 8♥=3  PLAYER(W)  | +4,000원 → 237,200원  [end_win]
H745 | bet   1,000원 BANKER | P:4♣ K♦ A♣=5  B:3♥ J♠ 5♠=8  BANKER(W)  | +950원 → 238,150원
H746 | bet   1,000원 BANKER | P:8♣ 6♣ 6♦=0  B:A♦ 4♦ 9♦=4  BANKER(W)  | +950원 → 239,100원
H747 | bet   1,000원 BANKER | P:4♥ 6♦ 9♦=9  B:J♥ 7♦=7  PLAYER(L)  | -1,000원 → 238,100원  [start]
H748 | bet   2,000원 PLAYER | P:A♥ 8♣=9  B:10♥ 6♥=6  PLAYER(W)  | +2,000원 → 240,100원  [end_win]
H749 | bet   1,000원 BANKER | P:8♠ 5♣ 9♣=2  B:Q♠ 2♣ 3♣=5  BANKER(W)  | +950원 → 241,050원
H750 | bet   1,000원 BANKER | P:7♠ 10♣=7  B:3♥ 4♥=7  TIE(T)  |     0원 → 241,050원
H751 | bet   1,000원 BANKER | P:K♠ Q♣=0  B:2♠ 7♦=9  BANKER(W)  | +950원 → 242,000원
H752 | bet   1,000원 BANKER | P:7♠ 7♥ 2♣=6  B:6♠ 4♠ 2♦=2  PLAYER(L)  | -1,000원 → 241,000원  [start]
H753 | bet   2,000원 PLAYER | P:8♠ 3♦ 10♦=1  B:7♣ 10♣=7  BANKER(L)  | -2,000원 → 239,000원
H754 | bet   4,000원 PLAYER | P:K♣ J♣ 2♣=2  B:K♣ 5♠=5  BANKER(L)  | -4,000원 → 235,000원
H755 | bet   8,000원 PLAYER | P:6♣ 10♠=6  B:Q♠ Q♠ 9♦=9  BANKER(L)  | -8,000원 → 227,000원
H756 | bet  16,000원 PLAYER | P:4♠ J♥ 3♣=7  B:J♥ 6♣=6  PLAYER(W)  | +16,000원 → 243,000원  [end_win]
H757 | bet   1,000원 BANKER | P:K♦ J♥ J♠=0  B:8♥ 7♠=5  BANKER(W)  | +950원 → 243,950원
H758 | bet   1,000원 BANKER | P:10♦ A♠ Q♦=1  B:A♦ K♠ Q♥=1  TIE(T)  |     0원 → 243,950원
H759 | bet   1,000원 BANKER | P:5♥ 3♠=8  B:3♦ 9♠=2  PLAYER(L)  | -1,000원 → 242,950원  [start]
H760 | bet   2,000원 PLAYER | P:K♥ 5♦ J♣=5  B:5♣ 9♦=4  PLAYER(W)  | +2,000원 → 244,950원  [end_win]
H761 | bet   1,000원 BANKER | P:4♥ 6♣ 9♠=9  B:10♣ Q♥ Q♥=0  PLAYER(L)  | -1,000원 → 243,950원  [start]
H762 | bet   2,000원 PLAYER | P:4♠ Q♥ 3♠=7  B:2♣ 8♦ 2♥=2  PLAYER(W)  | +2,000원 → 245,950원  [end_win]
H763 | bet   1,000원 BANKER | P:5♠ 3♥=8  B:J♦ K♣=0  PLAYER(L)  | -1,000원 → 244,950원  [start]
H764 | bet   2,000원 PLAYER | P:9♣ 5♣ 5♣=9  B:8♣ 6♥ 8♠=2  PLAYER(W)  | +2,000원 → 246,950원  [end_win]
H765 | bet   1,000원 BANKER | P:8♦ Q♣=8  B:K♣ 9♦=9  BANKER(W)  | +950원 → 247,900원
H766 | bet   1,000원 BANKER | P:Q♣ A♣=1  B:9♣ K♦=9  BANKER(W)  | +950원 → 248,850원
H767 | bet   1,000원 BANKER | P:6♣ Q♠=6  B:A♦ 7♠=8  BANKER(W)  | +950원 → 249,800원
H768 | bet   1,000원 BANKER | P:10♦ Q♠=0  B:8♦ A♠=9  BANKER(W)  | +950원 → 250,750원
H769 | bet   1,000원 BANKER | P:3♠ 5♥=8  B:7♣ 2♥=9  BANKER(W)  | +950원 → 251,700원
H770 | bet   1,000원 BANKER | P:4♥ 3♥=7  B:2♥ A♣ 9♥=2  PLAYER(L)  | -1,000원 → 250,700원  [start]
H771 | bet   2,000원 PLAYER | P:A♠ 4♦ 10♣=5  B:A♥ 9♣ Q♥=0  PLAYER(W)  | +2,000원 → 252,700원  [end_win]
H772 | bet   1,000원 BANKER | P:9♠ J♦=9  B:A♣ 2♦=3  PLAYER(L)  | -1,000원 → 251,700원  [start]
H773 | bet   2,000원 PLAYER | P:2♠ 8♣ J♥=0  B:7♥ 4♥ K♠=1  BANKER(L)  | -2,000원 → 249,700원
H774 | bet   4,000원 PLAYER | P:K♦ K♣ K♦=0  B:9♠ 5♠=4  BANKER(L)  | -4,000원 → 245,700원
H775 | bet   8,000원 PLAYER | P:2♦ 6♥=8  B:10♣ 3♣=3  PLAYER(W)  | +8,000원 → 253,700원  [end_win]
H776 | bet   1,000원 BANKER | P:Q♦ 4♣=4  B:4♥ 5♠=9  BANKER(W)  | +950원 → 254,650원
H777 | bet   1,000원 BANKER | P:7♣ Q♣=7  B:7♣ 3♣ 5♣=5  PLAYER(L)  | -1,000원 → 253,650원  [start]
H778 | bet   2,000원 PLAYER | P:4♣ 10♦ K♣=4  B:K♥ 3♣ 8♣=1  PLAYER(W)  | +2,000원 → 255,650원  [end_win]
H779 | bet   1,000원 BANKER | P:5♦ 8♦ K♦=3  B:8♠ 5♣ 6♣=9  BANKER(W)  | +950원 → 256,600원
H780 | bet   1,000원 BANKER | P:K♥ K♦ 6♠=6  B:A♦ 9♥ 2♠=2  PLAYER(L)  | -1,000원 → 255,600원  [start]
H781 | bet   2,000원 PLAYER | P:2♦ 3♠=5  B:9♣ 10♥=9  BANKER(L)  | -2,000원 → 253,600원
H782 | bet   4,000원 PLAYER | P:3♥ 5♦=8  B:Q♣ 8♠=8  TIE(T)  |     0원 → 253,600원
H783 | bet   4,000원 PLAYER | P:4♦ J♣ 10♠=4  B:7♦ 6♠ 5♥=8  BANKER(L)  | -4,000원 → 249,600원
H784 | bet   8,000원 PLAYER | P:7♦ J♠=7  B:6♥ 3♠=9  BANKER(L)  | -8,000원 → 241,600원
H785 | bet  16,000원 PLAYER | P:6♦ K♠=6  B:10♥ 3♥ 10♦=3  PLAYER(W)  | +16,000원 → 257,600원  [end_win]
H786 | bet   1,000원 BANKER | P:4♦ 10♥ J♠=4  B:J♣ 10♠ 4♣=4  TIE(T)  |     0원 → 257,600원
H787 | bet   1,000원 BANKER | P:J♠ Q♣ 5♥=5  B:3♥ 9♣ 10♣=2  PLAYER(L)  | -1,000원 → 256,600원  [start]
H788 | bet   2,000원 PLAYER | P:K♥ 7♥=7  B:4♦ 9♠ 10♥=3  PLAYER(W)  | +2,000원 → 258,600원  [end_win]
H789 | bet   1,000원 BANKER | P:J♦ J♣ 5♠=5  B:Q♦ A♥ 6♥=7  BANKER(W)  | +950원 → 259,550원
H790 | bet   1,000원 BANKER | P:3♠ 8♠ Q♦=1  B:9♥ 4♠ J♣=3  BANKER(W)  | +950원 → 260,500원
H791 | bet   1,000원 BANKER | P:10♠ 3♦ 8♥=1  B:9♥ A♠ J♥=0  PLAYER(L)  | -1,000원 → 259,500원  [start]
H792 | bet   2,000원 PLAYER | P:2♥ 4♥=6  B:Q♦ 2♦ 6♦=8  BANKER(L)  | -2,000원 → 257,500원
H793 | bet   4,000원 PLAYER | P:8♦ K♥=8  B:A♦ 5♠=6  PLAYER(W)  | +4,000원 → 261,500원  [end_win]
H794 | bet   1,000원 BANKER | P:4♣ 3♦=7  B:Q♣ 3♠ 4♦=7  TIE(T)  |     0원 → 261,500원
H795 | bet   1,000원 BANKER | P:7♣ 6♦ 9♣=2  B:2♣ A♦ 7♥=0  PLAYER(L)  | -1,000원 → 260,500원  [start]
H796 | bet   2,000원 PLAYER | P:8♥ 5♦ 6♥=9  B:K♣ 7♦=7  PLAYER(W)  | +2,000원 → 262,500원  [end_win]
H797 | bet   1,000원 BANKER | P:J♣ A♣ A♥=2  B:A♦ 4♠=5  BANKER(W)  | +950원 → 263,450원
H798 | bet   1,000원 BANKER | P:7♥ 6♠ 2♦=5  B:2♥ 8♣ A♦=1  PLAYER(L)  | -1,000원 → 262,450원  [start]
H799 | bet   2,000원 PLAYER | P:4♣ 6♠ 8♦=8  B:7♣ K♦=7  PLAYER(W)  | +2,000원 → 264,450원  [end_win]
H800 | bet   1,000원 BANKER | P:4♦ A♣=5  B:10♦ 8♥=8  BANKER(W)  | +950원 → 265,400원
H801 | bet   1,000원 BANKER | P:4♠ 9♥ 2♠=5  B:J♦ J♦ 8♣=8  BANKER(W)  | +950원 → 266,350원
H802 | bet   1,000원 BANKER | P:4♦ J♦ 6♦=0  B:3♣ 2♥ 2♠=7  BANKER(W)  | +950원 → 267,300원
H803 | bet   1,000원 BANKER | P:K♣ J♣=0  B:3♥ 6♠=9  BANKER(W)  | +950원 → 268,250원
H804 | bet   1,000원 BANKER | P:7♣ A♠=8  B:Q♠ J♦=0  PLAYER(L)  | -1,000원 → 267,250원  [start]
H805 | bet   2,000원 PLAYER | P:2♠ 5♦=7  B:5♦ 6♠ 4♣=5  PLAYER(W)  | +2,000원 → 269,250원  [end_win]
H806 | bet   1,000원 BANKER | P:5♥ 7♥=2  B:5♣ 4♥=9  BANKER(W)  | +950원 → 270,200원
H807 | bet   1,000원 BANKER | P:10♥ K♠ Q♦=0  B:3♦ 9♠ 9♦=1  BANKER(W)  | +950원 → 271,150원
H808 | bet   1,000원 BANKER | P:8♠ K♥=8  B:6♥ 5♥=1  PLAYER(L)  | -1,000원 → 270,150원  [start]
H809 | bet   2,000원 PLAYER | P:10♠ Q♥ K♠=0  B:A♥ J♠ 2♣=3  BANKER(L)  | -2,000원 → 268,150원
H810 | bet   4,000원 PLAYER | P:7♦ 3♦ A♠=1  B:7♦ 7♠=4  BANKER(L)  | -4,000원 → 264,150원
H811 | bet   8,000원 PLAYER | P:A♠ 7♠=8  B:J♠ 10♣=0  PLAYER(W)  | +8,000원 → 272,150원  [end_win]
H812 | bet   1,000원 BANKER | P:2♦ 7♠=9  B:8♦ 9♥=7  PLAYER(L)  | -1,000원 → 271,150원  [start]
H813 | bet   2,000원 PLAYER | P:K♥ 9♠=9  B:J♥ Q♠=0  PLAYER(W)  | +2,000원 → 273,150원  [end_win]
H814 | bet   1,000원 BANKER | P:2♠ 9♥ Q♦=1  B:7♥ 10♠=7  BANKER(W)  | +950원 → 274,100원
H815 | bet   1,000원 BANKER | P:K♠ 4♠ 6♥=0  B:8♥ 6♠ A♥=5  BANKER(W)  | +950원 → 275,050원
H816 | bet   1,000원 BANKER | P:7♠ 5♣ J♥=2  B:2♣ K♠ A♣=3  BANKER(W)  | +950원 → 276,000원
H817 | bet   1,000원 BANKER | P:5♥ 10♦ 6♦=1  B:2♥ 5♦=7  BANKER(W)  | +950원 → 276,950원
H818 | bet   1,000원 BANKER | P:Q♥ A♥ Q♠=1  B:8♥ 6♣=4  BANKER(W)  | +950원 → 277,900원
H819 | bet   1,000원 BANKER | P:3♣ 4♣=7  B:Q♥ 9♠=9  BANKER(W)  | +950원 → 278,850원
H820 | bet   1,000원 BANKER | P:6♣ 9♥ A♦=6  B:3♣ 9♣ 6♣=8  BANKER(W)  | +950원 → 279,800원
H821 | bet   1,000원 BANKER | P:K♠ J♣ 5♥=5  B:2♣ 3♥ 9♠=4  PLAYER(L)  | -1,000원 → 278,800원  [start]
H822 | bet   2,000원 PLAYER | P:5♦ 3♦=8  B:9♠ 2♦=1  PLAYER(W)  | +2,000원 → 280,800원  [end_win]
H823 | bet   1,000원 BANKER | P:A♥ 6♠=7  B:6♦ 3♠=9  BANKER(W)  | +950원 → 281,750원
H824 | bet   1,000원 BANKER | P:Q♠ 2♣ 5♠=7  B:Q♣ A♦ 10♠=1  PLAYER(L)  | -1,000원 → 280,750원  [start]
H825 | bet   2,000원 PLAYER | P:K♣ 7♠=7  B:2♣ K♣ 7♣=9  BANKER(L)  | -2,000원 → 278,750원
H826 | bet   4,000원 PLAYER | P:2♠ Q♣ 7♠=9  B:10♠ 6♦ Q♥=6  PLAYER(W)  | +4,000원 → 282,750원  [end_win]
H827 | bet   1,000원 BANKER | P:K♠ 10♦ 9♠=9  B:4♦ 6♦ 10♦=0  PLAYER(L)  | -1,000원 → 281,750원  [start]
H828 | bet   2,000원 PLAYER | P:4♦ 6♣ 3♥=3  B:4♥ Q♥ 8♠=2  PLAYER(W)  | +2,000원 → 283,750원  [end_win]
H829 | bet   1,000원 BANKER | P:Q♥ 8♦=8  B:4♣ 10♥=4  PLAYER(L)  | -1,000원 → 282,750원  [start]
H830 | bet   2,000원 PLAYER | P:3♥ Q♦ A♣=4  B:K♣ 5♠=5  BANKER(L)  | -2,000원 → 280,750원
H831 | bet   4,000원 PLAYER | P:Q♣ 9♣=9  B:6♣ J♣=6  PLAYER(W)  | +4,000원 → 284,750원  [end_win]
H832 | bet   1,000원 BANKER | P:2♦ 5♣=7  B:5♦ 8♦ 6♣=9  BANKER(W)  | +950원 → 285,700원
H833 | bet   1,000원 BANKER | P:A♣ A♥ 10♠=2  B:4♠ 7♥ 9♠=0  PLAYER(L)  | -1,000원 → 284,700원  [start]
H834 | bet   2,000원 PLAYER | P:2♥ 9♠ A♠=2  B:9♥ 6♥=5  BANKER(L)  | -2,000원 → 282,700원
H835 | bet   4,000원 PLAYER | P:10♦ 2♣=2  B:9♦ K♥=9  BANKER(L)  | -4,000원 → 278,700원
H836 | bet   8,000원 PLAYER | P:8♠ 3♥=1  B:J♥ 9♦=9  BANKER(L)  | -8,000원 → 270,700원
H837 | bet  16,000원 PLAYER | P:8♥ 3♣ 7♥=8  B:6♦ 6♣ 3♥=5  PLAYER(W)  | +16,000원 → 286,700원  [end_win]
H838 | bet   1,000원 BANKER | P:2♥ 7♣=9  B:J♦ 2♣=2  PLAYER(L)  | -1,000원 → 285,700원  [start]
H839 | bet   2,000원 PLAYER | P:J♥ 6♠=6  B:2♦ 4♥=6  TIE(T)  |     0원 → 285,700원
H840 | bet   2,000원 PLAYER | P:K♦ 6♠=6  B:4♠ J♦ 7♥=1  PLAYER(W)  | +2,000원 → 287,700원  [end_win]
H841 | bet   1,000원 BANKER | P:9♠ K♣=9  B:J♠ Q♥=0  PLAYER(L)  | -1,000원 → 286,700원  [start]
H842 | bet   2,000원 PLAYER | P:K♠ 8♦=8  B:9♦ 3♠=2  PLAYER(W)  | +2,000원 → 288,700원  [end_win]
H843 | bet   1,000원 BANKER | P:6♥ 9♣ 3♠=8  B:J♠ A♠ Q♦=1  PLAYER(L)  | -1,000원 → 287,700원  [start]
H844 | bet   2,000원 PLAYER | P:7♦ 6♦ 7♣=0  B:A♥ K♦ 3♣=4  BANKER(L)  | -2,000원 → 285,700원
H845 | bet   4,000원 PLAYER | P:K♦ 2♠ 3♠=5  B:9♠ 6♥=5  TIE(T)  |     0원 → 285,700원
H846 | bet   4,000원 PLAYER | P:Q♣ Q♠=0  B:2♦ 6♠=8  BANKER(L)  | -4,000원 → 281,700원
H847 | bet   8,000원 PLAYER | P:5♦ 3♦=8  B:2♠ 2♣=4  PLAYER(W)  | +8,000원 → 289,700원  [end_win]
H848 | bet   1,000원 BANKER | P:10♠ 9♣=9  B:3♦ 5♣=8  PLAYER(L)  | -1,000원 → 288,700원  [start]
H849 | bet   2,000원 PLAYER | P:5♥ K♠ 10♥=5  B:J♦ A♣ 9♦=0  PLAYER(W)  | +2,000원 → 290,700원  [end_win]
H850 | bet   1,000원 BANKER | P:J♦ 4♠ 5♦=9  B:A♥ K♣ 3♠=4  PLAYER(L)  | -1,000원 → 289,700원  [start]
H851 | bet   2,000원 PLAYER | P:A♦ Q♣ 10♥=1  B:5♠ 6♥ 4♠=5  BANKER(L)  | -2,000원 → 287,700원
H852 | bet   4,000원 PLAYER | P:10♥ 4♣=4  B:6♥ 3♠=9  BANKER(L)  | -4,000원 → 283,700원
H853 | bet   8,000원 PLAYER | P:4♠ 7♣ 6♠=7  B:8♠ 6♠ 4♥=8  BANKER(L)  | -8,000원 → 275,700원
H854 | bet  16,000원 PLAYER | P:J♥ 5♥ J♦=5  B:5♣ K♠=5  TIE(T)  |     0원 → 275,700원
H855 | bet  16,000원 PLAYER | P:J♠ K♥ A♠=1  B:4♣ A♣=5  BANKER(L)  | -16,000원 → 259,700원
H856 | bet  32,000원 PLAYER | P:6♦ 7♦ 5♠=8  B:10♥ Q♠ A♦=1  PLAYER(W)  | +32,000원 → 291,700원  [end_win]
H857 | bet   1,000원 BANKER | P:4♦ Q♦ A♠=5  B:7♠ 9♥=6  BANKER(W)  | +950원 → 292,650원
H858 | bet   1,000원 BANKER | P:Q♠ J♦ 6♦=6  B:K♠ 4♥ 5♣=9  BANKER(W)  | +950원 → 293,600원
H859 | bet   1,000원 BANKER | P:5♥ 3♥=8  B:2♥ J♥=2  PLAYER(L)  | -1,000원 → 292,600원  [start]
H860 | bet   2,000원 PLAYER | P:6♠ 4♦ 10♣=0  B:8♣ 3♠ A♥=2  BANKER(L)  | -2,000원 → 290,600원
H861 | bet   4,000원 PLAYER | P:K♦ 8♠=8  B:5♦ J♦=5  PLAYER(W)  | +4,000원 → 294,600원  [end_win]
H862 | bet   1,000원 BANKER | P:9♥ 4♦ 10♥=3  B:4♦ 9♥ 10♣=3  TIE(T)  |     0원 → 294,600원
H863 | bet   1,000원 BANKER | P:A♠ 4♠ 4♠=9  B:8♦ 7♠ 10♣=5  PLAYER(L)  | -1,000원 → 293,600원  [start]
H864 | bet   2,000원 PLAYER | P:10♠ K♥ K♣=0  B:Q♦ A♦ 8♥=9  BANKER(L)  | -2,000원 → 291,600원
H865 | bet   4,000원 PLAYER | P:Q♠ 6♦=6  B:5♦ 7♦ K♥=2  PLAYER(W)  | +4,000원 → 295,600원  [end_win]
H866 | bet   1,000원 BANKER | P:3♣ 8♥ 2♦=3  B:7♣ 7♣ K♥=4  BANKER(W)  | +950원 → 296,550원
H867 | bet   1,000원 BANKER | P:4♥ 3♦=7  B:8♠ 9♦=7  TIE(T)  |     0원 → 296,550원
H868 | bet   1,000원 BANKER | P:5♦ K♦=5  B:9♦ K♠=9  BANKER(W)  | +950원 → 297,500원
H869 | bet   1,000원 BANKER | P:A♣ 5♣=6  B:A♥ Q♣ 8♦=9  BANKER(W)  | +950원 → 298,450원
H870 | bet   1,000원 BANKER | P:10♦ 2♦ Q♦=2  B:Q♣ J♣ 7♣=7  BANKER(W)  | +950원 → 299,400원
H871 | bet   1,000원 BANKER | P:6♥ 5♣ 7♥=8  B:9♠ 8♦=7  PLAYER(L)  | -1,000원 → 298,400원  [start]
H872 | bet   2,000원 PLAYER | P:2♥ 2♥ 2♦=6  B:2♥ K♥ 2♠=4  PLAYER(W)  | +2,000원 → 300,400원  [end_win]
H873 | bet   1,000원 BANKER | P:8♣ 3♦ J♣=1  B:8♣ 7♠=5  BANKER(W)  | +950원 → 301,350원
H874 | bet   1,000원 BANKER | P:Q♥ 3♥=3  B:A♥ 8♠=9  BANKER(W)  | +950원 → 302,300원
H875 | bet   1,000원 BANKER | P:Q♥ A♦ 9♣=0  B:8♦ 4♦ 5♣=7  BANKER(W)  | +950원 → 303,250원
H876 | bet   1,000원 BANKER | P:7♦ K♠=7  B:10♦ J♠ 8♦=8  BANKER(W)  | +950원 → 304,200원
H877 | bet   1,000원 BANKER | P:7♣ 3♥ 7♦=7  B:6♥ 9♦ 4♣=9  BANKER(W)  | +950원 → 305,150원
H878 | bet   1,000원 BANKER | P:8♣ A♠=9  B:J♣ Q♦=0  PLAYER(L)  | -1,000원 → 304,150원  [start]
H879 | bet   2,000원 PLAYER | P:7♥ 5♦=2  B:8♥ J♣=8  BANKER(L)  | -2,000원 → 302,150원
H880 | bet   4,000원 PLAYER | P:9♣ Q♣=9  B:6♣ J♣=6  PLAYER(W)  | +4,000원 → 306,150원  [end_win]
H881 | bet   1,000원 BANKER | P:3♦ 10♦=3  B:Q♥ 9♥=9  BANKER(W)  | +950원 → 307,100원
H882 | bet   1,000원 BANKER | P:J♠ A♣ 2♠=3  B:7♠ 3♣ Q♦=0  PLAYER(L)  | -1,000원 → 306,100원  [start]
H883 | bet   2,000원 PLAYER | P:K♦ 7♠=7  B:Q♥ 4♣ K♥=4  PLAYER(W)  | +2,000원 → 308,100원  [end_win]
H884 | bet   1,000원 BANKER | P:3♠ 8♥ 4♠=5  B:4♦ 2♥=6  BANKER(W)  | +950원 → 309,050원
H885 | bet   1,000원 BANKER | P:9♣ 10♦=9  B:J♥ J♣=0  PLAYER(L)  | -1,000원 → 308,050원  [start]
H886 | bet   2,000원 PLAYER | P:4♣ K♣ 9♥=3  B:5♥ 10♣=5  BANKER(L)  | -2,000원 → 306,050원
H887 | bet   4,000원 PLAYER | P:A♠ J♠ A♣=2  B:2♠ 5♠=7  BANKER(L)  | -4,000원 → 302,050원
H888 | bet   8,000원 PLAYER | P:7♦ 7♦ J♥=4  B:8♥ 8♣=6  BANKER(L)  | -8,000원 → 294,050원
H889 | bet  16,000원 PLAYER | P:5♥ 4♣=9  B:3♣ 3♣=6  PLAYER(W)  | +16,000원 → 310,050원  [end_win]
H890 | bet   1,000원 BANKER | P:10♥ 7♠=7  B:5♠ Q♠ K♦=5  PLAYER(L)  | -1,000원 → 309,050원  [start]
H891 | bet   2,000원 PLAYER | P:4♥ 6♠ Q♦=0  B:Q♠ 10♠ 3♦=3  BANKER(L)  | -2,000원 → 307,050원
H892 | bet   4,000원 PLAYER | P:10♣ 7♥=7  B:A♥ 7♦=8  BANKER(L)  | -4,000원 → 303,050원
H893 | bet   8,000원 PLAYER | P:8♠ 8♥=6  B:A♦ 10♥ 9♥=0  PLAYER(W)  | +8,000원 → 311,050원  [end_win]
H894 | bet   1,000원 BANKER | P:8♠ J♥=8  B:4♥ 8♣=2  PLAYER(L)  | -1,000원 → 310,050원  [start]
H895 | bet   2,000원 PLAYER | P:2♣ 7♥=9  B:2♠ 7♥=9  TIE(T)  |     0원 → 310,050원
H896 | bet   2,000원 PLAYER | P:2♥ K♦ 6♥=8  B:6♣ 9♣ 5♠=0  PLAYER(W)  | +2,000원 → 312,050원  [end_win]
H897 | bet   1,000원 BANKER | P:9♦ 3♦ 5♣=7  B:J♥ 2♠ K♣=2  PLAYER(L)  | -1,000원 → 311,050원  [start]
H898 | bet   2,000원 PLAYER | P:5♥ K♥ A♠=6  B:A♣ A♦ 10♠=2  PLAYER(W)  | +2,000원 → 313,050원  [end_win]
H899 | bet   1,000원 BANKER | P:10♣ 10♠ 10♦=0  B:8♣ 5♠ J♦=3  BANKER(W)  | +950원 → 314,000원
H900 | bet   1,000원 BANKER | P:3♦ Q♣=3  B:8♣ 10♥=8  BANKER(W)  | +950원 → 314,950원
H901 | bet   1,000원 BANKER | P:5♣ 7♠=2  B:10♠ 8♠=8  BANKER(W)  | +950원 → 315,900원
H902 | bet   1,000원 BANKER | P:Q♦ 7♦=7  B:K♦ 6♣=6  PLAYER(L)  | -1,000원 → 314,900원  [start]
H903 | bet   2,000원 PLAYER | P:6♣ 5♠ 4♦=5  B:6♠ 7♥ 10♦=3  PLAYER(W)  | +2,000원 → 316,900원  [end_win]
H904 | bet   1,000원 BANKER | P:J♥ 3♦=3  B:5♥ 4♣=9  BANKER(W)  | +950원 → 317,850원
H905 | bet   1,000원 BANKER | P:3♠ 7♣ 4♥=4  B:4♦ J♠ 8♥=2  PLAYER(L)  | -1,000원 → 316,850원  [start]
H906 | bet   2,000원 PLAYER | P:9♣ 6♠ Q♦=5  B:8♦ 2♠ K♦=0  PLAYER(W)  | +2,000원 → 318,850원  [end_win]
H907 | bet   1,000원 BANKER | P:8♦ 7♣ 2♥=7  B:Q♦ 2♦ A♦=3  PLAYER(L)  | -1,000원 → 317,850원  [start]
H908 | bet   2,000원 PLAYER | P:3♥ K♣=3  B:3♠ 6♥=9  BANKER(L)  | -2,000원 → 315,850원
H909 | bet   4,000원 PLAYER | P:9♦ J♦=9  B:K♠ 5♥=5  PLAYER(W)  | +4,000원 → 319,850원  [end_win]
H910 | bet   1,000원 BANKER | P:2♦ 8♣ J♥=0  B:10♥ 10♣ 2♥=2  BANKER(W)  | +950원 → 320,800원
H911 | bet   1,000원 BANKER | P:J♣ 3♥ 10♥=3  B:A♦ 9♦ 8♥=8  BANKER(W)  | +950원 → 321,750원
H912 | bet   1,000원 BANKER | P:4♦ 9♠ 7♦=0  B:5♠ J♠ Q♣=5  BANKER(W)  | +950원 → 322,700원
H913 | bet   1,000원 BANKER | P:3♣ A♣ 10♣=4  B:3♣ K♦ 8♥=1  PLAYER(L)  | -1,000원 → 321,700원  [start]
H914 | bet   2,000원 PLAYER | P:3♥ K♥=3  B:Q♣ 8♣=8  BANKER(L)  | -2,000원 → 319,700원
H915 | bet   4,000원 PLAYER | P:2♦ 8♦ A♠=1  B:7♣ 10♣=7  BANKER(L)  | -4,000원 → 315,700원
H916 | bet   8,000원 PLAYER | P:J♦ 8♥=8  B:Q♥ 5♣=5  PLAYER(W)  | +8,000원 → 323,700원  [end_win]
H917 | bet   1,000원 BANKER | P:5♥ 2♥=7  B:7♠ 8♦ K♦=5  PLAYER(L)  | -1,000원 → 322,700원  [start]
H918 | bet   2,000원 PLAYER | P:5♦ 3♥=8  B:J♥ 4♥=4  PLAYER(W)  | +2,000원 → 324,700원  [end_win]
H919 | bet   1,000원 BANKER | P:9♦ Q♣=9  B:Q♠ J♣=0  PLAYER(L)  | -1,000원 → 323,700원  [start]
H920 | bet   2,000원 PLAYER | P:A♦ J♣ 2♣=3  B:8♦ 3♥ 8♦=9  BANKER(L)  | -2,000원 → 321,700원
H921 | bet   4,000원 PLAYER | P:8♠ 7♠ 7♣=2  B:K♣ 4♣ 2♣=6  BANKER(L)  | -4,000원 → 317,700원
H922 | bet   8,000원 PLAYER | P:5♣ A♠=6  B:4♥ 8♥ 3♠=5  PLAYER(W)  | +8,000원 → 325,700원  [end_win]
H923 | bet   1,000원 BANKER | P:4♣ 9♣ 2♦=5  B:Q♦ Q♥ 8♠=8  BANKER(W)  | +950원 → 326,650원
H924 | bet   1,000원 BANKER | P:2♥ 3♣=5  B:9♠ K♠=9  BANKER(W)  | +950원 → 327,600원
H925 | bet   1,000원 BANKER | P:A♦ 10♠=1  B:3♣ 6♣=9  BANKER(W)  | +950원 → 328,550원
H926 | bet   1,000원 BANKER | P:7♦ 8♦ 7♠=2  B:4♣ A♥ 9♣=4  BANKER(W)  | +950원 → 329,500원
H927 | bet   1,000원 BANKER | P:8♠ 9♠=7  B:7♣ 7♣ 7♦=1  PLAYER(L)  | -1,000원 → 328,500원  [start]
H928 | bet   2,000원 PLAYER | P:10♣ 5♥ 6♠=1  B:J♣ 5♥ 2♣=7  BANKER(L)  | -2,000원 → 326,500원
H929 | bet   4,000원 PLAYER | P:J♥ K♥ 3♦=3  B:K♣ 3♦ A♣=4  BANKER(L)  | -4,000원 → 322,500원
H930 | bet   8,000원 PLAYER | P:5♠ 6♦ 8♣=9  B:3♣ 9♠ 5♠=7  PLAYER(W)  | +8,000원 → 330,500원  [end_win]
H931 | bet   1,000원 BANKER | P:4♥ 3♠=7  B:5♣ 4♣=9  BANKER(W)  | +950원 → 331,450원
H932 | bet   1,000원 BANKER | P:6♣ 6♠ Q♠=2  B:8♦ 8♣=6  BANKER(W)  | +950원 → 332,400원
H933 | bet   1,000원 BANKER | P:4♦ 10♠ 9♦=3  B:3♥ 4♥=7  BANKER(W)  | +950원 → 333,350원
H934 | bet   1,000원 BANKER | P:2♥ 9♣ A♣=2  B:2♠ 9♠ 2♣=3  BANKER(W)  | +950원 → 334,300원
H935 | bet   1,000원 BANKER | P:5♥ Q♠ 5♦=0  B:10♠ K♠ 9♦=9  BANKER(W)  | +950원 → 335,250원
H936 | bet   1,000원 BANKER | P:A♦ J♥ A♥=2  B:9♥ 3♦ 4♦=6  BANKER(W)  | +950원 → 336,200원
H937 | bet   1,000원 BANKER | P:7♥ 4♣ A♠=2  B:J♠ Q♥ K♥=0  PLAYER(L)  | -1,000원 → 335,200원  [start]
H938 | bet   2,000원 PLAYER | P:9♣ 7♦=6  B:Q♣ A♠ A♦=2  PLAYER(W)  | +2,000원 → 337,200원  [end_win]
H939 | bet   1,000원 BANKER | P:6♦ 7♦ 6♣=9  B:3♦ A♦ A♣=5  PLAYER(L)  | -1,000원 → 336,200원  [start]
H940 | bet   2,000원 PLAYER | P:3♠ 5♥=8  B:4♠ 4♥=8  TIE(T)  |     0원 → 336,200원
H941 | bet   2,000원 PLAYER | P:K♣ 9♦=9  B:J♣ J♥=0  PLAYER(W)  | +2,000원 → 338,200원  [end_win]
H942 | bet   1,000원 BANKER | P:6♥ 3♠=9  B:Q♠ A♥=1  PLAYER(L)  | -1,000원 → 337,200원  [start]
H943 | bet   2,000원 PLAYER | P:4♠ 10♦ A♠=5  B:J♠ 4♥=4  PLAYER(W)  | +2,000원 → 339,200원  [end_win]
H944 | bet   1,000원 BANKER | P:2♠ 5♠=7  B:5♣ K♠ 2♦=7  TIE(T)  |     0원 → 339,200원
H945 | bet   1,000원 BANKER | P:2♥ 7♥=9  B:5♣ 8♠=3  PLAYER(L)  | -1,000원 → 338,200원  [start]
H946 | bet   2,000원 PLAYER | P:3♣ 6♦=9  B:4♠ 2♣=6  PLAYER(W)  | +2,000원 → 340,200원  [end_win]
H947 | bet   1,000원 BANKER | P:6♦ K♦=6  B:J♦ 2♠ Q♦=2  PLAYER(L)  | -1,000원 → 339,200원  [start]
H948 | bet   2,000원 PLAYER | P:9♥ Q♠=9  B:6♠ 3♠=9  TIE(T)  |     0원 → 339,200원
H949 | bet   2,000원 PLAYER | P:Q♣ 4♦ A♠=5  B:A♣ J♦ 3♠=4  PLAYER(W)  | +2,000원 → 341,200원  [end_win]
H950 | bet   1,000원 BANKER | P:K♥ 6♣=6  B:A♦ 9♥ Q♠=0  PLAYER(L)  | -1,000원 → 340,200원  [start]
H951 | bet   2,000원 PLAYER | P:J♦ 4♥ 6♠=0  B:6♦ 4♠ 10♠=0  TIE(T)  |     0원 → 340,200원
H952 | bet   2,000원 PLAYER | P:A♥ 5♦=6  B:J♠ Q♠ 4♦=4  PLAYER(W)  | +2,000원 → 342,200원  [end_win]
H953 | bet   1,000원 BANKER | P:8♠ 7♣ 5♣=0  B:Q♠ 10♦ 2♥=2  BANKER(W)  | +950원 → 343,150원
H954 | bet   1,000원 BANKER | P:J♠ 10♠ A♣=1  B:J♥ J♣ 2♣=2  BANKER(W)  | +950원 → 344,100원
H955 | bet   1,000원 BANKER | P:5♠ A♥=6  B:9♣ 5♥ 2♦=6  TIE(T)  |     0원 → 344,100원
H956 | bet   1,000원 BANKER | P:10♠ J♦=0  B:2♦ 6♥=8  BANKER(W)  | +950원 → 345,050원
H957 | bet   1,000원 BANKER | P:4♠ J♣ 2♣=6  B:J♠ J♦ 5♦=5  PLAYER(L)  | -1,000원 → 344,050원  [start]
H958 | bet   2,000원 PLAYER | P:8♥ 3♣ J♠=1  B:5♠ 10♣=5  BANKER(L)  | -2,000원 → 342,050원
H959 | bet   4,000원 PLAYER | P:9♣ 6♥=5  B:8♣ 10♦=8  BANKER(L)  | -4,000원 → 338,050원
H960 | bet   8,000원 PLAYER | P:2♣ 7♠=9  B:5♦ 3♦=8  PLAYER(W)  | +8,000원 → 346,050원  [end_win]
H961 | bet   1,000원 BANKER | P:10♥ Q♥=0  B:9♥ 9♥=8  BANKER(W)  | +950원 → 347,000원
H962 | bet   1,000원 BANKER | P:9♥ 7♥=6  B:4♠ 2♠=6  TIE(T)  |     0원 → 347,000원
H963 | bet   1,000원 BANKER | P:K♣ 7♦=7  B:10♦ 6♣=6  PLAYER(L)  | -1,000원 → 346,000원  [start]
H964 | bet   2,000원 PLAYER | P:4♣ 5♦=9  B:A♠ 8♠=9  TIE(T)  |     0원 → 346,000원
H965 | bet   2,000원 PLAYER | P:9♠ 8♣=7  B:7♠ 10♥=7  TIE(T)  |     0원 → 346,000원
H966 | bet   2,000원 PLAYER | P:K♥ 6♥=6  B:A♣ Q♦ A♠=2  PLAYER(W)  | +2,000원 → 348,000원  [end_win]
H967 | bet   1,000원 BANKER | P:6♦ 10♥=6  B:K♥ 7♣=7  BANKER(W)  | +950원 → 348,950원
H968 | bet   1,000원 BANKER | P:6♦ J♣=6  B:Q♥ 6♥=6  TIE(T)  |     0원 → 348,950원
H969 | bet   1,000원 BANKER | P:8♣ K♦=8  B:9♥ 7♥=6  PLAYER(L)  | -1,000원 → 347,950원  [start]
H970 | bet   2,000원 PLAYER | P:K♠ A♣=1  B:10♦ 9♣=9  BANKER(L)  | -2,000원 → 345,950원
H971 | bet   4,000원 PLAYER | P:6♦ 9♠=5  B:5♦ 4♠=9  BANKER(L)  | -4,000원 → 341,950원
H972 | bet   8,000원 PLAYER | P:5♠ 4♣=9  B:6♠ 10♣=6  PLAYER(W)  | +8,000원 → 349,950원  [end_win]
H973 | bet   1,000원 BANKER | P:K♦ 6♥=6  B:4♠ 8♥ 3♥=5  PLAYER(L)  | -1,000원 → 348,950원  [start]
H974 | bet   2,000원 PLAYER | P:2♠ 10♥=2  B:9♦ Q♥=9  BANKER(L)  | -2,000원 → 346,950원
H975 | bet   4,000원 PLAYER | P:5♣ 2♦=7  B:9♦ 10♦=9  BANKER(L)  | -4,000원 → 342,950원
H976 | bet   8,000원 PLAYER | P:3♥ 2♠=5  B:Q♥ 9♥=9  BANKER(L)  | -8,000원 → 334,950원
H977 | bet  16,000원 PLAYER | P:9♠ K♣=9  B:5♦ 7♥=2  PLAYER(W)  | +16,000원 → 350,950원  [end_win]
H978 | bet   1,000원 BANKER | P:3♦ 2♥ A♥=6  B:6♣ 7♠ Q♦=3  PLAYER(L)  | -1,000원 → 349,950원  [start]
H979 | bet   2,000원 PLAYER | P:K♠ Q♦=0  B:K♥ 8♥=8  BANKER(L)  | -2,000원 → 347,950원
H980 | bet   4,000원 PLAYER | P:K♣ 7♥=7  B:K♥ Q♥ 2♠=2  PLAYER(W)  | +4,000원 → 351,950원  [end_win]
H981 | bet   1,000원 BANKER | P:6♠ 3♣=9  B:7♠ 10♣=7  PLAYER(L)  | -1,000원 → 350,950원  [start]
H982 | bet   2,000원 PLAYER | P:Q♣ 10♥ A♥=1  B:7♦ 10♣=7  BANKER(L)  | -2,000원 → 348,950원
H983 | bet   4,000원 PLAYER | P:K♦ A♣ 9♠=0  B:9♣ A♣ K♥=0  TIE(T)  |     0원 → 348,950원
H984 | bet   4,000원 PLAYER | P:J♦ 2♣ 4♠=6  B:10♠ A♠ J♠=1  PLAYER(W)  | +4,000원 → 352,950원  [end_win]
H985 | bet   1,000원 BANKER | P:10♠ 5♠ 3♦=8  B:A♠ J♠ 10♦=1  PLAYER(L)  | -1,000원 → 351,950원  [start]
H986 | bet   2,000원 PLAYER | P:8♥ 6♠ 2♦=6  B:6♦ 4♦ 5♥=5  PLAYER(W)  | +2,000원 → 353,950원  [end_win]
H987 | bet   1,000원 BANKER | P:J♠ 5♣ K♠=5  B:J♦ J♦ 7♥=7  BANKER(W)  | +950원 → 354,900원
H988 | bet   1,000원 BANKER | P:Q♥ 6♣=6  B:9♦ J♠=9  BANKER(W)  | +950원 → 355,850원
H989 | bet   1,000원 BANKER | P:5♣ Q♣ 6♠=1  B:A♦ Q♥ 7♥=8  BANKER(W)  | +950원 → 356,800원
H990 | bet   1,000원 BANKER | P:2♠ 2♣ 3♥=7  B:4♥ 8♦ Q♦=2  PLAYER(L)  | -1,000원 → 355,800원  [start]
H991 | bet   2,000원 PLAYER | P:6♠ K♦=6  B:9♠ 10♣=9  BANKER(L)  | -2,000원 → 353,800원
H992 | bet   4,000원 PLAYER | P:J♥ A♣ A♦=2  B:7♣ 8♥=5  BANKER(L)  | -4,000원 → 349,800원
H993 | bet   8,000원 PLAYER | P:9♠ 3♠ K♦=2  B:4♣ K♠=4  BANKER(L)  | -8,000원 → 341,800원
H994 | bet  16,000원 PLAYER | P:6♦ 10♣=6  B:10♥ K♦ A♣=1  PLAYER(W)  | +16,000원 → 357,800원  [end_win]
H995 | bet   1,000원 BANKER | P:6♦ 4♣=0  B:6♥ 3♦=9  BANKER(W)  | +950원 → 358,750원
H996 | bet   1,000원 BANKER | P:10♠ 9♦=9  B:5♠ 8♣=3  PLAYER(L)  | -1,000원 → 357,750원  [start]
H997 | bet   2,000원 PLAYER | P:4♥ 2♠=6  B:K♣ K♠ J♥=0  PLAYER(W)  | +2,000원 → 359,750원  [end_win]
H998 | bet   1,000원 BANKER | P:10♥ 9♠=9  B:7♠ 7♦=4  PLAYER(L)  | -1,000원 → 358,750원  [start]
H999 | bet   2,000원 PLAYER | P:7♣ K♣=7  B:4♣ K♣ J♣=4  PLAYER(W)  | +2,000원 → 360,750원  [end_win]
H1000 | bet   1,000원 BANKER | P:3♣ 6♠=9  B:9♣ 9♠=8  PLAYER(L)  | -1,000원 → 359,750원  [start]
H1001 | bet   2,000원 PLAYER | P:4♠ 2♣=6  B:J♦ 6♣=6  TIE(T)  |     0원 → 359,750원
H1002 | bet   2,000원 PLAYER | P:8♠ 5♣ 3♠=6  B:9♦ 8♥=7  BANKER(L)  | -2,000원 → 357,750원
H1003 | bet   4,000원 PLAYER | P:6♥ 7♣ Q♠=3  B:8♠ 3♠ A♠=2  PLAYER(W)  | +4,000원 → 361,750원  [end_win]
H1004 | bet   1,000원 BANKER | P:Q♣ K♥=0  B:8♦ J♥=8  BANKER(W)  | +950원 → 362,700원
H1005 | bet   1,000원 BANKER | P:2♥ Q♦ 3♦=5  B:A♣ K♥ 10♦=1  PLAYER(L)  | -1,000원 → 361,700원  [start]
H1006 | bet   2,000원 PLAYER | P:3♥ J♦=3  B:4♠ 5♦=9  BANKER(L)  | -2,000원 → 359,700원
H1007 | bet   4,000원 PLAYER | P:J♠ K♦ Q♠=0  B:2♦ 3♥=5  BANKER(L)  | -4,000원 → 355,700원
H1008 | bet   8,000원 PLAYER | P:J♦ 2♠ K♦=2  B:9♠ 6♣=5  BANKER(L)  | -8,000원 → 347,700원
H1009 | bet  16,000원 PLAYER | P:Q♣ A♠ 9♣=0  B:Q♣ 4♣=4  BANKER(L)  | -16,000원 → 331,700원
H1010 | bet  32,000원 PLAYER | P:8♣ 8♥=6  B:9♥ A♥ 9♣=9  BANKER(L)  | -32,000원 → 299,700원  [end_giveup]
H1011 | bet   1,000원 BANKER | P:10♣ 8♠=8  B:K♠ A♣=1  PLAYER(L)  | -1,000원 → 298,700원  [start]
H1012 | bet   2,000원 PLAYER | P:7♦ 2♣=9  B:10♦ 8♦=8  PLAYER(W)  | +2,000원 → 300,700원  [end_win]
H1013 | bet   1,000원 BANKER | P:2♦ 3♥ 10♥=5  B:7♥ 7♠=4  PLAYER(L)  | -1,000원 → 299,700원  [start]
H1014 | bet   2,000원 PLAYER | P:5♥ A♥=6  B:5♠ 7♦ 7♥=9  BANKER(L)  | -2,000원 → 297,700원
H1015 | bet   4,000원 PLAYER | P:A♠ 7♦=8  B:10♦ J♦=0  PLAYER(W)  | +4,000원 → 301,700원  [end_win]
H1016 | bet   1,000원 BANKER | P:5♥ J♥=5  B:3♣ 5♠=8  BANKER(W)  | +950원 → 302,650원
H1017 | bet   1,000원 BANKER | P:Q♦ 2♥ K♣=2  B:6♠ 6♦ 7♠=9  BANKER(W)  | +950원 → 303,600원
H1018 | bet   1,000원 BANKER | P:A♦ 10♦ 7♦=8  B:4♠ 6♣ 4♦=4  PLAYER(L)  | -1,000원 → 302,600원  [start]
H1019 | bet   2,000원 PLAYER | P:4♦ 7♥ Q♥=1  B:8♣ 2♥ 9♥=9  BANKER(L)  | -2,000원 → 300,600원
H1020 | bet   4,000원 PLAYER | P:2♥ Q♠=2  B:K♥ 8♠=8  BANKER(L)  | -4,000원 → 296,600원
H1021 | bet   8,000원 PLAYER | P:3♣ 6♣=9  B:10♠ K♣=0  PLAYER(W)  | +8,000원 → 304,600원  [end_win]
H1022 | bet   1,000원 BANKER | P:9♥ A♦ 8♠=8  B:10♣ 5♦=5  PLAYER(L)  | -1,000원 → 303,600원  [start]
H1023 | bet   2,000원 PLAYER | P:J♣ A♥ 9♦=0  B:7♣ 3♠ 2♣=2  BANKER(L)  | -2,000원 → 301,600원
H1024 | bet   4,000원 PLAYER | P:2♣ J♦ 9♥=1  B:2♣ 9♦ 4♥=5  BANKER(L)  | -4,000원 → 297,600원
H1025 | bet   8,000원 PLAYER | P:3♣ A♠ 3♣=7  B:2♥ 5♦=7  TIE(T)  |     0원 → 297,600원
H1026 | bet   8,000원 PLAYER | P:K♠ 3♥ 3♠=6  B:2♦ Q♦ 10♠=2  PLAYER(W)  | +8,000원 → 305,600원  [end_win]
H1027 | bet   1,000원 BANKER | P:4♥ K♦ A♥=5  B:7♥ K♣=7  BANKER(W)  | +950원 → 306,550원
H1028 | bet   1,000원 BANKER | P:Q♣ 7♣=7  B:8♠ 8♦=6  PLAYER(L)  | -1,000원 → 305,550원  [start]
H1029 | bet   2,000원 PLAYER | P:8♣ 8♠=6  B:8♣ 8♥=6  TIE(T)  |     0원 → 305,550원
H1030 | bet   2,000원 PLAYER | P:Q♥ 3♦ 4♣=7  B:Q♠ K♥ 2♠=2  PLAYER(W)  | +2,000원 → 307,550원  [end_win]
H1031 | bet   1,000원 BANKER | P:5♣ 5♥ 6♥=6  B:7♠ 6♦ J♣=3  PLAYER(L)  | -1,000원 → 306,550원  [start]
H1032 | bet   2,000원 PLAYER | P:6♠ A♦=7  B:Q♦ 5♦ Q♣=5  PLAYER(W)  | +2,000원 → 308,550원  [end_win]
H1033 | bet   1,000원 BANKER | P:Q♦ 3♦=3  B:4♦ 5♦=9  BANKER(W)  | +950원 → 309,500원
H1034 | bet   1,000원 BANKER | P:Q♠ 6♥=6  B:6♥ Q♣=6  TIE(T)  |     0원 → 309,500원
H1035 | bet   1,000원 BANKER | P:K♥ 6♣=6  B:K♠ 2♦ 10♠=2  PLAYER(L)  | -1,000원 → 308,500원  [start]
H1036 | bet   2,000원 PLAYER | P:10♥ 5♠=5  B:5♦ 3♣=8  BANKER(L)  | -2,000원 → 306,500원
H1037 | bet   4,000원 PLAYER | P:6♦ 9♣ 5♠=0  B:6♥ 10♠=6  BANKER(L)  | -4,000원 → 302,500원
H1038 | bet   8,000원 PLAYER | P:4♠ A♠ J♣=5  B:9♦ A♦ 4♣=4  PLAYER(W)  | +8,000원 → 310,500원  [end_win]
H1039 | bet   1,000원 BANKER | P:2♠ A♥ 4♣=7  B:Q♥ J♥ Q♥=0  PLAYER(L)  | -1,000원 → 309,500원  [start]
H1040 | bet   2,000원 PLAYER | P:9♣ 7♠=6  B:3♠ 8♦ 2♠=3  PLAYER(W)  | +2,000원 → 311,500원  [end_win]
H1041 | bet   1,000원 BANKER | P:Q♥ A♣ 6♥=7  B:7♥ 10♦=7  TIE(T)  |     0원 → 311,500원
H1042 | bet   1,000원 BANKER | P:5♥ 2♦=7  B:5♥ 2♦=7  TIE(T)  |     0원 → 311,500원
H1043 | bet   1,000원 BANKER | P:4♦ 3♦=7  B:8♣ 5♣ 4♦=7  TIE(T)  |     0원 → 311,500원
H1044 | bet   1,000원 BANKER | P:7♣ 6♣ 10♣=3  B:7♠ K♦=7  BANKER(W)  | +950원 → 312,450원
H1045 | bet   1,000원 BANKER | P:6♥ 9♥=5  B:9♥ 10♦=9  BANKER(W)  | +950원 → 313,400원
H1046 | bet   1,000원 BANKER | P:9♣ 7♣=6  B:J♣ Q♠ 10♥=0  PLAYER(L)  | -1,000원 → 312,400원  [start]
H1047 | bet   2,000원 PLAYER | P:6♦ J♣=6  B:4♠ 3♥=7  BANKER(L)  | -2,000원 → 310,400원
H1048 | bet   4,000원 PLAYER | P:J♥ 8♥=8  B:J♠ Q♠=0  PLAYER(W)  | +4,000원 → 314,400원  [end_win]
H1049 | bet   1,000원 BANKER | P:8♥ 10♥=8  B:10♦ 4♥=4  PLAYER(L)  | -1,000원 → 313,400원  [start]
H1050 | bet   2,000원 PLAYER | P:9♠ 2♠ 3♠=4  B:A♦ A♥ Q♦=2  PLAYER(W)  | +2,000원 → 315,400원  [end_win]
H1051 | bet   1,000원 BANKER | P:J♠ 5♥ 9♠=4  B:8♦ 7♦=5  BANKER(W)  | +950원 → 316,350원
H1052 | bet   1,000원 BANKER | P:3♣ A♣ 7♠=1  B:5♥ 5♠ A♦=1  TIE(T)  |     0원 → 316,350원
H1053 | bet   1,000원 BANKER | P:5♦ Q♣ A♥=6  B:4♥ Q♥=4  PLAYER(L)  | -1,000원 → 315,350원  [start]
H1054 | bet   2,000원 PLAYER | P:K♥ 3♥=3  B:K♠ 8♣=8  BANKER(L)  | -2,000원 → 313,350원
H1055 | bet   4,000원 PLAYER | P:5♠ 7♦ 10♣=2  B:10♣ 10♥ 3♣=3  BANKER(L)  | -4,000원 → 309,350원
H1056 | bet   8,000원 PLAYER | P:J♥ 8♥=8  B:2♥ Q♠=2  PLAYER(W)  | +8,000원 → 317,350원  [end_win]
H1057 | bet   1,000원 BANKER | P:7♥ J♠=7  B:2♦ 6♠=8  BANKER(W)  | +950원 → 318,300원
H1058 | bet   1,000원 BANKER | P:9♦ 8♦=7  B:Q♦ 10♣ 8♦=8  BANKER(W)  | +950원 → 319,250원
H1059 | bet   1,000원 BANKER | P:6♦ 4♠ 2♥=2  B:4♥ 10♥ 8♣=2  TIE(T)  |     0원 → 319,250원
H1060 | bet   1,000원 BANKER | P:4♦ 3♠=7  B:2♠ 6♣=8  BANKER(W)  | +950원 → 320,200원
H1061 | bet   1,000원 BANKER | P:9♥ 4♠ 2♥=5  B:7♦ K♣=7  BANKER(W)  | +950원 → 321,150원
H1062 | bet   1,000원 BANKER | P:K♠ 5♣=5  B:J♣ 9♥=9  BANKER(W)  | +950원 → 322,100원
H1063 | bet   1,000원 BANKER | P:2♣ A♠ 9♣=2  B:10♠ 4♦=4  BANKER(W)  | +950원 → 323,050원
H1064 | bet   1,000원 BANKER | P:3♦ 5♣=8  B:A♥ J♣=1  PLAYER(L)  | -1,000원 → 322,050원  [start]
H1065 | bet   2,000원 PLAYER | P:K♥ 3♠ Q♠=3  B:Q♦ Q♦ 3♣=3  TIE(T)  |     0원 → 322,050원
H1066 | bet   2,000원 PLAYER | P:5♥ J♦=5  B:Q♣ 9♥=9  BANKER(L)  | -2,000원 → 320,050원
H1067 | bet   4,000원 PLAYER | P:3♠ 4♠=7  B:5♥ J♥ J♥=5  PLAYER(W)  | +4,000원 → 324,050원  [end_win]
H1068 | bet   1,000원 BANKER | P:7♠ 8♣ 3♥=8  B:A♣ 10♦ J♣=1  PLAYER(L)  | -1,000원 → 323,050원  [start]
H1069 | bet   2,000원 PLAYER | P:9♣ 5♠ 8♣=2  B:3♠ 3♦=6  BANKER(L)  | -2,000원 → 321,050원
H1070 | bet   4,000원 PLAYER | P:J♥ 9♥=9  B:A♦ K♠=1  PLAYER(W)  | +4,000원 → 325,050원  [end_win]
H1071 | bet   1,000원 BANKER | P:2♣ 6♣=8  B:5♣ 7♦=2  PLAYER(L)  | -1,000원 → 324,050원  [start]
H1072 | bet   2,000원 PLAYER | P:3♠ 5♥=8  B:6♦ 5♠=1  PLAYER(W)  | +2,000원 → 326,050원  [end_win]
H1073 | bet   1,000원 BANKER | P:5♥ 7♠ J♣=2  B:8♥ 5♠ 2♦=5  BANKER(W)  | +950원 → 327,000원
H1074 | bet   1,000원 BANKER | P:8♦ J♠=8  B:2♠ 9♥=1  PLAYER(L)  | -1,000원 → 326,000원  [start]
H1075 | bet   2,000원 PLAYER | P:2♥ 4♣=6  B:A♠ 7♦=8  BANKER(L)  | -2,000원 → 324,000원
H1076 | bet   4,000원 PLAYER | P:9♦ 8♦=7  B:2♣ 3♥ 7♥=2  PLAYER(W)  | +4,000원 → 328,000원  [end_win]
H1077 | bet   1,000원 BANKER | P:A♦ 8♦=9  B:A♥ 8♦=9  TIE(T)  |     0원 → 328,000원
H1078 | bet   1,000원 BANKER | P:3♦ 2♣ J♣=5  B:2♥ J♠ 6♥=8  BANKER(W)  | +950원 → 328,950원
H1079 | bet   1,000원 BANKER | P:9♠ 2♣ 5♣=6  B:2♣ 9♠ J♦=1  PLAYER(L)  | -1,000원 → 327,950원  [start]
H1080 | bet   2,000원 PLAYER | P:5♥ 2♦=7  B:Q♠ 2♠ 4♥=6  PLAYER(W)  | +2,000원 → 329,950원  [end_win]
H1081 | bet   1,000원 BANKER | P:5♦ 10♥ 5♥=0  B:J♠ A♣ 7♣=8  BANKER(W)  | +950원 → 330,900원
H1082 | bet   1,000원 BANKER | P:Q♦ Q♣ K♦=0  B:9♥ 2♥ A♠=2  BANKER(W)  | +950원 → 331,850원
H1083 | bet   1,000원 BANKER | P:2♠ 7♣=9  B:A♣ A♣=2  PLAYER(L)  | -1,000원 → 330,850원  [start]
H1084 | bet   2,000원 PLAYER | P:9♦ 4♣ A♥=4  B:7♣ K♣=7  BANKER(L)  | -2,000원 → 328,850원
H1085 | bet   4,000원 PLAYER | P:3♥ 3♦=6  B:Q♥ J♠ 3♣=3  PLAYER(W)  | +4,000원 → 332,850원  [end_win]
H1086 | bet   1,000원 BANKER | P:2♣ 4♥=6  B:6♣ 6♥ 9♠=1  PLAYER(L)  | -1,000원 → 331,850원  [start]
H1087 | bet   2,000원 PLAYER | P:10♣ K♣ A♠=1  B:5♦ 9♥=4  BANKER(L)  | -2,000원 → 329,850원
H1088 | bet   4,000원 PLAYER | P:2♦ 10♠ J♥=2  B:10♠ 5♠=5  BANKER(L)  | -4,000원 → 325,850원
H1089 | bet   8,000원 PLAYER | P:K♠ 6♠=6  B:6♠ K♠=6  TIE(T)  |     0원 → 325,850원
H1090 | bet   8,000원 PLAYER | P:3♥ 7♣ 7♥=7  B:A♥ J♠ 3♣=4  PLAYER(W)  | +8,000원 → 333,850원  [end_win]
H1091 | bet   1,000원 BANKER | P:7♥ 10♣=7  B:4♣ K♣ 4♠=8  BANKER(W)  | +950원 → 334,800원
H1092 | bet   1,000원 BANKER | P:5♠ K♦ 6♦=1  B:K♥ 10♣ 2♣=2  BANKER(W)  | +950원 → 335,750원
H1093 | bet   1,000원 BANKER | P:J♥ 8♦=8  B:5♥ 4♦=9  BANKER(W)  | +950원 → 336,700원
H1094 | bet   1,000원 BANKER | P:K♥ 9♣=9  B:8♣ 5♦=3  PLAYER(L)  | -1,000원 → 335,700원  [start]
H1095 | bet   2,000원 PLAYER | P:10♣ K♠ 5♦=5  B:8♥ 8♥=6  BANKER(L)  | -2,000원 → 333,700원
H1096 | bet   4,000원 PLAYER | P:4♦ A♣ 7♣=2  B:K♦ 6♦ Q♠=6  BANKER(L)  | -4,000원 → 329,700원
H1097 | bet   8,000원 PLAYER | P:K♠ 4♥ 8♠=2  B:K♠ 10♣ 7♣=7  BANKER(L)  | -8,000원 → 321,700원
H1098 | bet  16,000원 PLAYER | P:4♠ 10♥ A♦=5  B:6♦ 8♣=4  PLAYER(W)  | +16,000원 → 337,700원  [end_win]
H1099 | bet   1,000원 BANKER | P:7♠ 3♠ Q♣=0  B:10♥ 4♣=4  BANKER(W)  | +950원 → 338,650원
H1100 | bet   1,000원 BANKER | P:7♣ 4♥ 2♠=3  B:9♦ 4♦ 9♠=2  PLAYER(L)  | -1,000원 → 337,650원  [start]
H1101 | bet   2,000원 PLAYER | P:6♠ 3♣=9  B:4♦ 3♦=7  PLAYER(W)  | +2,000원 → 339,650원  [end_win]
H1102 | bet   1,000원 BANKER | P:Q♥ 6♦=6  B:6♥ 3♠=9  BANKER(W)  | +950원 → 340,600원
H1103 | bet   1,000원 BANKER | P:6♣ 9♦=5  B:9♣ 9♥=8  BANKER(W)  | +950원 → 341,550원
H1104 | bet   1,000원 BANKER | P:2♦ 10♦ 5♠=7  B:9♠ 6♦ 10♣=5  PLAYER(L)  | -1,000원 → 340,550원  [start]
H1105 | bet   2,000원 PLAYER | P:10♠ K♥ 6♣=6  B:Q♦ 10♠ 3♥=3  PLAYER(W)  | +2,000원 → 342,550원  [end_win]
H1106 | bet   1,000원 BANKER | P:3♣ 6♠=9  B:J♥ A♠=1  PLAYER(L)  | -1,000원 → 341,550원  [start]
H1107 | bet   2,000원 PLAYER | P:9♥ 6♥=5  B:Q♠ 8♥=8  BANKER(L)  | -2,000원 → 339,550원
H1108 | bet   4,000원 PLAYER | P:9♦ J♠=9  B:7♥ 10♦=7  PLAYER(W)  | +4,000원 → 343,550원  [end_win]
H1109 | bet   1,000원 BANKER | P:8♠ Q♦=8  B:K♠ K♥=0  PLAYER(L)  | -1,000원 → 342,550원  [start]
H1110 | bet   2,000원 PLAYER | P:J♦ Q♣ 8♥=8  B:9♣ 4♠=3  PLAYER(W)  | +2,000원 → 344,550원  [end_win]
H1111 | bet   1,000원 BANKER | P:K♦ Q♣ 9♦=9  B:7♦ 5♠ 6♠=8  PLAYER(L)  | -1,000원 → 343,550원  [start]
H1112 | bet   2,000원 PLAYER | P:Q♣ Q♠ 2♥=2  B:4♣ Q♣ 6♥=0  PLAYER(W)  | +2,000원 → 345,550원  [end_win]
H1113 | bet   1,000원 BANKER | P:J♣ 10♦ 10♠=0  B:10♦ K♣ 6♠=6  BANKER(W)  | +950원 → 346,500원
H1114 | bet   1,000원 BANKER | P:K♦ 2♥ Q♥=2  B:A♦ 4♣=5  BANKER(W)  | +950원 → 347,450원
H1115 | bet   1,000원 BANKER | P:10♥ 3♦=3  B:8♦ Q♥=8  BANKER(W)  | +950원 → 348,400원
H1116 | bet   1,000원 BANKER | P:5♣ 10♠ 8♥=3  B:4♥ 8♦ 3♠=5  BANKER(W)  | +950원 → 349,350원
H1117 | bet   1,000원 BANKER | P:9♣ 8♠=7  B:3♥ 5♣=8  BANKER(W)  | +950원 → 350,300원
H1118 | bet   1,000원 BANKER | P:8♦ 5♦ 2♠=5  B:J♣ 6♠=6  BANKER(W)  | +950원 → 351,250원
H1119 | bet   1,000원 BANKER | P:7♠ 7♥ 6♣=0  B:J♦ A♣ A♠=2  BANKER(W)  | +950원 → 352,200원
H1120 | bet   1,000원 BANKER | P:10♥ J♣ 8♠=8  B:J♦ 7♥=7  PLAYER(L)  | -1,000원 → 351,200원  [start]
H1121 | bet   2,000원 PLAYER | P:J♦ 9♣=9  B:7♣ J♥=7  PLAYER(W)  | +2,000원 → 353,200원  [end_win]
H1122 | bet   1,000원 BANKER | P:A♠ 10♥ 7♠=8  B:A♦ 2♣ 9♠=2  PLAYER(L)  | -1,000원 → 352,200원  [start]
H1123 | bet   2,000원 PLAYER | P:7♠ K♥=7  B:2♦ Q♣ 8♠=0  PLAYER(W)  | +2,000원 → 354,200원  [end_win]
H1124 | bet   1,000원 BANKER | P:4♦ 5♥=9  B:5♣ 4♠=9  TIE(T)  |     0원 → 354,200원
H1125 | bet   1,000원 BANKER | P:7♠ K♣=7  B:6♣ A♦=7  TIE(T)  |     0원 → 354,200원
H1126 | bet   1,000원 BANKER | P:2♦ 8♣ A♥=1  B:J♦ 3♣ J♦=3  BANKER(W)  | +950원 → 355,150원
H1127 | bet   1,000원 BANKER | P:K♥ Q♦ 5♣=5  B:Q♠ 5♣ 4♣=9  BANKER(W)  | +950원 → 356,100원
H1128 | bet   1,000원 BANKER | P:9♥ 8♣=7  B:A♥ 8♥=9  BANKER(W)  | +950원 → 357,050원
H1129 | bet   1,000원 BANKER | P:8♥ A♦=9  B:10♣ 9♣=9  TIE(T)  |     0원 → 357,050원
H1130 | bet   1,000원 BANKER | P:7♦ 7♦ A♣=5  B:6♥ Q♥=6  BANKER(W)  | +950원 → 358,000원
H1131 | bet   1,000원 BANKER | P:2♦ 4♣=6  B:Q♥ J♣ 7♦=7  BANKER(W)  | +950원 → 358,950원
H1132 | bet   1,000원 BANKER | P:Q♥ 8♣=8  B:Q♠ 7♠=7  PLAYER(L)  | -1,000원 → 357,950원  [start]
H1133 | bet   2,000원 PLAYER | P:8♠ 10♦=8  B:9♦ 3♥=2  PLAYER(W)  | +2,000원 → 359,950원  [end_win]
H1134 | bet   1,000원 BANKER | P:3♦ 9♣ Q♦=2  B:K♦ 10♥ J♣=0  PLAYER(L)  | -1,000원 → 358,950원  [start]
H1135 | bet   2,000원 PLAYER | P:K♣ A♣ 3♦=4  B:K♠ 10♦ 3♥=3  PLAYER(W)  | +2,000원 → 360,950원  [end_win]
H1136 | bet   1,000원 BANKER | P:4♥ Q♦=4  B:3♠ 5♠=8  BANKER(W)  | +950원 → 361,900원
H1137 | bet   1,000원 BANKER | P:K♣ 10♠ 4♥=4  B:K♣ 10♣ 3♦=3  PLAYER(L)  | -1,000원 → 360,900원  [start]
H1138 | bet   2,000원 PLAYER | P:6♠ 6♣ Q♥=2  B:A♥ 6♥=7  BANKER(L)  | -2,000원 → 358,900원
H1139 | bet   4,000원 PLAYER | P:4♠ 4♦=8  B:K♥ A♦=1  PLAYER(W)  | +4,000원 → 362,900원  [end_win]
H1140 | bet   1,000원 BANKER | P:4♠ 2♦=6  B:3♣ K♦ 6♦=9  BANKER(W)  | +950원 → 363,850원
H1141 | bet   1,000원 BANKER | P:2♠ 6♦=8  B:8♣ 9♠=7  PLAYER(L)  | -1,000원 → 362,850원  [start]
H1142 | bet   2,000원 PLAYER | P:2♥ A♥ 6♥=9  B:4♥ A♠ J♠=5  PLAYER(W)  | +2,000원 → 364,850원  [end_win]
H1143 | bet   1,000원 BANKER | P:2♥ 2♠=4  B:8♠ 10♥=8  BANKER(W)  | +950원 → 365,800원
H1144 | bet   1,000원 BANKER | P:10♦ 5♦ 8♠=3  B:J♥ Q♠ 4♠=4  BANKER(W)  | +950원 → 366,750원
H1145 | bet   1,000원 BANKER | P:6♣ 7♦ A♥=4  B:4♦ A♠=5  BANKER(W)  | +950원 → 367,700원
H1146 | bet   1,000원 BANKER | P:J♠ 2♠ 7♦=9  B:9♠ 7♥ 7♥=3  PLAYER(L)  | -1,000원 → 366,700원  [start]
H1147 | bet   2,000원 PLAYER | P:K♥ J♠ A♣=1  B:A♠ 10♣ J♦=1  TIE(T)  |     0원 → 366,700원
H1148 | bet   2,000원 PLAYER | P:10♥ 5♦ 8♦=3  B:3♦ 7♥ 4♥=4  BANKER(L)  | -2,000원 → 364,700원
H1149 | bet   4,000원 PLAYER | P:J♣ J♦ J♥=0  B:10♣ 7♦=7  BANKER(L)  | -4,000원 → 360,700원
H1150 | bet   8,000원 PLAYER | P:3♣ 9♥ Q♥=2  B:8♥ 4♦ Q♣=2  TIE(T)  |     0원 → 360,700원
H1151 | bet   8,000원 PLAYER | P:7♥ J♣=7  B:7♠ 6♣ 8♣=1  PLAYER(W)  | +8,000원 → 368,700원  [end_win]
H1152 | bet   1,000원 BANKER | P:6♣ 3♣=9  B:9♣ K♥=9  TIE(T)  |     0원 → 368,700원
H1153 | bet   1,000원 BANKER | P:A♠ A♠ Q♠=2  B:5♠ A♦=6  BANKER(W)  | +950원 → 369,650원
H1154 | bet   1,000원 BANKER | P:3♥ 6♠=9  B:2♣ 2♣=4  PLAYER(L)  | -1,000원 → 368,650원  [start]
H1155 | bet   2,000원 PLAYER | P:A♣ 4♦ Q♦=5  B:2♦ 2♦=4  PLAYER(W)  | +2,000원 → 370,650원  [end_win]
H1156 | bet   1,000원 BANKER | P:9♦ 2♦=1  B:K♠ 9♥=9  BANKER(W)  | +950원 → 371,600원
H1157 | bet   1,000원 BANKER | P:8♣ K♣=8  B:2♥ 2♠=4  PLAYER(L)  | -1,000원 → 370,600원  [start]
H1158 | bet   2,000원 PLAYER | P:8♦ K♠=8  B:9♠ 5♣=4  PLAYER(W)  | +2,000원 → 372,600원  [end_win]
H1159 | bet   1,000원 BANKER | P:K♥ 8♥=8  B:8♦ 5♣=3  PLAYER(L)  | -1,000원 → 371,600원  [start]
H1160 | bet   2,000원 PLAYER | P:6♠ 8♦ A♦=5  B:6♦ 7♠ 4♣=7  BANKER(L)  | -2,000원 → 369,600원
H1161 | bet   4,000원 PLAYER | P:Q♣ K♣ A♦=1  B:9♦ 6♣=5  BANKER(L)  | -4,000원 → 365,600원
H1162 | bet   8,000원 PLAYER | P:4♦ J♦ 10♥=4  B:2♦ Q♠ A♥=3  PLAYER(W)  | +8,000원 → 373,600원  [end_win]
H1163 | bet   1,000원 BANKER | P:9♠ 5♠=4  B:8♣ Q♦=8  BANKER(W)  | +950원 → 374,550원
H1164 | bet   1,000원 BANKER | P:2♥ Q♠ J♣=2  B:8♥ 6♥=4  BANKER(W)  | +950원 → 375,500원
H1165 | bet   1,000원 BANKER | P:8♣ 7♣=5  B:3♥ 5♣=8  BANKER(W)  | +950원 → 376,450원
H1166 | bet   1,000원 BANKER | P:8♦ 7♠ 3♦=8  B:8♥ 4♦ J♣=2  PLAYER(L)  | -1,000원 → 375,450원  [start]
H1167 | bet   2,000원 PLAYER | P:Q♦ 5♥ 7♦=2  B:6♣ 5♦ 10♦=1  PLAYER(W)  | +2,000원 → 377,450원  [end_win]
H1168 | bet   1,000원 BANKER | P:2♣ Q♠ K♥=2  B:4♠ 9♠ 3♦=6  BANKER(W)  | +950원 → 378,400원
H1169 | bet   1,000원 BANKER | P:Q♥ 7♦=7  B:7♣ 7♦ A♥=5  PLAYER(L)  | -1,000원 → 377,400원  [start]
H1170 | bet   2,000원 PLAYER | P:J♦ J♥ 4♥=4  B:2♥ 8♠ 2♦=2  PLAYER(W)  | +2,000원 → 379,400원  [end_win]
H1171 | bet   1,000원 BANKER | P:3♠ K♦ 2♠=5  B:Q♥ J♠ K♦=0  PLAYER(L)  | -1,000원 → 378,400원  [start]
H1172 | bet   2,000원 PLAYER | P:3♣ K♠ 5♣=8  B:6♦ A♦=7  PLAYER(W)  | +2,000원 → 380,400원  [end_win]
H1173 | bet   1,000원 BANKER | P:6♦ 10♠=6  B:6♠ 7♣ J♥=3  PLAYER(L)  | -1,000원 → 379,400원  [start]
H1174 | bet   2,000원 PLAYER | P:8♠ 5♣ 6♠=9  B:2♣ 8♣ A♣=1  PLAYER(W)  | +2,000원 → 381,400원  [end_win]
H1175 | bet   1,000원 BANKER | P:J♠ 8♦=8  B:10♥ 3♥=3  PLAYER(L)  | -1,000원 → 380,400원  [start]
H1176 | bet   2,000원 PLAYER | P:7♥ 10♠=7  B:4♥ Q♣ 6♥=0  PLAYER(W)  | +2,000원 → 382,400원  [end_win]
H1177 | bet   1,000원 BANKER | P:7♣ 5♥ A♣=3  B:10♣ 10♥ A♥=1  PLAYER(L)  | -1,000원 → 381,400원  [start]
H1178 | bet   2,000원 PLAYER | P:K♠ 3♣ 10♦=3  B:10♠ K♠ 4♠=4  BANKER(L)  | -2,000원 → 379,400원
H1179 | bet   4,000원 PLAYER | P:4♦ J♣=4  B:4♣ 5♥=9  BANKER(L)  | -4,000원 → 375,400원
H1180 | bet   8,000원 PLAYER | P:8♠ 6♣=4  B:9♥ J♠=9  BANKER(L)  | -8,000원 → 367,400원
H1181 | bet  16,000원 PLAYER | P:3♦ Q♠ 2♣=5  B:2♠ A♠ A♦=4  PLAYER(W)  | +16,000원 → 383,400원  [end_win]
H1182 | bet   1,000원 BANKER | P:8♠ 9♦=7  B:8♣ 8♦=6  PLAYER(L)  | -1,000원 → 382,400원  [start]
H1183 | bet   2,000원 PLAYER | P:7♥ 7♠ Q♣=4  B:7♥ 4♣ 2♥=3  PLAYER(W)  | +2,000원 → 384,400원  [end_win]
H1184 | bet   1,000원 BANKER | P:7♠ 4♠ 5♦=6  B:4♥ 10♠ Q♥=4  PLAYER(L)  | -1,000원 → 383,400원  [start]
H1185 | bet   2,000원 PLAYER | P:8♠ J♦=8  B:9♦ 4♦=3  PLAYER(W)  | +2,000원 → 385,400원  [end_win]
H1186 | bet   1,000원 BANKER | P:J♥ 6♥=6  B:9♦ Q♦=9  BANKER(W)  | +950원 → 386,350원
H1187 | bet   1,000원 BANKER | P:K♥ A♥ 4♦=5  B:6♥ 4♠ 3♦=3  PLAYER(L)  | -1,000원 → 385,350원  [start]
H1188 | bet   2,000원 PLAYER | P:J♦ 5♥ A♣=6  B:2♦ A♦ 4♣=7  BANKER(L)  | -2,000원 → 383,350원
H1189 | bet   4,000원 PLAYER | P:10♥ 5♦ 2♦=7  B:3♠ 3♠=6  PLAYER(W)  | +4,000원 → 387,350원  [end_win]
H1190 | bet   1,000원 BANKER | P:A♠ 4♣ 3♥=8  B:A♠ 10♣ A♠=2  PLAYER(L)  | -1,000원 → 386,350원  [start]
H1191 | bet   2,000원 PLAYER | P:4♥ 6♦ J♥=0  B:9♣ 6♠=5  BANKER(L)  | -2,000원 → 384,350원
H1192 | bet   4,000원 PLAYER | P:Q♠ 6♥=6  B:8♠ A♣=9  BANKER(L)  | -4,000원 → 380,350원
H1193 | bet   8,000원 PLAYER | P:10♠ K♦ J♦=0  B:10♣ 5♠=5  BANKER(L)  | -8,000원 → 372,350원
H1194 | bet  16,000원 PLAYER | P:K♣ Q♥=0  B:Q♣ 9♠=9  BANKER(L)  | -16,000원 → 356,350원
H1195 | bet  32,000원 PLAYER | P:9♥ 10♣=9  B:7♦ 2♠=9  TIE(T)  |     0원 → 356,350원
H1196 | bet  32,000원 PLAYER | P:Q♠ K♦ 5♦=5  B:3♥ J♠ J♠=3  PLAYER(W)  | +32,000원 → 388,350원  [end_win]
H1197 | bet   1,000원 BANKER | P:A♦ 10♠=1  B:J♣ 9♠=9  BANKER(W)  | +950원 → 389,300원
H1198 | bet   1,000원 BANKER | P:J♣ 3♠ 5♥=8  B:J♥ J♦ Q♦=0  PLAYER(L)  | -1,000원 → 388,300원  [start]
H1199 | bet   2,000원 PLAYER | P:Q♦ 4♠=4  B:10♥ 9♣=9  BANKER(L)  | -2,000원 → 386,300원
H1200 | bet   4,000원 PLAYER | P:6♠ 2♥=8  B:3♦ 4♦=7  PLAYER(W)  | +4,000원 → 390,300원  [end_win]
H1201 | bet   1,000원 BANKER | P:5♥ 8♦ 9♠=2  B:9♥ A♥ 2♥=2  TIE(T)  |     0원 → 390,300원
H1202 | bet   1,000원 BANKER | P:10♣ 4♣ 3♥=7  B:Q♥ K♦ 8♥=8  BANKER(W)  | +950원 → 391,250원
H1203 | bet   1,000원 BANKER | P:2♣ 9♦ 7♠=8  B:9♦ 3♠ 5♠=7  PLAYER(L)  | -1,000원 → 390,250원  [start]
H1204 | bet   2,000원 PLAYER | P:7♠ 3♥ 4♣=4  B:K♦ 5♠ 4♠=9  BANKER(L)  | -2,000원 → 388,250원
H1205 | bet   4,000원 PLAYER | P:3♣ 5♦=8  B:3♦ 9♠=2  PLAYER(W)  | +4,000원 → 392,250원  [end_win]
H1206 | bet   1,000원 BANKER | P:10♦ 3♣ K♠=3  B:9♥ A♥ 5♥=5  BANKER(W)  | +950원 → 393,200원
H1207 | bet   1,000원 BANKER | P:Q♣ 7♦=7  B:6♣ 2♣=8  BANKER(W)  | +950원 → 394,150원
H1208 | bet   1,000원 BANKER | P:9♦ 6♠ Q♦=5  B:8♠ 7♣=5  TIE(T)  |     0원 → 394,150원
H1209 | bet   1,000원 BANKER | P:8♣ 3♠ 10♦=1  B:2♦ 4♥=6  BANKER(W)  | +950원 → 395,100원
H1210 | bet   1,000원 BANKER | P:K♣ 5♠ 8♥=3  B:3♠ 8♥ 7♥=8  BANKER(W)  | +950원 → 396,050원
H1211 | bet   1,000원 BANKER | P:9♥ J♥=9  B:5♣ 9♣=4  PLAYER(L)  | -1,000원 → 395,050원  [start]
H1212 | bet   2,000원 PLAYER | P:5♥ 7♣=2  B:J♠ 9♥=9  BANKER(L)  | -2,000원 → 393,050원
H1213 | bet   4,000원 PLAYER | P:4♠ 10♦ 7♥=1  B:6♥ K♣ 10♥=6  BANKER(L)  | -4,000원 → 389,050원
H1214 | bet   8,000원 PLAYER | P:7♥ 2♠=9  B:5♦ J♠=5  PLAYER(W)  | +8,000원 → 397,050원  [end_win]
H1215 | bet   1,000원 BANKER | P:K♥ K♣ Q♠=0  B:4♠ 6♦ 2♠=2  BANKER(W)  | +950원 → 398,000원
H1216 | bet   1,000원 BANKER | P:A♣ 9♣ 7♦=7  B:2♠ 10♦ 7♠=9  BANKER(W)  | +950원 → 398,950원
H1217 | bet   1,000원 BANKER | P:3♣ A♥ 8♠=2  B:K♠ K♦ 7♦=7  BANKER(W)  | +950원 → 399,900원
H1218 | bet   1,000원 BANKER | P:9♣ 2♥ 10♦=1  B:5♣ 7♣ Q♥=2  BANKER(W)  | +950원 → 400,850원
H1219 | bet   1,000원 BANKER | P:5♠ 10♥ K♥=5  B:6♣ 8♣=4  PLAYER(L)  | -1,000원 → 399,850원  [start]
H1220 | bet   2,000원 PLAYER | P:9♣ K♥=9  B:3♠ 2♠=5  PLAYER(W)  | +2,000원 → 401,850원  [end_win]
H1221 | bet   1,000원 BANKER | P:5♠ 5♦ 6♦=6  B:A♣ A♥ A♦=3  PLAYER(L)  | -1,000원 → 400,850원  [start]
H1222 | bet   2,000원 PLAYER | P:K♣ 5♣=5  B:10♠ 9♠=9  BANKER(L)  | -2,000원 → 398,850원
H1223 | bet   4,000원 PLAYER | P:6♥ K♣=6  B:6♦ 6♣ 2♥=4  PLAYER(W)  | +4,000원 → 402,850원  [end_win]
H1224 | bet   1,000원 BANKER | P:K♠ 3♦ Q♣=3  B:Q♦ Q♣ 6♠=6  BANKER(W)  | +950원 → 403,800원
H1225 | bet   1,000원 BANKER | P:2♣ 4♥=6  B:10♦ 6♥=6  TIE(T)  |     0원 → 403,800원
H1226 | bet   1,000원 BANKER | P:3♣ 10♠ A♠=4  B:7♣ 8♥=5  BANKER(W)  | +950원 → 404,750원
H1227 | bet   1,000원 BANKER | P:8♠ 6♦ 10♦=4  B:10♠ Q♦ A♣=1  PLAYER(L)  | -1,000원 → 403,750원  [start]
H1228 | bet   2,000원 PLAYER | P:10♥ 5♥ Q♣=5  B:10♥ Q♣ 7♦=7  BANKER(L)  | -2,000원 → 401,750원
H1229 | bet   4,000원 PLAYER | P:K♦ 3♥ 7♣=0  B:5♦ 7♣ Q♠=2  BANKER(L)  | -4,000원 → 397,750원
H1230 | bet   8,000원 PLAYER | P:4♠ 5♠=9  B:A♣ A♥=2  PLAYER(W)  | +8,000원 → 405,750원  [end_win]
H1231 | bet   1,000원 BANKER | P:A♣ 9♠ 5♣=5  B:10♠ 2♣ 4♣=6  BANKER(W)  | +950원 → 406,700원
H1232 | bet   1,000원 BANKER | P:7♦ K♠=7  B:3♠ A♥ 6♠=0  PLAYER(L)  | -1,000원 → 405,700원  [start]
H1233 | bet   2,000원 PLAYER | P:9♥ 4♥ Q♠=3  B:A♠ 4♠=5  BANKER(L)  | -2,000원 → 403,700원
H1234 | bet   4,000원 PLAYER | P:10♠ 6♣=6  B:8♠ J♠=8  BANKER(L)  | -4,000원 → 399,700원
H1235 | bet   8,000원 PLAYER | P:8♥ J♠=8  B:Q♥ 5♠=5  PLAYER(W)  | +8,000원 → 407,700원  [end_win]
H1236 | bet   1,000원 BANKER | P:7♥ 7♣=4  B:2♣ 6♠=8  BANKER(W)  | +950원 → 408,650원
H1237 | bet   1,000원 BANKER | P:Q♣ 8♥=8  B:2♦ K♣=2  PLAYER(L)  | -1,000원 → 407,650원  [start]
H1238 | bet   2,000원 PLAYER | P:4♥ 9♥=3  B:6♥ 2♥=8  BANKER(L)  | -2,000원 → 405,650원
H1239 | bet   4,000원 PLAYER | P:5♥ 9♦ 10♦=4  B:8♣ 3♣ 8♠=9  BANKER(L)  | -4,000원 → 401,650원
H1240 | bet   8,000원 PLAYER | P:3♦ J♣=3  B:K♦ 9♥=9  BANKER(L)  | -8,000원 → 393,650원
H1241 | bet  16,000원 PLAYER | P:K♣ 8♦=8  B:8♦ 9♠=7  PLAYER(W)  | +16,000원 → 409,650원  [end_win]
H1242 | bet   1,000원 BANKER | P:2♣ 5♠=7  B:A♣ 8♠=9  BANKER(W)  | +950원 → 410,600원
H1243 | bet   1,000원 BANKER | P:4♣ 2♠=6  B:A♦ Q♠ 4♥=5  PLAYER(L)  | -1,000원 → 409,600원  [start]
H1244 | bet   2,000원 PLAYER | P:4♣ 6♥ 2♥=2  B:J♣ K♠ 5♣=5  BANKER(L)  | -2,000원 → 407,600원
H1245 | bet   4,000원 PLAYER | P:Q♣ 2♦ A♦=3  B:K♥ 7♥=7  BANKER(L)  | -4,000원 → 403,600원
H1246 | bet   8,000원 PLAYER | P:3♠ K♥=3  B:6♦ 2♦=8  BANKER(L)  | -8,000원 → 395,600원
H1247 | bet  16,000원 PLAYER | P:J♦ 6♣=6  B:K♠ 6♥=6  TIE(T)  |     0원 → 395,600원
H1248 | bet  16,000원 PLAYER | P:10♠ 7♠=7  B:Q♦ Q♥ A♠=1  PLAYER(W)  | +16,000원 → 411,600원  [end_win]
H1249 | bet   1,000원 BANKER | P:6♦ 5♥ A♥=2  B:6♠ K♠=6  BANKER(W)  | +950원 → 412,550원
H1250 | bet   1,000원 BANKER | P:10♣ 3♥ 7♦=0  B:K♦ 7♥=7  BANKER(W)  | +950원 → 413,500원
H1251 | bet   1,000원 BANKER | P:10♦ 4♦ 9♥=3  B:K♣ 10♣ 2♦=2  PLAYER(L)  | -1,000원 → 412,500원  [start]
H1252 | bet   2,000원 PLAYER | P:Q♦ Q♦ 9♣=9  B:Q♥ 10♣ 2♥=2  PLAYER(W)  | +2,000원 → 414,500원  [end_win]
H1253 | bet   1,000원 BANKER | P:K♥ Q♦ 4♥=4  B:9♣ 3♦ Q♠=2  PLAYER(L)  | -1,000원 → 413,500원  [start]
H1254 | bet   2,000원 PLAYER | P:7♠ 3♥=0  B:Q♣ 9♠=9  BANKER(L)  | -2,000원 → 411,500원
H1255 | bet   4,000원 PLAYER | P:J♠ 10♦ 10♦=0  B:Q♠ 5♦=5  BANKER(L)  | -4,000원 → 407,500원
H1256 | bet   8,000원 PLAYER | P:8♥ 2♣ 6♣=6  B:7♠ 6♠ 6♠=9  BANKER(L)  | -8,000원 → 399,500원
H1257 | bet  16,000원 PLAYER | P:4♥ J♠ A♠=5  B:5♥ 7♦ 2♥=4  PLAYER(W)  | +16,000원 → 415,500원  [end_win]
H1258 | bet   1,000원 BANKER | P:6♣ 3♠=9  B:10♥ 5♦=5  PLAYER(L)  | -1,000원 → 414,500원  [start]
H1259 | bet   2,000원 PLAYER | P:7♣ J♣=7  B:5♣ 4♦=9  BANKER(L)  | -2,000원 → 412,500원
H1260 | bet   4,000원 PLAYER | P:4♣ 2♦=6  B:7♦ 5♠ J♣=2  PLAYER(W)  | +4,000원 → 416,500원  [end_win]
H1261 | bet   1,000원 BANKER | P:8♦ 5♦ 4♣=7  B:6♥ 4♦ 2♦=2  PLAYER(L)  | -1,000원 → 415,500원  [start]
H1262 | bet   2,000원 PLAYER | P:7♦ 8♥ K♠=5  B:J♦ A♣ Q♣=1  PLAYER(W)  | +2,000원 → 417,500원  [end_win]
H1263 | bet   1,000원 BANKER | P:5♠ 6♠=1  B:A♦ 7♠=8  BANKER(W)  | +950원 → 418,450원
H1264 | bet   1,000원 BANKER | P:9♠ 10♠=9  B:A♠ 10♥=1  PLAYER(L)  | -1,000원 → 417,450원  [start]
H1265 | bet   2,000원 PLAYER | P:5♥ J♣ 10♠=5  B:3♥ 9♠ 7♠=9  BANKER(L)  | -2,000원 → 415,450원
H1266 | bet   4,000원 PLAYER | P:6♥ 6♦ 9♣=1  B:3♣ 4♥=7  BANKER(L)  | -4,000원 → 411,450원
H1267 | bet   8,000원 PLAYER | P:4♠ 9♦ 2♠=5  B:8♣ 4♠ K♠=2  PLAYER(W)  | +8,000원 → 419,450원  [end_win]
H1268 | bet   1,000원 BANKER | P:A♥ 6♥=7  B:5♦ 5♥ 9♠=9  BANKER(W)  | +950원 → 420,400원
H1269 | bet   1,000원 BANKER | P:7♣ Q♦=7  B:8♣ 7♦ 3♥=8  BANKER(W)  | +950원 → 421,350원
H1270 | bet   1,000원 BANKER | P:J♦ K♥=0  B:10♠ 9♠=9  BANKER(W)  | +950원 → 422,300원
H1271 | bet   1,000원 BANKER | P:10♣ Q♠=0  B:J♠ 8♣=8  BANKER(W)  | +950원 → 423,250원
H1272 | bet   1,000원 BANKER | P:9♦ 4♦=3  B:K♣ 8♣=8  BANKER(W)  | +950원 → 424,200원
H1273 | bet   1,000원 BANKER | P:8♣ 5♦ K♥=3  B:7♣ 9♦=6  BANKER(W)  | +950원 → 425,150원
H1274 | bet   1,000원 BANKER | P:9♣ 5♦ 8♥=2  B:6♦ 8♣=4  BANKER(W)  | +950원 → 426,100원
H1275 | bet   1,000원 BANKER | P:2♠ 6♥=8  B:4♠ 4♣=8  TIE(T)  |     0원 → 426,100원
H1276 | bet   1,000원 BANKER | P:2♦ 8♥ 3♥=3  B:3♣ 3♥=6  BANKER(W)  | +950원 → 427,050원
H1277 | bet   1,000원 BANKER | P:2♥ 3♦ A♦=6  B:2♥ 3♦=5  PLAYER(L)  | -1,000원 → 426,050원  [start]
H1278 | bet   2,000원 PLAYER | P:6♠ 3♠=9  B:10♣ 10♥=0  PLAYER(W)  | +2,000원 → 428,050원  [end_win]
H1279 | bet   1,000원 BANKER | P:6♣ 9♦ 9♦=4  B:A♥ K♦ 8♠=9  BANKER(W)  | +950원 → 429,000원
H1280 | bet   1,000원 BANKER | P:J♥ 10♦=0  B:2♠ 7♠=9  BANKER(W)  | +950원 → 429,950원
H1281 | bet   1,000원 BANKER | P:8♦ 5♣ 6♣=9  B:10♣ 7♥=7  PLAYER(L)  | -1,000원 → 428,950원  [start]
H1282 | bet   2,000원 PLAYER | P:Q♥ 5♦ 4♦=9  B:A♦ J♠ 4♥=5  PLAYER(W)  | +2,000원 → 430,950원  [end_win]
H1283 | bet   1,000원 BANKER | P:J♠ 2♣ 4♦=6  B:10♦ 10♥ K♣=0  PLAYER(L)  | -1,000원 → 429,950원  [start]
H1284 | bet   2,000원 PLAYER | P:4♠ 9♣=3  B:5♠ 4♠=9  BANKER(L)  | -2,000원 → 427,950원
H1285 | bet   4,000원 PLAYER | P:9♣ 5♥ J♥=4  B:5♣ A♥=6  BANKER(L)  | -4,000원 → 423,950원
H1286 | bet   8,000원 PLAYER | P:A♠ 9♦ 8♣=8  B:A♣ J♦ A♦=2  PLAYER(W)  | +8,000원 → 431,950원  [end_win]
H1287 | bet   1,000원 BANKER | P:2♥ 7♥=9  B:5♣ K♣=5  PLAYER(L)  | -1,000원 → 430,950원  [start]
H1288 | bet   2,000원 PLAYER | P:8♦ 4♥ J♠=2  B:Q♥ A♠ 7♣=8  BANKER(L)  | -2,000원 → 428,950원
H1289 | bet   4,000원 PLAYER | P:8♥ 10♥=8  B:A♠ 10♦=1  PLAYER(W)  | +4,000원 → 432,950원  [end_win]
H1290 | bet   1,000원 BANKER | P:5♣ Q♠ 7♠=2  B:4♦ Q♥ K♠=4  BANKER(W)  | +950원 → 433,900원
H1291 | bet   1,000원 BANKER | P:K♥ J♥ J♥=0  B:10♥ K♥ K♣=0  TIE(T)  |     0원 → 433,900원
H1292 | bet   1,000원 BANKER | P:A♦ 8♦=9  B:3♠ K♦=3  PLAYER(L)  | -1,000원 → 432,900원  [start]
H1293 | bet   2,000원 PLAYER | P:3♣ 10♣=3  B:8♠ J♦=8  BANKER(L)  | -2,000원 → 430,900원
H1294 | bet   4,000원 PLAYER | P:3♦ 3♠=6  B:J♥ 3♦ 4♣=7  BANKER(L)  | -4,000원 → 426,900원
H1295 | bet   8,000원 PLAYER | P:K♦ 10♠ J♦=0  B:K♥ J♣ A♠=1  BANKER(L)  | -8,000원 → 418,900원
H1296 | bet  16,000원 PLAYER | P:7♦ 2♠=9  B:5♠ 9♣=4  PLAYER(W)  | +16,000원 → 434,900원  [end_win]
H1297 | bet   1,000원 BANKER | P:6♦ J♦=6  B:4♠ K♣ 6♦=0  PLAYER(L)  | -1,000원 → 433,900원  [start]
H1298 | bet   2,000원 PLAYER | P:5♣ 5♥ 7♥=7  B:2♣ 8♦ 7♣=7  TIE(T)  |     0원 → 433,900원
H1299 | bet   2,000원 PLAYER | P:8♥ A♣=9  B:Q♠ A♣=1  PLAYER(W)  | +2,000원 → 435,900원  [end_win]
H1300 | bet   1,000원 BANKER | P:3♣ J♣=3  B:9♠ K♠=9  BANKER(W)  | +950원 → 436,850원
H1301 | bet   1,000원 BANKER | P:J♦ 5♠=5  B:6♦ 3♠=9  BANKER(W)  | +950원 → 437,800원
H1302 | bet   1,000원 BANKER | P:J♣ K♦=0  B:Q♦ 9♥=9  BANKER(W)  | +950원 → 438,750원
H1303 | bet   1,000원 BANKER | P:9♦ 2♣ A♦=2  B:4♦ 2♠=6  BANKER(W)  | +950원 → 439,700원
H1304 | bet   1,000원 BANKER | P:6♣ 6♥ 10♣=2  B:2♠ 3♣=5  BANKER(W)  | +950원 → 440,650원
H1305 | bet   1,000원 BANKER | P:Q♥ 2♣ 7♠=9  B:Q♥ 3♥ 9♥=2  PLAYER(L)  | -1,000원 → 439,650원  [start]
H1306 | bet   2,000원 PLAYER | P:3♦ 9♣ 2♥=4  B:4♣ K♦ J♥=4  TIE(T)  |     0원 → 439,650원
H1307 | bet   2,000원 PLAYER | P:3♦ 8♠ 7♥=8  B:8♠ 6♠ 9♥=3  PLAYER(W)  | +2,000원 → 441,650원  [end_win]
H1308 | bet   1,000원 BANKER | P:3♣ 9♥ J♥=2  B:J♥ 2♠ A♥=3  BANKER(W)  | +950원 → 442,600원
H1309 | bet   1,000원 BANKER | P:8♠ 8♦=6  B:K♣ 8♣=8  BANKER(W)  | +950원 → 443,550원
H1310 | bet   1,000원 BANKER | P:2♦ J♣=2  B:A♣ 7♣=8  BANKER(W)  | +950원 → 444,500원
H1311 | bet   1,000원 BANKER | P:9♦ K♠=9  B:5♦ 8♠=3  PLAYER(L)  | -1,000원 → 443,500원  [start]
H1312 | bet   2,000원 PLAYER | P:8♥ J♦=8  B:9♥ 9♣=8  TIE(T)  |     0원 → 443,500원
H1313 | bet   2,000원 PLAYER | P:7♦ 6♥ Q♠=3  B:5♦ 6♠ Q♠=1  PLAYER(W)  | +2,000원 → 445,500원  [end_win]
H1314 | bet   1,000원 BANKER | P:J♣ 10♥ 3♣=3  B:4♦ 6♣ 10♦=0  PLAYER(L)  | -1,000원 → 444,500원  [start]
H1315 | bet   2,000원 PLAYER | P:2♥ 10♣=2  B:3♥ 6♥=9  BANKER(L)  | -2,000원 → 442,500원
H1316 | bet   4,000원 PLAYER | P:10♣ 8♣=8  B:9♥ 4♥=3  PLAYER(W)  | +4,000원 → 446,500원  [end_win]
H1317 | bet   1,000원 BANKER | P:5♦ 2♣=7  B:9♦ Q♥=9  BANKER(W)  | +950원 → 447,450원
H1318 | bet   1,000원 BANKER | P:J♥ J♥ 9♥=9  B:A♥ 9♠ 3♠=3  PLAYER(L)  | -1,000원 → 446,450원  [start]
H1319 | bet   2,000원 PLAYER | P:A♠ Q♥ 6♣=7  B:9♣ 7♦ Q♦=6  PLAYER(W)  | +2,000원 → 448,450원  [end_win]
H1320 | bet   1,000원 BANKER | P:7♦ K♦=7  B:7♠ 5♥ K♠=2  PLAYER(L)  | -1,000원 → 447,450원  [start]
H1321 | bet   2,000원 PLAYER | P:A♥ J♠ 5♠=6  B:K♦ 5♥ 3♥=8  BANKER(L)  | -2,000원 → 445,450원
H1322 | bet   4,000원 PLAYER | P:6♦ 7♠=3  B:9♥ Q♥=9  BANKER(L)  | -4,000원 → 441,450원
H1323 | bet   8,000원 PLAYER | P:Q♠ 9♦=9  B:4♠ 2♣=6  PLAYER(W)  | +8,000원 → 449,450원  [end_win]
H1324 | bet   1,000원 BANKER | P:6♦ 10♥=6  B:8♥ A♣=9  BANKER(W)  | +950원 → 450,400원
H1325 | bet   1,000원 BANKER | P:7♦ 9♥=6  B:2♠ Q♦ K♦=2  PLAYER(L)  | -1,000원 → 449,400원  [start]
H1326 | bet   2,000원 PLAYER | P:7♠ 6♣ 10♦=3  B:Q♣ 3♠ 3♥=6  BANKER(L)  | -2,000원 → 447,400원
H1327 | bet   4,000원 PLAYER | P:10♣ 5♦ 7♦=2  B:9♦ 4♦ 8♦=1  PLAYER(W)  | +4,000원 → 451,400원  [end_win]
H1328 | bet   1,000원 BANKER | P:K♦ K♠ 3♦=3  B:10♦ 4♦ 5♠=9  BANKER(W)  | +950원 → 452,350원
H1329 | bet   1,000원 BANKER | P:8♣ Q♣=8  B:10♥ 5♥=5  PLAYER(L)  | -1,000원 → 451,350원  [start]
H1330 | bet   2,000원 PLAYER | P:4♣ 3♠=7  B:A♦ 6♠=7  TIE(T)  |     0원 → 451,350원
H1331 | bet   2,000원 PLAYER | P:K♥ 6♦=6  B:4♣ 4♣=8  BANKER(L)  | -2,000원 → 449,350원
H1332 | bet   4,000원 PLAYER | P:6♣ 7♥ 5♥=8  B:K♣ J♠ 9♣=9  BANKER(L)  | -4,000원 → 445,350원
H1333 | bet   8,000원 PLAYER | P:7♣ 5♠ 7♥=9  B:3♣ 2♦ 8♠=3  PLAYER(W)  | +8,000원 → 453,350원  [end_win]
H1334 | bet   1,000원 BANKER | P:8♦ J♦=8  B:2♠ 6♦=8  TIE(T)  |     0원 → 453,350원
H1335 | bet   1,000원 BANKER | P:A♦ 4♥ A♥=6  B:6♦ 5♥ 10♦=1  PLAYER(L)  | -1,000원 → 452,350원  [start]
H1336 | bet   2,000원 PLAYER | P:10♦ K♦ A♣=1  B:3♦ 9♠ J♣=2  BANKER(L)  | -2,000원 → 450,350원
H1337 | bet   4,000원 PLAYER | P:2♦ 3♦ 8♠=3  B:J♣ 7♦=7  BANKER(L)  | -4,000원 → 446,350원
H1338 | bet   8,000원 PLAYER | P:10♠ 7♠=7  B:K♠ 5♣ 9♠=4  PLAYER(W)  | +8,000원 → 454,350원  [end_win]
H1339 | bet   1,000원 BANKER | P:9♣ 9♥=8  B:A♠ J♣=1  PLAYER(L)  | -1,000원 → 453,350원  [start]
H1340 | bet   2,000원 PLAYER | P:4♠ K♦=4  B:4♥ 4♣=8  BANKER(L)  | -2,000원 → 451,350원
H1341 | bet   4,000원 PLAYER | P:3♦ 3♣=6  B:5♠ 5♠ K♠=0  PLAYER(W)  | +4,000원 → 455,350원  [end_win]
H1342 | bet   1,000원 BANKER | P:2♣ J♥ Q♠=2  B:5♥ 8♣ 8♠=1  PLAYER(L)  | -1,000원 → 454,350원  [start]
H1343 | bet   2,000원 PLAYER | P:A♥ A♠ 9♥=1  B:6♠ 10♠=6  BANKER(L)  | -2,000원 → 452,350원
H1344 | bet   4,000원 PLAYER | P:K♥ 10♣ 9♠=9  B:4♠ 7♣ 5♠=6  PLAYER(W)  | +4,000원 → 456,350원  [end_win]
H1345 | bet   1,000원 BANKER | P:J♠ 5♦=5  B:8♥ 10♥=8  BANKER(W)  | +950원 → 457,300원
H1346 | bet   1,000원 BANKER | P:3♥ 5♣=8  B:A♣ 9♣=0  PLAYER(L)  | -1,000원 → 456,300원  [start]
H1347 | bet   2,000원 PLAYER | P:3♦ Q♣ 6♠=9  B:A♠ Q♠ Q♥=1  PLAYER(W)  | +2,000원 → 458,300원  [end_win]
H1348 | bet   1,000원 BANKER | P:10♠ 8♠=8  B:8♦ A♦=9  BANKER(W)  | +950원 → 459,250원
H1349 | bet   1,000원 BANKER | P:4♠ 4♥=8  B:3♣ A♥=4  PLAYER(L)  | -1,000원 → 458,250원  [start]
H1350 | bet   2,000원 PLAYER | P:5♦ 7♣ K♥=2  B:5♣ 5♣ K♦=0  PLAYER(W)  | +2,000원 → 460,250원  [end_win]
H1351 | bet   1,000원 BANKER | P:10♦ 8♣=8  B:J♣ 10♠=0  PLAYER(L)  | -1,000원 → 459,250원  [start]
H1352 | bet   2,000원 PLAYER | P:Q♣ 4♥ J♦=4  B:9♣ 2♠ J♦=1  PLAYER(W)  | +2,000원 → 461,250원  [end_win]
H1353 | bet   1,000원 BANKER | P:Q♥ 2♣ K♠=2  B:A♠ Q♥ 9♣=0  PLAYER(L)  | -1,000원 → 460,250원  [start]
H1354 | bet   2,000원 PLAYER | P:2♠ 6♥=8  B:9♠ 10♠=9  BANKER(L)  | -2,000원 → 458,250원
H1355 | bet   4,000원 PLAYER | P:J♦ 6♣=6  B:A♠ 10♣ 10♣=1  PLAYER(W)  | +4,000원 → 462,250원  [end_win]
H1356 | bet   1,000원 BANKER | P:2♥ 6♥=8  B:4♦ J♠=4  PLAYER(L)  | -1,000원 → 461,250원  [start]
H1357 | bet   2,000원 PLAYER | P:3♥ 6♥=9  B:J♥ Q♣=0  PLAYER(W)  | +2,000원 → 463,250원  [end_win]
H1358 | bet   1,000원 BANKER | P:8♦ Q♣=8  B:3♠ Q♠=3  PLAYER(L)  | -1,000원 → 462,250원  [start]
H1359 | bet   2,000원 PLAYER | P:9♦ K♦=9  B:9♦ 8♦=7  PLAYER(W)  | +2,000원 → 464,250원  [end_win]
H1360 | bet   1,000원 BANKER | P:J♠ K♥ 9♦=9  B:2♦ A♦ 7♥=0  PLAYER(L)  | -1,000원 → 463,250원  [start]
H1361 | bet   2,000원 PLAYER | P:A♣ 8♠=9  B:9♣ 7♥=6  PLAYER(W)  | +2,000원 → 465,250원  [end_win]
H1362 | bet   1,000원 BANKER | P:Q♠ 2♦ K♣=2  B:A♥ 2♠ 7♦=0  PLAYER(L)  | -1,000원 → 464,250원  [start]
H1363 | bet   2,000원 PLAYER | P:2♥ 4♣=6  B:A♣ 2♥ 6♥=9  BANKER(L)  | -2,000원 → 462,250원
H1364 | bet   4,000원 PLAYER | P:5♣ 3♣=8  B:Q♣ K♠=0  PLAYER(W)  | +4,000원 → 466,250원  [end_win]
H1365 | bet   1,000원 BANKER | P:4♥ 9♠ 8♣=1  B:A♦ 6♦=7  BANKER(W)  | +950원 → 467,200원
H1366 | bet   1,000원 BANKER | P:K♣ 7♣=7  B:7♠ 7♠ 4♠=8  BANKER(W)  | +950원 → 468,150원
H1367 | bet   1,000원 BANKER | P:6♠ 8♥ A♦=5  B:2♦ 10♥ K♠=2  PLAYER(L)  | -1,000원 → 467,150원  [start]
H1368 | bet   2,000원 PLAYER | P:7♣ 8♥ 3♥=8  B:2♥ 2♠ 8♣=2  PLAYER(W)  | +2,000원 → 469,150원  [end_win]
H1369 | bet   1,000원 BANKER | P:A♣ Q♥=1  B:4♠ 4♦=8  BANKER(W)  | +950원 → 470,100원
H1370 | bet   1,000원 BANKER | P:5♠ 2♣=7  B:4♣ 7♥ 2♦=3  PLAYER(L)  | -1,000원 → 469,100원  [start]
H1371 | bet   2,000원 PLAYER | P:4♦ 4♠=8  B:Q♠ 2♠=2  PLAYER(W)  | +2,000원 → 471,100원  [end_win]
H1372 | bet   1,000원 BANKER | P:9♥ 4♣ Q♦=3  B:7♥ Q♦=7  BANKER(W)  | +950원 → 472,050원
H1373 | bet   1,000원 BANKER | P:K♥ A♠=1  B:3♦ 6♦=9  BANKER(W)  | +950원 → 473,000원
H1374 | bet   1,000원 BANKER | P:3♥ J♣ 7♥=0  B:6♣ 6♣ 3♠=5  BANKER(W)  | +950원 → 473,950원
H1375 | bet   1,000원 BANKER | P:6♠ 5♣ 6♥=7  B:4♦ 7♥ A♥=2  PLAYER(L)  | -1,000원 → 472,950원  [start]
H1376 | bet   2,000원 PLAYER | P:K♥ 10♦=0  B:7♣ 2♠=9  BANKER(L)  | -2,000원 → 470,950원
H1377 | bet   4,000원 PLAYER | P:5♣ Q♦ J♦=5  B:2♥ 8♠ 10♠=0  PLAYER(W)  | +4,000원 → 474,950원  [end_win]
H1378 | bet   1,000원 BANKER | P:J♠ K♣ 5♦=5  B:10♠ J♥ 7♣=7  BANKER(W)  | +950원 → 475,900원
H1379 | bet   1,000원 BANKER | P:10♠ J♦=0  B:A♣ 7♠=8  BANKER(W)  | +950원 → 476,850원
H1380 | bet   1,000원 BANKER | P:A♠ K♣ 3♣=4  B:Q♣ K♥ K♥=0  PLAYER(L)  | -1,000원 → 475,850원  [start]
H1381 | bet   2,000원 PLAYER | P:2♦ 6♠=8  B:J♣ 9♦=9  BANKER(L)  | -2,000원 → 473,850원
H1382 | bet   4,000원 PLAYER | P:J♥ 6♥=6  B:J♠ 5♣ 5♦=0  PLAYER(W)  | +4,000원 → 477,850원  [end_win]
H1383 | bet   1,000원 BANKER | P:4♠ 8♣ 3♠=5  B:8♥ 7♦=5  TIE(T)  |     0원 → 477,850원
H1384 | bet   1,000원 BANKER | P:J♥ 2♥ 3♠=5  B:6♣ 5♥ A♥=2  PLAYER(L)  | -1,000원 → 476,850원  [start]
H1385 | bet   2,000원 PLAYER | P:10♥ 4♥ 2♥=6  B:8♦ 4♥ 10♥=2  PLAYER(W)  | +2,000원 → 478,850원  [end_win]
H1386 | bet   1,000원 BANKER | P:7♠ Q♦=7  B:K♣ J♥ 9♠=9  BANKER(W)  | +950원 → 479,800원
H1387 | bet   1,000원 BANKER | P:A♦ 5♠=6  B:J♦ 3♦ 4♣=7  BANKER(W)  | +950원 → 480,750원
H1388 | bet   1,000원 BANKER | P:3♣ 3♠=6  B:6♦ A♦=7  BANKER(W)  | +950원 → 481,700원
H1389 | bet   1,000원 BANKER | P:3♦ 4♦=7  B:8♥ Q♦=8  BANKER(W)  | +950원 → 482,650원
H1390 | bet   1,000원 BANKER | P:6♠ 2♣=8  B:10♦ 5♥=5  PLAYER(L)  | -1,000원 → 481,650원  [start]
H1391 | bet   2,000원 PLAYER | P:5♥ K♥=5  B:9♠ 9♠=8  BANKER(L)  | -2,000원 → 479,650원
H1392 | bet   4,000원 PLAYER | P:5♣ 4♥=9  B:2♠ 8♠=0  PLAYER(W)  | +4,000원 → 483,650원  [end_win]
H1393 | bet   1,000원 BANKER | P:3♣ 10♦ 10♣=3  B:3♦ 8♦ Q♥=1  PLAYER(L)  | -1,000원 → 482,650원  [start]
H1394 | bet   2,000원 PLAYER | P:8♠ 9♣=7  B:J♦ 3♣ 8♥=1  PLAYER(W)  | +2,000원 → 484,650원  [end_win]
H1395 | bet   1,000원 BANKER | P:J♠ 3♠ 3♥=6  B:4♠ 9♠ 5♣=8  BANKER(W)  | +950원 → 485,600원
H1396 | bet   1,000원 BANKER | P:7♣ 7♥=4  B:2♦ 6♥=8  BANKER(W)  | +950원 → 486,550원
H1397 | bet   1,000원 BANKER | P:4♣ 4♠=8  B:K♣ 8♥=8  TIE(T)  |     0원 → 486,550원
H1398 | bet   1,000원 BANKER | P:2♦ J♣ A♠=3  B:3♠ 7♦ 4♣=4  BANKER(W)  | +950원 → 487,500원
H1399 | bet   1,000원 BANKER | P:9♠ 6♦ 10♠=5  B:4♠ 3♦=7  BANKER(W)  | +950원 → 488,450원
H1400 | bet   1,000원 BANKER | P:J♦ A♠=1  B:A♠ 8♣=9  BANKER(W)  | +950원 → 489,400원
H1401 | bet   1,000원 BANKER | P:J♠ 5♠ 10♥=5  B:7♦ J♦=7  BANKER(W)  | +950원 → 490,350원
H1402 | bet   1,000원 BANKER | P:4♥ 2♣=6  B:2♥ 8♦ Q♣=0  PLAYER(L)  | -1,000원 → 489,350원  [start]
H1403 | bet   2,000원 PLAYER | P:Q♥ A♣ A♠=2  B:A♥ 6♠=7  BANKER(L)  | -2,000원 → 487,350원
H1404 | bet   4,000원 PLAYER | P:4♦ 5♥=9  B:2♠ A♣=3  PLAYER(W)  | +4,000원 → 491,350원  [end_win]
H1405 | bet   1,000원 BANKER | P:K♥ J♠ A♠=1  B:10♥ 5♦=5  BANKER(W)  | +950원 → 492,300원
H1406 | bet   1,000원 BANKER | P:A♥ K♣ 8♥=9  B:10♥ Q♦ 3♣=3  PLAYER(L)  | -1,000원 → 491,300원  [start]
H1407 | bet   2,000원 PLAYER | P:7♥ 9♦=6  B:J♣ K♦ J♦=0  PLAYER(W)  | +2,000원 → 493,300원  [end_win]
H1408 | bet   1,000원 BANKER | P:Q♥ K♦=0  B:Q♣ 8♠=8  BANKER(W)  | +950원 → 494,250원
H1409 | bet   1,000원 BANKER | P:2♣ 7♥=9  B:5♠ 3♦=8  PLAYER(L)  | -1,000원 → 493,250원  [start]
H1410 | bet   2,000원 PLAYER | P:9♠ A♣ 2♥=2  B:J♣ J♠ 9♦=9  BANKER(L)  | -2,000원 → 491,250원
H1411 | bet   4,000원 PLAYER | P:9♣ 7♠=6  B:K♣ 8♣=8  BANKER(L)  | -4,000원 → 487,250원
H1412 | bet   8,000원 PLAYER | P:K♠ K♦ 2♠=2  B:K♠ 5♦=5  BANKER(L)  | -8,000원 → 479,250원
H1413 | bet  16,000원 PLAYER | P:10♥ 3♣=3  B:9♣ Q♣=9  BANKER(L)  | -16,000원 → 463,250원
H1414 | bet  32,000원 PLAYER | P:4♥ K♠ 9♦=3  B:8♣ 5♣ 5♦=8  BANKER(L)  | -32,000원 → 431,250원  [end_giveup]
H1415 | bet   1,000원 BANKER | P:3♠ 7♦ 9♣=9  B:Q♦ 4♥=4  PLAYER(L)  | -1,000원 → 430,250원  [start]
H1416 | bet   2,000원 PLAYER | P:3♦ 6♥=9  B:2♥ 6♣=8  PLAYER(W)  | +2,000원 → 432,250원  [end_win]
H1417 | bet   1,000원 BANKER | P:7♥ 8♦ 6♣=1  B:J♥ Q♦ 5♠=5  BANKER(W)  | +950원 → 433,200원
H1418 | bet   1,000원 BANKER | P:J♠ 5♦ A♣=6  B:9♥ A♣ 8♦=8  BANKER(W)  | +950원 → 434,150원
H1419 | bet   1,000원 BANKER | P:A♥ Q♥ 9♣=0  B:2♣ A♣ A♥=4  BANKER(W)  | +950원 → 435,100원
H1420 | bet   1,000원 BANKER | P:J♥ 8♦=8  B:3♠ Q♣=3  PLAYER(L)  | -1,000원 → 434,100원  [start]
H1421 | bet   2,000원 PLAYER | P:K♦ 3♣ 7♠=0  B:2♥ K♥ 10♥=2  BANKER(L)  | -2,000원 → 432,100원
H1422 | bet   4,000원 PLAYER | P:9♥ 4♠ Q♠=3  B:7♥ 10♠=7  BANKER(L)  | -4,000원 → 428,100원
H1423 | bet   8,000원 PLAYER | P:3♣ 8♣ 3♥=4  B:4♠ 8♥ Q♥=2  PLAYER(W)  | +8,000원 → 436,100원  [end_win]
H1424 | bet   1,000원 BANKER | P:10♥ 2♥ 9♥=1  B:10♦ 2♥ A♦=3  BANKER(W)  | +950원 → 437,050원
H1425 | bet   1,000원 BANKER | P:3♣ A♠ 6♥=0  B:6♠ 9♥ 6♣=1  BANKER(W)  | +950원 → 438,000원
H1426 | bet   1,000원 BANKER | P:5♥ Q♠ J♥=5  B:4♦ 7♦ J♠=1  PLAYER(L)  | -1,000원 → 437,000원  [start]
H1427 | bet   2,000원 PLAYER | P:2♣ 9♠ K♣=1  B:6♦ 10♦=6  BANKER(L)  | -2,000원 → 435,000원
H1428 | bet   4,000원 PLAYER | P:5♣ J♣ A♦=6  B:J♦ A♠ 6♠=7  BANKER(L)  | -4,000원 → 431,000원
H1429 | bet   8,000원 PLAYER | P:Q♥ Q♣ 5♦=5  B:7♠ K♣=7  BANKER(L)  | -8,000원 → 423,000원
H1430 | bet  16,000원 PLAYER | P:4♣ 5♠=9  B:5♥ 9♥=4  PLAYER(W)  | +16,000원 → 439,000원  [end_win]
H1431 | bet   1,000원 BANKER | P:5♥ 9♦ 6♠=0  B:9♦ 4♦ 2♦=5  BANKER(W)  | +950원 → 439,950원
H1432 | bet   1,000원 BANKER | P:2♦ J♦ 7♠=9  B:A♦ K♦ Q♠=1  PLAYER(L)  | -1,000원 → 438,950원  [start]
H1433 | bet   2,000원 PLAYER | P:3♦ Q♠ J♥=3  B:Q♥ 4♣=4  BANKER(L)  | -2,000원 → 436,950원
H1434 | bet   4,000원 PLAYER | P:7♣ 7♦=4  B:2♠ 6♦=8  BANKER(L)  | -4,000원 → 432,950원
H1435 | bet   8,000원 PLAYER | P:A♦ Q♠ 4♦=5  B:7♦ 6♠ 2♣=5  TIE(T)  |     0원 → 432,950원
H1436 | bet   8,000원 PLAYER | P:7♠ K♥=7  B:K♥ A♥ 6♦=7  TIE(T)  |     0원 → 432,950원
H1437 | bet   8,000원 PLAYER | P:8♦ 6♠ 3♦=7  B:6♦ 10♣=6  PLAYER(W)  | +8,000원 → 440,950원  [end_win]
H1438 | bet   1,000원 BANKER | P:5♥ 7♣ A♦=3  B:10♣ 6♣=6  BANKER(W)  | +950원 → 441,900원
H1439 | bet   1,000원 BANKER | P:K♣ 5♦ 2♦=7  B:7♣ 5♣ 3♠=5  PLAYER(L)  | -1,000원 → 440,900원  [start]
H1440 | bet   2,000원 PLAYER | P:10♦ 2♠ 8♠=0  B:10♣ 10♠ 9♦=9  BANKER(L)  | -2,000원 → 438,900원
H1441 | bet   4,000원 PLAYER | P:5♠ 6♠ 2♦=3  B:4♣ 8♣ 6♦=8  BANKER(L)  | -4,000원 → 434,900원
H1442 | bet   8,000원 PLAYER | P:9♠ 4♣ J♥=3  B:9♣ 8♥=7  BANKER(L)  | -8,000원 → 426,900원
H1443 | bet  16,000원 PLAYER | P:4♠ 9♥ Q♣=3  B:K♠ 10♦ A♥=1  PLAYER(W)  | +16,000원 → 442,900원  [end_win]
H1444 | bet   1,000원 BANKER | P:6♣ 4♥ 9♥=9  B:6♥ A♥=7  PLAYER(L)  | -1,000원 → 441,900원  [start]
H1445 | bet   2,000원 PLAYER | P:J♠ 10♦=0  B:A♥ 8♠=9  BANKER(L)  | -2,000원 → 439,900원
H1446 | bet   4,000원 PLAYER | P:3♣ 4♥=7  B:Q♦ 2♠ 6♥=8  BANKER(L)  | -4,000원 → 435,900원
H1447 | bet   8,000원 PLAYER | P:8♠ 10♠=8  B:J♦ 3♠=3  PLAYER(W)  | +8,000원 → 443,900원  [end_win]
H1448 | bet   1,000원 BANKER | P:K♦ J♥ 6♠=6  B:10♥ 7♥=7  BANKER(W)  | +950원 → 444,850원
H1449 | bet   1,000원 BANKER | P:Q♦ J♠ Q♠=0  B:A♣ K♥ 3♥=4  BANKER(W)  | +950원 → 445,800원
H1450 | bet   1,000원 BANKER | P:Q♠ 7♠=7  B:3♠ 4♥=7  TIE(T)  |     0원 → 445,800원
H1451 | bet   1,000원 BANKER | P:7♥ K♣=7  B:A♦ 10♣ 4♦=5  PLAYER(L)  | -1,000원 → 444,800원  [start]
H1452 | bet   2,000원 PLAYER | P:Q♥ 4♠ 9♠=3  B:Q♣ Q♦ Q♦=0  PLAYER(W)  | +2,000원 → 446,800원  [end_win]
H1453 | bet   1,000원 BANKER | P:10♥ 2♥ A♦=3  B:2♣ 3♥=5  BANKER(W)  | +950원 → 447,750원
H1454 | bet   1,000원 BANKER | P:8♥ 6♦ 10♣=4  B:7♣ Q♦=7  BANKER(W)  | +950원 → 448,700원
H1455 | bet   1,000원 BANKER | P:8♥ 2♣ 5♠=5  B:4♦ K♠ 4♥=8  BANKER(W)  | +950원 → 449,650원
H1456 | bet   1,000원 BANKER | P:K♠ 10♠=0  B:6♥ 3♥=9  BANKER(W)  | +950원 → 450,600원
H1457 | bet   1,000원 BANKER | P:9♣ K♦=9  B:4♠ 3♥=7  PLAYER(L)  | -1,000원 → 449,600원  [start]
H1458 | bet   2,000원 PLAYER | P:Q♠ 8♣=8  B:5♦ J♥=5  PLAYER(W)  | +2,000원 → 451,600원  [end_win]
H1459 | bet   1,000원 BANKER | P:2♥ 8♦ 2♠=2  B:8♣ 5♥ 4♣=7  BANKER(W)  | +950원 → 452,550원
H1460 | bet   1,000원 BANKER | P:7♦ 8♣ 3♠=8  B:2♣ J♣ 9♦=1  PLAYER(L)  | -1,000원 → 451,550원  [start]
H1461 | bet   2,000원 PLAYER | P:7♦ 8♠ 5♣=0  B:8♦ 5♠ K♠=3  BANKER(L)  | -2,000원 → 449,550원
H1462 | bet   4,000원 PLAYER | P:9♥ J♣=9  B:5♦ K♣=5  PLAYER(W)  | +4,000원 → 453,550원  [end_win]
H1463 | bet   1,000원 BANKER | P:A♣ 2♦ J♣=3  B:4♣ 6♥ 5♣=5  BANKER(W)  | +950원 → 454,500원
H1464 | bet   1,000원 BANKER | P:9♦ K♥=9  B:J♣ 10♣=0  PLAYER(L)  | -1,000원 → 453,500원  [start]
H1465 | bet   2,000원 PLAYER | P:7♠ 5♥ 6♦=8  B:4♦ 10♣ 3♦=7  PLAYER(W)  | +2,000원 → 455,500원  [end_win]
H1466 | bet   1,000원 BANKER | P:6♣ 6♣ 10♠=2  B:7♣ 5♣ 9♣=1  PLAYER(L)  | -1,000원 → 454,500원  [start]
H1467 | bet   2,000원 PLAYER | P:3♥ 4♦=7  B:6♥ 8♥ K♦=4  PLAYER(W)  | +2,000원 → 456,500원  [end_win]
H1468 | bet   1,000원 BANKER | P:10♦ A♦ 2♦=3  B:10♠ 7♥=7  BANKER(W)  | +950원 → 457,450원
H1469 | bet   1,000원 BANKER | P:10♠ K♥ 5♠=5  B:7♣ 8♠ A♠=6  BANKER(W)  | +950원 → 458,400원
H1470 | bet   1,000원 BANKER | P:2♦ 9♠ Q♠=1  B:J♣ 3♠ J♥=3  BANKER(W)  | +950원 → 459,350원
H1471 | bet   1,000원 BANKER | P:9♥ 7♣=6  B:J♦ J♥ 2♥=2  PLAYER(L)  | -1,000원 → 458,350원  [start]
H1472 | bet   2,000원 PLAYER | P:6♦ Q♠=6  B:Q♥ 6♣=6  TIE(T)  |     0원 → 458,350원
H1473 | bet   2,000원 PLAYER | P:K♠ 5♦ 7♥=2  B:4♦ 6♠ 2♠=2  TIE(T)  |     0원 → 458,350원
H1474 | bet   2,000원 PLAYER | P:3♦ K♦ 4♥=7  B:4♠ J♠ K♥=4  PLAYER(W)  | +2,000원 → 460,350원  [end_win]
H1475 | bet   1,000원 BANKER | P:9♣ 8♦=7  B:5♥ 5♣ K♦=0  PLAYER(L)  | -1,000원 → 459,350원  [start]
H1476 | bet   2,000원 PLAYER | P:7♠ 4♣ A♣=2  B:9♥ 2♦ J♣=1  PLAYER(W)  | +2,000원 → 461,350원  [end_win]
H1477 | bet   1,000원 BANKER | P:K♥ 2♥ 6♥=8  B:Q♥ K♦ 5♣=5  PLAYER(L)  | -1,000원 → 460,350원  [start]
H1478 | bet   2,000원 PLAYER | P:5♥ 6♥ 8♦=9  B:K♣ 4♦=4  PLAYER(W)  | +2,000원 → 462,350원  [end_win]
H1479 | bet   1,000원 BANKER | P:5♥ 9♦ Q♣=4  B:Q♠ A♣ Q♦=1  PLAYER(L)  | -1,000원 → 461,350원  [start]
H1480 | bet   2,000원 PLAYER | P:K♣ J♦ 9♥=9  B:3♠ 10♣ 7♥=0  PLAYER(W)  | +2,000원 → 463,350원  [end_win]
H1481 | bet   1,000원 BANKER | P:5♠ 9♣ 9♣=3  B:K♦ A♠ 9♥=0  PLAYER(L)  | -1,000원 → 462,350원  [start]
H1482 | bet   2,000원 PLAYER | P:Q♦ 9♠=9  B:3♥ 8♠=1  PLAYER(W)  | +2,000원 → 464,350원  [end_win]
H1483 | bet   1,000원 BANKER | P:K♦ 8♥=8  B:5♥ 7♠=2  PLAYER(L)  | -1,000원 → 463,350원  [start]
H1484 | bet   2,000원 PLAYER | P:Q♥ 4♣=4  B:J♦ 9♠=9  BANKER(L)  | -2,000원 → 461,350원
H1485 | bet   4,000원 PLAYER | P:4♦ 6♦ 10♠=0  B:2♠ A♣ 5♥=8  BANKER(L)  | -4,000원 → 457,350원
H1486 | bet   8,000원 PLAYER | P:A♣ 3♠ J♣=4  B:9♦ 8♥=7  BANKER(L)  | -8,000원 → 449,350원
H1487 | bet  16,000원 PLAYER | P:4♠ K♥ 7♦=1  B:2♠ J♥ 5♦=7  BANKER(L)  | -16,000원 → 433,350원
H1488 | bet  32,000원 PLAYER | P:8♣ 7♥=5  B:4♣ 4♥=8  BANKER(L)  | -32,000원 → 401,350원  [end_giveup]
H1489 | bet   1,000원 BANKER | P:2♦ 6♠=8  B:3♦ A♠=4  PLAYER(L)  | -1,000원 → 400,350원  [start]
H1490 | bet   2,000원 PLAYER | P:J♠ 6♠=6  B:J♠ Q♦ 3♥=3  PLAYER(W)  | +2,000원 → 402,350원  [end_win]
H1491 | bet   1,000원 BANKER | P:6♦ 9♦ 8♦=3  B:10♠ J♣ 10♦=0  PLAYER(L)  | -1,000원 → 401,350원  [start]
H1492 | bet   2,000원 PLAYER | P:8♥ A♠=9  B:10♦ 3♠=3  PLAYER(W)  | +2,000원 → 403,350원  [end_win]
H1493 | bet   1,000원 BANKER | P:K♣ 10♣ 4♦=4  B:A♣ Q♣ 5♠=6  BANKER(W)  | +950원 → 404,300원
H1494 | bet   1,000원 BANKER | P:3♦ 8♥=1  B:3♣ 6♣=9  BANKER(W)  | +950원 → 405,250원
H1495 | bet   1,000원 BANKER | P:3♣ 6♦=9  B:7♦ J♦=7  PLAYER(L)  | -1,000원 → 404,250원  [start]
H1496 | bet   2,000원 PLAYER | P:J♣ 5♠ 2♥=7  B:4♥ 8♠ 9♣=1  PLAYER(W)  | +2,000원 → 406,250원  [end_win]
H1497 | bet   1,000원 BANKER | P:3♥ 3♥=6  B:7♥ 5♦ A♣=3  PLAYER(L)  | -1,000원 → 405,250원  [start]
H1498 | bet   2,000원 PLAYER | P:A♦ A♠ 5♦=7  B:J♠ 3♥ A♥=4  PLAYER(W)  | +2,000원 → 407,250원  [end_win]
H1499 | bet   1,000원 BANKER | P:K♥ 7♣=7  B:3♣ 2♣ 2♣=7  TIE(T)  |     0원 → 407,250원
H1500 | bet   1,000원 BANKER | P:Q♦ 4♦ Q♦=4  B:4♦ K♠=4  TIE(T)  |     0원 → 407,250원
H1501 | bet   1,000원 BANKER | P:5♠ 4♥=9  B:8♣ A♥=9  TIE(T)  |     0원 → 407,250원
H1502 | bet   1,000원 BANKER | P:8♣ Q♥=8  B:8♠ 3♣=1  PLAYER(L)  | -1,000원 → 406,250원  [start]
H1503 | bet   2,000원 PLAYER | P:10♣ Q♥ J♠=0  B:8♥ 2♣ 5♥=5  BANKER(L)  | -2,000원 → 404,250원
H1504 | bet   4,000원 PLAYER | P:Q♥ 3♥ 10♥=3  B:A♦ 4♠=5  BANKER(L)  | -4,000원 → 400,250원
H1505 | bet   8,000원 PLAYER | P:3♣ 4♣=7  B:2♥ J♥ 5♣=7  TIE(T)  |     0원 → 400,250원
H1506 | bet   8,000원 PLAYER | P:9♥ 8♠=7  B:J♦ 7♣=7  TIE(T)  |     0원 → 400,250원
H1507 | bet   8,000원 PLAYER | P:9♠ 3♣ 6♥=8  B:6♦ K♦ K♠=6  PLAYER(W)  | +8,000원 → 408,250원  [end_win]
H1508 | bet   1,000원 BANKER | P:9♥ 10♣=9  B:10♥ 9♦=9  TIE(T)  |     0원 → 408,250원
H1509 | bet   1,000원 BANKER | P:Q♣ 9♦=9  B:8♣ K♣=8  PLAYER(L)  | -1,000원 → 407,250원  [start]
H1510 | bet   2,000원 PLAYER | P:Q♣ 9♦=9  B:6♣ 10♦=6  PLAYER(W)  | +2,000원 → 409,250원  [end_win]
H1511 | bet   1,000원 BANKER | P:6♣ A♠=7  B:3♦ 2♠ 4♥=9  BANKER(W)  | +950원 → 410,200원
H1512 | bet   1,000원 BANKER | P:7♦ J♦=7  B:A♣ 8♦=9  BANKER(W)  | +950원 → 411,150원
H1513 | bet   1,000원 BANKER | P:7♣ 8♥ 9♠=4  B:J♦ K♠ A♠=1  PLAYER(L)  | -1,000원 → 410,150원  [start]
H1514 | bet   2,000원 PLAYER | P:6♠ 8♣ K♠=4  B:2♠ J♥ 7♠=9  BANKER(L)  | -2,000원 → 408,150원
H1515 | bet   4,000원 PLAYER | P:3♠ A♥=4  B:2♦ 7♥=9  BANKER(L)  | -4,000원 → 404,150원
H1516 | bet   8,000원 PLAYER | P:2♠ 7♦=9  B:2♠ K♥=2  PLAYER(W)  | +8,000원 → 412,150원  [end_win]
H1517 | bet   1,000원 BANKER | P:A♦ 10♠ Q♠=1  B:10♣ 4♠=4  BANKER(W)  | +950원 → 413,100원
H1518 | bet   1,000원 BANKER | P:7♥ 9♥=6  B:3♦ 6♦=9  BANKER(W)  | +950원 → 414,050원
H1519 | bet   1,000원 BANKER | P:Q♠ 6♥=6  B:5♦ 2♠=7  BANKER(W)  | +950원 → 415,000원
H1520 | bet   1,000원 BANKER | P:7♣ 8♦ A♥=6  B:10♥ J♠ 10♥=0  PLAYER(L)  | -1,000원 → 414,000원  [start]
H1521 | bet   2,000원 PLAYER | P:3♦ A♠ A♦=5  B:9♦ 8♠=7  BANKER(L)  | -2,000원 → 412,000원
H1522 | bet   4,000원 PLAYER | P:7♦ Q♠=7  B:5♠ A♥=6  PLAYER(W)  | +4,000원 → 416,000원  [end_win]
H1523 | bet   1,000원 BANKER | P:K♣ 8♥=8  B:J♣ 5♠=5  PLAYER(L)  | -1,000원 → 415,000원  [start]
H1524 | bet   2,000원 PLAYER | P:4♠ 5♣=9  B:J♥ 8♥=8  PLAYER(W)  | +2,000원 → 417,000원  [end_win]
H1525 | bet   1,000원 BANKER | P:K♥ 8♦=8  B:6♥ 3♠=9  BANKER(W)  | +950원 → 417,950원
H1526 | bet   1,000원 BANKER | P:K♦ 5♣ A♦=6  B:7♣ 9♣=6  TIE(T)  |     0원 → 417,950원
H1527 | bet   1,000원 BANKER | P:7♦ 2♥=9  B:7♠ 8♠=5  PLAYER(L)  | -1,000원 → 416,950원  [start]
H1528 | bet   2,000원 PLAYER | P:5♠ 9♠ 2♦=6  B:6♣ 7♠ 5♣=8  BANKER(L)  | -2,000원 → 414,950원
H1529 | bet   4,000원 PLAYER | P:Q♣ 10♦ A♠=1  B:4♠ J♠=4  BANKER(L)  | -4,000원 → 410,950원
H1530 | bet   8,000원 PLAYER | P:J♠ 5♠=5  B:6♣ 3♦=9  BANKER(L)  | -8,000원 → 402,950원
H1531 | bet  16,000원 PLAYER | P:K♥ 8♣=8  B:4♦ 10♦=4  PLAYER(W)  | +16,000원 → 418,950원  [end_win]
H1532 | bet   1,000원 BANKER | P:K♣ 2♣ 3♥=5  B:7♠ 6♥ 6♠=9  BANKER(W)  | +950원 → 419,900원
H1533 | bet   1,000원 BANKER | P:2♣ 6♠=8  B:9♣ J♣=9  BANKER(W)  | +950원 → 420,850원
H1534 | bet   1,000원 BANKER | P:K♠ 4♦ 6♦=0  B:4♣ 10♠ A♥=5  BANKER(W)  | +950원 → 421,800원
H1535 | bet   1,000원 BANKER | P:A♦ 10♣ 6♥=7  B:K♣ 10♦ 2♦=2  PLAYER(L)  | -1,000원 → 420,800원  [start]
H1536 | bet   2,000원 PLAYER | P:4♥ 7♠ 7♦=8  B:4♠ 7♣ Q♥=1  PLAYER(W)  | +2,000원 → 422,800원  [end_win]
H1537 | bet   1,000원 BANKER | P:8♦ 10♦=8  B:Q♣ A♥=1  PLAYER(L)  | -1,000원 → 421,800원  [start]
H1538 | bet   2,000원 PLAYER | P:2♣ 10♠ 9♠=1  B:10♣ 2♦ K♠=2  BANKER(L)  | -2,000원 → 419,800원
H1539 | bet   4,000원 PLAYER | P:5♣ J♦ 7♠=2  B:A♥ 2♣ K♥=3  BANKER(L)  | -4,000원 → 415,800원
H1540 | bet   8,000원 PLAYER | P:7♥ K♠=7  B:5♦ 4♠=9  BANKER(L)  | -8,000원 → 407,800원
H1541 | bet  16,000원 PLAYER | P:2♥ 2♦ Q♦=4  B:A♣ J♣ 8♠=9  BANKER(L)  | -16,000원 → 391,800원
H1542 | bet  32,000원 PLAYER | P:5♦ 3♥=8  B:9♥ K♦=9  BANKER(L)  | -32,000원 → 359,800원  [end_giveup]
H1543 | bet   1,000원 BANKER | P:Q♠ 5♣ 4♣=9  B:10♠ Q♦ 3♠=3  PLAYER(L)  | -1,000원 → 358,800원  [start]
H1544 | bet   2,000원 PLAYER | P:10♥ 3♠=3  B:3♦ 6♠=9  BANKER(L)  | -2,000원 → 356,800원
H1545 | bet   4,000원 PLAYER | P:10♠ 5♥ 6♥=1  B:7♥ 8♣ 3♣=8  BANKER(L)  | -4,000원 → 352,800원
H1546 | bet   8,000원 PLAYER | P:10♥ 7♣=7  B:10♦ 3♣ 6♠=9  BANKER(L)  | -8,000원 → 344,800원
H1547 | bet  16,000원 PLAYER | P:Q♦ Q♣ J♥=0  B:A♦ 5♦=6  BANKER(L)  | -16,000원 → 328,800원
H1548 | bet  32,000원 PLAYER | P:4♥ 5♥=9  B:8♠ 9♣=7  PLAYER(W)  | +32,000원 → 360,800원  [end_win]
H1549 | bet   1,000원 BANKER | P:Q♣ Q♥ 2♥=2  B:4♣ J♥ 10♥=4  BANKER(W)  | +950원 → 361,750원
H1550 | bet   1,000원 BANKER | P:8♣ 4♥ 8♦=0  B:9♣ 2♣ 9♠=0  TIE(T)  |     0원 → 361,750원
H1551 | bet   1,000원 BANKER | P:3♦ A♣ 2♣=6  B:9♦ 4♠ 6♣=9  BANKER(W)  | +950원 → 362,700원
H1552 | bet   1,000원 BANKER | P:10♠ J♥ 2♥=2  B:6♥ 10♣=6  BANKER(W)  | +950원 → 363,650원
H1553 | bet   1,000원 BANKER | P:8♦ 8♦=6  B:5♣ A♠=6  TIE(T)  |     0원 → 363,650원
H1554 | bet   1,000원 BANKER | P:7♠ 10♦=7  B:J♥ A♠ Q♦=1  PLAYER(L)  | -1,000원 → 362,650원  [start]
H1555 | bet   2,000원 PLAYER | P:10♦ 8♥=8  B:4♦ 3♠=7  PLAYER(W)  | +2,000원 → 364,650원  [end_win]
H1556 | bet   1,000원 BANKER | P:10♦ 7♠=7  B:3♣ 5♦=8  BANKER(W)  | +950원 → 365,600원
H1557 | bet   1,000원 BANKER | P:K♥ 6♥=6  B:K♦ 5♠ K♠=5  PLAYER(L)  | -1,000원 → 364,600원  [start]
H1558 | bet   2,000원 PLAYER | P:5♦ 3♠=8  B:6♣ 9♥=5  PLAYER(W)  | +2,000원 → 366,600원  [end_win]
H1559 | bet   1,000원 BANKER | P:2♠ Q♣=2  B:6♥ 2♥=8  BANKER(W)  | +950원 → 367,550원
H1560 | bet   1,000원 BANKER | P:2♦ 2♠=4  B:9♥ K♠=9  BANKER(W)  | +950원 → 368,500원
H1561 | bet   1,000원 BANKER | P:8♦ A♣=9  B:4♦ A♣=5  PLAYER(L)  | -1,000원 → 367,500원  [start]
H1562 | bet   2,000원 PLAYER | P:A♥ 2♦ 8♣=1  B:Q♦ K♣ 10♠=0  PLAYER(W)  | +2,000원 → 369,500원  [end_win]
H1563 | bet   1,000원 BANKER | P:9♥ 9♣=8  B:A♦ 2♥=3  PLAYER(L)  | -1,000원 → 368,500원  [start]
H1564 | bet   2,000원 PLAYER | P:J♥ 8♣=8  B:10♣ A♦=1  PLAYER(W)  | +2,000원 → 370,500원  [end_win]
H1565 | bet   1,000원 BANKER | P:6♦ 10♥=6  B:Q♠ J♥ 7♦=7  BANKER(W)  | +950원 → 371,450원
H1566 | bet   1,000원 BANKER | P:2♥ 7♦=9  B:10♠ 10♥=0  PLAYER(L)  | -1,000원 → 370,450원  [start]
H1567 | bet   2,000원 PLAYER | P:3♦ 5♦=8  B:4♦ Q♥=4  PLAYER(W)  | +2,000원 → 372,450원  [end_win]
H1568 | bet   1,000원 BANKER | P:K♣ K♦=0  B:8♥ A♣=9  BANKER(W)  | +950원 → 373,400원
H1569 | bet   1,000원 BANKER | P:4♥ 2♠=6  B:J♣ 7♦=7  BANKER(W)  | +950원 → 374,350원
H1570 | bet   1,000원 BANKER | P:8♥ 7♥ 7♣=2  B:K♠ Q♠ 8♥=8  BANKER(W)  | +950원 → 375,300원
H1571 | bet   1,000원 BANKER | P:J♣ 10♣ 5♥=5  B:7♠ 9♠=6  BANKER(W)  | +950원 → 376,250원
H1572 | bet   1,000원 BANKER | P:A♦ 4♣ 8♣=3  B:6♣ K♣=6  BANKER(W)  | +950원 → 377,200원
H1573 | bet   1,000원 BANKER | P:A♣ J♣=1  B:9♦ 10♠=9  BANKER(W)  | +950원 → 378,150원
H1574 | bet   1,000원 BANKER | P:A♣ 2♠=3  B:J♥ 8♥=8  BANKER(W)  | +950원 → 379,100원
H1575 | bet   1,000원 BANKER | P:4♥ 6♥ 8♥=8  B:5♦ Q♠=5  PLAYER(L)  | -1,000원 → 378,100원  [start]
H1576 | bet   2,000원 PLAYER | P:9♠ 6♥ 2♥=7  B:3♥ 7♣ Q♦=0  PLAYER(W)  | +2,000원 → 380,100원  [end_win]
H1577 | bet   1,000원 BANKER | P:4♠ 2♥=6  B:9♦ K♥=9  BANKER(W)  | +950원 → 381,050원
H1578 | bet   1,000원 BANKER | P:J♦ Q♣ 10♦=0  B:Q♦ 2♦ 9♦=1  BANKER(W)  | +950원 → 382,000원
H1579 | bet   1,000원 BANKER | P:2♣ 4♥=6  B:6♠ J♣=6  TIE(T)  |     0원 → 382,000원
H1580 | bet   1,000원 BANKER | P:K♦ 9♣=9  B:K♦ Q♥=0  PLAYER(L)  | -1,000원 → 381,000원  [start]
H1581 | bet   2,000원 PLAYER | P:7♥ J♦=7  B:9♦ 7♠=6  PLAYER(W)  | +2,000원 → 383,000원  [end_win]
H1582 | bet   1,000원 BANKER | P:9♣ Q♠=9  B:2♦ Q♣=2  PLAYER(L)  | -1,000원 → 382,000원  [start]
H1583 | bet   2,000원 PLAYER | P:3♥ 5♣=8  B:9♠ 4♦=3  PLAYER(W)  | +2,000원 → 384,000원  [end_win]
H1584 | bet   1,000원 BANKER | P:A♥ 8♠=9  B:6♠ 8♦=4  PLAYER(L)  | -1,000원 → 383,000원  [start]
H1585 | bet   2,000원 PLAYER | P:3♥ 9♥ Q♥=2  B:A♣ 4♠=5  BANKER(L)  | -2,000원 → 381,000원
H1586 | bet   4,000원 PLAYER | P:K♥ K♥ 8♦=8  B:K♣ 3♣=3  PLAYER(W)  | +4,000원 → 385,000원  [end_win]
H1587 | bet   1,000원 BANKER | P:9♥ 8♦=7  B:6♣ J♥=6  PLAYER(L)  | -1,000원 → 384,000원  [start]
H1588 | bet   2,000원 PLAYER | P:10♥ 9♦=9  B:8♦ 6♦=4  PLAYER(W)  | +2,000원 → 386,000원  [end_win]
H1589 | bet   1,000원 BANKER | P:A♥ 3♦ 9♠=3  B:6♠ 5♦ 4♣=5  BANKER(W)  | +950원 → 386,950원
H1590 | bet   1,000원 BANKER | P:9♠ 5♥ 2♣=6  B:7♥ 4♦ 10♦=1  PLAYER(L)  | -1,000원 → 385,950원  [start]
H1591 | bet   2,000원 PLAYER | P:Q♣ 8♥=8  B:5♦ 4♣=9  BANKER(L)  | -2,000원 → 383,950원
H1592 | bet   4,000원 PLAYER | P:9♦ 5♥ K♦=4  B:9♣ A♠ 2♦=2  PLAYER(W)  | +4,000원 → 387,950원  [end_win]
H1593 | bet   1,000원 BANKER | P:10♣ J♥=0  B:A♦ 8♣=9  BANKER(W)  | +950원 → 388,900원
H1594 | bet   1,000원 BANKER | P:5♦ Q♦ 9♠=4  B:7♥ 4♣ 6♣=7  BANKER(W)  | +950원 → 389,850원
H1595 | bet   1,000원 BANKER | P:J♣ 5♥ 7♠=2  B:3♣ 4♥=7  BANKER(W)  | +950원 → 390,800원
H1596 | bet   1,000원 BANKER | P:8♠ 4♣ 4♠=6  B:10♠ A♦ 3♥=4  PLAYER(L)  | -1,000원 → 389,800원  [start]
H1597 | bet   2,000원 PLAYER | P:Q♣ 3♦ 4♣=7  B:Q♣ J♦ 3♣=3  PLAYER(W)  | +2,000원 → 391,800원  [end_win]
H1598 | bet   1,000원 BANKER | P:Q♣ A♥=1  B:10♥ 9♣=9  BANKER(W)  | +950원 → 392,750원
H1599 | bet   1,000원 BANKER | P:3♠ 9♥ 2♣=4  B:A♥ 3♥ J♠=4  TIE(T)  |     0원 → 392,750원
H1600 | bet   1,000원 BANKER | P:5♥ J♠=5  B:6♣ 3♥=9  BANKER(W)  | +950원 → 393,700원
H1601 | bet   1,000원 BANKER | P:10♥ 4♠=4  B:10♠ 9♣=9  BANKER(W)  | +950원 → 394,650원
H1602 | bet   1,000원 BANKER | P:10♦ 9♥=9  B:7♦ 7♥=4  PLAYER(L)  | -1,000원 → 393,650원  [start]
H1603 | bet   2,000원 PLAYER | P:2♣ 7♥=9  B:K♠ 8♦=8  PLAYER(W)  | +2,000원 → 395,650원  [end_win]
H1604 | bet   1,000원 BANKER | P:2♠ J♦=2  B:2♣ 6♠=8  BANKER(W)  | +950원 → 396,600원
H1605 | bet   1,000원 BANKER | P:7♦ K♦=7  B:Q♥ 6♣=6  PLAYER(L)  | -1,000원 → 395,600원  [start]
H1606 | bet   2,000원 PLAYER | P:2♣ 8♠ 8♠=8  B:10♣ 2♥ Q♥=2  PLAYER(W)  | +2,000원 → 397,600원  [end_win]
H1607 | bet   1,000원 BANKER | P:4♦ K♣ K♥=4  B:K♦ 5♠=5  BANKER(W)  | +950원 → 398,550원
H1608 | bet   1,000원 BANKER | P:Q♠ 5♠ J♦=5  B:3♠ Q♥ 6♣=9  BANKER(W)  | +950원 → 399,500원
H1609 | bet   1,000원 BANKER | P:7♣ 2♦=9  B:K♠ 9♣=9  TIE(T)  |     0원 → 399,500원
H1610 | bet   1,000원 BANKER | P:4♥ 7♠=1  B:10♥ 8♠=8  BANKER(W)  | +950원 → 400,450원
H1611 | bet   1,000원 BANKER | P:Q♦ 8♣=8  B:4♠ Q♥=4  PLAYER(L)  | -1,000원 → 399,450원  [start]
H1612 | bet   2,000원 PLAYER | P:6♠ 10♥=6  B:Q♦ 5♠ 2♠=7  BANKER(L)  | -2,000원 → 397,450원
H1613 | bet   4,000원 PLAYER | P:6♥ 5♥ 6♦=7  B:5♣ 10♥ 7♦=2  PLAYER(W)  | +4,000원 → 401,450원  [end_win]
H1614 | bet   1,000원 BANKER | P:8♠ 4♦=2  B:2♠ 7♣=9  BANKER(W)  | +950원 → 402,400원
H1615 | bet   1,000원 BANKER | P:K♣ 5♥ 2♦=7  B:3♣ 9♠ 3♠=5  PLAYER(L)  | -1,000원 → 401,400원  [start]
H1616 | bet   2,000원 PLAYER | P:9♦ K♥=9  B:5♣ 5♦=0  PLAYER(W)  | +2,000원 → 403,400원  [end_win]
H1617 | bet   1,000원 BANKER | P:10♠ 3♥ 5♠=8  B:6♦ 7♣ 6♦=9  BANKER(W)  | +950원 → 404,350원
H1618 | bet   1,000원 BANKER | P:3♦ 5♣=8  B:J♠ 7♠=7  PLAYER(L)  | -1,000원 → 403,350원  [start]
H1619 | bet   2,000원 PLAYER | P:8♣ 3♣ A♠=2  B:A♦ 6♠=7  BANKER(L)  | -2,000원 → 401,350원
H1620 | bet   4,000원 PLAYER | P:3♦ 6♥=9  B:6♠ K♣=6  PLAYER(W)  | +4,000원 → 405,350원  [end_win]
H1621 | bet   1,000원 BANKER | P:6♦ 8♣ 4♣=8  B:10♦ 7♠=7  PLAYER(L)  | -1,000원 → 404,350원  [start]
H1622 | bet   2,000원 PLAYER | P:7♣ J♠=7  B:6♦ J♠=6  PLAYER(W)  | +2,000원 → 406,350원  [end_win]
H1623 | bet   1,000원 BANKER | P:A♠ 3♠ 10♦=4  B:10♣ 6♥=6  BANKER(W)  | +950원 → 407,300원
H1624 | bet   1,000원 BANKER | P:2♦ Q♦ J♣=2  B:10♠ 5♣=5  BANKER(W)  | +950원 → 408,250원
H1625 | bet   1,000원 BANKER | P:4♦ 3♦=7  B:3♦ K♥ 4♥=7  TIE(T)  |     0원 → 408,250원
H1626 | bet   1,000원 BANKER | P:5♠ 4♠=9  B:5♠ J♠=5  PLAYER(L)  | -1,000원 → 407,250원  [start]
H1627 | bet   2,000원 PLAYER | P:A♠ J♦ J♣=1  B:7♣ 6♦ K♠=3  BANKER(L)  | -2,000원 → 405,250원
H1628 | bet   4,000원 PLAYER | P:A♥ 4♠ K♦=5  B:A♣ A♥ Q♠=2  PLAYER(W)  | +4,000원 → 409,250원  [end_win]
H1629 | bet   1,000원 BANKER | P:Q♠ Q♠ 4♣=4  B:5♣ 9♠ A♥=5  BANKER(W)  | +950원 → 410,200원
H1630 | bet   1,000원 BANKER | P:J♠ J♦ 8♠=8  B:J♥ 7♥=7  PLAYER(L)  | -1,000원 → 409,200원  [start]
H1631 | bet   2,000원 PLAYER | P:9♣ K♣=9  B:3♥ A♠=4  PLAYER(W)  | +2,000원 → 411,200원  [end_win]
H1632 | bet   1,000원 BANKER | P:7♦ A♦=8  B:3♣ 4♥=7  PLAYER(L)  | -1,000원 → 410,200원  [start]
H1633 | bet   2,000원 PLAYER | P:A♠ 3♣ 3♠=7  B:10♣ 5♠=5  PLAYER(W)  | +2,000원 → 412,200원  [end_win]
H1634 | bet   1,000원 BANKER | P:6♠ 5♥ J♠=1  B:K♠ 4♥=4  BANKER(W)  | +950원 → 413,150원
H1635 | bet   1,000원 BANKER | P:9♥ 7♣=6  B:8♥ 5♣ K♥=3  PLAYER(L)  | -1,000원 → 412,150원  [start]
H1636 | bet   2,000원 PLAYER | P:8♣ 7♥ 8♠=3  B:2♥ 10♣ 2♠=4  BANKER(L)  | -2,000원 → 410,150원
H1637 | bet   4,000원 PLAYER | P:2♠ A♠ Q♠=3  B:2♣ K♥ 3♦=5  BANKER(L)  | -4,000원 → 406,150원
H1638 | bet   8,000원 PLAYER | P:9♥ Q♦=9  B:7♥ 6♠=3  PLAYER(W)  | +8,000원 → 414,150원  [end_win]
H1639 | bet   1,000원 BANKER | P:A♠ 3♠ 5♥=9  B:4♠ K♠ 5♠=9  TIE(T)  |     0원 → 414,150원
H1640 | bet   1,000원 BANKER | P:5♥ 5♥ J♣=0  B:6♦ 5♠ 4♣=5  BANKER(W)  | +950원 → 415,100원
H1641 | bet   1,000원 BANKER | P:J♠ 10♠ 3♥=3  B:5♣ 9♦ 8♠=2  PLAYER(L)  | -1,000원 → 414,100원  [start]
H1642 | bet   2,000원 PLAYER | P:7♥ Q♣=7  B:K♠ Q♥ 4♥=4  PLAYER(W)  | +2,000원 → 416,100원  [end_win]
H1643 | bet   1,000원 BANKER | P:7♥ 6♠ A♣=4  B:7♦ 3♠ K♣=0  PLAYER(L)  | -1,000원 → 415,100원  [start]
H1644 | bet   2,000원 PLAYER | P:J♣ J♦=0  B:A♥ 8♣=9  BANKER(L)  | -2,000원 → 413,100원
H1645 | bet   4,000원 PLAYER | P:9♣ 7♣=6  B:6♦ 4♥ 4♥=4  PLAYER(W)  | +4,000원 → 417,100원  [end_win]
H1646 | bet   1,000원 BANKER | P:6♥ 4♦ A♠=1  B:Q♦ 3♠ Q♣=3  BANKER(W)  | +950원 → 418,050원
H1647 | bet   1,000원 BANKER | P:6♣ 8♣ Q♠=4  B:A♥ J♥ 6♥=7  BANKER(W)  | +950원 → 419,000원
H1648 | bet   1,000원 BANKER | P:10♣ J♥ A♠=1  B:7♣ J♥=7  BANKER(W)  | +950원 → 419,950원
H1649 | bet   1,000원 BANKER | P:9♣ 3♥ 8♦=0  B:5♣ K♥=5  BANKER(W)  | +950원 → 420,900원
H1650 | bet   1,000원 BANKER | P:9♣ 4♥ 10♦=3  B:9♠ 2♠ 4♠=5  BANKER(W)  | +950원 → 421,850원
H1651 | bet   1,000원 BANKER | P:4♦ 10♦ K♦=4  B:K♦ 4♦=4  TIE(T)  |     0원 → 421,850원
H1652 | bet   1,000원 BANKER | P:8♠ 10♦=8  B:9♣ J♠=9  BANKER(W)  | +950원 → 422,800원
H1653 | bet   1,000원 BANKER | P:J♠ K♦ 9♣=9  B:A♦ K♦ 9♠=0  PLAYER(L)  | -1,000원 → 421,800원  [start]
H1654 | bet   2,000원 PLAYER | P:9♥ 3♦ A♦=3  B:3♦ Q♥ J♥=3  TIE(T)  |     0원 → 421,800원
H1655 | bet   2,000원 PLAYER | P:7♠ 2♦=9  B:5♦ A♦=6  PLAYER(W)  | +2,000원 → 423,800원  [end_win]
H1656 | bet   1,000원 BANKER | P:J♠ 5♦ J♥=5  B:J♦ Q♦ 6♦=6  BANKER(W)  | +950원 → 424,750원
H1657 | bet   1,000원 BANKER | P:10♣ K♦ 5♠=5  B:K♥ 2♦ 5♣=7  BANKER(W)  | +950원 → 425,700원
H1658 | bet   1,000원 BANKER | P:6♣ 8♦ 2♥=6  B:8♠ 4♦ J♥=2  PLAYER(L)  | -1,000원 → 424,700원  [start]
H1659 | bet   2,000원 PLAYER | P:2♠ 8♦ 5♥=5  B:5♣ J♣ 5♥=0  PLAYER(W)  | +2,000원 → 426,700원  [end_win]
H1660 | bet   1,000원 BANKER | P:2♣ 6♠=8  B:A♣ A♦=2  PLAYER(L)  | -1,000원 → 425,700원  [start]
H1661 | bet   2,000원 PLAYER | P:7♠ A♦=8  B:3♦ J♠=3  PLAYER(W)  | +2,000원 → 427,700원  [end_win]
H1662 | bet   1,000원 BANKER | P:J♠ 6♠=6  B:2♣ 6♥=8  BANKER(W)  | +950원 → 428,650원
H1663 | bet   1,000원 BANKER | P:K♣ 10♥=0  B:9♣ Q♣=9  BANKER(W)  | +950원 → 429,600원
H1664 | bet   1,000원 BANKER | P:6♥ 5♠ 7♦=8  B:5♣ 8♥ 5♣=8  TIE(T)  |     0원 → 429,600원
H1665 | bet   1,000원 BANKER | P:9♠ 10♥=9  B:8♣ 9♠=7  PLAYER(L)  | -1,000원 → 428,600원  [start]
H1666 | bet   2,000원 PLAYER | P:3♣ Q♦ 7♣=0  B:5♠ A♣ 10♣=6  BANKER(L)  | -2,000원 → 426,600원
H1667 | bet   4,000원 PLAYER | P:K♠ 3♥ 10♣=3  B:3♠ A♥=4  BANKER(L)  | -4,000원 → 422,600원
H1668 | bet   8,000원 PLAYER | P:10♣ 6♣=6  B:4♦ 8♥ J♦=2  PLAYER(W)  | +8,000원 → 430,600원  [end_win]
H1669 | bet   1,000원 BANKER | P:7♣ 8♦=5  B:5♥ 3♠=8  BANKER(W)  | +950원 → 431,550원
H1670 | bet   1,000원 BANKER | P:10♥ 9♦=9  B:4♣ 6♥=0  PLAYER(L)  | -1,000원 → 430,550원  [start]
H1671 | bet   2,000원 PLAYER | P:Q♣ A♥ 9♥=0  B:4♣ A♥=5  BANKER(L)  | -2,000원 → 428,550원
H1672 | bet   4,000원 PLAYER | P:K♥ 7♣=7  B:10♥ 4♦ 5♠=9  BANKER(L)  | -4,000원 → 424,550원
H1673 | bet   8,000원 PLAYER | P:3♥ 7♦ 10♣=0  B:J♦ 2♣ 2♥=4  BANKER(L)  | -8,000원 → 416,550원
H1674 | bet  16,000원 PLAYER | P:9♥ 2♥ Q♣=1  B:3♣ 4♣=7  BANKER(L)  | -16,000원 → 400,550원
H1675 | bet  32,000원 PLAYER | P:2♣ K♣=2  B:9♦ 10♦=9  BANKER(L)  | -32,000원 → 368,550원  [end_giveup]
H1676 | bet   1,000원 BANKER | P:K♣ 4♠=4  B:Q♦ 9♦=9  BANKER(W)  | +950원 → 369,500원
H1677 | bet   1,000원 BANKER | P:A♣ 10♠ 6♣=7  B:4♦ K♠ 9♣=3  PLAYER(L)  | -1,000원 → 368,500원  [start]
H1678 | bet   2,000원 PLAYER | P:K♥ 9♥=9  B:Q♥ 8♣=8  PLAYER(W)  | +2,000원 → 370,500원  [end_win]
H1679 | bet   1,000원 BANKER | P:Q♥ 8♥=8  B:J♦ A♠=1  PLAYER(L)  | -1,000원 → 369,500원  [start]
H1680 | bet   2,000원 PLAYER | P:6♣ 6♠ 7♦=9  B:K♥ 10♥ 7♦=7  PLAYER(W)  | +2,000원 → 371,500원  [end_win]
H1681 | bet   1,000원 BANKER | P:9♣ 2♦=1  B:8♥ Q♦=8  BANKER(W)  | +950원 → 372,450원
H1682 | bet   1,000원 BANKER | P:2♠ J♣ 7♠=9  B:3♠ K♣ 7♠=0  PLAYER(L)  | -1,000원 → 371,450원  [start]
H1683 | bet   2,000원 PLAYER | P:K♠ 6♠=6  B:2♥ 2♥ 6♥=0  PLAYER(W)  | +2,000원 → 373,450원  [end_win]
H1684 | bet   1,000원 BANKER | P:A♦ 4♣ 4♠=9  B:10♥ J♣ 7♣=7  PLAYER(L)  | -1,000원 → 372,450원  [start]
H1685 | bet   2,000원 PLAYER | P:10♣ 3♣ A♥=4  B:4♥ Q♥=4  TIE(T)  |     0원 → 372,450원
H1686 | bet   2,000원 PLAYER | P:7♥ 6♣ J♦=3  B:2♦ 8♣ A♠=1  PLAYER(W)  | +2,000원 → 374,450원  [end_win]
H1687 | bet   1,000원 BANKER | P:6♣ 2♦=8  B:3♥ 6♦=9  BANKER(W)  | +950원 → 375,400원
H1688 | bet   1,000원 BANKER | P:3♠ 3♦=6  B:10♠ 2♠ 4♠=6  TIE(T)  |     0원 → 375,400원
H1689 | bet   1,000원 BANKER | P:Q♠ 7♠=7  B:10♠ K♠ 2♠=2  PLAYER(L)  | -1,000원 → 374,400원  [start]
H1690 | bet   2,000원 PLAYER | P:5♣ Q♠ 9♥=4  B:8♥ 3♣ 4♣=5  BANKER(L)  | -2,000원 → 372,400원
H1691 | bet   4,000원 PLAYER | P:K♥ 7♥=7  B:J♠ 3♣ 10♦=3  PLAYER(W)  | +4,000원 → 376,400원  [end_win]
H1692 | bet   1,000원 BANKER | P:10♣ K♣ 5♦=5  B:9♦ 2♦ 6♣=7  BANKER(W)  | +950원 → 377,350원
H1693 | bet   1,000원 BANKER | P:K♣ Q♥ 10♦=0  B:10♠ 7♥=7  BANKER(W)  | +950원 → 378,300원
H1694 | bet   1,000원 BANKER | P:3♥ 8♥ 2♠=3  B:K♥ 10♦ K♣=0  PLAYER(L)  | -1,000원 → 377,300원  [start]
H1695 | bet   2,000원 PLAYER | P:10♦ 8♦=8  B:A♠ Q♣=1  PLAYER(W)  | +2,000원 → 379,300원  [end_win]
H1696 | bet   1,000원 BANKER | P:6♠ 9♦ 7♠=2  B:6♠ J♥ 9♠=5  BANKER(W)  | +950원 → 380,250원
H1697 | bet   1,000원 BANKER | P:8♣ 4♣ 6♥=8  B:10♠ 6♦ 7♦=3  PLAYER(L)  | -1,000원 → 379,250원  [start]
H1698 | bet   2,000원 PLAYER | P:8♦ 7♥ 5♣=0  B:2♦ J♦ 3♦=5  BANKER(L)  | -2,000원 → 377,250원
H1699 | bet   4,000원 PLAYER | P:4♠ 7♣ 7♥=8  B:4♥ K♠ 9♥=3  PLAYER(W)  | +4,000원 → 381,250원  [end_win]
H1700 | bet   1,000원 BANKER | P:8♦ 2♥ 7♣=7  B:A♥ 6♦=7  TIE(T)  |     0원 → 381,250원
H1701 | bet   1,000원 BANKER | P:5♠ J♥ 8♥=3  B:2♥ 3♣=5  BANKER(W)  | +950원 → 382,200원
H1702 | bet   1,000원 BANKER | P:Q♣ 5♥ 6♦=1  B:K♦ 10♠ 6♦=6  BANKER(W)  | +950원 → 383,150원
H1703 | bet   1,000원 BANKER | P:Q♠ 3♦ A♣=4  B:Q♣ 4♦=4  TIE(T)  |     0원 → 383,150원
H1704 | bet   1,000원 BANKER | P:8♠ J♣=8  B:9♦ 9♠=8  TIE(T)  |     0원 → 383,150원
H1705 | bet   1,000원 BANKER | P:8♠ 5♦ 9♠=2  B:5♦ 8♠ K♦=3  BANKER(W)  | +950원 → 384,100원
H1706 | bet   1,000원 BANKER | P:10♥ Q♠ A♣=1  B:2♦ 2♣=4  BANKER(W)  | +950원 → 385,050원
H1707 | bet   1,000원 BANKER | P:A♣ 3♥=4  B:5♦ 4♠=9  BANKER(W)  | +950원 → 386,000원
H1708 | bet   1,000원 BANKER | P:7♦ Q♦=7  B:4♣ 9♦ 5♦=8  BANKER(W)  | +950원 → 386,950원
H1709 | bet   1,000원 BANKER | P:8♠ 3♣=1  B:7♦ A♦=8  BANKER(W)  | +950원 → 387,900원
H1710 | bet   1,000원 BANKER | P:J♦ 3♦ 8♠=1  B:8♣ 7♠=5  BANKER(W)  | +950원 → 388,850원
H1711 | bet   1,000원 BANKER | P:A♦ 8♣=9  B:6♥ 8♦=4  PLAYER(L)  | -1,000원 → 387,850원  [start]
H1712 | bet   2,000원 PLAYER | P:A♣ J♣ 5♠=6  B:7♠ 4♥ A♥=2  PLAYER(W)  | +2,000원 → 389,850원  [end_win]
H1713 | bet   1,000원 BANKER | P:4♠ 4♥=8  B:5♥ J♣=5  PLAYER(L)  | -1,000원 → 388,850원  [start]
H1714 | bet   2,000원 PLAYER | P:J♠ 3♠=3  B:10♠ 8♥=8  BANKER(L)  | -2,000원 → 386,850원
H1715 | bet   4,000원 PLAYER | P:Q♥ 10♥ K♠=0  B:Q♠ Q♠ 9♥=9  BANKER(L)  | -4,000원 → 382,850원
H1716 | bet   8,000원 PLAYER | P:3♥ 9♥=2  B:A♣ 7♦=8  BANKER(L)  | -8,000원 → 374,850원
H1717 | bet  16,000원 PLAYER | P:K♠ K♦ 3♦=3  B:Q♣ 4♣ 3♣=7  BANKER(L)  | -16,000원 → 358,850원
H1718 | bet  32,000원 PLAYER | P:8♠ 8♦=6  B:5♠ A♣=6  TIE(T)  |     0원 → 358,850원
H1719 | bet  32,000원 PLAYER | P:6♦ 5♣ 9♣=0  B:6♥ J♦=6  BANKER(L)  | -32,000원 → 326,850원  [end_giveup]
H1720 | bet   1,000원 BANKER | P:6♣ 10♠=6  B:A♦ K♥ Q♠=1  PLAYER(L)  | -1,000원 → 325,850원  [start]
H1721 | bet   2,000원 PLAYER | P:7♣ 4♠=1  B:2♠ 6♦=8  BANKER(L)  | -2,000원 → 323,850원
H1722 | bet   4,000원 PLAYER | P:K♦ Q♥ 4♥=4  B:7♦ 10♠=7  BANKER(L)  | -4,000원 → 319,850원
H1723 | bet   8,000원 PLAYER | P:5♣ 8♣=3  B:7♦ 2♣=9  BANKER(L)  | -8,000원 → 311,850원
H1724 | bet  16,000원 PLAYER | P:K♥ Q♣=0  B:6♦ 3♠=9  BANKER(L)  | -16,000원 → 295,850원
H1725 | bet  32,000원 PLAYER | P:A♦ 3♦ K♥=4  B:9♠ 2♠ 10♦=1  PLAYER(W)  | +32,000원 → 327,850원  [end_win]
H1726 | bet   1,000원 BANKER | P:2♦ 4♣=6  B:9♣ A♠ 7♠=7  BANKER(W)  | +950원 → 328,800원
H1727 | bet   1,000원 BANKER | P:10♦ K♦ K♣=0  B:Q♠ K♥ 9♦=9  BANKER(W)  | +950원 → 329,750원
H1728 | bet   1,000원 BANKER | P:Q♠ A♦ 7♣=8  B:5♦ 2♥=7  PLAYER(L)  | -1,000원 → 328,750원  [start]
H1729 | bet   2,000원 PLAYER | P:5♣ 2♦=7  B:3♥ 5♥=8  BANKER(L)  | -2,000원 → 326,750원
H1730 | bet   4,000원 PLAYER | P:2♥ 7♣=9  B:2♥ 3♦=5  PLAYER(W)  | +4,000원 → 330,750원  [end_win]
H1731 | bet   1,000원 BANKER | P:4♠ 7♠ 6♣=7  B:A♠ 3♣ 9♥=3  PLAYER(L)  | -1,000원 → 329,750원  [start]
H1732 | bet   2,000원 PLAYER | P:J♦ Q♥ 8♦=8  B:5♠ A♦=6  PLAYER(W)  | +2,000원 → 331,750원  [end_win]
H1733 | bet   1,000원 BANKER | P:4♠ 8♣ 8♣=0  B:K♠ 6♣=6  BANKER(W)  | +950원 → 332,700원
H1734 | bet   1,000원 BANKER | P:A♣ 7♣=8  B:7♣ 9♦=6  PLAYER(L)  | -1,000원 → 331,700원  [start]
H1735 | bet   2,000원 PLAYER | P:2♥ 4♥=6  B:Q♠ 5♥ A♠=6  TIE(T)  |     0원 → 331,700원
H1736 | bet   2,000원 PLAYER | P:2♣ K♣ 9♣=1  B:A♠ 10♥ K♣=1  TIE(T)  |     0원 → 331,700원
H1737 | bet   2,000원 PLAYER | P:10♥ Q♥ J♥=0  B:6♠ 7♦ 9♦=2  BANKER(L)  | -2,000원 → 329,700원
H1738 | bet   4,000원 PLAYER | P:8♠ K♣=8  B:A♦ 4♥=5  PLAYER(W)  | +4,000원 → 333,700원  [end_win]
H1739 | bet   1,000원 BANKER | P:7♠ J♥=7  B:4♠ 5♥=9  BANKER(W)  | +950원 → 334,650원
H1740 | bet   1,000원 BANKER | P:10♦ A♣ 10♠=1  B:7♦ 3♦ 2♦=2  BANKER(W)  | +950원 → 335,600원
H1741 | bet   1,000원 BANKER | P:4♣ A♥=5  B:A♥ 8♥=9  BANKER(W)  | +950원 → 336,550원
H1742 | bet   1,000원 BANKER | P:3♠ A♠ 8♥=2  B:9♣ 7♥=6  BANKER(W)  | +950원 → 337,500원
H1743 | bet   1,000원 BANKER | P:5♠ 8♣=3  B:6♦ 2♥=8  BANKER(W)  | +950원 → 338,450원
H1744 | bet   1,000원 BANKER | P:2♣ 5♣=7  B:4♦ 9♦ K♠=3  PLAYER(L)  | -1,000원 → 337,450원  [start]
H1745 | bet   2,000원 PLAYER | P:K♠ A♦=1  B:9♠ Q♣=9  BANKER(L)  | -2,000원 → 335,450원
H1746 | bet   4,000원 PLAYER | P:6♠ 4♥ 10♦=0  B:8♣ 5♦ J♣=3  BANKER(L)  | -4,000원 → 331,450원
H1747 | bet   8,000원 PLAYER | P:J♠ 10♥ J♣=0  B:3♣ Q♦ 3♣=6  BANKER(L)  | -8,000원 → 323,450원
H1748 | bet  16,000원 PLAYER | P:Q♠ 10♦ 10♠=0  B:6♠ 8♦=4  BANKER(L)  | -16,000원 → 307,450원
H1749 | bet  32,000원 PLAYER | P:10♣ 3♣ K♥=3  B:4♠ K♥=4  BANKER(L)  | -32,000원 → 275,450원  [end_giveup]
H1750 | bet   1,000원 BANKER | P:Q♥ A♣ J♦=1  B:K♥ K♣ 6♣=6  BANKER(W)  | +950원 → 276,400원
H1751 | bet   1,000원 BANKER | P:Q♥ 8♦=8  B:3♠ 2♠=5  PLAYER(L)  | -1,000원 → 275,400원  [start]
H1752 | bet   2,000원 PLAYER | P:9♥ 9♥=8  B:A♥ 6♣=7  PLAYER(W)  | +2,000원 → 277,400원  [end_win]
H1753 | bet   1,000원 BANKER | P:4♦ 6♥=0  B:4♣ 4♦=8  BANKER(W)  | +950원 → 278,350원
H1754 | bet   1,000원 BANKER | P:6♠ 7♠ J♣=3  B:A♣ 3♥=4  BANKER(W)  | +950원 → 279,300원
H1755 | bet   1,000원 BANKER | P:2♦ A♥ 3♠=6  B:5♠ J♠=5  PLAYER(L)  | -1,000원 → 278,300원  [start]
H1756 | bet   2,000원 PLAYER | P:9♥ 4♦=3  B:10♠ 8♠=8  BANKER(L)  | -2,000원 → 276,300원
H1757 | bet   4,000원 PLAYER | P:A♠ 5♥=6  B:7♣ J♥=7  BANKER(L)  | -4,000원 → 272,300원
H1758 | bet   8,000원 PLAYER | P:3♣ J♥ 9♠=2  B:2♦ Q♣ 4♦=6  BANKER(L)  | -8,000원 → 264,300원
H1759 | bet  16,000원 PLAYER | P:6♥ J♥=6  B:5♦ Q♦ 8♣=3  PLAYER(W)  | +16,000원 → 280,300원  [end_win]
H1760 | bet   1,000원 BANKER | P:Q♣ 10♣ K♠=0  B:7♥ 7♠=4  BANKER(W)  | +950원 → 281,250원
H1761 | bet   1,000원 BANKER | P:Q♥ 5♥ 2♥=7  B:9♠ A♦ J♥=0  PLAYER(L)  | -1,000원 → 280,250원  [start]
H1762 | bet   2,000원 PLAYER | P:6♣ 4♥ 3♣=3  B:10♥ 7♠=7  BANKER(L)  | -2,000원 → 278,250원
H1763 | bet   4,000원 PLAYER | P:A♥ 10♠=1  B:4♣ 5♠=9  BANKER(L)  | -4,000원 → 274,250원
H1764 | bet   8,000원 PLAYER | P:5♦ 8♠=3  B:2♠ 6♥=8  BANKER(L)  | -8,000원 → 266,250원
H1765 | bet  16,000원 PLAYER | P:5♣ 10♣ 6♦=1  B:7♠ 8♠ 6♦=1  TIE(T)  |     0원 → 266,250원
H1766 | bet  16,000원 PLAYER | P:A♥ J♣ J♦=1  B:8♦ 6♠=4  BANKER(L)  | -16,000원 → 250,250원
H1767 | bet  32,000원 PLAYER | P:A♣ 4♦ 2♠=7  B:3♦ J♦ 8♥=1  PLAYER(W)  | +32,000원 → 282,250원  [end_win]
H1768 | bet   1,000원 BANKER | P:2♦ 7♥=9  B:10♠ Q♠=0  PLAYER(L)  | -1,000원 → 281,250원  [start]
H1769 | bet   2,000원 PLAYER | P:3♠ 8♥ 5♦=6  B:3♥ 7♦ A♠=1  PLAYER(W)  | +2,000원 → 283,250원  [end_win]
H1770 | bet   1,000원 BANKER | P:4♦ 9♥ K♥=3  B:9♠ 5♦=4  BANKER(W)  | +950원 → 284,200원
H1771 | bet   1,000원 BANKER | P:9♥ 6♥ 6♥=1  B:8♥ 2♠ 7♥=7  BANKER(W)  | +950원 → 285,150원
H1772 | bet   1,000원 BANKER | P:Q♦ 5♥ 10♠=5  B:5♥ 5♠ K♦=0  PLAYER(L)  | -1,000원 → 284,150원  [start]
H1773 | bet   2,000원 PLAYER | P:Q♦ 4♣ 10♥=4  B:J♣ 10♥ A♥=1  PLAYER(W)  | +2,000원 → 286,150원  [end_win]
H1774 | bet   1,000원 BANKER | P:J♠ 4♥ K♣=4  B:7♥ K♣=7  BANKER(W)  | +950원 → 287,100원
H1775 | bet   1,000원 BANKER | P:3♥ A♣ 7♣=1  B:Q♣ Q♠ 4♣=4  BANKER(W)  | +950원 → 288,050원
H1776 | bet   1,000원 BANKER | P:3♠ 2♣ 3♦=8  B:J♦ Q♣ 4♥=4  PLAYER(L)  | -1,000원 → 287,050원  [start]
H1777 | bet   2,000원 PLAYER | P:J♠ 8♦=8  B:5♣ 2♣=7  PLAYER(W)  | +2,000원 → 289,050원  [end_win]
H1778 | bet   1,000원 BANKER | P:K♣ 10♣ 6♣=6  B:10♣ 4♠ 9♦=3  PLAYER(L)  | -1,000원 → 288,050원  [start]
H1779 | bet   2,000원 PLAYER | P:2♦ 2♠=4  B:J♦ 9♠=9  BANKER(L)  | -2,000원 → 286,050원
H1780 | bet   4,000원 PLAYER | P:3♥ J♠=3  B:K♦ 9♣=9  BANKER(L)  | -4,000원 → 282,050원
H1781 | bet   8,000원 PLAYER | P:7♥ A♦=8  B:7♣ 7♥=4  PLAYER(W)  | +8,000원 → 290,050원  [end_win]
H1782 | bet   1,000원 BANKER | P:5♠ 2♣=7  B:2♠ 3♥ K♦=5  PLAYER(L)  | -1,000원 → 289,050원  [start]
H1783 | bet   2,000원 PLAYER | P:10♦ 5♣ Q♦=5  B:A♠ 9♣ 5♠=5  TIE(T)  |     0원 → 289,050원
H1784 | bet   2,000원 PLAYER | P:J♠ 2♣ 8♣=0  B:Q♦ 7♦=7  BANKER(L)  | -2,000원 → 287,050원
H1785 | bet   4,000원 PLAYER | P:8♣ 8♥=6  B:A♥ 5♦=6  TIE(T)  |     0원 → 287,050원
H1786 | bet   4,000원 PLAYER | P:K♠ K♦ 7♠=7  B:10♣ 6♠ J♣=6  PLAYER(W)  | +4,000원 → 291,050원  [end_win]
H1787 | bet   1,000원 BANKER | P:8♥ 8♠=6  B:J♣ 8♦=8  BANKER(W)  | +950원 → 292,000원
H1788 | bet   1,000원 BANKER | P:10♦ Q♥ 6♠=6  B:9♥ 6♣ 6♥=1  PLAYER(L)  | -1,000원 → 291,000원  [start]
H1789 | bet   2,000원 PLAYER | P:3♣ 2♥=5  B:4♣ 4♦=8  BANKER(L)  | -2,000원 → 289,000원
H1790 | bet   4,000원 PLAYER | P:8♠ J♠=8  B:K♠ 6♦=6  PLAYER(W)  | +4,000원 → 293,000원  [end_win]
H1791 | bet   1,000원 BANKER | P:3♥ 9♦ 10♣=2  B:6♥ 8♠=4  BANKER(W)  | +950원 → 293,950원
H1792 | bet   1,000원 BANKER | P:5♥ 9♠ J♦=4  B:2♦ 9♣ 4♠=5  BANKER(W)  | +950원 → 294,900원
H1793 | bet   1,000원 BANKER | P:4♥ 3♠=7  B:J♣ 3♦ J♥=3  PLAYER(L)  | -1,000원 → 293,900원  [start]
H1794 | bet   2,000원 PLAYER | P:K♠ 2♥ 4♠=6  B:Q♠ 10♥ 5♣=5  PLAYER(W)  | +2,000원 → 295,900원  [end_win]
H1795 | bet   1,000원 BANKER | P:J♥ 10♦ 9♠=9  B:6♠ 10♣=6  PLAYER(L)  | -1,000원 → 294,900원  [start]
H1796 | bet   2,000원 PLAYER | P:J♠ K♦ 9♦=9  B:8♦ 8♥=6  PLAYER(W)  | +2,000원 → 296,900원  [end_win]
H1797 | bet   1,000원 BANKER | P:5♦ 4♥=9  B:K♥ 6♣=6  PLAYER(L)  | -1,000원 → 295,900원  [start]
H1798 | bet   2,000원 PLAYER | P:6♥ 7♦ 9♣=2  B:7♥ 7♣=4  BANKER(L)  | -2,000원 → 293,900원
H1799 | bet   4,000원 PLAYER | P:Q♣ 8♣=8  B:4♦ 4♣=8  TIE(T)  |     0원 → 293,900원
H1800 | bet   4,000원 PLAYER | P:9♥ 6♥ 2♣=7  B:6♠ J♦=6  PLAYER(W)  | +4,000원 → 297,900원  [end_win]
H1801 | bet   1,000원 BANKER | P:4♠ Q♣ 7♠=1  B:2♠ Q♣ 7♥=9  BANKER(W)  | +950원 → 298,850원
H1802 | bet   1,000원 BANKER | P:8♦ 4♥ 2♥=4  B:6♥ 10♦=6  BANKER(W)  | +950원 → 299,800원
H1803 | bet   1,000원 BANKER | P:10♥ 3♣=3  B:8♦ 10♣=8  BANKER(W)  | +950원 → 300,750원
H1804 | bet   1,000원 BANKER | P:6♠ 6♥ 9♣=1  B:2♠ 2♣=4  BANKER(W)  | +950원 → 301,700원
H1805 | bet   1,000원 BANKER | P:3♦ K♦ A♠=4  B:9♠ 5♠=4  TIE(T)  |     0원 → 301,700원
H1806 | bet   1,000원 BANKER | P:3♣ J♥ 3♦=6  B:9♦ 8♣=7  BANKER(W)  | +950원 → 302,650원
H1807 | bet   1,000원 BANKER | P:A♥ A♥ 7♦=9  B:3♣ Q♠ 3♦=6  PLAYER(L)  | -1,000원 → 301,650원  [start]
H1808 | bet   2,000원 PLAYER | P:6♣ 2♥=8  B:10♣ 8♦=8  TIE(T)  |     0원 → 301,650원
H1809 | bet   2,000원 PLAYER | P:Q♣ 5♠ 4♥=9  B:7♦ K♦=7  PLAYER(W)  | +2,000원 → 303,650원  [end_win]
H1810 | bet   1,000원 BANKER | P:5♥ 4♠=9  B:8♦ 7♣=5  PLAYER(L)  | -1,000원 → 302,650원  [start]
H1811 | bet   2,000원 PLAYER | P:5♦ 8♥ J♥=3  B:5♣ 10♦=5  BANKER(L)  | -2,000원 → 300,650원
H1812 | bet   4,000원 PLAYER | P:7♦ 7♥ J♠=4  B:7♥ 8♥=5  BANKER(L)  | -4,000원 → 296,650원
H1813 | bet   8,000원 PLAYER | P:8♠ 9♥=7  B:5♥ Q♠ 3♥=8  BANKER(L)  | -8,000원 → 288,650원
H1814 | bet  16,000원 PLAYER | P:6♣ 8♦ A♦=5  B:2♦ 9♣ 2♣=3  PLAYER(W)  | +16,000원 → 304,650원  [end_win]
H1815 | bet   1,000원 BANKER | P:Q♥ 5♣ 8♥=3  B:2♦ Q♦ 8♦=0  PLAYER(L)  | -1,000원 → 303,650원  [start]
H1816 | bet   2,000원 PLAYER | P:J♠ J♥ 4♦=4  B:5♠ 8♠ 2♦=5  BANKER(L)  | -2,000원 → 301,650원
H1817 | bet   4,000원 PLAYER | P:K♥ 5♥ A♠=6  B:4♥ K♣=4  PLAYER(W)  | +4,000원 → 305,650원  [end_win]
H1818 | bet   1,000원 BANKER | P:3♥ 4♥=7  B:J♦ 9♥=9  BANKER(W)  | +950원 → 306,600원
H1819 | bet   1,000원 BANKER | P:A♦ 10♥=1  B:3♥ 5♦=8  BANKER(W)  | +950원 → 307,550원
H1820 | bet   1,000원 BANKER | P:6♦ 9♦ Q♣=5  B:5♣ 5♦ 10♦=0  PLAYER(L)  | -1,000원 → 306,550원  [start]
H1821 | bet   2,000원 PLAYER | P:8♥ 2♦ 7♠=7  B:K♠ Q♣ 6♥=6  PLAYER(W)  | +2,000원 → 308,550원  [end_win]
H1822 | bet   1,000원 BANKER | P:J♣ 8♥=8  B:J♣ A♦=1  PLAYER(L)  | -1,000원 → 307,550원  [start]
H1823 | bet   2,000원 PLAYER | P:K♦ 7♥=7  B:8♣ 7♣ 6♥=1  PLAYER(W)  | +2,000원 → 309,550원  [end_win]
H1824 | bet   1,000원 BANKER | P:K♠ 3♥=3  B:4♣ 5♦=9  BANKER(W)  | +950원 → 310,500원
H1825 | bet   1,000원 BANKER | P:Q♣ A♦=1  B:6♣ 2♠=8  BANKER(W)  | +950원 → 311,450원
H1826 | bet   1,000원 BANKER | P:6♠ 10♠=6  B:A♠ Q♦ 4♦=5  PLAYER(L)  | -1,000원 → 310,450원  [start]
H1827 | bet   2,000원 PLAYER | P:4♣ 10♠ J♥=4  B:8♠ 8♣=6  BANKER(L)  | -2,000원 → 308,450원
H1828 | bet   4,000원 PLAYER | P:K♠ J♠ 6♠=6  B:6♣ 7♣ 9♠=2  PLAYER(W)  | +4,000원 → 312,450원  [end_win]
H1829 | bet   1,000원 BANKER | P:9♦ 2♥ Q♥=1  B:3♦ K♥ 5♣=8  BANKER(W)  | +950원 → 313,400원
H1830 | bet   1,000원 BANKER | P:8♥ 9♠=7  B:3♦ K♣ 7♠=0  PLAYER(L)  | -1,000원 → 312,400원  [start]
H1831 | bet   2,000원 PLAYER | P:A♠ 10♦=1  B:9♠ Q♠=9  BANKER(L)  | -2,000원 → 310,400원
H1832 | bet   4,000원 PLAYER | P:10♦ K♣ 3♦=3  B:5♣ 2♠=7  BANKER(L)  | -4,000원 → 306,400원
H1833 | bet   8,000원 PLAYER | P:J♦ K♣ K♥=0  B:3♣ 4♦=7  BANKER(L)  | -8,000원 → 298,400원
H1834 | bet  16,000원 PLAYER | P:A♣ Q♠ 10♣=1  B:9♦ 5♣=4  BANKER(L)  | -16,000원 → 282,400원
H1835 | bet  32,000원 PLAYER | P:5♥ 4♠=9  B:A♦ Q♥=1  PLAYER(W)  | +32,000원 → 314,400원  [end_win]
H1836 | bet   1,000원 BANKER | P:3♠ 7♣ 6♦=6  B:A♣ 10♥ 8♠=9  BANKER(W)  | +950원 → 315,350원
H1837 | bet   1,000원 BANKER | P:J♦ 5♦ K♠=5  B:3♦ 2♥=5  TIE(T)  |     0원 → 315,350원
H1838 | bet   1,000원 BANKER | P:J♦ 3♣ 6♠=9  B:7♦ K♠=7  PLAYER(L)  | -1,000원 → 314,350원  [start]
H1839 | bet   2,000원 PLAYER | P:A♠ 4♥ A♦=6  B:7♠ Q♥=7  BANKER(L)  | -2,000원 → 312,350원
H1840 | bet   4,000원 PLAYER | P:9♠ 6♦ 2♥=7  B:10♣ 2♦ 3♦=5  PLAYER(W)  | +4,000원 → 316,350원  [end_win]
H1841 | bet   1,000원 BANKER | P:2♠ 10♥ K♦=2  B:10♥ 10♠ 6♦=6  BANKER(W)  | +950원 → 317,300원
H1842 | bet   1,000원 BANKER | P:A♥ 5♠=6  B:5♠ 4♦=9  BANKER(W)  | +950원 → 318,250원
H1843 | bet   1,000원 BANKER | P:K♠ K♠=0  B:5♠ 4♣=9  BANKER(W)  | +950원 → 319,200원
H1844 | bet   1,000원 BANKER | P:5♠ 7♠ 6♦=8  B:7♣ 5♣ Q♦=2  PLAYER(L)  | -1,000원 → 318,200원  [start]
H1845 | bet   2,000원 PLAYER | P:4♠ 10♦ A♥=5  B:5♦ A♥=6  BANKER(L)  | -2,000원 → 316,200원
H1846 | bet   4,000원 PLAYER | P:6♣ 2♣=8  B:J♣ 4♥=4  PLAYER(W)  | +4,000원 → 320,200원  [end_win]
H1847 | bet   1,000원 BANKER | P:4♥ Q♠=4  B:Q♦ 9♠=9  BANKER(W)  | +950원 → 321,150원
H1848 | bet   1,000원 BANKER | P:9♦ 2♠ 8♣=9  B:Q♦ 7♠=7  PLAYER(L)  | -1,000원 → 320,150원  [start]
H1849 | bet   2,000원 PLAYER | P:J♠ K♥ A♠=1  B:10♦ K♣ 7♦=7  BANKER(L)  | -2,000원 → 318,150원
H1850 | bet   4,000원 PLAYER | P:A♣ J♦=1  B:9♥ 10♥=9  BANKER(L)  | -4,000원 → 314,150원
H1851 | bet   8,000원 PLAYER | P:6♠ 4♣ Q♥=0  B:K♣ K♦ A♠=1  BANKER(L)  | -8,000원 → 306,150원
H1852 | bet  16,000원 PLAYER | P:6♣ 9♣ J♠=5  B:7♥ 4♠ J♥=1  PLAYER(W)  | +16,000원 → 322,150원  [end_win]
H1853 | bet   1,000원 BANKER | P:3♠ 2♥ 7♣=2  B:Q♠ K♥ K♦=0  PLAYER(L)  | -1,000원 → 321,150원  [start]
H1854 | bet   2,000원 PLAYER | P:3♣ A♥=4  B:7♣ 2♣=9  BANKER(L)  | -2,000원 → 319,150원
H1855 | bet   4,000원 PLAYER | P:Q♠ 9♦=9  B:3♠ 6♦=9  TIE(T)  |     0원 → 319,150원
H1856 | bet   4,000원 PLAYER | P:10♠ 6♠=6  B:5♠ K♦ 4♦=9  BANKER(L)  | -4,000원 → 315,150원
H1857 | bet   8,000원 PLAYER | P:A♥ 8♦=9  B:A♠ 3♥=4  PLAYER(W)  | +8,000원 → 323,150원  [end_win]
H1858 | bet   1,000원 BANKER | P:4♣ A♥ 5♦=0  B:2♣ 8♥ 10♣=0  TIE(T)  |     0원 → 323,150원
H1859 | bet   1,000원 BANKER | P:Q♥ 3♣ 9♣=2  B:10♠ K♦ 4♣=4  BANKER(W)  | +950원 → 324,100원
H1860 | bet   1,000원 BANKER | P:8♦ 8♠=6  B:K♣ 5♥ 10♣=5  PLAYER(L)  | -1,000원 → 323,100원  [start]
H1861 | bet   2,000원 PLAYER | P:9♣ 6♦ A♣=6  B:3♠ 7♠ 6♦=6  TIE(T)  |     0원 → 323,100원
H1862 | bet   2,000원 PLAYER | P:3♥ J♣ 5♣=8  B:10♣ 10♣ 7♦=7  PLAYER(W)  | +2,000원 → 325,100원  [end_win]
H1863 | bet   1,000원 BANKER | P:2♦ 2♣=4  B:9♠ 10♦=9  BANKER(W)  | +950원 → 326,050원
H1864 | bet   1,000원 BANKER | P:4♠ 10♠ 4♠=8  B:2♦ J♣ K♣=2  PLAYER(L)  | -1,000원 → 325,050원  [start]
H1865 | bet   2,000원 PLAYER | P:9♦ A♣=0  B:2♦ 6♥=8  BANKER(L)  | -2,000원 → 323,050원
H1866 | bet   4,000원 PLAYER | P:Q♦ A♦ Q♦=1  B:7♥ 3♥ 7♥=7  BANKER(L)  | -4,000원 → 319,050원
H1867 | bet   8,000원 PLAYER | P:Q♠ 8♣=8  B:10♠ 5♥=5  PLAYER(W)  | +8,000원 → 327,050원  [end_win]
H1868 | bet   1,000원 BANKER | P:4♠ 3♠=7  B:2♣ J♦ A♣=3  PLAYER(L)  | -1,000원 → 326,050원  [start]
H1869 | bet   2,000원 PLAYER | P:J♠ 10♥ J♥=0  B:9♥ 6♥=5  BANKER(L)  | -2,000원 → 324,050원
H1870 | bet   4,000원 PLAYER | P:J♠ J♠ 9♣=9  B:J♥ Q♣ 6♠=6  PLAYER(W)  | +4,000원 → 328,050원  [end_win]
H1871 | bet   1,000원 BANKER | P:3♥ J♣ 2♥=5  B:4♦ J♣ 5♥=9  BANKER(W)  | +950원 → 329,000원
H1872 | bet   1,000원 BANKER | P:10♥ 7♦=7  B:3♠ Q♥ 2♠=5  PLAYER(L)  | -1,000원 → 328,000원  [start]
H1873 | bet   2,000원 PLAYER | P:J♥ 9♥=9  B:10♠ 9♠=9  TIE(T)  |     0원 → 328,000원
H1874 | bet   2,000원 PLAYER | P:2♥ 6♣=8  B:9♥ Q♦=9  BANKER(L)  | -2,000원 → 326,000원
H1875 | bet   4,000원 PLAYER | P:J♣ 9♣=9  B:K♥ 4♣=4  PLAYER(W)  | +4,000원 → 330,000원  [end_win]
H1876 | bet   1,000원 BANKER | P:3♣ J♦ 3♠=6  B:A♦ 2♠ K♠=3  PLAYER(L)  | -1,000원 → 329,000원  [start]
H1877 | bet   2,000원 PLAYER | P:8♠ 8♠=6  B:8♥ 3♠ 4♦=5  PLAYER(W)  | +2,000원 → 331,000원  [end_win]
H1878 | bet   1,000원 BANKER | P:Q♠ 5♦ K♦=5  B:8♠ 7♦=5  TIE(T)  |     0원 → 331,000원
H1879 | bet   1,000원 BANKER | P:9♣ 7♠=6  B:7♦ 6♥ 3♦=6  TIE(T)  |     0원 → 331,000원
H1880 | bet   1,000원 BANKER | P:9♠ 8♣=7  B:A♥ Q♥ 2♠=3  PLAYER(L)  | -1,000원 → 330,000원  [start]
H1881 | bet   2,000원 PLAYER | P:7♣ 7♠ 3♠=7  B:Q♥ K♣ Q♠=0  PLAYER(W)  | +2,000원 → 332,000원  [end_win]
H1882 | bet   1,000원 BANKER | P:K♠ 6♣=6  B:5♣ Q♠ 7♣=2  PLAYER(L)  | -1,000원 → 331,000원  [start]
H1883 | bet   2,000원 PLAYER | P:2♥ 10♥ Q♣=2  B:7♥ 10♠=7  BANKER(L)  | -2,000원 → 329,000원
H1884 | bet   4,000원 PLAYER | P:3♣ A♥ A♣=5  B:4♣ K♥=4  PLAYER(W)  | +4,000원 → 333,000원  [end_win]
H1885 | bet   1,000원 BANKER | P:7♣ 9♥=6  B:4♠ 6♣ 10♥=0  PLAYER(L)  | -1,000원 → 332,000원  [start]
H1886 | bet   2,000원 PLAYER | P:8♦ 6♦ J♣=4  B:A♦ 3♣=4  TIE(T)  |     0원 → 332,000원
H1887 | bet   2,000원 PLAYER | P:6♣ K♥=6  B:5♥ 8♥ Q♣=3  PLAYER(W)  | +2,000원 → 334,000원  [end_win]
H1888 | bet   1,000원 BANKER | P:5♠ J♥ 5♥=0  B:4♠ 3♣=7  BANKER(W)  | +950원 → 334,950원
H1889 | bet   1,000원 BANKER | P:9♥ 3♦ Q♥=2  B:2♣ J♠ 4♠=6  BANKER(W)  | +950원 → 335,900원
H1890 | bet   1,000원 BANKER | P:J♠ 10♣ 3♠=3  B:8♠ 8♣=6  BANKER(W)  | +950원 → 336,850원
H1891 | bet   1,000원 BANKER | P:K♥ 10♥ Q♦=0  B:9♠ 2♠ 5♥=6  BANKER(W)  | +950원 → 337,800원
H1892 | bet   1,000원 BANKER | P:10♠ K♦ J♦=0  B:10♣ K♠ K♣=0  TIE(T)  |     0원 → 337,800원
H1893 | bet   1,000원 BANKER | P:K♣ 10♣ Q♦=0  B:8♣ 9♣=7  BANKER(W)  | +950원 → 338,750원
H1894 | bet   1,000원 BANKER | P:A♠ 4♠ 9♦=4  B:9♦ 7♣=6  BANKER(W)  | +950원 → 339,700원
H1895 | bet   1,000원 BANKER | P:10♦ 7♠=7  B:K♥ 8♦=8  BANKER(W)  | +950원 → 340,650원
H1896 | bet   1,000원 BANKER | P:Q♥ 6♥=6  B:6♠ J♣=6  TIE(T)  |     0원 → 340,650원
H1897 | bet   1,000원 BANKER | P:5♣ 5♦ A♦=1  B:2♦ J♠ 4♣=6  BANKER(W)  | +950원 → 341,600원
H1898 | bet   1,000원 BANKER | P:8♠ 4♥ 5♣=7  B:2♥ Q♠ A♣=3  PLAYER(L)  | -1,000원 → 340,600원  [start]
H1899 | bet   2,000원 PLAYER | P:Q♣ J♠=0  B:J♦ 8♠=8  BANKER(L)  | -2,000원 → 338,600원
H1900 | bet   4,000원 PLAYER | P:Q♦ 10♦ 5♣=5  B:10♣ 3♦ A♠=4  PLAYER(W)  | +4,000원 → 342,600원  [end_win]
H1901 | bet   1,000원 BANKER | P:9♣ J♥=9  B:8♦ 6♠=4  PLAYER(L)  | -1,000원 → 341,600원  [start]
H1902 | bet   2,000원 PLAYER | P:A♣ 9♣ 9♥=9  B:5♦ 6♣ 8♦=9  TIE(T)  |     0원 → 341,600원
H1903 | bet   2,000원 PLAYER | P:9♦ J♣=9  B:K♠ 10♥=0  PLAYER(W)  | +2,000원 → 343,600원  [end_win]
H1904 | bet   1,000원 BANKER | P:K♣ 7♠=7  B:Q♥ 10♦ 8♦=8  BANKER(W)  | +950원 → 344,550원
H1905 | bet   1,000원 BANKER | P:5♦ 8♥=3  B:7♣ 2♦=9  BANKER(W)  | +950원 → 345,500원
H1906 | bet   1,000원 BANKER | P:7♦ Q♦=7  B:5♥ 6♦ 5♦=6  PLAYER(L)  | -1,000원 → 344,500원  [start]
H1907 | bet   2,000원 PLAYER | P:5♠ 3♦=8  B:9♦ 10♠=9  BANKER(L)  | -2,000원 → 342,500원
H1908 | bet   4,000원 PLAYER | P:9♠ K♦=9  B:A♦ J♥=1  PLAYER(W)  | +4,000원 → 346,500원  [end_win]
H1909 | bet   1,000원 BANKER | P:5♥ K♣ 9♠=4  B:6♦ 7♦ J♠=3  PLAYER(L)  | -1,000원 → 345,500원  [start]
H1910 | bet   2,000원 PLAYER | P:4♦ 9♠ 3♣=6  B:2♣ A♦ 7♣=0  PLAYER(W)  | +2,000원 → 347,500원  [end_win]
H1911 | bet   1,000원 BANKER | P:A♣ 5♣=6  B:6♥ 3♦=9  BANKER(W)  | +950원 → 348,450원
H1912 | bet   1,000원 BANKER | P:K♠ 6♣=6  B:9♣ 10♠=9  BANKER(W)  | +950원 → 349,400원
H1913 | bet   1,000원 BANKER | P:10♥ 6♣=6  B:A♥ Q♣ Q♥=1  PLAYER(L)  | -1,000원 → 348,400원  [start]
H1914 | bet   2,000원 PLAYER | P:7♠ 8♦=5  B:4♠ 5♠=9  BANKER(L)  | -2,000원 → 346,400원
H1915 | bet   4,000원 PLAYER | P:2♥ J♦ A♦=3  B:6♠ 10♣=6  BANKER(L)  | -4,000원 → 342,400원
H1916 | bet   8,000원 PLAYER | P:2♣ 6♠=8  B:6♥ 8♣=4  PLAYER(W)  | +8,000원 → 350,400원  [end_win]
H1917 | bet   1,000원 BANKER | P:A♥ 10♠ 3♣=4  B:3♥ Q♣ 8♥=1  PLAYER(L)  | -1,000원 → 349,400원  [start]
H1918 | bet   2,000원 PLAYER | P:A♥ J♣=1  B:9♦ K♦=9  BANKER(L)  | -2,000원 → 347,400원
H1919 | bet   4,000원 PLAYER | P:3♠ K♥ K♣=3  B:A♠ 6♠=7  BANKER(L)  | -4,000원 → 343,400원
H1920 | bet   8,000원 PLAYER | P:K♦ A♠ 10♣=1  B:Q♣ 2♠ 4♥=6  BANKER(L)  | -8,000원 → 335,400원
H1921 | bet  16,000원 PLAYER | P:K♠ 5♠ 2♠=7  B:2♣ Q♠ K♥=2  PLAYER(W)  | +16,000원 → 351,400원  [end_win]
H1922 | bet   1,000원 BANKER | P:K♣ K♠ J♥=0  B:K♦ 7♥=7  BANKER(W)  | +950원 → 352,350원
H1923 | bet   1,000원 BANKER | P:2♥ 4♥=6  B:J♦ 2♠ 6♦=8  BANKER(W)  | +950원 → 353,300원
H1924 | bet   1,000원 BANKER | P:9♦ 4♦=3  B:7♥ 2♦=9  BANKER(W)  | +950원 → 354,250원
H1925 | bet   1,000원 BANKER | P:J♦ 4♠ 8♥=2  B:5♣ A♠=6  BANKER(W)  | +950원 → 355,200원
H1926 | bet   1,000원 BANKER | P:K♣ 3♥ 4♣=7  B:10♣ 2♠ 5♠=7  TIE(T)  |     0원 → 355,200원
H1927 | bet   1,000원 BANKER | P:A♦ J♥ J♠=1  B:J♣ A♣ 9♠=0  PLAYER(L)  | -1,000원 → 354,200원  [start]
H1928 | bet   2,000원 PLAYER | P:8♣ 8♠=6  B:8♥ Q♦=8  BANKER(L)  | -2,000원 → 352,200원
H1929 | bet   4,000원 PLAYER | P:J♥ 9♥=9  B:Q♣ A♥=1  PLAYER(W)  | +4,000원 → 356,200원  [end_win]
H1930 | bet   1,000원 BANKER | P:3♠ 4♣=7  B:6♦ J♣=6  PLAYER(L)  | -1,000원 → 355,200원  [start]
H1931 | bet   2,000원 PLAYER | P:10♦ 3♠ 9♦=2  B:J♦ 5♦=5  BANKER(L)  | -2,000원 → 353,200원
H1932 | bet   4,000원 PLAYER | P:5♥ 7♥ 4♠=6  B:8♥ 3♥ A♠=2  PLAYER(W)  | +4,000원 → 357,200원  [end_win]
H1933 | bet   1,000원 BANKER | P:A♣ 2♦ 5♠=8  B:5♠ J♦ 4♠=9  BANKER(W)  | +950원 → 358,150원
H1934 | bet   1,000원 BANKER | P:Q♠ 7♦=7  B:A♦ 3♣ 9♥=3  PLAYER(L)  | -1,000원 → 357,150원  [start]
H1935 | bet   2,000원 PLAYER | P:8♠ 3♠=1  B:9♠ Q♥=9  BANKER(L)  | -2,000원 → 355,150원
H1936 | bet   4,000원 PLAYER | P:4♣ 9♣ J♠=3  B:2♣ 5♥=7  BANKER(L)  | -4,000원 → 351,150원
H1937 | bet   8,000원 PLAYER | P:4♣ 5♦=9  B:2♥ 10♣=2  PLAYER(W)  | +8,000원 → 359,150원  [end_win]
H1938 | bet   1,000원 BANKER | P:6♦ 2♠=8  B:3♥ 2♦=5  PLAYER(L)  | -1,000원 → 358,150원  [start]
H1939 | bet   2,000원 PLAYER | P:A♠ 10♥ 6♥=7  B:9♣ 5♣ 9♥=3  PLAYER(W)  | +2,000원 → 360,150원  [end_win]
H1940 | bet   1,000원 BANKER | P:8♣ 6♥ J♦=4  B:3♥ A♥=4  TIE(T)  |     0원 → 360,150원
H1941 | bet   1,000원 BANKER | P:J♥ 8♥=8  B:K♠ 3♠=3  PLAYER(L)  | -1,000원 → 359,150원  [start]
H1942 | bet   2,000원 PLAYER | P:6♣ 10♥=6  B:10♦ 4♦ Q♥=4  PLAYER(W)  | +2,000원 → 361,150원  [end_win]
H1943 | bet   1,000원 BANKER | P:7♥ 8♠ 5♦=0  B:10♦ 6♠=6  BANKER(W)  | +950원 → 362,100원
H1944 | bet   1,000원 BANKER | P:6♦ 7♦ 3♠=6  B:7♦ 9♣=6  TIE(T)  |     0원 → 362,100원
H1945 | bet   1,000원 BANKER | P:J♣ 9♠=9  B:Q♠ 4♥=4  PLAYER(L)  | -1,000원 → 361,100원  [start]
H1946 | bet   2,000원 PLAYER | P:10♠ 7♣=7  B:K♠ 7♦=7  TIE(T)  |     0원 → 361,100원
H1947 | bet   2,000원 PLAYER | P:6♠ Q♦=6  B:K♥ 8♣=8  BANKER(L)  | -2,000원 → 359,100원
H1948 | bet   4,000원 PLAYER | P:2♥ J♣ 4♦=6  B:6♠ 6♥ 5♠=7  BANKER(L)  | -4,000원 → 355,100원
H1949 | bet   8,000원 PLAYER | P:A♠ 2♦ 4♥=7  B:3♥ 7♣ 4♦=4  PLAYER(W)  | +8,000원 → 363,100원  [end_win]
H1950 | bet   1,000원 BANKER | P:9♥ A♣ Q♣=0  B:8♥ 4♥ 5♥=7  BANKER(W)  | +950원 → 364,050원
H1951 | bet   1,000원 BANKER | P:2♠ 2♦ K♥=4  B:5♣ Q♦=5  BANKER(W)  | +950원 → 365,000원
H1952 | bet   1,000원 BANKER | P:3♥ 2♣ J♥=5  B:8♦ 2♣ 4♥=4  PLAYER(L)  | -1,000원 → 364,000원  [start]
H1953 | bet   2,000원 PLAYER | P:2♦ 8♠ 10♠=0  B:7♠ Q♦=7  BANKER(L)  | -2,000원 → 362,000원
H1954 | bet   4,000원 PLAYER | P:3♦ 8♦ 3♦=4  B:7♠ K♦=7  BANKER(L)  | -4,000원 → 358,000원
H1955 | bet   8,000원 PLAYER | P:3♥ 4♥=7  B:4♦ 10♠ K♦=4  PLAYER(W)  | +8,000원 → 366,000원  [end_win]
H1956 | bet   1,000원 BANKER | P:6♥ 4♣ J♠=0  B:7♥ 8♣=5  BANKER(W)  | +950원 → 366,950원
H1957 | bet   1,000원 BANKER | P:4♦ 2♥=6  B:2♣ 7♥=9  BANKER(W)  | +950원 → 367,900원
H1958 | bet   1,000원 BANKER | P:9♦ 3♦ 3♣=5  B:7♠ Q♠=7  BANKER(W)  | +950원 → 368,850원
H1959 | bet   1,000원 BANKER | P:8♦ 3♦ J♦=1  B:J♠ 7♥=7  BANKER(W)  | +950원 → 369,800원
H1960 | bet   1,000원 BANKER | P:6♣ 9♣ 9♠=4  B:10♣ 6♦=6  BANKER(W)  | +950원 → 370,750원
H1961 | bet   1,000원 BANKER | P:5♥ 9♥ 5♣=9  B:Q♠ Q♦ 7♣=7  PLAYER(L)  | -1,000원 → 369,750원  [start]
H1962 | bet   2,000원 PLAYER | P:10♣ 8♥=8  B:J♥ 2♠=2  PLAYER(W)  | +2,000원 → 371,750원  [end_win]
H1963 | bet   1,000원 BANKER | P:9♦ 4♠ 9♣=2  B:7♦ 5♦ 4♦=6  BANKER(W)  | +950원 → 372,700원
H1964 | bet   1,000원 BANKER | P:2♦ 4♦=6  B:Q♦ J♥ 10♠=0  PLAYER(L)  | -1,000원 → 371,700원  [start]
H1965 | bet   2,000원 PLAYER | P:9♣ K♣=9  B:6♥ 8♦=4  PLAYER(W)  | +2,000원 → 373,700원  [end_win]
H1966 | bet   1,000원 BANKER | P:J♦ 6♠=6  B:J♦ 2♠ K♦=2  PLAYER(L)  | -1,000원 → 372,700원  [start]
H1967 | bet   2,000원 PLAYER | P:5♥ 8♦ 2♣=5  B:3♦ J♠ 2♥=5  TIE(T)  |     0원 → 372,700원
H1968 | bet   2,000원 PLAYER | P:J♦ K♦ Q♦=0  B:J♥ 4♦=4  BANKER(L)  | -2,000원 → 370,700원
H1969 | bet   4,000원 PLAYER | P:9♦ 2♥=1  B:Q♣ 9♥=9  BANKER(L)  | -4,000원 → 366,700원
H1970 | bet   8,000원 PLAYER | P:4♣ 6♦ 3♠=3  B:Q♥ 3♣ Q♥=3  TIE(T)  |     0원 → 366,700원
H1971 | bet   8,000원 PLAYER | P:A♦ 8♠=9  B:J♠ 3♣=3  PLAYER(W)  | +8,000원 → 374,700원  [end_win]
H1972 | bet   1,000원 BANKER | P:9♠ 7♦=6  B:6♥ 9♥ 2♦=7  BANKER(W)  | +950원 → 375,650원
H1973 | bet   1,000원 BANKER | P:K♠ K♣ 2♦=2  B:3♣ K♥ 3♥=6  BANKER(W)  | +950원 → 376,600원
H1974 | bet   1,000원 BANKER | P:K♦ 5♠ 6♣=1  B:8♣ 8♠ 10♥=6  BANKER(W)  | +950원 → 377,550원
H1975 | bet   1,000원 BANKER | P:Q♣ 6♥=6  B:9♥ K♥=9  BANKER(W)  | +950원 → 378,500원
H1976 | bet   1,000원 BANKER | P:K♥ A♠ J♠=1  B:J♦ Q♦ 6♦=6  BANKER(W)  | +950원 → 379,450원
H1977 | bet   1,000원 BANKER | P:K♠ 8♥=8  B:2♦ J♣=2  PLAYER(L)  | -1,000원 → 378,450원  [start]
H1978 | bet   2,000원 PLAYER | P:5♦ J♦ 8♦=3  B:3♠ 10♦=3  TIE(T)  |     0원 → 378,450원
H1979 | bet   2,000원 PLAYER | P:A♥ 7♦=8  B:7♠ 3♠=0  PLAYER(W)  | +2,000원 → 380,450원  [end_win]
H1980 | bet   1,000원 BANKER | P:7♣ 2♣=9  B:Q♥ 2♣=2  PLAYER(L)  | -1,000원 → 379,450원  [start]
H1981 | bet   2,000원 PLAYER | P:Q♣ 10♠ 2♦=2  B:3♠ A♣ 9♣=3  BANKER(L)  | -2,000원 → 377,450원
H1982 | bet   4,000원 PLAYER | P:J♥ 6♥=6  B:6♥ Q♠=6  TIE(T)  |     0원 → 377,450원
H1983 | bet   4,000원 PLAYER | P:5♥ 10♣ 2♠=7  B:K♣ A♠ K♣=1  PLAYER(W)  | +4,000원 → 381,450원  [end_win]
H1984 | bet   1,000원 BANKER | P:A♥ 10♠ J♣=1  B:5♥ K♥=5  BANKER(W)  | +950원 → 382,400원
H1985 | bet   1,000원 BANKER | P:K♦ 3♣ 7♣=0  B:A♦ 10♠ J♠=1  BANKER(W)  | +950원 → 383,350원
H1986 | bet   1,000원 BANKER | P:K♥ K♠ 10♦=0  B:K♠ 5♥=5  BANKER(W)  | +950원 → 384,300원
H1987 | bet   1,000원 BANKER | P:5♠ 3♣=8  B:4♣ 2♣=6  PLAYER(L)  | -1,000원 → 383,300원  [start]
H1988 | bet   2,000원 PLAYER | P:4♣ 9♥=3  B:3♦ 5♣=8  BANKER(L)  | -2,000원 → 381,300원
H1989 | bet   4,000원 PLAYER | P:A♥ 6♠=7  B:6♦ 3♣=9  BANKER(L)  | -4,000원 → 377,300원
H1990 | bet   8,000원 PLAYER | P:4♥ 6♠=0  B:Q♦ 8♣=8  BANKER(L)  | -8,000원 → 369,300원
H1991 | bet  16,000원 PLAYER | P:6♠ 9♣ 9♠=4  B:8♣ 4♦ A♠=3  PLAYER(W)  | +16,000원 → 385,300원  [end_win]
H1992 | bet   1,000원 BANKER | P:K♣ 9♠=9  B:3♠ 9♦=2  PLAYER(L)  | -1,000원 → 384,300원  [start]
H1993 | bet   2,000원 PLAYER | P:Q♦ 8♥=8  B:8♦ 5♠=3  PLAYER(W)  | +2,000원 → 386,300원  [end_win]
H1994 | bet   1,000원 BANKER | P:10♠ 3♦ 7♦=0  B:J♠ 3♥ 8♠=1  BANKER(W)  | +950원 → 387,250원
H1995 | bet   1,000원 BANKER | P:4♠ 7♠ 3♥=4  B:9♥ 4♠ 10♦=3  PLAYER(L)  | -1,000원 → 386,250원  [start]
H1996 | bet   2,000원 PLAYER | P:4♠ 5♦=9  B:J♣ 2♠=2  PLAYER(W)  | +2,000원 → 388,250원  [end_win]
H1997 | bet   1,000원 BANKER | P:5♦ 10♣ 3♣=8  B:8♠ 2♠ Q♣=0  PLAYER(L)  | -1,000원 → 387,250원  [start]
H1998 | bet   2,000원 PLAYER | P:5♣ 7♣ 2♠=4  B:2♠ Q♣ A♠=3  PLAYER(W)  | +2,000원 → 389,250원  [end_win]
H1999 | bet   1,000원 BANKER | P:6♣ Q♠=6  B:6♣ J♥=6  TIE(T)  |     0원 → 389,250원
H2000 | bet   1,000원 BANKER | P:2♥ 5♦=7  B:Q♠ 7♦=7  TIE(T)  |     0원 → 389,250원
H2001 | bet   1,000원 BANKER | P:Q♠ 10♦ K♦=0  B:7♥ 7♠=4  BANKER(W)  | +950원 → 390,200원
H2002 | bet   1,000원 BANKER | P:8♠ 6♦ 10♥=4  B:Q♠ 7♥=7  BANKER(W)  | +950원 → 391,150원
H2003 | bet   1,000원 BANKER | P:3♥ 8♦=1  B:8♣ K♦=8  BANKER(W)  | +950원 → 392,100원
H2004 | bet   1,000원 BANKER | P:5♣ 7♠ 9♠=1  B:6♥ 4♣ 8♥=8  BANKER(W)  | +950원 → 393,050원
H2005 | bet   1,000원 BANKER | P:5♦ 6♣ A♣=2  B:A♠ A♥ 10♥=2  TIE(T)  |     0원 → 393,050원
H2006 | bet   1,000원 BANKER | P:10♣ 5♣ 4♥=9  B:2♦ 4♦=6  PLAYER(L)  | -1,000원 → 392,050원  [start]
H2007 | bet   2,000원 PLAYER | P:8♥ A♦=9  B:9♦ Q♣=9  TIE(T)  |     0원 → 392,050원
H2008 | bet   2,000원 PLAYER | P:4♠ 7♥ 7♠=8  B:7♣ 3♥ K♦=0  PLAYER(W)  | +2,000원 → 394,050원  [end_win]
H2009 | bet   1,000원 BANKER | P:3♦ 10♠ 5♦=8  B:10♥ 4♦ 4♣=8  TIE(T)  |     0원 → 394,050원
H2010 | bet   1,000원 BANKER | P:10♦ 6♦=6  B:Q♥ 3♠ 2♣=5  PLAYER(L)  | -1,000원 → 393,050원  [start]
H2011 | bet   2,000원 PLAYER | P:K♥ 7♥=7  B:3♥ 2♦ J♣=5  PLAYER(W)  | +2,000원 → 395,050원  [end_win]
H2012 | bet   1,000원 BANKER | P:K♠ J♠=0  B:Q♥ 8♥=8  BANKER(W)  | +950원 → 396,000원
H2013 | bet   1,000원 BANKER | P:10♠ 9♣=9  B:2♥ 5♠=7  PLAYER(L)  | -1,000원 → 395,000원  [start]
H2014 | bet   2,000원 PLAYER | P:K♠ J♥ 5♣=5  B:2♦ K♠ 10♣=2  PLAYER(W)  | +2,000원 → 397,000원  [end_win]
H2015 | bet   1,000원 BANKER | P:4♥ K♥ 10♣=4  B:Q♥ Q♥ A♥=1  PLAYER(L)  | -1,000원 → 396,000원  [start]
H2016 | bet   2,000원 PLAYER | P:K♣ 10♦ 10♥=0  B:4♠ 7♠ 4♣=5  BANKER(L)  | -2,000원 → 394,000원
H2017 | bet   4,000원 PLAYER | P:4♦ 7♥ 9♦=0  B:8♠ 9♦=7  BANKER(L)  | -4,000원 → 390,000원
H2018 | bet   8,000원 PLAYER | P:K♣ 5♠ 8♥=3  B:2♥ J♣ 4♥=6  BANKER(L)  | -8,000원 → 382,000원
H2019 | bet  16,000원 PLAYER | P:5♠ 3♠=8  B:3♥ 6♣=9  BANKER(L)  | -16,000원 → 366,000원
H2020 | bet  32,000원 PLAYER | P:Q♦ 5♣ 6♠=1  B:5♠ 7♠ 10♠=2  BANKER(L)  | -32,000원 → 334,000원  [end_giveup]
H2021 | bet   1,000원 BANKER | P:10♦ 9♣=9  B:A♦ 4♣=5  PLAYER(L)  | -1,000원 → 333,000원  [start]
H2022 | bet   2,000원 PLAYER | P:5♠ 2♥=7  B:9♦ 2♣ 8♥=9  BANKER(L)  | -2,000원 → 331,000원
H2023 | bet   4,000원 PLAYER | P:4♠ 7♣ 5♥=6  B:K♣ A♥ 6♣=7  BANKER(L)  | -4,000원 → 327,000원
H2024 | bet   8,000원 PLAYER | P:7♥ A♥=8  B:Q♣ A♠=1  PLAYER(W)  | +8,000원 → 335,000원  [end_win]
H2025 | bet   1,000원 BANKER | P:A♦ 6♥=7  B:9♥ 2♣ 6♠=7  TIE(T)  |     0원 → 335,000원
H2026 | bet   1,000원 BANKER | P:J♣ 10♥=0  B:Q♠ 9♥=9  BANKER(W)  | +950원 → 335,950원
H2027 | bet   1,000원 BANKER | P:3♦ 9♠ 2♣=4  B:3♦ 8♠ A♠=2  PLAYER(L)  | -1,000원 → 334,950원  [start]
H2028 | bet   2,000원 PLAYER | P:7♠ 9♦=6  B:10♥ J♦ 3♠=3  PLAYER(W)  | +2,000원 → 336,950원  [end_win]
H2029 | bet   1,000원 BANKER | P:8♦ A♣=9  B:3♦ 10♦=3  PLAYER(L)  | -1,000원 → 335,950원  [start]
H2030 | bet   2,000원 PLAYER | P:4♥ 8♣ 8♣=0  B:10♥ 6♦=6  BANKER(L)  | -2,000원 → 333,950원
H2031 | bet   4,000원 PLAYER | P:6♠ Q♣=6  B:3♣ 8♣ A♣=2  PLAYER(W)  | +4,000원 → 337,950원  [end_win]
H2032 | bet   1,000원 BANKER | P:J♠ J♣ 6♣=6  B:A♦ A♦ 2♠=4  PLAYER(L)  | -1,000원 → 336,950원  [start]
H2033 | bet   2,000원 PLAYER | P:5♦ Q♠=5  B:7♦ 2♥=9  BANKER(L)  | -2,000원 → 334,950원
H2034 | bet   4,000원 PLAYER | P:5♣ 2♥=7  B:9♠ A♣ 4♥=4  PLAYER(W)  | +4,000원 → 338,950원  [end_win]
H2035 | bet   1,000원 BANKER | P:7♦ 4♥ 4♥=5  B:3♥ K♥ 8♦=1  PLAYER(L)  | -1,000원 → 337,950원  [start]
H2036 | bet   2,000원 PLAYER | P:5♥ J♥ 4♦=9  B:Q♥ 7♥=7  PLAYER(W)  | +2,000원 → 339,950원  [end_win]
H2037 | bet   1,000원 BANKER | P:10♣ A♣ 4♠=5  B:4♣ 9♣ J♦=3  PLAYER(L)  | -1,000원 → 338,950원  [start]
H2038 | bet   2,000원 PLAYER | P:A♣ 9♠ 6♦=6  B:J♣ Q♦ 7♦=7  BANKER(L)  | -2,000원 → 336,950원
H2039 | bet   4,000원 PLAYER | P:4♠ 6♠ K♠=0  B:Q♦ 2♣ Q♠=2  BANKER(L)  | -4,000원 → 332,950원
H2040 | bet   8,000원 PLAYER | P:Q♥ 8♣=8  B:6♥ 7♥=3  PLAYER(W)  | +8,000원 → 340,950원  [end_win]
H2041 | bet   1,000원 BANKER | P:9♠ 10♥=9  B:J♥ 8♥=8  PLAYER(L)  | -1,000원 → 339,950원  [start]
H2042 | bet   2,000원 PLAYER | P:K♥ J♣ J♣=0  B:J♥ 7♠=7  BANKER(L)  | -2,000원 → 337,950원
H2043 | bet   4,000원 PLAYER | P:2♠ 3♥=5  B:9♣ 9♣=8  BANKER(L)  | -4,000원 → 333,950원
H2044 | bet   8,000원 PLAYER | P:8♦ 9♥=7  B:6♦ 3♦=9  BANKER(L)  | -8,000원 → 325,950원
H2045 | bet  16,000원 PLAYER | P:Q♣ J♠ 10♣=0  B:Q♦ J♦ 8♠=8  BANKER(L)  | -16,000원 → 309,950원
H2046 | bet  32,000원 PLAYER | P:2♠ 10♠ Q♣=2  B:A♦ Q♠ 7♣=8  BANKER(L)  | -32,000원 → 277,950원  [end_giveup]
H2047 | bet   1,000원 BANKER | P:5♠ J♠ J♣=5  B:Q♠ A♠ 10♦=1  PLAYER(L)  | -1,000원 → 276,950원  [start]
H2048 | bet   2,000원 PLAYER | P:9♥ 10♠=9  B:8♦ 9♥=7  PLAYER(W)  | +2,000원 → 278,950원  [end_win]
H2049 | bet   1,000원 BANKER | P:4♥ 8♥ Q♥=2  B:6♠ K♦=6  BANKER(W)  | +950원 → 279,900원
H2050 | bet   1,000원 BANKER | P:A♥ 2♦ K♦=3  B:4♠ K♦=4  BANKER(W)  | +950원 → 280,850원
H2051 | bet   1,000원 BANKER | P:A♣ 3♣ 3♠=7  B:Q♦ 10♣ 2♥=2  PLAYER(L)  | -1,000원 → 279,850원  [start]
H2052 | bet   2,000원 PLAYER | P:K♥ 10♣ 8♦=8  B:Q♥ 4♠=4  PLAYER(W)  | +2,000원 → 281,850원  [end_win]
H2053 | bet   1,000원 BANKER | P:J♥ Q♠ 9♦=9  B:8♥ 8♥=6  PLAYER(L)  | -1,000원 → 280,850원  [start]
H2054 | bet   2,000원 PLAYER | P:K♥ Q♥ 2♥=2  B:2♦ A♦ 8♦=1  PLAYER(W)  | +2,000원 → 282,850원  [end_win]
H2055 | bet   1,000원 BANKER | P:J♦ A♠ 6♥=7  B:5♦ 9♥ 10♦=4  PLAYER(L)  | -1,000원 → 281,850원  [start]
H2056 | bet   2,000원 PLAYER | P:9♠ J♦=9  B:A♦ 2♦=3  PLAYER(W)  | +2,000원 → 283,850원  [end_win]
H2057 | bet   1,000원 BANKER | P:J♦ 2♥=2  B:6♠ 2♠=8  BANKER(W)  | +950원 → 284,800원
H2058 | bet   1,000원 BANKER | P:Q♣ 3♣ 9♥=2  B:J♠ 5♣=5  BANKER(W)  | +950원 → 285,750원
H2059 | bet   1,000원 BANKER | P:8♣ 7♠ 2♣=7  B:9♣ 6♦=5  PLAYER(L)  | -1,000원 → 284,750원  [start]
H2060 | bet   2,000원 PLAYER | P:5♦ 10♥ 10♠=5  B:K♦ 4♣=4  PLAYER(W)  | +2,000원 → 286,750원  [end_win]
H2061 | bet   1,000원 BANKER | P:K♥ K♦ 9♠=9  B:6♣ 10♣=6  PLAYER(L)  | -1,000원 → 285,750원  [start]
H2062 | bet   2,000원 PLAYER | P:8♣ 4♠ 5♥=7  B:3♥ J♥ 4♥=7  TIE(T)  |     0원 → 285,750원
H2063 | bet   2,000원 PLAYER | P:8♥ 10♠=8  B:K♠ 5♥=5  PLAYER(W)  | +2,000원 → 287,750원  [end_win]
H2064 | bet   1,000원 BANKER | P:A♥ 8♣=9  B:6♠ 10♠=6  PLAYER(L)  | -1,000원 → 286,750원  [start]
H2065 | bet   2,000원 PLAYER | P:5♣ 2♦=7  B:6♥ 5♣ 7♣=8  BANKER(L)  | -2,000원 → 284,750원
H2066 | bet   4,000원 PLAYER | P:3♥ Q♦ 9♠=2  B:2♥ Q♥ J♦=2  TIE(T)  |     0원 → 284,750원
H2067 | bet   4,000원 PLAYER | P:7♥ 10♣=7  B:J♦ 6♣=6  PLAYER(W)  | +4,000원 → 288,750원  [end_win]
H2068 | bet   1,000원 BANKER | P:8♣ 4♣=2  B:9♣ 9♣=8  BANKER(W)  | +950원 → 289,700원
H2069 | bet   1,000원 BANKER | P:3♣ 10♥ K♣=3  B:3♠ A♣=4  BANKER(W)  | +950원 → 290,650원
H2070 | bet   1,000원 BANKER | P:2♠ 5♠=7  B:6♠ K♠=6  PLAYER(L)  | -1,000원 → 289,650원  [start]
H2071 | bet   2,000원 PLAYER | P:K♦ A♠ A♣=2  B:9♦ 8♠=7  BANKER(L)  | -2,000원 → 287,650원
H2072 | bet   4,000원 PLAYER | P:6♣ 7♥ 5♣=8  B:2♠ 2♣ 8♥=2  PLAYER(W)  | +4,000원 → 291,650원  [end_win]
H2073 | bet   1,000원 BANKER | P:K♥ A♦ 8♠=9  B:A♦ J♠ J♠=1  PLAYER(L)  | -1,000원 → 290,650원  [start]
H2074 | bet   2,000원 PLAYER | P:6♣ 3♠=9  B:J♥ 7♣=7  PLAYER(W)  | +2,000원 → 292,650원  [end_win]
H2075 | bet   1,000원 BANKER | P:4♥ A♣ J♣=5  B:K♥ A♥ A♠=2  PLAYER(L)  | -1,000원 → 291,650원  [start]
H2076 | bet   2,000원 PLAYER | P:A♥ 10♠ 4♦=5  B:7♣ 8♦ J♣=5  TIE(T)  |     0원 → 291,650원
H2077 | bet   2,000원 PLAYER | P:4♦ 3♠=7  B:K♣ J♦ 8♠=8  BANKER(L)  | -2,000원 → 289,650원
H2078 | bet   4,000원 PLAYER | P:10♦ 3♥ K♥=3  B:5♣ 6♦ 4♦=5  BANKER(L)  | -4,000원 → 285,650원
H2079 | bet   8,000원 PLAYER | P:A♦ K♦=1  B:9♦ 9♥=8  BANKER(L)  | -8,000원 → 277,650원
H2080 | bet  16,000원 PLAYER | P:5♥ 5♥=0  B:6♣ 2♦=8  BANKER(L)  | -16,000원 → 261,650원
H2081 | bet  32,000원 PLAYER | P:10♥ 5♠ 4♣=9  B:3♠ K♣ 4♥=7  PLAYER(W)  | +32,000원 → 293,650원  [end_win]
H2082 | bet   1,000원 BANKER | P:7♥ 2♦=9  B:J♥ 2♠=2  PLAYER(L)  | -1,000원 → 292,650원  [start]
H2083 | bet   2,000원 PLAYER | P:J♠ 7♠=7  B:8♦ Q♠=8  BANKER(L)  | -2,000원 → 290,650원
H2084 | bet   4,000원 PLAYER | P:K♣ 7♣=7  B:6♦ 3♣=9  BANKER(L)  | -4,000원 → 286,650원
H2085 | bet   8,000원 PLAYER | P:6♥ 6♣ 7♦=9  B:6♥ 7♠ Q♥=3  PLAYER(W)  | +8,000원 → 294,650원  [end_win]
H2086 | bet   1,000원 BANKER | P:9♣ 7♠=6  B:8♣ A♥=9  BANKER(W)  | +950원 → 295,600원
H2087 | bet   1,000원 BANKER | P:5♠ 6♦ 8♠=9  B:6♠ 4♣ 6♥=6  PLAYER(L)  | -1,000원 → 294,600원  [start]
H2088 | bet   2,000원 PLAYER | P:5♠ K♠ Q♦=5  B:K♣ 2♠ Q♣=2  PLAYER(W)  | +2,000원 → 296,600원  [end_win]
H2089 | bet   1,000원 BANKER | P:10♦ 10♥=0  B:8♠ 10♠=8  BANKER(W)  | +950원 → 297,550원
H2090 | bet   1,000원 BANKER | P:2♦ 5♥=7  B:K♣ 7♣=7  TIE(T)  |     0원 → 297,550원
H2091 | bet   1,000원 BANKER | P:2♣ A♠ K♠=3  B:A♥ 9♦ 9♦=9  BANKER(W)  | +950원 → 298,500원
H2092 | bet   1,000원 BANKER | P:J♥ 10♥=0  B:Q♠ 9♦=9  BANKER(W)  | +950원 → 299,450원
H2093 | bet   1,000원 BANKER | P:3♦ 10♥ 2♥=5  B:3♣ Q♦ 7♥=0  PLAYER(L)  | -1,000원 → 298,450원  [start]
H2094 | bet   2,000원 PLAYER | P:J♥ Q♦ 9♠=9  B:J♦ Q♦ 6♥=6  PLAYER(W)  | +2,000원 → 300,450원  [end_win]
H2095 | bet   1,000원 BANKER | P:10♦ 3♣ 8♦=1  B:7♣ 3♥ 7♥=7  BANKER(W)  | +950원 → 301,400원
H2096 | bet   1,000원 BANKER | P:Q♣ 7♦=7  B:3♦ Q♣ 8♥=1  PLAYER(L)  | -1,000원 → 300,400원  [start]
H2097 | bet   2,000원 PLAYER | P:3♠ 2♣=5  B:10♦ 9♥=9  BANKER(L)  | -2,000원 → 298,400원
H2098 | bet   4,000원 PLAYER | P:4♥ 5♠=9  B:5♦ 3♦=8  PLAYER(W)  | +4,000원 → 302,400원  [end_win]
H2099 | bet   1,000원 BANKER | P:K♣ 7♥=7  B:K♦ 2♥ 4♣=6  PLAYER(L)  | -1,000원 → 301,400원  [start]
H2100 | bet   2,000원 PLAYER | P:6♥ Q♣=6  B:10♣ 4♦ K♠=4  PLAYER(W)  | +2,000원 → 303,400원  [end_win]
H2101 | bet   1,000원 BANKER | P:5♦ A♣=6  B:A♠ 7♦=8  BANKER(W)  | +950원 → 304,350원
H2102 | bet   1,000원 BANKER | P:K♠ 2♠=2  B:8♠ A♣=9  BANKER(W)  | +950원 → 305,300원
H2103 | bet   1,000원 BANKER | P:10♣ 4♠ K♠=4  B:6♣ 7♦ 7♦=0  PLAYER(L)  | -1,000원 → 304,300원  [start]
H2104 | bet   2,000원 PLAYER | P:5♠ 6♦ 4♠=5  B:Q♣ 3♣ 3♦=6  BANKER(L)  | -2,000원 → 302,300원
H2105 | bet   4,000원 PLAYER | P:4♥ 9♠=3  B:4♠ 5♥=9  BANKER(L)  | -4,000원 → 298,300원
H2106 | bet   8,000원 PLAYER | P:3♣ 2♥ 7♠=2  B:5♦ 7♦ 3♥=5  BANKER(L)  | -8,000원 → 290,300원
H2107 | bet  16,000원 PLAYER | P:10♦ J♠ 5♥=5  B:9♣ 3♦ 7♣=9  BANKER(L)  | -16,000원 → 274,300원
H2108 | bet  32,000원 PLAYER | P:5♦ 4♦=9  B:2♥ 7♠=9  TIE(T)  |     0원 → 274,300원
H2109 | bet  32,000원 PLAYER | P:4♦ 8♠ A♦=3  B:2♣ 2♣=4  BANKER(L)  | -32,000원 → 242,300원  [end_giveup]
H2110 | bet   1,000원 BANKER | P:8♣ 9♣=7  B:A♣ Q♠ 4♦=5  PLAYER(L)  | -1,000원 → 241,300원  [start]
H2111 | bet   2,000원 PLAYER | P:K♣ Q♥ 7♥=7  B:3♠ J♣ A♦=4  PLAYER(W)  | +2,000원 → 243,300원  [end_win]
H2112 | bet   1,000원 BANKER | P:3♦ 8♥ Q♥=1  B:5♦ 6♦ 4♣=5  BANKER(W)  | +950원 → 244,250원
H2113 | bet   1,000원 BANKER | P:5♥ 6♠=1  B:4♣ 4♦=8  BANKER(W)  | +950원 → 245,200원
H2114 | bet   1,000원 BANKER | P:J♠ 10♥ 5♠=5  B:8♣ 6♠ 7♦=1  PLAYER(L)  | -1,000원 → 244,200원  [start]
H2115 | bet   2,000원 PLAYER | P:4♥ 3♠=7  B:2♣ 10♠ 4♥=6  PLAYER(W)  | +2,000원 → 246,200원  [end_win]
H2116 | bet   1,000원 BANKER | P:2♦ 6♦=8  B:3♦ 5♣=8  TIE(T)  |     0원 → 246,200원
H2117 | bet   1,000원 BANKER | P:9♠ 4♣ 6♣=9  B:10♣ A♥ 9♥=0  PLAYER(L)  | -1,000원 → 245,200원  [start]
H2118 | bet   2,000원 PLAYER | P:7♠ 9♦=6  B:A♠ A♠ 3♥=5  PLAYER(W)  | +2,000원 → 247,200원  [end_win]
H2119 | bet   1,000원 BANKER | P:Q♠ 10♦ A♣=1  B:A♥ K♥ 5♦=6  BANKER(W)  | +950원 → 248,150원
H2120 | bet   1,000원 BANKER | P:K♠ 8♦=8  B:7♦ 5♦=2  PLAYER(L)  | -1,000원 → 247,150원  [start]
H2121 | bet   2,000원 PLAYER | P:J♥ K♠=0  B:9♥ J♣=9  BANKER(L)  | -2,000원 → 245,150원
H2122 | bet   4,000원 PLAYER | P:2♥ 5♥=7  B:6♦ 7♠ 9♣=2  PLAYER(W)  | +4,000원 → 249,150원  [end_win]
H2123 | bet   1,000원 BANKER | P:6♣ A♠=7  B:7♦ K♥=7  TIE(T)  |     0원 → 249,150원
H2124 | bet   1,000원 BANKER | P:8♥ J♣=8  B:Q♣ 5♣=5  PLAYER(L)  | -1,000원 → 248,150원  [start]
H2125 | bet   2,000원 PLAYER | P:J♦ 10♠ J♦=0  B:4♦ A♥=5  BANKER(L)  | -2,000원 → 246,150원
H2126 | bet   4,000원 PLAYER | P:10♥ K♥ Q♥=0  B:Q♦ Q♥ 10♠=0  TIE(T)  |     0원 → 246,150원
H2127 | bet   4,000원 PLAYER | P:A♥ 4♣ J♦=5  B:3♠ A♣=4  PLAYER(W)  | +4,000원 → 250,150원  [end_win]
H2128 | bet   1,000원 BANKER | P:4♦ K♦ A♠=5  B:Q♦ J♠ 9♣=9  BANKER(W)  | +950원 → 251,100원
H2129 | bet   1,000원 BANKER | P:Q♠ 4♥ A♥=5  B:6♥ 9♥=5  TIE(T)  |     0원 → 251,100원
H2130 | bet   1,000원 BANKER | P:2♦ A♥ 6♥=9  B:9♦ 6♦ 3♣=8  PLAYER(L)  | -1,000원 → 250,100원  [start]
H2131 | bet   2,000원 PLAYER | P:6♠ Q♥=6  B:9♥ Q♦=9  BANKER(L)  | -2,000원 → 248,100원
H2132 | bet   4,000원 PLAYER | P:3♦ K♠=3  B:7♣ A♣=8  BANKER(L)  | -4,000원 → 244,100원
H2133 | bet   8,000원 PLAYER | P:6♠ 3♥=9  B:Q♠ 4♥=4  PLAYER(W)  | +8,000원 → 252,100원  [end_win]
H2134 | bet   1,000원 BANKER | P:4♣ 10♣ 6♥=0  B:5♣ K♥ J♦=5  BANKER(W)  | +950원 → 253,050원
H2135 | bet   1,000원 BANKER | P:K♠ 9♣=9  B:4♣ 8♠=2  PLAYER(L)  | -1,000원 → 252,050원  [start]
H2136 | bet   2,000원 PLAYER | P:3♣ 8♦ A♥=2  B:6♠ 10♦=6  BANKER(L)  | -2,000원 → 250,050원
H2137 | bet   4,000원 PLAYER | P:J♦ 9♦=9  B:6♥ 8♥=4  PLAYER(W)  | +4,000원 → 254,050원  [end_win]
H2138 | bet   1,000원 BANKER | P:7♥ J♦=7  B:4♦ K♣ A♠=5  PLAYER(L)  | -1,000원 → 253,050원  [start]
H2139 | bet   2,000원 PLAYER | P:2♦ A♦=3  B:A♣ 8♥=9  BANKER(L)  | -2,000원 → 251,050원
H2140 | bet   4,000원 PLAYER | P:Q♣ 3♣ 9♠=2  B:A♠ 5♥=6  BANKER(L)  | -4,000원 → 247,050원
H2141 | bet   8,000원 PLAYER | P:6♠ K♥=6  B:2♠ 9♠ J♦=1  PLAYER(W)  | +8,000원 → 255,050원  [end_win]
H2142 | bet   1,000원 BANKER | P:8♥ 4♠ 8♦=0  B:7♥ 3♣ 7♠=7  BANKER(W)  | +950원 → 256,000원
H2143 | bet   1,000원 BANKER | P:Q♠ 8♣=8  B:10♥ K♣=0  PLAYER(L)  | -1,000원 → 255,000원  [start]
H2144 | bet   2,000원 PLAYER | P:7♣ K♦=7  B:2♠ 6♣=8  BANKER(L)  | -2,000원 → 253,000원
H2145 | bet   4,000원 PLAYER | P:J♠ 2♣ 9♠=1  B:A♦ 2♥ Q♣=3  BANKER(L)  | -4,000원 → 249,000원
H2146 | bet   8,000원 PLAYER | P:10♦ 10♥ 5♦=5  B:A♥ 3♣ 2♥=6  BANKER(L)  | -8,000원 → 241,000원
H2147 | bet  16,000원 PLAYER | P:10♣ 5♥ 4♥=9  B:7♦ Q♥=7  PLAYER(W)  | +16,000원 → 257,000원  [end_win]
H2148 | bet   1,000원 BANKER | P:J♠ 2♠ 3♥=5  B:9♥ 2♦ 6♦=7  BANKER(W)  | +950원 → 257,950원
H2149 | bet   1,000원 BANKER | P:4♠ A♦=5  B:K♥ 9♥=9  BANKER(W)  | +950원 → 258,900원
H2150 | bet   1,000원 BANKER | P:10♥ 9♥=9  B:7♣ 9♣=6  PLAYER(L)  | -1,000원 → 257,900원  [start]
H2151 | bet   2,000원 PLAYER | P:K♦ 2♣ J♣=2  B:6♥ 8♠=4  BANKER(L)  | -2,000원 → 255,900원
H2152 | bet   4,000원 PLAYER | P:J♥ 4♥ 5♠=9  B:2♣ J♥ J♠=2  PLAYER(W)  | +4,000원 → 259,900원  [end_win]
H2153 | bet   1,000원 BANKER | P:K♦ 9♠=9  B:8♦ 9♦=7  PLAYER(L)  | -1,000원 → 258,900원  [start]
H2154 | bet   2,000원 PLAYER | P:6♠ 10♦=6  B:A♥ 6♣=7  BANKER(L)  | -2,000원 → 256,900원
H2155 | bet   4,000원 PLAYER | P:8♣ 8♣=6  B:6♦ 6♣ 5♣=7  BANKER(L)  | -4,000원 → 252,900원
H2156 | bet   8,000원 PLAYER | P:3♠ 8♣ 2♥=3  B:3♥ 10♠ 3♠=6  BANKER(L)  | -8,000원 → 244,900원
H2157 | bet  16,000원 PLAYER | P:3♥ Q♦ A♣=4  B:3♥ A♣=4  TIE(T)  |     0원 → 244,900원
H2158 | bet  16,000원 PLAYER | P:9♦ Q♠=9  B:A♠ 2♥=3  PLAYER(W)  | +16,000원 → 260,900원  [end_win]
H2159 | bet   1,000원 BANKER | P:Q♦ A♣ 5♠=6  B:5♣ 5♥ 6♦=6  TIE(T)  |     0원 → 260,900원
H2160 | bet   1,000원 BANKER | P:6♣ 2♣=8  B:4♠ 9♦=3  PLAYER(L)  | -1,000원 → 259,900원  [start]
H2161 | bet   2,000원 PLAYER | P:4♦ 4♦=8  B:Q♥ 7♠=7  PLAYER(W)  | +2,000원 → 261,900원  [end_win]
H2162 | bet   1,000원 BANKER | P:2♣ J♠ 4♠=6  B:9♠ 5♦ 5♥=9  BANKER(W)  | +950원 → 262,850원
H2163 | bet   1,000원 BANKER | P:10♥ 10♠ 10♠=0  B:J♠ 2♦ 10♣=2  BANKER(W)  | +950원 → 263,800원
H2164 | bet   1,000원 BANKER | P:J♣ 9♥=9  B:4♠ Q♥=4  PLAYER(L)  | -1,000원 → 262,800원  [start]
H2165 | bet   2,000원 PLAYER | P:10♣ A♦ K♠=1  B:Q♠ 5♥=5  BANKER(L)  | -2,000원 → 260,800원
H2166 | bet   4,000원 PLAYER | P:6♥ J♥=6  B:3♠ 4♣=7  BANKER(L)  | -4,000원 → 256,800원
H2167 | bet   8,000원 PLAYER | P:3♦ 3♥=6  B:8♠ 10♥=8  BANKER(L)  | -8,000원 → 248,800원
H2168 | bet  16,000원 PLAYER | P:3♠ Q♣ 6♦=9  B:7♣ 5♠ 8♠=0  PLAYER(W)  | +16,000원 → 264,800원  [end_win]
H2169 | bet   1,000원 BANKER | P:10♥ 8♦=8  B:7♦ 7♥=4  PLAYER(L)  | -1,000원 → 263,800원  [start]
H2170 | bet   2,000원 PLAYER | P:8♣ 4♠ 7♥=9  B:K♠ A♠ 9♣=0  PLAYER(W)  | +2,000원 → 265,800원  [end_win]
H2171 | bet   1,000원 BANKER | P:A♦ 5♦=6  B:8♥ 10♣=8  BANKER(W)  | +950원 → 266,750원
H2172 | bet   1,000원 BANKER | P:K♣ 7♣=7  B:7♥ 7♣ 5♠=9  BANKER(W)  | +950원 → 267,700원
H2173 | bet   1,000원 BANKER | P:3♣ K♣ A♦=4  B:8♥ 4♣ J♥=2  PLAYER(L)  | -1,000원 → 266,700원  [start]
H2174 | bet   2,000원 PLAYER | P:8♦ K♦=8  B:6♦ 5♠=1  PLAYER(W)  | +2,000원 → 268,700원  [end_win]
H2175 | bet   1,000원 BANKER | P:7♣ K♥=7  B:Q♥ J♥ J♣=0  PLAYER(L)  | -1,000원 → 267,700원  [start]
H2176 | bet   2,000원 PLAYER | P:5♦ 3♥=8  B:J♣ Q♦=0  PLAYER(W)  | +2,000원 → 269,700원  [end_win]
H2177 | bet   1,000원 BANKER | P:10♦ 7♠=7  B:6♣ A♣=7  TIE(T)  |     0원 → 269,700원
H2178 | bet   1,000원 BANKER | P:4♥ 2♦=6  B:K♥ Q♣ 9♠=9  BANKER(W)  | +950원 → 270,650원
H2179 | bet   1,000원 BANKER | P:9♠ 8♣=7  B:7♦ 7♥ K♠=4  PLAYER(L)  | -1,000원 → 269,650원  [start]
H2180 | bet   2,000원 PLAYER | P:3♦ 10♦=3  B:4♦ 5♦=9  BANKER(L)  | -2,000원 → 267,650원
H2181 | bet   4,000원 PLAYER | P:10♦ 3♦ 4♥=7  B:8♥ 4♦ 6♠=8  BANKER(L)  | -4,000원 → 263,650원
H2182 | bet   8,000원 PLAYER | P:3♠ 6♣=9  B:7♠ 5♥=2  PLAYER(W)  | +8,000원 → 271,650원  [end_win]
H2183 | bet   1,000원 BANKER | P:K♠ 4♥=4  B:Q♦ 8♣=8  BANKER(W)  | +950원 → 272,600원
H2184 | bet   1,000원 BANKER | P:5♠ A♦=6  B:8♥ Q♠=8  BANKER(W)  | +950원 → 273,550원
H2185 | bet   1,000원 BANKER | P:5♣ 7♠ 6♦=8  B:5♦ 10♣ Q♦=5  PLAYER(L)  | -1,000원 → 272,550원  [start]
H2186 | bet   2,000원 PLAYER | P:9♣ 2♥ 3♠=4  B:2♠ K♣ 8♣=0  PLAYER(W)  | +2,000원 → 274,550원  [end_win]
H2187 | bet   1,000원 BANKER | P:3♦ K♣ K♣=3  B:8♦ 5♣ 2♦=5  BANKER(W)  | +950원 → 275,500원
H2188 | bet   1,000원 BANKER | P:5♣ 10♠=5  B:7♣ A♠=8  BANKER(W)  | +950원 → 276,450원
H2189 | bet   1,000원 BANKER | P:9♥ 3♦ 9♦=1  B:4♥ 3♣=7  BANKER(W)  | +950원 → 277,400원
H2190 | bet   1,000원 BANKER | P:3♣ J♠ 7♥=0  B:4♦ 7♦ 8♠=9  BANKER(W)  | +950원 → 278,350원
H2191 | bet   1,000원 BANKER | P:A♦ 8♠=9  B:J♦ 6♥=6  PLAYER(L)  | -1,000원 → 277,350원  [start]
H2192 | bet   2,000원 PLAYER | P:10♠ K♥ 6♥=6  B:A♠ 3♠ 6♠=0  PLAYER(W)  | +2,000원 → 279,350원  [end_win]
H2193 | bet   1,000원 BANKER | P:3♥ 2♥ J♠=5  B:9♠ 4♠ 10♠=3  PLAYER(L)  | -1,000원 → 278,350원  [start]
H2194 | bet   2,000원 PLAYER | P:J♣ 8♠=8  B:7♦ 2♠=9  BANKER(L)  | -2,000원 → 276,350원
H2195 | bet   4,000원 PLAYER | P:3♦ 10♦ 7♥=0  B:10♣ 6♠ Q♣=6  BANKER(L)  | -4,000원 → 272,350원
H2196 | bet   8,000원 PLAYER | P:5♣ Q♣ 6♣=1  B:9♦ 3♦ 9♦=1  TIE(T)  |     0원 → 272,350원
H2197 | bet   8,000원 PLAYER | P:10♥ Q♠ 5♠=5  B:Q♥ 2♠ 2♦=4  PLAYER(W)  | +8,000원 → 280,350원  [end_win]
H2198 | bet   1,000원 BANKER | P:J♥ 8♠=8  B:7♠ 4♣=1  PLAYER(L)  | -1,000원 → 279,350원  [start]
H2199 | bet   2,000원 PLAYER | P:2♠ 5♠=7  B:7♦ A♥=8  BANKER(L)  | -2,000원 → 277,350원
H2200 | bet   4,000원 PLAYER | P:J♥ A♣ 8♦=9  B:K♦ 5♥=5  PLAYER(W)  | +4,000원 → 281,350원  [end_win]
H2201 | bet   1,000원 BANKER | P:4♠ Q♠ 4♣=8  B:10♦ 7♠=7  PLAYER(L)  | -1,000원 → 280,350원  [start]
H2202 | bet   2,000원 PLAYER | P:9♣ 5♦ 2♣=6  B:2♣ J♣ 2♥=4  PLAYER(W)  | +2,000원 → 282,350원  [end_win]
H2203 | bet   1,000원 BANKER | P:5♠ 7♦=2  B:7♠ A♣=8  BANKER(W)  | +950원 → 283,300원
H2204 | bet   1,000원 BANKER | P:5♣ 5♠ K♦=0  B:K♣ 10♣ 4♠=4  BANKER(W)  | +950원 → 284,250원
H2205 | bet   1,000원 BANKER | P:4♣ 4♣=8  B:J♦ Q♣=0  PLAYER(L)  | -1,000원 → 283,250원  [start]
H2206 | bet   2,000원 PLAYER | P:7♣ 5♥ 9♠=1  B:5♥ 6♦ K♦=1  TIE(T)  |     0원 → 283,250원
H2207 | bet   2,000원 PLAYER | P:10♣ 5♠=5  B:K♥ 9♣=9  BANKER(L)  | -2,000원 → 281,250원
H2208 | bet   4,000원 PLAYER | P:8♦ 7♣=5  B:Q♠ 8♦=8  BANKER(L)  | -4,000원 → 277,250원
H2209 | bet   8,000원 PLAYER | P:8♦ 5♥ 9♣=2  B:6♦ 4♠ Q♠=0  PLAYER(W)  | +8,000원 → 285,250원  [end_win]
H2210 | bet   1,000원 BANKER | P:10♥ 6♥=6  B:5♠ A♠=6  TIE(T)  |     0원 → 285,250원
H2211 | bet   1,000원 BANKER | P:3♦ K♠ J♥=3  B:2♥ J♠ 5♣=7  BANKER(W)  | +950원 → 286,200원
H2212 | bet   1,000원 BANKER | P:J♣ 3♦ 3♠=6  B:K♥ 7♣=7  BANKER(W)  | +950원 → 287,150원
H2213 | bet   1,000원 BANKER | P:K♣ K♥=0  B:Q♠ 8♠=8  BANKER(W)  | +950원 → 288,100원
H2214 | bet   1,000원 BANKER | P:4♥ 8♥ 9♠=1  B:3♠ 9♥ A♣=3  BANKER(W)  | +950원 → 289,050원
H2215 | bet   1,000원 BANKER | P:10♦ A♦ Q♦=1  B:K♠ 7♣=7  BANKER(W)  | +950원 → 290,000원
H2216 | bet   1,000원 BANKER | P:6♣ 4♥ Q♥=0  B:J♦ 6♠=6  BANKER(W)  | +950원 → 290,950원
H2217 | bet   1,000원 BANKER | P:2♦ 8♦ 4♣=4  B:2♠ A♣ Q♦=3  PLAYER(L)  | -1,000원 → 289,950원  [start]
H2218 | bet   2,000원 PLAYER | P:9♥ 3♠ 7♣=9  B:A♣ J♥ 5♠=6  PLAYER(W)  | +2,000원 → 291,950원  [end_win]
H2219 | bet   1,000원 BANKER | P:10♠ 10♥ 10♠=0  B:7♠ 5♣ 2♣=4  BANKER(W)  | +950원 → 292,900원
H2220 | bet   1,000원 BANKER | P:3♦ 2♦=5  B:Q♥ 9♦=9  BANKER(W)  | +950원 → 293,850원
H2221 | bet   1,000원 BANKER | P:5♥ 9♦ 9♦=3  B:7♠ 10♠=7  BANKER(W)  | +950원 → 294,800원
H2222 | bet   1,000원 BANKER | P:8♥ 9♦=7  B:A♦ 9♥ 8♥=8  BANKER(W)  | +950원 → 295,750원
H2223 | bet   1,000원 BANKER | P:6♣ 2♣=8  B:J♦ J♦=0  PLAYER(L)  | -1,000원 → 294,750원  [start]
H2224 | bet   2,000원 PLAYER | P:4♣ 7♦ 7♠=8  B:5♦ J♣ 3♥=8  TIE(T)  |     0원 → 294,750원
H2225 | bet   2,000원 PLAYER | P:J♥ 2♣=2  B:A♠ 7♥=8  BANKER(L)  | -2,000원 → 292,750원
H2226 | bet   4,000원 PLAYER | P:Q♣ 7♣=7  B:A♥ Q♦ 2♣=3  PLAYER(W)  | +4,000원 → 296,750원  [end_win]
H2227 | bet   1,000원 BANKER | P:K♦ 8♥=8  B:4♥ 2♣=6  PLAYER(L)  | -1,000원 → 295,750원  [start]
H2228 | bet   2,000원 PLAYER | P:7♥ 9♥=6  B:9♠ 5♣ A♥=5  PLAYER(W)  | +2,000원 → 297,750원  [end_win]
H2229 | bet   1,000원 BANKER | P:8♥ K♥=8  B:A♥ K♥=1  PLAYER(L)  | -1,000원 → 296,750원  [start]
H2230 | bet   2,000원 PLAYER | P:K♥ 4♣ 2♦=6  B:3♥ 3♦=6  TIE(T)  |     0원 → 296,750원
H2231 | bet   2,000원 PLAYER | P:4♣ 9♦ Q♦=3  B:8♥ 5♠ K♠=3  TIE(T)  |     0원 → 296,750원
H2232 | bet   2,000원 PLAYER | P:3♠ 6♠=9  B:J♣ 10♥=0  PLAYER(W)  | +2,000원 → 298,750원  [end_win]
H2233 | bet   1,000원 BANKER | P:K♦ J♥ 4♥=4  B:9♣ A♥ K♣=0  PLAYER(L)  | -1,000원 → 297,750원  [start]
H2234 | bet   2,000원 PLAYER | P:Q♥ 2♥ Q♠=2  B:2♠ 9♣ 4♦=5  BANKER(L)  | -2,000원 → 295,750원
H2235 | bet   4,000원 PLAYER | P:J♣ 3♣ 3♥=6  B:10♠ 7♥=7  BANKER(L)  | -4,000원 → 291,750원
H2236 | bet   8,000원 PLAYER | P:6♦ 2♥=8  B:7♣ 6♠=3  PLAYER(W)  | +8,000원 → 299,750원  [end_win]
H2237 | bet   1,000원 BANKER | P:10♦ 3♦ 6♥=9  B:3♠ A♥ 9♠=3  PLAYER(L)  | -1,000원 → 298,750원  [start]
H2238 | bet   2,000원 PLAYER | P:7♥ Q♥=7  B:7♠ 5♦ 8♣=0  PLAYER(W)  | +2,000원 → 300,750원  [end_win]
H2239 | bet   1,000원 BANKER | P:3♣ Q♥ K♠=3  B:6♣ 8♥=4  BANKER(W)  | +950원 → 301,700원
H2240 | bet   1,000원 BANKER | P:2♥ J♥ A♦=3  B:9♠ 4♠ 9♦=2  PLAYER(L)  | -1,000원 → 300,700원  [start]
H2241 | bet   2,000원 PLAYER | P:4♦ A♦ 9♥=4  B:7♥ 9♥=6  BANKER(L)  | -2,000원 → 298,700원
H2242 | bet   4,000원 PLAYER | P:Q♦ 7♦=7  B:7♠ 6♥ 8♦=1  PLAYER(W)  | +4,000원 → 302,700원  [end_win]
H2243 | bet   1,000원 BANKER | P:6♣ 2♥=8  B:2♣ 7♥=9  BANKER(W)  | +950원 → 303,650원
H2244 | bet   1,000원 BANKER | P:9♣ 10♥=9  B:5♥ 7♦=2  PLAYER(L)  | -1,000원 → 302,650원  [start]
H2245 | bet   2,000원 PLAYER | P:2♦ A♥ 8♣=1  B:8♣ 6♣=4  BANKER(L)  | -2,000원 → 300,650원
H2246 | bet   4,000원 PLAYER | P:4♥ Q♣ 4♥=8  B:K♣ 4♦ J♣=4  PLAYER(W)  | +4,000원 → 304,650원  [end_win]
H2247 | bet   1,000원 BANKER | P:K♠ 7♦=7  B:A♦ J♣ A♠=2  PLAYER(L)  | -1,000원 → 303,650원  [start]
H2248 | bet   2,000원 PLAYER | P:J♠ 8♠=8  B:A♦ 9♠=0  PLAYER(W)  | +2,000원 → 305,650원  [end_win]
H2249 | bet   1,000원 BANKER | P:6♣ 10♣=6  B:6♠ Q♣=6  TIE(T)  |     0원 → 305,650원
H2250 | bet   1,000원 BANKER | P:5♦ J♦ 6♦=1  B:2♥ A♠ J♠=3  BANKER(W)  | +950원 → 306,600원
H2251 | bet   1,000원 BANKER | P:J♣ 8♣=8  B:8♠ 7♠=5  PLAYER(L)  | -1,000원 → 305,600원  [start]
H2252 | bet   2,000원 PLAYER | P:5♣ 7♣=2  B:J♠ 8♠=8  BANKER(L)  | -2,000원 → 303,600원
H2253 | bet   4,000원 PLAYER | P:8♣ 9♣=7  B:3♥ 6♠=9  BANKER(L)  | -4,000원 → 299,600원
H2254 | bet   8,000원 PLAYER | P:5♦ 10♦ 6♦=1  B:10♦ Q♣ 3♥=3  BANKER(L)  | -8,000원 → 291,600원
H2255 | bet  16,000원 PLAYER | P:4♠ J♥ 8♦=2  B:3♦ 7♦ 10♣=0  PLAYER(W)  | +16,000원 → 307,600원  [end_win]
H2256 | bet   1,000원 BANKER | P:K♣ 6♥=6  B:10♠ J♦ 3♠=3  PLAYER(L)  | -1,000원 → 306,600원  [start]
H2257 | bet   2,000원 PLAYER | P:6♥ 9♠ 10♦=5  B:A♦ 9♥ Q♠=0  PLAYER(W)  | +2,000원 → 308,600원  [end_win]
H2258 | bet   1,000원 BANKER | P:4♦ A♣ 3♠=8  B:2♥ J♠ 8♠=0  PLAYER(L)  | -1,000원 → 307,600원  [start]
H2259 | bet   2,000원 PLAYER | P:7♦ 2♣=9  B:5♣ 10♣=5  PLAYER(W)  | +2,000원 → 309,600원  [end_win]
H2260 | bet   1,000원 BANKER | P:4♦ 4♥=8  B:7♥ Q♦=7  PLAYER(L)  | -1,000원 → 308,600원  [start]
H2261 | bet   2,000원 PLAYER | P:3♠ 7♠ 9♠=9  B:5♥ 5♦ 3♥=3  PLAYER(W)  | +2,000원 → 310,600원  [end_win]
H2262 | bet   1,000원 BANKER | P:9♦ 4♠ 3♥=6  B:Q♥ 2♦ A♥=3  PLAYER(L)  | -1,000원 → 309,600원  [start]
H2263 | bet   2,000원 PLAYER | P:2♠ J♥ 8♣=0  B:8♠ 8♣=6  BANKER(L)  | -2,000원 → 307,600원
H2264 | bet   4,000원 PLAYER | P:3♣ A♠ 3♦=7  B:4♠ 6♥ 10♥=0  PLAYER(W)  | +4,000원 → 311,600원  [end_win]
H2265 | bet   1,000원 BANKER | P:J♠ 10♠ 6♠=6  B:4♣ 6♦ 3♣=3  PLAYER(L)  | -1,000원 → 310,600원  [start]
H2266 | bet   2,000원 PLAYER | P:10♦ 10♥ 6♦=6  B:10♣ 6♦ 9♣=5  PLAYER(W)  | +2,000원 → 312,600원  [end_win]
H2267 | bet   1,000원 BANKER | P:8♥ 9♣=7  B:5♣ 2♠=7  TIE(T)  |     0원 → 312,600원
H2268 | bet   1,000원 BANKER | P:Q♦ A♠ 6♥=7  B:10♦ 4♠ J♠=4  PLAYER(L)  | -1,000원 → 311,600원  [start]
H2269 | bet   2,000원 PLAYER | P:2♠ Q♣=2  B:K♣ 8♠=8  BANKER(L)  | -2,000원 → 309,600원
H2270 | bet   4,000원 PLAYER | P:10♥ 3♥ 10♥=3  B:A♣ J♠ 6♠=7  BANKER(L)  | -4,000원 → 305,600원
H2271 | bet   8,000원 PLAYER | P:2♠ 7♦=9  B:5♠ 9♥=4  PLAYER(W)  | +8,000원 → 313,600원  [end_win]
H2272 | bet   1,000원 BANKER | P:10♣ A♣=1  B:7♥ A♠=8  BANKER(W)  | +950원 → 314,550원
H2273 | bet   1,000원 BANKER | P:A♦ Q♣ J♦=1  B:2♠ 2♦=4  BANKER(W)  | +950원 → 315,500원
H2274 | bet   1,000원 BANKER | P:8♠ 6♥ 3♦=7  B:2♦ 10♦ Q♥=2  PLAYER(L)  | -1,000원 → 314,500원  [start]
H2275 | bet   2,000원 PLAYER | P:Q♣ Q♠ 9♦=9  B:5♦ Q♥=5  PLAYER(W)  | +2,000원 → 316,500원  [end_win]
H2276 | bet   1,000원 BANKER | P:4♦ J♦ 8♦=2  B:3♣ 8♣ K♥=1  PLAYER(L)  | -1,000원 → 315,500원  [start]
H2277 | bet   2,000원 PLAYER | P:3♣ Q♠ K♥=3  B:2♠ J♥ 3♣=5  BANKER(L)  | -2,000원 → 313,500원
H2278 | bet   4,000원 PLAYER | P:10♣ 5♣ 5♥=0  B:K♦ A♣ 2♥=3  BANKER(L)  | -4,000원 → 309,500원
H2279 | bet   8,000원 PLAYER | P:K♠ 5♦ K♦=5  B:5♦ 10♠=5  TIE(T)  |     0원 → 309,500원
H2280 | bet   8,000원 PLAYER | P:J♣ K♣ 5♥=5  B:A♥ 2♦ 4♦=7  BANKER(L)  | -8,000원 → 301,500원
H2281 | bet  16,000원 PLAYER | P:Q♠ 3♣ 5♠=8  B:8♦ 4♦ K♦=2  PLAYER(W)  | +16,000원 → 317,500원  [end_win]
H2282 | bet   1,000원 BANKER | P:K♣ 3♠ Q♥=3  B:8♠ 5♠ 3♥=6  BANKER(W)  | +950원 → 318,450원
H2283 | bet   1,000원 BANKER | P:8♣ 10♦=8  B:8♠ A♣=9  BANKER(W)  | +950원 → 319,400원
H2284 | bet   1,000원 BANKER | P:8♠ 7♠ J♥=5  B:Q♠ 5♦=5  TIE(T)  |     0원 → 319,400원
H2285 | bet   1,000원 BANKER | P:4♣ 2♣=6  B:9♥ 9♠=8  BANKER(W)  | +950원 → 320,350원
H2286 | bet   1,000원 BANKER | P:10♦ 2♣ 3♣=5  B:3♦ 8♥ 2♠=3  PLAYER(L)  | -1,000원 → 319,350원  [start]
H2287 | bet   2,000원 PLAYER | P:A♦ A♥ 2♠=4  B:3♦ Q♣ 10♦=3  PLAYER(W)  | +2,000원 → 321,350원  [end_win]
H2288 | bet   1,000원 BANKER | P:8♦ 6♣ 9♠=3  B:Q♦ 7♠=7  BANKER(W)  | +950원 → 322,300원
H2289 | bet   1,000원 BANKER | P:6♦ 3♦=9  B:J♥ K♣=0  PLAYER(L)  | -1,000원 → 321,300원  [start]
H2290 | bet   2,000원 PLAYER | P:10♣ Q♣ 5♥=5  B:A♥ 6♣=7  BANKER(L)  | -2,000원 → 319,300원
H2291 | bet   4,000원 PLAYER | P:Q♠ 6♦=6  B:Q♠ 8♣=8  BANKER(L)  | -4,000원 → 315,300원
H2292 | bet   8,000원 PLAYER | P:8♣ 2♥ 2♥=2  B:5♦ A♣=6  BANKER(L)  | -8,000원 → 307,300원
H2293 | bet  16,000원 PLAYER | P:7♣ 7♥ Q♠=4  B:K♦ 4♣=4  TIE(T)  |     0원 → 307,300원
H2294 | bet  16,000원 PLAYER | P:4♣ 4♦=8  B:9♠ 8♦=7  PLAYER(W)  | +16,000원 → 323,300원  [end_win]
H2295 | bet   1,000원 BANKER | P:J♠ 2♠ 2♦=4  B:3♠ 2♥=5  BANKER(W)  | +950원 → 324,250원
H2296 | bet   1,000원 BANKER | P:3♣ K♥ Q♣=3  B:K♣ 7♦=7  BANKER(W)  | +950원 → 325,200원
H2297 | bet   1,000원 BANKER | P:Q♦ A♥ 10♣=1  B:10♥ A♠ 4♠=5  BANKER(W)  | +950원 → 326,150원
H2298 | bet   1,000원 BANKER | P:4♥ 8♣ K♦=2  B:2♣ J♣ 3♠=5  BANKER(W)  | +950원 → 327,100원
H2299 | bet   1,000원 BANKER | P:4♦ 4♦=8  B:4♠ 6♣=0  PLAYER(L)  | -1,000원 → 326,100원  [start]
H2300 | bet   2,000원 PLAYER | P:4♥ J♦ 7♦=1  B:A♦ 4♦ 10♠=5  BANKER(L)  | -2,000원 → 324,100원
H2301 | bet   4,000원 PLAYER | P:2♣ Q♦ 9♠=1  B:5♦ 5♦ 5♠=5  BANKER(L)  | -4,000원 → 320,100원
H2302 | bet   8,000원 PLAYER | P:K♥ J♦ 7♣=7  B:8♠ 9♦=7  TIE(T)  |     0원 → 320,100원
H2303 | bet   8,000원 PLAYER | P:4♦ 6♠ A♣=1  B:J♣ 10♦ 5♥=5  BANKER(L)  | -8,000원 → 312,100원
H2304 | bet  16,000원 PLAYER | P:2♦ 5♠=7  B:10♠ 3♥ J♠=3  PLAYER(W)  | +16,000원 → 328,100원  [end_win]
H2305 | bet   1,000원 BANKER | P:4♥ 5♣=9  B:9♥ 10♣=9  TIE(T)  |     0원 → 328,100원
H2306 | bet   1,000원 BANKER | P:3♠ 3♦=6  B:3♣ A♠ 7♣=1  PLAYER(L)  | -1,000원 → 327,100원  [start]
H2307 | bet   2,000원 PLAYER | P:4♦ J♦=4  B:9♦ 9♠=8  BANKER(L)  | -2,000원 → 325,100원
H2308 | bet   4,000원 PLAYER | P:2♠ 8♦ 10♠=0  B:9♦ 8♠=7  BANKER(L)  | -4,000원 → 321,100원
H2309 | bet   8,000원 PLAYER | P:A♦ 2♣ K♥=3  B:5♥ A♦=6  BANKER(L)  | -8,000원 → 313,100원
H2310 | bet  16,000원 PLAYER | P:A♠ 9♦ 3♦=3  B:9♣ 8♠=7  BANKER(L)  | -16,000원 → 297,100원
H2311 | bet  32,000원 PLAYER | P:10♥ 7♣=7  B:7♥ 6♥ 6♥=9  BANKER(L)  | -32,000원 → 265,100원  [end_giveup]
H2312 | bet   1,000원 BANKER | P:J♠ K♣ 2♦=2  B:4♥ 9♣ 4♥=7  BANKER(W)  | +950원 → 266,050원
H2313 | bet   1,000원 BANKER | P:7♠ 5♠ 2♠=4  B:2♣ J♥ 5♠=7  BANKER(W)  | +950원 → 267,000원
H2314 | bet   1,000원 BANKER | P:4♦ Q♣ 3♥=7  B:A♠ 6♠=7  TIE(T)  |     0원 → 267,000원
H2315 | bet   1,000원 BANKER | P:10♥ 4♠ 6♥=0  B:9♣ 2♣ 6♥=7  BANKER(W)  | +950원 → 267,950원
H2316 | bet   1,000원 BANKER | P:10♦ 7♥=7  B:2♠ 7♣=9  BANKER(W)  | +950원 → 268,900원
H2317 | bet   1,000원 BANKER | P:7♦ K♣=7  B:10♥ 9♦=9  BANKER(W)  | +950원 → 269,850원
H2318 | bet   1,000원 BANKER | P:8♥ 5♣ 4♠=7  B:9♥ 6♦ 5♥=0  PLAYER(L)  | -1,000원 → 268,850원  [start]
H2319 | bet   2,000원 PLAYER | P:A♣ 8♥=9  B:2♦ J♣=2  PLAYER(W)  | +2,000원 → 270,850원  [end_win]
H2320 | bet   1,000원 BANKER | P:8♣ 4♣ 3♣=5  B:5♣ Q♠=5  TIE(T)  |     0원 → 270,850원
H2321 | bet   1,000원 BANKER | P:5♥ K♥ Q♣=5  B:3♥ 8♦ A♦=2  PLAYER(L)  | -1,000원 → 269,850원  [start]
H2322 | bet   2,000원 PLAYER | P:Q♣ 10♠ 6♦=6  B:9♣ 6♣ 6♣=1  PLAYER(W)  | +2,000원 → 271,850원  [end_win]
H2323 | bet   1,000원 BANKER | P:6♠ J♠=6  B:K♦ 9♦=9  BANKER(W)  | +950원 → 272,800원
H2324 | bet   1,000원 BANKER | P:3♥ 5♠=8  B:J♥ 7♣=7  PLAYER(L)  | -1,000원 → 271,800원  [start]
H2325 | bet   2,000원 PLAYER | P:9♥ K♠=9  B:10♠ K♦=0  PLAYER(W)  | +2,000원 → 273,800원  [end_win]
H2326 | bet   1,000원 BANKER | P:Q♥ 7♦=7  B:Q♦ 10♣ 5♦=5  PLAYER(L)  | -1,000원 → 272,800원  [start]
H2327 | bet   2,000원 PLAYER | P:5♣ 3♠=8  B:K♥ A♣=1  PLAYER(W)  | +2,000원 → 274,800원  [end_win]
H2328 | bet   1,000원 BANKER | P:9♠ 2♣=1  B:6♠ 2♦=8  BANKER(W)  | +950원 → 275,750원
H2329 | bet   1,000원 BANKER | P:7♠ Q♦=7  B:A♥ A♥ Q♣=2  PLAYER(L)  | -1,000원 → 274,750원  [start]
H2330 | bet   2,000원 PLAYER | P:K♥ Q♣=0  B:8♣ Q♥=8  BANKER(L)  | -2,000원 → 272,750원
H2331 | bet   4,000원 PLAYER | P:A♦ 3♥=4  B:5♦ 4♥=9  BANKER(L)  | -4,000원 → 268,750원
H2332 | bet   8,000원 PLAYER | P:Q♠ J♦ K♣=0  B:K♦ 7♥=7  BANKER(L)  | -8,000원 → 260,750원
H2333 | bet  16,000원 PLAYER | P:9♥ 10♣=9  B:A♠ A♣=2  PLAYER(W)  | +16,000원 → 276,750원  [end_win]
H2334 | bet   1,000원 BANKER | P:K♣ 2♦ K♠=2  B:J♣ J♠ 7♦=7  BANKER(W)  | +950원 → 277,700원
H2335 | bet   1,000원 BANKER | P:10♣ J♣ 3♥=3  B:K♠ 7♥=7  BANKER(W)  | +950원 → 278,650원
H2336 | bet   1,000원 BANKER | P:8♣ 10♥=8  B:5♦ 10♠=5  PLAYER(L)  | -1,000원 → 277,650원  [start]
H2337 | bet   2,000원 PLAYER | P:6♠ J♣=6  B:J♣ A♥ Q♥=1  PLAYER(W)  | +2,000원 → 279,650원  [end_win]
H2338 | bet   1,000원 BANKER | P:Q♥ Q♦ 4♥=4  B:10♦ 10♣ 10♥=0  PLAYER(L)  | -1,000원 → 278,650원  [start]
H2339 | bet   2,000원 PLAYER | P:6♣ J♦=6  B:7♠ 6♥ A♠=4  PLAYER(W)  | +2,000원 → 280,650원  [end_win]
H2340 | bet   1,000원 BANKER | P:8♠ 6♠=4  B:J♠ 8♥=8  BANKER(W)  | +950원 → 281,600원
H2341 | bet   1,000원 BANKER | P:A♥ 9♣=0  B:Q♦ 9♣=9  BANKER(W)  | +950원 → 282,550원
H2342 | bet   1,000원 BANKER | P:9♠ K♦=9  B:2♥ 5♣=7  PLAYER(L)  | -1,000원 → 281,550원  [start]
H2343 | bet   2,000원 PLAYER | P:2♦ J♥ 7♥=9  B:K♠ Q♥ 9♥=9  TIE(T)  |     0원 → 281,550원
H2344 | bet   2,000원 PLAYER | P:6♥ 8♦ J♣=4  B:5♣ 2♥=7  BANKER(L)  | -2,000원 → 279,550원
H2345 | bet   4,000원 PLAYER | P:A♣ 7♥=8  B:4♣ A♥=5  PLAYER(W)  | +4,000원 → 283,550원  [end_win]
H2346 | bet   1,000원 BANKER | P:2♥ 6♠=8  B:2♥ 5♥=7  PLAYER(L)  | -1,000원 → 282,550원  [start]
H2347 | bet   2,000원 PLAYER | P:K♠ 6♦=6  B:4♥ 5♥=9  BANKER(L)  | -2,000원 → 280,550원
H2348 | bet   4,000원 PLAYER | P:5♣ 3♠=8  B:J♥ 6♥=6  PLAYER(W)  | +4,000원 → 284,550원  [end_win]
H2349 | bet   1,000원 BANKER | P:3♦ K♦=3  B:9♣ K♠=9  BANKER(W)  | +950원 → 285,500원
H2350 | bet   1,000원 BANKER | P:3♦ A♠ 7♦=1  B:2♥ 4♣ 5♠=1  TIE(T)  |     0원 → 285,500원
H2351 | bet   1,000원 BANKER | P:J♥ 5♥ Q♠=5  B:9♣ 6♥=5  TIE(T)  |     0원 → 285,500원
H2352 | bet   1,000원 BANKER | P:4♣ K♠ J♦=4  B:2♦ 8♦ 8♦=8  BANKER(W)  | +950원 → 286,450원
H2353 | bet   1,000원 BANKER | P:7♠ A♠=8  B:8♦ 6♣=4  PLAYER(L)  | -1,000원 → 285,450원  [start]
H2354 | bet   2,000원 PLAYER | P:J♥ 9♥=9  B:8♥ 9♠=7  PLAYER(W)  | +2,000원 → 287,450원  [end_win]
H2355 | bet   1,000원 BANKER | P:10♦ 2♠=2  B:Q♦ 9♥=9  BANKER(W)  | +950원 → 288,400원
H2356 | bet   1,000원 BANKER | P:10♠ J♦=0  B:A♣ 7♠=8  BANKER(W)  | +950원 → 289,350원
H2357 | bet   1,000원 BANKER | P:7♣ A♦=8  B:10♦ 10♥=0  PLAYER(L)  | -1,000원 → 288,350원  [start]
H2358 | bet   2,000원 PLAYER | P:6♦ 7♠ 6♠=9  B:4♠ 3♠=7  PLAYER(W)  | +2,000원 → 290,350원  [end_win]
H2359 | bet   1,000원 BANKER | P:K♠ J♠ 10♣=0  B:6♦ 7♣ 5♠=8  BANKER(W)  | +950원 → 291,300원
H2360 | bet   1,000원 BANKER | P:9♦ Q♥=9  B:8♥ 3♣=1  PLAYER(L)  | -1,000원 → 290,300원  [start]
H2361 | bet   2,000원 PLAYER | P:10♠ 7♦=7  B:3♥ 6♣=9  BANKER(L)  | -2,000원 → 288,300원
H2362 | bet   4,000원 PLAYER | P:K♦ 4♦ 3♣=7  B:8♥ 9♦=7  TIE(T)  |     0원 → 288,300원
H2363 | bet   4,000원 PLAYER | P:6♦ J♦=6  B:8♣ 3♣ K♥=1  PLAYER(W)  | +4,000원 → 292,300원  [end_win]
H2364 | bet   1,000원 BANKER | P:K♥ 3♦ A♦=4  B:2♠ 4♠=6  BANKER(W)  | +950원 → 293,250원
H2365 | bet   1,000원 BANKER | P:3♣ 5♣=8  B:3♠ 7♥=0  PLAYER(L)  | -1,000원 → 292,250원  [start]
H2366 | bet   2,000원 PLAYER | P:J♣ 8♦=8  B:6♠ Q♣=6  PLAYER(W)  | +2,000원 → 294,250원  [end_win]
H2367 | bet   1,000원 BANKER | P:3♣ A♠ 2♣=6  B:Q♣ K♠ 3♦=3  PLAYER(L)  | -1,000원 → 293,250원  [start]
H2368 | bet   2,000원 PLAYER | P:7♥ 7♠ Q♥=4  B:J♣ J♣ A♠=1  PLAYER(W)  | +2,000원 → 295,250원  [end_win]
H2369 | bet   1,000원 BANKER | P:9♥ K♠=9  B:10♦ 2♦=2  PLAYER(L)  | -1,000원 → 294,250원  [start]
H2370 | bet   2,000원 PLAYER | P:10♦ 8♥=8  B:5♥ K♣=5  PLAYER(W)  | +2,000원 → 296,250원  [end_win]
H2371 | bet   1,000원 BANKER | P:Q♠ J♥=0  B:3♠ 6♦=9  BANKER(W)  | +950원 → 297,200원
H2372 | bet   1,000원 BANKER | P:9♣ A♠ K♥=0  B:2♠ J♠ J♥=2  BANKER(W)  | +950원 → 298,150원
H2373 | bet   1,000원 BANKER | P:6♣ 8♠ 7♥=1  B:4♣ 10♦ 5♣=9  BANKER(W)  | +950원 → 299,100원
H2374 | bet   1,000원 BANKER | P:9♥ 6♣ 4♦=9  B:A♣ 5♦=6  PLAYER(L)  | -1,000원 → 298,100원  [start]
H2375 | bet   2,000원 PLAYER | P:2♣ 3♥=5  B:5♥ 3♣=8  BANKER(L)  | -2,000원 → 296,100원
H2376 | bet   4,000원 PLAYER | P:A♣ 5♥=6  B:7♦ 8♥ 2♥=7  BANKER(L)  | -4,000원 → 292,100원
H2377 | bet   8,000원 PLAYER | P:A♠ 7♠=8  B:9♦ 10♥=9  BANKER(L)  | -8,000원 → 284,100원
H2378 | bet  16,000원 PLAYER | P:10♦ 5♦=5  B:A♥ 8♠=9  BANKER(L)  | -16,000원 → 268,100원
H2379 | bet  32,000원 PLAYER | P:Q♥ 8♦=8  B:2♠ 2♠=4  PLAYER(W)  | +32,000원 → 300,100원  [end_win]
H2380 | bet   1,000원 BANKER | P:2♦ A♠=3  B:9♥ J♠=9  BANKER(W)  | +950원 → 301,050원
H2381 | bet   1,000원 BANKER | P:A♣ 5♥=6  B:3♥ J♥ 8♥=1  PLAYER(L)  | -1,000원 → 300,050원  [start]
H2382 | bet   2,000원 PLAYER | P:10♦ A♥ Q♥=1  B:8♣ 3♥ 4♥=5  BANKER(L)  | -2,000원 → 298,050원
H2383 | bet   4,000원 PLAYER | P:4♠ 6♠ 7♣=7  B:7♣ 5♣ 4♦=6  PLAYER(W)  | +4,000원 → 302,050원  [end_win]
H2384 | bet   1,000원 BANKER | P:7♠ 2♣=9  B:8♠ 4♥=2  PLAYER(L)  | -1,000원 → 301,050원  [start]
H2385 | bet   2,000원 PLAYER | P:4♥ Q♠=4  B:4♦ 4♠=8  BANKER(L)  | -2,000원 → 299,050원
H2386 | bet   4,000원 PLAYER | P:Q♠ 3♣ 5♠=8  B:5♠ A♥=6  PLAYER(W)  | +4,000원 → 303,050원  [end_win]
H2387 | bet   1,000원 BANKER | P:8♣ A♦=9  B:10♣ 7♦=7  PLAYER(L)  | -1,000원 → 302,050원  [start]
H2388 | bet   2,000원 PLAYER | P:6♦ 9♠ K♣=5  B:3♦ 9♣ 2♣=4  PLAYER(W)  | +2,000원 → 304,050원  [end_win]
H2389 | bet   1,000원 BANKER | P:A♠ 5♠=6  B:4♥ 6♥ 7♦=7  BANKER(W)  | +950원 → 305,000원
H2390 | bet   1,000원 BANKER | P:J♥ A♥ 9♦=0  B:K♦ J♦ 3♠=3  BANKER(W)  | +950원 → 305,950원
H2391 | bet   1,000원 BANKER | P:10♠ 4♦=4  B:4♣ 5♣=9  BANKER(W)  | +950원 → 306,900원
H2392 | bet   1,000원 BANKER | P:Q♠ 6♠=6  B:3♣ 6♥=9  BANKER(W)  | +950원 → 307,850원
H2393 | bet   1,000원 BANKER | P:2♥ 10♥ 4♠=6  B:2♦ Q♥ 2♦=4  PLAYER(L)  | -1,000원 → 306,850원  [start]
H2394 | bet   2,000원 PLAYER | P:J♦ 6♠=6  B:6♥ 10♠=6  TIE(T)  |     0원 → 306,850원
H2395 | bet   2,000원 PLAYER | P:A♥ 7♥=8  B:10♠ Q♦=0  PLAYER(W)  | +2,000원 → 308,850원  [end_win]
H2396 | bet   1,000원 BANKER | P:9♦ 9♠=8  B:K♥ 3♣=3  PLAYER(L)  | -1,000원 → 307,850원  [start]
H2397 | bet   2,000원 PLAYER | P:A♦ 5♦=6  B:4♥ 3♣=7  BANKER(L)  | -2,000원 → 305,850원
H2398 | bet   4,000원 PLAYER | P:K♥ 3♥ 2♦=5  B:5♠ J♦=5  TIE(T)  |     0원 → 305,850원
H2399 | bet   4,000원 PLAYER | P:A♣ 7♣=8  B:6♠ J♣=6  PLAYER(W)  | +4,000원 → 309,850원  [end_win]
H2400 | bet   1,000원 BANKER | P:A♠ A♣ 6♦=8  B:2♦ K♦ 7♦=9  BANKER(W)  | +950원 → 310,800원
H2401 | bet   1,000원 BANKER | P:2♠ Q♣=2  B:3♠ 6♠=9  BANKER(W)  | +950원 → 311,750원
H2402 | bet   1,000원 BANKER | P:5♥ 9♥=4  B:K♠ 9♠=9  BANKER(W)  | +950원 → 312,700원
H2403 | bet   1,000원 BANKER | P:10♣ 5♦ K♣=5  B:4♦ J♠=4  PLAYER(L)  | -1,000원 → 311,700원  [start]
H2404 | bet   2,000원 PLAYER | P:10♦ Q♣ 5♣=5  B:9♣ 2♠ 3♦=4  PLAYER(W)  | +2,000원 → 313,700원  [end_win]
H2405 | bet   1,000원 BANKER | P:K♠ 2♣ 9♦=1  B:3♠ K♥ 10♠=3  BANKER(W)  | +950원 → 314,650원
H2406 | bet   1,000원 BANKER | P:J♠ J♥ 3♥=3  B:A♣ J♦ 6♦=7  BANKER(W)  | +950원 → 315,600원
H2407 | bet   1,000원 BANKER | P:6♥ 8♠ 8♦=2  B:7♦ 7♦=4  BANKER(W)  | +950원 → 316,550원
H2408 | bet   1,000원 BANKER | P:10♥ 9♠=9  B:Q♥ 10♣=0  PLAYER(L)  | -1,000원 → 315,550원  [start]
H2409 | bet   2,000원 PLAYER | P:4♣ K♥=4  B:Q♥ 9♥=9  BANKER(L)  | -2,000원 → 313,550원
H2410 | bet   4,000원 PLAYER | P:7♦ 5♠=2  B:3♣ 5♣=8  BANKER(L)  | -4,000원 → 309,550원
H2411 | bet   8,000원 PLAYER | P:J♣ 9♣=9  B:2♦ 10♣=2  PLAYER(W)  | +8,000원 → 317,550원  [end_win]
H2412 | bet   1,000원 BANKER | P:6♥ 9♦ 8♣=3  B:6♦ 5♥ J♦=1  PLAYER(L)  | -1,000원 → 316,550원  [start]
H2413 | bet   2,000원 PLAYER | P:10♣ 8♦=8  B:K♣ 7♥=7  PLAYER(W)  | +2,000원 → 318,550원  [end_win]
H2414 | bet   1,000원 BANKER | P:8♠ 3♠ 7♦=8  B:10♠ 3♠ 9♣=2  PLAYER(L)  | -1,000원 → 317,550원  [start]
H2415 | bet   2,000원 PLAYER | P:K♦ 5♥ 7♠=2  B:8♠ 6♣ A♥=5  BANKER(L)  | -2,000원 → 315,550원
H2416 | bet   4,000원 PLAYER | P:5♣ 9♣ K♣=4  B:10♦ 7♠=7  BANKER(L)  | -4,000원 → 311,550원
H2417 | bet   8,000원 PLAYER | P:J♠ 8♣=8  B:A♦ 8♠=9  BANKER(L)  | -8,000원 → 303,550원
H2418 | bet  16,000원 PLAYER | P:K♦ 8♥=8  B:A♦ 8♣=9  BANKER(L)  | -16,000원 → 287,550원
H2419 | bet  32,000원 PLAYER | P:6♠ 7♥ 8♣=1  B:Q♠ 2♠ 3♦=5  BANKER(L)  | -32,000원 → 255,550원  [end_giveup]
H2420 | bet   1,000원 BANKER | P:A♦ 6♣=7  B:K♠ K♠ 2♥=2  PLAYER(L)  | -1,000원 → 254,550원  [start]
H2421 | bet   2,000원 PLAYER | P:7♠ 9♠=6  B:7♣ 6♥ 7♣=0  PLAYER(W)  | +2,000원 → 256,550원  [end_win]
H2422 | bet   1,000원 BANKER | P:3♥ K♦ 4♥=7  B:7♥ J♠=7  TIE(T)  |     0원 → 256,550원
H2423 | bet   1,000원 BANKER | P:3♠ 10♠ Q♦=3  B:2♥ K♦ Q♠=2  PLAYER(L)  | -1,000원 → 255,550원  [start]
H2424 | bet   2,000원 PLAYER | P:3♥ 2♥ 6♦=1  B:6♥ 5♦ 2♠=3  BANKER(L)  | -2,000원 → 253,550원
H2425 | bet   4,000원 PLAYER | P:9♦ 6♣ 6♣=1  B:K♠ Q♣ Q♦=0  PLAYER(W)  | +4,000원 → 257,550원  [end_win]
H2426 | bet   1,000원 BANKER | P:5♠ 5♣ 6♦=6  B:Q♦ K♥ 4♣=4  PLAYER(L)  | -1,000원 → 256,550원  [start]
H2427 | bet   2,000원 PLAYER | P:7♣ 3♦ A♣=1  B:Q♦ 10♥ 9♣=9  BANKER(L)  | -2,000원 → 254,550원
H2428 | bet   4,000원 PLAYER | P:7♥ 5♠ 10♥=2  B:4♠ J♦=4  BANKER(L)  | -4,000원 → 250,550원
H2429 | bet   8,000원 PLAYER | P:9♣ 7♣=6  B:7♥ Q♥=7  BANKER(L)  | -8,000원 → 242,550원
H2430 | bet  16,000원 PLAYER | P:K♣ 2♥ J♥=2  B:3♦ 7♠ 8♥=8  BANKER(L)  | -16,000원 → 226,550원
H2431 | bet  32,000원 PLAYER | P:4♣ A♦=5  B:8♦ 10♥=8  BANKER(L)  | -32,000원 → 194,550원  [end_giveup]
H2432 | bet   1,000원 BANKER | P:9♦ 4♠ 2♦=5  B:A♦ 5♦=6  BANKER(W)  | +950원 → 195,500원
H2433 | bet   1,000원 BANKER | P:4♥ K♦ 2♣=6  B:7♣ Q♦=7  BANKER(W)  | +950원 → 196,450원
H2434 | bet   1,000원 BANKER | P:A♥ 10♣=1  B:8♥ J♦=8  BANKER(W)  | +950원 → 197,400원
H2435 | bet   1,000원 BANKER | P:3♦ 10♥=3  B:9♠ 10♥=9  BANKER(W)  | +950원 → 198,350원
H2436 | bet   1,000원 BANKER | P:6♣ 5♠ 5♣=6  B:Q♠ 5♦ 6♣=1  PLAYER(L)  | -1,000원 → 197,350원  [start]
H2437 | bet   2,000원 PLAYER | P:J♦ 8♣=8  B:J♥ J♣=0  PLAYER(W)  | +2,000원 → 199,350원  [end_win]
H2438 | bet   1,000원 BANKER | P:4♦ 2♣=6  B:Q♥ Q♣ 6♥=6  TIE(T)  |     0원 → 199,350원
H2439 | bet   1,000원 BANKER | P:3♠ K♠ J♠=3  B:10♠ 3♥ K♥=3  TIE(T)  |     0원 → 199,350원
H2440 | bet   1,000원 BANKER | P:4♦ 4♠=8  B:8♦ K♥=8  TIE(T)  |     0원 → 199,350원
H2441 | bet   1,000원 BANKER | P:5♦ A♣=6  B:10♠ 8♣=8  BANKER(W)  | +950원 → 200,300원
H2442 | bet   1,000원 BANKER | P:4♠ Q♣=4  B:Q♣ 9♠=9  BANKER(W)  | +950원 → 201,250원
H2443 | bet   1,000원 BANKER | P:Q♦ A♥ J♣=1  B:8♦ 3♣ 2♠=3  BANKER(W)  | +950원 → 202,200원
H2444 | bet   1,000원 BANKER | P:Q♦ 4♣=4  B:9♦ 10♣=9  BANKER(W)  | +950원 → 203,150원
H2445 | bet   1,000원 BANKER | P:J♣ 2♣ 10♣=2  B:8♦ 3♦ 8♥=9  BANKER(W)  | +950원 → 204,100원
H2446 | bet   1,000원 BANKER | P:K♣ 8♠=8  B:J♠ 4♠=4  PLAYER(L)  | -1,000원 → 203,100원  [start]
H2447 | bet   2,000원 PLAYER | P:8♥ J♥=8  B:K♦ 6♦=6  PLAYER(W)  | +2,000원 → 205,100원  [end_win]
H2448 | bet   1,000원 BANKER | P:4♣ 9♠ A♦=4  B:2♥ Q♠ 10♦=2  PLAYER(L)  | -1,000원 → 204,100원  [start]
H2449 | bet   2,000원 PLAYER | P:3♥ 4♥=7  B:3♥ 10♦ 5♦=8  BANKER(L)  | -2,000원 → 202,100원
H2450 | bet   4,000원 PLAYER | P:A♥ 7♥=8  B:J♥ 6♠=6  PLAYER(W)  | +4,000원 → 206,100원  [end_win]
H2451 | bet   1,000원 BANKER | P:5♦ 2♥=7  B:K♠ 6♣=6  PLAYER(L)  | -1,000원 → 205,100원  [start]
H2452 | bet   2,000원 PLAYER | P:A♣ 7♠=8  B:3♠ Q♦=3  PLAYER(W)  | +2,000원 → 207,100원  [end_win]
H2453 | bet   1,000원 BANKER | P:J♣ A♥ 5♦=6  B:6♠ 7♣ Q♣=3  PLAYER(L)  | -1,000원 → 206,100원  [start]
H2454 | bet   2,000원 PLAYER | P:5♦ 5♠ Q♣=0  B:9♠ 2♦ 2♦=3  BANKER(L)  | -2,000원 → 204,100원
H2455 | bet   4,000원 PLAYER | P:A♦ 8♦=9  B:A♦ 3♠=4  PLAYER(W)  | +4,000원 → 208,100원  [end_win]
H2456 | bet   1,000원 BANKER | P:Q♦ A♠ 6♦=7  B:9♦ 4♠ 2♣=5  PLAYER(L)  | -1,000원 → 207,100원  [start]
H2457 | bet   2,000원 PLAYER | P:J♠ 4♥ J♣=4  B:4♣ 2♠=6  BANKER(L)  | -2,000원 → 205,100원
H2458 | bet   4,000원 PLAYER | P:3♥ 9♣=2  B:3♦ 5♠=8  BANKER(L)  | -4,000원 → 201,100원
H2459 | bet   8,000원 PLAYER | P:Q♥ K♣=0  B:8♦ K♦=8  BANKER(L)  | -8,000원 → 193,100원
H2460 | bet  16,000원 PLAYER | P:5♥ Q♦ 8♠=3  B:2♣ 10♣ 4♦=6  BANKER(L)  | -16,000원 → 177,100원
H2461 | bet  32,000원 PLAYER | P:8♣ 4♣=2  B:7♣ 2♣=9  BANKER(L)  | -32,000원 → 145,100원  [end_giveup]
H2462 | bet   1,000원 BANKER | P:10♣ 10♦ J♥=0  B:A♦ A♥ 7♣=9  BANKER(W)  | +950원 → 146,050원
H2463 | bet   1,000원 BANKER | P:J♦ 9♥=9  B:9♥ 6♣=5  PLAYER(L)  | -1,000원 → 145,050원  [start]
H2464 | bet   2,000원 PLAYER | P:A♠ 2♦ K♠=3  B:8♣ 3♠ 4♥=5  BANKER(L)  | -2,000원 → 143,050원
H2465 | bet   4,000원 PLAYER | P:10♥ 7♣=7  B:3♦ Q♥ 10♦=3  PLAYER(W)  | +4,000원 → 147,050원  [end_win]
H2466 | bet   1,000원 BANKER | P:J♦ Q♣=0  B:3♦ 6♣=9  BANKER(W)  | +950원 → 148,000원
H2467 | bet   1,000원 BANKER | P:A♠ 8♦=9  B:J♦ Q♠=0  PLAYER(L)  | -1,000원 → 147,000원  [start]
H2468 | bet   2,000원 PLAYER | P:J♠ 5♦ 4♠=9  B:9♣ 4♥ 10♠=3  PLAYER(W)  | +2,000원 → 149,000원  [end_win]
H2469 | bet   1,000원 BANKER | P:4♣ 4♦=8  B:7♠ 10♦=7  PLAYER(L)  | -1,000원 → 148,000원  [start]
H2470 | bet   2,000원 PLAYER | P:8♠ 5♠ K♣=3  B:8♣ 8♥=6  BANKER(L)  | -2,000원 → 146,000원
H2471 | bet   4,000원 PLAYER | P:2♦ 4♣=6  B:7♥ J♦=7  BANKER(L)  | -4,000원 → 142,000원
H2472 | bet   8,000원 PLAYER | P:K♦ 2♠ 4♦=6  B:7♥ K♠=7  BANKER(L)  | -8,000원 → 134,000원
H2473 | bet  16,000원 PLAYER | P:10♣ 5♣=5  B:3♦ 5♥=8  BANKER(L)  | -16,000원 → 118,000원
H2474 | bet  32,000원 PLAYER | P:7♠ 8♦ 2♥=7  B:6♣ 9♦=5  PLAYER(W)  | +32,000원 → 150,000원  [end_win]
H2475 | bet   1,000원 BANKER | P:4♦ A♠ 3♣=8  B:A♣ J♠ 8♣=9  BANKER(W)  | +950원 → 150,950원
H2476 | bet   1,000원 BANKER | P:K♦ 10♥=0  B:K♠ 9♥=9  BANKER(W)  | +950원 → 151,900원
H2477 | bet   1,000원 BANKER | P:10♥ 7♥=7  B:9♣ 5♠ 10♥=4  PLAYER(L)  | -1,000원 → 150,900원  [start]
H2478 | bet   2,000원 PLAYER | P:3♠ K♣ 4♠=7  B:A♦ 4♣ 4♣=9  BANKER(L)  | -2,000원 → 148,900원
H2479 | bet   4,000원 PLAYER | P:5♥ 6♥ K♠=1  B:A♠ 10♠ J♣=1  TIE(T)  |     0원 → 148,900원
H2480 | bet   4,000원 PLAYER | P:Q♦ A♥ 6♣=7  B:6♣ J♣ 6♥=2  PLAYER(W)  | +4,000원 → 152,900원  [end_win]
H2481 | bet   1,000원 BANKER | P:J♦ J♠ 10♥=0  B:J♥ 5♦=5  BANKER(W)  | +950원 → 153,850원
H2482 | bet   1,000원 BANKER | P:A♣ 6♦=7  B:3♥ 7♥ 8♠=8  BANKER(W)  | +950원 → 154,800원
H2483 | bet   1,000원 BANKER | P:5♣ 2♠=7  B:5♣ 6♦ 5♠=6  PLAYER(L)  | -1,000원 → 153,800원  [start]
H2484 | bet   2,000원 PLAYER | P:2♣ J♥ A♠=3  B:9♣ 4♠ A♥=4  BANKER(L)  | -2,000원 → 151,800원
H2485 | bet   4,000원 PLAYER | P:J♥ 4♦=4  B:K♠ 9♥=9  BANKER(L)  | -4,000원 → 147,800원
H2486 | bet   8,000원 PLAYER | P:Q♦ 2♣ 5♣=7  B:10♠ 2♠ K♠=2  PLAYER(W)  | +8,000원 → 155,800원  [end_win]
H2487 | bet   1,000원 BANKER | P:7♦ 2♥=9  B:Q♠ J♠=0  PLAYER(L)  | -1,000원 → 154,800원  [start]
H2488 | bet   2,000원 PLAYER | P:8♣ 3♠ 8♥=9  B:7♠ 3♣ 6♠=6  PLAYER(W)  | +2,000원 → 156,800원  [end_win]
H2489 | bet   1,000원 BANKER | P:8♥ K♣=8  B:8♠ K♣=8  TIE(T)  |     0원 → 156,800원
H2490 | bet   1,000원 BANKER | P:K♥ J♠ 9♥=9  B:8♦ 6♠=4  PLAYER(L)  | -1,000원 → 155,800원  [start]
H2491 | bet   2,000원 PLAYER | P:7♦ 10♣=7  B:7♣ 6♦ 7♦=0  PLAYER(W)  | +2,000원 → 157,800원  [end_win]
H2492 | bet   1,000원 BANKER | P:8♦ 2♠ 3♣=3  B:9♥ 5♠ K♥=4  BANKER(W)  | +950원 → 158,750원
H2493 | bet   1,000원 BANKER | P:3♥ 2♠ 10♥=5  B:3♥ 9♦ 10♣=2  PLAYER(L)  | -1,000원 → 157,750원  [start]
H2494 | bet   2,000원 PLAYER | P:2♥ A♦ K♣=3  B:K♦ 10♠ 5♥=5  BANKER(L)  | -2,000원 → 155,750원
H2495 | bet   4,000원 PLAYER | P:9♦ J♣=9  B:4♥ 5♥=9  TIE(T)  |     0원 → 155,750원
H2496 | bet   4,000원 PLAYER | P:7♠ 5♣ 6♣=8  B:10♦ 6♣ K♥=6  PLAYER(W)  | +4,000원 → 159,750원  [end_win]
H2497 | bet   1,000원 BANKER | P:2♣ K♥ 3♦=5  B:8♠ 4♥ 5♥=7  BANKER(W)  | +950원 → 160,700원
H2498 | bet   1,000원 BANKER | P:Q♥ 5♠=5  B:9♦ Q♦=9  BANKER(W)  | +950원 → 161,650원
H2499 | bet   1,000원 BANKER | P:6♠ Q♠=6  B:3♣ J♦ 6♦=9  BANKER(W)  | +950원 → 162,600원
H2500 | bet   1,000원 BANKER | P:9♠ 9♥=8  B:3♥ J♠=3  PLAYER(L)  | -1,000원 → 161,600원  [start]
H2501 | bet   2,000원 PLAYER | P:2♦ 6♦=8  B:A♦ A♣=2  PLAYER(W)  | +2,000원 → 163,600원  [end_win]
H2502 | bet   1,000원 BANKER | P:7♣ K♦=7  B:3♣ A♦ 9♠=3  PLAYER(L)  | -1,000원 → 162,600원  [start]
H2503 | bet   2,000원 PLAYER | P:6♦ 7♦ 2♠=5  B:3♦ 9♥ A♣=3  PLAYER(W)  | +2,000원 → 164,600원  [end_win]
H2504 | bet   1,000원 BANKER | P:Q♠ Q♣=0  B:8♠ A♥=9  BANKER(W)  | +950원 → 165,550원
H2505 | bet   1,000원 BANKER | P:Q♥ Q♠ K♥=0  B:5♠ Q♣=5  BANKER(W)  | +950원 → 166,500원
H2506 | bet   1,000원 BANKER | P:2♥ Q♠=2  B:7♥ 2♠=9  BANKER(W)  | +950원 → 167,450원
H2507 | bet   1,000원 BANKER | P:8♣ 9♠=7  B:7♦ 10♠=7  TIE(T)  |     0원 → 167,450원
H2508 | bet   1,000원 BANKER | P:K♦ 8♥=8  B:8♥ 7♦=5  PLAYER(L)  | -1,000원 → 166,450원  [start]
H2509 | bet   2,000원 PLAYER | P:10♣ Q♥ 2♥=2  B:J♥ 7♣=7  BANKER(L)  | -2,000원 → 164,450원
H2510 | bet   4,000원 PLAYER | P:7♥ 10♦=7  B:8♠ 6♠ 6♥=0  PLAYER(W)  | +4,000원 → 168,450원  [end_win]
H2511 | bet   1,000원 BANKER | P:J♣ 3♦ 10♠=3  B:6♥ Q♣=6  BANKER(W)  | +950원 → 169,400원
H2512 | bet   1,000원 BANKER | P:Q♦ 3♣ 5♣=8  B:10♠ Q♥ 10♥=0  PLAYER(L)  | -1,000원 → 168,400원  [start]
H2513 | bet   2,000원 PLAYER | P:9♠ 9♣=8  B:8♥ A♥=9  BANKER(L)  | -2,000원 → 166,400원
H2514 | bet   4,000원 PLAYER | P:J♦ Q♠ 8♦=8  B:8♦ 6♠=4  PLAYER(W)  | +4,000원 → 170,400원  [end_win]
H2515 | bet   1,000원 BANKER | P:2♣ K♠ 10♣=2  B:3♣ 10♥ 10♦=3  BANKER(W)  | +950원 → 171,350원
H2516 | bet   1,000원 BANKER | P:5♣ J♠=5  B:5♦ 4♣=9  BANKER(W)  | +950원 → 172,300원
H2517 | bet   1,000원 BANKER | P:4♦ 2♥=6  B:A♦ 9♦ 9♠=9  BANKER(W)  | +950원 → 173,250원
H2518 | bet   1,000원 BANKER | P:8♣ J♣=8  B:9♣ J♣=9  BANKER(W)  | +950원 → 174,200원
H2519 | bet   1,000원 BANKER | P:8♥ 5♦ 3♥=6  B:A♥ 6♦=7  BANKER(W)  | +950원 → 175,150원
H2520 | bet   1,000원 BANKER | P:9♣ 7♠=6  B:J♦ 7♠=7  BANKER(W)  | +950원 → 176,100원
H2521 | bet   1,000원 BANKER | P:J♥ K♥ K♦=0  B:6♥ 4♦ 4♥=4  BANKER(W)  | +950원 → 177,050원
H2522 | bet   1,000원 BANKER | P:6♥ 6♥ K♦=2  B:9♦ 6♠=5  BANKER(W)  | +950원 → 178,000원
H2523 | bet   1,000원 BANKER | P:4♣ Q♥ Q♣=4  B:2♦ 4♠=6  BANKER(W)  | +950원 → 178,950원
H2524 | bet   1,000원 BANKER | P:Q♠ 8♥=8  B:7♦ 10♣=7  PLAYER(L)  | -1,000원 → 177,950원  [start]
H2525 | bet   2,000원 PLAYER | P:4♥ K♥ 2♣=6  B:4♠ 7♥ 5♥=6  TIE(T)  |     0원 → 177,950원
H2526 | bet   2,000원 PLAYER | P:K♥ 3♠ Q♦=3  B:4♠ 10♦=4  BANKER(L)  | -2,000원 → 175,950원
H2527 | bet   4,000원 PLAYER | P:9♦ 4♦ Q♥=3  B:J♥ 2♥ K♣=2  PLAYER(W)  | +4,000원 → 179,950원  [end_win]
H2528 | bet   1,000원 BANKER | P:2♦ 3♠ 3♦=8  B:A♣ 2♦ 8♣=1  PLAYER(L)  | -1,000원 → 178,950원  [start]
H2529 | bet   2,000원 PLAYER | P:A♣ 10♠ 4♠=5  B:6♥ 9♠ 9♣=4  PLAYER(W)  | +2,000원 → 180,950원  [end_win]
H2530 | bet   1,000원 BANKER | P:7♣ 9♥=6  B:8♦ A♠=9  BANKER(W)  | +950원 → 181,900원
H2531 | bet   1,000원 BANKER | P:5♥ 3♥=8  B:2♠ A♦=3  PLAYER(L)  | -1,000원 → 180,900원  [start]
H2532 | bet   2,000원 PLAYER | P:4♦ A♣=5  B:9♣ 9♦=8  BANKER(L)  | -2,000원 → 178,900원
H2533 | bet   4,000원 PLAYER | P:Q♦ K♠ 5♠=5  B:9♣ 7♣=6  BANKER(L)  | -4,000원 → 174,900원
H2534 | bet   8,000원 PLAYER | P:6♣ Q♦=6  B:Q♦ 4♠ 7♠=1  PLAYER(W)  | +8,000원 → 182,900원  [end_win]
H2535 | bet   1,000원 BANKER | P:8♦ 7♣=5  B:9♦ 10♦=9  BANKER(W)  | +950원 → 183,850원
H2536 | bet   1,000원 BANKER | P:Q♠ 2♥=2  B:6♦ 3♠=9  BANKER(W)  | +950원 → 184,800원
H2537 | bet   1,000원 BANKER | P:2♦ Q♥ A♣=3  B:A♠ 2♥ 4♦=7  BANKER(W)  | +950원 → 185,750원
H2538 | bet   1,000원 BANKER | P:9♥ 7♠=6  B:6♥ Q♦=6  TIE(T)  |     0원 → 185,750원
H2539 | bet   1,000원 BANKER | P:3♦ 4♥=7  B:4♥ 6♦ 2♣=2  PLAYER(L)  | -1,000원 → 184,750원  [start]
H2540 | bet   2,000원 PLAYER | P:2♠ A♠ 8♥=1  B:2♣ 10♥ Q♠=2  BANKER(L)  | -2,000원 → 182,750원
H2541 | bet   4,000원 PLAYER | P:A♠ 3♠ 10♦=4  B:10♥ K♣ 8♦=8  BANKER(L)  | -4,000원 → 178,750원
H2542 | bet   8,000원 PLAYER | P:J♠ 7♠=7  B:K♣ 7♣=7  TIE(T)  |     0원 → 178,750원
H2543 | bet   8,000원 PLAYER | P:9♦ 2♣ 4♦=5  B:4♣ 9♣ 4♥=7  BANKER(L)  | -8,000원 → 170,750원
H2544 | bet  16,000원 PLAYER | P:3♥ 4♠=7  B:A♦ 4♥ 10♦=5  PLAYER(W)  | +16,000원 → 186,750원  [end_win]
H2545 | bet   1,000원 BANKER | P:6♥ 5♠ 6♥=7  B:K♠ 2♦ 7♦=9  BANKER(W)  | +950원 → 187,700원
H2546 | bet   1,000원 BANKER | P:J♦ 4♥ K♠=4  B:4♥ A♣=5  BANKER(W)  | +950원 → 188,650원
H2547 | bet   1,000원 BANKER | P:4♥ 2♠=6  B:4♣ 6♠ 6♥=6  TIE(T)  |     0원 → 188,650원
H2548 | bet   1,000원 BANKER | P:3♣ 5♣=8  B:3♣ A♣=4  PLAYER(L)  | -1,000원 → 187,650원  [start]
H2549 | bet   2,000원 PLAYER | P:K♥ Q♣ J♦=0  B:7♥ 5♦ 8♣=0  TIE(T)  |     0원 → 187,650원
H2550 | bet   2,000원 PLAYER | P:6♣ 3♥=9  B:9♥ 2♦=1  PLAYER(W)  | +2,000원 → 189,650원  [end_win]
H2551 | bet   1,000원 BANKER | P:K♣ Q♣ 5♣=5  B:5♦ 7♥ J♦=2  PLAYER(L)  | -1,000원 → 188,650원  [start]
H2552 | bet   2,000원 PLAYER | P:10♠ J♥=0  B:7♣ A♣=8  BANKER(L)  | -2,000원 → 186,650원
H2553 | bet   4,000원 PLAYER | P:9♣ Q♣=9  B:3♣ 6♣=9  TIE(T)  |     0원 → 186,650원
H2554 | bet   4,000원 PLAYER | P:7♥ Q♣=7  B:10♣ 7♦=7  TIE(T)  |     0원 → 186,650원
H2555 | bet   4,000원 PLAYER | P:10♥ 10♥=0  B:8♦ J♦=8  BANKER(L)  | -4,000원 → 182,650원
H2556 | bet   8,000원 PLAYER | P:Q♥ K♥ 10♣=0  B:K♦ 4♦=4  BANKER(L)  | -8,000원 → 174,650원
H2557 | bet  16,000원 PLAYER | P:2♦ 6♦=8  B:6♣ 2♣=8  TIE(T)  |     0원 → 174,650원
H2558 | bet  16,000원 PLAYER | P:8♠ 10♦=8  B:Q♠ J♣=0  PLAYER(W)  | +16,000원 → 190,650원  [end_win]
H2559 | bet   1,000원 BANKER | P:J♥ K♠ 5♣=5  B:5♦ 5♠ 10♦=0  PLAYER(L)  | -1,000원 → 189,650원  [start]
H2560 | bet   2,000원 PLAYER | P:9♦ 9♦=8  B:4♠ 4♣=8  TIE(T)  |     0원 → 189,650원
H2561 | bet   2,000원 PLAYER | P:K♦ 2♣ J♣=2  B:5♥ 9♠=4  BANKER(L)  | -2,000원 → 187,650원
H2562 | bet   4,000원 PLAYER | P:2♠ K♦ A♦=3  B:J♥ A♦ 4♠=5  BANKER(L)  | -4,000원 → 183,650원
H2563 | bet   8,000원 PLAYER | P:2♠ 7♠=9  B:8♦ K♠=8  PLAYER(W)  | +8,000원 → 191,650원  [end_win]
H2564 | bet   1,000원 BANKER | P:K♦ 8♥=8  B:6♣ 10♣=6  PLAYER(L)  | -1,000원 → 190,650원  [start]
H2565 | bet   2,000원 PLAYER | P:Q♥ J♦ 4♣=4  B:6♦ 5♣ 10♠=1  PLAYER(W)  | +2,000원 → 192,650원  [end_win]
H2566 | bet   1,000원 BANKER | P:8♠ J♥=8  B:J♦ 3♣=3  PLAYER(L)  | -1,000원 → 191,650원  [start]
H2567 | bet   2,000원 PLAYER | P:9♦ 5♥ K♥=4  B:A♥ J♥ 8♥=9  BANKER(L)  | -2,000원 → 189,650원
H2568 | bet   4,000원 PLAYER | P:K♦ J♠ 2♥=2  B:6♠ 10♥=6  BANKER(L)  | -4,000원 → 185,650원
H2569 | bet   8,000원 PLAYER | P:8♣ 3♠ 8♠=9  B:K♥ 10♥ 5♦=5  PLAYER(W)  | +8,000원 → 193,650원  [end_win]
H2570 | bet   1,000원 BANKER | P:6♥ 7♣ 2♠=5  B:A♦ J♠ Q♦=1  PLAYER(L)  | -1,000원 → 192,650원  [start]
H2571 | bet   2,000원 PLAYER | P:5♥ 10♠=5  B:A♠ 8♣=9  BANKER(L)  | -2,000원 → 190,650원
H2572 | bet   4,000원 PLAYER | P:9♠ K♠=9  B:A♥ Q♦=1  PLAYER(W)  | +4,000원 → 194,650원  [end_win]
H2573 | bet   1,000원 BANKER | P:Q♠ 2♥ A♠=3  B:6♠ 4♦ 6♦=6  BANKER(W)  | +950원 → 195,600원
H2574 | bet   1,000원 BANKER | P:Q♥ 3♠ Q♠=3  B:Q♦ 2♦ 6♥=8  BANKER(W)  | +950원 → 196,550원
H2575 | bet   1,000원 BANKER | P:K♣ Q♣=0  B:10♣ 8♠=8  BANKER(W)  | +950원 → 197,500원
H2576 | bet   1,000원 BANKER | P:A♣ 5♥=6  B:A♥ 9♣ J♦=0  PLAYER(L)  | -1,000원 → 196,500원  [start]
H2577 | bet   2,000원 PLAYER | P:K♦ Q♠ J♦=0  B:2♣ A♥ 4♠=7  BANKER(L)  | -2,000원 → 194,500원
H2578 | bet   4,000원 PLAYER | P:8♥ 3♣ 9♠=0  B:3♣ 3♥=6  BANKER(L)  | -4,000원 → 190,500원
H2579 | bet   8,000원 PLAYER | P:A♦ 9♣ 5♦=5  B:10♠ 3♦ K♣=3  PLAYER(W)  | +8,000원 → 198,500원  [end_win]
H2580 | bet   1,000원 BANKER | P:7♠ 6♣=3  B:8♥ J♣=8  BANKER(W)  | +950원 → 199,450원
H2581 | bet   1,000원 BANKER | P:5♠ 6♥=1  B:5♦ 4♣=9  BANKER(W)  | +950원 → 200,400원
H2582 | bet   1,000원 BANKER | P:8♠ 4♦=2  B:A♥ 8♠=9  BANKER(W)  | +950원 → 201,350원
H2583 | bet   1,000원 BANKER | P:7♠ 3♠ J♥=0  B:5♣ 7♦ 4♣=6  BANKER(W)  | +950원 → 202,300원
H2584 | bet   1,000원 BANKER | P:J♣ 2♥ Q♦=2  B:4♦ 8♥ A♠=3  BANKER(W)  | +950원 → 203,250원
H2585 | bet   1,000원 BANKER | P:K♥ 4♣=4  B:J♠ 8♣=8  BANKER(W)  | +950원 → 204,200원
H2586 | bet   1,000원 BANKER | P:5♣ J♣ J♠=5  B:J♥ Q♣ 4♠=4  PLAYER(L)  | -1,000원 → 203,200원  [start]
H2587 | bet   2,000원 PLAYER | P:J♠ 5♠ K♣=5  B:5♥ 5♥ 8♠=8  BANKER(L)  | -2,000원 → 201,200원
H2588 | bet   4,000원 PLAYER | P:A♥ 4♣ A♠=6  B:K♥ 7♠=7  BANKER(L)  | -4,000원 → 197,200원
H2589 | bet   8,000원 PLAYER | P:6♦ 2♠=8  B:3♦ 8♦=1  PLAYER(W)  | +8,000원 → 205,200원  [end_win]
H2590 | bet   1,000원 BANKER | P:A♦ 4♠ 5♣=0  B:10♦ A♣ K♣=1  BANKER(W)  | +950원 → 206,150원
H2591 | bet   1,000원 BANKER | P:8♣ K♦=8  B:7♦ 7♣=4  PLAYER(L)  | -1,000원 → 205,150원  [start]
H2592 | bet   2,000원 PLAYER | P:J♠ 8♣=8  B:7♥ 7♥=4  PLAYER(W)  | +2,000원 → 207,150원  [end_win]
H2593 | bet   1,000원 BANKER | P:2♥ 3♥ 9♣=4  B:6♣ 10♣=6  BANKER(W)  | +950원 → 208,100원
H2594 | bet   1,000원 BANKER | P:7♦ 2♦=9  B:A♥ A♥=2  PLAYER(L)  | -1,000원 → 207,100원  [start]
H2595 | bet   2,000원 PLAYER | P:8♠ 6♠ 5♥=9  B:3♦ Q♥ 3♣=6  PLAYER(W)  | +2,000원 → 209,100원  [end_win]
H2596 | bet   1,000원 BANKER | P:10♠ 3♣ K♠=3  B:J♣ 3♦ 7♦=0  PLAYER(L)  | -1,000원 → 208,100원  [start]
H2597 | bet   2,000원 PLAYER | P:7♣ A♦=8  B:10♠ Q♥=0  PLAYER(W)  | +2,000원 → 210,100원  [end_win]
H2598 | bet   1,000원 BANKER | P:9♠ 9♠=8  B:4♥ Q♠=4  PLAYER(L)  | -1,000원 → 209,100원  [start]
H2599 | bet   2,000원 PLAYER | P:10♥ 9♣=9  B:10♦ 2♥=2  PLAYER(W)  | +2,000원 → 211,100원  [end_win]
H2600 | bet   1,000원 BANKER | P:3♦ 6♠=9  B:J♣ 8♥=8  PLAYER(L)  | -1,000원 → 210,100원  [start]
H2601 | bet   2,000원 PLAYER | P:10♠ 6♠=6  B:9♠ 2♣ 6♥=7  BANKER(L)  | -2,000원 → 208,100원
H2602 | bet   4,000원 PLAYER | P:9♠ K♦=9  B:10♥ 10♣=0  PLAYER(W)  | +4,000원 → 212,100원  [end_win]
H2603 | bet   1,000원 BANKER | P:8♦ 9♦=7  B:3♥ 5♦=8  BANKER(W)  | +950원 → 213,050원
H2604 | bet   1,000원 BANKER | P:K♣ 5♦ 2♣=7  B:K♠ 6♣=6  PLAYER(L)  | -1,000원 → 212,050원  [start]
H2605 | bet   2,000원 PLAYER | P:4♠ 7♥ 10♣=1  B:7♦ 8♦=5  BANKER(L)  | -2,000원 → 210,050원
H2606 | bet   4,000원 PLAYER | P:9♥ 4♦ 7♥=0  B:2♠ 2♦ 8♥=2  BANKER(L)  | -4,000원 → 206,050원
H2607 | bet   8,000원 PLAYER | P:10♦ A♣=1  B:2♦ 7♥=9  BANKER(L)  | -8,000원 → 198,050원
H2608 | bet  16,000원 PLAYER | P:Q♣ Q♣ 3♠=3  B:J♥ J♠ 8♣=8  BANKER(L)  | -16,000원 → 182,050원
H2609 | bet  32,000원 PLAYER | P:6♦ 3♥=9  B:3♠ Q♠=3  PLAYER(W)  | +32,000원 → 214,050원  [end_win]
H2610 | bet   1,000원 BANKER | P:3♠ 9♦=2  B:Q♥ 9♥=9  BANKER(W)  | +950원 → 215,000원
H2611 | bet   1,000원 BANKER | P:9♥ 10♠=9  B:8♣ 9♥=7  PLAYER(L)  | -1,000원 → 214,000원  [start]
H2612 | bet   2,000원 PLAYER | P:7♠ Q♥=7  B:5♠ 3♥=8  BANKER(L)  | -2,000원 → 212,000원
H2613 | bet   4,000원 PLAYER | P:9♥ 5♠ K♥=4  B:2♥ 9♠ 5♠=6  BANKER(L)  | -4,000원 → 208,000원
H2614 | bet   8,000원 PLAYER | P:7♥ 3♣ 6♦=6  B:6♣ 8♦ 5♣=9  BANKER(L)  | -8,000원 → 200,000원
H2615 | bet  16,000원 PLAYER | P:8♣ 4♦=2  B:8♦ A♥=9  BANKER(L)  | -16,000원 → 184,000원
H2616 | bet  32,000원 PLAYER | P:J♦ K♦ 9♠=9  B:2♥ 9♣ 6♠=7  PLAYER(W)  | +32,000원 → 216,000원  [end_win]
H2617 | bet   1,000원 BANKER | P:4♦ K♥ K♠=4  B:10♣ 5♦=5  BANKER(W)  | +950원 → 216,950원
H2618 | bet   1,000원 BANKER | P:J♥ A♣ J♣=1  B:4♠ A♠=5  BANKER(W)  | +950원 → 217,900원
H2619 | bet   1,000원 BANKER | P:Q♠ 10♣ 4♣=4  B:Q♣ A♥ J♣=1  PLAYER(L)  | -1,000원 → 216,900원  [start]
H2620 | bet   2,000원 PLAYER | P:6♠ 4♦=0  B:5♣ 3♥=8  BANKER(L)  | -2,000원 → 214,900원
H2621 | bet   4,000원 PLAYER | P:4♥ J♣ 10♠=4  B:7♥ J♦=7  BANKER(L)  | -4,000원 → 210,900원
H2622 | bet   8,000원 PLAYER | P:4♠ A♥ 5♦=0  B:3♦ K♣ Q♥=3  BANKER(L)  | -8,000원 → 202,900원
H2623 | bet  16,000원 PLAYER | P:3♦ 8♣ 10♥=1  B:8♠ 3♠ 6♥=7  BANKER(L)  | -16,000원 → 186,900원
H2624 | bet  32,000원 PLAYER | P:J♥ 4♠ 5♠=9  B:A♦ J♦ 7♦=8  PLAYER(W)  | +32,000원 → 218,900원  [end_win]
H2625 | bet   1,000원 BANKER | P:5♠ 3♥=8  B:J♥ A♠=1  PLAYER(L)  | -1,000원 → 217,900원  [start]
H2626 | bet   2,000원 PLAYER | P:7♥ 10♦=7  B:10♣ 7♥=7  TIE(T)  |     0원 → 217,900원
H2627 | bet   2,000원 PLAYER | P:3♥ 5♥=8  B:A♦ K♦=1  PLAYER(W)  | +2,000원 → 219,900원  [end_win]
H2628 | bet   1,000원 BANKER | P:Q♦ 6♥=6  B:9♣ 6♥ J♦=5  PLAYER(L)  | -1,000원 → 218,900원  [start]
H2629 | bet   2,000원 PLAYER | P:4♥ K♦ 5♣=9  B:9♦ 3♠ 7♦=9  TIE(T)  |     0원 → 218,900원
H2630 | bet   2,000원 PLAYER | P:J♠ 2♦ 6♦=8  B:3♥ J♥ 7♥=0  PLAYER(W)  | +2,000원 → 220,900원  [end_win]
H2631 | bet   1,000원 BANKER | P:K♥ 10♦ Q♥=0  B:A♣ 9♠ 7♦=7  BANKER(W)  | +950원 → 221,850원
H2632 | bet   1,000원 BANKER | P:4♠ A♥ J♠=5  B:8♠ 2♦ 6♣=6  BANKER(W)  | +950원 → 222,800원
H2633 | bet   1,000원 BANKER | P:7♣ K♥=7  B:K♠ 6♦=6  PLAYER(L)  | -1,000원 → 221,800원  [start]
H2634 | bet   2,000원 PLAYER | P:K♥ K♦=0  B:K♦ 9♠=9  BANKER(L)  | -2,000원 → 219,800원
H2635 | bet   4,000원 PLAYER | P:4♦ 9♥ 2♣=5  B:5♣ 9♦ 3♦=7  BANKER(L)  | -4,000원 → 215,800원
H2636 | bet   8,000원 PLAYER | P:5♦ K♣ Q♣=5  B:9♥ 2♥ 5♦=6  BANKER(L)  | -8,000원 → 207,800원
H2637 | bet  16,000원 PLAYER | P:9♠ K♣=9  B:J♥ 4♠=4  PLAYER(W)  | +16,000원 → 223,800원  [end_win]
H2638 | bet   1,000원 BANKER | P:9♣ 3♣ 5♠=7  B:10♥ 3♥ 9♠=2  PLAYER(L)  | -1,000원 → 222,800원  [start]
H2639 | bet   2,000원 PLAYER | P:Q♦ K♦=0  B:4♦ 4♣=8  BANKER(L)  | -2,000원 → 220,800원
H2640 | bet   4,000원 PLAYER | P:K♣ 4♠ J♣=4  B:6♣ J♥=6  BANKER(L)  | -4,000원 → 216,800원
H2641 | bet   8,000원 PLAYER | P:8♥ 3♠ K♦=1  B:6♦ 9♥=5  BANKER(L)  | -8,000원 → 208,800원
H2642 | bet  16,000원 PLAYER | P:8♠ 10♦=8  B:Q♠ K♥=0  PLAYER(W)  | +16,000원 → 224,800원  [end_win]
H2643 | bet   1,000원 BANKER | P:2♦ 9♦ 10♠=1  B:K♣ Q♣ Q♠=0  PLAYER(L)  | -1,000원 → 223,800원  [start]
H2644 | bet   2,000원 PLAYER | P:9♥ 6♣ 6♥=1  B:10♠ K♠ 9♦=9  BANKER(L)  | -2,000원 → 221,800원
H2645 | bet   4,000원 PLAYER | P:4♥ 2♠=6  B:10♠ 5♣ Q♥=5  PLAYER(W)  | +4,000원 → 225,800원  [end_win]
H2646 | bet   1,000원 BANKER | P:2♣ J♠ K♥=2  B:8♦ 4♠ 9♣=1  PLAYER(L)  | -1,000원 → 224,800원  [start]
H2647 | bet   2,000원 PLAYER | P:7♣ A♠=8  B:Q♣ 3♦=3  PLAYER(W)  | +2,000원 → 226,800원  [end_win]
H2648 | bet   1,000원 BANKER | P:K♠ 3♥ 9♥=2  B:10♥ 5♦=5  BANKER(W)  | +950원 → 227,750원
H2649 | bet   1,000원 BANKER | P:Q♦ 5♥ 3♥=8  B:4♥ 2♦=6  PLAYER(L)  | -1,000원 → 226,750원  [start]
H2650 | bet   2,000원 PLAYER | P:J♠ 9♦=9  B:5♥ 7♦=2  PLAYER(W)  | +2,000원 → 228,750원  [end_win]
H2651 | bet   1,000원 BANKER | P:6♥ 2♥=8  B:8♦ 4♣=2  PLAYER(L)  | -1,000원 → 227,750원  [start]
H2652 | bet   2,000원 PLAYER | P:7♣ 2♥=9  B:5♥ 3♣=8  PLAYER(W)  | +2,000원 → 229,750원  [end_win]
H2653 | bet   1,000원 BANKER | P:A♦ 6♠=7  B:2♣ 10♣ 10♦=2  PLAYER(L)  | -1,000원 → 228,750원  [start]
H2654 | bet   2,000원 PLAYER | P:Q♠ 6♠=6  B:8♠ J♦=8  BANKER(L)  | -2,000원 → 226,750원
H2655 | bet   4,000원 PLAYER | P:A♣ 10♦ 2♠=3  B:8♥ 3♠ 7♦=8  BANKER(L)  | -4,000원 → 222,750원
H2656 | bet   8,000원 PLAYER | P:A♣ 5♦=6  B:3♠ J♠ J♦=3  PLAYER(W)  | +8,000원 → 230,750원  [end_win]
H2657 | bet   1,000원 BANKER | P:8♥ 2♠ 10♦=0  B:2♥ 4♥=6  BANKER(W)  | +950원 → 231,700원
H2658 | bet   1,000원 BANKER | P:10♦ 8♠=8  B:3♠ 7♠=0  PLAYER(L)  | -1,000원 → 230,700원  [start]
H2659 | bet   2,000원 PLAYER | P:8♣ 3♦ 8♣=9  B:6♠ 8♣=4  PLAYER(W)  | +2,000원 → 232,700원  [end_win]
H2660 | bet   1,000원 BANKER | P:5♠ K♣ 9♥=4  B:10♣ 6♥=6  BANKER(W)  | +950원 → 233,650원
H2661 | bet   1,000원 BANKER | P:Q♦ 2♥ 2♠=4  B:6♦ Q♦=6  BANKER(W)  | +950원 → 234,600원
H2662 | bet   1,000원 BANKER | P:6♣ 4♣ 5♣=5  B:4♦ 9♠ K♦=3  PLAYER(L)  | -1,000원 → 233,600원  [start]
H2663 | bet   2,000원 PLAYER | P:7♠ 3♦=0  B:8♠ Q♠=8  BANKER(L)  | -2,000원 → 231,600원
H2664 | bet   4,000원 PLAYER | P:2♠ 6♣=8  B:5♠ J♠=5  PLAYER(W)  | +4,000원 → 235,600원  [end_win]
H2665 | bet   1,000원 BANKER | P:10♣ 9♠=9  B:K♠ 8♥=8  PLAYER(L)  | -1,000원 → 234,600원  [start]
H2666 | bet   2,000원 PLAYER | P:2♣ 10♥ 6♦=8  B:10♥ Q♥ Q♠=0  PLAYER(W)  | +2,000원 → 236,600원  [end_win]
H2667 | bet   1,000원 BANKER | P:5♠ 5♠ 6♦=6  B:3♠ A♦ 3♠=7  BANKER(W)  | +950원 → 237,550원
H2668 | bet   1,000원 BANKER | P:7♥ 7♥ 7♥=1  B:10♠ 7♣=7  BANKER(W)  | +950원 → 238,500원
H2669 | bet   1,000원 BANKER | P:Q♦ A♠ 4♦=5  B:Q♥ A♥ K♠=1  PLAYER(L)  | -1,000원 → 237,500원  [start]
H2670 | bet   2,000원 PLAYER | P:J♦ 9♣=9  B:7♠ 8♠=5  PLAYER(W)  | +2,000원 → 239,500원  [end_win]
H2671 | bet   1,000원 BANKER | P:7♠ 9♣=6  B:6♦ 5♣ J♣=1  PLAYER(L)  | -1,000원 → 238,500원  [start]
H2672 | bet   2,000원 PLAYER | P:8♦ 3♣ Q♣=1  B:A♠ 10♥ 4♣=5  BANKER(L)  | -2,000원 → 236,500원
H2673 | bet   4,000원 PLAYER | P:A♣ 5♦=6  B:A♥ 4♥ 7♠=2  PLAYER(W)  | +4,000원 → 240,500원  [end_win]
H2674 | bet   1,000원 BANKER | P:9♥ 7♠=6  B:7♦ 3♦ A♦=1  PLAYER(L)  | -1,000원 → 239,500원  [start]
H2675 | bet   2,000원 PLAYER | P:2♥ A♦ 2♥=5  B:Q♣ 4♣ 2♦=6  BANKER(L)  | -2,000원 → 237,500원
H2676 | bet   4,000원 PLAYER | P:8♥ 5♥ 2♦=5  B:A♥ 3♣ 10♠=4  PLAYER(W)  | +4,000원 → 241,500원  [end_win]
H2677 | bet   1,000원 BANKER | P:6♥ 10♣=6  B:A♠ 5♠=6  TIE(T)  |     0원 → 241,500원
H2678 | bet   1,000원 BANKER | P:J♦ A♣=1  B:3♣ 5♣=8  BANKER(W)  | +950원 → 242,450원
H2679 | bet   1,000원 BANKER | P:8♥ A♥=9  B:3♣ 9♦=2  PLAYER(L)  | -1,000원 → 241,450원  [start]
H2680 | bet   2,000원 PLAYER | P:9♦ J♣=9  B:5♦ 7♣=2  PLAYER(W)  | +2,000원 → 243,450원  [end_win]
H2681 | bet   1,000원 BANKER | P:9♥ A♠ 7♠=7  B:6♠ 6♠ Q♣=2  PLAYER(L)  | -1,000원 → 242,450원  [start]
H2682 | bet   2,000원 PLAYER | P:7♣ 2♠=9  B:Q♥ 3♦=3  PLAYER(W)  | +2,000원 → 244,450원  [end_win]
H2683 | bet   1,000원 BANKER | P:K♥ J♣ 10♥=0  B:Q♥ 6♣=6  BANKER(W)  | +950원 → 245,400원
H2684 | bet   1,000원 BANKER | P:K♥ 3♥=3  B:8♦ 10♣=8  BANKER(W)  | +950원 → 246,350원
H2685 | bet   1,000원 BANKER | P:Q♠ 5♥ 9♠=4  B:7♣ K♣=7  BANKER(W)  | +950원 → 247,300원
H2686 | bet   1,000원 BANKER | P:4♥ 7♦ Q♦=1  B:7♠ 10♦=7  BANKER(W)  | +950원 → 248,250원
H2687 | bet   1,000원 BANKER | P:Q♣ 8♠=8  B:J♠ 9♣=9  BANKER(W)  | +950원 → 249,200원
H2688 | bet   1,000원 BANKER | P:8♦ 8♥=6  B:Q♦ Q♠ A♦=1  PLAYER(L)  | -1,000원 → 248,200원  [start]
H2689 | bet   2,000원 PLAYER | P:K♣ A♣ 7♣=8  B:4♥ 2♦ 8♣=4  PLAYER(W)  | +2,000원 → 250,200원  [end_win]
H2690 | bet   1,000원 BANKER | P:7♦ 5♥ A♣=3  B:K♠ 2♠ 3♣=5  BANKER(W)  | +950원 → 251,150원
H2691 | bet   1,000원 BANKER | P:8♥ A♠=9  B:8♣ 4♠=2  PLAYER(L)  | -1,000원 → 250,150원  [start]
H2692 | bet   2,000원 PLAYER | P:4♦ 6♣ 4♣=4  B:K♠ 6♥=6  BANKER(L)  | -2,000원 → 248,150원
H2693 | bet   4,000원 PLAYER | P:10♠ J♥ 10♥=0  B:8♣ 5♥ 9♦=2  BANKER(L)  | -4,000원 → 244,150원
H2694 | bet   8,000원 PLAYER | P:2♣ J♣ 4♣=6  B:2♦ 2♣ 10♠=4  PLAYER(W)  | +8,000원 → 252,150원  [end_win]
H2695 | bet   1,000원 BANKER | P:7♠ K♣=7  B:6♣ J♣=6  PLAYER(L)  | -1,000원 → 251,150원  [start]
H2696 | bet   2,000원 PLAYER | P:9♥ 8♠=7  B:8♠ Q♥=8  BANKER(L)  | -2,000원 → 249,150원
H2697 | bet   4,000원 PLAYER | P:5♠ 4♠=9  B:8♣ 4♦=2  PLAYER(W)  | +4,000원 → 253,150원  [end_win]
H2698 | bet   1,000원 BANKER | P:10♣ 8♥=8  B:2♠ 8♠=0  PLAYER(L)  | -1,000원 → 252,150원  [start]
H2699 | bet   2,000원 PLAYER | P:9♥ 6♣ 3♥=8  B:3♠ K♠ 6♥=9  BANKER(L)  | -2,000원 → 250,150원
H2700 | bet   4,000원 PLAYER | P:A♦ 7♥=8  B:7♠ 6♦=3  PLAYER(W)  | +4,000원 → 254,150원  [end_win]
H2701 | bet   1,000원 BANKER | P:Q♣ 2♠ 8♣=0  B:7♦ Q♥=7  BANKER(W)  | +950원 → 255,100원
H2702 | bet   1,000원 BANKER | P:8♦ K♦=8  B:8♠ Q♦=8  TIE(T)  |     0원 → 255,100원
H2703 | bet   1,000원 BANKER | P:8♦ 2♣ 6♥=6  B:10♠ Q♠ J♥=0  PLAYER(L)  | -1,000원 → 254,100원  [start]
H2704 | bet   2,000원 PLAYER | P:7♦ 7♥ 5♣=9  B:6♣ 6♦ 5♠=7  PLAYER(W)  | +2,000원 → 256,100원  [end_win]
H2705 | bet   1,000원 BANKER | P:9♦ 4♣ Q♥=3  B:J♠ 3♦ 6♥=9  BANKER(W)  | +950원 → 257,050원
H2706 | bet   1,000원 BANKER | P:A♠ 6♠=7  B:10♠ 9♠=9  BANKER(W)  | +950원 → 258,000원
H2707 | bet   1,000원 BANKER | P:2♠ 7♦=9  B:2♠ 9♦=1  PLAYER(L)  | -1,000원 → 257,000원  [start]
H2708 | bet   2,000원 PLAYER | P:A♥ 9♦ A♣=1  B:8♦ 4♣ 4♣=6  BANKER(L)  | -2,000원 → 255,000원
H2709 | bet   4,000원 PLAYER | P:J♦ 10♠=0  B:8♠ K♣=8  BANKER(L)  | -4,000원 → 251,000원
H2710 | bet   8,000원 PLAYER | P:K♣ 9♠=9  B:6♠ 10♦=6  PLAYER(W)  | +8,000원 → 259,000원  [end_win]
H2711 | bet   1,000원 BANKER | P:J♠ Q♦=0  B:6♦ 2♣=8  BANKER(W)  | +950원 → 259,950원
H2712 | bet   1,000원 BANKER | P:8♦ A♥=9  B:6♦ 7♥=3  PLAYER(L)  | -1,000원 → 258,950원  [start]
H2713 | bet   2,000원 PLAYER | P:3♥ J♦ 10♦=3  B:K♥ A♥ 5♦=6  BANKER(L)  | -2,000원 → 256,950원
H2714 | bet   4,000원 PLAYER | P:2♥ J♦ 7♠=9  B:A♦ 2♥ 9♦=2  PLAYER(W)  | +4,000원 → 260,950원  [end_win]
H2715 | bet   1,000원 BANKER | P:2♠ 5♣=7  B:Q♠ 5♦ Q♣=5  PLAYER(L)  | -1,000원 → 259,950원  [start]
H2716 | bet   2,000원 PLAYER | P:10♣ Q♣ Q♠=0  B:A♦ Q♥ 7♥=8  BANKER(L)  | -2,000원 → 257,950원
H2717 | bet   4,000원 PLAYER | P:7♦ 3♦ 4♦=4  B:8♣ 8♦=6  BANKER(L)  | -4,000원 → 253,950원
H2718 | bet   8,000원 PLAYER | P:10♦ 9♥=9  B:J♣ 8♣=8  PLAYER(W)  | +8,000원 → 261,950원  [end_win]
H2719 | bet   1,000원 BANKER | P:2♠ A♣ 3♦=6  B:5♠ A♠=6  TIE(T)  |     0원 → 261,950원
H2720 | bet   1,000원 BANKER | P:K♥ K♥ 8♣=8  B:4♠ 3♠=7  PLAYER(L)  | -1,000원 → 260,950원  [start]
H2721 | bet   2,000원 PLAYER | P:9♦ 4♥ 10♣=3  B:2♦ 10♥ 6♠=8  BANKER(L)  | -2,000원 → 258,950원
H2722 | bet   4,000원 PLAYER | P:K♦ 5♦ 9♠=4  B:2♥ K♦ 5♣=7  BANKER(L)  | -4,000원 → 254,950원
H2723 | bet   8,000원 PLAYER | P:J♥ 6♥=6  B:6♥ 5♥ 7♥=8  BANKER(L)  | -8,000원 → 246,950원
H2724 | bet  16,000원 PLAYER | P:5♥ 10♥=5  B:8♣ 10♦=8  BANKER(L)  | -16,000원 → 230,950원
H2725 | bet  32,000원 PLAYER | P:A♥ A♣ 7♣=9  B:5♦ 7♣ J♠=2  PLAYER(W)  | +32,000원 → 262,950원  [end_win]
H2726 | bet   1,000원 BANKER | P:K♦ 3♥=3  B:9♣ J♣=9  BANKER(W)  | +950원 → 263,900원
H2727 | bet   1,000원 BANKER | P:4♣ 4♣=8  B:K♣ 3♠=3  PLAYER(L)  | -1,000원 → 262,900원  [start]
H2728 | bet   2,000원 PLAYER | P:2♥ A♥ K♣=3  B:2♣ A♥ Q♣=3  TIE(T)  |     0원 → 262,900원
H2729 | bet   2,000원 PLAYER | P:A♦ A♠ 4♦=6  B:9♠ 3♦ 10♠=2  PLAYER(W)  | +2,000원 → 264,900원  [end_win]
H2730 | bet   1,000원 BANKER | P:5♠ 6♠ A♥=2  B:7♣ 4♣ Q♦=1  PLAYER(L)  | -1,000원 → 263,900원  [start]
H2731 | bet   2,000원 PLAYER | P:J♣ 3♠ 3♦=6  B:7♣ 9♠=6  TIE(T)  |     0원 → 263,900원
H2732 | bet   2,000원 PLAYER | P:4♠ 2♥=6  B:8♣ 10♠=8  BANKER(L)  | -2,000원 → 261,900원
H2733 | bet   4,000원 PLAYER | P:J♥ 10♥ K♠=0  B:2♦ Q♥ 4♥=6  BANKER(L)  | -4,000원 → 257,900원
H2734 | bet   8,000원 PLAYER | P:5♣ 3♣=8  B:6♥ Q♥=6  PLAYER(W)  | +8,000원 → 265,900원  [end_win]
H2735 | bet   1,000원 BANKER | P:4♠ Q♣ A♣=5  B:Q♣ 2♠ 9♣=1  PLAYER(L)  | -1,000원 → 264,900원  [start]
H2736 | bet   2,000원 PLAYER | P:2♥ K♠ 9♥=1  B:8♥ 9♥=7  BANKER(L)  | -2,000원 → 262,900원
H2737 | bet   4,000원 PLAYER | P:Q♥ Q♠=0  B:3♥ 5♦=8  BANKER(L)  | -4,000원 → 258,900원
H2738 | bet   8,000원 PLAYER | P:5♦ 4♣=9  B:9♦ 2♣=1  PLAYER(W)  | +8,000원 → 266,900원  [end_win]
H2739 | bet   1,000원 BANKER | P:2♣ 9♣ J♠=1  B:2♥ J♦ K♠=2  BANKER(W)  | +950원 → 267,850원
H2740 | bet   1,000원 BANKER | P:4♦ J♦ Q♦=4  B:4♦ 7♥ 10♣=1  PLAYER(L)  | -1,000원 → 266,850원  [start]
H2741 | bet   2,000원 PLAYER | P:9♦ 4♥ 3♠=6  B:10♦ A♠ 4♥=5  PLAYER(W)  | +2,000원 → 268,850원  [end_win]
H2742 | bet   1,000원 BANKER | P:J♣ 3♠=3  B:3♥ 5♥=8  BANKER(W)  | +950원 → 269,800원
H2743 | bet   1,000원 BANKER | P:Q♣ 4♥=4  B:7♥ 2♠=9  BANKER(W)  | +950원 → 270,750원
H2744 | bet   1,000원 BANKER | P:5♠ 6♦ 6♠=7  B:5♠ Q♦ 6♣=1  PLAYER(L)  | -1,000원 → 269,750원  [start]
H2745 | bet   2,000원 PLAYER | P:K♠ 3♥ J♠=3  B:K♥ K♣ K♥=0  PLAYER(W)  | +2,000원 → 271,750원  [end_win]
H2746 | bet   1,000원 BANKER | P:10♦ 10♥ 10♣=0  B:A♣ 10♥ 7♣=8  BANKER(W)  | +950원 → 272,700원
H2747 | bet   1,000원 BANKER | P:J♦ 10♦ 8♠=8  B:6♦ 8♠=4  PLAYER(L)  | -1,000원 → 271,700원  [start]
H2748 | bet   2,000원 PLAYER | P:A♦ 10♣=1  B:A♠ 8♦=9  BANKER(L)  | -2,000원 → 269,700원
H2749 | bet   4,000원 PLAYER | P:J♥ 5♥ 9♠=4  B:5♣ 2♣=7  BANKER(L)  | -4,000원 → 265,700원
H2750 | bet   8,000원 PLAYER | P:3♣ Q♠ K♣=3  B:K♥ K♠ 4♦=4  BANKER(L)  | -8,000원 → 257,700원
H2751 | bet  16,000원 PLAYER | P:5♠ 5♥ 7♣=7  B:10♥ 3♣ 5♦=8  BANKER(L)  | -16,000원 → 241,700원
H2752 | bet  32,000원 PLAYER | P:A♦ Q♠ J♣=1  B:2♦ 10♣ 6♥=8  BANKER(L)  | -32,000원 → 209,700원  [end_giveup]
H2753 | bet   1,000원 BANKER | P:J♥ 3♠ 7♦=0  B:Q♦ 4♠ 3♠=7  BANKER(W)  | +950원 → 210,650원
H2754 | bet   1,000원 BANKER | P:5♥ 10♣ 5♦=0  B:K♦ 4♣ 2♦=6  BANKER(W)  | +950원 → 211,600원
H2755 | bet   1,000원 BANKER | P:A♠ 3♥ 3♦=7  B:J♠ 2♣ 10♦=2  PLAYER(L)  | -1,000원 → 210,600원  [start]
H2756 | bet   2,000원 PLAYER | P:Q♠ 3♥ J♦=3  B:4♥ 10♠=4  BANKER(L)  | -2,000원 → 208,600원
H2757 | bet   4,000원 PLAYER | P:4♥ 7♠ 6♣=7  B:J♠ Q♠ 7♣=7  TIE(T)  |     0원 → 208,600원
H2758 | bet   4,000원 PLAYER | P:8♣ 4♥ 3♦=5  B:A♣ J♥ 6♥=7  BANKER(L)  | -4,000원 → 204,600원
H2759 | bet   8,000원 PLAYER | P:5♥ Q♦=5  B:5♣ 4♠=9  BANKER(L)  | -8,000원 → 196,600원
H2760 | bet  16,000원 PLAYER | P:J♣ K♦ 10♥=0  B:2♥ 9♦ A♥=2  BANKER(L)  | -16,000원 → 180,600원
H2761 | bet  32,000원 PLAYER | P:6♠ 4♠ 3♣=3  B:10♠ 10♠ 7♠=7  BANKER(L)  | -32,000원 → 148,600원  [end_giveup]
H2762 | bet   1,000원 BANKER | P:9♠ 9♥=8  B:8♥ J♥=8  TIE(T)  |     0원 → 148,600원
H2763 | bet   1,000원 BANKER | P:6♦ 7♠ 8♥=1  B:7♠ 5♠ J♥=2  BANKER(W)  | +950원 → 149,550원
H2764 | bet   1,000원 BANKER | P:K♦ 6♣=6  B:9♣ A♠ 9♣=9  BANKER(W)  | +950원 → 150,500원
H2765 | bet   1,000원 BANKER | P:5♥ 4♦=9  B:9♣ 6♦=5  PLAYER(L)  | -1,000원 → 149,500원  [start]
H2766 | bet   2,000원 PLAYER | P:J♠ 8♥=8  B:K♣ 2♦=2  PLAYER(W)  | +2,000원 → 151,500원  [end_win]
H2767 | bet   1,000원 BANKER | P:8♥ 3♣ 2♦=3  B:8♥ 9♣=7  BANKER(W)  | +950원 → 152,450원
H2768 | bet   1,000원 BANKER | P:9♥ 5♣=4  B:K♠ 9♣=9  BANKER(W)  | +950원 → 153,400원
H2769 | bet   1,000원 BANKER | P:3♣ 8♥ 6♠=7  B:7♦ 8♦ K♦=5  PLAYER(L)  | -1,000원 → 152,400원  [start]
H2770 | bet   2,000원 PLAYER | P:Q♣ 4♠ 7♦=1  B:2♦ J♣ 9♥=1  TIE(T)  |     0원 → 152,400원
H2771 | bet   2,000원 PLAYER | P:A♦ A♣ 9♠=1  B:7♠ 6♣ Q♦=3  BANKER(L)  | -2,000원 → 150,400원
H2772 | bet   4,000원 PLAYER | P:7♦ 5♣ 7♣=9  B:3♣ 8♠ 3♣=4  PLAYER(W)  | +4,000원 → 154,400원  [end_win]
H2773 | bet   1,000원 BANKER | P:K♠ K♥ 2♦=2  B:A♦ 4♦=5  BANKER(W)  | +950원 → 155,350원
H2774 | bet   1,000원 BANKER | P:6♦ 10♠=6  B:10♦ K♥ 10♣=0  PLAYER(L)  | -1,000원 → 154,350원  [start]
H2775 | bet   2,000원 PLAYER | P:8♦ 9♣=7  B:8♥ Q♥=8  BANKER(L)  | -2,000원 → 152,350원
H2776 | bet   4,000원 PLAYER | P:6♦ 10♠=6  B:Q♥ 8♠=8  BANKER(L)  | -4,000원 → 148,350원
H2777 | bet   8,000원 PLAYER | P:Q♠ 7♠=7  B:2♦ A♦ 8♥=1  PLAYER(W)  | +8,000원 → 156,350원  [end_win]
H2778 | bet   1,000원 BANKER | P:5♣ 10♥ 7♣=2  B:K♠ 7♣=7  BANKER(W)  | +950원 → 157,300원
H2779 | bet   1,000원 BANKER | P:7♣ 3♠ 6♥=6  B:5♦ 6♦ Q♣=1  PLAYER(L)  | -1,000원 → 156,300원  [start]
H2780 | bet   2,000원 PLAYER | P:J♠ J♦ 8♣=8  B:5♣ Q♦=5  PLAYER(W)  | +2,000원 → 158,300원  [end_win]
H2781 | bet   1,000원 BANKER | P:2♥ 2♥=4  B:9♦ 10♥=9  BANKER(W)  | +950원 → 159,250원
H2782 | bet   1,000원 BANKER | P:A♣ 9♠ K♥=0  B:6♣ 9♥=5  BANKER(W)  | +950원 → 160,200원
H2783 | bet   1,000원 BANKER | P:Q♠ 7♣=7  B:9♣ 3♥ 8♠=0  PLAYER(L)  | -1,000원 → 159,200원  [start]
H2784 | bet   2,000원 PLAYER | P:10♣ Q♣ 6♥=6  B:6♥ J♠ 6♦=2  PLAYER(W)  | +2,000원 → 161,200원  [end_win]
H2785 | bet   1,000원 BANKER | P:9♥ 3♦ J♠=2  B:5♣ 2♥=7  BANKER(W)  | +950원 → 162,150원
H2786 | bet   1,000원 BANKER | P:7♦ J♦=7  B:3♠ 4♥=7  TIE(T)  |     0원 → 162,150원
H2787 | bet   1,000원 BANKER | P:2♠ 2♦=4  B:2♠ 7♣=9  BANKER(W)  | +950원 → 163,100원
H2788 | bet   1,000원 BANKER | P:2♣ 4♠=6  B:10♠ 3♣ A♠=4  PLAYER(L)  | -1,000원 → 162,100원  [start]
H2789 | bet   2,000원 PLAYER | P:3♦ 4♠=7  B:7♥ 7♠ A♣=5  PLAYER(W)  | +2,000원 → 164,100원  [end_win]
H2790 | bet   1,000원 BANKER | P:A♣ 6♣=7  B:9♣ 6♠ 4♥=9  BANKER(W)  | +950원 → 165,050원
H2791 | bet   1,000원 BANKER | P:2♠ Q♥ 6♥=8  B:2♦ 8♥ 5♦=5  PLAYER(L)  | -1,000원 → 164,050원  [start]
H2792 | bet   2,000원 PLAYER | P:J♥ J♦ Q♥=0  B:9♦ 7♦=6  BANKER(L)  | -2,000원 → 162,050원
H2793 | bet   4,000원 PLAYER | P:10♠ K♠ 8♠=8  B:10♣ 4♥=4  PLAYER(W)  | +4,000원 → 166,050원  [end_win]
H2794 | bet   1,000원 BANKER | P:8♣ K♥=8  B:7♣ 10♣=7  PLAYER(L)  | -1,000원 → 165,050원  [start]
H2795 | bet   2,000원 PLAYER | P:A♥ 9♠=0  B:4♣ 5♥=9  BANKER(L)  | -2,000원 → 163,050원
H2796 | bet   4,000원 PLAYER | P:5♣ 10♥ 9♥=4  B:A♥ K♠ 5♣=6  BANKER(L)  | -4,000원 → 159,050원
H2797 | bet   8,000원 PLAYER | P:Q♣ Q♥=0  B:9♣ J♦=9  BANKER(L)  | -8,000원 → 151,050원
H2798 | bet  16,000원 PLAYER | P:9♠ 4♣ 6♥=9  B:K♦ 7♥=7  PLAYER(W)  | +16,000원 → 167,050원  [end_win]
H2799 | bet   1,000원 BANKER | P:Q♦ Q♦ 9♠=9  B:7♠ 4♦ 10♣=1  PLAYER(L)  | -1,000원 → 166,050원  [start]
H2800 | bet   2,000원 PLAYER | P:8♠ 7♠=5  B:8♥ K♠=8  BANKER(L)  | -2,000원 → 164,050원
H2801 | bet   4,000원 PLAYER | P:4♦ 4♦=8  B:7♦ J♣=7  PLAYER(W)  | +4,000원 → 168,050원  [end_win]
H2802 | bet   1,000원 BANKER | P:7♥ 7♦ 5♣=9  B:J♣ Q♥ 10♦=0  PLAYER(L)  | -1,000원 → 167,050원  [start]
H2803 | bet   2,000원 PLAYER | P:8♣ A♦=9  B:5♦ 5♠=0  PLAYER(W)  | +2,000원 → 169,050원  [end_win]
H2804 | bet   1,000원 BANKER | P:2♦ 7♦=9  B:Q♥ A♥=1  PLAYER(L)  | -1,000원 → 168,050원  [start]
H2805 | bet   2,000원 PLAYER | P:6♦ Q♣=6  B:10♥ 8♣=8  BANKER(L)  | -2,000원 → 166,050원
H2806 | bet   4,000원 PLAYER | P:3♦ 3♠=6  B:K♦ 4♠ A♦=5  PLAYER(W)  | +4,000원 → 170,050원  [end_win]
H2807 | bet   1,000원 BANKER | P:10♥ 4♠ 3♠=7  B:K♦ J♦ 8♣=8  BANKER(W)  | +950원 → 171,000원
H2808 | bet   1,000원 BANKER | P:Q♠ 6♣=6  B:5♦ 3♠=8  BANKER(W)  | +950원 → 171,950원
H2809 | bet   1,000원 BANKER | P:3♣ J♦ 5♠=8  B:8♠ 6♥ 7♠=1  PLAYER(L)  | -1,000원 → 170,950원  [start]
H2810 | bet   2,000원 PLAYER | P:2♠ A♠ 5♠=8  B:K♥ Q♦ 5♠=5  PLAYER(W)  | +2,000원 → 172,950원  [end_win]
H2811 | bet   1,000원 BANKER | P:4♣ 5♣=9  B:3♠ 9♣=2  PLAYER(L)  | -1,000원 → 171,950원  [start]
H2812 | bet   2,000원 PLAYER | P:8♦ 3♣ 10♦=1  B:A♣ 3♦=4  BANKER(L)  | -2,000원 → 169,950원
H2813 | bet   4,000원 PLAYER | P:8♦ 7♥=5  B:9♠ 10♥=9  BANKER(L)  | -4,000원 → 165,950원
H2814 | bet   8,000원 PLAYER | P:3♣ 9♥ 8♦=0  B:A♦ 6♦=7  BANKER(L)  | -8,000원 → 157,950원
H2815 | bet  16,000원 PLAYER | P:2♣ 3♣ 8♦=3  B:4♥ 2♦=6  BANKER(L)  | -16,000원 → 141,950원
H2816 | bet  32,000원 PLAYER | P:Q♣ J♣ 8♠=8  B:J♥ 6♠=6  PLAYER(W)  | +32,000원 → 173,950원  [end_win]
H2817 | bet   1,000원 BANKER | P:K♦ K♦ A♦=1  B:4♣ A♦=5  BANKER(W)  | +950원 → 174,900원
H2818 | bet   1,000원 BANKER | P:2♣ 8♥ 5♥=5  B:7♣ K♣=7  BANKER(W)  | +950원 → 175,850원
H2819 | bet   1,000원 BANKER | P:7♠ K♣=7  B:A♣ 10♦ J♥=1  PLAYER(L)  | -1,000원 → 174,850원  [start]
H2820 | bet   2,000원 PLAYER | P:K♣ A♣ Q♦=1  B:5♠ 10♥=5  BANKER(L)  | -2,000원 → 172,850원
H2821 | bet   4,000원 PLAYER | P:7♦ 9♣=6  B:8♠ J♣=8  BANKER(L)  | -4,000원 → 168,850원
H2822 | bet   8,000원 PLAYER | P:3♠ A♠ 2♣=6  B:5♥ 10♠=5  PLAYER(W)  | +8,000원 → 176,850원  [end_win]
H2823 | bet   1,000원 BANKER | P:J♥ A♥ 10♠=1  B:5♥ 9♠=4  BANKER(W)  | +950원 → 177,800원
H2824 | bet   1,000원 BANKER | P:8♥ 2♠ 4♠=4  B:A♦ 2♦ 5♦=8  BANKER(W)  | +950원 → 178,750원
H2825 | bet   1,000원 BANKER | P:4♣ 4♣=8  B:9♣ 7♣=6  PLAYER(L)  | -1,000원 → 177,750원  [start]
H2826 | bet   2,000원 PLAYER | P:6♣ 6♠ 4♥=6  B:4♠ 9♦ Q♠=3  PLAYER(W)  | +2,000원 → 179,750원  [end_win]
H2827 | bet   1,000원 BANKER | P:K♠ 9♥=9  B:3♥ 4♥=7  PLAYER(L)  | -1,000원 → 178,750원  [start]
H2828 | bet   2,000원 PLAYER | P:5♦ K♦ K♣=5  B:2♦ Q♦ 3♦=5  TIE(T)  |     0원 → 178,750원
H2829 | bet   2,000원 PLAYER | P:A♠ K♦ 2♦=3  B:2♥ Q♣ J♠=2  PLAYER(W)  | +2,000원 → 180,750원  [end_win]
H2830 | bet   1,000원 BANKER | P:3♣ J♠ 5♥=8  B:2♣ Q♦ 4♥=6  PLAYER(L)  | -1,000원 → 179,750원  [start]
H2831 | bet   2,000원 PLAYER | P:8♥ J♣=8  B:Q♥ 8♦=8  TIE(T)  |     0원 → 179,750원
H2832 | bet   2,000원 PLAYER | P:7♠ 4♦ 4♠=5  B:6♣ 9♦ 2♠=7  BANKER(L)  | -2,000원 → 177,750원
H2833 | bet   4,000원 PLAYER | P:4♦ 8♣ K♥=2  B:8♥ 9♥=7  BANKER(L)  | -4,000원 → 173,750원
H2834 | bet   8,000원 PLAYER | P:2♥ 7♥=9  B:J♦ 7♠=7  PLAYER(W)  | +8,000원 → 181,750원  [end_win]
H2835 | bet   1,000원 BANKER | P:K♥ 5♥ 6♣=1  B:K♣ 10♦ 10♥=0  PLAYER(L)  | -1,000원 → 180,750원  [start]
H2836 | bet   2,000원 PLAYER | P:2♥ 10♣ 10♠=2  B:Q♣ J♣ Q♠=0  PLAYER(W)  | +2,000원 → 182,750원  [end_win]
H2837 | bet   1,000원 BANKER | P:9♥ 7♦=6  B:7♥ Q♦=7  BANKER(W)  | +950원 → 183,700원
H2838 | bet   1,000원 BANKER | P:Q♠ 3♦ 6♥=9  B:4♦ 9♦ 2♠=5  PLAYER(L)  | -1,000원 → 182,700원  [start]
H2839 | bet   2,000원 PLAYER | P:3♦ 3♣=6  B:8♣ 6♠ 4♣=8  BANKER(L)  | -2,000원 → 180,700원
H2840 | bet   4,000원 PLAYER | P:6♠ J♦=6  B:5♠ 5♦ K♦=0  PLAYER(W)  | +4,000원 → 184,700원  [end_win]
H2841 | bet   1,000원 BANKER | P:6♦ 10♦=6  B:J♥ 2♠ 3♥=5  PLAYER(L)  | -1,000원 → 183,700원  [start]
H2842 | bet   2,000원 PLAYER | P:2♣ A♥ 5♠=8  B:3♦ J♣ Q♠=3  PLAYER(W)  | +2,000원 → 185,700원  [end_win]
H2843 | bet   1,000원 BANKER | P:A♠ 5♣=6  B:A♠ K♥ K♠=1  PLAYER(L)  | -1,000원 → 184,700원  [start]
H2844 | bet   2,000원 PLAYER | P:7♥ K♣=7  B:7♥ 5♠ 6♠=8  BANKER(L)  | -2,000원 → 182,700원
H2845 | bet   4,000원 PLAYER | P:K♠ 10♠ J♥=0  B:10♦ 3♣ J♠=3  BANKER(L)  | -4,000원 → 178,700원
H2846 | bet   8,000원 PLAYER | P:3♥ 5♥=8  B:4♣ K♥=4  PLAYER(W)  | +8,000원 → 186,700원  [end_win]
H2847 | bet   1,000원 BANKER | P:A♠ 3♠ 9♥=3  B:5♥ 8♠ 3♥=6  BANKER(W)  | +950원 → 187,650원
H2848 | bet   1,000원 BANKER | P:A♣ A♥ J♣=2  B:7♦ 9♦=6  BANKER(W)  | +950원 → 188,600원
H2849 | bet   1,000원 BANKER | P:10♣ 8♦=8  B:K♠ A♠=1  PLAYER(L)  | -1,000원 → 187,600원  [start]
H2850 | bet   2,000원 PLAYER | P:2♣ 3♥ Q♠=5  B:2♥ 8♦ A♣=1  PLAYER(W)  | +2,000원 → 189,600원  [end_win]
H2851 | bet   1,000원 BANKER | P:9♠ 2♥ K♣=1  B:4♥ 9♣ 6♣=9  BANKER(W)  | +950원 → 190,550원
H2852 | bet   1,000원 BANKER | P:2♣ 6♠=8  B:Q♣ 5♦=5  PLAYER(L)  | -1,000원 → 189,550원  [start]
H2853 | bet   2,000원 PLAYER | P:A♥ A♥ 10♣=2  B:4♠ 9♠ 6♠=9  BANKER(L)  | -2,000원 → 187,550원
H2854 | bet   4,000원 PLAYER | P:J♥ 3♥=3  B:8♣ J♥=8  BANKER(L)  | -4,000원 → 183,550원
H2855 | bet   8,000원 PLAYER | P:K♥ 2♦ 2♥=4  B:A♣ 3♣ 8♠=2  PLAYER(W)  | +8,000원 → 191,550원  [end_win]
H2856 | bet   1,000원 BANKER | P:J♠ 10♠ J♣=0  B:J♥ 4♣=4  BANKER(W)  | +950원 → 192,500원
H2857 | bet   1,000원 BANKER | P:J♠ Q♦ 5♦=5  B:A♦ 9♠ J♣=0  PLAYER(L)  | -1,000원 → 191,500원  [start]
H2858 | bet   2,000원 PLAYER | P:4♥ 4♠=8  B:Q♥ 7♣=7  PLAYER(W)  | +2,000원 → 193,500원  [end_win]
H2859 | bet   1,000원 BANKER | P:6♠ Q♥=6  B:Q♠ 4♠ 9♣=3  PLAYER(L)  | -1,000원 → 192,500원  [start]
H2860 | bet   2,000원 PLAYER | P:4♥ K♠ 5♥=9  B:10♦ 2♠ 5♦=7  PLAYER(W)  | +2,000원 → 194,500원  [end_win]
H2861 | bet   1,000원 BANKER | P:5♥ 3♦=8  B:J♣ 3♣=3  PLAYER(L)  | -1,000원 → 193,500원  [start]
H2862 | bet   2,000원 PLAYER | P:K♦ A♣ 9♦=0  B:J♦ Q♦ J♠=0  TIE(T)  |     0원 → 193,500원
H2863 | bet   2,000원 PLAYER | P:8♠ Q♣=8  B:9♦ 3♣=2  PLAYER(W)  | +2,000원 → 195,500원  [end_win]
H2864 | bet   1,000원 BANKER | P:8♠ 2♥ 7♣=7  B:K♣ J♦ 5♦=5  PLAYER(L)  | -1,000원 → 194,500원  [start]
H2865 | bet   2,000원 PLAYER | P:A♥ 9♣ 7♥=7  B:K♠ 3♠ Q♦=3  PLAYER(W)  | +2,000원 → 196,500원  [end_win]
H2866 | bet   1,000원 BANKER | P:10♥ 9♠=9  B:6♠ K♦=6  PLAYER(L)  | -1,000원 → 195,500원  [start]
H2867 | bet   2,000원 PLAYER | P:2♥ 7♠=9  B:10♠ K♠=0  PLAYER(W)  | +2,000원 → 197,500원  [end_win]
H2868 | bet   1,000원 BANKER | P:Q♦ 10♠ J♦=0  B:9♦ 7♦=6  BANKER(W)  | +950원 → 198,450원
H2869 | bet   1,000원 BANKER | P:8♥ 3♠ A♥=2  B:8♦ 6♦=4  BANKER(W)  | +950원 → 199,400원
H2870 | bet   1,000원 BANKER | P:J♥ A♥ K♦=1  B:A♥ J♣ K♥=1  TIE(T)  |     0원 → 199,400원
H2871 | bet   1,000원 BANKER | P:9♠ 9♠=8  B:9♣ 9♦=8  TIE(T)  |     0원 → 199,400원
H2872 | bet   1,000원 BANKER | P:J♥ A♥ 7♥=8  B:2♦ K♦ 7♥=9  BANKER(W)  | +950원 → 200,350원
H2873 | bet   1,000원 BANKER | P:3♠ 10♣=3  B:3♠ 5♠=8  BANKER(W)  | +950원 → 201,300원
H2874 | bet   1,000원 BANKER | P:Q♠ J♦ Q♦=0  B:6♥ Q♥=6  BANKER(W)  | +950원 → 202,250원
H2875 | bet   1,000원 BANKER | P:7♣ 2♠=9  B:7♦ 7♣=4  PLAYER(L)  | -1,000원 → 201,250원  [start]
H2876 | bet   2,000원 PLAYER | P:8♥ A♠=9  B:4♣ A♣=5  PLAYER(W)  | +2,000원 → 203,250원  [end_win]
H2877 | bet   1,000원 BANKER | P:6♠ 7♦=3  B:K♥ 8♥=8  BANKER(W)  | +950원 → 204,200원
H2878 | bet   1,000원 BANKER | P:7♦ 2♣=9  B:10♦ 9♣=9  TIE(T)  |     0원 → 204,200원
H2879 | bet   1,000원 BANKER | P:2♣ 9♣=1  B:K♣ 9♣=9  BANKER(W)  | +950원 → 205,150원
H2880 | bet   1,000원 BANKER | P:6♦ A♣=7  B:9♥ 4♠ 4♦=7  TIE(T)  |     0원 → 205,150원
H2881 | bet   1,000원 BANKER | P:J♣ 3♠ J♣=3  B:3♠ 10♠ 6♣=9  BANKER(W)  | +950원 → 206,100원
H2882 | bet   1,000원 BANKER | P:6♦ 8♣ 3♥=7  B:J♣ J♠ K♦=0  PLAYER(L)  | -1,000원 → 205,100원  [start]
H2883 | bet   2,000원 PLAYER | P:A♥ 2♠ 9♠=2  B:8♠ 3♦ 8♥=9  BANKER(L)  | -2,000원 → 203,100원
H2884 | bet   4,000원 PLAYER | P:A♠ 6♦=7  B:8♦ 6♦ 6♥=0  PLAYER(W)  | +4,000원 → 207,100원  [end_win]
H2885 | bet   1,000원 BANKER | P:4♠ Q♥ A♠=5  B:6♣ 4♠ 5♣=5  TIE(T)  |     0원 → 207,100원
H2886 | bet   1,000원 BANKER | P:10♣ 10♦ 2♣=2  B:J♠ 2♦ J♦=2  TIE(T)  |     0원 → 207,100원
H2887 | bet   1,000원 BANKER | P:8♠ 8♠=6  B:4♥ 8♥ 5♦=7  BANKER(W)  | +950원 → 208,050원
H2888 | bet   1,000원 BANKER | P:J♣ 9♦=9  B:10♦ K♦=0  PLAYER(L)  | -1,000원 → 207,050원  [start]
H2889 | bet   2,000원 PLAYER | P:8♣ 10♣=8  B:10♦ A♥=1  PLAYER(W)  | +2,000원 → 209,050원  [end_win]
H2890 | bet   1,000원 BANKER | P:6♥ 5♣ 7♣=8  B:3♣ A♣ A♦=5  PLAYER(L)  | -1,000원 → 208,050원  [start]
H2891 | bet   2,000원 PLAYER | P:3♥ 7♥=0  B:9♥ 9♠=8  BANKER(L)  | -2,000원 → 206,050원
H2892 | bet   4,000원 PLAYER | P:K♥ K♥ 10♣=0  B:8♠ 2♦ 8♥=8  BANKER(L)  | -4,000원 → 202,050원
H2893 | bet   8,000원 PLAYER | P:3♥ Q♣ 6♣=9  B:6♠ J♥ 2♣=8  PLAYER(W)  | +8,000원 → 210,050원  [end_win]
H2894 | bet   1,000원 BANKER | P:8♦ 3♥ 8♦=9  B:4♦ 3♥=7  PLAYER(L)  | -1,000원 → 209,050원  [start]
H2895 | bet   2,000원 PLAYER | P:2♣ 7♠=9  B:5♥ J♦=5  PLAYER(W)  | +2,000원 → 211,050원  [end_win]
H2896 | bet   1,000원 BANKER | P:A♠ 7♠=8  B:Q♣ 3♥=3  PLAYER(L)  | -1,000원 → 210,050원  [start]
H2897 | bet   2,000원 PLAYER | P:9♥ 10♥=9  B:8♦ J♦=8  PLAYER(W)  | +2,000원 → 212,050원  [end_win]
H2898 | bet   1,000원 BANKER | P:Q♣ 2♦ Q♣=2  B:2♥ 5♠=7  BANKER(W)  | +950원 → 213,000원
H2899 | bet   1,000원 BANKER | P:6♠ A♦=7  B:Q♣ 5♠ 10♦=5  PLAYER(L)  | -1,000원 → 212,000원  [start]
H2900 | bet   2,000원 PLAYER | P:7♥ 8♣ 5♦=0  B:K♣ 7♠=7  BANKER(L)  | -2,000원 → 210,000원
H2901 | bet   4,000원 PLAYER | P:9♥ A♥ 7♠=7  B:5♣ 9♥ 2♥=6  PLAYER(W)  | +4,000원 → 214,000원  [end_win]
H2902 | bet   1,000원 BANKER | P:4♦ 7♣ A♦=2  B:5♣ 10♥=5  BANKER(W)  | +950원 → 214,950원
H2903 | bet   1,000원 BANKER | P:9♥ 9♦=8  B:2♣ 3♣=5  PLAYER(L)  | -1,000원 → 213,950원  [start]
H2904 | bet   2,000원 PLAYER | P:K♠ 4♣ 10♣=4  B:6♠ Q♥=6  BANKER(L)  | -2,000원 → 211,950원
H2905 | bet   4,000원 PLAYER | P:9♥ 3♦ 5♣=7  B:2♥ 8♦ 5♥=5  PLAYER(W)  | +4,000원 → 215,950원  [end_win]
H2906 | bet   1,000원 BANKER | P:3♦ 10♦ J♥=3  B:Q♥ J♠ J♥=0  PLAYER(L)  | -1,000원 → 214,950원  [start]
H2907 | bet   2,000원 PLAYER | P:6♦ Q♥=6  B:10♦ 5♠ A♦=6  TIE(T)  |     0원 → 214,950원
H2908 | bet   2,000원 PLAYER | P:K♦ K♦ 3♠=3  B:7♣ 5♠ 6♣=8  BANKER(L)  | -2,000원 → 212,950원
H2909 | bet   4,000원 PLAYER | P:K♣ 4♣ 8♣=2  B:10♥ 7♠=7  BANKER(L)  | -4,000원 → 208,950원
H2910 | bet   8,000원 PLAYER | P:4♣ 4♥=8  B:6♥ J♠=6  PLAYER(W)  | +8,000원 → 216,950원  [end_win]
H2911 | bet   1,000원 BANKER | P:3♦ A♦ 6♥=0  B:Q♣ 7♠=7  BANKER(W)  | +950원 → 217,900원
H2912 | bet   1,000원 BANKER | P:7♥ 2♦=9  B:10♥ 8♣=8  PLAYER(L)  | -1,000원 → 216,900원  [start]
H2913 | bet   2,000원 PLAYER | P:7♥ K♥=7  B:6♦ 3♠=9  BANKER(L)  | -2,000원 → 214,900원
H2914 | bet   4,000원 PLAYER | P:8♥ 7♦ 6♣=1  B:4♦ K♠ 8♦=2  BANKER(L)  | -4,000원 → 210,900원
H2915 | bet   8,000원 PLAYER | P:K♠ 3♣ 3♣=6  B:10♥ Q♠ 7♥=7  BANKER(L)  | -8,000원 → 202,900원
H2916 | bet  16,000원 PLAYER | P:10♣ 5♠ 3♦=8  B:5♥ 10♣=5  PLAYER(W)  | +16,000원 → 218,900원  [end_win]
H2917 | bet   1,000원 BANKER | P:3♣ 7♠=0  B:8♥ A♣=9  BANKER(W)  | +950원 → 219,850원
H2918 | bet   1,000원 BANKER | P:Q♦ A♦ 4♠=5  B:4♦ K♣ 5♥=9  BANKER(W)  | +950원 → 220,800원
H2919 | bet   1,000원 BANKER | P:7♦ 6♠ K♠=3  B:9♠ 8♣=7  BANKER(W)  | +950원 → 221,750원
H2920 | bet   1,000원 BANKER | P:K♣ 4♠ 2♥=6  B:2♠ 2♣ 8♠=2  PLAYER(L)  | -1,000원 → 220,750원  [start]
H2921 | bet   2,000원 PLAYER | P:10♠ 2♥ 4♠=6  B:Q♠ 5♥ 9♣=4  PLAYER(W)  | +2,000원 → 222,750원  [end_win]
H2922 | bet   1,000원 BANKER | P:2♦ 3♥ 5♦=0  B:2♠ 10♥ 9♣=1  BANKER(W)  | +950원 → 223,700원
H2923 | bet   1,000원 BANKER | P:2♣ 10♠ J♥=2  B:2♠ A♠ J♦=3  BANKER(W)  | +950원 → 224,650원
H2924 | bet   1,000원 BANKER | P:A♠ 4♣ 2♦=7  B:K♥ Q♠ 7♣=7  TIE(T)  |     0원 → 224,650원
H2925 | bet   1,000원 BANKER | P:Q♠ K♥ 10♥=0  B:5♠ K♣=5  BANKER(W)  | +950원 → 225,600원
H2926 | bet   1,000원 BANKER | P:Q♠ 7♦=7  B:J♥ Q♦ 4♦=4  PLAYER(L)  | -1,000원 → 224,600원  [start]
H2927 | bet   2,000원 PLAYER | P:K♣ K♠=0  B:4♥ 5♥=9  BANKER(L)  | -2,000원 → 222,600원
H2928 | bet   4,000원 PLAYER | P:J♠ Q♣ 9♠=9  B:10♠ 7♦=7  PLAYER(W)  | +4,000원 → 226,600원  [end_win]
H2929 | bet   1,000원 BANKER | P:A♠ 2♠ 9♦=2  B:4♥ Q♥=4  BANKER(W)  | +950원 → 227,550원
H2930 | bet   1,000원 BANKER | P:A♦ 4♣ A♣=6  B:6♣ 4♦ 9♥=9  BANKER(W)  | +950원 → 228,500원
H2931 | bet   1,000원 BANKER | P:2♠ 5♣=7  B:Q♦ Q♠ 6♥=6  PLAYER(L)  | -1,000원 → 227,500원  [start]
H2932 | bet   2,000원 PLAYER | P:6♥ 4♥ 8♣=8  B:10♠ 4♥=4  PLAYER(W)  | +2,000원 → 229,500원  [end_win]
H2933 | bet   1,000원 BANKER | P:10♣ A♣=1  B:5♣ 4♦=9  BANKER(W)  | +950원 → 230,450원
H2934 | bet   1,000원 BANKER | P:A♠ 3♥ 8♣=2  B:6♠ 4♣ 6♦=6  BANKER(W)  | +950원 → 231,400원
H2935 | bet   1,000원 BANKER | P:3♦ 8♦ 9♠=0  B:5♥ 9♦=4  BANKER(W)  | +950원 → 232,350원
H2936 | bet   1,000원 BANKER | P:4♣ 6♥ 5♣=5  B:10♣ 5♠ 2♠=7  BANKER(W)  | +950원 → 233,300원
H2937 | bet   1,000원 BANKER | P:4♣ J♠ 6♦=0  B:2♥ Q♣ 4♦=6  BANKER(W)  | +950원 → 234,250원
H2938 | bet   1,000원 BANKER | P:9♥ 10♠=9  B:K♣ Q♣=0  PLAYER(L)  | -1,000원 → 233,250원  [start]
H2939 | bet   2,000원 PLAYER | P:5♥ 7♣ J♦=2  B:10♥ 6♠=6  BANKER(L)  | -2,000원 → 231,250원
H2940 | bet   4,000원 PLAYER | P:7♦ A♠=8  B:7♥ 9♠=6  PLAYER(W)  | +4,000원 → 235,250원  [end_win]
H2941 | bet   1,000원 BANKER | P:9♦ 6♥ Q♣=5  B:7♥ 7♦=4  PLAYER(L)  | -1,000원 → 234,250원  [start]
H2942 | bet   2,000원 PLAYER | P:9♠ 9♣=8  B:10♣ 9♥=9  BANKER(L)  | -2,000원 → 232,250원
H2943 | bet   4,000원 PLAYER | P:K♥ A♥ 10♦=1  B:10♥ 6♣=6  BANKER(L)  | -4,000원 → 228,250원
H2944 | bet   8,000원 PLAYER | P:J♣ K♣ J♥=0  B:8♠ 8♥=6  BANKER(L)  | -8,000원 → 220,250원
H2945 | bet  16,000원 PLAYER | P:K♠ 3♠ A♠=4  B:K♠ A♦ K♥=1  PLAYER(W)  | +16,000원 → 236,250원  [end_win]
H2946 | bet   1,000원 BANKER | P:3♣ 4♠=7  B:A♦ 8♠=9  BANKER(W)  | +950원 → 237,200원
H2947 | bet   1,000원 BANKER | P:8♦ 7♠ Q♥=5  B:K♣ 6♦=6  BANKER(W)  | +950원 → 238,150원
H2948 | bet   1,000원 BANKER | P:8♥ K♦=8  B:K♣ Q♥=0  PLAYER(L)  | -1,000원 → 237,150원  [start]
H2949 | bet   2,000원 PLAYER | P:A♥ K♠=1  B:5♣ 4♠=9  BANKER(L)  | -2,000원 → 235,150원
H2950 | bet   4,000원 PLAYER | P:3♣ 10♣ K♣=3  B:2♦ 4♣=6  BANKER(L)  | -4,000원 → 231,150원
H2951 | bet   8,000원 PLAYER | P:6♣ 8♠ 2♥=6  B:2♥ 3♠=5  PLAYER(W)  | +8,000원 → 239,150원  [end_win]
H2952 | bet   1,000원 BANKER | P:4♥ 5♣=9  B:2♠ 7♥=9  TIE(T)  |     0원 → 239,150원
H2953 | bet   1,000원 BANKER | P:8♦ 2♣=0  B:9♦ 9♦=8  BANKER(W)  | +950원 → 240,100원
H2954 | bet   1,000원 BANKER | P:10♦ 6♦=6  B:3♠ 2♦ 5♥=0  PLAYER(L)  | -1,000원 → 239,100원  [start]
H2955 | bet   2,000원 PLAYER | P:5♥ K♦ A♠=6  B:4♦ 10♣=4  PLAYER(W)  | +2,000원 → 241,100원  [end_win]
H2956 | bet   1,000원 BANKER | P:9♠ A♦ 6♦=6  B:3♣ J♠ 4♦=7  BANKER(W)  | +950원 → 242,050원
H2957 | bet   1,000원 BANKER | P:J♥ 3♦ 7♦=0  B:8♠ 8♥ J♥=6  BANKER(W)  | +950원 → 243,000원
H2958 | bet   1,000원 BANKER | P:9♥ 8♦=7  B:9♠ 5♦ Q♠=4  PLAYER(L)  | -1,000원 → 242,000원  [start]
H2959 | bet   2,000원 PLAYER | P:7♦ 7♠ A♣=5  B:Q♠ 7♦=7  BANKER(L)  | -2,000원 → 240,000원
H2960 | bet   4,000원 PLAYER | P:4♥ 7♣=1  B:6♣ 2♣=8  BANKER(L)  | -4,000원 → 236,000원
H2961 | bet   8,000원 PLAYER | P:J♦ J♦ 9♥=9  B:3♥ 3♦=6  PLAYER(W)  | +8,000원 → 244,000원  [end_win]
H2962 | bet   1,000원 BANKER | P:9♠ 5♣ Q♥=4  B:5♠ 5♦ 2♠=2  PLAYER(L)  | -1,000원 → 243,000원  [start]
H2963 | bet   2,000원 PLAYER | P:K♠ 2♣ 7♠=9  B:10♦ 6♦ 3♥=9  TIE(T)  |     0원 → 243,000원
H2964 | bet   2,000원 PLAYER | P:J♦ Q♠ J♥=0  B:9♣ 2♥ 5♠=6  BANKER(L)  | -2,000원 → 241,000원
H2965 | bet   4,000원 PLAYER | P:Q♠ A♥=1  B:2♥ 7♠=9  BANKER(L)  | -4,000원 → 237,000원
H2966 | bet   8,000원 PLAYER | P:8♥ 9♣=7  B:K♥ 10♠ 3♦=3  PLAYER(W)  | +8,000원 → 245,000원  [end_win]
H2967 | bet   1,000원 BANKER | P:10♠ Q♦ 5♠=5  B:4♥ 3♠=7  BANKER(W)  | +950원 → 245,950원
H2968 | bet   1,000원 BANKER | P:6♣ 3♥=9  B:9♣ 6♠=5  PLAYER(L)  | -1,000원 → 244,950원  [start]
H2969 | bet   2,000원 PLAYER | P:A♥ 2♦ 6♥=9  B:A♥ 3♥ 4♥=8  PLAYER(W)  | +2,000원 → 246,950원  [end_win]
H2970 | bet   1,000원 BANKER | P:Q♦ J♥ J♦=0  B:6♣ 6♠ 5♥=7  BANKER(W)  | +950원 → 247,900원
H2971 | bet   1,000원 BANKER | P:7♣ 7♠ 6♥=0  B:7♥ 8♠ A♣=6  BANKER(W)  | +950원 → 248,850원
H2972 | bet   1,000원 BANKER | P:J♠ 5♥=5  B:K♥ 9♥=9  BANKER(W)  | +950원 → 249,800원
H2973 | bet   1,000원 BANKER | P:6♠ 8♦ J♥=4  B:J♣ 3♣ J♦=3  PLAYER(L)  | -1,000원 → 248,800원  [start]
H2974 | bet   2,000원 PLAYER | P:10♦ 5♥ A♣=6  B:8♦ 9♠=7  BANKER(L)  | -2,000원 → 246,800원
H2975 | bet   4,000원 PLAYER | P:8♣ Q♣=8  B:6♠ 3♠=9  BANKER(L)  | -4,000원 → 242,800원
H2976 | bet   8,000원 PLAYER | P:A♦ K♥ Q♦=1  B:7♥ J♠=7  BANKER(L)  | -8,000원 → 234,800원
H2977 | bet  16,000원 PLAYER | P:K♦ 4♥ 9♣=3  B:6♣ 8♠=4  BANKER(L)  | -16,000원 → 218,800원
H2978 | bet  32,000원 PLAYER | P:J♣ 4♥=4  B:4♠ 4♣=8  BANKER(L)  | -32,000원 → 186,800원  [end_giveup]
H2979 | bet   1,000원 BANKER | P:5♣ 3♣=8  B:3♥ 10♥=3  PLAYER(L)  | -1,000원 → 185,800원  [start]
H2980 | bet   2,000원 PLAYER | P:2♠ 7♦=9  B:4♦ 4♠=8  PLAYER(W)  | +2,000원 → 187,800원  [end_win]
H2981 | bet   1,000원 BANKER | P:8♠ A♣=9  B:8♠ 7♠=5  PLAYER(L)  | -1,000원 → 186,800원  [start]
H2982 | bet   2,000원 PLAYER | P:A♠ 7♥=8  B:2♣ 6♦=8  TIE(T)  |     0원 → 186,800원
H2983 | bet   2,000원 PLAYER | P:3♦ Q♦ 5♥=8  B:6♥ 5♣ 3♣=4  PLAYER(W)  | +2,000원 → 188,800원  [end_win]
H2984 | bet   1,000원 BANKER | P:5♠ 4♣=9  B:10♣ 10♥=0  PLAYER(L)  | -1,000원 → 187,800원  [start]
H2985 | bet   2,000원 PLAYER | P:10♣ 10♠ 5♠=5  B:8♣ 8♣=6  BANKER(L)  | -2,000원 → 185,800원
H2986 | bet   4,000원 PLAYER | P:K♣ K♦ 4♠=4  B:A♠ 3♦ 5♦=9  BANKER(L)  | -4,000원 → 181,800원
H2987 | bet   8,000원 PLAYER | P:8♦ A♥=9  B:9♥ 4♥=3  PLAYER(W)  | +8,000원 → 189,800원  [end_win]
H2988 | bet   1,000원 BANKER | P:7♣ 4♠ 3♥=4  B:6♣ A♠=7  BANKER(W)  | +950원 → 190,750원
H2989 | bet   1,000원 BANKER | P:7♣ 10♥=7  B:Q♥ K♥ 9♥=9  BANKER(W)  | +950원 → 191,700원
H2990 | bet   1,000원 BANKER | P:10♥ A♦ 7♠=8  B:3♠ 10♥ Q♣=3  PLAYER(L)  | -1,000원 → 190,700원  [start]
H2991 | bet   2,000원 PLAYER | P:Q♣ J♣=0  B:6♠ 2♠=8  BANKER(L)  | -2,000원 → 188,700원
H2992 | bet   4,000원 PLAYER | P:2♣ 2♣ 4♥=8  B:5♣ 9♣ K♦=4  PLAYER(W)  | +4,000원 → 192,700원  [end_win]
H2993 | bet   1,000원 BANKER | P:8♣ 9♣=7  B:10♥ J♠ 8♣=8  BANKER(W)  | +950원 → 193,650원
H2994 | bet   1,000원 BANKER | P:2♥ A♣=3  B:5♦ 3♥=8  BANKER(W)  | +950원 → 194,600원
H2995 | bet   1,000원 BANKER | P:6♦ 2♥=8  B:2♦ 10♦=2  PLAYER(L)  | -1,000원 → 193,600원  [start]
H2996 | bet   2,000원 PLAYER | P:10♣ 2♣ 5♦=7  B:3♠ A♣ K♣=4  PLAYER(W)  | +2,000원 → 195,600원  [end_win]
H2997 | bet   1,000원 BANKER | P:7♦ 5♦ 2♦=4  B:5♦ 6♥ K♦=1  PLAYER(L)  | -1,000원 → 194,600원  [start]
H2998 | bet   2,000원 PLAYER | P:K♥ Q♥ 2♦=2  B:5♦ 10♠=5  BANKER(L)  | -2,000원 → 192,600원
H2999 | bet   4,000원 PLAYER | P:8♣ 6♠ 7♣=1  B:4♣ 7♣ 5♣=6  BANKER(L)  | -4,000원 → 188,600원
H3000 | bet   8,000원 PLAYER | P:2♠ 10♠ K♠=2  B:3♦ Q♦ J♣=3  BANKER(L)  | -8,000원 → 180,600원
H3001 | bet  16,000원 PLAYER | P:Q♠ 6♥=6  B:8♥ K♦=8  BANKER(L)  | -16,000원 → 164,600원
H3002 | bet  32,000원 PLAYER | P:2♠ A♣ J♦=3  B:K♦ K♣ 4♦=4  BANKER(L)  | -32,000원 → 132,600원  [end_giveup]
H3003 | bet   1,000원 BANKER | P:A♠ 2♦=3  B:4♦ 4♠=8  BANKER(W)  | +950원 → 133,550원
H3004 | bet   1,000원 BANKER | P:6♣ A♠=7  B:2♠ 8♣ A♦=1  PLAYER(L)  | -1,000원 → 132,550원  [start]
H3005 | bet   2,000원 PLAYER | P:2♣ 3♣ 7♦=2  B:Q♥ K♠ 4♣=4  BANKER(L)  | -2,000원 → 130,550원
H3006 | bet   4,000원 PLAYER | P:7♥ J♣=7  B:8♥ A♥=9  BANKER(L)  | -4,000원 → 126,550원
H3007 | bet   8,000원 PLAYER | P:3♠ 3♥=6  B:4♠ 2♦=6  TIE(T)  |     0원 → 126,550원
H3008 | bet   8,000원 PLAYER | P:7♠ 4♣ 9♣=0  B:Q♥ J♠ 4♦=4  BANKER(L)  | -8,000원 → 118,550원
H3009 | bet  16,000원 PLAYER | P:8♣ Q♦=8  B:J♣ J♥=0  PLAYER(W)  | +16,000원 → 134,550원  [end_win]
H3010 | bet   1,000원 BANKER | P:9♦ Q♦=9  B:10♦ 3♣=3  PLAYER(L)  | -1,000원 → 133,550원  [start]
H3011 | bet   2,000원 PLAYER | P:10♦ 10♠ 8♦=8  B:J♣ J♠ 6♠=6  PLAYER(W)  | +2,000원 → 135,550원  [end_win]
H3012 | bet   1,000원 BANKER | P:A♣ 3♦ 9♦=3  B:10♣ 4♦=4  BANKER(W)  | +950원 → 136,500원
H3013 | bet   1,000원 BANKER | P:Q♠ 10♦=0  B:9♦ K♥=9  BANKER(W)  | +950원 → 137,450원
H3014 | bet   1,000원 BANKER | P:Q♦ Q♣ 9♦=9  B:Q♠ Q♠ A♦=1  PLAYER(L)  | -1,000원 → 136,450원  [start]
H3015 | bet   2,000원 PLAYER | P:A♥ 8♥=9  B:6♦ 9♠=5  PLAYER(W)  | +2,000원 → 138,450원  [end_win]
H3016 | bet   1,000원 BANKER | P:K♠ K♠ J♦=0  B:2♥ 5♠=7  BANKER(W)  | +950원 → 139,400원
H3017 | bet   1,000원 BANKER | P:7♣ 2♠=9  B:K♣ 6♦=6  PLAYER(L)  | -1,000원 → 138,400원  [start]
H3018 | bet   2,000원 PLAYER | P:5♣ 2♦=7  B:K♥ 4♥ 7♣=1  PLAYER(W)  | +2,000원 → 140,400원  [end_win]
H3019 | bet   1,000원 BANKER | P:Q♣ J♦ 3♠=3  B:2♦ J♦ 10♣=2  PLAYER(L)  | -1,000원 → 139,400원  [start]
H3020 | bet   2,000원 PLAYER | P:4♦ 2♣=6  B:2♣ 9♥ 10♥=1  PLAYER(W)  | +2,000원 → 141,400원  [end_win]
H3021 | bet   1,000원 BANKER | P:J♣ 4♥ 9♦=3  B:2♣ 8♦ A♣=1  PLAYER(L)  | -1,000원 → 140,400원  [start]
H3022 | bet   2,000원 PLAYER | P:A♦ 7♥=8  B:Q♦ 7♠=7  PLAYER(W)  | +2,000원 → 142,400원  [end_win]
H3023 | bet   1,000원 BANKER | P:4♣ 2♥=6  B:3♠ 2♠ 10♥=5  PLAYER(L)  | -1,000원 → 141,400원  [start]
H3024 | bet   2,000원 PLAYER | P:5♥ 2♦=7  B:K♠ A♣ K♥=1  PLAYER(W)  | +2,000원 → 143,400원  [end_win]
H3025 | bet   1,000원 BANKER | P:J♠ 3♦ 4♦=7  B:6♣ 7♥ 10♥=3  PLAYER(L)  | -1,000원 → 142,400원  [start]
H3026 | bet   2,000원 PLAYER | P:10♠ 3♠=3  B:Q♠ 8♣=8  BANKER(L)  | -2,000원 → 140,400원
H3027 | bet   4,000원 PLAYER | P:6♠ 5♣ 9♦=0  B:4♥ 3♦=7  BANKER(L)  | -4,000원 → 136,400원
H3028 | bet   8,000원 PLAYER | P:10♥ 10♦=0  B:8♠ 10♠=8  BANKER(L)  | -8,000원 → 128,400원
H3029 | bet  16,000원 PLAYER | P:10♣ J♥ 8♥=8  B:Q♥ 10♥ 9♦=9  BANKER(L)  | -16,000원 → 112,400원
H3030 | bet  32,000원 PLAYER | P:8♣ K♠=8  B:6♦ 6♦=2  PLAYER(W)  | +32,000원 → 144,400원  [end_win]
H3031 | bet   1,000원 BANKER | P:6♠ 8♥ 8♣=2  B:10♦ 6♣=6  BANKER(W)  | +950원 → 145,350원
H3032 | bet   1,000원 BANKER | P:9♦ 7♥=6  B:7♦ 6♦ J♠=3  PLAYER(L)  | -1,000원 → 144,350원  [start]
H3033 | bet   2,000원 PLAYER | P:J♣ 9♠=9  B:4♠ A♦=5  PLAYER(W)  | +2,000원 → 146,350원  [end_win]
H3034 | bet   1,000원 BANKER | P:4♦ 9♦ 10♠=3  B:7♣ 10♣=7  BANKER(W)  | +950원 → 147,300원
H3035 | bet   1,000원 BANKER | P:5♣ K♣ 6♥=1  B:J♣ 2♦ 5♣=7  BANKER(W)  | +950원 → 148,250원
H3036 | bet   1,000원 BANKER | P:5♠ 10♦ 2♠=7  B:3♦ K♠ Q♥=3  PLAYER(L)  | -1,000원 → 147,250원  [start]
H3037 | bet   2,000원 PLAYER | P:2♥ 5♥=7  B:8♥ 10♠=8  BANKER(L)  | -2,000원 → 145,250원
H3038 | bet   4,000원 PLAYER | P:6♦ K♦=6  B:3♠ A♥ J♣=4  PLAYER(W)  | +4,000원 → 149,250원  [end_win]
H3039 | bet   1,000원 BANKER | P:4♣ 10♠=4  B:4♠ 4♣=8  BANKER(W)  | +950원 → 150,200원
H3040 | bet   1,000원 BANKER | P:4♣ 7♣ Q♥=1  B:A♠ 5♦=6  BANKER(W)  | +950원 → 151,150원
H3041 | bet   1,000원 BANKER | P:8♦ 3♣ J♥=1  B:6♠ A♦=7  BANKER(W)  | +950원 → 152,100원
H3042 | bet   1,000원 BANKER | P:7♠ 4♣ K♣=1  B:J♠ K♠ J♣=0  PLAYER(L)  | -1,000원 → 151,100원  [start]
H3043 | bet   2,000원 PLAYER | P:5♥ J♦ Q♥=5  B:5♦ K♥=5  TIE(T)  |     0원 → 151,100원
H3044 | bet   2,000원 PLAYER | P:6♦ 4♥ Q♦=0  B:8♣ 5♥ 2♦=5  BANKER(L)  | -2,000원 → 149,100원
H3045 | bet   4,000원 PLAYER | P:6♠ 5♠=1  B:Q♣ 8♦=8  BANKER(L)  | -4,000원 → 145,100원
H3046 | bet   8,000원 PLAYER | P:K♥ 6♠=6  B:J♥ Q♦ 4♥=4  PLAYER(W)  | +8,000원 → 153,100원  [end_win]
H3047 | bet   1,000원 BANKER | P:J♦ 5♠ 2♥=7  B:10♠ 3♠ Q♠=3  PLAYER(L)  | -1,000원 → 152,100원  [start]
H3048 | bet   2,000원 PLAYER | P:J♣ 7♦=7  B:2♦ A♠ 2♣=5  PLAYER(W)  | +2,000원 → 154,100원  [end_win]
H3049 | bet   1,000원 BANKER | P:5♥ 6♠ 4♠=5  B:4♣ K♥ 10♥=4  PLAYER(L)  | -1,000원 → 153,100원  [start]
H3050 | bet   2,000원 PLAYER | P:J♠ 8♣=8  B:5♦ K♣=5  PLAYER(W)  | +2,000원 → 155,100원  [end_win]
H3051 | bet   1,000원 BANKER | P:3♣ Q♦ 9♥=2  B:9♠ 7♣=6  BANKER(W)  | +950원 → 156,050원
H3052 | bet   1,000원 BANKER | P:7♠ 8♥=5  B:3♦ 5♦=8  BANKER(W)  | +950원 → 157,000원
H3053 | bet   1,000원 BANKER | P:10♣ 4♠ Q♣=4  B:7♠ 4♥ A♥=2  PLAYER(L)  | -1,000원 → 156,000원  [start]
H3054 | bet   2,000원 PLAYER | P:K♠ 9♠=9  B:J♦ 6♥=6  PLAYER(W)  | +2,000원 → 158,000원  [end_win]
H3055 | bet   1,000원 BANKER | P:A♥ 7♦=8  B:K♥ 9♠=9  BANKER(W)  | +950원 → 158,950원
H3056 | bet   1,000원 BANKER | P:4♥ 3♥=7  B:7♠ 3♥ A♥=1  PLAYER(L)  | -1,000원 → 157,950원  [start]
H3057 | bet   2,000원 PLAYER | P:3♣ 6♥=9  B:3♠ 8♥=1  PLAYER(W)  | +2,000원 → 159,950원  [end_win]
H3058 | bet   1,000원 BANKER | P:9♠ 9♠=8  B:9♣ Q♦=9  BANKER(W)  | +950원 → 160,900원
H3059 | bet   1,000원 BANKER | P:J♠ 2♠ 10♠=2  B:3♥ 4♠=7  BANKER(W)  | +950원 → 161,850원
H3060 | bet   1,000원 BANKER | P:A♣ A♥=2  B:A♠ 7♠=8  BANKER(W)  | +950원 → 162,800원
H3061 | bet   1,000원 BANKER | P:8♦ 3♣ 3♠=4  B:J♣ 2♣ 8♠=0  PLAYER(L)  | -1,000원 → 161,800원  [start]
H3062 | bet   2,000원 PLAYER | P:A♦ 9♣ 2♥=2  B:8♣ 5♣ K♦=3  BANKER(L)  | -2,000원 → 159,800원
H3063 | bet   4,000원 PLAYER | P:K♠ 2♣ 8♦=0  B:K♣ 7♣=7  BANKER(L)  | -4,000원 → 155,800원
H3064 | bet   8,000원 PLAYER | P:8♥ K♦=8  B:9♥ 5♦=4  PLAYER(W)  | +8,000원 → 163,800원  [end_win]
H3065 | bet   1,000원 BANKER | P:5♦ 7♣ 9♣=1  B:3♥ Q♥ 9♦=2  BANKER(W)  | +950원 → 164,750원
H3066 | bet   1,000원 BANKER | P:3♥ 6♣=9  B:J♥ 3♣=3  PLAYER(L)  | -1,000원 → 163,750원  [start]
H3067 | bet   2,000원 PLAYER | P:10♣ 3♦ 9♦=2  B:4♠ 3♥=7  BANKER(L)  | -2,000원 → 161,750원
H3068 | bet   4,000원 PLAYER | P:Q♦ 9♥=9  B:7♠ 6♣=3  PLAYER(W)  | +4,000원 → 165,750원  [end_win]
H3069 | bet   1,000원 BANKER | P:A♠ 6♣=7  B:6♥ 2♥=8  BANKER(W)  | +950원 → 166,700원
H3070 | bet   1,000원 BANKER | P:5♥ 2♣=7  B:K♥ 8♠=8  BANKER(W)  | +950원 → 167,650원
H3071 | bet   1,000원 BANKER | P:7♦ 5♣ A♠=3  B:6♦ 6♠ 10♠=2  PLAYER(L)  | -1,000원 → 166,650원  [start]
H3072 | bet   2,000원 PLAYER | P:3♦ 3♦=6  B:3♥ 7♥ 2♠=2  PLAYER(W)  | +2,000원 → 168,650원  [end_win]
H3073 | bet   1,000원 BANKER | P:6♥ 2♦=8  B:10♥ 4♠=4  PLAYER(L)  | -1,000원 → 167,650원  [start]
H3074 | bet   2,000원 PLAYER | P:9♣ 4♦=3  B:K♣ 9♦=9  BANKER(L)  | -2,000원 → 165,650원
H3075 | bet   4,000원 PLAYER | P:3♣ 5♠=8  B:6♣ J♥=6  PLAYER(W)  | +4,000원 → 169,650원  [end_win]
H3076 | bet   1,000원 BANKER | P:10♦ 3♥=3  B:2♣ 7♦=9  BANKER(W)  | +950원 → 170,600원
H3077 | bet   1,000원 BANKER | P:K♦ 2♠=2  B:10♣ 9♥=9  BANKER(W)  | +950원 → 171,550원
H3078 | bet   1,000원 BANKER | P:Q♠ 5♦ 7♥=2  B:J♠ 10♦ Q♠=0  PLAYER(L)  | -1,000원 → 170,550원  [start]
H3079 | bet   2,000원 PLAYER | P:A♣ 2♦ Q♥=3  B:8♥ 9♥=7  BANKER(L)  | -2,000원 → 168,550원
H3080 | bet   4,000원 PLAYER | P:Q♣ 3♣=3  B:5♦ 4♦=9  BANKER(L)  | -4,000원 → 164,550원
H3081 | bet   8,000원 PLAYER | P:10♦ K♣=0  B:7♦ A♥=8  BANKER(L)  | -8,000원 → 156,550원
H3082 | bet  16,000원 PLAYER | P:A♥ 9♥ 7♦=7  B:A♠ 6♠=7  TIE(T)  |     0원 → 156,550원
H3083 | bet  16,000원 PLAYER | P:J♣ J♠ 8♣=8  B:A♠ 3♦=4  PLAYER(W)  | +16,000원 → 172,550원  [end_win]
H3084 | bet   1,000원 BANKER | P:Q♠ 8♦=8  B:8♠ 2♥=0  PLAYER(L)  | -1,000원 → 171,550원  [start]
H3085 | bet   2,000원 PLAYER | P:2♥ 9♥ 4♥=5  B:8♣ 5♣ 8♥=1  PLAYER(W)  | +2,000원 → 173,550원  [end_win]
H3086 | bet   1,000원 BANKER | P:10♥ K♦ J♠=0  B:5♠ Q♦=5  BANKER(W)  | +950원 → 174,500원
H3087 | bet   1,000원 BANKER | P:Q♣ Q♣ Q♣=0  B:2♠ 5♥=7  BANKER(W)  | +950원 → 175,450원
H3088 | bet   1,000원 BANKER | P:K♣ Q♦ 3♣=3  B:A♦ K♠ J♦=1  PLAYER(L)  | -1,000원 → 174,450원  [start]
H3089 | bet   2,000원 PLAYER | P:J♥ 4♣ 4♠=8  B:7♥ 10♦=7  PLAYER(W)  | +2,000원 → 176,450원  [end_win]
H3090 | bet   1,000원 BANKER | P:A♥ 6♥=7  B:A♣ 2♠ A♦=4  PLAYER(L)  | -1,000원 → 175,450원  [start]
H3091 | bet   2,000원 PLAYER | P:4♦ Q♥ 7♣=1  B:J♦ 2♥ 8♦=0  PLAYER(W)  | +2,000원 → 177,450원  [end_win]
H3092 | bet   1,000원 BANKER | P:5♠ 4♦=9  B:A♣ 9♣=0  PLAYER(L)  | -1,000원 → 176,450원  [start]
H3093 | bet   2,000원 PLAYER | P:5♠ 3♠=8  B:K♥ 7♠=7  PLAYER(W)  | +2,000원 → 178,450원  [end_win]
H3094 | bet   1,000원 BANKER | P:A♠ 10♣ J♦=1  B:6♦ 9♣=5  BANKER(W)  | +950원 → 179,400원
H3095 | bet   1,000원 BANKER | P:6♣ J♥=6  B:Q♣ 10♣ A♦=1  PLAYER(L)  | -1,000원 → 178,400원  [start]
H3096 | bet   2,000원 PLAYER | P:A♦ Q♥ Q♠=1  B:7♦ Q♠=7  BANKER(L)  | -2,000원 → 176,400원
H3097 | bet   4,000원 PLAYER | P:6♥ 6♥ 8♠=0  B:K♦ 7♥=7  BANKER(L)  | -4,000원 → 172,400원
H3098 | bet   8,000원 PLAYER | P:K♦ 7♥=7  B:4♦ 6♣ 5♥=5  PLAYER(W)  | +8,000원 → 180,400원  [end_win]
H3099 | bet   1,000원 BANKER | P:10♦ 9♠=9  B:K♠ A♣=1  PLAYER(L)  | -1,000원 → 179,400원  [start]
H3100 | bet   2,000원 PLAYER | P:8♠ J♥=8  B:7♣ 3♣=0  PLAYER(W)  | +2,000원 → 181,400원  [end_win]
H3101 | bet   1,000원 BANKER | P:8♦ Q♥=8  B:8♠ 2♣=0  PLAYER(L)  | -1,000원 → 180,400원  [start]
H3102 | bet   2,000원 PLAYER | P:6♦ 3♦=9  B:A♣ 10♣=1  PLAYER(W)  | +2,000원 → 182,400원  [end_win]
H3103 | bet   1,000원 BANKER | P:K♣ K♠ A♠=1  B:6♥ A♦=7  BANKER(W)  | +950원 → 183,350원
H3104 | bet   1,000원 BANKER | P:2♦ J♥ 8♥=0  B:4♥ 2♣=6  BANKER(W)  | +950원 → 184,300원
H3105 | bet   1,000원 BANKER | P:3♥ 7♣=0  B:9♥ 10♦=9  BANKER(W)  | +950원 → 185,250원
H3106 | bet   1,000원 BANKER | P:5♠ 6♥ 5♥=6  B:8♣ 3♦ 8♥=9  BANKER(W)  | +950원 → 186,200원
H3107 | bet   1,000원 BANKER | P:10♦ 10♣=0  B:9♣ K♦=9  BANKER(W)  | +950원 → 187,150원
H3108 | bet   1,000원 BANKER | P:K♦ 7♣=7  B:A♦ J♥ K♠=1  PLAYER(L)  | -1,000원 → 186,150원  [start]
H3109 | bet   2,000원 PLAYER | P:8♥ 2♦ Q♥=0  B:A♦ J♣ 5♠=6  BANKER(L)  | -2,000원 → 184,150원
H3110 | bet   4,000원 PLAYER | P:J♦ Q♥ 3♥=3  B:6♦ 10♠=6  BANKER(L)  | -4,000원 → 180,150원
H3111 | bet   8,000원 PLAYER | P:8♦ A♣=9  B:5♣ A♥=6  PLAYER(W)  | +8,000원 → 188,150원  [end_win]
H3112 | bet   1,000원 BANKER | P:8♦ 6♠ J♠=4  B:Q♠ 6♠=6  BANKER(W)  | +950원 → 189,100원
H3113 | bet   1,000원 BANKER | P:6♦ 5♦ 6♦=7  B:2♠ K♣ 9♠=1  PLAYER(L)  | -1,000원 → 188,100원  [start]
H3114 | bet   2,000원 PLAYER | P:4♠ A♥ K♥=5  B:10♥ J♣ 5♦=5  TIE(T)  |     0원 → 188,100원
H3115 | bet   2,000원 PLAYER | P:4♠ 2♣=6  B:10♦ 9♦=9  BANKER(L)  | -2,000원 → 186,100원
H3116 | bet   4,000원 PLAYER | P:A♥ 8♣=9  B:9♣ 9♠=8  PLAYER(W)  | +4,000원 → 190,100원  [end_win]
H3117 | bet   1,000원 BANKER | P:4♦ 3♦=7  B:6♦ Q♠=6  PLAYER(L)  | -1,000원 → 189,100원  [start]
H3118 | bet   2,000원 PLAYER | P:3♠ A♣ 8♣=2  B:K♣ 3♠=3  BANKER(L)  | -2,000원 → 187,100원
H3119 | bet   4,000원 PLAYER | P:J♥ 8♦=8  B:7♣ 7♥=4  PLAYER(W)  | +4,000원 → 191,100원  [end_win]
H3120 | bet   1,000원 BANKER | P:K♠ 6♠=6  B:J♠ Q♥ A♠=1  PLAYER(L)  | -1,000원 → 190,100원  [start]
H3121 | bet   2,000원 PLAYER | P:J♣ 6♥=6  B:3♠ 8♣ A♦=2  PLAYER(W)  | +2,000원 → 192,100원  [end_win]
H3122 | bet   1,000원 BANKER | P:9♠ 7♣=6  B:8♠ 6♥ Q♥=4  PLAYER(L)  | -1,000원 → 191,100원  [start]
H3123 | bet   2,000원 PLAYER | P:J♠ 5♣ 6♥=1  B:7♣ 5♠ A♠=3  BANKER(L)  | -2,000원 → 189,100원
H3124 | bet   4,000원 PLAYER | P:A♥ 4♥=5  B:4♥ 5♥=9  BANKER(L)  | -4,000원 → 185,100원
H3125 | bet   8,000원 PLAYER | P:5♣ K♠ 4♦=9  B:2♥ Q♦ 5♦=7  PLAYER(W)  | +8,000원 → 193,100원  [end_win]
H3126 | bet   1,000원 BANKER | P:A♥ 9♦=0  B:6♣ 2♦=8  BANKER(W)  | +950원 → 194,050원
H3127 | bet   1,000원 BANKER | P:A♥ Q♥ 6♣=7  B:5♦ 10♣ J♠=5  PLAYER(L)  | -1,000원 → 193,050원  [start]
H3128 | bet   2,000원 PLAYER | P:Q♥ 7♦=7  B:7♥ 10♣=7  TIE(T)  |     0원 → 193,050원
H3129 | bet   2,000원 PLAYER | P:5♠ 2♠=7  B:10♦ 8♥=8  BANKER(L)  | -2,000원 → 191,050원
H3130 | bet   4,000원 PLAYER | P:9♣ 6♦ 5♣=0  B:3♥ 10♥ 4♠=7  BANKER(L)  | -4,000원 → 187,050원
H3131 | bet   8,000원 PLAYER | P:2♥ 10♥ A♠=3  B:8♠ 2♠ 6♦=6  BANKER(L)  | -8,000원 → 179,050원
H3132 | bet  16,000원 PLAYER | P:J♦ A♠ 2♦=3  B:5♥ 7♦ 5♦=7  BANKER(L)  | -16,000원 → 163,050원
H3133 | bet  32,000원 PLAYER | P:10♣ 5♥ 9♦=4  B:2♥ 8♦ 9♠=9  BANKER(L)  | -32,000원 → 131,050원  [end_giveup]
H3134 | bet   1,000원 BANKER | P:J♣ 2♦ J♠=2  B:Q♦ Q♣ 5♥=5  BANKER(W)  | +950원 → 132,000원
H3135 | bet   1,000원 BANKER | P:10♠ 9♣=9  B:4♦ J♦=4  PLAYER(L)  | -1,000원 → 131,000원  [start]
H3136 | bet   2,000원 PLAYER | P:10♠ K♥ J♠=0  B:9♠ 4♥ K♦=3  BANKER(L)  | -2,000원 → 129,000원
H3137 | bet   4,000원 PLAYER | P:5♣ 8♦ 2♥=5  B:4♥ 7♠ 4♥=5  TIE(T)  |     0원 → 129,000원
H3138 | bet   4,000원 PLAYER | P:Q♣ 6♠=6  B:A♠ 9♦ 3♦=3  PLAYER(W)  | +4,000원 → 133,000원  [end_win]
H3139 | bet   1,000원 BANKER | P:5♥ 3♦=8  B:2♠ 8♦=0  PLAYER(L)  | -1,000원 → 132,000원  [start]
H3140 | bet   2,000원 PLAYER | P:5♦ 8♣ K♥=3  B:9♥ 4♦ 8♥=1  PLAYER(W)  | +2,000원 → 134,000원  [end_win]
H3141 | bet   1,000원 BANKER | P:3♣ Q♣=3  B:8♠ A♦=9  BANKER(W)  | +950원 → 134,950원
H3142 | bet   1,000원 BANKER | P:7♦ 3♥ K♣=0  B:8♦ 2♣ 2♠=2  BANKER(W)  | +950원 → 135,900원
H3143 | bet   1,000원 BANKER | P:K♠ 10♥=0  B:9♠ Q♠=9  BANKER(W)  | +950원 → 136,850원
H3144 | bet   1,000원 BANKER | P:6♠ 3♠=9  B:2♦ 10♠=2  PLAYER(L)  | -1,000원 → 135,850원  [start]
H3145 | bet   2,000원 PLAYER | P:K♠ 3♦ 5♣=8  B:7♣ Q♠=7  PLAYER(W)  | +2,000원 → 137,850원  [end_win]
H3146 | bet   1,000원 BANKER | P:2♥ Q♣ 10♦=2  B:9♣ 3♦ 9♥=1  PLAYER(L)  | -1,000원 → 136,850원  [start]
H3147 | bet   2,000원 PLAYER | P:9♦ A♦ 7♣=7  B:9♦ 7♦ 5♣=1  PLAYER(W)  | +2,000원 → 138,850원  [end_win]
H3148 | bet   1,000원 BANKER | P:8♥ 10♥=8  B:5♥ 8♥=3  PLAYER(L)  | -1,000원 → 137,850원  [start]
H3149 | bet   2,000원 PLAYER | P:2♠ 6♣=8  B:Q♥ 4♣=4  PLAYER(W)  | +2,000원 → 139,850원  [end_win]
H3150 | bet   1,000원 BANKER | P:3♣ J♦ Q♠=3  B:6♠ 6♦ 3♥=5  BANKER(W)  | +950원 → 140,800원
H3151 | bet   1,000원 BANKER | P:8♠ 7♠ 3♥=8  B:7♠ 7♦ K♥=4  PLAYER(L)  | -1,000원 → 139,800원  [start]
H3152 | bet   2,000원 PLAYER | P:5♠ A♦=6  B:9♦ 7♥=6  TIE(T)  |     0원 → 139,800원
H3153 | bet   2,000원 PLAYER | P:8♥ 6♣ K♦=4  B:3♠ 10♣ 10♠=3  PLAYER(W)  | +2,000원 → 141,800원  [end_win]
H3154 | bet   1,000원 BANKER | P:5♥ 3♠=8  B:10♦ 10♦=0  PLAYER(L)  | -1,000원 → 140,800원  [start]
H3155 | bet   2,000원 PLAYER | P:4♦ K♠ 7♠=1  B:3♠ 7♥ 6♥=6  BANKER(L)  | -2,000원 → 138,800원
H3156 | bet   4,000원 PLAYER | P:K♣ 7♥=7  B:Q♠ J♥ K♣=0  PLAYER(W)  | +4,000원 → 142,800원  [end_win]
H3157 | bet   1,000원 BANKER | P:9♥ J♠=9  B:4♣ 6♣=0  PLAYER(L)  | -1,000원 → 141,800원  [start]
H3158 | bet   2,000원 PLAYER | P:4♠ J♥ 5♠=9  B:7♥ 4♠ K♠=1  PLAYER(W)  | +2,000원 → 143,800원  [end_win]
H3159 | bet   1,000원 BANKER | P:7♦ 7♥=4  B:4♠ 4♥=8  BANKER(W)  | +950원 → 144,750원
H3160 | bet   1,000원 BANKER | P:3♣ 3♣=6  B:6♣ 2♠=8  BANKER(W)  | +950원 → 145,700원
H3161 | bet   1,000원 BANKER | P:8♠ J♦=8  B:4♦ 10♠=4  PLAYER(L)  | -1,000원 → 144,700원  [start]
H3162 | bet   2,000원 PLAYER | P:9♦ 4♣ 4♣=7  B:3♠ A♣ 3♣=7  TIE(T)  |     0원 → 144,700원
H3163 | bet   2,000원 PLAYER | P:Q♣ 4♠ K♣=4  B:3♦ 10♥ Q♣=3  PLAYER(W)  | +2,000원 → 146,700원  [end_win]
H3164 | bet   1,000원 BANKER | P:10♠ J♦ 6♥=6  B:2♣ 2♦ Q♦=4  PLAYER(L)  | -1,000원 → 145,700원  [start]
H3165 | bet   2,000원 PLAYER | P:4♣ Q♦ A♠=5  B:Q♣ 7♠=7  BANKER(L)  | -2,000원 → 143,700원
H3166 | bet   4,000원 PLAYER | P:J♣ 7♠=7  B:2♥ Q♦ J♣=2  PLAYER(W)  | +4,000원 → 147,700원  [end_win]
H3167 | bet   1,000원 BANKER | P:9♥ 3♥ 2♠=4  B:10♣ 6♣=6  BANKER(W)  | +950원 → 148,650원
H3168 | bet   1,000원 BANKER | P:8♣ Q♠=8  B:5♠ J♣=5  PLAYER(L)  | -1,000원 → 147,650원  [start]
H3169 | bet   2,000원 PLAYER | P:K♦ 7♠=7  B:Q♦ K♥ K♥=0  PLAYER(W)  | +2,000원 → 149,650원  [end_win]
H3170 | bet   1,000원 BANKER | P:7♠ A♣=8  B:8♣ J♥=8  TIE(T)  |     0원 → 149,650원
H3171 | bet   1,000원 BANKER | P:A♣ 4♣ Q♣=5  B:2♥ 9♣ A♥=2  PLAYER(L)  | -1,000원 → 148,650원  [start]
H3172 | bet   2,000원 PLAYER | P:6♠ Q♠=6  B:5♦ 4♥=9  BANKER(L)  | -2,000원 → 146,650원
H3173 | bet   4,000원 PLAYER | P:K♦ J♦ J♣=0  B:9♥ 3♣ 10♣=2  BANKER(L)  | -4,000원 → 142,650원
H3174 | bet   8,000원 PLAYER | P:2♣ J♠ Q♦=2  B:K♥ 2♦ J♥=2  TIE(T)  |     0원 → 142,650원
H3175 | bet   8,000원 PLAYER | P:9♥ 9♠=8  B:3♥ 10♠=3  PLAYER(W)  | +8,000원 → 150,650원  [end_win]
H3176 | bet   1,000원 BANKER | P:9♠ 7♥=6  B:5♠ J♦ 6♥=1  PLAYER(L)  | -1,000원 → 149,650원  [start]
H3177 | bet   2,000원 PLAYER | P:K♥ 6♠=6  B:5♣ 7♦ 3♣=5  PLAYER(W)  | +2,000원 → 151,650원  [end_win]
H3178 | bet   1,000원 BANKER | P:6♣ 5♦ K♣=1  B:A♣ A♠ K♦=2  BANKER(W)  | +950원 → 152,600원
H3179 | bet   1,000원 BANKER | P:4♣ 2♣=6  B:8♣ 10♥=8  BANKER(W)  | +950원 → 153,550원
H3180 | bet   1,000원 BANKER | P:9♣ 7♦=6  B:8♠ 4♦ 2♥=4  PLAYER(L)  | -1,000원 → 152,550원  [start]
H3181 | bet   2,000원 PLAYER | P:A♠ Q♠ 4♠=5  B:A♥ 10♥ Q♠=1  PLAYER(W)  | +2,000원 → 154,550원  [end_win]
H3182 | bet   1,000원 BANKER | P:A♣ 10♣ K♣=1  B:K♥ 2♠ 10♦=2  BANKER(W)  | +950원 → 155,500원
H3183 | bet   1,000원 BANKER | P:2♠ 7♦=9  B:K♦ 6♣=6  PLAYER(L)  | -1,000원 → 154,500원  [start]
H3184 | bet   2,000원 PLAYER | P:J♥ 8♥=8  B:9♣ Q♠=9  BANKER(L)  | -2,000원 → 152,500원
H3185 | bet   4,000원 PLAYER | P:A♠ K♦ 8♣=9  B:2♣ 4♠=6  PLAYER(W)  | +4,000원 → 156,500원  [end_win]
H3186 | bet   1,000원 BANKER | P:4♦ A♦=5  B:5♦ 3♠=8  BANKER(W)  | +950원 → 157,450원
H3187 | bet   1,000원 BANKER | P:10♥ K♥=0  B:Q♥ 9♣=9  BANKER(W)  | +950원 → 158,400원
H3188 | bet   1,000원 BANKER | P:Q♦ J♠ 2♦=2  B:10♣ 3♥ A♦=4  BANKER(W)  | +950원 → 159,350원
H3189 | bet   1,000원 BANKER | P:9♦ 5♣ A♥=5  B:9♠ 5♣=4  PLAYER(L)  | -1,000원 → 158,350원  [start]
H3190 | bet   2,000원 PLAYER | P:5♥ 8♣ J♥=3  B:6♦ 10♠=6  BANKER(L)  | -2,000원 → 156,350원
H3191 | bet   4,000원 PLAYER | P:3♥ 4♠=7  B:2♣ J♣ 8♣=0  PLAYER(W)  | +4,000원 → 160,350원  [end_win]
H3192 | bet   1,000원 BANKER | P:2♥ 2♥ 10♦=4  B:5♥ 7♦ 4♦=6  BANKER(W)  | +950원 → 161,300원
H3193 | bet   1,000원 BANKER | P:5♥ 6♣=1  B:8♠ 10♦=8  BANKER(W)  | +950원 → 162,250원
H3194 | bet   1,000원 BANKER | P:8♦ J♣=8  B:7♠ A♣=8  TIE(T)  |     0원 → 162,250원
H3195 | bet   1,000원 BANKER | P:2♠ 5♣=7  B:8♦ 8♦=6  PLAYER(L)  | -1,000원 → 161,250원  [start]
H3196 | bet   2,000원 PLAYER | P:A♥ 7♠=8  B:5♥ A♠=6  PLAYER(W)  | +2,000원 → 163,250원  [end_win]
H3197 | bet   1,000원 BANKER | P:8♣ 2♥ 7♣=7  B:A♥ 2♥ 9♠=2  PLAYER(L)  | -1,000원 → 162,250원  [start]
H3198 | bet   2,000원 PLAYER | P:K♠ 5♥=5  B:A♠ 7♥=8  BANKER(L)  | -2,000원 → 160,250원
H3199 | bet   4,000원 PLAYER | P:5♦ 5♦ 7♥=7  B:6♥ A♣=7  TIE(T)  |     0원 → 160,250원
H3200 | bet   4,000원 PLAYER | P:5♥ J♥=5  B:J♣ 8♣=8  BANKER(L)  | -4,000원 → 156,250원
H3201 | bet   8,000원 PLAYER | P:3♣ 4♦=7  B:5♥ 2♦=7  TIE(T)  |     0원 → 156,250원
H3202 | bet   8,000원 PLAYER | P:2♦ 9♠=1  B:9♣ J♥=9  BANKER(L)  | -8,000원 → 148,250원
H3203 | bet  16,000원 PLAYER | P:3♦ Q♣ 6♠=9  B:9♠ 3♠ 10♣=2  PLAYER(W)  | +16,000원 → 164,250원  [end_win]
H3204 | bet   1,000원 BANKER | P:8♦ 10♥=8  B:10♣ 10♠=0  PLAYER(L)  | -1,000원 → 163,250원  [start]
H3205 | bet   2,000원 PLAYER | P:2♣ 10♠ 10♠=2  B:Q♦ K♠ 6♠=6  BANKER(L)  | -2,000원 → 161,250원
H3206 | bet   4,000원 PLAYER | P:5♦ 6♥ K♦=1  B:9♥ 3♥ 10♠=2  BANKER(L)  | -4,000원 → 157,250원
H3207 | bet   8,000원 PLAYER | P:J♣ 10♥ 7♠=7  B:K♥ 3♣ 10♥=3  PLAYER(W)  | +8,000원 → 165,250원  [end_win]
H3208 | bet   1,000원 BANKER | P:2♥ 2♦ 10♦=4  B:8♠ 7♦=5  BANKER(W)  | +950원 → 166,200원
H3209 | bet   1,000원 BANKER | P:K♠ Q♦ 6♠=6  B:4♠ 7♥ 5♣=6  TIE(T)  |     0원 → 166,200원
H3210 | bet   1,000원 BANKER | P:J♥ 3♥=3  B:2♥ 7♦=9  BANKER(W)  | +950원 → 167,150원
H3211 | bet   1,000원 BANKER | P:7♥ A♠=8  B:4♣ Q♠=4  PLAYER(L)  | -1,000원 → 166,150원  [start]
H3212 | bet   2,000원 PLAYER | P:7♣ A♣=8  B:J♠ 6♠=6  PLAYER(W)  | +2,000원 → 168,150원  [end_win]
H3213 | bet   1,000원 BANKER | P:7♣ Q♥=7  B:4♥ 10♦ K♥=4  PLAYER(L)  | -1,000원 → 167,150원  [start]
H3214 | bet   2,000원 PLAYER | P:4♣ 4♠=8  B:8♠ 4♠=2  PLAYER(W)  | +2,000원 → 169,150원  [end_win]
H3215 | bet   1,000원 BANKER | P:8♦ 9♦=7  B:5♦ K♣ K♣=5  PLAYER(L)  | -1,000원 → 168,150원  [start]
H3216 | bet   2,000원 PLAYER | P:7♦ 9♠=6  B:5♦ 10♦ 10♠=5  PLAYER(W)  | +2,000원 → 170,150원  [end_win]
H3217 | bet   1,000원 BANKER | P:A♥ J♦ Q♣=1  B:7♠ 3♦ Q♥=0  PLAYER(L)  | -1,000원 → 169,150원  [start]
H3218 | bet   2,000원 PLAYER | P:Q♦ 6♥=6  B:A♠ 9♣ Q♦=0  PLAYER(W)  | +2,000원 → 171,150원  [end_win]
H3219 | bet   1,000원 BANKER | P:6♥ 6♦=2  B:10♥ 8♦=8  BANKER(W)  | +950원 → 172,100원
H3220 | bet   1,000원 BANKER | P:6♣ 2♠=8  B:9♥ 8♠=7  PLAYER(L)  | -1,000원 → 171,100원  [start]
H3221 | bet   2,000원 PLAYER | P:K♥ 9♠=9  B:3♣ K♣=3  PLAYER(W)  | +2,000원 → 173,100원  [end_win]
H3222 | bet   1,000원 BANKER | P:K♦ 4♦ J♦=4  B:Q♥ 4♥=4  TIE(T)  |     0원 → 173,100원
H3223 | bet   1,000원 BANKER | P:10♠ A♦ 7♣=8  B:9♦ 6♣ 8♥=3  PLAYER(L)  | -1,000원 → 172,100원  [start]
H3224 | bet   2,000원 PLAYER | P:9♥ J♦=9  B:J♣ 8♦=8  PLAYER(W)  | +2,000원 → 174,100원  [end_win]
H3225 | bet   1,000원 BANKER | P:5♦ J♠ 7♠=2  B:4♦ J♠ J♣=4  BANKER(W)  | +950원 → 175,050원
H3226 | bet   1,000원 BANKER | P:K♠ A♥ 3♥=4  B:3♠ 8♠ A♣=2  PLAYER(L)  | -1,000원 → 174,050원  [start]
H3227 | bet   2,000원 PLAYER | P:9♣ 8♥=7  B:6♠ 5♠ A♦=2  PLAYER(W)  | +2,000원 → 176,050원  [end_win]
H3228 | bet   1,000원 BANKER | P:4♣ 2♠=6  B:A♥ J♦ 9♠=0  PLAYER(L)  | -1,000원 → 175,050원  [start]
H3229 | bet   2,000원 PLAYER | P:K♠ 4♥ J♥=4  B:5♠ 6♥ Q♥=1  PLAYER(W)  | +2,000원 → 177,050원  [end_win]
H3230 | bet   1,000원 BANKER | P:4♥ Q♥ K♥=4  B:5♠ 2♠=7  BANKER(W)  | +950원 → 178,000원
H3231 | bet   1,000원 BANKER | P:A♣ 4♣ Q♦=5  B:10♣ J♦ 3♦=3  PLAYER(L)  | -1,000원 → 177,000원  [start]
H3232 | bet   2,000원 PLAYER | P:7♣ 3♠ 7♦=7  B:J♦ 3♣ A♦=4  PLAYER(W)  | +2,000원 → 179,000원  [end_win]
H3233 | bet   1,000원 BANKER | P:10♦ 8♥=8  B:10♠ 9♣=9  BANKER(W)  | +950원 → 179,950원
H3234 | bet   1,000원 BANKER | P:8♣ 8♥=6  B:2♦ 3♠ Q♣=5  PLAYER(L)  | -1,000원 → 178,950원  [start]
H3235 | bet   2,000원 PLAYER | P:K♦ A♠ 5♥=6  B:2♣ 9♦ Q♠=1  PLAYER(W)  | +2,000원 → 180,950원  [end_win]
H3236 | bet   1,000원 BANKER | P:J♦ 9♥=9  B:2♦ 5♠=7  PLAYER(L)  | -1,000원 → 179,950원  [start]
H3237 | bet   2,000원 PLAYER | P:10♦ 9♦=9  B:Q♥ 5♦=5  PLAYER(W)  | +2,000원 → 181,950원  [end_win]
H3238 | bet   1,000원 BANKER | P:Q♣ 8♥=8  B:2♣ 4♣=6  PLAYER(L)  | -1,000원 → 180,950원  [start]
H3239 | bet   2,000원 PLAYER | P:Q♣ 9♥=9  B:3♥ Q♦=3  PLAYER(W)  | +2,000원 → 182,950원  [end_win]
H3240 | bet   1,000원 BANKER | P:2♠ 3♣=5  B:3♦ 5♠=8  BANKER(W)  | +950원 → 183,900원
H3241 | bet   1,000원 BANKER | P:K♥ 6♦=6  B:10♥ K♣ 8♣=8  BANKER(W)  | +950원 → 184,850원
H3242 | bet   1,000원 BANKER | P:2♣ 4♦=6  B:3♦ 8♦ 8♥=9  BANKER(W)  | +950원 → 185,800원
H3243 | bet   1,000원 BANKER | P:Q♣ 8♣=8  B:5♣ 2♥=7  PLAYER(L)  | -1,000원 → 184,800원  [start]
H3244 | bet   2,000원 PLAYER | P:K♠ 3♠ 3♠=6  B:6♠ 5♠ 3♥=4  PLAYER(W)  | +2,000원 → 186,800원  [end_win]
H3245 | bet   1,000원 BANKER | P:6♦ 2♠=8  B:4♥ K♣=4  PLAYER(L)  | -1,000원 → 185,800원  [start]
H3246 | bet   2,000원 PLAYER | P:6♠ 7♥ 4♠=7  B:6♥ K♦=6  PLAYER(W)  | +2,000원 → 187,800원  [end_win]
H3247 | bet   1,000원 BANKER | P:K♦ 6♣=6  B:2♦ 10♣ 3♣=5  PLAYER(L)  | -1,000원 → 186,800원  [start]
H3248 | bet   2,000원 PLAYER | P:4♠ 10♥ 7♥=1  B:6♦ 9♦ 10♣=5  BANKER(L)  | -2,000원 → 184,800원
H3249 | bet   4,000원 PLAYER | P:4♣ Q♦ 7♥=1  B:J♦ 4♦ 6♦=0  PLAYER(W)  | +4,000원 → 188,800원  [end_win]
H3250 | bet   1,000원 BANKER | P:J♣ 8♥=8  B:3♦ 7♠=0  PLAYER(L)  | -1,000원 → 187,800원  [start]
H3251 | bet   2,000원 PLAYER | P:8♠ K♦=8  B:Q♠ 6♥=6  PLAYER(W)  | +2,000원 → 189,800원  [end_win]
H3252 | bet   1,000원 BANKER | P:A♣ 7♣=8  B:3♣ 3♣=6  PLAYER(L)  | -1,000원 → 188,800원  [start]
H3253 | bet   2,000원 PLAYER | P:10♣ 9♣=9  B:9♥ J♠=9  TIE(T)  |     0원 → 188,800원
H3254 | bet   2,000원 PLAYER | P:J♥ 7♣=7  B:6♣ 6♣ A♠=3  PLAYER(W)  | +2,000원 → 190,800원  [end_win]
H3255 | bet   1,000원 BANKER | P:Q♠ 5♠ 9♣=4  B:K♣ 3♥ 4♥=7  BANKER(W)  | +950원 → 191,750원
H3256 | bet   1,000원 BANKER | P:4♣ Q♣ 3♠=7  B:Q♣ 4♥ K♠=4  PLAYER(L)  | -1,000원 → 190,750원  [start]
H3257 | bet   2,000원 PLAYER | P:4♣ J♣ 3♦=7  B:J♠ 5♣=5  PLAYER(W)  | +2,000원 → 192,750원  [end_win]
H3258 | bet   1,000원 BANKER | P:4♦ 9♦ 6♠=9  B:K♥ 5♣ K♠=5  PLAYER(L)  | -1,000원 → 191,750원  [start]
H3259 | bet   2,000원 PLAYER | P:9♥ Q♥=9  B:K♣ 7♣=7  PLAYER(W)  | +2,000원 → 193,750원  [end_win]
H3260 | bet   1,000원 BANKER | P:7♦ 3♦ 9♦=9  B:7♦ 7♥=4  PLAYER(L)  | -1,000원 → 192,750원  [start]
H3261 | bet   2,000원 PLAYER | P:J♠ 6♥=6  B:A♦ A♦ J♥=2  PLAYER(W)  | +2,000원 → 194,750원  [end_win]
H3262 | bet   1,000원 BANKER | P:8♠ 2♣ 7♠=7  B:5♣ 6♦ 2♦=3  PLAYER(L)  | -1,000원 → 193,750원  [start]
H3263 | bet   2,000원 PLAYER | P:9♠ 6♦ A♣=6  B:A♦ 4♥=5  PLAYER(W)  | +2,000원 → 195,750원  [end_win]
H3264 | bet   1,000원 BANKER | P:3♠ 9♦ J♣=2  B:10♥ A♦ 10♦=1  PLAYER(L)  | -1,000원 → 194,750원  [start]
H3265 | bet   2,000원 PLAYER | P:6♠ Q♥=6  B:7♠ 9♦=6  TIE(T)  |     0원 → 194,750원
H3266 | bet   2,000원 PLAYER | P:J♥ 5♣=5  B:9♦ K♥=9  BANKER(L)  | -2,000원 → 192,750원
H3267 | bet   4,000원 PLAYER | P:J♠ 5♦=5  B:9♥ 9♠=8  BANKER(L)  | -4,000원 → 188,750원
H3268 | bet   8,000원 PLAYER | P:K♣ 2♥ 10♦=2  B:8♦ 4♦ 5♦=7  BANKER(L)  | -8,000원 → 180,750원
H3269 | bet  16,000원 PLAYER | P:K♣ 2♠ 8♥=0  B:10♥ 5♥=5  BANKER(L)  | -16,000원 → 164,750원
H3270 | bet  32,000원 PLAYER | P:6♦ 2♦=8  B:J♥ 8♣=8  TIE(T)  |     0원 → 164,750원
H3271 | bet  32,000원 PLAYER | P:J♦ 4♣ 4♣=8  B:J♥ 2♣ A♦=3  PLAYER(W)  | +32,000원 → 196,750원  [end_win]
H3272 | bet   1,000원 BANKER | P:J♣ 10♣=0  B:10♥ 8♠=8  BANKER(W)  | +950원 → 197,700원
H3273 | bet   1,000원 BANKER | P:4♣ 6♦ 8♦=8  B:J♥ A♣ 5♦=6  PLAYER(L)  | -1,000원 → 196,700원  [start]
H3274 | bet   2,000원 PLAYER | P:7♣ J♠=7  B:7♠ 10♠=7  TIE(T)  |     0원 → 196,700원
H3275 | bet   2,000원 PLAYER | P:Q♣ 3♥=3  B:3♦ 6♦=9  BANKER(L)  | -2,000원 → 194,700원
H3276 | bet   4,000원 PLAYER | P:9♣ 6♣ 6♣=1  B:8♥ 7♦ 5♠=0  PLAYER(W)  | +4,000원 → 198,700원  [end_win]
H3277 | bet   1,000원 BANKER | P:Q♠ 10♣ 2♠=2  B:4♥ 6♦ 4♦=4  BANKER(W)  | +950원 → 199,650원
H3278 | bet   1,000원 BANKER | P:10♠ 3♦=3  B:K♦ 9♠=9  BANKER(W)  | +950원 → 200,600원
H3279 | bet   1,000원 BANKER | P:7♦ 7♣ 6♥=0  B:2♦ 2♦ 3♥=7  BANKER(W)  | +950원 → 201,550원
H3280 | bet   1,000원 BANKER | P:6♠ 9♥ 10♣=5  B:K♠ 6♣=6  BANKER(W)  | +950원 → 202,500원
H3281 | bet   1,000원 BANKER | P:J♦ K♠ 5♣=5  B:J♠ A♥ 9♣=0  PLAYER(L)  | -1,000원 → 201,500원  [start]
H3282 | bet   2,000원 PLAYER | P:Q♣ 2♥ 5♠=7  B:5♣ 7♥ Q♠=2  PLAYER(W)  | +2,000원 → 203,500원  [end_win]
H3283 | bet   1,000원 BANKER | P:10♠ J♠ 3♣=3  B:Q♠ 6♦=6  BANKER(W)  | +950원 → 204,450원
H3284 | bet   1,000원 BANKER | P:K♠ 8♦=8  B:8♥ 6♥=4  PLAYER(L)  | -1,000원 → 203,450원  [start]
H3285 | bet   2,000원 PLAYER | P:5♥ 6♦=1  B:9♦ Q♦=9  BANKER(L)  | -2,000원 → 201,450원
H3286 | bet   4,000원 PLAYER | P:5♠ 8♦ 3♥=6  B:9♦ 2♣ A♠=2  PLAYER(W)  | +4,000원 → 205,450원  [end_win]
H3287 | bet   1,000원 BANKER | P:Q♦ 7♦=7  B:9♥ 4♠ 2♣=5  PLAYER(L)  | -1,000원 → 204,450원  [start]
H3288 | bet   2,000원 PLAYER | P:Q♣ K♣ 5♥=5  B:9♣ 6♥ 10♠=5  TIE(T)  |     0원 → 204,450원
H3289 | bet   2,000원 PLAYER | P:2♠ 8♦ 2♥=2  B:5♥ J♣=5  BANKER(L)  | -2,000원 → 202,450원
H3290 | bet   4,000원 PLAYER | P:3♣ 7♠=0  B:Q♦ 9♠=9  BANKER(L)  | -4,000원 → 198,450원
H3291 | bet   8,000원 PLAYER | P:8♠ 5♣ 7♥=0  B:3♠ 4♥=7  BANKER(L)  | -8,000원 → 190,450원
H3292 | bet  16,000원 PLAYER | P:9♣ 9♦=8  B:10♦ 7♣=7  PLAYER(W)  | +16,000원 → 206,450원  [end_win]
H3293 | bet   1,000원 BANKER | P:J♠ Q♥ Q♠=0  B:10♦ 5♦=5  BANKER(W)  | +950원 → 207,400원
H3294 | bet   1,000원 BANKER | P:4♦ 5♥=9  B:8♥ 10♦=8  PLAYER(L)  | -1,000원 → 206,400원  [start]
H3295 | bet   2,000원 PLAYER | P:J♦ A♣ 6♥=7  B:7♥ 4♥ 7♦=8  BANKER(L)  | -2,000원 → 204,400원
H3296 | bet   4,000원 PLAYER | P:2♥ 3♥=5  B:6♠ 2♣=8  BANKER(L)  | -4,000원 → 200,400원
H3297 | bet   8,000원 PLAYER | P:A♠ J♦ 10♣=1  B:6♥ 4♠ 4♠=4  BANKER(L)  | -8,000원 → 192,400원
H3298 | bet  16,000원 PLAYER | P:4♦ 4♠=8  B:10♥ 2♠=2  PLAYER(W)  | +16,000원 → 208,400원  [end_win]
H3299 | bet   1,000원 BANKER | P:9♦ K♣=9  B:8♥ A♦=9  TIE(T)  |     0원 → 208,400원
H3300 | bet   1,000원 BANKER | P:6♠ 4♣=0  B:2♦ 6♥=8  BANKER(W)  | +950원 → 209,350원
H3301 | bet   1,000원 BANKER | P:K♠ J♠ 3♠=3  B:4♠ K♥ Q♣=4  BANKER(W)  | +950원 → 210,300원
H3302 | bet   1,000원 BANKER | P:Q♣ 8♠=8  B:9♥ 8♦=7  PLAYER(L)  | -1,000원 → 209,300원  [start]
H3303 | bet   2,000원 PLAYER | P:6♦ 5♥ J♣=1  B:7♦ 4♠ J♣=1  TIE(T)  |     0원 → 209,300원
H3304 | bet   2,000원 PLAYER | P:2♣ 4♥=6  B:9♥ 4♣ 4♣=7  BANKER(L)  | -2,000원 → 207,300원
H3305 | bet   4,000원 PLAYER | P:7♣ 2♠=9  B:2♥ K♠=2  PLAYER(W)  | +4,000원 → 211,300원  [end_win]
H3306 | bet   1,000원 BANKER | P:3♦ A♠ K♦=4  B:7♦ K♥=7  BANKER(W)  | +950원 → 212,250원
H3307 | bet   1,000원 BANKER | P:Q♣ J♥ 3♣=3  B:4♦ 3♦=7  BANKER(W)  | +950원 → 213,200원
H3308 | bet   1,000원 BANKER | P:2♣ Q♦ 5♠=7  B:K♣ K♠ 5♣=5  PLAYER(L)  | -1,000원 → 212,200원  [start]
H3309 | bet   2,000원 PLAYER | P:10♥ J♣ 5♠=5  B:10♣ J♦ 8♣=8  BANKER(L)  | -2,000원 → 210,200원
H3310 | bet   4,000원 PLAYER | P:A♥ 8♦=9  B:7♥ 10♣=7  PLAYER(W)  | +4,000원 → 214,200원  [end_win]
H3311 | bet   1,000원 BANKER | P:6♣ 7♥ 4♦=7  B:J♣ A♥ 5♦=6  PLAYER(L)  | -1,000원 → 213,200원  [start]
H3312 | bet   2,000원 PLAYER | P:A♥ 8♣=9  B:2♣ K♥=2  PLAYER(W)  | +2,000원 → 215,200원  [end_win]
H3313 | bet   1,000원 BANKER | P:A♦ A♣ 7♣=9  B:J♥ 2♦ 3♦=5  PLAYER(L)  | -1,000원 → 214,200원  [start]
H3314 | bet   2,000원 PLAYER | P:3♥ A♣ J♦=4  B:K♠ Q♥ 6♦=6  BANKER(L)  | -2,000원 → 212,200원
H3315 | bet   4,000원 PLAYER | P:J♥ 10♣ A♣=1  B:A♠ 9♠ 9♣=9  BANKER(L)  | -4,000원 → 208,200원
H3316 | bet   8,000원 PLAYER | P:8♣ 3♦ J♣=1  B:4♠ 8♣ 4♥=6  BANKER(L)  | -8,000원 → 200,200원
H3317 | bet  16,000원 PLAYER | P:A♣ Q♥=1  B:K♥ 8♥=8  BANKER(L)  | -16,000원 → 184,200원
H3318 | bet  32,000원 PLAYER | P:4♣ 8♣ K♦=2  B:K♦ 3♠ 8♥=1  PLAYER(W)  | +32,000원 → 216,200원  [end_win]
H3319 | bet   1,000원 BANKER | P:6♣ 6♠ 5♦=7  B:3♥ 3♣=6  PLAYER(L)  | -1,000원 → 215,200원  [start]
H3320 | bet   2,000원 PLAYER | P:J♦ 4♦=4  B:10♦ 9♥=9  BANKER(L)  | -2,000원 → 213,200원
H3321 | bet   4,000원 PLAYER | P:6♣ Q♠=6  B:9♥ 2♦ 3♣=4  PLAYER(W)  | +4,000원 → 217,200원  [end_win]
H3322 | bet   1,000원 BANKER | P:4♥ 5♥=9  B:6♣ 9♣=5  PLAYER(L)  | -1,000원 → 216,200원  [start]
H3323 | bet   2,000원 PLAYER | P:9♠ 3♠ K♦=2  B:3♦ 3♥=6  BANKER(L)  | -2,000원 → 214,200원
H3324 | bet   4,000원 PLAYER | P:J♠ 5♣ J♥=5  B:4♣ 10♣=4  PLAYER(W)  | +4,000원 → 218,200원  [end_win]
H3325 | bet   1,000원 BANKER | P:8♠ 2♠ 10♠=0  B:A♣ 5♦=6  BANKER(W)  | +950원 → 219,150원
H3326 | bet   1,000원 BANKER | P:7♦ 3♥ A♦=1  B:10♦ J♦ 5♠=5  BANKER(W)  | +950원 → 220,100원
H3327 | bet   1,000원 BANKER | P:Q♦ 8♣=8  B:K♥ 7♦=7  PLAYER(L)  | -1,000원 → 219,100원  [start]
H3328 | bet   2,000원 PLAYER | P:Q♥ 10♠ Q♠=0  B:A♦ Q♥ 7♥=8  BANKER(L)  | -2,000원 → 217,100원
H3329 | bet   4,000원 PLAYER | P:K♣ 5♣ A♣=6  B:Q♠ A♠ Q♦=1  PLAYER(W)  | +4,000원 → 221,100원  [end_win]
H3330 | bet   1,000원 BANKER | P:3♣ Q♦ 6♥=9  B:A♦ K♦ 7♠=8  PLAYER(L)  | -1,000원 → 220,100원  [start]
H3331 | bet   2,000원 PLAYER | P:4♠ K♦ 5♦=9  B:6♠ 4♥ 8♠=8  PLAYER(W)  | +2,000원 → 222,100원  [end_win]
H3332 | bet   1,000원 BANKER | P:Q♣ A♠=1  B:Q♥ 8♠=8  BANKER(W)  | +950원 → 223,050원
H3333 | bet   1,000원 BANKER | P:5♠ 9♠ K♣=4  B:4♦ 2♦=6  BANKER(W)  | +950원 → 224,000원
H3334 | bet   1,000원 BANKER | P:9♦ A♠ 7♠=7  B:A♥ 10♥ 4♥=5  PLAYER(L)  | -1,000원 → 223,000원  [start]
H3335 | bet   2,000원 PLAYER | P:10♠ A♥ 2♣=3  B:9♠ 7♣=6  BANKER(L)  | -2,000원 → 221,000원
H3336 | bet   4,000원 PLAYER | P:Q♥ 5♣ 7♠=2  B:8♠ 8♣ 8♦=4  BANKER(L)  | -4,000원 → 217,000원
H3337 | bet   8,000원 PLAYER | P:3♣ K♣ 3♣=6  B:9♣ 7♥=6  TIE(T)  |     0원 → 217,000원
H3338 | bet   8,000원 PLAYER | P:K♥ 2♠ 8♥=0  B:3♠ 3♠=6  BANKER(L)  | -8,000원 → 209,000원
H3339 | bet  16,000원 PLAYER | P:5♥ 3♦=8  B:2♥ 10♠=2  PLAYER(W)  | +16,000원 → 225,000원  [end_win]
H3340 | bet   1,000원 BANKER | P:6♥ 7♣ 9♣=2  B:2♦ 2♠=4  BANKER(W)  | +950원 → 225,950원
H3341 | bet   1,000원 BANKER | P:6♠ Q♣=6  B:K♦ J♠ 10♥=0  PLAYER(L)  | -1,000원 → 224,950원  [start]
H3342 | bet   2,000원 PLAYER | P:A♦ 10♦ 8♠=9  B:K♥ 7♠=7  PLAYER(W)  | +2,000원 → 226,950원  [end_win]
H3343 | bet   1,000원 BANKER | P:3♠ 2♥ Q♦=5  B:A♠ 9♠ 6♣=6  BANKER(W)  | +950원 → 227,900원
H3344 | bet   1,000원 BANKER | P:4♠ A♦ 3♦=8  B:J♠ 7♣=7  PLAYER(L)  | -1,000원 → 226,900원  [start]
H3345 | bet   2,000원 PLAYER | P:8♦ 8♣=6  B:K♥ 8♠=8  BANKER(L)  | -2,000원 → 224,900원
H3346 | bet   4,000원 PLAYER | P:K♣ 8♠=8  B:J♣ 4♥=4  PLAYER(W)  | +4,000원 → 228,900원  [end_win]
H3347 | bet   1,000원 BANKER | P:K♥ A♦ 2♥=3  B:7♦ Q♥=7  BANKER(W)  | +950원 → 229,850원
H3348 | bet   1,000원 BANKER | P:A♠ 3♥ J♠=4  B:5♠ 2♥=7  BANKER(W)  | +950원 → 230,800원
H3349 | bet   1,000원 BANKER | P:J♥ 10♦ 2♠=2  B:Q♠ 7♦=7  BANKER(W)  | +950원 → 231,750원
H3350 | bet   1,000원 BANKER | P:5♦ 6♦ 9♣=0  B:A♥ 6♠=7  BANKER(W)  | +950원 → 232,700원
H3351 | bet   1,000원 BANKER | P:6♠ 7♦ J♦=3  B:2♥ 8♠ 7♥=7  BANKER(W)  | +950원 → 233,650원
H3352 | bet   1,000원 BANKER | P:2♦ 10♠=2  B:5♣ 4♦=9  BANKER(W)  | +950원 → 234,600원
H3353 | bet   1,000원 BANKER | P:5♦ 9♦ 8♣=2  B:5♦ 2♠=7  BANKER(W)  | +950원 → 235,550원
H3354 | bet   1,000원 BANKER | P:A♣ 6♦=7  B:7♦ 7♥ Q♥=4  PLAYER(L)  | -1,000원 → 234,550원  [start]
H3355 | bet   2,000원 PLAYER | P:10♥ 5♠ 3♦=8  B:6♦ J♣=6  PLAYER(W)  | +2,000원 → 236,550원  [end_win]
H3356 | bet   1,000원 BANKER | P:10♣ 6♥=6  B:K♦ Q♥ 8♥=8  BANKER(W)  | +950원 → 237,500원
H3357 | bet   1,000원 BANKER | P:10♦ A♣ 2♣=3  B:5♣ 9♠ 10♦=4  BANKER(W)  | +950원 → 238,450원
H3358 | bet   1,000원 BANKER | P:6♠ 5♠ 8♦=9  B:2♣ K♣ 8♦=0  PLAYER(L)  | -1,000원 → 237,450원  [start]
H3359 | bet   2,000원 PLAYER | P:8♠ 3♥ 10♣=1  B:Q♥ Q♣ 7♣=7  BANKER(L)  | -2,000원 → 235,450원
H3360 | bet   4,000원 PLAYER | P:Q♥ Q♣ 3♠=3  B:3♣ 4♦=7  BANKER(L)  | -4,000원 → 231,450원
H3361 | bet   8,000원 PLAYER | P:A♣ Q♠ K♦=1  B:4♣ 10♥=4  BANKER(L)  | -8,000원 → 223,450원
H3362 | bet  16,000원 PLAYER | P:K♦ A♠ 8♣=9  B:6♦ 9♠=5  PLAYER(W)  | +16,000원 → 239,450원  [end_win]
H3363 | bet   1,000원 BANKER | P:9♣ A♦=0  B:Q♣ 9♠=9  BANKER(W)  | +950원 → 240,400원
H3364 | bet   1,000원 BANKER | P:9♠ 5♥ J♣=4  B:7♥ Q♠=7  BANKER(W)  | +950원 → 241,350원
H3365 | bet   1,000원 BANKER | P:4♠ J♦ 6♠=0  B:J♠ 4♠ 3♥=7  BANKER(W)  | +950원 → 242,300원
H3366 | bet   1,000원 BANKER | P:Q♣ K♣ 3♠=3  B:K♦ 5♥=5  BANKER(W)  | +950원 → 243,250원
H3367 | bet   1,000원 BANKER | P:6♣ 8♣ 5♠=9  B:9♥ 6♦ A♥=6  PLAYER(L)  | -1,000원 → 242,250원  [start]
H3368 | bet   2,000원 PLAYER | P:5♥ 4♦=9  B:7♣ 9♥=6  PLAYER(W)  | +2,000원 → 244,250원  [end_win]
H3369 | bet   1,000원 BANKER | P:10♦ K♥=0  B:9♥ 9♠=8  BANKER(W)  | +950원 → 245,200원
H3370 | bet   1,000원 BANKER | P:4♠ K♠ 5♥=9  B:A♠ A♦ 4♦=6  PLAYER(L)  | -1,000원 → 244,200원  [start]
H3371 | bet   2,000원 PLAYER | P:8♥ 9♠=7  B:A♣ 3♦ 6♣=0  PLAYER(W)  | +2,000원 → 246,200원  [end_win]
H3372 | bet   1,000원 BANKER | P:7♥ 4♥ J♥=1  B:9♦ 7♣=6  BANKER(W)  | +950원 → 247,150원
H3373 | bet   1,000원 BANKER | P:2♥ 4♦=6  B:2♥ K♠ Q♦=2  PLAYER(L)  | -1,000원 → 246,150원  [start]
H3374 | bet   2,000원 PLAYER | P:4♥ 2♦=6  B:A♥ K♠ 8♦=9  BANKER(L)  | -2,000원 → 244,150원
H3375 | bet   4,000원 PLAYER | P:10♠ 2♠ 10♠=2  B:A♠ A♥ Q♦=2  TIE(T)  |     0원 → 244,150원
H3376 | bet   4,000원 PLAYER | P:9♥ 7♣=6  B:8♣ 2♦ 10♣=0  PLAYER(W)  | +4,000원 → 248,150원  [end_win]
H3377 | bet   1,000원 BANKER | P:2♣ 9♣=1  B:8♦ 10♦=8  BANKER(W)  | +950원 → 249,100원
H3378 | bet   1,000원 BANKER | P:A♣ 4♣ 8♦=3  B:3♣ 4♥=7  BANKER(W)  | +950원 → 250,050원
H3379 | bet   1,000원 BANKER | P:K♦ 5♣ 9♥=4  B:7♦ K♠=7  BANKER(W)  | +950원 → 251,000원
H3380 | bet   1,000원 BANKER | P:5♥ K♠ 10♥=5  B:4♦ A♥=5  TIE(T)  |     0원 → 251,000원
H3381 | bet   1,000원 BANKER | P:9♥ K♣=9  B:2♦ 9♣=1  PLAYER(L)  | -1,000원 → 250,000원  [start]
H3382 | bet   2,000원 PLAYER | P:10♦ A♠=1  B:8♣ J♥=8  BANKER(L)  | -2,000원 → 248,000원
H3383 | bet   4,000원 PLAYER | P:6♥ 9♥ J♣=5  B:7♠ 10♣=7  BANKER(L)  | -4,000원 → 244,000원
H3384 | bet   8,000원 PLAYER | P:7♠ 2♣=9  B:A♥ A♣=2  PLAYER(W)  | +8,000원 → 252,000원  [end_win]
H3385 | bet   1,000원 BANKER | P:3♣ 8♥=1  B:7♦ 2♠=9  BANKER(W)  | +950원 → 252,950원
H3386 | bet   1,000원 BANKER | P:A♦ 7♥=8  B:J♣ K♣=0  PLAYER(L)  | -1,000원 → 251,950원  [start]
H3387 | bet   2,000원 PLAYER | P:K♥ 2♣ 6♥=8  B:8♠ 5♦ 5♣=8  TIE(T)  |     0원 → 251,950원
H3388 | bet   2,000원 PLAYER | P:Q♦ 10♦ 3♥=3  B:6♣ 10♣=6  BANKER(L)  | -2,000원 → 249,950원
H3389 | bet   4,000원 PLAYER | P:6♣ 4♦ 4♥=4  B:K♠ 3♠ 4♣=7  BANKER(L)  | -4,000원 → 245,950원
H3390 | bet   8,000원 PLAYER | P:3♠ 5♠=8  B:9♠ A♦=0  PLAYER(W)  | +8,000원 → 253,950원  [end_win]
H3391 | bet   1,000원 BANKER | P:J♦ 2♥=2  B:8♠ 10♠=8  BANKER(W)  | +950원 → 254,900원
H3392 | bet   1,000원 BANKER | P:9♣ 3♦ 3♣=5  B:J♣ 4♠ 5♦=9  BANKER(W)  | +950원 → 255,850원
H3393 | bet   1,000원 BANKER | P:A♠ 4♣ 7♠=2  B:K♠ 6♥ Q♠=6  BANKER(W)  | +950원 → 256,800원
H3394 | bet   1,000원 BANKER | P:4♥ 7♠ 3♠=4  B:K♣ 2♠ 3♣=5  BANKER(W)  | +950원 → 257,750원
H3395 | bet   1,000원 BANKER | P:10♦ J♦ 4♣=4  B:K♦ A♦ J♣=1  PLAYER(L)  | -1,000원 → 256,750원  [start]
H3396 | bet   2,000원 PLAYER | P:2♥ Q♥ 7♥=9  B:6♣ 10♣ 3♥=9  TIE(T)  |     0원 → 256,750원
H3397 | bet   2,000원 PLAYER | P:8♦ 5♣ 8♥=1  B:7♠ 8♣=5  BANKER(L)  | -2,000원 → 254,750원
H3398 | bet   4,000원 PLAYER | P:8♠ 7♥ 3♣=8  B:J♦ 6♣=6  PLAYER(W)  | +4,000원 → 258,750원  [end_win]
H3399 | bet   1,000원 BANKER | P:J♣ 6♥=6  B:9♦ 10♥=9  BANKER(W)  | +950원 → 259,700원
H3400 | bet   1,000원 BANKER | P:4♦ J♥=4  B:9♣ K♣=9  BANKER(W)  | +950원 → 260,650원
H3401 | bet   1,000원 BANKER | P:K♠ 2♣ 6♣=8  B:10♥ 3♦ 9♦=2  PLAYER(L)  | -1,000원 → 259,650원  [start]
H3402 | bet   2,000원 PLAYER | P:5♦ 5♠=0  B:Q♣ 8♠=8  BANKER(L)  | -2,000원 → 257,650원
H3403 | bet   4,000원 PLAYER | P:7♣ 6♠ 2♦=5  B:3♣ 8♥ 4♠=5  TIE(T)  |     0원 → 257,650원
H3404 | bet   4,000원 PLAYER | P:A♣ 7♣=8  B:9♦ 3♦=2  PLAYER(W)  | +4,000원 → 261,650원  [end_win]
H3405 | bet   1,000원 BANKER | P:8♥ 3♥ 6♥=7  B:A♥ J♥ 9♦=0  PLAYER(L)  | -1,000원 → 260,650원  [start]
H3406 | bet   2,000원 PLAYER | P:5♥ 3♦=8  B:Q♠ 2♣=2  PLAYER(W)  | +2,000원 → 262,650원  [end_win]
H3407 | bet   1,000원 BANKER | P:9♦ 2♣ 3♦=4  B:7♣ J♠=7  BANKER(W)  | +950원 → 263,600원
H3408 | bet   1,000원 BANKER | P:5♠ A♦=6  B:J♦ Q♠ 2♠=2  PLAYER(L)  | -1,000원 → 262,600원  [start]
H3409 | bet   2,000원 PLAYER | P:8♣ K♥=8  B:3♣ 10♠=3  PLAYER(W)  | +2,000원 → 264,600원  [end_win]
H3410 | bet   1,000원 BANKER | P:K♣ J♦ A♥=1  B:J♥ 5♥=5  BANKER(W)  | +950원 → 265,550원
H3411 | bet   1,000원 BANKER | P:6♦ K♥=6  B:Q♦ 6♦=6  TIE(T)  |     0원 → 265,550원
H3412 | bet   1,000원 BANKER | P:4♣ 10♠ 4♠=8  B:Q♣ J♠ 7♠=7  PLAYER(L)  | -1,000원 → 264,550원  [start]
H3413 | bet   2,000원 PLAYER | P:5♦ 5♣ 6♠=6  B:10♣ 4♥ 2♠=6  TIE(T)  |     0원 → 264,550원
H3414 | bet   2,000원 PLAYER | P:10♠ 6♥=6  B:K♥ 5♦ 3♥=8  BANKER(L)  | -2,000원 → 262,550원
H3415 | bet   4,000원 PLAYER | P:Q♠ J♠ 5♥=5  B:A♠ 2♦ 9♥=2  PLAYER(W)  | +4,000원 → 266,550원  [end_win]
H3416 | bet   1,000원 BANKER | P:7♥ Q♣=7  B:3♠ 7♠ 8♥=8  BANKER(W)  | +950원 → 267,500원
H3417 | bet   1,000원 BANKER | P:9♣ A♠ 2♠=2  B:7♦ 7♦ J♦=4  BANKER(W)  | +950원 → 268,450원
H3418 | bet   1,000원 BANKER | P:6♦ 3♠=9  B:Q♥ 10♣=0  PLAYER(L)  | -1,000원 → 267,450원  [start]
H3419 | bet   2,000원 PLAYER | P:10♠ 6♠=6  B:6♠ Q♦=6  TIE(T)  |     0원 → 267,450원
H3420 | bet   2,000원 PLAYER | P:6♣ 10♥=6  B:5♣ 10♥ J♥=5  PLAYER(W)  | +2,000원 → 269,450원  [end_win]
H3421 | bet   1,000원 BANKER | P:Q♠ Q♦ K♥=0  B:6♥ Q♦=6  BANKER(W)  | +950원 → 270,400원
H3422 | bet   1,000원 BANKER | P:4♠ 5♠=9  B:8♦ 3♠=1  PLAYER(L)  | -1,000원 → 269,400원  [start]
H3423 | bet   2,000원 PLAYER | P:10♥ J♠=0  B:9♠ 9♣=8  BANKER(L)  | -2,000원 → 267,400원
H3424 | bet   4,000원 PLAYER | P:3♥ 2♦ 7♠=2  B:9♦ 4♥ 2♦=5  BANKER(L)  | -4,000원 → 263,400원
H3425 | bet   8,000원 PLAYER | P:Q♥ 2♣=2  B:6♠ 3♥=9  BANKER(L)  | -8,000원 → 255,400원
H3426 | bet  16,000원 PLAYER | P:5♦ A♠=6  B:9♥ J♣=9  BANKER(L)  | -16,000원 → 239,400원
H3427 | bet  32,000원 PLAYER | P:8♦ 7♥=5  B:7♦ A♦=8  BANKER(L)  | -32,000원 → 207,400원  [end_giveup]
H3428 | bet   1,000원 BANKER | P:3♠ 3♣=6  B:4♥ 9♣ 9♥=2  PLAYER(L)  | -1,000원 → 206,400원  [start]
H3429 | bet   2,000원 PLAYER | P:3♥ 6♣=9  B:8♦ 10♠=8  PLAYER(W)  | +2,000원 → 208,400원  [end_win]
H3430 | bet   1,000원 BANKER | P:Q♦ 4♦ A♦=5  B:3♠ Q♥ 4♦=7  BANKER(W)  | +950원 → 209,350원
H3431 | bet   1,000원 BANKER | P:4♣ J♥ 4♠=8  B:J♥ 3♣ 3♣=6  PLAYER(L)  | -1,000원 → 208,350원  [start]
H3432 | bet   2,000원 PLAYER | P:8♣ K♣=8  B:2♠ 4♦=6  PLAYER(W)  | +2,000원 → 210,350원  [end_win]
H3433 | bet   1,000원 BANKER | P:4♣ Q♥ Q♦=4  B:A♠ 9♣ Q♣=0  PLAYER(L)  | -1,000원 → 209,350원  [start]
H3434 | bet   2,000원 PLAYER | P:K♥ 7♥=7  B:J♦ 3♦ J♣=3  PLAYER(W)  | +2,000원 → 211,350원  [end_win]
H3435 | bet   1,000원 BANKER | P:Q♠ 2♦ 8♠=0  B:4♦ J♦=4  BANKER(W)  | +950원 → 212,300원
H3436 | bet   1,000원 BANKER | P:6♥ 2♥=8  B:4♠ 3♥=7  PLAYER(L)  | -1,000원 → 211,300원  [start]
H3437 | bet   2,000원 PLAYER | P:K♥ 3♥ J♥=3  B:7♣ 5♥ A♣=3  TIE(T)  |     0원 → 211,300원
H3438 | bet   2,000원 PLAYER | P:10♥ 3♠=3  B:6♠ 3♣=9  BANKER(L)  | -2,000원 → 209,300원
H3439 | bet   4,000원 PLAYER | P:A♣ 2♣ 3♣=6  B:3♦ 10♣ 8♣=1  PLAYER(W)  | +4,000원 → 213,300원  [end_win]
H3440 | bet   1,000원 BANKER | P:6♦ A♣=7  B:7♣ Q♣=7  TIE(T)  |     0원 → 213,300원
H3441 | bet   1,000원 BANKER | P:J♠ 9♦=9  B:Q♠ J♦=0  PLAYER(L)  | -1,000원 → 212,300원  [start]
H3442 | bet   2,000원 PLAYER | P:J♣ A♣ 2♥=3  B:4♦ J♥ K♦=4  BANKER(L)  | -2,000원 → 210,300원
H3443 | bet   4,000원 PLAYER | P:4♣ 4♣=8  B:2♦ Q♦=2  PLAYER(W)  | +4,000원 → 214,300원  [end_win]
H3444 | bet   1,000원 BANKER | P:3♠ 2♦ J♥=5  B:3♥ 8♦ K♣=1  PLAYER(L)  | -1,000원 → 213,300원  [start]
H3445 | bet   2,000원 PLAYER | P:10♦ 10♣=0  B:9♣ 9♠=8  BANKER(L)  | -2,000원 → 211,300원
H3446 | bet   4,000원 PLAYER | P:2♣ 8♥=0  B:J♥ 9♣=9  BANKER(L)  | -4,000원 → 207,300원
H3447 | bet   8,000원 PLAYER | P:8♥ 2♦=0  B:10♠ 9♥=9  BANKER(L)  | -8,000원 → 199,300원
H3448 | bet  16,000원 PLAYER | P:3♥ 9♦ 3♦=5  B:6♣ J♠=6  BANKER(L)  | -16,000원 → 183,300원
H3449 | bet  32,000원 PLAYER | P:5♠ 7♣ A♥=3  B:10♦ 10♦ 7♣=7  BANKER(L)  | -32,000원 → 151,300원  [end_giveup]
H3450 | bet   1,000원 BANKER | P:10♣ Q♥=0  B:7♥ A♥=8  BANKER(W)  | +950원 → 152,250원
H3451 | bet   1,000원 BANKER | P:A♦ K♣=1  B:7♥ 2♣=9  BANKER(W)  | +950원 → 153,200원
H3452 | bet   1,000원 BANKER | P:9♣ 10♥=9  B:5♦ Q♣=5  PLAYER(L)  | -1,000원 → 152,200원  [start]
H3453 | bet   2,000원 PLAYER | P:J♥ 8♠=8  B:K♥ 4♣=4  PLAYER(W)  | +2,000원 → 154,200원  [end_win]
H3454 | bet   1,000원 BANKER | P:4♦ 9♣ 10♦=3  B:3♦ 10♦ 6♥=9  BANKER(W)  | +950원 → 155,150원
H3455 | bet   1,000원 BANKER | P:7♠ Q♠=7  B:Q♥ 6♦=6  PLAYER(L)  | -1,000원 → 154,150원  [start]
H3456 | bet   2,000원 PLAYER | P:J♠ 9♦=9  B:9♦ 2♠=1  PLAYER(W)  | +2,000원 → 156,150원  [end_win]
H3457 | bet   1,000원 BANKER | P:A♦ J♣=1  B:9♥ 10♥=9  BANKER(W)  | +950원 → 157,100원
H3458 | bet   1,000원 BANKER | P:9♠ K♣=9  B:K♠ 5♣=5  PLAYER(L)  | -1,000원 → 156,100원  [start]
H3459 | bet   2,000원 PLAYER | P:6♣ 10♠=6  B:3♠ 7♥ 4♥=4  PLAYER(W)  | +2,000원 → 158,100원  [end_win]
H3460 | bet   1,000원 BANKER | P:Q♣ 6♥=6  B:Q♠ K♥ Q♦=0  PLAYER(L)  | -1,000원 → 157,100원  [start]
H3461 | bet   2,000원 PLAYER | P:2♥ 6♠=8  B:J♠ 4♣=4  PLAYER(W)  | +2,000원 → 159,100원  [end_win]
H3462 | bet   1,000원 BANKER | P:6♣ 10♥=6  B:3♦ Q♣ 9♠=2  PLAYER(L)  | -1,000원 → 158,100원  [start]
H3463 | bet   2,000원 PLAYER | P:6♦ Q♦=6  B:5♣ 5♥ 6♠=6  TIE(T)  |     0원 → 158,100원
H3464 | bet   2,000원 PLAYER | P:5♦ 9♥ 10♦=4  B:K♠ 2♦ 7♠=9  BANKER(L)  | -2,000원 → 156,100원
H3465 | bet   4,000원 PLAYER | P:8♠ A♦=9  B:3♠ A♥=4  PLAYER(W)  | +4,000원 → 160,100원  [end_win]
H3466 | bet   1,000원 BANKER | P:3♥ 4♠=7  B:K♣ 8♥=8  BANKER(W)  | +950원 → 161,050원
H3467 | bet   1,000원 BANKER | P:2♣ K♦=2  B:8♠ Q♣=8  BANKER(W)  | +950원 → 162,000원
H3468 | bet   1,000원 BANKER | P:K♥ 9♦=9  B:10♦ 10♣=0  PLAYER(L)  | -1,000원 → 161,000원  [start]
H3469 | bet   2,000원 PLAYER | P:2♠ 8♦ 5♣=5  B:4♥ J♠ J♠=4  PLAYER(W)  | +2,000원 → 163,000원  [end_win]
H3470 | bet   1,000원 BANKER | P:K♥ K♠ 5♦=5  B:J♦ Q♠ J♣=0  PLAYER(L)  | -1,000원 → 162,000원  [start]
H3471 | bet   2,000원 PLAYER | P:5♥ K♠ K♦=5  B:A♥ 2♣ J♣=3  PLAYER(W)  | +2,000원 → 164,000원  [end_win]
H3472 | bet   1,000원 BANKER | P:A♠ K♥ 5♦=6  B:10♥ K♣ 5♣=5  PLAYER(L)  | -1,000원 → 163,000원  [start]
H3473 | bet   2,000원 PLAYER | P:5♥ 7♦ A♠=3  B:5♠ 2♠=7  BANKER(L)  | -2,000원 → 161,000원
H3474 | bet   4,000원 PLAYER | P:8♥ 9♥=7  B:5♣ 8♠ 8♥=1  PLAYER(W)  | +4,000원 → 165,000원  [end_win]
H3475 | bet   1,000원 BANKER | P:6♥ 8♥ 4♣=8  B:10♠ A♠ 5♠=6  PLAYER(L)  | -1,000원 → 164,000원  [start]
H3476 | bet   2,000원 PLAYER | P:K♣ 2♦ 8♦=0  B:4♥ 2♠=6  BANKER(L)  | -2,000원 → 162,000원
H3477 | bet   4,000원 PLAYER | P:A♦ A♠=2  B:3♦ 5♥=8  BANKER(L)  | -4,000원 → 158,000원
H3478 | bet   8,000원 PLAYER | P:5♦ Q♠ 8♦=3  B:Q♣ J♦ K♦=0  PLAYER(W)  | +8,000원 → 166,000원  [end_win]
H3479 | bet   1,000원 BANKER | P:10♦ Q♥ 5♣=5  B:10♥ Q♦ 5♠=5  TIE(T)  |     0원 → 166,000원
H3480 | bet   1,000원 BANKER | P:10♣ 5♦ 3♥=8  B:7♠ 7♥ 8♠=2  PLAYER(L)  | -1,000원 → 165,000원  [start]
H3481 | bet   2,000원 PLAYER | P:10♥ 3♣=3  B:8♥ 10♣=8  BANKER(L)  | -2,000원 → 163,000원
H3482 | bet   4,000원 PLAYER | P:K♦ 8♠=8  B:J♦ 5♠=5  PLAYER(W)  | +4,000원 → 167,000원  [end_win]
H3483 | bet   1,000원 BANKER | P:2♣ A♥ 5♠=8  B:8♣ 3♣ Q♣=1  PLAYER(L)  | -1,000원 → 166,000원  [start]
H3484 | bet   2,000원 PLAYER | P:3♠ A♥ 6♦=0  B:8♠ 4♠ 5♥=7  BANKER(L)  | -2,000원 → 164,000원
H3485 | bet   4,000원 PLAYER | P:7♦ 7♦ 10♣=4  B:2♥ J♦ 7♦=9  BANKER(L)  | -4,000원 → 160,000원
H3486 | bet   8,000원 PLAYER | P:10♠ 2♥ K♣=2  B:9♦ 8♥=7  BANKER(L)  | -8,000원 → 152,000원
H3487 | bet  16,000원 PLAYER | P:4♠ K♦ 6♠=0  B:4♥ 7♦ 2♦=3  BANKER(L)  | -16,000원 → 136,000원
H3488 | bet  32,000원 PLAYER | P:6♣ 7♦ 8♣=1  B:2♥ 2♥=4  BANKER(L)  | -32,000원 → 104,000원  [end_giveup]
H3489 | bet   1,000원 BANKER | P:7♠ J♠=7  B:4♠ 6♦ 2♠=2  PLAYER(L)  | -1,000원 → 103,000원  [start]
H3490 | bet   2,000원 PLAYER | P:K♦ Q♥ 3♣=3  B:10♥ 4♠ 9♠=3  TIE(T)  |     0원 → 103,000원
H3491 | bet   2,000원 PLAYER | P:9♠ 7♣=6  B:9♦ 5♠ 6♠=0  PLAYER(W)  | +2,000원 → 105,000원  [end_win]
H3492 | bet   1,000원 BANKER | P:2♦ 3♦=5  B:Q♠ 9♦=9  BANKER(W)  | +950원 → 105,950원
H3493 | bet   1,000원 BANKER | P:K♠ A♣ A♣=2  B:8♣ 7♠=5  BANKER(W)  | +950원 → 106,900원
H3494 | bet   1,000원 BANKER | P:K♥ 8♣=8  B:K♠ 10♠=0  PLAYER(L)  | -1,000원 → 105,900원  [start]
H3495 | bet   2,000원 PLAYER | P:8♣ J♦=8  B:2♠ 7♠=9  BANKER(L)  | -2,000원 → 103,900원
H3496 | bet   4,000원 PLAYER | P:5♣ 2♥=7  B:7♠ 6♣ 6♦=9  BANKER(L)  | -4,000원 → 99,900원
H3497 | bet   8,000원 PLAYER | P:J♥ K♠ 6♥=6  B:9♠ 8♦=7  BANKER(L)  | -8,000원 → 91,900원
H3498 | bet  16,000원 PLAYER | P:A♦ J♣=1  B:7♥ A♥=8  BANKER(L)  | -16,000원 → 75,900원
H3499 | bet  32,000원 PLAYER | P:6♠ 7♣ 4♦=7  B:10♣ 6♦=6  PLAYER(W)  | +32,000원 → 107,900원  [end_win]
H3500 | bet   1,000원 BANKER | P:5♣ J♠ 4♥=9  B:6♠ 5♥ 6♥=7  PLAYER(L)  | -1,000원 → 106,900원  [start]
H3501 | bet   2,000원 PLAYER | P:4♥ A♣=5  B:9♣ 10♠=9  BANKER(L)  | -2,000원 → 104,900원
H3502 | bet   4,000원 PLAYER | P:7♠ 3♠=0  B:Q♦ 8♦=8  BANKER(L)  | -4,000원 → 100,900원
H3503 | bet   8,000원 PLAYER | P:7♣ 5♠ 9♣=1  B:7♥ 9♠=6  BANKER(L)  | -8,000원 → 92,900원
H3504 | bet  16,000원 PLAYER | P:A♦ 3♦ 6♥=0  B:J♣ Q♦ 7♣=7  BANKER(L)  | -16,000원 → 76,900원
H3505 | bet  32,000원 PLAYER | P:6♥ A♠=7  B:Q♠ 4♥ 9♠=3  PLAYER(W)  | +32,000원 → 108,900원  [end_win]
H3506 | bet   1,000원 BANKER | P:5♦ A♣=6  B:8♣ 10♠=8  BANKER(W)  | +950원 → 109,850원
H3507 | bet   1,000원 BANKER | P:4♦ 4♠=8  B:5♥ K♦=5  PLAYER(L)  | -1,000원 → 108,850원  [start]
H3508 | bet   2,000원 PLAYER | P:A♣ K♣ A♣=2  B:6♣ A♥=7  BANKER(L)  | -2,000원 → 106,850원
H3509 | bet   4,000원 PLAYER | P:2♠ Q♣=2  B:8♦ K♣=8  BANKER(L)  | -4,000원 → 102,850원
H3510 | bet   8,000원 PLAYER | P:3♦ K♥ 6♦=9  B:4♥ 7♦ 7♠=8  PLAYER(W)  | +8,000원 → 110,850원  [end_win]
H3511 | bet   1,000원 BANKER | P:2♦ 3♦ 6♦=1  B:9♦ 7♦ 3♣=9  BANKER(W)  | +950원 → 111,800원
H3512 | bet   1,000원 BANKER | P:5♠ 3♥=8  B:K♣ 9♥=9  BANKER(W)  | +950원 → 112,750원
H3513 | bet   1,000원 BANKER | P:9♦ 5♦ J♠=4  B:K♥ A♥ 6♦=7  BANKER(W)  | +950원 → 113,700원
H3514 | bet   1,000원 BANKER | P:3♠ J♠ 3♠=6  B:2♥ 2♣ A♣=5  PLAYER(L)  | -1,000원 → 112,700원  [start]
H3515 | bet   2,000원 PLAYER | P:5♠ 3♣=8  B:4♦ 5♠=9  BANKER(L)  | -2,000원 → 110,700원
H3516 | bet   4,000원 PLAYER | P:K♥ Q♠ Q♠=0  B:3♥ 4♣=7  BANKER(L)  | -4,000원 → 106,700원
H3517 | bet   8,000원 PLAYER | P:Q♥ 4♥ Q♠=4  B:2♥ 8♥ Q♦=0  PLAYER(W)  | +8,000원 → 114,700원  [end_win]
H3518 | bet   1,000원 BANKER | P:9♥ 2♣ 10♣=1  B:5♥ J♠=5  BANKER(W)  | +950원 → 115,650원
H3519 | bet   1,000원 BANKER | P:9♣ A♦ 7♣=7  B:4♦ A♠ Q♥=5  PLAYER(L)  | -1,000원 → 114,650원  [start]
H3520 | bet   2,000원 PLAYER | P:A♠ 10♠=1  B:4♦ 4♠=8  BANKER(L)  | -2,000원 → 112,650원
H3521 | bet   4,000원 PLAYER | P:10♠ J♦ 10♣=0  B:Q♣ K♦ 9♠=9  BANKER(L)  | -4,000원 → 108,650원
H3522 | bet   8,000원 PLAYER | P:9♦ A♠ 3♠=3  B:4♥ 2♦=6  BANKER(L)  | -8,000원 → 100,650원
H3523 | bet  16,000원 PLAYER | P:J♥ 7♣=7  B:3♦ 10♣ 7♥=0  PLAYER(W)  | +16,000원 → 116,650원  [end_win]
H3524 | bet   1,000원 BANKER | P:5♥ A♦=6  B:9♣ 4♠ J♥=3  PLAYER(L)  | -1,000원 → 115,650원  [start]
H3525 | bet   2,000원 PLAYER | P:A♥ 8♦=9  B:Q♠ K♣=0  PLAYER(W)  | +2,000원 → 117,650원  [end_win]
H3526 | bet   1,000원 BANKER | P:7♥ 10♥=7  B:9♦ J♣=9  BANKER(W)  | +950원 → 118,600원
H3527 | bet   1,000원 BANKER | P:5♠ K♣ 8♣=3  B:9♣ 8♦=7  BANKER(W)  | +950원 → 119,550원
H3528 | bet   1,000원 BANKER | P:Q♦ 4♦=4  B:10♦ 9♣=9  BANKER(W)  | +950원 → 120,500원
H3529 | bet   1,000원 BANKER | P:6♣ 9♠ 10♣=5  B:8♦ 5♣ A♥=4  PLAYER(L)  | -1,000원 → 119,500원  [start]
H3530 | bet   2,000원 PLAYER | P:5♠ J♦ A♠=6  B:J♦ 5♣=5  PLAYER(W)  | +2,000원 → 121,500원  [end_win]
H3531 | bet   1,000원 BANKER | P:Q♠ 4♣ 2♣=6  B:8♠ 7♦=5  PLAYER(L)  | -1,000원 → 120,500원  [start]
H3532 | bet   2,000원 PLAYER | P:4♣ J♥=4  B:7♥ 2♥=9  BANKER(L)  | -2,000원 → 118,500원
H3533 | bet   4,000원 PLAYER | P:5♥ 5♠=0  B:5♦ 4♠=9  BANKER(L)  | -4,000원 → 114,500원
H3534 | bet   8,000원 PLAYER | P:J♠ 10♥ J♠=0  B:K♠ 2♦ J♣=2  BANKER(L)  | -8,000원 → 106,500원
H3535 | bet  16,000원 PLAYER | P:K♦ 7♥=7  B:Q♥ 6♥=6  PLAYER(W)  | +16,000원 → 122,500원  [end_win]
H3536 | bet   1,000원 BANKER | P:10♦ 7♠=7  B:2♣ 2♦ A♣=5  PLAYER(L)  | -1,000원 → 121,500원  [start]
H3537 | bet   2,000원 PLAYER | P:K♣ 7♣=7  B:A♠ J♣ 5♥=6  PLAYER(W)  | +2,000원 → 123,500원  [end_win]
H3538 | bet   1,000원 BANKER | P:7♣ 5♥=2  B:8♣ A♠=9  BANKER(W)  | +950원 → 124,450원
H3539 | bet   1,000원 BANKER | P:4♠ 5♣=9  B:8♠ 9♥=7  PLAYER(L)  | -1,000원 → 123,450원  [start]
H3540 | bet   2,000원 PLAYER | P:K♠ A♥ 10♣=1  B:6♣ Q♣=6  BANKER(L)  | -2,000원 → 121,450원
H3541 | bet   4,000원 PLAYER | P:Q♥ Q♦ 5♣=5  B:7♠ 9♠=6  BANKER(L)  | -4,000원 → 117,450원
H3542 | bet   8,000원 PLAYER | P:4♦ 4♦=8  B:A♣ J♥=1  PLAYER(W)  | +8,000원 → 125,450원  [end_win]
H3543 | bet   1,000원 BANKER | P:10♣ Q♦ 10♥=0  B:A♦ 6♥=7  BANKER(W)  | +950원 → 126,400원
H3544 | bet   1,000원 BANKER | P:8♠ 7♠ 2♣=7  B:9♥ 2♠ 3♠=4  PLAYER(L)  | -1,000원 → 125,400원  [start]
H3545 | bet   2,000원 PLAYER | P:8♣ 10♠=8  B:6♥ 6♣=2  PLAYER(W)  | +2,000원 → 127,400원  [end_win]
H3546 | bet   1,000원 BANKER | P:4♥ 3♦=7  B:6♠ 6♣ 3♠=5  PLAYER(L)  | -1,000원 → 126,400원  [start]
H3547 | bet   2,000원 PLAYER | P:9♦ 8♥=7  B:3♠ 5♥=8  BANKER(L)  | -2,000원 → 124,400원
H3548 | bet   4,000원 PLAYER | P:3♣ 7♠ 5♦=5  B:J♣ K♦ 3♥=3  PLAYER(W)  | +4,000원 → 128,400원  [end_win]
H3549 | bet   1,000원 BANKER | P:2♠ 6♣=8  B:10♣ 7♥=7  PLAYER(L)  | -1,000원 → 127,400원  [start]
H3550 | bet   2,000원 PLAYER | P:8♠ Q♣=8  B:4♣ A♦=5  PLAYER(W)  | +2,000원 → 129,400원  [end_win]
H3551 | bet   1,000원 BANKER | P:3♥ 4♥=7  B:2♥ A♥ 5♦=8  BANKER(W)  | +950원 → 130,350원
H3552 | bet   1,000원 BANKER | P:6♠ 3♥=9  B:10♣ Q♦=0  PLAYER(L)  | -1,000원 → 129,350원  [start]
H3553 | bet   2,000원 PLAYER | P:8♥ 6♠ 7♠=1  B:4♣ A♠ Q♦=5  BANKER(L)  | -2,000원 → 127,350원
H3554 | bet   4,000원 PLAYER | P:9♠ 8♣=7  B:10♥ K♦ 2♣=2  PLAYER(W)  | +4,000원 → 131,350원  [end_win]
H3555 | bet   1,000원 BANKER | P:4♠ 8♦ 10♦=2  B:A♦ 9♥ 5♠=5  BANKER(W)  | +950원 → 132,300원
H3556 | bet   1,000원 BANKER | P:J♣ 2♠ 2♥=4  B:10♦ 6♥=6  BANKER(W)  | +950원 → 133,250원
H3557 | bet   1,000원 BANKER | P:J♥ 9♥=9  B:8♦ K♣=8  PLAYER(L)  | -1,000원 → 132,250원  [start]
H3558 | bet   2,000원 PLAYER | P:5♦ 8♥ J♦=3  B:J♥ 4♣=4  BANKER(L)  | -2,000원 → 130,250원
H3559 | bet   4,000원 PLAYER | P:2♦ 7♣=9  B:Q♥ J♥=0  PLAYER(W)  | +4,000원 → 134,250원  [end_win]
H3560 | bet   1,000원 BANKER | P:Q♥ J♦ 4♦=4  B:Q♥ 3♦ 6♠=9  BANKER(W)  | +950원 → 135,200원
H3561 | bet   1,000원 BANKER | P:8♠ 3♦ 9♠=0  B:J♣ 5♦=5  BANKER(W)  | +950원 → 136,150원
H3562 | bet   1,000원 BANKER | P:6♠ 9♣ 9♠=4  B:10♥ 10♠ J♥=0  PLAYER(L)  | -1,000원 → 135,150원  [start]
H3563 | bet   2,000원 PLAYER | P:9♣ 5♣ 3♠=7  B:J♠ A♣ 10♦=1  PLAYER(W)  | +2,000원 → 137,150원  [end_win]
H3564 | bet   1,000원 BANKER | P:9♠ 10♠=9  B:K♦ 4♣=4  PLAYER(L)  | -1,000원 → 136,150원  [start]
H3565 | bet   2,000원 PLAYER | P:J♦ K♠ A♣=1  B:J♠ 2♦ K♥=2  BANKER(L)  | -2,000원 → 134,150원
H3566 | bet   4,000원 PLAYER | P:3♣ 7♣ 4♠=4  B:K♥ 3♦ A♥=4  TIE(T)  |     0원 → 134,150원
H3567 | bet   4,000원 PLAYER | P:6♥ 9♥ 5♥=0  B:A♥ 2♠ K♦=3  BANKER(L)  | -4,000원 → 130,150원
H3568 | bet   8,000원 PLAYER | P:9♦ 3♦ 5♣=7  B:A♣ 4♠ 3♣=8  BANKER(L)  | -8,000원 → 122,150원
H3569 | bet  16,000원 PLAYER | P:10♠ 7♥=7  B:8♠ 8♦=6  PLAYER(W)  | +16,000원 → 138,150원  [end_win]
H3570 | bet   1,000원 BANKER | P:2♣ 2♦ 5♦=9  B:5♣ Q♠ 8♣=3  PLAYER(L)  | -1,000원 → 137,150원  [start]
H3571 | bet   2,000원 PLAYER | P:7♣ 4♥=1  B:3♥ 5♠=8  BANKER(L)  | -2,000원 → 135,150원
H3572 | bet   4,000원 PLAYER | P:Q♣ 3♣=3  B:Q♦ 9♠=9  BANKER(L)  | -4,000원 → 131,150원
H3573 | bet   8,000원 PLAYER | P:Q♣ 6♣=6  B:6♦ 10♦=6  TIE(T)  |     0원 → 131,150원
H3574 | bet   8,000원 PLAYER | P:7♦ 6♠ Q♣=3  B:2♠ 2♥=4  BANKER(L)  | -8,000원 → 123,150원
H3575 | bet  16,000원 PLAYER | P:2♦ 8♣=0  B:9♦ K♥=9  BANKER(L)  | -16,000원 → 107,150원
H3576 | bet  32,000원 PLAYER | P:6♥ 8♥ 4♥=8  B:Q♦ A♦ 9♦=0  PLAYER(W)  | +32,000원 → 139,150원  [end_win]
H3577 | bet   1,000원 BANKER | P:2♠ 8♣ 2♥=2  B:K♠ J♦ 7♠=7  BANKER(W)  | +950원 → 140,100원
H3578 | bet   1,000원 BANKER | P:6♦ K♣=6  B:6♦ 10♥=6  TIE(T)  |     0원 → 140,100원
H3579 | bet   1,000원 BANKER | P:A♦ 7♣=8  B:9♣ 8♣=7  PLAYER(L)  | -1,000원 → 139,100원  [start]
H3580 | bet   2,000원 PLAYER | P:K♥ 7♦=7  B:Q♠ K♠ 10♥=0  PLAYER(W)  | +2,000원 → 141,100원  [end_win]
H3581 | bet   1,000원 BANKER | P:7♥ 7♦ 7♠=1  B:8♠ 3♥ Q♠=1  TIE(T)  |     0원 → 141,100원
H3582 | bet   1,000원 BANKER | P:10♦ 10♥ K♠=0  B:8♥ 8♦=6  BANKER(W)  | +950원 → 142,050원
H3583 | bet   1,000원 BANKER | P:K♦ 4♣ J♦=4  B:K♠ 7♦=7  BANKER(W)  | +950원 → 143,000원
H3584 | bet   1,000원 BANKER | P:6♦ K♠=6  B:6♠ 7♥ 6♥=9  BANKER(W)  | +950원 → 143,950원
H3585 | bet   1,000원 BANKER | P:J♠ 6♣=6  B:4♥ 8♥ 3♣=5  PLAYER(L)  | -1,000원 → 142,950원  [start]
H3586 | bet   2,000원 PLAYER | P:3♥ 3♣=6  B:5♣ 3♠=8  BANKER(L)  | -2,000원 → 140,950원
H3587 | bet   4,000원 PLAYER | P:4♠ 9♥ A♦=4  B:K♥ K♦ 6♦=6  BANKER(L)  | -4,000원 → 136,950원
H3588 | bet   8,000원 PLAYER | P:10♦ J♣=0  B:J♣ 8♠=8  BANKER(L)  | -8,000원 → 128,950원
H3589 | bet  16,000원 PLAYER | P:6♥ Q♥=6  B:2♥ 10♠ 10♠=2  PLAYER(W)  | +16,000원 → 144,950원  [end_win]
H3590 | bet   1,000원 BANKER | P:7♠ J♠=7  B:J♥ 2♣ 9♠=1  PLAYER(L)  | -1,000원 → 143,950원  [start]
H3591 | bet   2,000원 PLAYER | P:J♠ J♦ 2♣=2  B:J♥ 6♥=6  BANKER(L)  | -2,000원 → 141,950원
H3592 | bet   4,000원 PLAYER | P:K♦ 9♣=9  B:9♣ 5♦=4  PLAYER(W)  | +4,000원 → 145,950원  [end_win]
H3593 | bet   1,000원 BANKER | P:K♦ 8♣=8  B:A♦ 5♦=6  PLAYER(L)  | -1,000원 → 144,950원  [start]
H3594 | bet   2,000원 PLAYER | P:8♥ A♦=9  B:7♣ 4♦=1  PLAYER(W)  | +2,000원 → 146,950원  [end_win]
H3595 | bet   1,000원 BANKER | P:A♠ 5♠=6  B:7♥ 10♦=7  BANKER(W)  | +950원 → 147,900원
H3596 | bet   1,000원 BANKER | P:K♣ 8♦=8  B:9♣ 4♥=3  PLAYER(L)  | -1,000원 → 146,900원  [start]
H3597 | bet   2,000원 PLAYER | P:Q♦ 10♣ 7♥=7  B:3♣ K♠ Q♦=3  PLAYER(W)  | +2,000원 → 148,900원  [end_win]
H3598 | bet   1,000원 BANKER | P:8♦ A♣=9  B:8♦ 2♦=0  PLAYER(L)  | -1,000원 → 147,900원  [start]
H3599 | bet   2,000원 PLAYER | P:6♣ 10♣=6  B:8♠ J♣=8  BANKER(L)  | -2,000원 → 145,900원
H3600 | bet   4,000원 PLAYER | P:10♦ 2♠ 9♥=1  B:6♠ 6♠ J♣=2  BANKER(L)  | -4,000원 → 141,900원
H3601 | bet   8,000원 PLAYER | P:A♦ 5♦=6  B:A♠ 3♣ 2♠=6  TIE(T)  |     0원 → 141,900원
H3602 | bet   8,000원 PLAYER | P:J♥ 9♠=9  B:2♠ A♣=3  PLAYER(W)  | +8,000원 → 149,900원  [end_win]
H3603 | bet   1,000원 BANKER | P:2♦ K♠ 7♣=9  B:3♥ K♣ 2♣=5  PLAYER(L)  | -1,000원 → 148,900원  [start]
H3604 | bet   2,000원 PLAYER | P:5♣ 5♦ A♦=1  B:A♦ 2♦ K♣=3  BANKER(L)  | -2,000원 → 146,900원
H3605 | bet   4,000원 PLAYER | P:Q♣ 8♠=8  B:Q♦ K♣=0  PLAYER(W)  | +4,000원 → 150,900원  [end_win]
H3606 | bet   1,000원 BANKER | P:6♠ 6♦ 4♠=6  B:5♥ 10♠ A♠=6  TIE(T)  |     0원 → 150,900원
H3607 | bet   1,000원 BANKER | P:2♠ 7♥=9  B:A♥ 6♦=7  PLAYER(L)  | -1,000원 → 149,900원  [start]
H3608 | bet   2,000원 PLAYER | P:6♥ J♣=6  B:7♥ 8♥ 8♦=3  PLAYER(W)  | +2,000원 → 151,900원  [end_win]
H3609 | bet   1,000원 BANKER | P:10♥ 7♣=7  B:2♠ 4♥=6  PLAYER(L)  | -1,000원 → 150,900원  [start]
H3610 | bet   2,000원 PLAYER | P:4♦ 4♠=8  B:2♥ 2♠=4  PLAYER(W)  | +2,000원 → 152,900원  [end_win]
H3611 | bet   1,000원 BANKER | P:A♣ 8♣=9  B:5♣ 7♦=2  PLAYER(L)  | -1,000원 → 151,900원  [start]
H3612 | bet   2,000원 PLAYER | P:J♥ 2♥ 3♠=5  B:K♥ 5♠=5  TIE(T)  |     0원 → 151,900원
H3613 | bet   2,000원 PLAYER | P:A♣ 10♣ 3♣=4  B:4♣ A♠=5  BANKER(L)  | -2,000원 → 149,900원
H3614 | bet   4,000원 PLAYER | P:2♥ 8♦ A♥=1  B:5♠ 6♣ K♣=1  TIE(T)  |     0원 → 149,900원
H3615 | bet   4,000원 PLAYER | P:J♣ A♠ 7♣=8  B:9♥ 4♣ 4♠=7  PLAYER(W)  | +4,000원 → 153,900원  [end_win]
H3616 | bet   1,000원 BANKER | P:6♦ 9♦ 2♥=7  B:J♣ 5♥=5  PLAYER(L)  | -1,000원 → 152,900원  [start]
H3617 | bet   2,000원 PLAYER | P:5♣ 7♠ 8♦=0  B:Q♥ Q♣ 10♠=0  TIE(T)  |     0원 → 152,900원
H3618 | bet   2,000원 PLAYER | P:5♠ 10♥ 9♥=4  B:2♣ 2♠=4  TIE(T)  |     0원 → 152,900원
H3619 | bet   2,000원 PLAYER | P:A♥ 6♠=7  B:4♠ 9♦ 3♣=6  PLAYER(W)  | +2,000원 → 154,900원  [end_win]
H3620 | bet   1,000원 BANKER | P:8♣ 5♦ Q♠=3  B:6♣ 9♠=5  BANKER(W)  | +950원 → 155,850원
H3621 | bet   1,000원 BANKER | P:8♣ 3♦ K♦=1  B:4♥ 6♥ Q♦=0  PLAYER(L)  | -1,000원 → 154,850원  [start]
H3622 | bet   2,000원 PLAYER | P:J♣ 5♥ 3♣=8  B:3♣ J♥ 9♠=2  PLAYER(W)  | +2,000원 → 156,850원  [end_win]
H3623 | bet   1,000원 BANKER | P:5♣ K♠ 2♦=7  B:7♣ 5♠ 3♥=5  PLAYER(L)  | -1,000원 → 155,850원  [start]
H3624 | bet   2,000원 PLAYER | P:4♦ 3♠=7  B:Q♥ J♠ 9♣=9  BANKER(L)  | -2,000원 → 153,850원
H3625 | bet   4,000원 PLAYER | P:4♠ 10♠=4  B:6♥ 3♦=9  BANKER(L)  | -4,000원 → 149,850원
H3626 | bet   8,000원 PLAYER | P:Q♥ 6♦=6  B:6♦ 9♦ Q♦=5  PLAYER(W)  | +8,000원 → 157,850원  [end_win]
H3627 | bet   1,000원 BANKER | P:K♥ 9♥=9  B:10♠ 5♣=5  PLAYER(L)  | -1,000원 → 156,850원  [start]
H3628 | bet   2,000원 PLAYER | P:9♣ K♠=9  B:J♣ 7♣=7  PLAYER(W)  | +2,000원 → 158,850원  [end_win]
H3629 | bet   1,000원 BANKER | P:10♣ 10♠ 5♥=5  B:6♥ 9♦ 10♥=5  TIE(T)  |     0원 → 158,850원
H3630 | bet   1,000원 BANKER | P:2♦ 2♦ 8♠=2  B:8♣ 8♠=6  BANKER(W)  | +950원 → 159,800원
H3631 | bet   1,000원 BANKER | P:A♥ 7♠=8  B:3♣ 3♦=6  PLAYER(L)  | -1,000원 → 158,800원  [start]
H3632 | bet   2,000원 PLAYER | P:2♠ 3♠=5  B:A♥ 7♦=8  BANKER(L)  | -2,000원 → 156,800원
H3633 | bet   4,000원 PLAYER | P:A♦ 6♣=7  B:6♠ J♠=6  PLAYER(W)  | +4,000원 → 160,800원  [end_win]
H3634 | bet   1,000원 BANKER | P:K♦ K♦ 10♥=0  B:J♥ 5♥=5  BANKER(W)  | +950원 → 161,750원
H3635 | bet   1,000원 BANKER | P:A♥ J♦ 5♥=6  B:2♦ K♥ 5♣=7  BANKER(W)  | +950원 → 162,700원
H3636 | bet   1,000원 BANKER | P:3♦ A♦ 4♥=8  B:7♦ 9♣=6  PLAYER(L)  | -1,000원 → 161,700원  [start]
H3637 | bet   2,000원 PLAYER | P:K♥ 4♣ 3♠=7  B:2♣ J♠ 10♥=2  PLAYER(W)  | +2,000원 → 163,700원  [end_win]
H3638 | bet   1,000원 BANKER | P:10♥ 7♦=7  B:6♥ 7♠ A♠=4  PLAYER(L)  | -1,000원 → 162,700원  [start]
H3639 | bet   2,000원 PLAYER | P:5♠ 7♦ 9♦=1  B:10♥ 6♣=6  BANKER(L)  | -2,000원 → 160,700원
H3640 | bet   4,000원 PLAYER | P:A♣ K♠ 8♠=9  B:Q♠ Q♦ 9♠=9  TIE(T)  |     0원 → 160,700원
H3641 | bet   4,000원 PLAYER | P:J♦ 10♣ 9♠=9  B:K♣ 3♦ J♦=3  PLAYER(W)  | +4,000원 → 164,700원  [end_win]
H3642 | bet   1,000원 BANKER | P:Q♦ 4♠=4  B:9♦ 9♣=8  BANKER(W)  | +950원 → 165,650원
H3643 | bet   1,000원 BANKER | P:10♠ 9♥=9  B:J♥ 10♦=0  PLAYER(L)  | -1,000원 → 164,650원  [start]
H3644 | bet   2,000원 PLAYER | P:10♠ 4♦ 10♦=4  B:J♦ 4♣=4  TIE(T)  |     0원 → 164,650원
H3645 | bet   2,000원 PLAYER | P:Q♠ 10♥ 5♣=5  B:10♣ 5♥ 7♦=2  PLAYER(W)  | +2,000원 → 166,650원  [end_win]
H3646 | bet   1,000원 BANKER | P:10♦ K♦ 5♦=5  B:6♣ 10♦=6  BANKER(W)  | +950원 → 167,600원
H3647 | bet   1,000원 BANKER | P:A♠ 7♥=8  B:10♣ K♦=0  PLAYER(L)  | -1,000원 → 166,600원  [start]
H3648 | bet   2,000원 PLAYER | P:Q♥ 6♠=6  B:4♥ 6♥ 3♠=3  PLAYER(W)  | +2,000원 → 168,600원  [end_win]
H3649 | bet   1,000원 BANKER | P:9♦ J♦=9  B:2♥ Q♣=2  PLAYER(L)  | -1,000원 → 167,600원  [start]
H3650 | bet   2,000원 PLAYER | P:3♦ 5♦=8  B:K♥ 4♦=4  PLAYER(W)  | +2,000원 → 169,600원  [end_win]
H3651 | bet   1,000원 BANKER | P:8♦ 3♦=1  B:Q♠ 9♠=9  BANKER(W)  | +950원 → 170,550원
H3652 | bet   1,000원 BANKER | P:K♠ Q♥ 6♦=6  B:4♣ 9♣ 3♣=6  TIE(T)  |     0원 → 170,550원
H3653 | bet   1,000원 BANKER | P:7♠ 8♣ 3♥=8  B:Q♣ 3♥ 6♣=9  BANKER(W)  | +950원 → 171,500원
H3654 | bet   1,000원 BANKER | P:A♣ 4♠ Q♠=5  B:7♦ Q♥=7  BANKER(W)  | +950원 → 172,450원
H3655 | bet   1,000원 BANKER | P:K♣ 5♠ Q♠=5  B:7♠ Q♠=7  BANKER(W)  | +950원 → 173,400원
H3656 | bet   1,000원 BANKER | P:J♠ 9♦=9  B:7♠ Q♥=7  PLAYER(L)  | -1,000원 → 172,400원  [start]
H3657 | bet   2,000원 PLAYER | P:9♠ 6♠ 7♥=2  B:7♣ 3♠ 8♠=8  BANKER(L)  | -2,000원 → 170,400원
H3658 | bet   4,000원 PLAYER | P:4♦ 3♠=7  B:8♥ 8♣=6  PLAYER(W)  | +4,000원 → 174,400원  [end_win]
H3659 | bet   1,000원 BANKER | P:3♥ 7♥=0  B:10♠ 8♥=8  BANKER(W)  | +950원 → 175,350원
H3660 | bet   1,000원 BANKER | P:4♥ A♣ 5♣=0  B:8♦ 6♣ 6♦=0  TIE(T)  |     0원 → 175,350원
H3661 | bet   1,000원 BANKER | P:Q♣ A♥ 9♥=0  B:2♣ 5♥=7  BANKER(W)  | +950원 → 176,300원
H3662 | bet   1,000원 BANKER | P:5♦ 8♥=3  B:9♥ Q♣=9  BANKER(W)  | +950원 → 177,250원
H3663 | bet   1,000원 BANKER | P:2♣ 4♣=6  B:10♣ 2♣ 3♥=5  PLAYER(L)  | -1,000원 → 176,250원  [start]
H3664 | bet   2,000원 PLAYER | P:A♣ K♥ 9♥=0  B:8♠ 2♥ J♦=0  TIE(T)  |     0원 → 176,250원
H3665 | bet   2,000원 PLAYER | P:A♠ Q♣=1  B:K♥ 8♠=8  BANKER(L)  | -2,000원 → 174,250원
H3666 | bet   4,000원 PLAYER | P:4♦ J♣ 6♦=0  B:A♦ 4♣ K♦=5  BANKER(L)  | -4,000원 → 170,250원
H3667 | bet   8,000원 PLAYER | P:Q♠ Q♦ A♥=1  B:J♠ J♠ 7♥=7  BANKER(L)  | -8,000원 → 162,250원
H3668 | bet  16,000원 PLAYER | P:10♦ 4♠ 10♦=4  B:7♦ 7♠=4  TIE(T)  |     0원 → 162,250원
H3669 | bet  16,000원 PLAYER | P:7♣ Q♣=7  B:K♠ 2♦ Q♥=2  PLAYER(W)  | +16,000원 → 178,250원  [end_win]
H3670 | bet   1,000원 BANKER | P:2♥ 8♥ 6♥=6  B:4♦ 8♥ 4♥=6  TIE(T)  |     0원 → 178,250원
H3671 | bet   1,000원 BANKER | P:8♥ 6♠ 3♥=7  B:K♠ 3♦ 8♣=1  PLAYER(L)  | -1,000원 → 177,250원  [start]
H3672 | bet   2,000원 PLAYER | P:J♥ 9♥=9  B:4♣ 4♦=8  PLAYER(W)  | +2,000원 → 179,250원  [end_win]
H3673 | bet   1,000원 BANKER | P:Q♣ J♦ 4♦=4  B:8♦ 2♣ 6♠=6  BANKER(W)  | +950원 → 180,200원
H3674 | bet   1,000원 BANKER | P:J♦ 6♦=6  B:6♥ 3♥=9  BANKER(W)  | +950원 → 181,150원
H3675 | bet   1,000원 BANKER | P:3♦ 6♥=9  B:Q♦ 6♣=6  PLAYER(L)  | -1,000원 → 180,150원  [start]
H3676 | bet   2,000원 PLAYER | P:10♦ 4♠ 6♣=0  B:6♥ A♦=7  BANKER(L)  | -2,000원 → 178,150원
H3677 | bet   4,000원 PLAYER | P:6♦ 5♦ 9♥=0  B:A♦ 10♥ 8♦=9  BANKER(L)  | -4,000원 → 174,150원
H3678 | bet   8,000원 PLAYER | P:A♣ J♠ 7♥=8  B:8♠ 8♥ J♠=6  PLAYER(W)  | +8,000원 → 182,150원  [end_win]
H3679 | bet   1,000원 BANKER | P:Q♦ Q♠ 7♠=7  B:K♠ 10♥ 6♥=6  PLAYER(L)  | -1,000원 → 181,150원  [start]
H3680 | bet   2,000원 PLAYER | P:2♥ 6♣=8  B:4♦ 3♠=7  PLAYER(W)  | +2,000원 → 183,150원  [end_win]
H3681 | bet   1,000원 BANKER | P:K♥ K♥ 2♦=2  B:6♦ 10♣=6  BANKER(W)  | +950원 → 184,100원
H3682 | bet   1,000원 BANKER | P:9♣ 10♠=9  B:5♣ 3♥=8  PLAYER(L)  | -1,000원 → 183,100원  [start]
H3683 | bet   2,000원 PLAYER | P:2♠ A♠ K♦=3  B:6♥ 5♦ A♦=2  PLAYER(W)  | +2,000원 → 185,100원  [end_win]
H3684 | bet   1,000원 BANKER | P:10♠ 5♥=5  B:9♥ Q♥=9  BANKER(W)  | +950원 → 186,050원
H3685 | bet   1,000원 BANKER | P:2♦ A♠ 8♠=1  B:J♣ 3♥=3  BANKER(W)  | +950원 → 187,000원
H3686 | bet   1,000원 BANKER | P:5♣ 3♣=8  B:9♠ 8♠=7  PLAYER(L)  | -1,000원 → 186,000원  [start]
H3687 | bet   2,000원 PLAYER | P:5♥ 7♠ 8♥=0  B:9♣ 3♦ 9♦=1  BANKER(L)  | -2,000원 → 184,000원
H3688 | bet   4,000원 PLAYER | P:2♣ 8♠ 8♥=8  B:8♣ 5♦=3  PLAYER(W)  | +4,000원 → 188,000원  [end_win]
H3689 | bet   1,000원 BANKER | P:J♥ 3♣ 10♣=3  B:K♣ 10♥ 9♣=9  BANKER(W)  | +950원 → 188,950원
H3690 | bet   1,000원 BANKER | P:8♥ 3♣ J♦=1  B:Q♥ 6♦=6  BANKER(W)  | +950원 → 189,900원
H3691 | bet   1,000원 BANKER | P:7♦ 5♣ 4♠=6  B:9♠ 7♣=6  TIE(T)  |     0원 → 189,900원
H3692 | bet   1,000원 BANKER | P:9♣ J♦=9  B:J♣ 10♥=0  PLAYER(L)  | -1,000원 → 188,900원  [start]
H3693 | bet   2,000원 PLAYER | P:9♦ Q♣=9  B:6♠ K♣=6  PLAYER(W)  | +2,000원 → 190,900원  [end_win]
H3694 | bet   1,000원 BANKER | P:3♣ 3♠=6  B:8♠ 4♣ 5♥=7  BANKER(W)  | +950원 → 191,850원
H3695 | bet   1,000원 BANKER | P:K♥ 9♥=9  B:Q♣ 9♠=9  TIE(T)  |     0원 → 191,850원
H3696 | bet   1,000원 BANKER | P:8♦ 9♠=7  B:7♠ J♥=7  TIE(T)  |     0원 → 191,850원
H3697 | bet   1,000원 BANKER | P:A♥ 8♣=9  B:10♣ J♦=0  PLAYER(L)  | -1,000원 → 190,850원  [start]
H3698 | bet   2,000원 PLAYER | P:Q♣ 4♠ K♠=4  B:9♣ 4♦ 7♣=0  PLAYER(W)  | +2,000원 → 192,850원  [end_win]
H3699 | bet   1,000원 BANKER | P:A♦ A♦ 10♦=2  B:Q♠ 3♦ 2♠=5  BANKER(W)  | +950원 → 193,800원
H3700 | bet   1,000원 BANKER | P:K♦ 3♥ 7♦=0  B:2♦ 3♠ J♠=5  BANKER(W)  | +950원 → 194,750원
H3701 | bet   1,000원 BANKER | P:9♣ A♣ 2♥=2  B:10♠ 4♣ 3♠=7  BANKER(W)  | +950원 → 195,700원
H3702 | bet   1,000원 BANKER | P:2♥ 5♥=7  B:5♦ 10♦ 5♠=0  PLAYER(L)  | -1,000원 → 194,700원  [start]
H3703 | bet   2,000원 PLAYER | P:5♥ 7♣ Q♦=2  B:3♦ 7♦ J♥=0  PLAYER(W)  | +2,000원 → 196,700원  [end_win]
H3704 | bet   1,000원 BANKER | P:5♥ J♣ 6♣=1  B:J♦ 4♥ A♥=5  BANKER(W)  | +950원 → 197,650원
H3705 | bet   1,000원 BANKER | P:7♣ 10♦=7  B:A♥ 4♠ J♥=5  PLAYER(L)  | -1,000원 → 196,650원  [start]
H3706 | bet   2,000원 PLAYER | P:8♣ 3♥=1  B:6♠ 2♥=8  BANKER(L)  | -2,000원 → 194,650원
H3707 | bet   4,000원 PLAYER | P:3♠ K♥ 10♥=3  B:Q♠ K♥ 3♥=3  TIE(T)  |     0원 → 194,650원
H3708 | bet   4,000원 PLAYER | P:Q♣ 4♦ 2♠=6  B:K♣ 3♥ 9♣=2  PLAYER(W)  | +4,000원 → 198,650원  [end_win]
H3709 | bet   1,000원 BANKER | P:5♠ 5♠ 9♣=9  B:K♦ 10♦ K♣=0  PLAYER(L)  | -1,000원 → 197,650원  [start]
H3710 | bet   2,000원 PLAYER | P:7♣ Q♣=7  B:4♣ 2♦=6  PLAYER(W)  | +2,000원 → 199,650원  [end_win]
H3711 | bet   1,000원 BANKER | P:10♦ 5♥=5  B:6♥ 3♦=9  BANKER(W)  | +950원 → 200,600원
H3712 | bet   1,000원 BANKER | P:J♠ Q♠ A♠=1  B:4♠ 3♠=7  BANKER(W)  | +950원 → 201,550원
H3713 | bet   1,000원 BANKER | P:4♣ J♠ 10♣=4  B:K♠ K♥ 10♥=0  PLAYER(L)  | -1,000원 → 200,550원  [start]
H3714 | bet   2,000원 PLAYER | P:K♠ A♥ 7♥=8  B:3♠ 8♣ 2♠=3  PLAYER(W)  | +2,000원 → 202,550원  [end_win]
H3715 | bet   1,000원 BANKER | P:6♠ A♥=7  B:8♣ 9♥=7  TIE(T)  |     0원 → 202,550원
H3716 | bet   1,000원 BANKER | P:Q♥ A♣ 4♠=5  B:A♦ 9♦ 10♦=0  PLAYER(L)  | -1,000원 → 201,550원  [start]
H3717 | bet   2,000원 PLAYER | P:8♦ A♠=9  B:2♦ 5♠=7  PLAYER(W)  | +2,000원 → 203,550원  [end_win]
H3718 | bet   1,000원 BANKER | P:A♣ 4♦ 8♠=3  B:8♥ 8♦=6  BANKER(W)  | +950원 → 204,500원
H3719 | bet   1,000원 BANKER | P:8♥ 10♠=8  B:7♥ A♣=8  TIE(T)  |     0원 → 204,500원
H3720 | bet   1,000원 BANKER | P:5♦ J♥ 2♦=7  B:J♣ 2♥ Q♣=2  PLAYER(L)  | -1,000원 → 203,500원  [start]
H3721 | bet   2,000원 PLAYER | P:K♥ 7♠=7  B:2♣ Q♥ 7♠=9  BANKER(L)  | -2,000원 → 201,500원
H3722 | bet   4,000원 PLAYER | P:5♣ 2♦=7  B:K♠ 5♠ 10♣=5  PLAYER(W)  | +4,000원 → 205,500원  [end_win]
H3723 | bet   1,000원 BANKER | P:4♥ 8♥ A♠=3  B:10♠ 7♥=7  BANKER(W)  | +950원 → 206,450원
H3724 | bet   1,000원 BANKER | P:K♠ 2♠=2  B:2♣ 7♥=9  BANKER(W)  | +950원 → 207,400원
H3725 | bet   1,000원 BANKER | P:7♦ J♦=7  B:4♠ 3♣=7  TIE(T)  |     0원 → 207,400원
H3726 | bet   1,000원 BANKER | P:K♦ Q♦ 6♠=6  B:8♦ 3♣ 9♥=0  PLAYER(L)  | -1,000원 → 206,400원  [start]
H3727 | bet   2,000원 PLAYER | P:9♦ 4♥ 5♠=8  B:J♦ 5♦ 5♣=0  PLAYER(W)  | +2,000원 → 208,400원  [end_win]
H3728 | bet   1,000원 BANKER | P:2♦ 5♦=7  B:6♠ Q♥=6  PLAYER(L)  | -1,000원 → 207,400원  [start]
H3729 | bet   2,000원 PLAYER | P:3♣ K♠ K♥=3  B:10♥ Q♥ 3♦=3  TIE(T)  |     0원 → 207,400원
H3730 | bet   2,000원 PLAYER | P:6♦ 5♣ 2♣=3  B:9♦ A♠ J♥=0  PLAYER(W)  | +2,000원 → 209,400원  [end_win]
H3731 | bet   1,000원 BANKER | P:10♠ 5♥=5  B:9♦ Q♦=9  BANKER(W)  | +950원 → 210,350원
H3732 | bet   1,000원 BANKER | P:9♥ K♠=9  B:8♦ K♦=8  PLAYER(L)  | -1,000원 → 209,350원  [start]
H3733 | bet   2,000원 PLAYER | P:4♥ 10♥ K♣=4  B:5♣ 7♣ J♠=2  PLAYER(W)  | +2,000원 → 211,350원  [end_win]
H3734 | bet   1,000원 BANKER | P:5♣ 2♣=7  B:7♠ 6♣ 4♣=7  TIE(T)  |     0원 → 211,350원
H3735 | bet   1,000원 BANKER | P:10♠ 7♠=7  B:3♣ 7♥ K♣=0  PLAYER(L)  | -1,000원 → 210,350원  [start]
H3736 | bet   2,000원 PLAYER | P:6♣ Q♠=6  B:8♥ 7♣ 2♥=7  BANKER(L)  | -2,000원 → 208,350원
H3737 | bet   4,000원 PLAYER | P:2♠ 9♦ J♠=1  B:8♣ 8♠=6  BANKER(L)  | -4,000원 → 204,350원
H3738 | bet   8,000원 PLAYER | P:2♠ Q♠ Q♠=2  B:6♦ A♣=7  BANKER(L)  | -8,000원 → 196,350원
H3739 | bet  16,000원 PLAYER | P:Q♦ A♣ 6♠=7  B:6♥ 7♥ 7♥=0  PLAYER(W)  | +16,000원 → 212,350원  [end_win]
H3740 | bet   1,000원 BANKER | P:K♣ 4♠ 9♥=3  B:7♦ K♣=7  BANKER(W)  | +950원 → 213,300원
H3741 | bet   1,000원 BANKER | P:6♣ 8♦=4  B:4♥ 4♣=8  BANKER(W)  | +950원 → 214,250원
H3742 | bet   1,000원 BANKER | P:2♣ 2♥ A♠=5  B:5♠ J♣=5  TIE(T)  |     0원 → 214,250원
H3743 | bet   1,000원 BANKER | P:Q♦ Q♣ 4♣=4  B:Q♠ A♥ 10♣=1  PLAYER(L)  | -1,000원 → 213,250원  [start]
H3744 | bet   2,000원 PLAYER | P:9♠ J♣=9  B:10♠ 10♦=0  PLAYER(W)  | +2,000원 → 215,250원  [end_win]
H3745 | bet   1,000원 BANKER | P:4♥ J♥ 6♠=0  B:Q♦ A♥ 10♣=1  BANKER(W)  | +950원 → 216,200원
H3746 | bet   1,000원 BANKER | P:6♦ 8♣ 6♥=0  B:2♠ 3♠ 7♣=2  BANKER(W)  | +950원 → 217,150원
H3747 | bet   1,000원 BANKER | P:2♣ 4♦=6  B:Q♥ K♦ A♣=1  PLAYER(L)  | -1,000원 → 216,150원  [start]
H3748 | bet   2,000원 PLAYER | P:6♣ A♦=7  B:7♦ 10♣=7  TIE(T)  |     0원 → 216,150원
H3749 | bet   2,000원 PLAYER | P:J♣ 2♥ 7♦=9  B:3♥ 9♠ 3♦=5  PLAYER(W)  | +2,000원 → 218,150원  [end_win]
H3750 | bet   1,000원 BANKER | P:9♠ 7♠=6  B:5♦ 6♦ 9♠=0  PLAYER(L)  | -1,000원 → 217,150원  [start]
H3751 | bet   2,000원 PLAYER | P:J♠ A♥ 3♦=4  B:8♣ 4♥ A♠=3  PLAYER(W)  | +2,000원 → 219,150원  [end_win]
H3752 | bet   1,000원 BANKER | P:5♥ 8♦ A♣=4  B:2♣ 10♥ 5♠=7  BANKER(W)  | +950원 → 220,100원
H3753 | bet   1,000원 BANKER | P:4♦ 8♠ 7♦=9  B:7♣ K♦=7  PLAYER(L)  | -1,000원 → 219,100원  [start]
H3754 | bet   2,000원 PLAYER | P:7♣ Q♣=7  B:A♠ J♦ 6♠=7  TIE(T)  |     0원 → 219,100원
H3755 | bet   2,000원 PLAYER | P:10♥ 2♠=2  B:8♠ K♥=8  BANKER(L)  | -2,000원 → 217,100원
H3756 | bet   4,000원 PLAYER | P:7♦ Q♦=7  B:6♣ 8♥ 3♣=7  TIE(T)  |     0원 → 217,100원
H3757 | bet   4,000원 PLAYER | P:A♥ 6♥=7  B:4♥ Q♣ Q♣=4  PLAYER(W)  | +4,000원 → 221,100원  [end_win]
H3758 | bet   1,000원 BANKER | P:2♠ 5♠=7  B:3♦ 4♣=7  TIE(T)  |     0원 → 221,100원
H3759 | bet   1,000원 BANKER | P:7♠ 2♠=9  B:A♠ A♣=2  PLAYER(L)  | -1,000원 → 220,100원  [start]
H3760 | bet   2,000원 PLAYER | P:J♠ 10♠=0  B:8♠ 10♠=8  BANKER(L)  | -2,000원 → 218,100원
H3761 | bet   4,000원 PLAYER | P:6♦ 4♦ 7♠=7  B:J♦ J♥ 2♥=2  PLAYER(W)  | +4,000원 → 222,100원  [end_win]
H3762 | bet   1,000원 BANKER | P:4♣ 3♦=7  B:4♦ K♣ 3♥=7  TIE(T)  |     0원 → 222,100원
H3763 | bet   1,000원 BANKER | P:8♣ J♠=8  B:K♦ 10♣=0  PLAYER(L)  | -1,000원 → 221,100원  [start]
H3764 | bet   2,000원 PLAYER | P:J♥ 9♠=9  B:A♥ K♥=1  PLAYER(W)  | +2,000원 → 223,100원  [end_win]
H3765 | bet   1,000원 BANKER | P:4♣ 5♣=9  B:K♥ 6♠=6  PLAYER(L)  | -1,000원 → 222,100원  [start]
H3766 | bet   2,000원 PLAYER | P:A♥ 8♣=9  B:Q♥ 7♦=7  PLAYER(W)  | +2,000원 → 224,100원  [end_win]
H3767 | bet   1,000원 BANKER | P:10♣ 4♣ 3♣=7  B:7♦ K♥=7  TIE(T)  |     0원 → 224,100원
H3768 | bet   1,000원 BANKER | P:2♣ 5♥=7  B:9♥ K♠=9  BANKER(W)  | +950원 → 225,050원
H3769 | bet   1,000원 BANKER | P:9♠ 2♣=1  B:4♠ 5♦=9  BANKER(W)  | +950원 → 226,000원
H3770 | bet   1,000원 BANKER | P:5♠ K♠ 2♦=7  B:K♥ 10♣ J♥=0  PLAYER(L)  | -1,000원 → 225,000원  [start]
H3771 | bet   2,000원 PLAYER | P:Q♥ 10♣=0  B:10♦ 8♦=8  BANKER(L)  | -2,000원 → 223,000원
H3772 | bet   4,000원 PLAYER | P:3♥ 7♦ Q♠=0  B:A♦ K♥ 9♠=0  TIE(T)  |     0원 → 223,000원
H3773 | bet   4,000원 PLAYER | P:A♦ 4♦ 8♣=3  B:4♥ 8♠ J♣=2  PLAYER(W)  | +4,000원 → 227,000원  [end_win]
H3774 | bet   1,000원 BANKER | P:6♣ 8♥ 6♣=0  B:2♥ 9♠ 3♣=4  BANKER(W)  | +950원 → 227,950원
H3775 | bet   1,000원 BANKER | P:J♠ A♣ A♠=2  B:Q♠ K♠ Q♦=0  PLAYER(L)  | -1,000원 → 226,950원  [start]
H3776 | bet   2,000원 PLAYER | P:J♠ J♦ 3♣=3  B:10♠ Q♦ 7♠=7  BANKER(L)  | -2,000원 → 224,950원
H3777 | bet   4,000원 PLAYER | P:8♦ 10♣=8  B:2♦ 5♠=7  PLAYER(W)  | +4,000원 → 228,950원  [end_win]
H3778 | bet   1,000원 BANKER | P:Q♥ 2♦=2  B:10♣ 8♥=8  BANKER(W)  | +950원 → 229,900원
H3779 | bet   1,000원 BANKER | P:10♥ 8♣=8  B:2♣ 7♥=9  BANKER(W)  | +950원 → 230,850원
H3780 | bet   1,000원 BANKER | P:Q♠ Q♠ Q♦=0  B:2♣ 8♣ 6♣=6  BANKER(W)  | +950원 → 231,800원
H3781 | bet   1,000원 BANKER | P:5♦ 9♣ A♦=5  B:2♣ J♣ 9♦=1  PLAYER(L)  | -1,000원 → 230,800원  [start]
H3782 | bet   2,000원 PLAYER | P:10♦ 10♦=0  B:8♣ 10♠=8  BANKER(L)  | -2,000원 → 228,800원
H3783 | bet   4,000원 PLAYER | P:A♠ Q♠ 8♦=9  B:Q♥ J♥ J♦=0  PLAYER(W)  | +4,000원 → 232,800원  [end_win]
H3784 | bet   1,000원 BANKER | P:J♦ 5♣=5  B:6♥ 3♦=9  BANKER(W)  | +950원 → 233,750원
H3785 | bet   1,000원 BANKER | P:K♥ J♣ 8♥=8  B:6♦ A♦=7  PLAYER(L)  | -1,000원 → 232,750원  [start]
H3786 | bet   2,000원 PLAYER | P:5♣ Q♣ 3♦=8  B:3♠ 4♠=7  PLAYER(W)  | +2,000원 → 234,750원  [end_win]
H3787 | bet   1,000원 BANKER | P:3♣ A♥ J♦=4  B:K♣ 10♥ Q♠=0  PLAYER(L)  | -1,000원 → 233,750원  [start]
H3788 | bet   2,000원 PLAYER | P:K♦ 2♥=2  B:8♠ 10♣=8  BANKER(L)  | -2,000원 → 231,750원
H3789 | bet   4,000원 PLAYER | P:K♣ 7♣=7  B:J♣ J♣ 8♠=8  BANKER(L)  | -4,000원 → 227,750원
H3790 | bet   8,000원 PLAYER | P:5♠ 5♣ 4♦=4  B:8♦ 4♠ J♠=2  PLAYER(W)  | +8,000원 → 235,750원  [end_win]
H3791 | bet   1,000원 BANKER | P:9♣ 5♥ 4♠=8  B:4♣ 10♠ 9♠=3  PLAYER(L)  | -1,000원 → 234,750원  [start]
H3792 | bet   2,000원 PLAYER | P:J♠ 3♠ K♥=3  B:5♥ Q♦=5  BANKER(L)  | -2,000원 → 232,750원
H3793 | bet   4,000원 PLAYER | P:7♦ Q♠=7  B:9♣ A♣ 7♥=7  TIE(T)  |     0원 → 232,750원
H3794 | bet   4,000원 PLAYER | P:8♣ 5♥ 5♦=8  B:10♦ K♦ J♦=0  PLAYER(W)  | +4,000원 → 236,750원  [end_win]
H3795 | bet   1,000원 BANKER | P:A♠ K♦ 7♠=8  B:7♥ 3♠ 7♠=7  PLAYER(L)  | -1,000원 → 235,750원  [start]
H3796 | bet   2,000원 PLAYER | P:9♦ Q♦=9  B:6♦ K♣=6  PLAYER(W)  | +2,000원 → 237,750원  [end_win]
H3797 | bet   1,000원 BANKER | P:9♦ 7♣=6  B:6♠ 7♥ 4♠=7  BANKER(W)  | +950원 → 238,700원
H3798 | bet   1,000원 BANKER | P:3♦ 7♣ J♥=0  B:5♦ 9♥=4  BANKER(W)  | +950원 → 239,650원
H3799 | bet   1,000원 BANKER | P:5♦ 9♠=4  B:3♥ 6♥=9  BANKER(W)  | +950원 → 240,600원
H3800 | bet   1,000원 BANKER | P:9♥ J♣=9  B:8♥ 3♦=1  PLAYER(L)  | -1,000원 → 239,600원  [start]
H3801 | bet   2,000원 PLAYER | P:3♠ A♥ K♠=4  B:10♦ 6♥=6  BANKER(L)  | -2,000원 → 237,600원
H3802 | bet   4,000원 PLAYER | P:3♥ 9♣ 6♠=8  B:6♦ A♣=7  PLAYER(W)  | +4,000원 → 241,600원  [end_win]
H3803 | bet   1,000원 BANKER | P:2♦ 2♥ 4♦=8  B:9♣ 8♥=7  PLAYER(L)  | -1,000원 → 240,600원  [start]
H3804 | bet   2,000원 PLAYER | P:6♣ Q♥=6  B:7♣ 2♦=9  BANKER(L)  | -2,000원 → 238,600원
H3805 | bet   4,000원 PLAYER | P:K♦ 6♥=6  B:4♥ 8♦ 9♣=1  PLAYER(W)  | +4,000원 → 242,600원  [end_win]
H3806 | bet   1,000원 BANKER | P:2♦ 7♥=9  B:3♥ A♥=4  PLAYER(L)  | -1,000원 → 241,600원  [start]
H3807 | bet   2,000원 PLAYER | P:5♠ 4♣=9  B:10♦ A♦=1  PLAYER(W)  | +2,000원 → 243,600원  [end_win]
H3808 | bet   1,000원 BANKER | P:8♥ 10♠=8  B:9♣ 6♦=5  PLAYER(L)  | -1,000원 → 242,600원  [start]
H3809 | bet   2,000원 PLAYER | P:K♣ 6♣=6  B:10♠ 4♠ 9♥=3  PLAYER(W)  | +2,000원 → 244,600원  [end_win]
H3810 | bet   1,000원 BANKER | P:9♦ 8♦=7  B:5♠ 3♥=8  BANKER(W)  | +950원 → 245,550원
H3811 | bet   1,000원 BANKER | P:9♠ 9♣=8  B:2♠ 7♥=9  BANKER(W)  | +950원 → 246,500원
H3812 | bet   1,000원 BANKER | P:6♠ 5♣ 2♠=3  B:10♣ J♠ 7♦=7  BANKER(W)  | +950원 → 247,450원
H3813 | bet   1,000원 BANKER | P:4♥ 9♥ 7♠=0  B:Q♥ 6♦ A♣=7  BANKER(W)  | +950원 → 248,400원
H3814 | bet   1,000원 BANKER | P:5♥ 3♦=8  B:A♥ 3♣=4  PLAYER(L)  | -1,000원 → 247,400원  [start]
H3815 | bet   2,000원 PLAYER | P:2♣ 9♦ 9♥=0  B:10♥ 6♥=6  BANKER(L)  | -2,000원 → 245,400원
H3816 | bet   4,000원 PLAYER | P:3♠ 9♦ 4♦=6  B:4♣ Q♣ K♦=4  PLAYER(W)  | +4,000원 → 249,400원  [end_win]
H3817 | bet   1,000원 BANKER | P:K♦ 2♣ 7♣=9  B:A♦ 5♦ 8♣=4  PLAYER(L)  | -1,000원 → 248,400원  [start]
H3818 | bet   2,000원 PLAYER | P:7♦ J♣=7  B:7♠ 10♠=7  TIE(T)  |     0원 → 248,400원
H3819 | bet   2,000원 PLAYER | P:10♥ 7♥=7  B:9♥ 5♣ 8♠=2  PLAYER(W)  | +2,000원 → 250,400원  [end_win]
H3820 | bet   1,000원 BANKER | P:5♣ 3♦=8  B:7♠ 7♣=4  PLAYER(L)  | -1,000원 → 249,400원  [start]
H3821 | bet   2,000원 PLAYER | P:6♥ 2♠=8  B:8♠ Q♥=8  TIE(T)  |     0원 → 249,400원
H3822 | bet   2,000원 PLAYER | P:Q♦ 2♥ J♠=2  B:Q♠ K♣ 2♠=2  TIE(T)  |     0원 → 249,400원
H3823 | bet   2,000원 PLAYER | P:6♦ 5♥ 6♣=7  B:10♥ 2♦ 2♥=4  PLAYER(W)  | +2,000원 → 251,400원  [end_win]
H3824 | bet   1,000원 BANKER | P:3♠ A♣ 6♠=0  B:2♦ 4♥ 3♥=9  BANKER(W)  | +950원 → 252,350원
H3825 | bet   1,000원 BANKER | P:J♥ 3♠ Q♦=3  B:J♥ 2♠ 5♦=7  BANKER(W)  | +950원 → 253,300원
H3826 | bet   1,000원 BANKER | P:J♣ 4♠ 4♥=8  B:5♥ 5♠ K♠=0  PLAYER(L)  | -1,000원 → 252,300원  [start]
H3827 | bet   2,000원 PLAYER | P:Q♣ Q♣ A♠=1  B:6♠ 8♦=4  BANKER(L)  | -2,000원 → 250,300원
H3828 | bet   4,000원 PLAYER | P:9♦ 3♥ A♦=3  B:9♥ 3♣ 10♦=2  PLAYER(W)  | +4,000원 → 254,300원  [end_win]
H3829 | bet   1,000원 BANKER | P:K♣ 9♠=9  B:K♠ 5♦=5  PLAYER(L)  | -1,000원 → 253,300원  [start]
H3830 | bet   2,000원 PLAYER | P:3♠ A♦ 7♥=1  B:Q♥ 6♣ 2♥=8  BANKER(L)  | -2,000원 → 251,300원
H3831 | bet   4,000원 PLAYER | P:3♣ K♠ 8♥=1  B:J♦ K♣ 6♠=6  BANKER(L)  | -4,000원 → 247,300원
H3832 | bet   8,000원 PLAYER | P:10♦ 4♣ 10♥=4  B:J♥ A♣ A♥=2  PLAYER(W)  | +8,000원 → 255,300원  [end_win]
H3833 | bet   1,000원 BANKER | P:3♠ 5♥=8  B:K♠ 6♥=6  PLAYER(L)  | -1,000원 → 254,300원  [start]
H3834 | bet   2,000원 PLAYER | P:5♣ 8♥ 5♣=8  B:4♥ 6♣ 7♠=7  PLAYER(W)  | +2,000원 → 256,300원  [end_win]
H3835 | bet   1,000원 BANKER | P:9♥ 7♣=6  B:A♠ 9♣ 3♦=3  PLAYER(L)  | -1,000원 → 255,300원  [start]
H3836 | bet   2,000원 PLAYER | P:10♥ 5♥ A♠=6  B:5♠ 5♠ 3♠=3  PLAYER(W)  | +2,000원 → 257,300원  [end_win]
H3837 | bet   1,000원 BANKER | P:3♦ 10♦ 7♦=0  B:10♣ A♦ 10♥=1  BANKER(W)  | +950원 → 258,250원
H3838 | bet   1,000원 BANKER | P:5♣ J♦ 7♣=2  B:K♥ 6♣ 7♦=3  BANKER(W)  | +950원 → 259,200원
H3839 | bet   1,000원 BANKER | P:4♥ 8♣ A♥=3  B:3♣ 2♣=5  BANKER(W)  | +950원 → 260,150원
H3840 | bet   1,000원 BANKER | P:Q♠ 8♠=8  B:6♠ 4♦=0  PLAYER(L)  | -1,000원 → 259,150원  [start]
H3841 | bet   2,000원 PLAYER | P:J♣ 6♠=6  B:A♣ 6♣=7  BANKER(L)  | -2,000원 → 257,150원
H3842 | bet   4,000원 PLAYER | P:7♥ K♦=7  B:4♦ 9♦ 3♣=6  PLAYER(W)  | +4,000원 → 261,150원  [end_win]
H3843 | bet   1,000원 BANKER | P:6♦ 2♥=8  B:K♥ 2♦=2  PLAYER(L)  | -1,000원 → 260,150원  [start]
H3844 | bet   2,000원 PLAYER | P:7♠ 4♠ 7♥=8  B:8♣ 2♣ 5♣=5  PLAYER(W)  | +2,000원 → 262,150원  [end_win]
H3845 | bet   1,000원 BANKER | P:Q♣ 2♦=2  B:9♦ 10♣=9  BANKER(W)  | +950원 → 263,100원
H3846 | bet   1,000원 BANKER | P:J♣ 2♣ 7♣=9  B:3♥ 4♥=7  PLAYER(L)  | -1,000원 → 262,100원  [start]
H3847 | bet   2,000원 PLAYER | P:8♠ 8♥=6  B:10♥ K♣ 4♣=4  PLAYER(W)  | +2,000원 → 264,100원  [end_win]
H3848 | bet   1,000원 BANKER | P:K♠ 3♣ 7♠=0  B:5♦ 10♣ 8♠=3  BANKER(W)  | +950원 → 265,050원
H3849 | bet   1,000원 BANKER | P:6♦ 9♠ 10♣=5  B:9♣ A♥ J♥=0  PLAYER(L)  | -1,000원 → 264,050원  [start]
H3850 | bet   2,000원 PLAYER | P:10♠ 10♦ A♦=1  B:6♣ 6♥ Q♣=2  BANKER(L)  | -2,000원 → 262,050원
H3851 | bet   4,000원 PLAYER | P:2♦ 7♦=9  B:J♦ 6♣=6  PLAYER(W)  | +4,000원 → 266,050원  [end_win]
H3852 | bet   1,000원 BANKER | P:4♠ 10♠ 3♥=7  B:9♦ 8♥=7  TIE(T)  |     0원 → 266,050원
H3853 | bet   1,000원 BANKER | P:9♣ 4♥=3  B:8♠ J♠=8  BANKER(W)  | +950원 → 267,000원
H3854 | bet   1,000원 BANKER | P:5♦ Q♠ Q♣=5  B:10♥ A♥ 9♦=0  PLAYER(L)  | -1,000원 → 266,000원  [start]
H3855 | bet   2,000원 PLAYER | P:K♣ A♣=1  B:K♥ 8♣=8  BANKER(L)  | -2,000원 → 264,000원
H3856 | bet   4,000원 PLAYER | P:K♥ 6♦=6  B:2♥ 2♥ 3♠=7  BANKER(L)  | -4,000원 → 260,000원
H3857 | bet   8,000원 PLAYER | P:A♠ 4♦ 7♥=2  B:A♦ 9♠ K♣=0  PLAYER(W)  | +8,000원 → 268,000원  [end_win]
H3858 | bet   1,000원 BANKER | P:J♦ Q♦ 8♦=8  B:2♣ 4♣=6  PLAYER(L)  | -1,000원 → 267,000원  [start]
H3859 | bet   2,000원 PLAYER | P:5♠ J♦ 4♦=9  B:10♠ A♣ 9♦=0  PLAYER(W)  | +2,000원 → 269,000원  [end_win]
H3860 | bet   1,000원 BANKER | P:J♥ J♦ 7♥=7  B:7♠ J♥=7  TIE(T)  |     0원 → 269,000원
H3861 | bet   1,000원 BANKER | P:7♦ K♦=7  B:10♥ 5♥ 9♠=4  PLAYER(L)  | -1,000원 → 268,000원  [start]
H3862 | bet   2,000원 PLAYER | P:4♦ J♣ 2♦=6  B:8♦ 4♠ J♣=2  PLAYER(W)  | +2,000원 → 270,000원  [end_win]
H3863 | bet   1,000원 BANKER | P:6♣ J♠=6  B:A♠ 7♣=8  BANKER(W)  | +950원 → 270,950원
H3864 | bet   1,000원 BANKER | P:6♦ A♠=7  B:2♥ 5♦=7  TIE(T)  |     0원 → 270,950원
H3865 | bet   1,000원 BANKER | P:K♥ 10♥ 5♣=5  B:4♥ 6♥ J♠=0  PLAYER(L)  | -1,000원 → 269,950원  [start]
H3866 | bet   2,000원 PLAYER | P:9♠ 7♥=6  B:2♠ 3♦ Q♠=5  PLAYER(W)  | +2,000원 → 271,950원  [end_win]
H3867 | bet   1,000원 BANKER | P:10♠ 5♣ 9♥=4  B:3♠ Q♠ 4♣=7  BANKER(W)  | +950원 → 272,900원
H3868 | bet   1,000원 BANKER | P:9♠ 9♣=8  B:A♥ 8♥=9  BANKER(W)  | +950원 → 273,850원
H3869 | bet   1,000원 BANKER | P:10♣ 3♠=3  B:K♦ 8♦=8  BANKER(W)  | +950원 → 274,800원
H3870 | bet   1,000원 BANKER | P:2♠ J♥ 3♥=5  B:9♥ 4♦ 6♣=9  BANKER(W)  | +950원 → 275,750원
H3871 | bet   1,000원 BANKER | P:J♦ 2♥ Q♦=2  B:5♣ 2♠=7  BANKER(W)  | +950원 → 276,700원
H3872 | bet   1,000원 BANKER | P:2♦ 5♦=7  B:9♥ 3♣ 6♦=8  BANKER(W)  | +950원 → 277,650원
H3873 | bet   1,000원 BANKER | P:A♠ 10♣=1  B:6♠ 3♠=9  BANKER(W)  | +950원 → 278,600원
H3874 | bet   1,000원 BANKER | P:7♠ 10♥=7  B:Q♣ 9♠=9  BANKER(W)  | +950원 → 279,550원
H3875 | bet   1,000원 BANKER | P:8♦ 5♠ 3♣=6  B:J♥ K♦ 6♠=6  TIE(T)  |     0원 → 279,550원
H3876 | bet   1,000원 BANKER | P:Q♠ 7♠=7  B:7♣ 3♥ 7♦=7  TIE(T)  |     0원 → 279,550원
H3877 | bet   1,000원 BANKER | P:8♠ 4♠=2  B:8♣ 10♦=8  BANKER(W)  | +950원 → 280,500원
H3878 | bet   1,000원 BANKER | P:6♠ 4♠ 10♠=0  B:2♣ Q♠ Q♣=2  BANKER(W)  | +950원 → 281,450원
H3879 | bet   1,000원 BANKER | P:8♥ 9♦=7  B:3♣ 10♠ K♥=3  PLAYER(L)  | -1,000원 → 280,450원  [start]
H3880 | bet   2,000원 PLAYER | P:Q♠ 3♣ 9♥=2  B:10♣ Q♠ A♣=1  PLAYER(W)  | +2,000원 → 282,450원  [end_win]
H3881 | bet   1,000원 BANKER | P:5♠ 4♥=9  B:A♥ 2♠=3  PLAYER(L)  | -1,000원 → 281,450원  [start]
H3882 | bet   2,000원 PLAYER | P:Q♥ 8♥=8  B:9♣ 9♣=8  TIE(T)  |     0원 → 281,450원
H3883 | bet   2,000원 PLAYER | P:5♦ 7♥=2  B:8♦ Q♥=8  BANKER(L)  | -2,000원 → 279,450원
H3884 | bet   4,000원 PLAYER | P:6♠ K♣=6  B:5♦ 3♠=8  BANKER(L)  | -4,000원 → 275,450원
H3885 | bet   8,000원 PLAYER | P:10♦ 5♦ 4♥=9  B:Q♣ 4♣ K♠=4  PLAYER(W)  | +8,000원 → 283,450원  [end_win]
H3886 | bet   1,000원 BANKER | P:K♠ 7♠=7  B:J♦ 8♣=8  BANKER(W)  | +950원 → 284,400원
H3887 | bet   1,000원 BANKER | P:A♦ 6♥=7  B:A♠ K♦ 9♣=0  PLAYER(L)  | -1,000원 → 283,400원  [start]
H3888 | bet   2,000원 PLAYER | P:6♠ Q♦=6  B:4♦ K♠ 9♥=3  PLAYER(W)  | +2,000원 → 285,400원  [end_win]
H3889 | bet   1,000원 BANKER | P:6♦ 7♦ A♣=4  B:J♣ Q♥ 4♣=4  TIE(T)  |     0원 → 285,400원
H3890 | bet   1,000원 BANKER | P:6♥ 9♠ K♠=5  B:4♥ 10♣=4  PLAYER(L)  | -1,000원 → 284,400원  [start]
H3891 | bet   2,000원 PLAYER | P:6♣ 8♣ J♠=4  B:K♦ Q♥ K♠=0  PLAYER(W)  | +2,000원 → 286,400원  [end_win]
H3892 | bet   1,000원 BANKER | P:9♠ Q♦=9  B:A♠ 4♠=5  PLAYER(L)  | -1,000원 → 285,400원  [start]
H3893 | bet   2,000원 PLAYER | P:6♥ 8♠ 2♦=6  B:J♠ Q♦ Q♣=0  PLAYER(W)  | +2,000원 → 287,400원  [end_win]
H3894 | bet   1,000원 BANKER | P:J♥ K♠ 5♥=5  B:3♥ 9♥ 10♦=2  PLAYER(L)  | -1,000원 → 286,400원  [start]
H3895 | bet   2,000원 PLAYER | P:6♠ 2♠=8  B:3♥ 3♣=6  PLAYER(W)  | +2,000원 → 288,400원  [end_win]
H3896 | bet   1,000원 BANKER | P:2♣ Q♥ 8♠=0  B:A♥ 6♥=7  BANKER(W)  | +950원 → 289,350원
H3897 | bet   1,000원 BANKER | P:3♦ 9♣ 10♠=2  B:6♥ J♦=6  BANKER(W)  | +950원 → 290,300원
H3898 | bet   1,000원 BANKER | P:5♠ Q♦ 4♠=9  B:Q♣ K♣ Q♥=0  PLAYER(L)  | -1,000원 → 289,300원  [start]
H3899 | bet   2,000원 PLAYER | P:J♠ Q♦ 7♥=7  B:7♥ 4♦ 6♦=7  TIE(T)  |     0원 → 289,300원
H3900 | bet   2,000원 PLAYER | P:2♦ 5♠=7  B:4♣ A♦ 8♠=3  PLAYER(W)  | +2,000원 → 291,300원  [end_win]
H3901 | bet   1,000원 BANKER | P:2♠ 10♦ 2♣=4  B:5♥ 2♠=7  BANKER(W)  | +950원 → 292,250원
H3902 | bet   1,000원 BANKER | P:J♠ 8♣=8  B:7♣ 7♣=4  PLAYER(L)  | -1,000원 → 291,250원  [start]
H3903 | bet   2,000원 PLAYER | P:K♦ Q♦ A♥=1  B:5♥ A♦=6  BANKER(L)  | -2,000원 → 289,250원
H3904 | bet   4,000원 PLAYER | P:Q♥ A♦=1  B:8♣ A♣=9  BANKER(L)  | -4,000원 → 285,250원
H3905 | bet   8,000원 PLAYER | P:5♥ 7♦ 4♣=6  B:5♥ K♦ 8♦=3  PLAYER(W)  | +8,000원 → 293,250원  [end_win]
H3906 | bet   1,000원 BANKER | P:J♣ J♣ 8♥=8  B:2♣ K♣ J♥=2  PLAYER(L)  | -1,000원 → 292,250원  [start]
H3907 | bet   2,000원 PLAYER | P:Q♥ 5♦ 2♥=7  B:3♦ 2♥=5  PLAYER(W)  | +2,000원 → 294,250원  [end_win]
H3908 | bet   1,000원 BANKER | P:7♠ 3♦ 4♠=4  B:4♣ 2♥=6  BANKER(W)  | +950원 → 295,200원
H3909 | bet   1,000원 BANKER | P:K♥ 2♠ 9♦=1  B:A♥ K♣ 3♥=4  BANKER(W)  | +950원 → 296,150원
H3910 | bet   1,000원 BANKER | P:A♦ 7♦=8  B:2♦ J♣=2  PLAYER(L)  | -1,000원 → 295,150원  [start]
H3911 | bet   2,000원 PLAYER | P:A♣ J♠=1  B:8♦ 10♥=8  BANKER(L)  | -2,000원 → 293,150원
H3912 | bet   4,000원 PLAYER | P:J♥ 3♦ 5♠=8  B:A♣ 5♣=6  PLAYER(W)  | +4,000원 → 297,150원  [end_win]
H3913 | bet   1,000원 BANKER | P:4♥ 5♦=9  B:K♦ 8♥=8  PLAYER(L)  | -1,000원 → 296,150원  [start]
H3914 | bet   2,000원 PLAYER | P:8♦ 3♠ 9♦=0  B:2♠ 8♥ 7♥=7  BANKER(L)  | -2,000원 → 294,150원
H3915 | bet   4,000원 PLAYER | P:2♣ 5♣=7  B:5♣ J♦ 5♥=0  PLAYER(W)  | +4,000원 → 298,150원  [end_win]
H3916 | bet   1,000원 BANKER | P:7♣ 2♦=9  B:10♣ Q♥=0  PLAYER(L)  | -1,000원 → 297,150원  [start]
H3917 | bet   2,000원 PLAYER | P:Q♥ 9♣=9  B:9♠ 3♣=2  PLAYER(W)  | +2,000원 → 299,150원  [end_win]
H3918 | bet   1,000원 BANKER | P:K♣ Q♠ 4♠=4  B:8♦ 4♥ K♦=2  PLAYER(L)  | -1,000원 → 298,150원  [start]
H3919 | bet   2,000원 PLAYER | P:K♣ 9♥=9  B:3♠ 7♥=0  PLAYER(W)  | +2,000원 → 300,150원  [end_win]
H3920 | bet   1,000원 BANKER | P:A♥ 3♥ A♥=5  B:6♥ 10♥=6  BANKER(W)  | +950원 → 301,100원
H3921 | bet   1,000원 BANKER | P:J♣ 4♥ 10♥=4  B:J♥ 6♦=6  BANKER(W)  | +950원 → 302,050원
H3922 | bet   1,000원 BANKER | P:A♣ Q♣ 9♠=0  B:8♠ 5♥ Q♥=3  BANKER(W)  | +950원 → 303,000원
H3923 | bet   1,000원 BANKER | P:10♠ 10♥ 4♦=4  B:J♠ 10♦ 8♣=8  BANKER(W)  | +950원 → 303,950원
H3924 | bet   1,000원 BANKER | P:8♠ 2♦ K♣=0  B:10♦ 7♠=7  BANKER(W)  | +950원 → 304,900원
H3925 | bet   1,000원 BANKER | P:7♣ 3♣ J♠=0  B:6♥ 10♥=6  BANKER(W)  | +950원 → 305,850원
H3926 | bet   1,000원 BANKER | P:K♥ K♠ 2♣=2  B:2♥ 5♦=7  BANKER(W)  | +950원 → 306,800원
H3927 | bet   1,000원 BANKER | P:9♣ 8♦=7  B:K♥ 2♥ K♦=2  PLAYER(L)  | -1,000원 → 305,800원  [start]
H3928 | bet   2,000원 PLAYER | P:J♦ J♣ A♣=1  B:2♠ K♠ 2♥=4  BANKER(L)  | -2,000원 → 303,800원
H3929 | bet   4,000원 PLAYER | P:2♠ J♥ 2♣=4  B:7♥ 8♠=5  BANKER(L)  | -4,000원 → 299,800원
H3930 | bet   8,000원 PLAYER | P:9♠ 2♥=1  B:Q♠ 8♠=8  BANKER(L)  | -8,000원 → 291,800원
H3931 | bet  16,000원 PLAYER | P:6♦ 9♠ 6♥=1  B:K♠ J♠ 4♥=4  BANKER(L)  | -16,000원 → 275,800원
H3932 | bet  32,000원 PLAYER | P:K♦ J♥ 7♣=7  B:10♠ 2♥ J♣=2  PLAYER(W)  | +32,000원 → 307,800원  [end_win]
H3933 | bet   1,000원 BANKER | P:6♠ K♥=6  B:Q♥ 4♣ Q♣=4  PLAYER(L)  | -1,000원 → 306,800원  [start]
H3934 | bet   2,000원 PLAYER | P:A♣ 7♥=8  B:4♥ 8♦=2  PLAYER(W)  | +2,000원 → 308,800원  [end_win]
H3935 | bet   1,000원 BANKER | P:J♣ K♠ J♥=0  B:5♣ 5♦ 6♠=6  BANKER(W)  | +950원 → 309,750원
H3936 | bet   1,000원 BANKER | P:Q♣ 9♦=9  B:6♣ Q♦=6  PLAYER(L)  | -1,000원 → 308,750원  [start]
H3937 | bet   2,000원 PLAYER | P:5♠ 9♣ 4♠=8  B:8♥ 6♣ 2♦=6  PLAYER(W)  | +2,000원 → 310,750원  [end_win]
H3938 | bet   1,000원 BANKER | P:A♦ 5♥=6  B:A♠ A♣ 4♣=6  TIE(T)  |     0원 → 310,750원
H3939 | bet   1,000원 BANKER | P:3♦ K♠ 8♣=1  B:5♠ Q♠=5  BANKER(W)  | +950원 → 311,700원
H3940 | bet   1,000원 BANKER | P:K♣ K♦ 7♦=7  B:6♦ 8♦ 7♦=1  PLAYER(L)  | -1,000원 → 310,700원  [start]
H3941 | bet   2,000원 PLAYER | P:10♣ 3♥ 4♣=7  B:6♣ 7♠ A♠=4  PLAYER(W)  | +2,000원 → 312,700원  [end_win]
H3942 | bet   1,000원 BANKER | P:10♥ 9♦=9  B:Q♣ J♠=0  PLAYER(L)  | -1,000원 → 311,700원  [start]
H3943 | bet   2,000원 PLAYER | P:8♣ 7♠ 6♦=1  B:3♠ A♦ A♣=5  BANKER(L)  | -2,000원 → 309,700원
H3944 | bet   4,000원 PLAYER | P:7♦ 4♦ A♣=2  B:2♣ A♥ J♠=3  BANKER(L)  | -4,000원 → 305,700원
H3945 | bet   8,000원 PLAYER | P:A♣ 7♦=8  B:5♣ 8♥=3  PLAYER(W)  | +8,000원 → 313,700원  [end_win]
H3946 | bet   1,000원 BANKER | P:8♣ 8♥=6  B:10♠ 8♣=8  BANKER(W)  | +950원 → 314,650원
H3947 | bet   1,000원 BANKER | P:Q♣ 2♣ 7♥=9  B:3♣ 10♠ 10♣=3  PLAYER(L)  | -1,000원 → 313,650원  [start]
H3948 | bet   2,000원 PLAYER | P:8♥ A♥=9  B:5♦ 9♥=4  PLAYER(W)  | +2,000원 → 315,650원  [end_win]
H3949 | bet   1,000원 BANKER | P:3♦ 10♥ 4♦=7  B:10♥ 3♦ 7♦=0  PLAYER(L)  | -1,000원 → 314,650원  [start]
H3950 | bet   2,000원 PLAYER | P:5♣ 7♥ 7♠=9  B:Q♦ 2♠ 3♣=5  PLAYER(W)  | +2,000원 → 316,650원  [end_win]
H3951 | bet   1,000원 BANKER | P:2♥ J♦ Q♣=2  B:8♠ 6♣=4  BANKER(W)  | +950원 → 317,600원
H3952 | bet   1,000원 BANKER | P:Q♦ 9♦=9  B:10♥ 3♣=3  PLAYER(L)  | -1,000원 → 316,600원  [start]
H3953 | bet   2,000원 PLAYER | P:8♣ 3♥=1  B:6♣ 2♥=8  BANKER(L)  | -2,000원 → 314,600원
H3954 | bet   4,000원 PLAYER | P:A♦ 2♦ J♥=3  B:4♣ 3♦=7  BANKER(L)  | -4,000원 → 310,600원
H3955 | bet   8,000원 PLAYER | P:3♥ 10♠ 10♦=3  B:K♠ 6♠=6  BANKER(L)  | -8,000원 → 302,600원
H3956 | bet  16,000원 PLAYER | P:9♥ J♣=9  B:9♣ K♥=9  TIE(T)  |     0원 → 302,600원
H3957 | bet  16,000원 PLAYER | P:8♦ Q♦=8  B:10♠ 7♦=7  PLAYER(W)  | +16,000원 → 318,600원  [end_win]
H3958 | bet   1,000원 BANKER | P:4♠ 4♠=8  B:7♠ 5♠=2  PLAYER(L)  | -1,000원 → 317,600원  [start]
H3959 | bet   2,000원 PLAYER | P:Q♠ 10♦ Q♥=0  B:7♠ 7♦=4  BANKER(L)  | -2,000원 → 315,600원
H3960 | bet   4,000원 PLAYER | P:4♥ A♠ A♦=6  B:Q♦ 7♠=7  BANKER(L)  | -4,000원 → 311,600원
H3961 | bet   8,000원 PLAYER | P:9♥ A♠ J♣=0  B:2♦ 9♥ 6♠=7  BANKER(L)  | -8,000원 → 303,600원
H3962 | bet  16,000원 PLAYER | P:10♦ K♠ J♥=0  B:6♦ Q♠=6  BANKER(L)  | -16,000원 → 287,600원
H3963 | bet  32,000원 PLAYER | P:6♣ K♥=6  B:Q♥ Q♥ 2♠=2  PLAYER(W)  | +32,000원 → 319,600원  [end_win]
H3964 | bet   1,000원 BANKER | P:10♣ 5♠ 10♣=5  B:2♠ Q♦ 8♥=0  PLAYER(L)  | -1,000원 → 318,600원  [start]
H3965 | bet   2,000원 PLAYER | P:2♥ 9♠ 2♦=3  B:9♠ 6♠=5  BANKER(L)  | -2,000원 → 316,600원
H3966 | bet   4,000원 PLAYER | P:J♦ 5♦ 10♠=5  B:A♥ 5♦=6  BANKER(L)  | -4,000원 → 312,600원
H3967 | bet   8,000원 PLAYER | P:3♣ K♠ 9♦=2  B:3♣ 7♣ 6♦=6  BANKER(L)  | -8,000원 → 304,600원
H3968 | bet  16,000원 PLAYER | P:3♦ 3♥=6  B:A♦ 7♣=8  BANKER(L)  | -16,000원 → 288,600원
H3969 | bet  32,000원 PLAYER | P:2♣ 5♦=7  B:K♣ 4♣ 3♣=7  TIE(T)  |     0원 → 288,600원
H3970 | bet  32,000원 PLAYER | P:9♥ K♥=9  B:4♣ J♣=4  PLAYER(W)  | +32,000원 → 320,600원  [end_win]
H3971 | bet   1,000원 BANKER | P:A♠ 3♠ 4♦=8  B:6♦ 4♥ J♦=0  PLAYER(L)  | -1,000원 → 319,600원  [start]
H3972 | bet   2,000원 PLAYER | P:J♦ 10♦ 5♠=5  B:9♦ 5♣ K♦=4  PLAYER(W)  | +2,000원 → 321,600원  [end_win]
H3973 | bet   1,000원 BANKER | P:A♦ A♥ K♣=2  B:Q♠ 5♣=5  BANKER(W)  | +950원 → 322,550원
H3974 | bet   1,000원 BANKER | P:6♥ 8♠ K♥=4  B:Q♠ Q♥ 10♣=0  PLAYER(L)  | -1,000원 → 321,550원  [start]
H3975 | bet   2,000원 PLAYER | P:7♣ A♠=8  B:5♥ 3♠=8  TIE(T)  |     0원 → 321,550원
H3976 | bet   2,000원 PLAYER | P:5♥ 6♣ 6♣=7  B:A♥ J♦ 9♠=0  PLAYER(W)  | +2,000원 → 323,550원  [end_win]
H3977 | bet   1,000원 BANKER | P:8♥ 4♦ 5♠=7  B:4♦ 6♥ 4♦=4  PLAYER(L)  | -1,000원 → 322,550원  [start]
H3978 | bet   2,000원 PLAYER | P:9♥ 6♦ 8♠=3  B:10♠ A♦ 6♥=7  BANKER(L)  | -2,000원 → 320,550원
H3979 | bet   4,000원 PLAYER | P:4♠ 9♠=3  B:10♣ 9♥=9  BANKER(L)  | -4,000원 → 316,550원
H3980 | bet   8,000원 PLAYER | P:3♠ 4♣=7  B:K♦ 4♠ 10♦=4  PLAYER(W)  | +8,000원 → 324,550원  [end_win]
H3981 | bet   1,000원 BANKER | P:5♠ A♠=6  B:3♠ 9♦ 3♦=5  PLAYER(L)  | -1,000원 → 323,550원  [start]
H3982 | bet   2,000원 PLAYER | P:10♣ 8♣=8  B:4♠ 8♠=2  PLAYER(W)  | +2,000원 → 325,550원  [end_win]
H3983 | bet   1,000원 BANKER | P:2♦ J♦ 9♦=1  B:6♥ J♠=6  BANKER(W)  | +950원 → 326,500원
H3984 | bet   1,000원 BANKER | P:Q♦ 6♠=6  B:Q♠ 9♣=9  BANKER(W)  | +950원 → 327,450원
H3985 | bet   1,000원 BANKER | P:7♣ A♣=8  B:7♥ 4♥=1  PLAYER(L)  | -1,000원 → 326,450원  [start]
H3986 | bet   2,000원 PLAYER | P:Q♣ 10♦ Q♦=0  B:6♥ A♦=7  BANKER(L)  | -2,000원 → 324,450원
H3987 | bet   4,000원 PLAYER | P:9♣ 5♥ K♥=4  B:7♠ J♥=7  BANKER(L)  | -4,000원 → 320,450원
H3988 | bet   8,000원 PLAYER | P:7♥ 6♠=3  B:3♠ 5♣=8  BANKER(L)  | -8,000원 → 312,450원
H3989 | bet  16,000원 PLAYER | P:6♠ 2♦=8  B:4♠ 5♦=9  BANKER(L)  | -16,000원 → 296,450원
H3990 | bet  32,000원 PLAYER | P:J♠ 7♦=7  B:4♣ A♥ J♥=5  PLAYER(W)  | +32,000원 → 328,450원  [end_win]
H3991 | bet   1,000원 BANKER | P:5♥ 5♥ 8♦=8  B:3♥ 2♣=5  PLAYER(L)  | -1,000원 → 327,450원  [start]
H3992 | bet   2,000원 PLAYER | P:4♦ 3♥=7  B:Q♣ J♠ 8♦=8  BANKER(L)  | -2,000원 → 325,450원
H3993 | bet   4,000원 PLAYER | P:J♣ 3♥ K♦=3  B:2♠ 2♠=4  BANKER(L)  | -4,000원 → 321,450원
H3994 | bet   8,000원 PLAYER | P:K♠ 3♥ K♠=3  B:A♠ 5♦=6  BANKER(L)  | -8,000원 → 313,450원
H3995 | bet  16,000원 PLAYER | P:K♥ Q♠ Q♣=0  B:4♣ 7♦ Q♥=1  BANKER(L)  | -16,000원 → 297,450원
H3996 | bet  32,000원 PLAYER | P:4♠ 9♣ 3♠=6  B:K♥ 2♥ 8♣=0  PLAYER(W)  | +32,000원 → 329,450원  [end_win]
H3997 | bet   1,000원 BANKER | P:Q♦ 7♦=7  B:2♠ 8♦ 9♥=9  BANKER(W)  | +950원 → 330,400원
H3998 | bet   1,000원 BANKER | P:8♣ 5♥=3  B:6♣ 2♦=8  BANKER(W)  | +950원 → 331,350원
H3999 | bet   1,000원 BANKER | P:2♥ 5♥=7  B:8♦ 3♠ 8♠=9  BANKER(W)  | +950원 → 332,300원
H4000 | bet   1,000원 BANKER | P:10♣ 6♠=6  B:4♦ K♦ 7♣=1  PLAYER(L)  | -1,000원 → 331,300원  [start]
H4001 | bet   2,000원 PLAYER | P:J♥ 9♠=9  B:8♦ 7♦=5  PLAYER(W)  | +2,000원 → 333,300원  [end_win]
H4002 | bet   1,000원 BANKER | P:5♦ K♦ J♥=5  B:Q♠ 4♣=4  PLAYER(L)  | -1,000원 → 332,300원  [start]
H4003 | bet   2,000원 PLAYER | P:J♠ 9♠=9  B:5♠ 8♣=3  PLAYER(W)  | +2,000원 → 334,300원  [end_win]
H4004 | bet   1,000원 BANKER | P:A♠ 7♣=8  B:9♦ 8♠=7  PLAYER(L)  | -1,000원 → 333,300원  [start]
H4005 | bet   2,000원 PLAYER | P:Q♠ Q♣ 10♦=0  B:J♣ Q♣ 10♥=0  TIE(T)  |     0원 → 333,300원
H4006 | bet   2,000원 PLAYER | P:2♦ 3♣=5  B:Q♥ 8♦=8  BANKER(L)  | -2,000원 → 331,300원
H4007 | bet   4,000원 PLAYER | P:K♦ Q♠ Q♦=0  B:7♥ 6♥ Q♠=3  BANKER(L)  | -4,000원 → 327,300원
H4008 | bet   8,000원 PLAYER | P:J♠ 10♣ 9♥=9  B:10♠ 4♣=4  PLAYER(W)  | +8,000원 → 335,300원  [end_win]
H4009 | bet   1,000원 BANKER | P:2♥ 3♠=5  B:7♥ 2♥=9  BANKER(W)  | +950원 → 336,250원
H4010 | bet   1,000원 BANKER | P:A♦ 5♠=6  B:4♣ 9♦ 2♥=5  PLAYER(L)  | -1,000원 → 335,250원  [start]
H4011 | bet   2,000원 PLAYER | P:6♣ J♥=6  B:10♠ Q♦ K♣=0  PLAYER(W)  | +2,000원 → 337,250원  [end_win]
H4012 | bet   1,000원 BANKER | P:2♣ K♠ 10♣=2  B:4♥ 9♥ K♣=3  BANKER(W)  | +950원 → 338,200원
H4013 | bet   1,000원 BANKER | P:4♦ 10♠ J♠=4  B:A♣ Q♥ 8♠=9  BANKER(W)  | +950원 → 339,150원
H4014 | bet   1,000원 BANKER | P:6♠ Q♣=6  B:2♦ 4♦=6  TIE(T)  |     0원 → 339,150원
H4015 | bet   1,000원 BANKER | P:J♦ J♠ 9♦=9  B:3♣ K♠ 5♥=8  PLAYER(L)  | -1,000원 → 338,150원  [start]
H4016 | bet   2,000원 PLAYER | P:10♦ 4♦ A♣=5  B:3♣ 2♣=5  TIE(T)  |     0원 → 338,150원
H4017 | bet   2,000원 PLAYER | P:7♣ 10♠=7  B:5♣ 7♠ 3♦=5  PLAYER(W)  | +2,000원 → 340,150원  [end_win]
H4018 | bet   1,000원 BANKER | P:A♠ A♣ 6♠=8  B:10♣ 6♦ 2♠=8  TIE(T)  |     0원 → 340,150원
H4019 | bet   1,000원 BANKER | P:7♣ 5♦ 5♥=7  B:A♥ 6♣=7  TIE(T)  |     0원 → 340,150원
H4020 | bet   1,000원 BANKER | P:K♠ 4♦ A♠=5  B:3♣ 2♠=5  TIE(T)  |     0원 → 340,150원
H4021 | bet   1,000원 BANKER | P:7♠ 9♦=6  B:3♠ 7♥ A♥=1  PLAYER(L)  | -1,000원 → 339,150원  [start]
H4022 | bet   2,000원 PLAYER | P:9♠ J♣=9  B:9♣ 6♥=5  PLAYER(W)  | +2,000원 → 341,150원  [end_win]
H4023 | bet   1,000원 BANKER | P:4♠ 8♥ 8♥=0  B:Q♦ 6♥=6  BANKER(W)  | +950원 → 342,100원
H4024 | bet   1,000원 BANKER | P:10♥ K♥=0  B:6♥ 2♥=8  BANKER(W)  | +950원 → 343,050원
H4025 | bet   1,000원 BANKER | P:4♠ Q♥ 7♥=1  B:4♥ 2♥ Q♥=6  BANKER(W)  | +950원 → 344,000원
H4026 | bet   1,000원 BANKER | P:K♥ 10♣=0  B:8♦ J♥=8  BANKER(W)  | +950원 → 344,950원
H4027 | bet   1,000원 BANKER | P:3♣ K♣ 8♥=1  B:5♠ 7♣ 8♥=0  PLAYER(L)  | -1,000원 → 343,950원  [start]
H4028 | bet   2,000원 PLAYER | P:A♦ K♠ 2♦=3  B:3♣ Q♦ 5♣=8  BANKER(L)  | -2,000원 → 341,950원
H4029 | bet   4,000원 PLAYER | P:2♣ 9♥=1  B:4♥ 5♠=9  BANKER(L)  | -4,000원 → 337,950원
H4030 | bet   8,000원 PLAYER | P:4♥ 3♠=7  B:6♦ 3♦=9  BANKER(L)  | -8,000원 → 329,950원
H4031 | bet  16,000원 PLAYER | P:8♦ 5♣ 4♥=7  B:K♠ A♥ 2♠=3  PLAYER(W)  | +16,000원 → 345,950원  [end_win]
H4032 | bet   1,000원 BANKER | P:3♠ 4♠=7  B:2♦ Q♦ 4♠=6  PLAYER(L)  | -1,000원 → 344,950원  [start]
H4033 | bet   2,000원 PLAYER | P:2♠ 5♥=7  B:2♣ 2♠ 5♣=9  BANKER(L)  | -2,000원 → 342,950원
H4034 | bet   4,000원 PLAYER | P:5♥ 10♣=5  B:9♦ 9♠=8  BANKER(L)  | -4,000원 → 338,950원
H4035 | bet   8,000원 PLAYER | P:3♦ K♥ 6♣=9  B:10♦ K♣ 10♠=0  PLAYER(W)  | +8,000원 → 346,950원  [end_win]
H4036 | bet   1,000원 BANKER | P:7♥ 2♣=9  B:10♣ 8♥=8  PLAYER(L)  | -1,000원 → 345,950원  [start]
H4037 | bet   2,000원 PLAYER | P:4♣ Q♣ 4♥=8  B:4♦ 6♥ Q♦=0  PLAYER(W)  | +2,000원 → 347,950원  [end_win]
H4038 | bet   1,000원 BANKER | P:3♦ 5♦=8  B:J♥ J♣=0  PLAYER(L)  | -1,000원 → 346,950원  [start]
H4039 | bet   2,000원 PLAYER | P:5♥ A♥=6  B:7♦ 10♦=7  BANKER(L)  | -2,000원 → 344,950원
H4040 | bet   4,000원 PLAYER | P:A♦ K♥ K♣=1  B:5♥ Q♥=5  BANKER(L)  | -4,000원 → 340,950원
H4041 | bet   8,000원 PLAYER | P:10♦ 7♠=7  B:J♦ K♥ 7♠=7  TIE(T)  |     0원 → 340,950원
H4042 | bet   8,000원 PLAYER | P:3♥ 4♠=7  B:10♥ 6♥=6  PLAYER(W)  | +8,000원 → 348,950원  [end_win]
H4043 | bet   1,000원 BANKER | P:5♣ 6♣ 9♠=0  B:J♦ 4♣=4  BANKER(W)  | +950원 → 349,900원
H4044 | bet   1,000원 BANKER | P:J♣ 3♣ 2♥=5  B:8♠ 9♣=7  BANKER(W)  | +950원 → 350,850원
H4045 | bet   1,000원 BANKER | P:3♥ 8♠ J♣=1  B:5♣ 2♠=7  BANKER(W)  | +950원 → 351,800원
H4046 | bet   1,000원 BANKER | P:A♠ A♥ K♠=2  B:8♣ 3♦ 7♠=8  BANKER(W)  | +950원 → 352,750원
H4047 | bet   1,000원 BANKER | P:10♦ A♣ 7♥=8  B:A♠ 10♠ 9♦=0  PLAYER(L)  | -1,000원 → 351,750원  [start]
H4048 | bet   2,000원 PLAYER | P:7♠ 6♣ 2♦=5  B:A♦ 6♠=7  BANKER(L)  | -2,000원 → 349,750원
H4049 | bet   4,000원 PLAYER | P:A♥ 4♣ K♣=5  B:7♠ J♠=7  BANKER(L)  | -4,000원 → 345,750원
H4050 | bet   8,000원 PLAYER | P:Q♠ 9♦=9  B:Q♣ 5♠=5  PLAYER(W)  | +8,000원 → 353,750원  [end_win]
H4051 | bet   1,000원 BANKER | P:10♥ 7♣=7  B:3♣ J♣ K♣=3  PLAYER(L)  | -1,000원 → 352,750원  [start]
H4052 | bet   2,000원 PLAYER | P:A♦ 8♦=9  B:Q♥ J♠=0  PLAYER(W)  | +2,000원 → 354,750원  [end_win]
H4053 | bet   1,000원 BANKER | P:9♥ 8♣=7  B:J♣ A♣ J♥=1  PLAYER(L)  | -1,000원 → 353,750원  [start]
H4054 | bet   2,000원 PLAYER | P:5♦ 6♠ Q♠=1  B:3♥ A♠=4  BANKER(L)  | -2,000원 → 351,750원
H4055 | bet   4,000원 PLAYER | P:4♣ A♥ A♠=6  B:7♠ 3♥ J♠=0  PLAYER(W)  | +4,000원 → 355,750원  [end_win]
H4056 | bet   1,000원 BANKER | P:6♠ J♦=6  B:4♥ K♦ 3♥=7  BANKER(W)  | +950원 → 356,700원
H4057 | bet   1,000원 BANKER | P:9♦ A♣ 6♦=6  B:7♦ 10♥=7  BANKER(W)  | +950원 → 357,650원
H4058 | bet   1,000원 BANKER | P:6♦ 6♠ 9♣=1  B:K♦ 4♠=4  BANKER(W)  | +950원 → 358,600원
H4059 | bet   1,000원 BANKER | P:J♦ J♥ 3♦=3  B:8♠ 9♥=7  BANKER(W)  | +950원 → 359,550원
H4060 | bet   1,000원 BANKER | P:A♦ A♣ 4♦=6  B:J♦ J♥ Q♠=0  PLAYER(L)  | -1,000원 → 358,550원  [start]
H4061 | bet   2,000원 PLAYER | P:K♦ 2♣ 6♣=8  B:10♠ 3♦ 5♠=8  TIE(T)  |     0원 → 358,550원
H4062 | bet   2,000원 PLAYER | P:3♥ 10♥ 6♦=9  B:9♠ 2♦ 4♥=5  PLAYER(W)  | +2,000원 → 360,550원  [end_win]
H4063 | bet   1,000원 BANKER | P:9♣ Q♣=9  B:8♠ 9♣=7  PLAYER(L)  | -1,000원 → 359,550원  [start]
H4064 | bet   2,000원 PLAYER | P:4♦ 7♦ 10♥=1  B:2♦ 2♣=4  BANKER(L)  | -2,000원 → 357,550원
H4065 | bet   4,000원 PLAYER | P:J♦ 10♣ 5♦=5  B:J♦ 6♥=6  BANKER(L)  | -4,000원 → 353,550원
H4066 | bet   8,000원 PLAYER | P:8♠ 8♥=6  B:3♥ 9♠ 10♦=2  PLAYER(W)  | +8,000원 → 361,550원  [end_win]
H4067 | bet   1,000원 BANKER | P:2♣ 5♦=7  B:10♥ 9♥=9  BANKER(W)  | +950원 → 362,500원
H4068 | bet   1,000원 BANKER | P:6♠ 2♠=8  B:7♣ A♣=8  TIE(T)  |     0원 → 362,500원
H4069 | bet   1,000원 BANKER | P:7♥ 6♦ 9♣=2  B:5♠ 6♦ 7♦=8  BANKER(W)  | +950원 → 363,450원
H4070 | bet   1,000원 BANKER | P:Q♥ 3♠ 10♦=3  B:A♥ 3♠=4  BANKER(W)  | +950원 → 364,400원
H4071 | bet   1,000원 BANKER | P:8♣ 10♠=8  B:J♣ K♣=0  PLAYER(L)  | -1,000원 → 363,400원  [start]
H4072 | bet   2,000원 PLAYER | P:Q♣ 6♥=6  B:5♠ 9♣ 7♣=1  PLAYER(W)  | +2,000원 → 365,400원  [end_win]
H4073 | bet   1,000원 BANKER | P:9♥ J♠=9  B:8♣ A♦=9  TIE(T)  |     0원 → 365,400원
H4074 | bet   1,000원 BANKER | P:8♣ 6♦ K♦=4  B:6♣ 7♦ K♦=3  PLAYER(L)  | -1,000원 → 364,400원  [start]
H4075 | bet   2,000원 PLAYER | P:A♠ A♥ 6♣=8  B:J♣ 2♠ 6♥=8  TIE(T)  |     0원 → 364,400원
H4076 | bet   2,000원 PLAYER | P:J♠ 6♠=6  B:8♥ A♣=9  BANKER(L)  | -2,000원 → 362,400원
H4077 | bet   4,000원 PLAYER | P:K♠ 10♠ 6♦=6  B:4♠ J♣ 10♣=4  PLAYER(W)  | +4,000원 → 366,400원  [end_win]
H4078 | bet   1,000원 BANKER | P:J♠ 6♣=6  B:8♠ 6♦ 6♣=0  PLAYER(L)  | -1,000원 → 365,400원  [start]
H4079 | bet   2,000원 PLAYER | P:J♣ Q♠=0  B:J♥ 9♦=9  BANKER(L)  | -2,000원 → 363,400원
H4080 | bet   4,000원 PLAYER | P:9♠ 8♣=7  B:8♥ 10♥=8  BANKER(L)  | -4,000원 → 359,400원
H4081 | bet   8,000원 PLAYER | P:8♠ 5♣ 10♥=3  B:10♥ 10♦ J♥=0  PLAYER(W)  | +8,000원 → 367,400원  [end_win]
H4082 | bet   1,000원 BANKER | P:K♥ Q♦ Q♦=0  B:5♣ 8♣ A♠=4  BANKER(W)  | +950원 → 368,350원
H4083 | bet   1,000원 BANKER | P:K♠ A♣ Q♦=1  B:4♥ 10♦=4  BANKER(W)  | +950원 → 369,300원
H4084 | bet   1,000원 BANKER | P:K♥ Q♣ Q♠=0  B:A♥ Q♣ 8♠=9  BANKER(W)  | +950원 → 370,250원
H4085 | bet   1,000원 BANKER | P:4♠ 7♠=1  B:8♦ K♥=8  BANKER(W)  | +950원 → 371,200원
H4086 | bet   1,000원 BANKER | P:3♣ 6♦=9  B:7♥ 3♠=0  PLAYER(L)  | -1,000원 → 370,200원  [start]
H4087 | bet   2,000원 PLAYER | P:10♣ 3♥=3  B:A♥ 7♦=8  BANKER(L)  | -2,000원 → 368,200원
H4088 | bet   4,000원 PLAYER | P:2♥ 10♣ J♦=2  B:10♠ 6♥=6  BANKER(L)  | -4,000원 → 364,200원
H4089 | bet   8,000원 PLAYER | P:K♠ 10♦ 4♥=4  B:K♥ 5♥ J♦=5  BANKER(L)  | -8,000원 → 356,200원
H4090 | bet  16,000원 PLAYER | P:7♣ J♦=7  B:4♣ 9♣ 7♦=0  PLAYER(W)  | +16,000원 → 372,200원  [end_win]
H4091 | bet   1,000원 BANKER | P:6♦ 3♥=9  B:Q♥ 9♣=9  TIE(T)  |     0원 → 372,200원
H4092 | bet   1,000원 BANKER | P:2♦ 9♦ 6♥=7  B:4♣ 8♥ 2♦=4  PLAYER(L)  | -1,000원 → 371,200원  [start]
H4093 | bet   2,000원 PLAYER | P:9♣ 8♥=7  B:J♦ A♦ 8♠=9  BANKER(L)  | -2,000원 → 369,200원
H4094 | bet   4,000원 PLAYER | P:K♦ 5♠ J♣=5  B:10♦ 2♠ A♣=3  PLAYER(W)  | +4,000원 → 373,200원  [end_win]
H4095 | bet   1,000원 BANKER | P:A♥ 8♥=9  B:A♠ 5♦=6  PLAYER(L)  | -1,000원 → 372,200원  [start]
H4096 | bet   2,000원 PLAYER | P:A♦ Q♦ K♥=1  B:7♠ Q♠=7  BANKER(L)  | -2,000원 → 370,200원
H4097 | bet   4,000원 PLAYER | P:Q♠ 10♠=0  B:6♣ 3♣=9  BANKER(L)  | -4,000원 → 366,200원
H4098 | bet   8,000원 PLAYER | P:J♣ A♦ 5♦=6  B:K♦ K♣ 5♠=5  PLAYER(W)  | +8,000원 → 374,200원  [end_win]
H4099 | bet   1,000원 BANKER | P:2♦ 6♣=8  B:K♦ 8♣=8  TIE(T)  |     0원 → 374,200원
H4100 | bet   1,000원 BANKER | P:Q♣ 5♥ 2♠=7  B:5♠ K♦=5  PLAYER(L)  | -1,000원 → 373,200원  [start]
H4101 | bet   2,000원 PLAYER | P:3♥ 10♦ 4♠=7  B:4♥ 2♠=6  PLAYER(W)  | +2,000원 → 375,200원  [end_win]
H4102 | bet   1,000원 BANKER | P:10♣ 3♠ 3♦=6  B:10♥ 6♦=6  TIE(T)  |     0원 → 375,200원
H4103 | bet   1,000원 BANKER | P:Q♠ Q♦=0  B:7♣ A♣=8  BANKER(W)  | +950원 → 376,150원
H4104 | bet   1,000원 BANKER | P:4♥ J♦ 4♣=8  B:8♦ 4♣ 7♠=9  BANKER(W)  | +950원 → 377,100원
H4105 | bet   1,000원 BANKER | P:K♦ 7♠=7  B:A♥ 5♣=6  PLAYER(L)  | -1,000원 → 376,100원  [start]
H4106 | bet   2,000원 PLAYER | P:7♣ 9♦=6  B:3♠ 9♣ 5♦=7  BANKER(L)  | -2,000원 → 374,100원
H4107 | bet   4,000원 PLAYER | P:9♠ 2♥ J♦=1  B:K♣ 3♦ 9♥=2  BANKER(L)  | -4,000원 → 370,100원
H4108 | bet   8,000원 PLAYER | P:6♦ J♦=6  B:5♥ 4♠=9  BANKER(L)  | -8,000원 → 362,100원
H4109 | bet  16,000원 PLAYER | P:5♠ 3♣=8  B:10♠ A♥=1  PLAYER(W)  | +16,000원 → 378,100원  [end_win]
H4110 | bet   1,000원 BANKER | P:K♣ Q♣ K♥=0  B:K♣ A♣ 3♦=4  BANKER(W)  | +950원 → 379,050원
H4111 | bet   1,000원 BANKER | P:6♠ J♥=6  B:3♣ J♥ Q♣=3  PLAYER(L)  | -1,000원 → 378,050원  [start]
H4112 | bet   2,000원 PLAYER | P:4♠ 4♣=8  B:4♣ 2♥=6  PLAYER(W)  | +2,000원 → 380,050원  [end_win]
H4113 | bet   1,000원 BANKER | P:Q♠ 7♣=7  B:9♥ 9♥=8  BANKER(W)  | +950원 → 381,000원
H4114 | bet   1,000원 BANKER | P:2♣ 8♠ 4♣=4  B:7♦ 8♦ A♠=6  BANKER(W)  | +950원 → 381,950원
H4115 | bet   1,000원 BANKER | P:4♦ 10♥ 7♥=1  B:10♦ 10♦ 9♦=9  BANKER(W)  | +950원 → 382,900원
H4116 | bet   1,000원 BANKER | P:6♥ A♦=7  B:5♦ 9♠ 10♥=4  PLAYER(L)  | -1,000원 → 381,900원  [start]
H4117 | bet   2,000원 PLAYER | P:6♦ 8♦=4  B:9♥ K♥=9  BANKER(L)  | -2,000원 → 379,900원
H4118 | bet   4,000원 PLAYER | P:3♠ 8♣ A♦=2  B:7♥ 9♦=6  BANKER(L)  | -4,000원 → 375,900원
H4119 | bet   8,000원 PLAYER | P:9♣ 4♦ K♣=3  B:6♦ 5♥ J♠=1  PLAYER(W)  | +8,000원 → 383,900원  [end_win]
H4120 | bet   1,000원 BANKER | P:3♠ 2♣ 9♦=4  B:7♦ Q♣=7  BANKER(W)  | +950원 → 384,850원
H4121 | bet   1,000원 BANKER | P:4♥ 4♠=8  B:4♦ J♦=4  PLAYER(L)  | -1,000원 → 383,850원  [start]
H4122 | bet   2,000원 PLAYER | P:5♣ A♠=6  B:7♠ 9♠=6  TIE(T)  |     0원 → 383,850원
H4123 | bet   2,000원 PLAYER | P:J♥ 8♣=8  B:9♥ J♠=9  BANKER(L)  | -2,000원 → 381,850원
H4124 | bet   4,000원 PLAYER | P:9♥ 10♣=9  B:7♥ 5♠=2  PLAYER(W)  | +4,000원 → 385,850원  [end_win]
H4125 | bet   1,000원 BANKER | P:5♦ 8♦=3  B:K♠ 9♠=9  BANKER(W)  | +950원 → 386,800원
H4126 | bet   1,000원 BANKER | P:3♥ 3♥=6  B:K♠ 7♥=7  BANKER(W)  | +950원 → 387,750원
H4127 | bet   1,000원 BANKER | P:3♠ 5♥=8  B:9♣ 7♣=6  PLAYER(L)  | -1,000원 → 386,750원  [start]
H4128 | bet   2,000원 PLAYER | P:8♠ 2♣ 7♦=7  B:3♣ 2♠ 7♣=2  PLAYER(W)  | +2,000원 → 388,750원  [end_win]
H4129 | bet   1,000원 BANKER | P:4♠ 2♥=6  B:7♣ 3♥ 9♠=9  BANKER(W)  | +950원 → 389,700원
H4130 | bet   1,000원 BANKER | P:2♠ Q♥ 6♠=8  B:6♠ 4♦ 5♥=5  PLAYER(L)  | -1,000원 → 388,700원  [start]
H4131 | bet   2,000원 PLAYER | P:3♦ 5♦=8  B:4♥ 9♦=3  PLAYER(W)  | +2,000원 → 390,700원  [end_win]
H4132 | bet   1,000원 BANKER | P:K♥ J♣ J♥=0  B:3♦ Q♥ 7♥=0  TIE(T)  |     0원 → 390,700원
H4133 | bet   1,000원 BANKER | P:9♠ Q♥=9  B:4♣ K♣=4  PLAYER(L)  | -1,000원 → 389,700원  [start]
H4134 | bet   2,000원 PLAYER | P:5♠ Q♣=5  B:J♠ 9♦=9  BANKER(L)  | -2,000원 → 387,700원
H4135 | bet   4,000원 PLAYER | P:3♣ Q♥=3  B:8♣ K♣=8  BANKER(L)  | -4,000원 → 383,700원
H4136 | bet   8,000원 PLAYER | P:4♠ J♥ 2♦=6  B:J♠ 2♠ 8♦=0  PLAYER(W)  | +8,000원 → 391,700원  [end_win]
H4137 | bet   1,000원 BANKER | P:J♠ 6♠=6  B:A♦ 3♠ 7♠=1  PLAYER(L)  | -1,000원 → 390,700원  [start]
H4138 | bet   2,000원 PLAYER | P:6♥ 5♦=1  B:7♦ A♥=8  BANKER(L)  | -2,000원 → 388,700원
H4139 | bet   4,000원 PLAYER | P:A♠ Q♦ 3♦=4  B:10♠ Q♦ 6♥=6  BANKER(L)  | -4,000원 → 384,700원
H4140 | bet   8,000원 PLAYER | P:6♣ 2♣=8  B:Q♦ 9♥=9  BANKER(L)  | -8,000원 → 376,700원
H4141 | bet  16,000원 PLAYER | P:2♣ 10♥ A♦=3  B:10♣ 2♥ 9♠=1  PLAYER(W)  | +16,000원 → 392,700원  [end_win]
H4142 | bet   1,000원 BANKER | P:4♥ 6♠=0  B:10♣ 8♠=8  BANKER(W)  | +950원 → 393,650원
H4143 | bet   1,000원 BANKER | P:K♠ K♣ 5♠=5  B:8♥ 8♦=6  BANKER(W)  | +950원 → 394,600원
H4144 | bet   1,000원 BANKER | P:4♦ 2♣=6  B:3♦ J♣ 5♥=8  BANKER(W)  | +950원 → 395,550원
H4145 | bet   1,000원 BANKER | P:K♠ Q♠ 6♣=6  B:A♣ Q♥ 8♦=9  BANKER(W)  | +950원 → 396,500원
H4146 | bet   1,000원 BANKER | P:2♠ 7♣=9  B:Q♥ Q♥=0  PLAYER(L)  | -1,000원 → 395,500원  [start]
H4147 | bet   2,000원 PLAYER | P:9♥ 5♦=4  B:6♥ 2♣=8  BANKER(L)  | -2,000원 → 393,500원
H4148 | bet   4,000원 PLAYER | P:10♠ 9♣=9  B:9♣ 2♦=1  PLAYER(W)  | +4,000원 → 397,500원  [end_win]
H4149 | bet   1,000원 BANKER | P:2♦ 2♦ A♠=5  B:A♣ 6♣=7  BANKER(W)  | +950원 → 398,450원
H4150 | bet   1,000원 BANKER | P:7♠ 10♠=7  B:5♠ 10♠ 8♣=3  PLAYER(L)  | -1,000원 → 397,450원  [start]
H4151 | bet   2,000원 PLAYER | P:7♠ 4♥ 3♠=4  B:A♠ 10♦ 7♥=8  BANKER(L)  | -2,000원 → 395,450원
H4152 | bet   4,000원 PLAYER | P:3♣ 6♠=9  B:7♥ Q♠=7  PLAYER(W)  | +4,000원 → 399,450원  [end_win]
H4153 | bet   1,000원 BANKER | P:2♥ 4♦=6  B:10♣ 2♦ A♥=3  PLAYER(L)  | -1,000원 → 398,450원  [start]
H4154 | bet   2,000원 PLAYER | P:6♥ 3♦=9  B:J♠ 2♣=2  PLAYER(W)  | +2,000원 → 400,450원  [end_win]
H4155 | bet   1,000원 BANKER | P:4♦ 5♣=9  B:7♦ 8♣=5  PLAYER(L)  | -1,000원 → 399,450원  [start]
H4156 | bet   2,000원 PLAYER | P:3♥ K♦=3  B:K♠ 8♠=8  BANKER(L)  | -2,000원 → 397,450원
H4157 | bet   4,000원 PLAYER | P:5♥ 5♣=0  B:8♥ J♣=8  BANKER(L)  | -4,000원 → 393,450원
H4158 | bet   8,000원 PLAYER | P:A♣ A♦ 5♣=7  B:5♣ K♦ 2♥=7  TIE(T)  |     0원 → 393,450원
H4159 | bet   8,000원 PLAYER | P:8♣ Q♦=8  B:K♠ 5♥=5  PLAYER(W)  | +8,000원 → 401,450원  [end_win]
H4160 | bet   1,000원 BANKER | P:7♣ J♣=7  B:5♣ 2♠=7  TIE(T)  |     0원 → 401,450원
H4161 | bet   1,000원 BANKER | P:K♠ Q♥ 6♣=6  B:A♣ 5♣ 4♥=0  PLAYER(L)  | -1,000원 → 400,450원  [start]
H4162 | bet   2,000원 PLAYER | P:8♥ 10♠=8  B:5♠ 8♣=3  PLAYER(W)  | +2,000원 → 402,450원  [end_win]
H4163 | bet   1,000원 BANKER | P:J♦ 7♠=7  B:5♦ 6♠ 7♠=8  BANKER(W)  | +950원 → 403,400원
H4164 | bet   1,000원 BANKER | P:Q♣ Q♥ 7♦=7  B:Q♣ Q♦ 2♣=2  PLAYER(L)  | -1,000원 → 402,400원  [start]
H4165 | bet   2,000원 PLAYER | P:6♦ 7♦=3  B:A♥ 7♥=8  BANKER(L)  | -2,000원 → 400,400원
H4166 | bet   4,000원 PLAYER | P:5♠ 4♦=9  B:Q♠ 7♣=7  PLAYER(W)  | +4,000원 → 404,400원  [end_win]
H4167 | bet   1,000원 BANKER | P:9♦ 6♥ J♦=5  B:5♠ 9♦=4  PLAYER(L)  | -1,000원 → 403,400원  [start]
H4168 | bet   2,000원 PLAYER | P:K♦ 8♥=8  B:A♥ 3♥=4  PLAYER(W)  | +2,000원 → 405,400원  [end_win]
H4169 | bet   1,000원 BANKER | P:K♦ K♣=0  B:A♠ 7♥=8  BANKER(W)  | +950원 → 406,350원
H4170 | bet   1,000원 BANKER | P:9♦ 10♠=9  B:8♦ K♥=8  PLAYER(L)  | -1,000원 → 405,350원  [start]
H4171 | bet   2,000원 PLAYER | P:Q♥ 9♦=9  B:8♥ 2♦=0  PLAYER(W)  | +2,000원 → 407,350원  [end_win]
H4172 | bet   1,000원 BANKER | P:K♣ J♥ 9♠=9  B:3♠ Q♠ 3♠=6  PLAYER(L)  | -1,000원 → 406,350원  [start]
H4173 | bet   2,000원 PLAYER | P:2♦ K♦ 3♣=5  B:J♦ 3♣ 4♥=7  BANKER(L)  | -2,000원 → 404,350원
H4174 | bet   4,000원 PLAYER | P:8♣ A♥=9  B:10♥ K♣=0  PLAYER(W)  | +4,000원 → 408,350원  [end_win]
H4175 | bet   1,000원 BANKER | P:J♥ 5♦ 2♦=7  B:10♥ 7♥=7  TIE(T)  |     0원 → 408,350원
H4176 | bet   1,000원 BANKER | P:K♥ J♣=0  B:10♣ 9♦=9  BANKER(W)  | +950원 → 409,300원
H4177 | bet   1,000원 BANKER | P:7♠ A♠=8  B:J♣ 8♦=8  TIE(T)  |     0원 → 409,300원
H4178 | bet   1,000원 BANKER | P:8♥ A♠=9  B:7♣ 3♥=0  PLAYER(L)  | -1,000원 → 408,300원  [start]
H4179 | bet   2,000원 PLAYER | P:K♦ 3♥ 2♦=5  B:6♥ 5♣ Q♣=1  PLAYER(W)  | +2,000원 → 410,300원  [end_win]
H4180 | bet   1,000원 BANKER | P:A♠ 8♠=9  B:2♠ 8♦=0  PLAYER(L)  | -1,000원 → 409,300원  [start]
H4181 | bet   2,000원 PLAYER | P:6♥ 5♥ 3♥=4  B:7♦ Q♦=7  BANKER(L)  | -2,000원 → 407,300원
H4182 | bet   4,000원 PLAYER | P:K♣ A♥=1  B:2♣ 6♠=8  BANKER(L)  | -4,000원 → 403,300원
H4183 | bet   8,000원 PLAYER | P:A♦ A♦ 6♣=8  B:J♥ 4♦ 7♣=1  PLAYER(W)  | +8,000원 → 411,300원  [end_win]
H4184 | bet   1,000원 BANKER | P:5♠ A♠=6  B:5♦ K♠ K♦=5  PLAYER(L)  | -1,000원 → 410,300원  [start]
H4185 | bet   2,000원 PLAYER | P:6♣ 2♣=8  B:10♠ 5♥=5  PLAYER(W)  | +2,000원 → 412,300원  [end_win]
H4186 | bet   1,000원 BANKER | P:8♠ 3♥ 6♥=7  B:A♣ A♦ 7♣=9  BANKER(W)  | +950원 → 413,250원
H4187 | bet   1,000원 BANKER | P:7♠ 7♥ 9♣=3  B:6♣ J♠=6  BANKER(W)  | +950원 → 414,200원
H4188 | bet   1,000원 BANKER | P:A♣ J♠ J♠=1  B:8♠ 8♣=6  BANKER(W)  | +950원 → 415,150원
H4189 | bet   1,000원 BANKER | P:7♦ 10♣=7  B:10♠ 7♥=7  TIE(T)  |     0원 → 415,150원
H4190 | bet   1,000원 BANKER | P:Q♦ 5♦ 8♥=3  B:10♥ Q♦ A♦=1  PLAYER(L)  | -1,000원 → 414,150원  [start]
H4191 | bet   2,000원 PLAYER | P:6♣ 4♥ J♥=0  B:Q♣ 2♣ 10♦=2  BANKER(L)  | -2,000원 → 412,150원
H4192 | bet   4,000원 PLAYER | P:6♠ 7♥=3  B:J♣ 8♦=8  BANKER(L)  | -4,000원 → 408,150원
H4193 | bet   8,000원 PLAYER | P:3♥ 7♦ A♠=1  B:K♠ 2♣ 4♦=6  BANKER(L)  | -8,000원 → 400,150원
H4194 | bet  16,000원 PLAYER | P:4♠ 4♥=8  B:2♥ 10♣=2  PLAYER(W)  | +16,000원 → 416,150원  [end_win]
H4195 | bet   1,000원 BANKER | P:5♠ K♥ 6♦=1  B:A♣ 5♣ Q♠=6  BANKER(W)  | +950원 → 417,100원
H4196 | bet   1,000원 BANKER | P:2♣ 8♦ A♠=1  B:9♣ 3♣ 4♦=6  BANKER(W)  | +950원 → 418,050원
H4197 | bet   1,000원 BANKER | P:5♥ J♠ 2♠=7  B:9♦ A♦ 4♠=4  PLAYER(L)  | -1,000원 → 417,050원  [start]
H4198 | bet   2,000원 PLAYER | P:8♥ A♦=9  B:4♣ 2♥=6  PLAYER(W)  | +2,000원 → 419,050원  [end_win]
H4199 | bet   1,000원 BANKER | P:3♦ 3♣=6  B:10♣ K♣ J♣=0  PLAYER(L)  | -1,000원 → 418,050원  [start]
H4200 | bet   2,000원 PLAYER | P:Q♣ 10♥ J♠=0  B:Q♥ J♦ 7♠=7  BANKER(L)  | -2,000원 → 416,050원
H4201 | bet   4,000원 PLAYER | P:4♣ Q♠ A♠=5  B:K♥ 2♦ K♥=2  PLAYER(W)  | +4,000원 → 420,050원  [end_win]
H4202 | bet   1,000원 BANKER | P:6♣ 5♥ J♣=1  B:3♣ 9♣ Q♣=2  BANKER(W)  | +950원 → 421,000원
H4203 | bet   1,000원 BANKER | P:7♠ 6♥=3  B:J♠ 9♠=9  BANKER(W)  | +950원 → 421,950원
H4204 | bet   1,000원 BANKER | P:2♠ 7♣=9  B:10♥ 3♦=3  PLAYER(L)  | -1,000원 → 420,950원  [start]
H4205 | bet   2,000원 PLAYER | P:6♠ A♦=7  B:9♠ A♥ 10♠=0  PLAYER(W)  | +2,000원 → 422,950원  [end_win]
H4206 | bet   1,000원 BANKER | P:8♦ 8♦=6  B:8♠ 2♥ K♥=0  PLAYER(L)  | -1,000원 → 421,950원  [start]
H4207 | bet   2,000원 PLAYER | P:10♦ 6♦=6  B:8♣ 10♥=8  BANKER(L)  | -2,000원 → 419,950원
H4208 | bet   4,000원 PLAYER | P:A♣ Q♣ 5♣=6  B:2♥ 3♥ 10♦=5  PLAYER(W)  | +4,000원 → 423,950원  [end_win]
H4209 | bet   1,000원 BANKER | P:6♦ K♠=6  B:Q♦ K♠ K♣=0  PLAYER(L)  | -1,000원 → 422,950원  [start]
H4210 | bet   2,000원 PLAYER | P:4♣ 4♠=8  B:2♦ 3♦=5  PLAYER(W)  | +2,000원 → 424,950원  [end_win]
H4211 | bet   1,000원 BANKER | P:3♦ 7♣ A♣=1  B:4♥ Q♥=4  BANKER(W)  | +950원 → 425,900원
H4212 | bet   1,000원 BANKER | P:9♠ 6♦ A♦=6  B:9♣ 8♥=7  BANKER(W)  | +950원 → 426,850원
H4213 | bet   1,000원 BANKER | P:3♠ 9♠ 2♣=4  B:8♦ 2♥ 9♥=9  BANKER(W)  | +950원 → 427,800원
H4214 | bet   1,000원 BANKER | P:7♠ 4♠ 9♥=0  B:3♦ J♦ A♥=4  BANKER(W)  | +950원 → 428,750원
H4215 | bet   1,000원 BANKER | P:10♦ J♣=0  B:9♥ 10♦=9  BANKER(W)  | +950원 → 429,700원
H4216 | bet   1,000원 BANKER | P:9♣ Q♠=9  B:J♣ 8♣=8  PLAYER(L)  | -1,000원 → 428,700원  [start]
H4217 | bet   2,000원 PLAYER | P:K♦ J♦ 9♦=9  B:3♦ 9♣ 3♦=5  PLAYER(W)  | +2,000원 → 430,700원  [end_win]
H4218 | bet   1,000원 BANKER | P:2♦ 7♦=9  B:6♥ 8♥=4  PLAYER(L)  | -1,000원 → 429,700원  [start]
H4219 | bet   2,000원 PLAYER | P:10♣ 4♥ Q♣=4  B:A♥ 3♠=4  TIE(T)  |     0원 → 429,700원
H4220 | bet   2,000원 PLAYER | P:6♠ 5♦ J♠=1  B:10♥ 5♠=5  BANKER(L)  | -2,000원 → 427,700원
H4221 | bet   4,000원 PLAYER | P:2♠ 9♥ 5♦=6  B:2♠ 2♣ 5♠=9  BANKER(L)  | -4,000원 → 423,700원
H4222 | bet   8,000원 PLAYER | P:4♦ 3♣=7  B:6♦ 8♠ 3♣=7  TIE(T)  |     0원 → 423,700원
H4223 | bet   8,000원 PLAYER | P:8♠ 6♦ 2♥=6  B:6♣ 8♠ 9♠=3  PLAYER(W)  | +8,000원 → 431,700원  [end_win]
H4224 | bet   1,000원 BANKER | P:2♠ Q♥ 8♣=0  B:4♣ 6♥ 4♦=4  BANKER(W)  | +950원 → 432,650원
H4225 | bet   1,000원 BANKER | P:10♣ 4♣=4  B:4♣ 4♥=8  BANKER(W)  | +950원 → 433,600원
H4226 | bet   1,000원 BANKER | P:5♥ K♦ J♦=5  B:J♥ J♥ 10♣=0  PLAYER(L)  | -1,000원 → 432,600원  [start]
H4227 | bet   2,000원 PLAYER | P:4♦ 9♦ Q♦=3  B:3♥ Q♠ J♥=3  TIE(T)  |     0원 → 432,600원
H4228 | bet   2,000원 PLAYER | P:2♥ K♣=2  B:5♦ 4♣=9  BANKER(L)  | -2,000원 → 430,600원
H4229 | bet   4,000원 PLAYER | P:4♠ 6♣ 5♣=5  B:6♠ 5♣ 4♦=5  TIE(T)  |     0원 → 430,600원
H4230 | bet   4,000원 PLAYER | P:6♠ 7♥=3  B:3♠ 5♦=8  BANKER(L)  | -4,000원 → 426,600원
H4231 | bet   8,000원 PLAYER | P:9♣ K♣=9  B:K♥ 4♣=4  PLAYER(W)  | +8,000원 → 434,600원  [end_win]
H4232 | bet   1,000원 BANKER | P:10♣ K♠=0  B:4♠ 5♥=9  BANKER(W)  | +950원 → 435,550원
H4233 | bet   1,000원 BANKER | P:6♥ J♥=6  B:Q♦ 4♠ K♠=4  PLAYER(L)  | -1,000원 → 434,550원  [start]
H4234 | bet   2,000원 PLAYER | P:6♦ 3♠=9  B:7♠ K♦=7  PLAYER(W)  | +2,000원 → 436,550원  [end_win]
H4235 | bet   1,000원 BANKER | P:A♥ J♠ 7♥=8  B:K♥ 10♦ 3♣=3  PLAYER(L)  | -1,000원 → 435,550원  [start]
H4236 | bet   2,000원 PLAYER | P:4♥ A♣ J♦=5  B:8♣ 3♦ 7♦=8  BANKER(L)  | -2,000원 → 433,550원
H4237 | bet   4,000원 PLAYER | P:2♥ 4♠=6  B:2♦ 10♦ 8♠=0  PLAYER(W)  | +4,000원 → 437,550원  [end_win]
H4238 | bet   1,000원 BANKER | P:3♠ 9♣=2  B:9♥ 9♥=8  BANKER(W)  | +950원 → 438,500원
H4239 | bet   1,000원 BANKER | P:9♠ 5♥=4  B:9♥ Q♠=9  BANKER(W)  | +950원 → 439,450원
H4240 | bet   1,000원 BANKER | P:6♠ 5♠ 7♣=8  B:Q♠ Q♥ 2♠=2  PLAYER(L)  | -1,000원 → 438,450원  [start]
H4241 | bet   2,000원 PLAYER | P:5♣ 2♥=7  B:A♠ K♥ A♥=2  PLAYER(W)  | +2,000원 → 440,450원  [end_win]
H4242 | bet   1,000원 BANKER | P:K♠ 9♥=9  B:10♦ A♥=1  PLAYER(L)  | -1,000원 → 439,450원  [start]
H4243 | bet   2,000원 PLAYER | P:4♣ A♣ J♣=5  B:Q♣ 3♠ 2♠=5  TIE(T)  |     0원 → 439,450원
H4244 | bet   2,000원 PLAYER | P:4♦ Q♠ 2♥=6  B:2♦ Q♣ 5♥=7  BANKER(L)  | -2,000원 → 437,450원
H4245 | bet   4,000원 PLAYER | P:5♣ 10♦ K♠=5  B:7♥ 3♦ J♦=0  PLAYER(W)  | +4,000원 → 441,450원  [end_win]
H4246 | bet   1,000원 BANKER | P:9♠ 2♠=1  B:9♥ 10♥=9  BANKER(W)  | +950원 → 442,400원
H4247 | bet   1,000원 BANKER | P:7♥ 7♣ 9♣=3  B:K♥ 4♥=4  BANKER(W)  | +950원 → 443,350원
H4248 | bet   1,000원 BANKER | P:8♠ 6♣ 3♦=7  B:J♠ 4♣ 8♦=2  PLAYER(L)  | -1,000원 → 442,350원  [start]
H4249 | bet   2,000원 PLAYER | P:2♣ 5♠=7  B:6♣ 2♣=8  BANKER(L)  | -2,000원 → 440,350원
H4250 | bet   4,000원 PLAYER | P:7♣ 6♥ J♣=3  B:J♦ K♣ 10♣=0  PLAYER(W)  | +4,000원 → 444,350원  [end_win]
H4251 | bet   1,000원 BANKER | P:4♦ 3♦=7  B:8♣ 10♦=8  BANKER(W)  | +950원 → 445,300원
H4252 | bet   1,000원 BANKER | P:8♣ 3♠ 5♥=6  B:7♠ 9♦=6  TIE(T)  |     0원 → 445,300원
H4253 | bet   1,000원 BANKER | P:A♦ 3♠=4  B:6♠ 2♣=8  BANKER(W)  | +950원 → 446,250원
H4254 | bet   1,000원 BANKER | P:K♦ 5♦ K♥=5  B:K♠ 6♥=6  BANKER(W)  | +950원 → 447,200원
H4255 | bet   1,000원 BANKER | P:10♣ 7♠=7  B:8♠ 2♦ 4♣=4  PLAYER(L)  | -1,000원 → 446,200원  [start]
H4256 | bet   2,000원 PLAYER | P:K♦ J♥=0  B:4♥ 5♦=9  BANKER(L)  | -2,000원 → 444,200원
H4257 | bet   4,000원 PLAYER | P:7♦ J♣=7  B:J♦ 4♠ 3♦=7  TIE(T)  |     0원 → 444,200원
H4258 | bet   4,000원 PLAYER | P:Q♠ K♣ 5♠=5  B:2♠ 4♦=6  BANKER(L)  | -4,000원 → 440,200원
H4259 | bet   8,000원 PLAYER | P:10♣ 6♣=6  B:Q♠ 9♠=9  BANKER(L)  | -8,000원 → 432,200원
H4260 | bet  16,000원 PLAYER | P:A♦ 4♦ 10♦=5  B:J♥ 3♥ 2♥=5  TIE(T)  |     0원 → 432,200원
H4261 | bet  16,000원 PLAYER | P:2♣ 5♠=7  B:9♣ 8♥=7  TIE(T)  |     0원 → 432,200원
H4262 | bet  16,000원 PLAYER | P:K♦ 2♣ 3♣=5  B:Q♠ A♥ A♣=2  PLAYER(W)  | +16,000원 → 448,200원  [end_win]
H4263 | bet   1,000원 BANKER | P:5♦ J♠ A♥=6  B:7♣ 6♠ Q♥=3  PLAYER(L)  | -1,000원 → 447,200원  [start]
H4264 | bet   2,000원 PLAYER | P:K♣ 6♦=6  B:Q♥ 5♠ Q♦=5  PLAYER(W)  | +2,000원 → 449,200원  [end_win]
H4265 | bet   1,000원 BANKER | P:7♥ K♣=7  B:A♥ 9♠ Q♠=0  PLAYER(L)  | -1,000원 → 448,200원  [start]
H4266 | bet   2,000원 PLAYER | P:7♥ 3♠ 6♣=6  B:8♦ 8♣ J♣=6  TIE(T)  |     0원 → 448,200원
H4267 | bet   2,000원 PLAYER | P:3♣ 4♥=7  B:J♦ 5♣ 5♠=0  PLAYER(W)  | +2,000원 → 450,200원  [end_win]
H4268 | bet   1,000원 BANKER | P:A♣ 4♦=5  B:2♦ 6♦=8  BANKER(W)  | +950원 → 451,150원
H4269 | bet   1,000원 BANKER | P:2♣ 6♠=8  B:K♠ 8♦=8  TIE(T)  |     0원 → 451,150원
H4270 | bet   1,000원 BANKER | P:3♥ 2♦ 8♥=3  B:6♣ 9♠=5  BANKER(W)  | +950원 → 452,100원
H4271 | bet   1,000원 BANKER | P:6♦ 8♠ 9♥=3  B:K♦ 5♣=5  BANKER(W)  | +950원 → 453,050원
H4272 | bet   1,000원 BANKER | P:5♦ 3♣=8  B:2♦ K♣=2  PLAYER(L)  | -1,000원 → 452,050원  [start]
H4273 | bet   2,000원 PLAYER | P:6♠ 10♥=6  B:5♦ 10♠ 10♠=5  PLAYER(W)  | +2,000원 → 454,050원  [end_win]
H4274 | bet   1,000원 BANKER | P:K♥ J♥ 7♠=7  B:4♦ 8♦ 8♥=0  PLAYER(L)  | -1,000원 → 453,050원  [start]
H4275 | bet   2,000원 PLAYER | P:2♦ Q♦ A♠=3  B:4♣ 9♣ 3♣=6  BANKER(L)  | -2,000원 → 451,050원
H4276 | bet   4,000원 PLAYER | P:Q♥ 2♠=2  B:Q♦ 8♥=8  BANKER(L)  | -4,000원 → 447,050원
H4277 | bet   8,000원 PLAYER | P:K♥ A♥=1  B:6♠ 3♥=9  BANKER(L)  | -8,000원 → 439,050원
H4278 | bet  16,000원 PLAYER | P:3♥ 5♣=8  B:2♥ 6♦=8  TIE(T)  |     0원 → 439,050원
H4279 | bet  16,000원 PLAYER | P:J♦ 9♠=9  B:Q♣ 2♥=2  PLAYER(W)  | +16,000원 → 455,050원  [end_win]
H4280 | bet   1,000원 BANKER | P:8♥ 5♥ 5♠=8  B:J♣ 10♠ 7♦=7  PLAYER(L)  | -1,000원 → 454,050원  [start]
H4281 | bet   2,000원 PLAYER | P:Q♣ 6♣=6  B:7♦ 7♣ J♠=4  PLAYER(W)  | +2,000원 → 456,050원  [end_win]
H4282 | bet   1,000원 BANKER | P:J♥ J♠ 3♠=3  B:7♠ 3♦ A♠=1  PLAYER(L)  | -1,000원 → 455,050원  [start]
H4283 | bet   2,000원 PLAYER | P:9♦ K♠=9  B:9♦ 2♣=1  PLAYER(W)  | +2,000원 → 457,050원  [end_win]
H4284 | bet   1,000원 BANKER | P:J♣ A♠=1  B:9♥ 10♥=9  BANKER(W)  | +950원 → 458,000원
H4285 | bet   1,000원 BANKER | P:7♦ 6♥=3  B:10♥ 8♣=8  BANKER(W)  | +950원 → 458,950원
H4286 | bet   1,000원 BANKER | P:4♠ 5♦=9  B:7♣ A♣=8  PLAYER(L)  | -1,000원 → 457,950원  [start]
H4287 | bet   2,000원 PLAYER | P:6♦ 10♣=6  B:7♠ 10♥=7  BANKER(L)  | -2,000원 → 455,950원
H4288 | bet   4,000원 PLAYER | P:5♦ Q♣ 10♥=5  B:Q♦ J♣ 4♣=4  PLAYER(W)  | +4,000원 → 459,950원  [end_win]
H4289 | bet   1,000원 BANKER | P:8♠ J♦=8  B:2♥ 6♥=8  TIE(T)  |     0원 → 459,950원
H4290 | bet   1,000원 BANKER | P:10♠ 2♠ A♦=3  B:K♣ 4♦=4  BANKER(W)  | +950원 → 460,900원
H4291 | bet   1,000원 BANKER | P:3♦ A♣ A♣=5  B:3♦ 10♦ K♠=3  PLAYER(L)  | -1,000원 → 459,900원  [start]
H4292 | bet   2,000원 PLAYER | P:9♠ 7♥=6  B:K♥ A♣ K♦=1  PLAYER(W)  | +2,000원 → 461,900원  [end_win]
H4293 | bet   1,000원 BANKER | P:6♥ 10♣=6  B:9♠ 3♠ 10♠=2  PLAYER(L)  | -1,000원 → 460,900원  [start]
H4294 | bet   2,000원 PLAYER | P:10♥ K♥ 6♥=6  B:9♥ 2♠ A♦=2  PLAYER(W)  | +2,000원 → 462,900원  [end_win]
H4295 | bet   1,000원 BANKER | P:8♥ 3♣=1  B:8♣ K♠=8  BANKER(W)  | +950원 → 463,850원
H4296 | bet   1,000원 BANKER | P:6♥ 8♠=4  B:8♥ A♦=9  BANKER(W)  | +950원 → 464,800원
H4297 | bet   1,000원 BANKER | P:10♣ 5♥ 4♥=9  B:5♣ A♦=6  PLAYER(L)  | -1,000원 → 463,800원  [start]
H4298 | bet   2,000원 PLAYER | P:J♦ 7♦=7  B:4♠ 10♠ K♣=4  PLAYER(W)  | +2,000원 → 465,800원  [end_win]
H4299 | bet   1,000원 BANKER | P:J♣ 4♥ 8♣=2  B:6♥ J♥=6  BANKER(W)  | +950원 → 466,750원
H4300 | bet   1,000원 BANKER | P:8♦ 6♠ 9♣=3  B:Q♥ J♥ Q♥=0  PLAYER(L)  | -1,000원 → 465,750원  [start]
H4301 | bet   2,000원 PLAYER | P:2♥ 2♠=4  B:5♣ 3♦=8  BANKER(L)  | -2,000원 → 463,750원
H4302 | bet   4,000원 PLAYER | P:A♦ J♠ K♠=1  B:7♠ 10♦=7  BANKER(L)  | -4,000원 → 459,750원
H4303 | bet   8,000원 PLAYER | P:A♠ 6♦=7  B:J♥ 3♥ 3♠=6  PLAYER(W)  | +8,000원 → 467,750원  [end_win]
H4304 | bet   1,000원 BANKER | P:10♠ 5♣ A♠=6  B:A♠ 10♠ Q♥=1  PLAYER(L)  | -1,000원 → 466,750원  [start]
H4305 | bet   2,000원 PLAYER | P:10♥ J♥ 2♦=2  B:7♥ 3♥ Q♦=0  PLAYER(W)  | +2,000원 → 468,750원  [end_win]
H4306 | bet   1,000원 BANKER | P:10♦ 7♦=7  B:A♦ 8♣=9  BANKER(W)  | +950원 → 469,700원
H4307 | bet   1,000원 BANKER | P:3♥ Q♥ 9♦=2  B:9♥ 4♣ 6♣=9  BANKER(W)  | +950원 → 470,650원
H4308 | bet   1,000원 BANKER | P:4♦ 7♣=1  B:K♦ 9♦=9  BANKER(W)  | +950원 → 471,600원
H4309 | bet   1,000원 BANKER | P:4♠ 5♠=9  B:2♦ 6♠=8  PLAYER(L)  | -1,000원 → 470,600원  [start]
H4310 | bet   2,000원 PLAYER | P:Q♦ 6♠=6  B:4♥ 3♠=7  BANKER(L)  | -2,000원 → 468,600원
H4311 | bet   4,000원 PLAYER | P:A♣ 7♥=8  B:7♦ 8♦=5  PLAYER(W)  | +4,000원 → 472,600원  [end_win]
H4312 | bet   1,000원 BANKER | P:5♥ K♥ 6♦=1  B:Q♠ 7♥=7  BANKER(W)  | +950원 → 473,550원
H4313 | bet   1,000원 BANKER | P:3♣ 3♣=6  B:9♣ 10♣=9  BANKER(W)  | +950원 → 474,500원
H4314 | bet   1,000원 BANKER | P:4♣ 5♥=9  B:9♥ 5♦=4  PLAYER(L)  | -1,000원 → 473,500원  [start]
H4315 | bet   2,000원 PLAYER | P:6♦ 7♣ Q♦=3  B:Q♣ Q♥ J♠=0  PLAYER(W)  | +2,000원 → 475,500원  [end_win]
H4316 | bet   1,000원 BANKER | P:9♦ 3♣=2  B:9♥ 9♦=8  BANKER(W)  | +950원 → 476,450원
H4317 | bet   1,000원 BANKER | P:Q♣ 4♠ 7♦=1  B:4♠ J♠ 4♥=8  BANKER(W)  | +950원 → 477,400원
H4318 | bet   1,000원 BANKER | P:Q♠ 4♠ 10♣=4  B:4♥ K♣=4  TIE(T)  |     0원 → 477,400원
H4319 | bet   1,000원 BANKER | P:2♠ 8♠ 8♦=8  B:Q♣ 4♣=4  PLAYER(L)  | -1,000원 → 476,400원  [start]
H4320 | bet   2,000원 PLAYER | P:Q♠ 3♥=3  B:K♦ 8♣=8  BANKER(L)  | -2,000원 → 474,400원
H4321 | bet   4,000원 PLAYER | P:2♥ 2♣ Q♦=4  B:7♠ 9♣=6  BANKER(L)  | -4,000원 → 470,400원
H4322 | bet   8,000원 PLAYER | P:8♠ 10♦=8  B:A♥ 7♠=8  TIE(T)  |     0원 → 470,400원
H4323 | bet   8,000원 PLAYER | P:9♣ 5♥=4  B:8♦ J♦=8  BANKER(L)  | -8,000원 → 462,400원
H4324 | bet  16,000원 PLAYER | P:Q♠ 3♣ 9♠=2  B:A♦ 6♠=7  BANKER(L)  | -16,000원 → 446,400원
H4325 | bet  32,000원 PLAYER | P:3♥ A♠ 9♦=3  B:9♠ A♣ 8♠=8  BANKER(L)  | -32,000원 → 414,400원  [end_giveup]
H4326 | bet   1,000원 BANKER | P:Q♦ 10♥ K♦=0  B:5♦ 8♥ 9♣=2  BANKER(W)  | +950원 → 415,350원
H4327 | bet   1,000원 BANKER | P:J♥ K♠ 4♣=4  B:3♣ 10♥ 8♥=1  PLAYER(L)  | -1,000원 → 414,350원  [start]
H4328 | bet   2,000원 PLAYER | P:Q♦ 2♣=2  B:4♥ 5♦=9  BANKER(L)  | -2,000원 → 412,350원
H4329 | bet   4,000원 PLAYER | P:K♠ K♥=0  B:5♣ 3♦=8  BANKER(L)  | -4,000원 → 408,350원
H4330 | bet   8,000원 PLAYER | P:9♣ 6♠ J♦=5  B:Q♥ K♦ 6♠=6  BANKER(L)  | -8,000원 → 400,350원
H4331 | bet  16,000원 PLAYER | P:5♦ 2♥=7  B:4♣ 4♠=8  BANKER(L)  | -16,000원 → 384,350원
H4332 | bet  32,000원 PLAYER | P:7♠ A♣=8  B:Q♥ Q♣=0  PLAYER(W)  | +32,000원 → 416,350원  [end_win]
H4333 | bet   1,000원 BANKER | P:J♥ J♠ 10♥=0  B:3♠ 9♥ 4♦=6  BANKER(W)  | +950원 → 417,300원
H4334 | bet   1,000원 BANKER | P:J♣ 2♦ 6♦=8  B:6♠ Q♦ Q♥=6  PLAYER(L)  | -1,000원 → 416,300원  [start]
H4335 | bet   2,000원 PLAYER | P:7♠ K♣=7  B:4♦ 9♥ J♦=3  PLAYER(W)  | +2,000원 → 418,300원  [end_win]
H4336 | bet   1,000원 BANKER | P:8♣ 5♠ 7♦=0  B:5♣ 2♣=7  BANKER(W)  | +950원 → 419,250원
H4337 | bet   1,000원 BANKER | P:J♣ 4♥ J♦=4  B:7♥ 6♣ J♥=3  PLAYER(L)  | -1,000원 → 418,250원  [start]
H4338 | bet   2,000원 PLAYER | P:5♠ 4♣=9  B:4♥ 2♦=6  PLAYER(W)  | +2,000원 → 420,250원  [end_win]
H4339 | bet   1,000원 BANKER | P:8♥ 8♥=6  B:8♠ 2♦ A♦=1  PLAYER(L)  | -1,000원 → 419,250원  [start]
H4340 | bet   2,000원 PLAYER | P:4♥ 8♠=2  B:5♥ 4♣=9  BANKER(L)  | -2,000원 → 417,250원
H4341 | bet   4,000원 PLAYER | P:7♥ 9♦=6  B:10♥ 9♦=9  BANKER(L)  | -4,000원 → 413,250원
H4342 | bet   8,000원 PLAYER | P:Q♣ 3♣ 3♥=6  B:4♠ 8♠ 5♦=7  BANKER(L)  | -8,000원 → 405,250원
H4343 | bet  16,000원 PLAYER | P:Q♥ Q♣ 4♠=4  B:A♥ 9♣ K♦=0  PLAYER(W)  | +16,000원 → 421,250원  [end_win]
H4344 | bet   1,000원 BANKER | P:10♠ 2♣ K♣=2  B:9♠ 5♥=4  BANKER(W)  | +950원 → 422,200원
H4345 | bet   1,000원 BANKER | P:Q♦ 3♠ K♠=3  B:4♠ 8♣ 3♠=5  BANKER(W)  | +950원 → 423,150원
H4346 | bet   1,000원 BANKER | P:6♠ 2♠=8  B:Q♥ 2♣=2  PLAYER(L)  | -1,000원 → 422,150원  [start]
H4347 | bet   2,000원 PLAYER | P:7♥ 3♥ 8♠=8  B:9♥ 6♥=5  PLAYER(W)  | +2,000원 → 424,150원  [end_win]
H4348 | bet   1,000원 BANKER | P:A♣ 6♠=7  B:8♠ 10♣=8  BANKER(W)  | +950원 → 425,100원
H4349 | bet   1,000원 BANKER | P:7♠ K♠=7  B:5♦ 4♦=9  BANKER(W)  | +950원 → 426,050원
H4350 | bet   1,000원 BANKER | P:8♦ 4♣ J♠=2  B:5♣ J♥=5  BANKER(W)  | +950원 → 427,000원
H4351 | bet   1,000원 BANKER | P:2♥ 9♠ 8♦=9  B:K♥ 3♠=3  PLAYER(L)  | -1,000원 → 426,000원  [start]
H4352 | bet   2,000원 PLAYER | P:9♥ Q♣=9  B:9♦ 2♠=1  PLAYER(W)  | +2,000원 → 428,000원  [end_win]
H4353 | bet   1,000원 BANKER | P:5♠ K♣=5  B:2♣ 7♦=9  BANKER(W)  | +950원 → 428,950원
H4354 | bet   1,000원 BANKER | P:2♦ K♥ 10♣=2  B:A♠ 4♥=5  BANKER(W)  | +950원 → 429,900원
H4355 | bet   1,000원 BANKER | P:5♥ 7♦ 6♦=8  B:10♦ Q♣ 6♣=6  PLAYER(L)  | -1,000원 → 428,900원  [start]
H4356 | bet   2,000원 PLAYER | P:A♦ 9♥ K♠=0  B:J♣ K♦ 4♣=4  BANKER(L)  | -2,000원 → 426,900원
H4357 | bet   4,000원 PLAYER | P:5♠ J♠ 9♦=4  B:A♣ A♣ 2♠=4  TIE(T)  |     0원 → 426,900원
H4358 | bet   4,000원 PLAYER | P:7♠ 9♠=6  B:Q♥ 6♣=6  TIE(T)  |     0원 → 426,900원
H4359 | bet   4,000원 PLAYER | P:3♣ 7♥ 6♦=6  B:10♠ A♦ 9♣=0  PLAYER(W)  | +4,000원 → 430,900원  [end_win]
H4360 | bet   1,000원 BANKER | P:4♥ 5♦=9  B:3♦ 7♦=0  PLAYER(L)  | -1,000원 → 429,900원  [start]
H4361 | bet   2,000원 PLAYER | P:J♠ 2♦ A♥=3  B:A♠ 4♣=5  BANKER(L)  | -2,000원 → 427,900원
H4362 | bet   4,000원 PLAYER | P:3♣ 9♣ J♦=2  B:A♣ K♦ 2♠=3  BANKER(L)  | -4,000원 → 423,900원
H4363 | bet   8,000원 PLAYER | P:J♠ A♥=1  B:8♣ A♠=9  BANKER(L)  | -8,000원 → 415,900원
H4364 | bet  16,000원 PLAYER | P:Q♦ A♣ Q♠=1  B:9♠ 4♠ 7♦=0  PLAYER(W)  | +16,000원 → 431,900원  [end_win]
H4365 | bet   1,000원 BANKER | P:3♦ 2♠ K♥=5  B:J♥ 3♦ J♥=3  PLAYER(L)  | -1,000원 → 430,900원  [start]
H4366 | bet   2,000원 PLAYER | P:10♠ A♥ 2♣=3  B:Q♥ 5♥=5  BANKER(L)  | -2,000원 → 428,900원
H4367 | bet   4,000원 PLAYER | P:7♥ 8♣ A♠=6  B:9♣ 2♠ 2♥=3  PLAYER(W)  | +4,000원 → 432,900원  [end_win]
H4368 | bet   1,000원 BANKER | P:7♥ 2♦=9  B:A♦ 7♣=8  PLAYER(L)  | -1,000원 → 431,900원  [start]
H4369 | bet   2,000원 PLAYER | P:A♦ 3♠ Q♣=4  B:J♣ A♦ 3♥=4  TIE(T)  |     0원 → 431,900원
H4370 | bet   2,000원 PLAYER | P:5♥ K♦ 8♦=3  B:5♥ Q♣=5  BANKER(L)  | -2,000원 → 429,900원
H4371 | bet   4,000원 PLAYER | P:4♦ 3♥=7  B:8♣ 6♥ 4♠=8  BANKER(L)  | -4,000원 → 425,900원
H4372 | bet   8,000원 PLAYER | P:10♦ 7♣=7  B:4♥ 9♣ 6♣=9  BANKER(L)  | -8,000원 → 417,900원
H4373 | bet  16,000원 PLAYER | P:5♠ 2♥=7  B:9♥ Q♠=9  BANKER(L)  | -16,000원 → 401,900원
H4374 | bet  32,000원 PLAYER | P:Q♠ 7♣=7  B:2♥ K♣ K♥=2  PLAYER(W)  | +32,000원 → 433,900원  [end_win]
H4375 | bet   1,000원 BANKER | P:A♣ 6♥=7  B:7♦ K♥=7  TIE(T)  |     0원 → 433,900원
H4376 | bet   1,000원 BANKER | P:5♣ 5♥ 2♥=2  B:6♦ J♥=6  BANKER(W)  | +950원 → 434,850원
H4377 | bet   1,000원 BANKER | P:J♣ 6♥=6  B:K♥ 3♣ 3♥=6  TIE(T)  |     0원 → 434,850원
H4378 | bet   1,000원 BANKER | P:10♠ 7♣=7  B:Q♠ 3♥ 2♣=5  PLAYER(L)  | -1,000원 → 433,850원  [start]
H4379 | bet   2,000원 PLAYER | P:7♦ 5♥ 5♠=7  B:Q♠ 5♣ J♦=5  PLAYER(W)  | +2,000원 → 435,850원  [end_win]
H4380 | bet   1,000원 BANKER | P:9♥ 9♥=8  B:9♠ 6♥=5  PLAYER(L)  | -1,000원 → 434,850원  [start]
H4381 | bet   2,000원 PLAYER | P:10♣ J♣ 9♦=9  B:6♠ 5♣ 3♥=4  PLAYER(W)  | +2,000원 → 436,850원  [end_win]
H4382 | bet   1,000원 BANKER | P:8♠ J♣=8  B:A♠ 6♣=7  PLAYER(L)  | -1,000원 → 435,850원  [start]
H4383 | bet   2,000원 PLAYER | P:5♠ 10♥ A♠=6  B:9♣ 7♠=6  TIE(T)  |     0원 → 435,850원
H4384 | bet   2,000원 PLAYER | P:9♠ 6♣ K♣=5  B:K♦ 5♣=5  TIE(T)  |     0원 → 435,850원
H4385 | bet   2,000원 PLAYER | P:4♣ 7♦ K♠=1  B:3♣ J♦ 3♠=6  BANKER(L)  | -2,000원 → 433,850원
H4386 | bet   4,000원 PLAYER | P:4♦ 7♣ 7♥=8  B:4♥ 2♦ 6♣=2  PLAYER(W)  | +4,000원 → 437,850원  [end_win]
H4387 | bet   1,000원 BANKER | P:Q♣ K♥ A♥=1  B:J♠ 2♠ Q♠=2  BANKER(W)  | +950원 → 438,800원
H4388 | bet   1,000원 BANKER | P:10♣ 7♠=7  B:K♣ J♦ 7♠=7  TIE(T)  |     0원 → 438,800원
H4389 | bet   1,000원 BANKER | P:J♠ 10♥ 6♥=6  B:Q♦ Q♥ 2♦=2  PLAYER(L)  | -1,000원 → 437,800원  [start]
H4390 | bet   2,000원 PLAYER | P:10♦ K♣=0  B:10♠ 8♣=8  BANKER(L)  | -2,000원 → 435,800원
H4391 | bet   4,000원 PLAYER | P:2♥ K♠ 6♣=8  B:K♠ 10♠ 5♦=5  PLAYER(W)  | +4,000원 → 439,800원  [end_win]
H4392 | bet   1,000원 BANKER | P:A♠ 3♠ 10♣=4  B:3♦ 9♦ 4♠=6  BANKER(W)  | +950원 → 440,750원
H4393 | bet   1,000원 BANKER | P:10♣ 7♣=7  B:10♦ 10♦ A♥=1  PLAYER(L)  | -1,000원 → 439,750원  [start]
H4394 | bet   2,000원 PLAYER | P:2♠ 8♣=0  B:6♥ 2♥=8  BANKER(L)  | -2,000원 → 437,750원
H4395 | bet   4,000원 PLAYER | P:4♦ Q♦ 10♠=4  B:A♦ 10♠ 10♥=1  PLAYER(W)  | +4,000원 → 441,750원  [end_win]
H4396 | bet   1,000원 BANKER | P:J♦ K♦ 8♥=8  B:8♠ 5♠=3  PLAYER(L)  | -1,000원 → 440,750원  [start]
H4397 | bet   2,000원 PLAYER | P:8♦ 3♦ 10♦=1  B:7♣ 7♥=4  BANKER(L)  | -2,000원 → 438,750원
H4398 | bet   4,000원 PLAYER | P:6♦ 4♦ 9♦=9  B:8♦ 7♣=5  PLAYER(W)  | +4,000원 → 442,750원  [end_win]
H4399 | bet   1,000원 BANKER | P:6♠ J♥=6  B:10♥ 8♥=8  BANKER(W)  | +950원 → 443,700원
H4400 | bet   1,000원 BANKER | P:Q♠ 6♦=6  B:5♦ 4♦=9  BANKER(W)  | +950원 → 444,650원
H4401 | bet   1,000원 BANKER | P:3♦ 6♦=9  B:10♦ 6♦=6  PLAYER(L)  | -1,000원 → 443,650원  [start]
H4402 | bet   2,000원 PLAYER | P:K♣ 3♣ 3♠=6  B:4♠ A♥=5  PLAYER(W)  | +2,000원 → 445,650원  [end_win]
H4403 | bet   1,000원 BANKER | P:6♥ 8♦ 8♣=2  B:2♣ 8♦ Q♦=0  PLAYER(L)  | -1,000원 → 444,650원  [start]
H4404 | bet   2,000원 PLAYER | P:J♠ 3♦ 6♣=9  B:2♥ A♦ 10♠=3  PLAYER(W)  | +2,000원 → 446,650원  [end_win]
H4405 | bet   1,000원 BANKER | P:8♥ 8♦=6  B:4♠ Q♠ A♥=5  PLAYER(L)  | -1,000원 → 445,650원  [start]
H4406 | bet   2,000원 PLAYER | P:7♠ 5♥=2  B:8♣ A♠=9  BANKER(L)  | -2,000원 → 443,650원
H4407 | bet   4,000원 PLAYER | P:9♥ K♠=9  B:K♦ 10♠=0  PLAYER(W)  | +4,000원 → 447,650원  [end_win]
H4408 | bet   1,000원 BANKER | P:10♥ 3♥ J♠=3  B:3♠ J♠ 4♣=7  BANKER(W)  | +950원 → 448,600원
H4409 | bet   1,000원 BANKER | P:7♣ 8♥ 6♥=1  B:7♥ J♥=7  BANKER(W)  | +950원 → 449,550원
H4410 | bet   1,000원 BANKER | P:3♥ 3♣=6  B:4♣ 9♣ 4♦=7  BANKER(W)  | +950원 → 450,500원
H4411 | bet   1,000원 BANKER | P:2♥ 5♥=7  B:5♦ Q♥ 6♦=1  PLAYER(L)  | -1,000원 → 449,500원  [start]
H4412 | bet   2,000원 PLAYER | P:9♣ A♠ 2♠=2  B:5♥ 8♥ 10♦=3  BANKER(L)  | -2,000원 → 447,500원
H4413 | bet   4,000원 PLAYER | P:6♥ 5♣=1  B:9♠ J♠=9  BANKER(L)  | -4,000원 → 443,500원
H4414 | bet   8,000원 PLAYER | P:6♥ 8♣ K♠=4  B:10♣ 6♦=6  BANKER(L)  | -8,000원 → 435,500원
H4415 | bet  16,000원 PLAYER | P:8♠ 6♥=4  B:K♣ 9♥=9  BANKER(L)  | -16,000원 → 419,500원
H4416 | bet  32,000원 PLAYER | P:J♥ K♦ 4♦=4  B:3♥ 10♣ 10♦=3  PLAYER(W)  | +32,000원 → 451,500원  [end_win]
H4417 | bet   1,000원 BANKER | P:K♦ 5♦=5  B:8♣ A♣=9  BANKER(W)  | +950원 → 452,450원
H4418 | bet   1,000원 BANKER | P:7♥ 10♥=7  B:2♣ 4♥=6  PLAYER(L)  | -1,000원 → 451,450원  [start]
H4419 | bet   2,000원 PLAYER | P:J♦ 5♣ 4♥=9  B:10♠ A♥ 7♥=8  PLAYER(W)  | +2,000원 → 453,450원  [end_win]
H4420 | bet   1,000원 BANKER | P:7♦ 10♥=7  B:J♣ 2♠ 9♥=1  PLAYER(L)  | -1,000원 → 452,450원  [start]
H4421 | bet   2,000원 PLAYER | P:3♣ K♥ 9♠=2  B:J♠ 4♣=4  BANKER(L)  | -2,000원 → 450,450원
H4422 | bet   4,000원 PLAYER | P:K♣ Q♣ 7♥=7  B:2♠ 8♦ Q♣=0  PLAYER(W)  | +4,000원 → 454,450원  [end_win]
H4423 | bet   1,000원 BANKER | P:9♦ A♦ 2♥=2  B:Q♠ 5♠=5  BANKER(W)  | +950원 → 455,400원
H4424 | bet   1,000원 BANKER | P:3♥ K♥ J♣=3  B:K♥ 10♥ 2♠=2  PLAYER(L)  | -1,000원 → 454,400원  [start]
H4425 | bet   2,000원 PLAYER | P:8♠ 5♣ A♦=4  B:K♣ 7♦=7  BANKER(L)  | -2,000원 → 452,400원
H4426 | bet   4,000원 PLAYER | P:7♠ 4♦ 2♠=3  B:6♦ J♥=6  BANKER(L)  | -4,000원 → 448,400원
H4427 | bet   8,000원 PLAYER | P:7♣ 10♦=7  B:8♠ 4♦ 2♦=4  PLAYER(W)  | +8,000원 → 456,400원  [end_win]
H4428 | bet   1,000원 BANKER | P:Q♣ K♣=0  B:J♣ 9♦=9  BANKER(W)  | +950원 → 457,350원
H4429 | bet   1,000원 BANKER | P:A♠ 8♣=9  B:8♣ 8♦=6  PLAYER(L)  | -1,000원 → 456,350원  [start]
H4430 | bet   2,000원 PLAYER | P:3♦ J♥ Q♣=3  B:K♣ Q♠ K♦=0  PLAYER(W)  | +2,000원 → 458,350원  [end_win]
H4431 | bet   1,000원 BANKER | P:8♠ 7♥ 10♠=5  B:4♠ Q♣=4  PLAYER(L)  | -1,000원 → 457,350원  [start]
H4432 | bet   2,000원 PLAYER | P:5♦ Q♥ 5♣=0  B:K♥ 6♦=6  BANKER(L)  | -2,000원 → 455,350원
H4433 | bet   4,000원 PLAYER | P:8♥ K♠=8  B:8♥ Q♦=8  TIE(T)  |     0원 → 455,350원
H4434 | bet   4,000원 PLAYER | P:6♠ 7♦ 4♠=7  B:7♣ 6♠ 9♠=2  PLAYER(W)  | +4,000원 → 459,350원  [end_win]
H4435 | bet   1,000원 BANKER | P:6♣ A♠=7  B:4♦ 6♠ J♦=0  PLAYER(L)  | -1,000원 → 458,350원  [start]
H4436 | bet   2,000원 PLAYER | P:10♦ 3♠ 7♥=0  B:7♦ 3♣ 4♣=4  BANKER(L)  | -2,000원 → 456,350원
H4437 | bet   4,000원 PLAYER | P:8♥ K♦=8  B:A♣ 9♠=0  PLAYER(W)  | +4,000원 → 460,350원  [end_win]
H4438 | bet   1,000원 BANKER | P:2♣ 3♦ 7♣=2  B:10♠ 6♣ A♣=7  BANKER(W)  | +950원 → 461,300원
H4439 | bet   1,000원 BANKER | P:4♠ J♣ 10♣=4  B:A♦ J♣ 9♥=0  PLAYER(L)  | -1,000원 → 460,300원  [start]
H4440 | bet   2,000원 PLAYER | P:2♦ Q♦=2  B:Q♣ 9♥=9  BANKER(L)  | -2,000원 → 458,300원
H4441 | bet   4,000원 PLAYER | P:A♥ 8♦=9  B:A♠ A♥=2  PLAYER(W)  | +4,000원 → 462,300원  [end_win]
H4442 | bet   1,000원 BANKER | P:Q♠ 8♦=8  B:K♠ 3♦=3  PLAYER(L)  | -1,000원 → 461,300원  [start]
H4443 | bet   2,000원 PLAYER | P:8♦ 8♦=6  B:2♣ A♥ J♣=3  PLAYER(W)  | +2,000원 → 463,300원  [end_win]
H4444 | bet   1,000원 BANKER | P:6♥ 7♠ 3♦=6  B:2♦ Q♥ 7♦=9  BANKER(W)  | +950원 → 464,250원
H4445 | bet   1,000원 BANKER | P:3♦ 6♣=9  B:4♠ 2♥=6  PLAYER(L)  | -1,000원 → 463,250원  [start]
H4446 | bet   2,000원 PLAYER | P:8♥ 6♦ 5♦=9  B:3♠ 2♦ 3♦=8  PLAYER(W)  | +2,000원 → 465,250원  [end_win]
H4447 | bet   1,000원 BANKER | P:5♣ K♠ 4♣=9  B:J♦ 2♥ 2♦=4  PLAYER(L)  | -1,000원 → 464,250원  [start]
H4448 | bet   2,000원 PLAYER | P:10♦ Q♥=0  B:4♥ 5♦=9  BANKER(L)  | -2,000원 → 462,250원
H4449 | bet   4,000원 PLAYER | P:9♦ 8♠=7  B:J♦ 3♠ 9♣=2  PLAYER(W)  | +4,000원 → 466,250원  [end_win]
H4450 | bet   1,000원 BANKER | P:A♦ 10♣ 6♠=7  B:3♥ 3♦ 3♥=9  BANKER(W)  | +950원 → 467,200원
H4451 | bet   1,000원 BANKER | P:Q♥ Q♦ Q♠=0  B:5♠ Q♠=5  BANKER(W)  | +950원 → 468,150원
H4452 | bet   1,000원 BANKER | P:2♣ 10♥ 6♥=8  B:3♠ 10♥ J♣=3  PLAYER(L)  | -1,000원 → 467,150원  [start]
H4453 | bet   2,000원 PLAYER | P:Q♠ 4♠=4  B:A♣ 7♣=8  BANKER(L)  | -2,000원 → 465,150원
H4454 | bet   4,000원 PLAYER | P:8♣ J♥=8  B:3♣ 5♠=8  TIE(T)  |     0원 → 465,150원
H4455 | bet   4,000원 PLAYER | P:5♣ 5♦ 4♦=4  B:Q♦ 3♣ 6♦=9  BANKER(L)  | -4,000원 → 461,150원
H4456 | bet   8,000원 PLAYER | P:J♦ 9♣=9  B:8♦ Q♦=8  PLAYER(W)  | +8,000원 → 469,150원  [end_win]
H4457 | bet   1,000원 BANKER | P:2♥ 5♠=7  B:A♥ K♥ 6♠=7  TIE(T)  |     0원 → 469,150원
H4458 | bet   1,000원 BANKER | P:10♦ K♦ 6♣=6  B:6♦ Q♠ Q♣=6  TIE(T)  |     0원 → 469,150원
H4459 | bet   1,000원 BANKER | P:A♠ Q♦ 7♦=8  B:9♠ 5♠ Q♥=4  PLAYER(L)  | -1,000원 → 468,150원  [start]
H4460 | bet   2,000원 PLAYER | P:K♥ 10♣ 4♥=4  B:2♦ 3♥ 10♥=5  BANKER(L)  | -2,000원 → 466,150원
H4461 | bet   4,000원 PLAYER | P:3♥ J♥=3  B:9♠ J♠=9  BANKER(L)  | -4,000원 → 462,150원
H4462 | bet   8,000원 PLAYER | P:9♥ 6♣ 6♥=1  B:4♣ 9♥ 2♥=5  BANKER(L)  | -8,000원 → 454,150원
H4463 | bet  16,000원 PLAYER | P:9♣ 4♥ 6♠=9  B:8♣ 9♥=7  PLAYER(W)  | +16,000원 → 470,150원  [end_win]
H4464 | bet   1,000원 BANKER | P:4♠ K♣ 7♣=1  B:J♥ 4♥ 9♣=3  BANKER(W)  | +950원 → 471,100원
H4465 | bet   1,000원 BANKER | P:J♠ 6♣=6  B:Q♦ 2♣ J♦=2  PLAYER(L)  | -1,000원 → 470,100원  [start]
H4466 | bet   2,000원 PLAYER | P:4♣ 4♥=8  B:5♥ 2♠=7  PLAYER(W)  | +2,000원 → 472,100원  [end_win]
H4467 | bet   1,000원 BANKER | P:5♠ 9♦ 8♠=2  B:5♦ 6♠ K♦=1  PLAYER(L)  | -1,000원 → 471,100원  [start]
H4468 | bet   2,000원 PLAYER | P:7♣ 2♦=9  B:K♠ K♠=0  PLAYER(W)  | +2,000원 → 473,100원  [end_win]
H4469 | bet   1,000원 BANKER | P:A♥ 6♣=7  B:A♣ 5♥=6  PLAYER(L)  | -1,000원 → 472,100원  [start]
H4470 | bet   2,000원 PLAYER | P:5♥ 5♣=0  B:6♦ 3♠=9  BANKER(L)  | -2,000원 → 470,100원
H4471 | bet   4,000원 PLAYER | P:J♣ K♦ 7♠=7  B:8♥ 5♥ 10♦=3  PLAYER(W)  | +4,000원 → 474,100원  [end_win]
H4472 | bet   1,000원 BANKER | P:5♦ 9♦ 4♥=8  B:J♦ Q♦ A♠=1  PLAYER(L)  | -1,000원 → 473,100원  [start]
H4473 | bet   2,000원 PLAYER | P:K♠ A♦ A♣=2  B:2♠ A♣ 9♦=2  TIE(T)  |     0원 → 473,100원
H4474 | bet   2,000원 PLAYER | P:7♣ 3♠ 2♦=2  B:4♠ A♦=5  BANKER(L)  | -2,000원 → 471,100원
H4475 | bet   4,000원 PLAYER | P:K♥ 9♦=9  B:A♦ 10♥=1  PLAYER(W)  | +4,000원 → 475,100원  [end_win]
H4476 | bet   1,000원 BANKER | P:A♠ 4♦ 10♠=5  B:2♣ 5♥=7  BANKER(W)  | +950원 → 476,050원
H4477 | bet   1,000원 BANKER | P:2♥ 10♠ 5♣=7  B:2♠ 9♦ 10♣=1  PLAYER(L)  | -1,000원 → 475,050원  [start]
H4478 | bet   2,000원 PLAYER | P:J♠ 10♣ 9♣=9  B:9♠ 3♣ 8♣=0  PLAYER(W)  | +2,000원 → 477,050원  [end_win]
H4479 | bet   1,000원 BANKER | P:7♥ A♣=8  B:10♦ 7♠=7  PLAYER(L)  | -1,000원 → 476,050원  [start]
H4480 | bet   2,000원 PLAYER | P:8♠ 7♦ 7♦=2  B:5♠ 10♣ 6♠=1  PLAYER(W)  | +2,000원 → 478,050원  [end_win]
H4481 | bet   1,000원 BANKER | P:4♣ 3♠=7  B:7♠ 8♠ K♥=5  PLAYER(L)  | -1,000원 → 477,050원  [start]
H4482 | bet   2,000원 PLAYER | P:J♦ 3♣ 9♠=2  B:7♠ 5♠ Q♥=2  TIE(T)  |     0원 → 477,050원
H4483 | bet   2,000원 PLAYER | P:Q♣ 7♥=7  B:4♦ K♣ Q♥=4  PLAYER(W)  | +2,000원 → 479,050원  [end_win]
H4484 | bet   1,000원 BANKER | P:K♦ 9♦=9  B:7♠ J♠=7  PLAYER(L)  | -1,000원 → 478,050원  [start]
H4485 | bet   2,000원 PLAYER | P:8♣ Q♣=8  B:2♣ J♦=2  PLAYER(W)  | +2,000원 → 480,050원  [end_win]
H4486 | bet   1,000원 BANKER | P:K♦ 6♣=6  B:Q♠ 6♦=6  TIE(T)  |     0원 → 480,050원
H4487 | bet   1,000원 BANKER | P:J♦ 3♠ Q♥=3  B:2♦ 8♠ A♥=1  PLAYER(L)  | -1,000원 → 479,050원  [start]
H4488 | bet   2,000원 PLAYER | P:7♠ 8♠ 7♣=2  B:10♥ 7♥=7  BANKER(L)  | -2,000원 → 477,050원
H4489 | bet   4,000원 PLAYER | P:Q♠ 7♣=7  B:9♥ K♣=9  BANKER(L)  | -4,000원 → 473,050원
H4490 | bet   8,000원 PLAYER | P:9♥ A♥ 3♦=3  B:Q♦ 10♠ 3♦=3  TIE(T)  |     0원 → 473,050원
H4491 | bet   8,000원 PLAYER | P:8♠ Q♣=8  B:Q♠ 7♣=7  PLAYER(W)  | +8,000원 → 481,050원  [end_win]
H4492 | bet   1,000원 BANKER | P:4♥ 5♥=9  B:4♠ 6♠=0  PLAYER(L)  | -1,000원 → 480,050원  [start]
H4493 | bet   2,000원 PLAYER | P:5♠ 7♥ 4♠=6  B:J♠ 7♦=7  BANKER(L)  | -2,000원 → 478,050원
H4494 | bet   4,000원 PLAYER | P:2♠ 5♠=7  B:3♣ J♠ 6♣=9  BANKER(L)  | -4,000원 → 474,050원
H4495 | bet   8,000원 PLAYER | P:8♥ 4♦ 5♥=7  B:8♦ 5♣ 10♦=3  PLAYER(W)  | +8,000원 → 482,050원  [end_win]
H4496 | bet   1,000원 BANKER | P:Q♣ 8♥=8  B:4♦ 2♦=6  PLAYER(L)  | -1,000원 → 481,050원  [start]
H4497 | bet   2,000원 PLAYER | P:6♦ K♥=6  B:K♦ 9♦=9  BANKER(L)  | -2,000원 → 479,050원
H4498 | bet   4,000원 PLAYER | P:8♣ 2♣ J♣=0  B:9♣ 3♣ 6♣=8  BANKER(L)  | -4,000원 → 475,050원
H4499 | bet   8,000원 PLAYER | P:10♥ 3♠ 5♥=8  B:2♥ J♠ 3♥=5  PLAYER(W)  | +8,000원 → 483,050원  [end_win]
H4500 | bet   1,000원 BANKER | P:10♥ A♦ Q♦=1  B:3♦ Q♦ 4♦=7  BANKER(W)  | +950원 → 484,000원
H4501 | bet   1,000원 BANKER | P:3♦ A♥=4  B:J♦ 9♠=9  BANKER(W)  | +950원 → 484,950원
H4502 | bet   1,000원 BANKER | P:4♠ 4♣=8  B:6♠ 2♥=8  TIE(T)  |     0원 → 484,950원
H4503 | bet   1,000원 BANKER | P:3♠ 9♠ 4♣=6  B:4♥ 6♦ 2♦=2  PLAYER(L)  | -1,000원 → 483,950원  [start]
H4504 | bet   2,000원 PLAYER | P:Q♥ 6♠=6  B:8♦ 5♠ 7♦=0  PLAYER(W)  | +2,000원 → 485,950원  [end_win]
H4505 | bet   1,000원 BANKER | P:J♣ J♣ 2♥=2  B:J♥ 7♦=7  BANKER(W)  | +950원 → 486,900원
H4506 | bet   1,000원 BANKER | P:9♣ 5♣ 2♠=6  B:Q♥ 5♥=5  PLAYER(L)  | -1,000원 → 485,900원  [start]
H4507 | bet   2,000원 PLAYER | P:Q♦ 3♥ 7♥=0  B:6♣ 6♦ 3♥=5  BANKER(L)  | -2,000원 → 483,900원
H4508 | bet   4,000원 PLAYER | P:K♥ 2♣=2  B:9♠ 10♦=9  BANKER(L)  | -4,000원 → 479,900원
H4509 | bet   8,000원 PLAYER | P:A♣ A♣ 4♣=6  B:5♦ 9♣ 3♣=7  BANKER(L)  | -8,000원 → 471,900원
H4510 | bet  16,000원 PLAYER | P:8♦ 9♣=7  B:3♥ Q♥ J♣=3  PLAYER(W)  | +16,000원 → 487,900원  [end_win]
H4511 | bet   1,000원 BANKER | P:9♣ 7♠=6  B:2♦ J♦ 2♣=4  PLAYER(L)  | -1,000원 → 486,900원  [start]
H4512 | bet   2,000원 PLAYER | P:2♣ 2♠ 2♠=6  B:Q♦ 5♠=5  PLAYER(W)  | +2,000원 → 488,900원  [end_win]
H4513 | bet   1,000원 BANKER | P:4♣ J♥ 4♣=8  B:10♠ 6♠=6  PLAYER(L)  | -1,000원 → 487,900원  [start]
H4514 | bet   2,000원 PLAYER | P:A♣ Q♣=1  B:A♣ 7♠=8  BANKER(L)  | -2,000원 → 485,900원
H4515 | bet   4,000원 PLAYER | P:3♥ J♥ 8♠=1  B:Q♦ J♦ 2♦=2  BANKER(L)  | -4,000원 → 481,900원
H4516 | bet   8,000원 PLAYER | P:3♠ 10♣ 5♣=8  B:10♥ K♣ 5♥=5  PLAYER(W)  | +8,000원 → 489,900원  [end_win]
H4517 | bet   1,000원 BANKER | P:6♥ 4♦ A♠=1  B:J♥ A♣ 8♣=9  BANKER(W)  | +950원 → 490,850원
H4518 | bet   1,000원 BANKER | P:5♦ 8♥=3  B:8♣ A♦=9  BANKER(W)  | +950원 → 491,800원
H4519 | bet   1,000원 BANKER | P:3♠ 10♣=3  B:A♥ 8♦=9  BANKER(W)  | +950원 → 492,750원
H4520 | bet   1,000원 BANKER | P:4♥ 6♠=0  B:8♥ Q♥=8  BANKER(W)  | +950원 → 493,700원
H4521 | bet   1,000원 BANKER | P:8♣ 6♥ 7♣=1  B:2♦ 10♣ 4♣=6  BANKER(W)  | +950원 → 494,650원
H4522 | bet   1,000원 BANKER | P:2♦ 10♦ 7♣=9  B:9♦ 6♣ 7♦=2  PLAYER(L)  | -1,000원 → 493,650원  [start]
H4523 | bet   2,000원 PLAYER | P:9♦ 9♦=8  B:3♠ A♣=4  PLAYER(W)  | +2,000원 → 495,650원  [end_win]
H4524 | bet   1,000원 BANKER | P:2♠ K♠ A♠=3  B:10♥ 2♠ 8♦=0  PLAYER(L)  | -1,000원 → 494,650원  [start]
H4525 | bet   2,000원 PLAYER | P:K♦ 2♥ A♠=3  B:7♥ K♥=7  BANKER(L)  | -2,000원 → 492,650원
H4526 | bet   4,000원 PLAYER | P:10♦ 3♦ 10♥=3  B:3♣ A♠=4  BANKER(L)  | -4,000원 → 488,650원
H4527 | bet   8,000원 PLAYER | P:10♣ A♠ K♦=1  B:5♣ Q♣=5  BANKER(L)  | -8,000원 → 480,650원
H4528 | bet  16,000원 PLAYER | P:3♠ 2♥ A♦=6  B:5♠ Q♠=5  PLAYER(W)  | +16,000원 → 496,650원  [end_win]
H4529 | bet   1,000원 BANKER | P:9♣ J♠=9  B:K♠ 4♣=4  PLAYER(L)  | -1,000원 → 495,650원  [start]
H4530 | bet   2,000원 PLAYER | P:7♦ 6♠ 9♥=2  B:9♥ 3♥ 8♥=0  PLAYER(W)  | +2,000원 → 497,650원  [end_win]
H4531 | bet   1,000원 BANKER | P:4♥ 7♠=1  B:9♠ 9♦=8  BANKER(W)  | +950원 → 498,600원
H4532 | bet   1,000원 BANKER | P:5♣ 3♠=8  B:3♥ 5♦=8  TIE(T)  |     0원 → 498,600원
H4533 | bet   1,000원 BANKER | P:A♠ 2♠ 7♣=0  B:6♥ K♠ K♦=6  BANKER(W)  | +950원 → 499,550원
H4534 | bet   1,000원 BANKER | P:6♥ A♣=7  B:J♣ 9♦=9  BANKER(W)  | +950원 → 500,500원

Result: WIN
Final: 500,500원  Hands: 4534  Bets: 4124  Wagered: 12,649,000원  Max losing streak: 11
