=== Session 45 ===
Seed: 7903209073802702201
Initial: 100,000원  Target: 500,000원  Ruin: 50,000원  Table-max: 100,000원
Strategy: martingale (pivot, steps=4)
Base bet: 1,000원  Primary side: BANKER

H001 | bet   1,000원 BANKER | P:8♠ 8♦=6  B:J♠ K♥ 3♠=3  PLAYER(L)  | -1,000원 → 99,000원  [start]
H002 | bet   2,000원 PLAYER | P:K♠ 8♦=8  B:7♥ 10♣=7  PLAYER(W)  | +2,000원 → 101,000원  [end_win]
H003 | bet   1,000원 BANKER | P:Q♣ A♥ 5♦=6  B:7♦ K♦=7  BANKER(W)  | +950원 → 101,950원
H004 | bet   1,000원 BANKER | P:8♠ Q♥=8  B:Q♦ 5♣=5  PLAYER(L)  | -1,000원 → 100,950원  [start]
H005 | bet   2,000원 PLAYER | P:5♦ 10♠ 8♥=3  B:7♦ 6♦=3  TIE(T)  |     0원 → 100,950원
H006 | bet   2,000원 PLAYER | P:4♥ J♦=4  B:9♣ 10♠=9  BANKER(L)  | -2,000원 → 98,950원
H007 | bet   4,000원 PLAYER | P:K♣ Q♥=0  B:2♠ 6♣=8  BANKER(L)  | -4,000원 → 94,950원
H008 | bet   8,000원 PLAYER | P:10♣ 7♠=7  B:8♠ 7♥ 8♠=3  PLAYER(W)  | +8,000원 → 102,950원  [end_win]
H009 | bet   1,000원 BANKER | P:J♠ K♠ 9♠=9  B:10♠ 2♥ A♠=3  PLAYER(L)  | -1,000원 → 101,950원  [start]
H010 | bet   2,000원 PLAYER | P:5♣ 3♦=8  B:5♥ 6♦=1  PLAYER(W)  | +2,000원 → 103,950원  [end_win]
H011 | bet   1,000원 BANKER | P:K♦ 4♦ 6♣=0  B:2♠ 3♣ K♠=5  BANKER(W)  | +950원 → 104,900원
H012 | bet   1,000원 BANKER | P:J♦ 4♦ 10♥=4  B:Q♠ Q♦ A♠=1  PLAYER(L)  | -1,000원 → 103,900원  [start]
H013 | bet   2,000원 PLAYER | P:5♥ A♥=6  B:A♥ 5♠=6  TIE(T)  |     0원 → 103,900원
H014 | bet   2,000원 PLAYER | P:A♥ 9♦ J♥=0  B:8♦ 7♦=5  BANKER(L)  | -2,000원 → 101,900원
H015 | bet   4,000원 PLAYER | P:A♣ 5♣=6  B:7♦ J♣=7  BANKER(L)  | -4,000원 → 97,900원
H016 | bet   8,000원 PLAYER | P:9♦ J♠=9  B:K♥ K♥=0  PLAYER(W)  | +8,000원 → 105,900원  [end_win]
H017 | bet   1,000원 BANKER | P:4♠ 4♥=8  B:3♦ A♣=4  PLAYER(L)  | -1,000원 → 104,900원  [start]
H018 | bet   2,000원 PLAYER | P:4♥ 10♦ 9♥=3  B:J♦ 10♥ A♦=1  PLAYER(W)  | +2,000원 → 106,900원  [end_win]
H019 | bet   1,000원 BANKER | P:K♣ 10♥=0  B:5♠ 3♥=8  BANKER(W)  | +950원 → 107,850원
H020 | bet   1,000원 BANKER | P:8♥ J♥=8  B:9♥ 10♠=9  BANKER(W)  | +950원 → 108,800원
H021 | bet   1,000원 BANKER | P:J♥ 4♣ Q♥=4  B:3♠ 2♥=5  BANKER(W)  | +950원 → 109,750원
H022 | bet   1,000원 BANKER | P:A♦ 8♠=9  B:8♠ 4♦=2  PLAYER(L)  | -1,000원 → 108,750원  [start]
H023 | bet   2,000원 PLAYER | P:5♠ 3♠=8  B:Q♠ 8♠=8  TIE(T)  |     0원 → 108,750원
H024 | bet   2,000원 PLAYER | P:2♣ 6♥=8  B:J♣ 7♥=7  PLAYER(W)  | +2,000원 → 110,750원  [end_win]
H025 | bet   1,000원 BANKER | P:5♦ 2♥=7  B:7♦ 5♠ 9♣=1  PLAYER(L)  | -1,000원 → 109,750원  [start]
H026 | bet   2,000원 PLAYER | P:9♥ 7♣=6  B:Q♣ 9♠=9  BANKER(L)  | -2,000원 → 107,750원
H027 | bet   4,000원 PLAYER | P:A♥ 2♠ 4♠=7  B:10♦ 4♣ J♣=4  PLAYER(W)  | +4,000원 → 111,750원  [end_win]
H028 | bet   1,000원 BANKER | P:9♦ J♦=9  B:Q♠ 10♦=0  PLAYER(L)  | -1,000원 → 110,750원  [start]
H029 | bet   2,000원 PLAYER | P:4♦ 8♥ 5♣=7  B:5♥ 6♠ 3♦=4  PLAYER(W)  | +2,000원 → 112,750원  [end_win]
H030 | bet   1,000원 BANKER | P:9♠ K♣=9  B:K♣ Q♥=0  PLAYER(L)  | -1,000원 → 111,750원  [start]
H031 | bet   2,000원 PLAYER | P:8♦ 5♦ 6♠=9  B:A♠ 9♦ 3♠=3  PLAYER(W)  | +2,000원 → 113,750원  [end_win]
H032 | bet   1,000원 BANKER | P:2♠ K♠ 5♦=7  B:3♣ 7♥ Q♠=0  PLAYER(L)  | -1,000원 → 112,750원  [start]
H033 | bet   2,000원 PLAYER | P:5♠ J♦ Q♣=5  B:2♦ 10♥ A♣=3  PLAYER(W)  | +2,000원 → 114,750원  [end_win]
H034 | bet   1,000원 BANKER | P:K♦ 7♠=7  B:6♠ 10♦=6  PLAYER(L)  | -1,000원 → 113,750원  [start]
H035 | bet   2,000원 PLAYER | P:6♠ Q♦=6  B:10♣ 10♦ 3♦=3  PLAYER(W)  | +2,000원 → 115,750원  [end_win]
H036 | bet   1,000원 BANKER | P:J♠ A♣=1  B:9♥ Q♦=9  BANKER(W)  | +950원 → 116,700원
H037 | bet   1,000원 BANKER | P:J♦ 6♥=6  B:2♥ 8♣ 4♠=4  PLAYER(L)  | -1,000원 → 115,700원  [start]
H038 | bet   2,000원 PLAYER | P:7♥ 5♥ 9♥=1  B:Q♠ J♥ 9♦=9  BANKER(L)  | -2,000원 → 113,700원
H039 | bet   4,000원 PLAYER | P:4♦ A♦ A♦=6  B:7♥ 3♠ 2♥=2  PLAYER(W)  | +4,000원 → 117,700원  [end_win]
H040 | bet   1,000원 BANKER | P:5♦ 3♥=8  B:2♥ 5♥=7  PLAYER(L)  | -1,000원 → 116,700원  [start]
H041 | bet   2,000원 PLAYER | P:9♦ 7♦=6  B:7♦ 3♣ 9♣=9  BANKER(L)  | -2,000원 → 114,700원
H042 | bet   4,000원 PLAYER | P:3♥ 3♣=6  B:7♥ Q♦=7  BANKER(L)  | -4,000원 → 110,700원
H043 | bet   8,000원 PLAYER | P:K♠ 3♣ K♦=3  B:7♣ 10♥=7  BANKER(L)  | -8,000원 → 102,700원
H044 | bet  16,000원 PLAYER | P:K♣ A♠ A♣=2  B:A♠ A♠ 7♣=9  BANKER(L)  | -16,000원 → 86,700원  [end_giveup]
H045 | bet   1,000원 BANKER | P:K♣ 5♠=5  B:8♣ 10♠=8  BANKER(W)  | +950원 → 87,650원
H046 | bet   1,000원 BANKER | P:4♥ K♥ 2♦=6  B:Q♣ K♦ K♠=0  PLAYER(L)  | -1,000원 → 86,650원  [start]
H047 | bet   2,000원 PLAYER | P:7♠ 6♦ A♦=4  B:7♣ 8♥=5  BANKER(L)  | -2,000원 → 84,650원
H048 | bet   4,000원 PLAYER | P:8♣ Q♦=8  B:8♦ A♣=9  BANKER(L)  | -4,000원 → 80,650원
H049 | bet   8,000원 PLAYER | P:6♥ 7♠ J♥=3  B:J♠ K♦ 2♠=2  PLAYER(W)  | +8,000원 → 88,650원  [end_win]
H050 | bet   1,000원 BANKER | P:5♦ 10♥ 9♣=4  B:9♥ 2♦ 8♣=9  BANKER(W)  | +950원 → 89,600원
H051 | bet   1,000원 BANKER | P:10♦ 3♣ J♠=3  B:10♦ 3♣ 7♣=0  PLAYER(L)  | -1,000원 → 88,600원  [start]
H052 | bet   2,000원 PLAYER | P:3♥ 3♣=6  B:Q♥ 8♣=8  BANKER(L)  | -2,000원 → 86,600원
H053 | bet   4,000원 PLAYER | P:9♣ 7♠=6  B:5♣ J♥ 5♥=0  PLAYER(W)  | +4,000원 → 90,600원  [end_win]
H054 | bet   1,000원 BANKER | P:A♦ Q♣ 5♦=6  B:4♥ K♥ 3♠=7  BANKER(W)  | +950원 → 91,550원
H055 | bet   1,000원 BANKER | P:10♣ 10♥ Q♥=0  B:3♠ 3♥=6  BANKER(W)  | +950원 → 92,500원
H056 | bet   1,000원 BANKER | P:4♠ 3♦=7  B:9♦ 10♥=9  BANKER(W)  | +950원 → 93,450원
H057 | bet   1,000원 BANKER | P:9♠ 6♦ 4♥=9  B:9♠ 6♦ 9♣=4  PLAYER(L)  | -1,000원 → 92,450원  [start]
H058 | bet   2,000원 PLAYER | P:Q♣ 8♥=8  B:9♠ 4♣=3  PLAYER(W)  | +2,000원 → 94,450원  [end_win]
H059 | bet   1,000원 BANKER | P:6♣ 10♦=6  B:9♣ 6♥ 2♣=7  BANKER(W)  | +950원 → 95,400원
H060 | bet   1,000원 BANKER | P:2♠ 3♦ Q♥=5  B:A♣ 9♥ 8♥=8  BANKER(W)  | +950원 → 96,350원
H061 | bet   1,000원 BANKER | P:7♠ 2♣=9  B:6♠ 9♠=5  PLAYER(L)  | -1,000원 → 95,350원  [start]
H062 | bet   2,000원 PLAYER | P:4♣ 8♣=2  B:K♥ 8♣=8  BANKER(L)  | -2,000원 → 93,350원
H063 | bet   4,000원 PLAYER | P:2♣ K♥ Q♠=2  B:3♥ K♣ 9♠=2  TIE(T)  |     0원 → 93,350원
H064 | bet   4,000원 PLAYER | P:8♦ 8♥=6  B:A♦ 6♠=7  BANKER(L)  | -4,000원 → 89,350원
H065 | bet   8,000원 PLAYER | P:2♦ 6♥=8  B:5♣ J♣=5  PLAYER(W)  | +8,000원 → 97,350원  [end_win]
H066 | bet   1,000원 BANKER | P:4♠ 7♣ Q♣=1  B:8♠ 6♦=4  BANKER(W)  | +950원 → 98,300원
H067 | bet   1,000원 BANKER | P:2♣ 4♦=6  B:6♣ 9♣ 5♠=0  PLAYER(L)  | -1,000원 → 97,300원  [start]
H068 | bet   2,000원 PLAYER | P:K♦ Q♠ 2♠=2  B:Q♠ 7♣=7  BANKER(L)  | -2,000원 → 95,300원
H069 | bet   4,000원 PLAYER | P:J♣ J♦ 10♣=0  B:K♥ K♠ 10♣=0  TIE(T)  |     0원 → 95,300원
H070 | bet   4,000원 PLAYER | P:A♠ J♥=1  B:6♣ 2♣=8  BANKER(L)  | -4,000원 → 91,300원
H071 | bet   8,000원 PLAYER | P:6♣ A♥=7  B:J♣ 10♣ 4♠=4  PLAYER(W)  | +8,000원 → 99,300원  [end_win]
H072 | bet   1,000원 BANKER | P:4♦ Q♣ 3♠=7  B:2♦ 3♦=5  PLAYER(L)  | -1,000원 → 98,300원  [start]
H073 | bet   2,000원 PLAYER | P:8♥ A♥=9  B:J♣ 6♠=6  PLAYER(W)  | +2,000원 → 100,300원  [end_win]
H074 | bet   1,000원 BANKER | P:2♥ 3♦ A♠=6  B:6♣ 10♠=6  TIE(T)  |     0원 → 100,300원
H075 | bet   1,000원 BANKER | P:A♦ 2♦ 4♠=7  B:8♦ 7♠ 6♦=1  PLAYER(L)  | -1,000원 → 99,300원  [start]
H076 | bet   2,000원 PLAYER | P:7♠ 10♠=7  B:Q♦ 5♣ 7♥=2  PLAYER(W)  | +2,000원 → 101,300원  [end_win]
H077 | bet   1,000원 BANKER | P:J♣ 4♦ 5♣=9  B:2♥ K♠ 9♦=1  PLAYER(L)  | -1,000원 → 100,300원  [start]
H078 | bet   2,000원 PLAYER | P:K♣ 6♣=6  B:4♣ 3♥=7  BANKER(L)  | -2,000원 → 98,300원
H079 | bet   4,000원 PLAYER | P:6♥ 2♣=8  B:A♥ 4♥=5  PLAYER(W)  | +4,000원 → 102,300원  [end_win]
H080 | bet   1,000원 BANKER | P:A♣ 4♣ 2♠=7  B:4♣ J♠ Q♦=4  PLAYER(L)  | -1,000원 → 101,300원  [start]
H081 | bet   2,000원 PLAYER | P:2♦ 2♦ 6♦=0  B:7♣ 8♦ 6♥=1  BANKER(L)  | -2,000원 → 99,300원
H082 | bet   4,000원 PLAYER | P:6♠ 3♥=9  B:5♠ 2♣=7  PLAYER(W)  | +4,000원 → 103,300원  [end_win]
H083 | bet   1,000원 BANKER | P:7♦ J♥=7  B:8♣ K♦=8  BANKER(W)  | +950원 → 104,250원
H084 | bet   1,000원 BANKER | P:2♦ 3♥ J♥=5  B:J♣ 7♠=7  BANKER(W)  | +950원 → 105,200원
H085 | bet   1,000원 BANKER | P:10♣ 10♠=0  B:9♠ 10♦=9  BANKER(W)  | +950원 → 106,150원
H086 | bet   1,000원 BANKER | P:K♠ A♠ J♦=1  B:J♥ J♥ Q♠=0  PLAYER(L)  | -1,000원 → 105,150원  [start]
H087 | bet   2,000원 PLAYER | P:10♣ 9♣=9  B:5♣ 10♠=5  PLAYER(W)  | +2,000원 → 107,150원  [end_win]
H088 | bet   1,000원 BANKER | P:K♥ 4♣ 8♦=2  B:J♠ 4♠=4  BANKER(W)  | +950원 → 108,100원
H089 | bet   1,000원 BANKER | P:4♠ 2♠=6  B:3♠ A♥ Q♠=4  PLAYER(L)  | -1,000원 → 107,100원  [start]
H090 | bet   2,000원 PLAYER | P:10♦ 3♣ 5♣=8  B:9♠ 7♥=6  PLAYER(W)  | +2,000원 → 109,100원  [end_win]
H091 | bet   1,000원 BANKER | P:Q♣ 7♠=7  B:5♠ J♥ 4♦=9  BANKER(W)  | +950원 → 110,050원
H092 | bet   1,000원 BANKER | P:4♥ J♥ 7♠=1  B:2♣ 3♦ 9♠=4  BANKER(W)  | +950원 → 111,000원
H093 | bet   1,000원 BANKER | P:7♥ Q♣=7  B:K♦ 3♦ Q♣=3  PLAYER(L)  | -1,000원 → 110,000원  [start]
H094 | bet   2,000원 PLAYER | P:6♥ 5♠ J♠=1  B:Q♠ 7♥=7  BANKER(L)  | -2,000원 → 108,000원
H095 | bet   4,000원 PLAYER | P:A♦ 6♠=7  B:10♦ 6♦=6  PLAYER(W)  | +4,000원 → 112,000원  [end_win]
H096 | bet   1,000원 BANKER | P:J♠ 9♦=9  B:4♦ Q♦=4  PLAYER(L)  | -1,000원 → 111,000원  [start]
H097 | bet   2,000원 PLAYER | P:J♠ 8♦=8  B:2♠ 3♥=5  PLAYER(W)  | +2,000원 → 113,000원  [end_win]
H098 | bet   1,000원 BANKER | P:3♣ 3♦=6  B:9♠ 6♣ 3♣=8  BANKER(W)  | +950원 → 113,950원
H099 | bet   1,000원 BANKER | P:8♠ 10♥=8  B:4♣ 6♣=0  PLAYER(L)  | -1,000원 → 112,950원  [start]
H100 | bet   2,000원 PLAYER | P:9♥ 10♠=9  B:9♥ Q♦=9  TIE(T)  |     0원 → 112,950원
H101 | bet   2,000원 PLAYER | P:K♠ A♣ 2♦=3  B:5♣ 10♦=5  BANKER(L)  | -2,000원 → 110,950원
H102 | bet   4,000원 PLAYER | P:9♣ Q♠=9  B:2♣ 3♠=5  PLAYER(W)  | +4,000원 → 114,950원  [end_win]
H103 | bet   1,000원 BANKER | P:9♦ 3♠ 7♣=9  B:5♠ Q♠ 8♠=3  PLAYER(L)  | -1,000원 → 113,950원  [start]
H104 | bet   2,000원 PLAYER | P:5♥ 10♠ 6♠=1  B:8♥ 2♥ 5♣=5  BANKER(L)  | -2,000원 → 111,950원
H105 | bet   4,000원 PLAYER | P:4♥ 4♣=8  B:3♥ 8♣=1  PLAYER(W)  | +4,000원 → 115,950원  [end_win]
H106 | bet   1,000원 BANKER | P:K♠ 9♥=9  B:6♥ 8♠=4  PLAYER(L)  | -1,000원 → 114,950원  [start]
H107 | bet   2,000원 PLAYER | P:Q♠ 2♠ 6♣=8  B:K♥ 7♣=7  PLAYER(W)  | +2,000원 → 116,950원  [end_win]
H108 | bet   1,000원 BANKER | P:3♠ Q♥ K♦=3  B:A♠ 3♣=4  BANKER(W)  | +950원 → 117,900원
H109 | bet   1,000원 BANKER | P:A♣ 7♣=8  B:2♥ 2♣=4  PLAYER(L)  | -1,000원 → 116,900원  [start]
H110 | bet   2,000원 PLAYER | P:9♦ 3♣ Q♦=2  B:4♦ A♥=5  BANKER(L)  | -2,000원 → 114,900원
H111 | bet   4,000원 PLAYER | P:8♦ J♣=8  B:8♣ 8♦=6  PLAYER(W)  | +4,000원 → 118,900원  [end_win]
H112 | bet   1,000원 BANKER | P:10♥ J♣ 6♥=6  B:2♠ 2♦ 8♦=2  PLAYER(L)  | -1,000원 → 117,900원  [start]
H113 | bet   2,000원 PLAYER | P:A♦ 2♠ 4♠=7  B:J♦ 4♠ A♠=5  PLAYER(W)  | +2,000원 → 119,900원  [end_win]
H114 | bet   1,000원 BANKER | P:A♦ A♥ 2♣=4  B:10♠ 5♥=5  BANKER(W)  | +950원 → 120,850원
H115 | bet   1,000원 BANKER | P:8♥ 10♠=8  B:7♠ A♠=8  TIE(T)  |     0원 → 120,850원
H116 | bet   1,000원 BANKER | P:4♠ 2♣=6  B:6♦ 6♣ 8♠=0  PLAYER(L)  | -1,000원 → 119,850원  [start]
H117 | bet   2,000원 PLAYER | P:4♠ K♠ 7♠=1  B:6♣ 8♣ K♠=4  BANKER(L)  | -2,000원 → 117,850원
H118 | bet   4,000원 PLAYER | P:4♣ 5♥=9  B:2♦ 2♣=4  PLAYER(W)  | +4,000원 → 121,850원  [end_win]
H119 | bet   1,000원 BANKER | P:J♥ J♣ 9♦=9  B:6♠ J♣=6  PLAYER(L)  | -1,000원 → 120,850원  [start]
H120 | bet   2,000원 PLAYER | P:Q♠ A♥ 3♣=4  B:5♥ 7♣ 6♠=8  BANKER(L)  | -2,000원 → 118,850원
H121 | bet   4,000원 PLAYER | P:8♥ 10♦=8  B:2♥ 5♦=7  PLAYER(W)  | +4,000원 → 122,850원  [end_win]
H122 | bet   1,000원 BANKER | P:8♦ 7♦ 10♣=5  B:4♣ J♣=4  PLAYER(L)  | -1,000원 → 121,850원  [start]
H123 | bet   2,000원 PLAYER | P:9♦ Q♥=9  B:9♠ 9♥=8  PLAYER(W)  | +2,000원 → 123,850원  [end_win]
H124 | bet   1,000원 BANKER | P:A♣ 10♥ 3♣=4  B:5♠ 2♥=7  BANKER(W)  | +950원 → 124,800원
H125 | bet   1,000원 BANKER | P:7♣ 6♣ 3♥=6  B:7♠ 10♣=7  BANKER(W)  | +950원 → 125,750원
H126 | bet   1,000원 BANKER | P:3♠ 3♦=6  B:Q♣ 4♦ J♦=4  PLAYER(L)  | -1,000원 → 124,750원  [start]
H127 | bet   2,000원 PLAYER | P:9♥ K♥=9  B:3♦ 9♥=2  PLAYER(W)  | +2,000원 → 126,750원  [end_win]
H128 | bet   1,000원 BANKER | P:K♥ 8♣=8  B:J♥ J♣=0  PLAYER(L)  | -1,000원 → 125,750원  [start]
H129 | bet   2,000원 PLAYER | P:J♣ 6♣=6  B:8♥ K♣=8  BANKER(L)  | -2,000원 → 123,750원
H130 | bet   4,000원 PLAYER | P:4♥ 2♣=6  B:10♣ K♠ K♠=0  PLAYER(W)  | +4,000원 → 127,750원  [end_win]
H131 | bet   1,000원 BANKER | P:3♦ 2♠ J♦=5  B:3♦ 8♣ J♠=1  PLAYER(L)  | -1,000원 → 126,750원  [start]
H132 | bet   2,000원 PLAYER | P:K♠ J♦=0  B:9♣ Q♠=9  BANKER(L)  | -2,000원 → 124,750원
H133 | bet   4,000원 PLAYER | P:6♥ 10♥=6  B:6♣ 5♣ K♦=1  PLAYER(W)  | +4,000원 → 128,750원  [end_win]
H134 | bet   1,000원 BANKER | P:Q♣ 4♦ 10♥=4  B:A♦ J♠ K♥=1  PLAYER(L)  | -1,000원 → 127,750원  [start]
H135 | bet   2,000원 PLAYER | P:6♥ K♣=6  B:A♠ 4♥ J♠=5  PLAYER(W)  | +2,000원 → 129,750원  [end_win]
H136 | bet   1,000원 BANKER | P:2♣ K♣=2  B:8♥ K♣=8  BANKER(W)  | +950원 → 130,700원
H137 | bet   1,000원 BANKER | P:7♠ 6♦ 6♦=9  B:2♥ 9♣ 9♥=0  PLAYER(L)  | -1,000원 → 129,700원  [start]
H138 | bet   2,000원 PLAYER | P:3♣ A♦ 3♥=7  B:2♥ 2♠ A♦=5  PLAYER(W)  | +2,000원 → 131,700원  [end_win]
H139 | bet   1,000원 BANKER | P:5♦ 5♠ 9♣=9  B:8♠ 4♣ 6♦=8  PLAYER(L)  | -1,000원 → 130,700원  [start]
H140 | bet   2,000원 PLAYER | P:5♠ 9♠ K♣=4  B:A♦ 5♠=6  BANKER(L)  | -2,000원 → 128,700원
H141 | bet   4,000원 PLAYER | P:8♦ J♠=8  B:A♥ 7♥=8  TIE(T)  |     0원 → 128,700원
H142 | bet   4,000원 PLAYER | P:4♣ 7♥=1  B:7♦ A♠=8  BANKER(L)  | -4,000원 → 124,700원
H143 | bet   8,000원 PLAYER | P:Q♥ 6♠=6  B:8♠ 7♦ 4♣=9  BANKER(L)  | -8,000원 → 116,700원
H144 | bet  16,000원 PLAYER | P:9♣ 5♥ K♦=4  B:Q♦ 6♥=6  BANKER(L)  | -16,000원 → 100,700원  [end_giveup]
H145 | bet   1,000원 BANKER | P:Q♣ 2♥ 7♠=9  B:7♦ 5♦ 10♦=2  PLAYER(L)  | -1,000원 → 99,700원  [start]
H146 | bet   2,000원 PLAYER | P:Q♦ 6♠=6  B:7♣ Q♥=7  BANKER(L)  | -2,000원 → 97,700원
H147 | bet   4,000원 PLAYER | P:4♥ K♥=4  B:10♣ 8♥=8  BANKER(L)  | -4,000원 → 93,700원
H148 | bet   8,000원 PLAYER | P:4♥ 5♦=9  B:8♠ Q♥=8  PLAYER(W)  | +8,000원 → 101,700원  [end_win]
H149 | bet   1,000원 BANKER | P:7♦ 7♣ 6♦=0  B:A♣ 2♦ K♦=3  BANKER(W)  | +950원 → 102,650원
H150 | bet   1,000원 BANKER | P:5♣ 3♠=8  B:3♥ 5♦=8  TIE(T)  |     0원 → 102,650원
H151 | bet   1,000원 BANKER | P:9♣ 3♠ A♠=3  B:10♦ J♦ 10♥=0  PLAYER(L)  | -1,000원 → 101,650원  [start]
H152 | bet   2,000원 PLAYER | P:4♥ 4♦=8  B:5♥ A♥=6  PLAYER(W)  | +2,000원 → 103,650원  [end_win]
H153 | bet   1,000원 BANKER | P:K♣ 4♠=4  B:8♥ 10♣=8  BANKER(W)  | +950원 → 104,600원
H154 | bet   1,000원 BANKER | P:5♦ 5♥ A♥=1  B:9♣ 6♠=5  BANKER(W)  | +950원 → 105,550원
H155 | bet   1,000원 BANKER | P:Q♦ K♦ 5♦=5  B:10♥ K♦ 8♣=8  BANKER(W)  | +950원 → 106,500원
H156 | bet   1,000원 BANKER | P:K♣ 6♥=6  B:6♦ A♠=7  BANKER(W)  | +950원 → 107,450원
H157 | bet   1,000원 BANKER | P:5♣ 5♥ 2♦=2  B:4♥ Q♣ J♦=4  BANKER(W)  | +950원 → 108,400원
H158 | bet   1,000원 BANKER | P:Q♥ 9♠=9  B:9♠ 7♥=6  PLAYER(L)  | -1,000원 → 107,400원  [start]
H159 | bet   2,000원 PLAYER | P:4♦ 7♥ 2♦=3  B:8♣ 3♠ 10♥=1  PLAYER(W)  | +2,000원 → 109,400원  [end_win]
H160 | bet   1,000원 BANKER | P:7♣ 9♥=6  B:7♦ 8♣ 8♠=3  PLAYER(L)  | -1,000원 → 108,400원  [start]
H161 | bet   2,000원 PLAYER | P:7♦ K♦=7  B:3♥ 6♥=9  BANKER(L)  | -2,000원 → 106,400원
H162 | bet   4,000원 PLAYER | P:Q♦ 8♥=8  B:6♠ 9♦=5  PLAYER(W)  | +4,000원 → 110,400원  [end_win]
H163 | bet   1,000원 BANKER | P:5♠ 2♥=7  B:A♣ J♦ 4♠=5  PLAYER(L)  | -1,000원 → 109,400원  [start]
H164 | bet   2,000원 PLAYER | P:K♣ A♣ 5♣=6  B:3♥ 10♠ A♣=4  PLAYER(W)  | +2,000원 → 111,400원  [end_win]
H165 | bet   1,000원 BANKER | P:Q♦ 10♣ 7♦=7  B:7♥ 10♦=7  TIE(T)  |     0원 → 111,400원
H166 | bet   1,000원 BANKER | P:A♦ Q♣ 2♦=3  B:Q♥ 10♠ 2♠=2  PLAYER(L)  | -1,000원 → 110,400원  [start]
H167 | bet   2,000원 PLAYER | P:9♠ 2♣ 5♦=6  B:5♥ 5♥ J♥=0  PLAYER(W)  | +2,000원 → 112,400원  [end_win]
H168 | bet   1,000원 BANKER | P:9♣ 10♦=9  B:A♦ K♥=1  PLAYER(L)  | -1,000원 → 111,400원  [start]
H169 | bet   2,000원 PLAYER | P:7♦ 9♣=6  B:5♦ Q♠ 8♣=3  PLAYER(W)  | +2,000원 → 113,400원  [end_win]
H170 | bet   1,000원 BANKER | P:8♥ 8♥=6  B:7♥ Q♣=7  BANKER(W)  | +950원 → 114,350원
H171 | bet   1,000원 BANKER | P:7♥ 3♦ 7♣=7  B:3♦ 8♦ 5♠=6  PLAYER(L)  | -1,000원 → 113,350원  [start]
H172 | bet   2,000원 PLAYER | P:10♥ 4♣ A♣=5  B:Q♠ 3♣ 10♣=3  PLAYER(W)  | +2,000원 → 115,350원  [end_win]
H173 | bet   1,000원 BANKER | P:3♣ A♦ 5♠=9  B:4♦ 6♣ 4♠=4  PLAYER(L)  | -1,000원 → 114,350원  [start]
H174 | bet   2,000원 PLAYER | P:J♣ 3♦=3  B:6♠ 3♦=9  BANKER(L)  | -2,000원 → 112,350원
H175 | bet   4,000원 PLAYER | P:2♠ J♣=2  B:9♣ K♥=9  BANKER(L)  | -4,000원 → 108,350원
H176 | bet   8,000원 PLAYER | P:8♥ 8♦=6  B:3♣ A♥ 9♦=3  PLAYER(W)  | +8,000원 → 116,350원  [end_win]
H177 | bet   1,000원 BANKER | P:K♥ 6♠=6  B:3♦ Q♥ 5♥=8  BANKER(W)  | +950원 → 117,300원
H178 | bet   1,000원 BANKER | P:8♥ 8♣=6  B:4♦ 3♠=7  BANKER(W)  | +950원 → 118,250원
H179 | bet   1,000원 BANKER | P:6♦ 7♥=3  B:9♣ 10♥=9  BANKER(W)  | +950원 → 119,200원
H180 | bet   1,000원 BANKER | P:Q♥ J♠ 6♠=6  B:4♠ K♣ 9♥=3  PLAYER(L)  | -1,000원 → 118,200원  [start]
H181 | bet   2,000원 PLAYER | P:3♣ 8♠ 2♠=3  B:3♠ 4♣=7  BANKER(L)  | -2,000원 → 116,200원
H182 | bet   4,000원 PLAYER | P:9♥ 7♥=6  B:K♠ 2♥ 8♠=0  PLAYER(W)  | +4,000원 → 120,200원  [end_win]
H183 | bet   1,000원 BANKER | P:10♥ 7♠=7  B:8♣ K♦=8  BANKER(W)  | +950원 → 121,150원
H184 | bet   1,000원 BANKER | P:8♣ 10♦=8  B:7♠ 3♦=0  PLAYER(L)  | -1,000원 → 120,150원  [start]
H185 | bet   2,000원 PLAYER | P:5♠ J♠ 7♦=2  B:6♥ 4♦ A♦=1  PLAYER(W)  | +2,000원 → 122,150원  [end_win]
H186 | bet   1,000원 BANKER | P:J♠ 9♦=9  B:K♠ 3♦=3  PLAYER(L)  | -1,000원 → 121,150원  [start]
H187 | bet   2,000원 PLAYER | P:4♣ 2♠=6  B:Q♥ 7♣=7  BANKER(L)  | -2,000원 → 119,150원
H188 | bet   4,000원 PLAYER | P:3♠ 9♥ 8♦=0  B:J♦ 5♠=5  BANKER(L)  | -4,000원 → 115,150원
H189 | bet   8,000원 PLAYER | P:6♦ Q♣=6  B:6♥ 7♠ 8♣=1  PLAYER(W)  | +8,000원 → 123,150원  [end_win]
H190 | bet   1,000원 BANKER | P:2♣ K♥ 6♠=8  B:5♠ Q♣ 4♦=9  BANKER(W)  | +950원 → 124,100원
H191 | bet   1,000원 BANKER | P:3♥ 3♥=6  B:J♥ 3♥ 4♥=7  BANKER(W)  | +950원 → 125,050원
H192 | bet   1,000원 BANKER | P:2♦ 2♦ 9♥=3  B:2♦ 5♦=7  BANKER(W)  | +950원 → 126,000원
H193 | bet   1,000원 BANKER | P:2♦ 10♣ K♣=2  B:8♦ 5♥ 4♥=7  BANKER(W)  | +950원 → 126,950원
H194 | bet   1,000원 BANKER | P:7♦ 5♦ J♣=2  B:6♣ 5♦ 2♥=3  BANKER(W)  | +950원 → 127,900원
H195 | bet   1,000원 BANKER | P:10♣ 10♠=0  B:7♠ A♠=8  BANKER(W)  | +950원 → 128,850원
H196 | bet   1,000원 BANKER | P:K♠ 9♥=9  B:10♣ 8♣=8  PLAYER(L)  | -1,000원 → 127,850원  [start]
H197 | bet   2,000원 PLAYER | P:6♣ Q♠=6  B:10♦ J♥ 8♥=8  BANKER(L)  | -2,000원 → 125,850원
H198 | bet   4,000원 PLAYER | P:4♥ Q♣ 6♠=0  B:5♣ 6♣ 9♦=0  TIE(T)  |     0원 → 125,850원
H199 | bet   4,000원 PLAYER | P:7♣ 5♣ A♦=3  B:9♥ 8♦=7  BANKER(L)  | -4,000원 → 121,850원
H200 | bet   8,000원 PLAYER | P:4♥ 6♦ J♥=0  B:8♥ 5♥ 5♠=8  BANKER(L)  | -8,000원 → 113,850원
H201 | bet  16,000원 PLAYER | P:2♣ A♥ J♣=3  B:7♥ Q♦=7  BANKER(L)  | -16,000원 → 97,850원  [end_giveup]
H202 | bet   1,000원 BANKER | P:5♥ 3♠=8  B:Q♥ 3♥=3  PLAYER(L)  | -1,000원 → 96,850원  [start]
H203 | bet   2,000원 PLAYER | P:A♠ 5♣=6  B:9♠ 5♦ A♦=5  PLAYER(W)  | +2,000원 → 98,850원  [end_win]
H204 | bet   1,000원 BANKER | P:8♠ A♣=9  B:Q♠ 2♥=2  PLAYER(L)  | -1,000원 → 97,850원  [start]
H205 | bet   2,000원 PLAYER | P:5♣ 4♣=9  B:6♦ 6♥=2  PLAYER(W)  | +2,000원 → 99,850원  [end_win]
H206 | bet   1,000원 BANKER | P:10♠ 4♠ 8♠=2  B:J♣ 2♥ 4♣=6  BANKER(W)  | +950원 → 100,800원
H207 | bet   1,000원 BANKER | P:2♣ Q♦ K♣=2  B:10♣ K♠ J♠=0  PLAYER(L)  | -1,000원 → 99,800원  [start]
H208 | bet   2,000원 PLAYER | P:A♣ K♦ 3♥=4  B:3♥ J♦ K♣=3  PLAYER(W)  | +2,000원 → 101,800원  [end_win]
H209 | bet   1,000원 BANKER | P:Q♥ A♣ A♦=2  B:4♣ 7♣ 10♦=1  PLAYER(L)  | -1,000원 → 100,800원  [start]
H210 | bet   2,000원 PLAYER | P:A♥ 2♦ A♠=4  B:4♦ 10♠=4  TIE(T)  |     0원 → 100,800원
H211 | bet   2,000원 PLAYER | P:8♦ K♦=8  B:2♠ 9♥=1  PLAYER(W)  | +2,000원 → 102,800원  [end_win]
H212 | bet   1,000원 BANKER | P:7♠ K♠=7  B:K♠ Q♣ 4♦=4  PLAYER(L)  | -1,000원 → 101,800원  [start]
H213 | bet   2,000원 PLAYER | P:J♠ 2♥ 8♦=0  B:K♠ 4♥=4  BANKER(L)  | -2,000원 → 99,800원
H214 | bet   4,000원 PLAYER | P:Q♦ J♠ 2♠=2  B:J♥ A♥ 6♣=7  BANKER(L)  | -4,000원 → 95,800원
H215 | bet   8,000원 PLAYER | P:7♣ 2♣=9  B:K♣ K♥=0  PLAYER(W)  | +8,000원 → 103,800원  [end_win]
H216 | bet   1,000원 BANKER | P:Q♥ 2♠=2  B:8♠ Q♦=8  BANKER(W)  | +950원 → 104,750원
H217 | bet   1,000원 BANKER | P:2♣ 7♥=9  B:K♦ J♦=0  PLAYER(L)  | -1,000원 → 103,750원  [start]
H218 | bet   2,000원 PLAYER | P:3♠ J♦ 7♠=0  B:5♠ J♠ 10♦=5  BANKER(L)  | -2,000원 → 101,750원
H219 | bet   4,000원 PLAYER | P:J♦ 3♠ 7♣=0  B:3♣ Q♥ 3♣=6  BANKER(L)  | -4,000원 → 97,750원
H220 | bet   8,000원 PLAYER | P:6♣ Q♥=6  B:3♥ J♦ 10♦=3  PLAYER(W)  | +8,000원 → 105,750원  [end_win]
H221 | bet   1,000원 BANKER | P:6♥ A♠=7  B:10♥ 6♥=6  PLAYER(L)  | -1,000원 → 104,750원  [start]
H222 | bet   2,000원 PLAYER | P:5♠ J♣ 7♦=2  B:J♥ A♦ 5♣=6  BANKER(L)  | -2,000원 → 102,750원
H223 | bet   4,000원 PLAYER | P:Q♣ K♠ 5♦=5  B:Q♠ 4♥ 2♥=6  BANKER(L)  | -4,000원 → 98,750원
H224 | bet   8,000원 PLAYER | P:3♦ 3♣=6  B:6♦ 7♦ Q♦=3  PLAYER(W)  | +8,000원 → 106,750원  [end_win]
H225 | bet   1,000원 BANKER | P:9♦ Q♠=9  B:4♠ 7♣=1  PLAYER(L)  | -1,000원 → 105,750원  [start]
H226 | bet   2,000원 PLAYER | P:10♦ 8♦=8  B:K♦ 5♣=5  PLAYER(W)  | +2,000원 → 107,750원  [end_win]
H227 | bet   1,000원 BANKER | P:9♦ A♥ 10♥=0  B:6♣ 10♣=6  BANKER(W)  | +950원 → 108,700원
H228 | bet   1,000원 BANKER | P:J♠ 9♠=9  B:4♦ 6♣=0  PLAYER(L)  | -1,000원 → 107,700원  [start]
H229 | bet   2,000원 PLAYER | P:10♦ 5♥=5  B:9♣ 9♣=8  BANKER(L)  | -2,000원 → 105,700원
H230 | bet   4,000원 PLAYER | P:4♦ Q♣=4  B:9♠ 9♥=8  BANKER(L)  | -4,000원 → 101,700원
H231 | bet   8,000원 PLAYER | P:J♣ A♥ K♦=1  B:A♥ 10♥ K♣=1  TIE(T)  |     0원 → 101,700원
H232 | bet   8,000원 PLAYER | P:8♠ A♠=9  B:7♥ 2♥=9  TIE(T)  |     0원 → 101,700원
H233 | bet   8,000원 PLAYER | P:8♠ 9♠=7  B:9♠ J♦=9  BANKER(L)  | -8,000원 → 93,700원
H234 | bet  16,000원 PLAYER | P:A♠ 7♠=8  B:Q♠ A♣=1  PLAYER(W)  | +16,000원 → 109,700원  [end_win]
H235 | bet   1,000원 BANKER | P:4♣ 5♣=9  B:A♣ 7♥=8  PLAYER(L)  | -1,000원 → 108,700원  [start]
H236 | bet   2,000원 PLAYER | P:9♦ K♥=9  B:9♦ 7♣=6  PLAYER(W)  | +2,000원 → 110,700원  [end_win]
H237 | bet   1,000원 BANKER | P:6♦ Q♣=6  B:A♠ 9♣ 2♥=2  PLAYER(L)  | -1,000원 → 109,700원  [start]
H238 | bet   2,000원 PLAYER | P:4♠ 8♣ K♥=2  B:10♠ A♣ K♥=1  PLAYER(W)  | +2,000원 → 111,700원  [end_win]
H239 | bet   1,000원 BANKER | P:6♦ A♣=7  B:7♦ 4♥ 10♥=1  PLAYER(L)  | -1,000원 → 110,700원  [start]
H240 | bet   2,000원 PLAYER | P:3♣ 4♠=7  B:K♣ 3♥ 2♠=5  PLAYER(W)  | +2,000원 → 112,700원  [end_win]
H241 | bet   1,000원 BANKER | P:K♦ 7♠=7  B:9♠ J♣=9  BANKER(W)  | +950원 → 113,650원
H242 | bet   1,000원 BANKER | P:6♠ A♠=7  B:10♣ 9♣=9  BANKER(W)  | +950원 → 114,600원
H243 | bet   1,000원 BANKER | P:6♠ A♦=7  B:7♦ 4♣ Q♦=1  PLAYER(L)  | -1,000원 → 113,600원  [start]
H244 | bet   2,000원 PLAYER | P:9♦ 2♦ 8♥=9  B:4♠ 6♥ 8♣=8  PLAYER(W)  | +2,000원 → 115,600원  [end_win]
H245 | bet   1,000원 BANKER | P:2♠ 10♣ A♥=3  B:10♠ 2♣ 2♦=4  BANKER(W)  | +950원 → 116,550원
H246 | bet   1,000원 BANKER | P:J♦ Q♦ 4♥=4  B:10♥ 6♥=6  BANKER(W)  | +950원 → 117,500원
H247 | bet   1,000원 BANKER | P:2♣ 4♠=6  B:10♠ 3♠ J♥=3  PLAYER(L)  | -1,000원 → 116,500원  [start]
H248 | bet   2,000원 PLAYER | P:3♠ 7♦=0  B:6♥ 2♦=8  BANKER(L)  | -2,000원 → 114,500원
H249 | bet   4,000원 PLAYER | P:J♥ 6♠=6  B:K♣ 8♠=8  BANKER(L)  | -4,000원 → 110,500원
H250 | bet   8,000원 PLAYER | P:2♥ 2♥ 4♦=8  B:J♣ Q♠ 3♠=3  PLAYER(W)  | +8,000원 → 118,500원  [end_win]
H251 | bet   1,000원 BANKER | P:4♥ 3♣=7  B:4♥ K♦ 7♦=1  PLAYER(L)  | -1,000원 → 117,500원  [start]
H252 | bet   2,000원 PLAYER | P:K♦ A♠ A♠=2  B:5♣ 5♦ 7♥=7  BANKER(L)  | -2,000원 → 115,500원
H253 | bet   4,000원 PLAYER | P:10♥ 8♠=8  B:6♦ 2♣=8  TIE(T)  |     0원 → 115,500원
H254 | bet   4,000원 PLAYER | P:7♦ 4♥ 7♠=8  B:3♥ 2♦ A♣=6  PLAYER(W)  | +4,000원 → 119,500원  [end_win]
H255 | bet   1,000원 BANKER | P:5♠ K♦=5  B:9♣ K♥=9  BANKER(W)  | +950원 → 120,450원
H256 | bet   1,000원 BANKER | P:7♣ J♥=7  B:7♥ K♥=7  TIE(T)  |     0원 → 120,450원
H257 | bet   1,000원 BANKER | P:J♥ 9♠=9  B:3♠ 9♥=2  PLAYER(L)  | -1,000원 → 119,450원  [start]
H258 | bet   2,000원 PLAYER | P:10♥ K♣=0  B:3♣ 6♠=9  BANKER(L)  | -2,000원 → 117,450원
H259 | bet   4,000원 PLAYER | P:A♠ 7♠=8  B:Q♠ 2♦=2  PLAYER(W)  | +4,000원 → 121,450원  [end_win]
H260 | bet   1,000원 BANKER | P:Q♦ 4♣ 2♠=6  B:7♦ 9♠=6  TIE(T)  |     0원 → 121,450원
H261 | bet   1,000원 BANKER | P:A♣ 8♣=9  B:5♠ K♣=5  PLAYER(L)  | -1,000원 → 120,450원  [start]
H262 | bet   2,000원 PLAYER | P:K♠ K♣ 10♥=0  B:9♦ 8♥=7  BANKER(L)  | -2,000원 → 118,450원
H263 | bet   4,000원 PLAYER | P:2♣ 6♠=8  B:5♣ 9♦=4  PLAYER(W)  | +4,000원 → 122,450원  [end_win]
H264 | bet   1,000원 BANKER | P:5♦ 8♣ 6♣=9  B:4♦ K♠ A♦=5  PLAYER(L)  | -1,000원 → 121,450원  [start]
H265 | bet   2,000원 PLAYER | P:4♣ A♥ 2♠=7  B:6♦ 10♣=6  PLAYER(W)  | +2,000원 → 123,450원  [end_win]
H266 | bet   1,000원 BANKER | P:Q♣ 3♠ 4♥=7  B:7♦ 5♠ 9♠=1  PLAYER(L)  | -1,000원 → 122,450원  [start]
H267 | bet   2,000원 PLAYER | P:3♦ K♠=3  B:8♥ J♠=8  BANKER(L)  | -2,000원 → 120,450원
H268 | bet   4,000원 PLAYER | P:2♣ 2♥ 2♣=6  B:4♣ 10♦ 2♥=6  TIE(T)  |     0원 → 120,450원
H269 | bet   4,000원 PLAYER | P:7♦ A♠=8  B:6♦ 8♦=4  PLAYER(W)  | +4,000원 → 124,450원  [end_win]
H270 | bet   1,000원 BANKER | P:10♣ Q♦ 2♣=2  B:2♠ K♣ Q♣=2  TIE(T)  |     0원 → 124,450원
H271 | bet   1,000원 BANKER | P:9♠ 6♣ 5♥=0  B:2♥ J♣ 2♦=4  BANKER(W)  | +950원 → 125,400원
H272 | bet   1,000원 BANKER | P:9♣ 10♥=9  B:6♦ 9♣=5  PLAYER(L)  | -1,000원 → 124,400원  [start]
H273 | bet   2,000원 PLAYER | P:J♠ 10♦ 3♥=3  B:4♣ 8♦ 8♥=0  PLAYER(W)  | +2,000원 → 126,400원  [end_win]
H274 | bet   1,000원 BANKER | P:6♦ 2♥=8  B:7♠ 3♣=0  PLAYER(L)  | -1,000원 → 125,400원  [start]
H275 | bet   2,000원 PLAYER | P:K♥ 10♦ Q♠=0  B:J♦ 3♦ 3♣=6  BANKER(L)  | -2,000원 → 123,400원
H276 | bet   4,000원 PLAYER | P:6♦ 8♥=4  B:9♦ Q♦=9  BANKER(L)  | -4,000원 → 119,400원
H277 | bet   8,000원 PLAYER | P:3♥ 4♠=7  B:6♠ 10♣=6  PLAYER(W)  | +8,000원 → 127,400원  [end_win]
H278 | bet   1,000원 BANKER | P:A♠ 2♦ Q♦=3  B:10♥ 10♣ Q♥=0  PLAYER(L)  | -1,000원 → 126,400원  [start]
H279 | bet   2,000원 PLAYER | P:5♣ 4♥=9  B:4♥ 7♣=1  PLAYER(W)  | +2,000원 → 128,400원  [end_win]
H280 | bet   1,000원 BANKER | P:K♦ 8♠=8  B:J♣ J♠=0  PLAYER(L)  | -1,000원 → 127,400원  [start]
H281 | bet   2,000원 PLAYER | P:7♠ Q♦=7  B:5♦ 5♣ 9♥=9  BANKER(L)  | -2,000원 → 125,400원
H282 | bet   4,000원 PLAYER | P:7♥ 8♦ K♥=5  B:10♦ 5♣=5  TIE(T)  |     0원 → 125,400원
H283 | bet   4,000원 PLAYER | P:J♥ 5♥ 7♣=2  B:6♥ 5♦ 9♦=0  PLAYER(W)  | +4,000원 → 129,400원  [end_win]
H284 | bet   1,000원 BANKER | P:8♣ J♣=8  B:2♣ 4♦=6  PLAYER(L)  | -1,000원 → 128,400원  [start]
H285 | bet   2,000원 PLAYER | P:A♣ K♣=1  B:6♠ 3♦=9  BANKER(L)  | -2,000원 → 126,400원
H286 | bet   4,000원 PLAYER | P:K♠ 5♣ 4♦=9  B:8♦ 4♦ 10♥=2  PLAYER(W)  | +4,000원 → 130,400원  [end_win]
H287 | bet   1,000원 BANKER | P:10♠ A♥ 3♥=4  B:9♥ 8♥=7  BANKER(W)  | +950원 → 131,350원
H288 | bet   1,000원 BANKER | P:A♦ 6♣=7  B:10♦ 8♣=8  BANKER(W)  | +950원 → 132,300원
H289 | bet   1,000원 BANKER | P:2♠ J♦ 6♣=8  B:5♦ A♥ Q♦=6  PLAYER(L)  | -1,000원 → 131,300원  [start]
H290 | bet   2,000원 PLAYER | P:6♠ 5♣=1  B:3♥ 6♠=9  BANKER(L)  | -2,000원 → 129,300원
H291 | bet   4,000원 PLAYER | P:8♣ J♦=8  B:7♠ 4♠=1  PLAYER(W)  | +4,000원 → 133,300원  [end_win]
H292 | bet   1,000원 BANKER | P:9♥ Q♣=9  B:K♣ 8♥=8  PLAYER(L)  | -1,000원 → 132,300원  [start]
H293 | bet   2,000원 PLAYER | P:5♠ 9♥ 7♣=1  B:6♥ 4♠ 3♣=3  BANKER(L)  | -2,000원 → 130,300원
H294 | bet   4,000원 PLAYER | P:Q♦ 9♠=9  B:5♥ 8♠=3  PLAYER(W)  | +4,000원 → 134,300원  [end_win]
H295 | bet   1,000원 BANKER | P:A♣ J♠ 9♥=0  B:2♠ 9♥ A♣=2  BANKER(W)  | +950원 → 135,250원
H296 | bet   1,000원 BANKER | P:9♠ 8♦=7  B:2♦ 6♠=8  BANKER(W)  | +950원 → 136,200원
H297 | bet   1,000원 BANKER | P:9♦ 2♠ 7♦=8  B:10♣ 7♠=7  PLAYER(L)  | -1,000원 → 135,200원  [start]
H298 | bet   2,000원 PLAYER | P:3♠ 7♥ A♥=1  B:9♦ 4♥ 4♦=7  BANKER(L)  | -2,000원 → 133,200원
H299 | bet   4,000원 PLAYER | P:5♦ A♣=6  B:2♠ J♥ 5♦=7  BANKER(L)  | -4,000원 → 129,200원
H300 | bet   8,000원 PLAYER | P:Q♥ J♠ 7♣=7  B:3♦ 8♠ 9♣=0  PLAYER(W)  | +8,000원 → 137,200원  [end_win]
H301 | bet   1,000원 BANKER | P:2♣ Q♥ Q♥=2  B:J♦ 5♥=5  BANKER(W)  | +950원 → 138,150원
H302 | bet   1,000원 BANKER | P:A♦ Q♠ K♦=1  B:J♥ K♠ J♠=0  PLAYER(L)  | -1,000원 → 137,150원  [start]
H303 | bet   2,000원 PLAYER | P:Q♥ A♥=1  B:5♦ 3♠=8  BANKER(L)  | -2,000원 → 135,150원
H304 | bet   4,000원 PLAYER | P:10♠ J♣ 10♠=0  B:Q♥ 3♦ 4♣=7  BANKER(L)  | -4,000원 → 131,150원
H305 | bet   8,000원 PLAYER | P:9♥ Q♣=9  B:A♣ 4♠=5  PLAYER(W)  | +8,000원 → 139,150원  [end_win]
H306 | bet   1,000원 BANKER | P:A♠ 7♠=8  B:7♦ J♥=7  PLAYER(L)  | -1,000원 → 138,150원  [start]
H307 | bet   2,000원 PLAYER | P:6♣ 5♣ 8♥=9  B:5♠ 10♣=5  PLAYER(W)  | +2,000원 → 140,150원  [end_win]
H308 | bet   1,000원 BANKER | P:4♦ 7♠=1  B:8♣ Q♦=8  BANKER(W)  | +950원 → 141,100원
H309 | bet   1,000원 BANKER | P:Q♣ A♦ 10♦=1  B:K♥ 6♠=6  BANKER(W)  | +950원 → 142,050원
H310 | bet   1,000원 BANKER | P:Q♠ 8♦=8  B:K♠ 2♥=2  PLAYER(L)  | -1,000원 → 141,050원  [start]
H311 | bet   2,000원 PLAYER | P:A♦ J♣ Q♥=1  B:2♦ 2♣=4  BANKER(L)  | -2,000원 → 139,050원
H312 | bet   4,000원 PLAYER | P:3♦ 2♦ 4♣=9  B:Q♥ A♥ J♦=1  PLAYER(W)  | +4,000원 → 143,050원  [end_win]
H313 | bet   1,000원 BANKER | P:10♣ 7♣=7  B:5♠ 4♦=9  BANKER(W)  | +950원 → 144,000원
H314 | bet   1,000원 BANKER | P:3♣ K♦ 6♥=9  B:3♠ A♦ Q♠=4  PLAYER(L)  | -1,000원 → 143,000원  [start]
H315 | bet   2,000원 PLAYER | P:4♣ Q♣=4  B:6♣ 3♦=9  BANKER(L)  | -2,000원 → 141,000원
H316 | bet   4,000원 PLAYER | P:7♦ 10♠=7  B:7♥ J♦=7  TIE(T)  |     0원 → 141,000원
H317 | bet   4,000원 PLAYER | P:7♥ 2♥=9  B:7♣ 9♣=6  PLAYER(W)  | +4,000원 → 145,000원  [end_win]
H318 | bet   1,000원 BANKER | P:10♦ 10♣=0  B:A♣ 8♥=9  BANKER(W)  | +950원 → 145,950원
H319 | bet   1,000원 BANKER | P:J♣ 9♣=9  B:10♠ 8♣=8  PLAYER(L)  | -1,000원 → 144,950원  [start]
H320 | bet   2,000원 PLAYER | P:K♦ 6♥=6  B:J♠ Q♠ 3♠=3  PLAYER(W)  | +2,000원 → 146,950원  [end_win]
H321 | bet   1,000원 BANKER | P:J♥ K♥=0  B:7♣ A♦=8  BANKER(W)  | +950원 → 147,900원
H322 | bet   1,000원 BANKER | P:8♠ 6♣ 3♥=7  B:A♥ K♠ J♠=1  PLAYER(L)  | -1,000원 → 146,900원  [start]
H323 | bet   2,000원 PLAYER | P:K♥ 8♠=8  B:3♠ 9♦=2  PLAYER(W)  | +2,000원 → 148,900원  [end_win]
H324 | bet   1,000원 BANKER | P:8♣ 3♣ A♦=2  B:2♦ 5♥=7  BANKER(W)  | +950원 → 149,850원
H325 | bet   1,000원 BANKER | P:J♣ J♦ 9♠=9  B:7♥ 5♥ 6♥=8  PLAYER(L)  | -1,000원 → 148,850원  [start]
H326 | bet   2,000원 PLAYER | P:4♥ 2♠=6  B:Q♣ 3♦ 10♥=3  PLAYER(W)  | +2,000원 → 150,850원  [end_win]
H327 | bet   1,000원 BANKER | P:Q♠ J♥ 10♠=0  B:7♥ 3♥ 4♠=4  BANKER(W)  | +950원 → 151,800원
H328 | bet   1,000원 BANKER | P:10♠ 4♠ A♠=5  B:10♦ J♦ 10♠=0  PLAYER(L)  | -1,000원 → 150,800원  [start]
H329 | bet   2,000원 PLAYER | P:9♠ 8♦=7  B:6♦ 5♠ 5♥=6  PLAYER(W)  | +2,000원 → 152,800원  [end_win]
H330 | bet   1,000원 BANKER | P:5♠ 6♥ 8♠=9  B:3♥ A♥=4  PLAYER(L)  | -1,000원 → 151,800원  [start]
H331 | bet   2,000원 PLAYER | P:3♣ 8♠ 6♥=7  B:4♠ 9♣ Q♣=3  PLAYER(W)  | +2,000원 → 153,800원  [end_win]
H332 | bet   1,000원 BANKER | P:8♦ K♦=8  B:4♠ 6♦=0  PLAYER(L)  | -1,000원 → 152,800원  [start]
H333 | bet   2,000원 PLAYER | P:5♣ J♦ 8♠=3  B:J♥ 10♦ 10♠=0  PLAYER(W)  | +2,000원 → 154,800원  [end_win]
H334 | bet   1,000원 BANKER | P:10♣ A♣ 5♠=6  B:Q♠ 5♦ J♥=5  PLAYER(L)  | -1,000원 → 153,800원  [start]
H335 | bet   2,000원 PLAYER | P:4♥ Q♠=4  B:9♣ 10♥=9  BANKER(L)  | -2,000원 → 151,800원
H336 | bet   4,000원 PLAYER | P:A♠ 7♦=8  B:4♥ 4♠=8  TIE(T)  |     0원 → 151,800원
H337 | bet   4,000원 PLAYER | P:9♠ Q♥=9  B:5♠ 7♦=2  PLAYER(W)  | +4,000원 → 155,800원  [end_win]
H338 | bet   1,000원 BANKER | P:6♥ 5♣ 7♥=8  B:6♦ 6♥ A♣=3  PLAYER(L)  | -1,000원 → 154,800원  [start]
H339 | bet   2,000원 PLAYER | P:6♠ Q♣=6  B:10♠ 8♣=8  BANKER(L)  | -2,000원 → 152,800원
H340 | bet   4,000원 PLAYER | P:10♦ J♦ 5♠=5  B:4♥ 10♣ 10♦=4  PLAYER(W)  | +4,000원 → 156,800원  [end_win]
H341 | bet   1,000원 BANKER | P:3♦ K♦ 2♥=5  B:K♠ 3♠ 2♦=5  TIE(T)  |     0원 → 156,800원
H342 | bet   1,000원 BANKER | P:7♣ 6♠ 2♦=5  B:6♦ 9♥=5  TIE(T)  |     0원 → 156,800원
H343 | bet   1,000원 BANKER | P:K♥ Q♦ Q♠=0  B:5♠ 8♦ J♥=3  BANKER(W)  | +950원 → 157,750원
H344 | bet   1,000원 BANKER | P:A♣ 5♥=6  B:7♥ A♠=8  BANKER(W)  | +950원 → 158,700원
H345 | bet   1,000원 BANKER | P:K♣ 2♦ 10♦=2  B:4♦ 7♥ 6♣=7  BANKER(W)  | +950원 → 159,650원
H346 | bet   1,000원 BANKER | P:2♠ 3♠ 3♥=8  B:A♣ 10♣ 2♠=3  PLAYER(L)  | -1,000원 → 158,650원  [start]
H347 | bet   2,000원 PLAYER | P:3♦ 7♦ 3♦=3  B:10♣ 10♥ 5♣=5  BANKER(L)  | -2,000원 → 156,650원
H348 | bet   4,000원 PLAYER | P:4♠ J♠ 9♥=3  B:5♦ 2♣=7  BANKER(L)  | -4,000원 → 152,650원
H349 | bet   8,000원 PLAYER | P:J♣ 2♥ 5♠=7  B:10♥ K♥ 6♣=6  PLAYER(W)  | +8,000원 → 160,650원  [end_win]
H350 | bet   1,000원 BANKER | P:A♥ Q♣ 6♦=7  B:8♣ 4♣ 7♦=9  BANKER(W)  | +950원 → 161,600원
H351 | bet   1,000원 BANKER | P:J♦ J♦ A♣=1  B:4♠ A♠=5  BANKER(W)  | +950원 → 162,550원
H352 | bet   1,000원 BANKER | P:K♥ 7♣=7  B:7♠ 7♠ 10♠=4  PLAYER(L)  | -1,000원 → 161,550원  [start]
H353 | bet   2,000원 PLAYER | P:K♠ 3♣=3  B:8♥ A♦=9  BANKER(L)  | -2,000원 → 159,550원
H354 | bet   4,000원 PLAYER | P:A♦ 8♠=9  B:8♥ 7♥=5  PLAYER(W)  | +4,000원 → 163,550원  [end_win]
H355 | bet   1,000원 BANKER | P:4♦ 9♣=3  B:8♦ 10♦=8  BANKER(W)  | +950원 → 164,500원
H356 | bet   1,000원 BANKER | P:3♣ 8♥ 2♥=3  B:8♥ 3♣ 4♠=5  BANKER(W)  | +950원 → 165,450원
H357 | bet   1,000원 BANKER | P:7♠ A♦=8  B:J♦ 9♠=9  BANKER(W)  | +950원 → 166,400원
H358 | bet   1,000원 BANKER | P:9♦ 6♥ 2♥=7  B:3♠ Q♣ 4♦=7  TIE(T)  |     0원 → 166,400원
H359 | bet   1,000원 BANKER | P:3♥ Q♥ Q♥=3  B:5♠ Q♣=5  BANKER(W)  | +950원 → 167,350원
H360 | bet   1,000원 BANKER | P:A♠ K♥ 4♣=5  B:K♥ 4♥ A♥=5  TIE(T)  |     0원 → 167,350원
H361 | bet   1,000원 BANKER | P:2♣ 2♥=4  B:K♠ 9♣=9  BANKER(W)  | +950원 → 168,300원
H362 | bet   1,000원 BANKER | P:6♣ 4♠=0  B:8♠ 10♣=8  BANKER(W)  | +950원 → 169,250원
H363 | bet   1,000원 BANKER | P:4♣ 4♦=8  B:10♣ K♣=0  PLAYER(L)  | -1,000원 → 168,250원  [start]
H364 | bet   2,000원 PLAYER | P:4♥ 8♣ K♣=2  B:A♣ 9♥ K♦=0  PLAYER(W)  | +2,000원 → 170,250원  [end_win]
H365 | bet   1,000원 BANKER | P:K♠ 2♠ Q♥=2  B:3♥ 2♠=5  BANKER(W)  | +950원 → 171,200원
H366 | bet   1,000원 BANKER | P:Q♥ 9♥=9  B:10♥ 9♠=9  TIE(T)  |     0원 → 171,200원
H367 | bet   1,000원 BANKER | P:6♠ 9♦ 8♠=3  B:6♣ 9♦=5  BANKER(W)  | +950원 → 172,150원
H368 | bet   1,000원 BANKER | P:3♣ 10♣ 10♥=3  B:A♠ J♠ J♣=1  PLAYER(L)  | -1,000원 → 171,150원  [start]
H369 | bet   2,000원 PLAYER | P:6♠ 9♠ 3♥=8  B:4♦ 8♣ 9♠=1  PLAYER(W)  | +2,000원 → 173,150원  [end_win]
H370 | bet   1,000원 BANKER | P:K♠ 10♠ 3♦=3  B:Q♣ 5♥=5  BANKER(W)  | +950원 → 174,100원
H371 | bet   1,000원 BANKER | P:6♥ 6♥ 7♦=9  B:9♦ 7♥ 6♦=2  PLAYER(L)  | -1,000원 → 173,100원  [start]
H372 | bet   2,000원 PLAYER | P:2♥ 10♥ 8♥=0  B:Q♥ 3♣=3  BANKER(L)  | -2,000원 → 171,100원
H373 | bet   4,000원 PLAYER | P:7♥ J♠=7  B:Q♣ 2♣ 3♦=5  PLAYER(W)  | +4,000원 → 175,100원  [end_win]
H374 | bet   1,000원 BANKER | P:Q♦ A♦ K♠=1  B:6♦ J♥=6  BANKER(W)  | +950원 → 176,050원
H375 | bet   1,000원 BANKER | P:3♦ 5♥=8  B:3♠ 8♦=1  PLAYER(L)  | -1,000원 → 175,050원  [start]
H376 | bet   2,000원 PLAYER | P:8♣ 7♠ 9♦=4  B:9♦ 7♥=6  BANKER(L)  | -2,000원 → 173,050원
H377 | bet   4,000원 PLAYER | P:K♣ 9♣=9  B:A♠ 2♥=3  PLAYER(W)  | +4,000원 → 177,050원  [end_win]
H378 | bet   1,000원 BANKER | P:5♣ 8♦=3  B:9♦ 9♠=8  BANKER(W)  | +950원 → 178,000원
H379 | bet   1,000원 BANKER | P:Q♣ 10♥ 2♦=2  B:2♠ J♠ 10♦=2  TIE(T)  |     0원 → 178,000원
H380 | bet   1,000원 BANKER | P:6♣ 2♦=8  B:8♠ 5♦=3  PLAYER(L)  | -1,000원 → 177,000원  [start]
H381 | bet   2,000원 PLAYER | P:4♦ A♣ 4♦=9  B:7♠ 7♣ K♣=4  PLAYER(W)  | +2,000원 → 179,000원  [end_win]
H382 | bet   1,000원 BANKER | P:9♥ 8♠=7  B:K♥ 8♦=8  BANKER(W)  | +950원 → 179,950원
H383 | bet   1,000원 BANKER | P:2♦ 7♣=9  B:9♣ 5♥=4  PLAYER(L)  | -1,000원 → 178,950원  [start]
H384 | bet   2,000원 PLAYER | P:4♣ Q♦ 9♥=3  B:9♣ 3♥ 5♥=7  BANKER(L)  | -2,000원 → 176,950원
H385 | bet   4,000원 PLAYER | P:K♥ 2♣ J♦=2  B:4♥ 3♠=7  BANKER(L)  | -4,000원 → 172,950원
H386 | bet   8,000원 PLAYER | P:K♦ K♠ 2♠=2  B:5♦ 7♣ Q♠=2  TIE(T)  |     0원 → 172,950원
H387 | bet   8,000원 PLAYER | P:2♠ J♥ J♦=2  B:K♦ K♠ 5♦=5  BANKER(L)  | -8,000원 → 164,950원
H388 | bet  16,000원 PLAYER | P:4♣ 10♠ 3♣=7  B:J♠ 10♠ 8♣=8  BANKER(L)  | -16,000원 → 148,950원  [end_giveup]
H389 | bet   1,000원 BANKER | P:3♠ 9♣ 9♦=1  B:4♠ 8♦ 8♥=0  PLAYER(L)  | -1,000원 → 147,950원  [start]
H390 | bet   2,000원 PLAYER | P:4♥ 6♥=0  B:Q♠ 8♣=8  BANKER(L)  | -2,000원 → 145,950원
H391 | bet   4,000원 PLAYER | P:5♦ A♠=6  B:7♣ J♥=7  BANKER(L)  | -4,000원 → 141,950원
H392 | bet   8,000원 PLAYER | P:5♦ Q♦ K♥=5  B:5♣ 5♣ Q♠=0  PLAYER(W)  | +8,000원 → 149,950원  [end_win]
H393 | bet   1,000원 BANKER | P:5♥ 2♣=7  B:6♠ 7♠ J♥=3  PLAYER(L)  | -1,000원 → 148,950원  [start]
H394 | bet   2,000원 PLAYER | P:4♣ 4♠=8  B:6♦ A♦=7  PLAYER(W)  | +2,000원 → 150,950원  [end_win]
H395 | bet   1,000원 BANKER | P:K♣ 9♥=9  B:6♠ 2♣=8  PLAYER(L)  | -1,000원 → 149,950원  [start]
H396 | bet   2,000원 PLAYER | P:J♥ 2♦ 5♦=7  B:9♥ 4♣ 2♠=5  PLAYER(W)  | +2,000원 → 151,950원  [end_win]
H397 | bet   1,000원 BANKER | P:7♠ A♥=8  B:5♣ Q♦=5  PLAYER(L)  | -1,000원 → 150,950원  [start]
H398 | bet   2,000원 PLAYER | P:10♠ A♥ 6♦=7  B:9♠ 2♣ 10♥=1  PLAYER(W)  | +2,000원 → 152,950원  [end_win]
H399 | bet   1,000원 BANKER | P:A♦ 5♠=6  B:10♣ Q♦ 7♣=7  BANKER(W)  | +950원 → 153,900원
H400 | bet   1,000원 BANKER | P:2♥ J♠ 3♦=5  B:6♣ 8♦ K♦=4  PLAYER(L)  | -1,000원 → 152,900원  [start]
H401 | bet   2,000원 PLAYER | P:10♦ Q♣ 6♠=6  B:4♦ 6♦ 6♥=6  TIE(T)  |     0원 → 152,900원
H402 | bet   2,000원 PLAYER | P:A♥ J♣ 9♠=0  B:10♠ J♣ 8♥=8  BANKER(L)  | -2,000원 → 150,900원
H403 | bet   4,000원 PLAYER | P:4♠ 3♥=7  B:Q♦ K♦ J♣=0  PLAYER(W)  | +4,000원 → 154,900원  [end_win]
H404 | bet   1,000원 BANKER | P:9♣ 6♠ 5♥=0  B:2♣ Q♠ 8♠=0  TIE(T)  |     0원 → 154,900원
H405 | bet   1,000원 BANKER | P:4♥ J♦ 2♦=6  B:A♠ K♦ 8♥=9  BANKER(W)  | +950원 → 155,850원
H406 | bet   1,000원 BANKER | P:8♣ 7♦ 3♥=8  B:K♣ 3♠ J♠=3  PLAYER(L)  | -1,000원 → 154,850원  [start]
H407 | bet   2,000원 PLAYER | P:10♦ 8♠=8  B:Q♥ 6♥=6  PLAYER(W)  | +2,000원 → 156,850원  [end_win]
H408 | bet   1,000원 BANKER | P:A♥ Q♦ J♣=1  B:A♦ 5♥=6  BANKER(W)  | +950원 → 157,800원
H409 | bet   1,000원 BANKER | P:A♥ 4♣ K♦=5  B:J♣ Q♥ J♠=0  PLAYER(L)  | -1,000원 → 156,800원  [start]
H410 | bet   2,000원 PLAYER | P:K♣ 7♣=7  B:6♣ 3♠=9  BANKER(L)  | -2,000원 → 154,800원
H411 | bet   4,000원 PLAYER | P:3♦ 6♣=9  B:3♣ 3♣=6  PLAYER(W)  | +4,000원 → 158,800원  [end_win]
H412 | bet   1,000원 BANKER | P:A♠ 9♣=0  B:6♦ 3♠=9  BANKER(W)  | +950원 → 159,750원
H413 | bet   1,000원 BANKER | P:9♦ 2♥ 10♠=1  B:10♣ K♥ J♥=0  PLAYER(L)  | -1,000원 → 158,750원  [start]
H414 | bet   2,000원 PLAYER | P:5♥ 9♦ 8♣=2  B:6♥ Q♠=6  BANKER(L)  | -2,000원 → 156,750원
H415 | bet   4,000원 PLAYER | P:Q♥ 4♣ 9♦=3  B:3♦ 2♥=5  BANKER(L)  | -4,000원 → 152,750원
H416 | bet   8,000원 PLAYER | P:6♠ K♠=6  B:8♥ K♥=8  BANKER(L)  | -8,000원 → 144,750원
H417 | bet  16,000원 PLAYER | P:K♠ J♣ 2♣=2  B:4♠ 2♦=6  BANKER(L)  | -16,000원 → 128,750원  [end_giveup]
H418 | bet   1,000원 BANKER | P:Q♣ 5♣ 9♠=4  B:6♦ 4♣ 10♦=0  PLAYER(L)  | -1,000원 → 127,750원  [start]
H419 | bet   2,000원 PLAYER | P:Q♣ 3♥ 10♦=3  B:8♣ 5♠ 7♥=0  PLAYER(W)  | +2,000원 → 129,750원  [end_win]
H420 | bet   1,000원 BANKER | P:3♣ 2♠=5  B:7♠ A♣=8  BANKER(W)  | +950원 → 130,700원
H421 | bet   1,000원 BANKER | P:10♠ 10♦ 4♠=4  B:10♥ 5♥ 9♣=4  TIE(T)  |     0원 → 130,700원
H422 | bet   1,000원 BANKER | P:8♠ 7♣ J♥=5  B:3♠ 10♠ 6♠=9  BANKER(W)  | +950원 → 131,650원
H423 | bet   1,000원 BANKER | P:2♦ 10♣ 9♥=1  B:7♦ J♦=7  BANKER(W)  | +950원 → 132,600원
H424 | bet   1,000원 BANKER | P:A♠ K♠ Q♥=1  B:10♥ 6♣=6  BANKER(W)  | +950원 → 133,550원
H425 | bet   1,000원 BANKER | P:6♣ 9♠ 9♠=4  B:6♥ 6♥ 3♥=5  BANKER(W)  | +950원 → 134,500원
H426 | bet   1,000원 BANKER | P:2♥ 7♣=9  B:4♠ A♥=5  PLAYER(L)  | -1,000원 → 133,500원  [start]
H427 | bet   2,000원 PLAYER | P:8♥ K♦=8  B:8♠ 7♠=5  PLAYER(W)  | +2,000원 → 135,500원  [end_win]
H428 | bet   1,000원 BANKER | P:10♦ 5♦=5  B:9♦ 10♠=9  BANKER(W)  | +950원 → 136,450원
H429 | bet   1,000원 BANKER | P:3♦ 4♥=7  B:A♠ 5♥=6  PLAYER(L)  | -1,000원 → 135,450원  [start]
H430 | bet   2,000원 PLAYER | P:3♣ 7♥ 3♣=3  B:3♦ 4♣=7  BANKER(L)  | -2,000원 → 133,450원
H431 | bet   4,000원 PLAYER | P:8♦ 8♦=6  B:Q♠ 10♦ J♦=0  PLAYER(W)  | +4,000원 → 137,450원  [end_win]
H432 | bet   1,000원 BANKER | P:6♠ Q♦=6  B:3♠ 6♣=9  BANKER(W)  | +950원 → 138,400원
H433 | bet   1,000원 BANKER | P:2♣ A♦=3  B:Q♣ 9♣=9  BANKER(W)  | +950원 → 139,350원
H434 | bet   1,000원 BANKER | P:6♣ 3♣=9  B:6♦ Q♦=6  PLAYER(L)  | -1,000원 → 138,350원  [start]
H435 | bet   2,000원 PLAYER | P:10♣ 6♥=6  B:9♣ 2♦ A♠=2  PLAYER(W)  | +2,000원 → 140,350원  [end_win]
H436 | bet   1,000원 BANKER | P:A♣ 2♥ Q♥=3  B:A♥ 4♦=5  BANKER(W)  | +950원 → 141,300원
H437 | bet   1,000원 BANKER | P:2♦ K♣ 5♣=7  B:J♦ 4♥ 10♣=4  PLAYER(L)  | -1,000원 → 140,300원  [start]
H438 | bet   2,000원 PLAYER | P:4♠ 7♦ 8♠=9  B:4♣ 9♦=3  PLAYER(W)  | +2,000원 → 142,300원  [end_win]
H439 | bet   1,000원 BANKER | P:6♥ 4♦ A♣=1  B:4♠ 7♦ 8♥=9  BANKER(W)  | +950원 → 143,250원
H440 | bet   1,000원 BANKER | P:9♣ J♥=9  B:Q♥ Q♠=0  PLAYER(L)  | -1,000원 → 142,250원  [start]
H441 | bet   2,000원 PLAYER | P:5♦ 7♠ Q♣=2  B:7♣ 7♦=4  BANKER(L)  | -2,000원 → 140,250원
H442 | bet   4,000원 PLAYER | P:7♠ 9♠=6  B:A♦ 2♥ K♥=3  PLAYER(W)  | +4,000원 → 144,250원  [end_win]
H443 | bet   1,000원 BANKER | P:5♣ 3♦=8  B:K♣ 4♠=4  PLAYER(L)  | -1,000원 → 143,250원  [start]
H444 | bet   2,000원 PLAYER | P:J♦ 2♥ 10♠=2  B:8♥ 2♣ K♠=0  PLAYER(W)  | +2,000원 → 145,250원  [end_win]
H445 | bet   1,000원 BANKER | P:4♠ J♥ J♠=4  B:5♦ J♥=5  BANKER(W)  | +950원 → 146,200원
H446 | bet   1,000원 BANKER | P:9♦ J♣=9  B:J♠ 8♦=8  PLAYER(L)  | -1,000원 → 145,200원  [start]
H447 | bet   2,000원 PLAYER | P:4♣ 2♠=6  B:10♦ K♣ A♠=1  PLAYER(W)  | +2,000원 → 147,200원  [end_win]
H448 | bet   1,000원 BANKER | P:5♦ 9♠=4  B:9♥ J♣=9  BANKER(W)  | +950원 → 148,150원
H449 | bet   1,000원 BANKER | P:5♥ 7♥ A♥=3  B:K♦ K♦ A♦=1  PLAYER(L)  | -1,000원 → 147,150원  [start]
H450 | bet   2,000원 PLAYER | P:7♣ K♥=7  B:7♠ A♦=8  BANKER(L)  | -2,000원 → 145,150원
H451 | bet   4,000원 PLAYER | P:8♥ 3♣=1  B:6♦ 3♥=9  BANKER(L)  | -4,000원 → 141,150원
H452 | bet   8,000원 PLAYER | P:3♥ K♠ 6♥=9  B:A♥ K♣ Q♠=1  PLAYER(W)  | +8,000원 → 149,150원  [end_win]
H453 | bet   1,000원 BANKER | P:4♥ A♦ 3♠=8  B:K♣ 3♣ 7♦=0  PLAYER(L)  | -1,000원 → 148,150원  [start]
H454 | bet   2,000원 PLAYER | P:8♣ 7♠=5  B:9♠ K♣=9  BANKER(L)  | -2,000원 → 146,150원
H455 | bet   4,000원 PLAYER | P:8♥ K♦=8  B:2♦ 6♠=8  TIE(T)  |     0원 → 146,150원
H456 | bet   4,000원 PLAYER | P:2♣ 8♠ 6♠=6  B:10♠ K♠ A♥=1  PLAYER(W)  | +4,000원 → 150,150원  [end_win]
H457 | bet   1,000원 BANKER | P:6♦ A♣=7  B:J♣ 9♦=9  BANKER(W)  | +950원 → 151,100원
H458 | bet   1,000원 BANKER | P:2♠ 5♣=7  B:9♥ 3♥ 5♠=7  TIE(T)  |     0원 → 151,100원
H459 | bet   1,000원 BANKER | P:3♠ 8♣ 4♥=5  B:3♠ 3♦=6  BANKER(W)  | +950원 → 152,050원
H460 | bet   1,000원 BANKER | P:Q♦ 8♣=8  B:10♥ K♦=0  PLAYER(L)  | -1,000원 → 151,050원  [start]
H461 | bet   2,000원 PLAYER | P:7♥ 9♥=6  B:6♦ 5♠ 2♣=3  PLAYER(W)  | +2,000원 → 153,050원  [end_win]
H462 | bet   1,000원 BANKER | P:2♣ J♥ 4♦=6  B:Q♠ 7♣=7  BANKER(W)  | +950원 → 154,000원
H463 | bet   1,000원 BANKER | P:K♣ A♥ A♥=2  B:3♦ 10♦ A♠=4  BANKER(W)  | +950원 → 154,950원
H464 | bet   1,000원 BANKER | P:5♥ 8♦ J♣=3  B:4♠ Q♥=4  BANKER(W)  | +950원 → 155,900원
H465 | bet   1,000원 BANKER | P:4♦ 10♣ 5♦=9  B:10♥ J♠ 6♦=6  PLAYER(L)  | -1,000원 → 154,900원  [start]
H466 | bet   2,000원 PLAYER | P:6♣ J♦=6  B:6♦ 7♥ 2♠=5  PLAYER(W)  | +2,000원 → 156,900원  [end_win]
H467 | bet   1,000원 BANKER | P:9♠ 9♣=8  B:7♠ 6♠=3  PLAYER(L)  | -1,000원 → 155,900원  [start]
H468 | bet   2,000원 PLAYER | P:J♠ 2♠ 10♠=2  B:J♠ 5♥=5  BANKER(L)  | -2,000원 → 153,900원
H469 | bet   4,000원 PLAYER | P:K♦ 10♥ Q♠=0  B:10♣ 2♥ 7♦=9  BANKER(L)  | -4,000원 → 149,900원
H470 | bet   8,000원 PLAYER | P:4♥ 9♥ 7♣=0  B:Q♦ 4♦ 8♦=2  BANKER(L)  | -8,000원 → 141,900원
H471 | bet  16,000원 PLAYER | P:2♠ 8♥=0  B:A♣ 7♠=8  BANKER(L)  | -16,000원 → 125,900원  [end_giveup]
H472 | bet   1,000원 BANKER | P:8♦ 8♠=6  B:3♦ K♦ 3♣=6  TIE(T)  |     0원 → 125,900원
H473 | bet   1,000원 BANKER | P:5♦ Q♣ 9♥=4  B:8♥ 8♠=6  BANKER(W)  | +950원 → 126,850원
H474 | bet   1,000원 BANKER | P:J♠ J♠ 10♠=0  B:Q♥ J♦ K♦=0  TIE(T)  |     0원 → 126,850원
H475 | bet   1,000원 BANKER | P:K♣ 9♥=9  B:5♣ Q♣=5  PLAYER(L)  | -1,000원 → 125,850원  [start]
H476 | bet   2,000원 PLAYER | P:3♠ 6♣=9  B:8♣ 5♦=3  PLAYER(W)  | +2,000원 → 127,850원  [end_win]
H477 | bet   1,000원 BANKER | P:J♦ K♠ 5♣=5  B:8♣ 2♣ A♠=1  PLAYER(L)  | -1,000원 → 126,850원  [start]
H478 | bet   2,000원 PLAYER | P:7♥ 5♥ 3♣=5  B:9♥ 4♦ J♦=3  PLAYER(W)  | +2,000원 → 128,850원  [end_win]
H479 | bet   1,000원 BANKER | P:3♥ 3♥=6  B:4♦ 7♦ 5♠=6  TIE(T)  |     0원 → 128,850원
H480 | bet   1,000원 BANKER | P:4♣ 5♠=9  B:7♣ 5♠=2  PLAYER(L)  | -1,000원 → 127,850원  [start]
H481 | bet   2,000원 PLAYER | P:K♥ 10♦ 6♥=6  B:4♦ Q♦ K♠=4  PLAYER(W)  | +2,000원 → 129,850원  [end_win]
H482 | bet   1,000원 BANKER | P:Q♣ J♥ 10♣=0  B:8♠ 2♦ K♥=0  TIE(T)  |     0원 → 129,850원
H483 | bet   1,000원 BANKER | P:4♣ 4♥=8  B:Q♥ Q♣=0  PLAYER(L)  | -1,000원 → 128,850원  [start]
H484 | bet   2,000원 PLAYER | P:Q♥ 5♣ 8♦=3  B:10♥ A♦ 7♥=8  BANKER(L)  | -2,000원 → 126,850원
H485 | bet   4,000원 PLAYER | P:9♣ 6♣ 6♥=1  B:K♥ Q♠ A♥=1  TIE(T)  |     0원 → 126,850원
H486 | bet   4,000원 PLAYER | P:4♣ 10♥ J♣=4  B:J♣ 2♣ 7♦=9  BANKER(L)  | -4,000원 → 122,850원
H487 | bet   8,000원 PLAYER | P:Q♦ 2♦=2  B:A♣ 7♥=8  BANKER(L)  | -8,000원 → 114,850원
H488 | bet  16,000원 PLAYER | P:7♣ 5♣ 5♦=7  B:8♣ 8♦=6  PLAYER(W)  | +16,000원 → 130,850원  [end_win]
H489 | bet   1,000원 BANKER | P:A♣ A♠ 3♥=5  B:A♦ 2♠ 10♥=3  PLAYER(L)  | -1,000원 → 129,850원  [start]
H490 | bet   2,000원 PLAYER | P:5♥ Q♦ Q♠=5  B:3♠ Q♦ J♥=3  PLAYER(W)  | +2,000원 → 131,850원  [end_win]
H491 | bet   1,000원 BANKER | P:2♦ 9♠ 5♠=6  B:2♥ 10♣ J♣=2  PLAYER(L)  | -1,000원 → 130,850원  [start]
H492 | bet   2,000원 PLAYER | P:6♠ 4♥ 6♠=6  B:8♠ 3♦ 5♠=6  TIE(T)  |     0원 → 130,850원
H493 | bet   2,000원 PLAYER | P:K♥ K♥ 10♠=0  B:3♥ 7♣ 5♠=5  BANKER(L)  | -2,000원 → 128,850원
H494 | bet   4,000원 PLAYER | P:5♦ 7♠ J♣=2  B:7♣ 7♦=4  BANKER(L)  | -4,000원 → 124,850원
H495 | bet   8,000원 PLAYER | P:4♦ 5♦=9  B:8♥ 3♥=1  PLAYER(W)  | +8,000원 → 132,850원  [end_win]
H496 | bet   1,000원 BANKER | P:6♥ 9♥ A♣=6  B:4♥ 7♣ 6♠=7  BANKER(W)  | +950원 → 133,800원
H497 | bet   1,000원 BANKER | P:5♠ A♣=6  B:A♦ Q♠ 7♣=8  BANKER(W)  | +950원 → 134,750원
H498 | bet   1,000원 BANKER | P:2♣ 8♦ 7♦=7  B:3♦ 2♦ 5♥=0  PLAYER(L)  | -1,000원 → 133,750원  [start]
H499 | bet   2,000원 PLAYER | P:4♥ J♣ 5♣=9  B:K♣ 4♠ A♠=5  PLAYER(W)  | +2,000원 → 135,750원  [end_win]
H500 | bet   1,000원 BANKER | P:6♦ 5♣=1  B:8♥ Q♥=8  BANKER(W)  | +950원 → 136,700원
H501 | bet   1,000원 BANKER | P:9♣ K♦=9  B:2♠ 4♥=6  PLAYER(L)  | -1,000원 → 135,700원  [start]
H502 | bet   2,000원 PLAYER | P:9♣ K♣=9  B:2♥ 9♦=1  PLAYER(W)  | +2,000원 → 137,700원  [end_win]
H503 | bet   1,000원 BANKER | P:J♥ K♦ 2♥=2  B:Q♦ 6♥=6  BANKER(W)  | +950원 → 138,650원
H504 | bet   1,000원 BANKER | P:4♠ 8♦ 7♥=9  B:K♦ 5♠ 10♣=5  PLAYER(L)  | -1,000원 → 137,650원  [start]
H505 | bet   2,000원 PLAYER | P:9♠ 10♦=9  B:8♥ 10♦=8  PLAYER(W)  | +2,000원 → 139,650원  [end_win]
H506 | bet   1,000원 BANKER | P:Q♦ 3♦ 2♦=5  B:7♣ 5♦ 6♣=8  BANKER(W)  | +950원 → 140,600원
H507 | bet   1,000원 BANKER | P:9♦ 8♠=7  B:3♠ A♠ K♦=4  PLAYER(L)  | -1,000원 → 139,600원  [start]
H508 | bet   2,000원 PLAYER | P:J♠ 3♠=3  B:8♠ Q♣=8  BANKER(L)  | -2,000원 → 137,600원
H509 | bet   4,000원 PLAYER | P:7♣ 6♦ K♥=3  B:J♥ 3♣ J♠=3  TIE(T)  |     0원 → 137,600원
H510 | bet   4,000원 PLAYER | P:5♦ 10♥ 5♣=0  B:6♥ K♣=6  BANKER(L)  | -4,000원 → 133,600원
H511 | bet   8,000원 PLAYER | P:Q♥ 9♠=9  B:5♠ 10♥=5  PLAYER(W)  | +8,000원 → 141,600원  [end_win]
H512 | bet   1,000원 BANKER | P:9♥ 6♦ A♠=6  B:6♥ 8♣=4  PLAYER(L)  | -1,000원 → 140,600원  [start]
H513 | bet   2,000원 PLAYER | P:10♥ 6♣=6  B:3♣ 10♦ Q♥=3  PLAYER(W)  | +2,000원 → 142,600원  [end_win]
H514 | bet   1,000원 BANKER | P:8♣ 6♦ 2♠=6  B:J♣ Q♥ 8♠=8  BANKER(W)  | +950원 → 143,550원
H515 | bet   1,000원 BANKER | P:9♦ 8♣=7  B:6♠ 3♥=9  BANKER(W)  | +950원 → 144,500원
H516 | bet   1,000원 BANKER | P:A♦ 9♣ 10♥=0  B:K♦ K♥ A♠=1  BANKER(W)  | +950원 → 145,450원
H517 | bet   1,000원 BANKER | P:Q♣ 8♠=8  B:K♦ 9♥=9  BANKER(W)  | +950원 → 146,400원
H518 | bet   1,000원 BANKER | P:7♥ 4♦=1  B:A♣ 7♠=8  BANKER(W)  | +950원 → 147,350원
H519 | bet   1,000원 BANKER | P:9♦ 8♥=7  B:2♦ 5♥=7  TIE(T)  |     0원 → 147,350원
H520 | bet   1,000원 BANKER | P:A♦ 6♠=7  B:10♠ J♦ 8♣=8  BANKER(W)  | +950원 → 148,300원
H521 | bet   1,000원 BANKER | P:K♠ 10♣=0  B:10♦ 9♥=9  BANKER(W)  | +950원 → 149,250원
H522 | bet   1,000원 BANKER | P:8♣ 2♣ 3♠=3  B:8♠ 9♣=7  BANKER(W)  | +950원 → 150,200원
H523 | bet   1,000원 BANKER | P:9♣ A♦ 9♠=9  B:K♠ J♠ 10♣=0  PLAYER(L)  | -1,000원 → 149,200원  [start]
H524 | bet   2,000원 PLAYER | P:A♦ 5♥=6  B:Q♠ Q♠ 6♥=6  TIE(T)  |     0원 → 149,200원
H525 | bet   2,000원 PLAYER | P:4♣ J♥ 3♥=7  B:4♣ 8♦ Q♦=2  PLAYER(W)  | +2,000원 → 151,200원  [end_win]
H526 | bet   1,000원 BANKER | P:2♦ A♥ 4♦=7  B:A♥ 9♠ Q♣=0  PLAYER(L)  | -1,000원 → 150,200원  [start]
H527 | bet   2,000원 PLAYER | P:6♣ J♠=6  B:A♥ 3♦ A♣=5  PLAYER(W)  | +2,000원 → 152,200원  [end_win]
H528 | bet   1,000원 BANKER | P:J♥ 5♣ 9♥=4  B:J♦ 7♥=7  BANKER(W)  | +950원 → 153,150원
H529 | bet   1,000원 BANKER | P:3♦ 5♣=8  B:4♠ 3♣=7  PLAYER(L)  | -1,000원 → 152,150원  [start]
H530 | bet   2,000원 PLAYER | P:7♠ 2♠=9  B:4♥ 10♥=4  PLAYER(W)  | +2,000원 → 154,150원  [end_win]
H531 | bet   1,000원 BANKER | P:J♦ Q♦=0  B:9♥ K♥=9  BANKER(W)  | +950원 → 155,100원
H532 | bet   1,000원 BANKER | P:9♦ 4♣ 4♦=7  B:A♥ J♥ 10♠=1  PLAYER(L)  | -1,000원 → 154,100원  [start]
H533 | bet   2,000원 PLAYER | P:10♣ 10♣=0  B:8♠ 10♦=8  BANKER(L)  | -2,000원 → 152,100원
H534 | bet   4,000원 PLAYER | P:10♠ 5♠ 10♥=5  B:10♠ 3♣ 5♥=8  BANKER(L)  | -4,000원 → 148,100원
H535 | bet   8,000원 PLAYER | P:8♥ 5♣ 6♥=9  B:9♦ 7♠ J♠=6  PLAYER(W)  | +8,000원 → 156,100원  [end_win]
H536 | bet   1,000원 BANKER | P:A♥ 5♠=6  B:A♦ 3♥ Q♦=4  PLAYER(L)  | -1,000원 → 155,100원  [start]
H537 | bet   2,000원 PLAYER | P:2♥ Q♣ 5♣=7  B:6♦ J♣=6  PLAYER(W)  | +2,000원 → 157,100원  [end_win]
H538 | bet   1,000원 BANKER | P:3♥ 9♦=2  B:7♣ A♠=8  BANKER(W)  | +950원 → 158,050원
H539 | bet   1,000원 BANKER | P:4♠ 7♦ 9♠=0  B:K♠ J♥ Q♥=0  TIE(T)  |     0원 → 158,050원
H540 | bet   1,000원 BANKER | P:J♦ A♥=1  B:9♠ J♦=9  BANKER(W)  | +950원 → 159,000원
H541 | bet   1,000원 BANKER | P:2♣ Q♥ 3♠=5  B:A♠ 3♠ K♣=4  PLAYER(L)  | -1,000원 → 158,000원  [start]
H542 | bet   2,000원 PLAYER | P:3♥ Q♣ 3♠=6  B:Q♠ K♣ K♣=0  PLAYER(W)  | +2,000원 → 160,000원  [end_win]
H543 | bet   1,000원 BANKER | P:2♦ 5♥=7  B:10♣ 2♣ 4♦=6  PLAYER(L)  | -1,000원 → 159,000원  [start]
H544 | bet   2,000원 PLAYER | P:J♦ 3♣ 9♥=2  B:A♠ A♠ 4♠=6  BANKER(L)  | -2,000원 → 157,000원
H545 | bet   4,000원 PLAYER | P:A♣ K♠=1  B:9♠ 10♠=9  BANKER(L)  | -4,000원 → 153,000원
H546 | bet   8,000원 PLAYER | P:8♦ 3♦ Q♦=1  B:8♠ 8♣=6  BANKER(L)  | -8,000원 → 145,000원
H547 | bet  16,000원 PLAYER | P:4♦ 8♥ 2♠=4  B:8♥ 6♠ 3♣=7  BANKER(L)  | -16,000원 → 129,000원  [end_giveup]
H548 | bet   1,000원 BANKER | P:6♥ 9♥ 7♥=2  B:6♠ 4♠ J♥=0  PLAYER(L)  | -1,000원 → 128,000원  [start]
H549 | bet   2,000원 PLAYER | P:4♥ 6♠ J♠=0  B:3♥ Q♣ 7♥=0  TIE(T)  |     0원 → 128,000원
H550 | bet   2,000원 PLAYER | P:Q♥ A♣ 6♦=7  B:2♠ K♠ K♦=2  PLAYER(W)  | +2,000원 → 130,000원  [end_win]
H551 | bet   1,000원 BANKER | P:8♦ 2♣ 4♣=4  B:2♥ 4♠=6  BANKER(W)  | +950원 → 130,950원
H552 | bet   1,000원 BANKER | P:Q♠ 10♦ 6♦=6  B:10♠ 7♦=7  BANKER(W)  | +950원 → 131,900원
H553 | bet   1,000원 BANKER | P:10♦ 2♦ 2♠=4  B:2♦ 2♦ 8♣=2  PLAYER(L)  | -1,000원 → 130,900원  [start]
H554 | bet   2,000원 PLAYER | P:3♠ K♠ A♥=4  B:6♣ J♣=6  BANKER(L)  | -2,000원 → 128,900원
H555 | bet   4,000원 PLAYER | P:7♣ 4♥ 7♦=8  B:7♦ K♦=7  PLAYER(W)  | +4,000원 → 132,900원  [end_win]
H556 | bet   1,000원 BANKER | P:Q♠ 7♠=7  B:9♣ J♣=9  BANKER(W)  | +950원 → 133,850원
H557 | bet   1,000원 BANKER | P:Q♠ 2♣=2  B:6♣ 3♣=9  BANKER(W)  | +950원 → 134,800원
H558 | bet   1,000원 BANKER | P:3♦ 2♥ 8♦=3  B:4♣ 8♦ 5♥=7  BANKER(W)  | +950원 → 135,750원
H559 | bet   1,000원 BANKER | P:9♦ K♣=9  B:7♠ 3♠=0  PLAYER(L)  | -1,000원 → 134,750원  [start]
H560 | bet   2,000원 PLAYER | P:J♣ A♣ 7♦=8  B:2♣ 9♠ J♥=1  PLAYER(W)  | +2,000원 → 136,750원  [end_win]
H561 | bet   1,000원 BANKER | P:J♣ A♦=1  B:5♦ 4♠=9  BANKER(W)  | +950원 → 137,700원
H562 | bet   1,000원 BANKER | P:4♦ 6♣ 5♦=5  B:4♣ Q♦ 3♦=7  BANKER(W)  | +950원 → 138,650원
H563 | bet   1,000원 BANKER | P:10♥ 2♣ 9♣=1  B:K♥ J♠ Q♣=0  PLAYER(L)  | -1,000원 → 137,650원  [start]
H564 | bet   2,000원 PLAYER | P:3♦ 7♥=0  B:4♥ 4♣=8  BANKER(L)  | -2,000원 → 135,650원
H565 | bet   4,000원 PLAYER | P:2♥ 3♣ 8♣=3  B:4♥ 2♠=6  BANKER(L)  | -4,000원 → 131,650원
H566 | bet   8,000원 PLAYER | P:6♠ 10♠=6  B:8♠ K♠=8  BANKER(L)  | -8,000원 → 123,650원
H567 | bet  16,000원 PLAYER | P:Q♣ 4♣ 10♥=4  B:5♥ 5♥ J♦=0  PLAYER(W)  | +16,000원 → 139,650원  [end_win]
H568 | bet   1,000원 BANKER | P:9♣ Q♦=9  B:5♦ 7♠=2  PLAYER(L)  | -1,000원 → 138,650원  [start]
H569 | bet   2,000원 PLAYER | P:5♣ 7♦=2  B:2♥ 7♠=9  BANKER(L)  | -2,000원 → 136,650원
H570 | bet   4,000원 PLAYER | P:6♥ A♥=7  B:10♣ 5♠ K♥=5  PLAYER(W)  | +4,000원 → 140,650원  [end_win]
H571 | bet   1,000원 BANKER | P:2♠ 8♦ 6♣=6  B:J♠ 7♥=7  BANKER(W)  | +950원 → 141,600원
H572 | bet   1,000원 BANKER | P:5♠ 6♠ K♥=1  B:Q♠ 10♣ 4♦=4  BANKER(W)  | +950원 → 142,550원
H573 | bet   1,000원 BANKER | P:Q♣ J♦ 4♦=4  B:A♠ J♠ K♣=1  PLAYER(L)  | -1,000원 → 141,550원  [start]
H574 | bet   2,000원 PLAYER | P:8♦ 4♠ 4♦=6  B:5♣ 9♥ 3♣=7  BANKER(L)  | -2,000원 → 139,550원
H575 | bet   4,000원 PLAYER | P:7♦ 9♣=6  B:5♦ K♦ A♥=6  TIE(T)  |     0원 → 139,550원
H576 | bet   4,000원 PLAYER | P:4♣ A♦ 8♥=3  B:8♥ 4♣ 9♥=1  PLAYER(W)  | +4,000원 → 143,550원  [end_win]
H577 | bet   1,000원 BANKER | P:9♥ 2♥=1  B:10♥ 9♦=9  BANKER(W)  | +950원 → 144,500원
H578 | bet   1,000원 BANKER | P:J♣ 4♠ K♣=4  B:J♦ K♠ 9♠=9  BANKER(W)  | +950원 → 145,450원
H579 | bet   1,000원 BANKER | P:7♥ 8♣ 5♦=0  B:Q♦ 4♠ 4♥=8  BANKER(W)  | +950원 → 146,400원
H580 | bet   1,000원 BANKER | P:5♦ J♦ 5♦=0  B:10♥ 4♦ K♣=4  BANKER(W)  | +950원 → 147,350원
H581 | bet   1,000원 BANKER | P:10♣ 3♣=3  B:8♠ 10♠=8  BANKER(W)  | +950원 → 148,300원
H582 | bet   1,000원 BANKER | P:7♥ 6♣ 8♠=1  B:4♥ 3♣=7  BANKER(W)  | +950원 → 149,250원
H583 | bet   1,000원 BANKER | P:10♦ 7♦=7  B:A♣ J♦ K♠=1  PLAYER(L)  | -1,000원 → 148,250원  [start]
H584 | bet   2,000원 PLAYER | P:7♠ 7♦ A♣=5  B:2♦ 5♥=7  BANKER(L)  | -2,000원 → 146,250원
H585 | bet   4,000원 PLAYER | P:6♥ 8♣ 6♠=0  B:4♥ 3♥=7  BANKER(L)  | -4,000원 → 142,250원
H586 | bet   8,000원 PLAYER | P:A♦ 5♠=6  B:10♦ 6♦=6  TIE(T)  |     0원 → 142,250원
H587 | bet   8,000원 PLAYER | P:4♦ 6♥ 5♥=5  B:3♦ A♠ 10♣=4  PLAYER(W)  | +8,000원 → 150,250원  [end_win]
H588 | bet   1,000원 BANKER | P:J♦ J♣ Q♦=0  B:J♥ 3♥ K♥=3  BANKER(W)  | +950원 → 151,200원
H589 | bet   1,000원 BANKER | P:10♠ 7♦=7  B:6♣ Q♥=6  PLAYER(L)  | -1,000원 → 150,200원  [start]
H590 | bet   2,000원 PLAYER | P:10♦ 10♠ 6♠=6  B:10♠ J♣ K♠=0  PLAYER(W)  | +2,000원 → 152,200원  [end_win]
H591 | bet   1,000원 BANKER | P:3♠ A♦ 10♥=4  B:4♠ 6♣ 6♠=6  BANKER(W)  | +950원 → 153,150원
H592 | bet   1,000원 BANKER | P:K♠ A♦ Q♦=1  B:K♥ 2♦ 2♥=4  BANKER(W)  | +950원 → 154,100원
H593 | bet   1,000원 BANKER | P:6♦ 3♥=9  B:3♦ 10♦=3  PLAYER(L)  | -1,000원 → 153,100원  [start]
H594 | bet   2,000원 PLAYER | P:K♥ 8♠=8  B:A♥ 5♠=6  PLAYER(W)  | +2,000원 → 155,100원  [end_win]
H595 | bet   1,000원 BANKER | P:3♦ A♥ Q♠=4  B:3♥ A♦=4  TIE(T)  |     0원 → 155,100원
H596 | bet   1,000원 BANKER | P:7♣ 4♦ 5♣=6  B:A♥ 3♣ 10♣=4  PLAYER(L)  | -1,000원 → 154,100원  [start]
H597 | bet   2,000원 PLAYER | P:4♥ 8♦ 2♥=4  B:Q♣ 10♣ A♥=1  PLAYER(W)  | +2,000원 → 156,100원  [end_win]
H598 | bet   1,000원 BANKER | P:3♦ 8♠=1  B:10♣ 9♣=9  BANKER(W)  | +950원 → 157,050원
H599 | bet   1,000원 BANKER | P:9♠ 5♥ 9♠=3  B:10♠ A♠ J♠=1  PLAYER(L)  | -1,000원 → 156,050원  [start]
H600 | bet   2,000원 PLAYER | P:8♥ 2♥ 7♥=7  B:2♣ 2♣ A♠=5  PLAYER(W)  | +2,000원 → 158,050원  [end_win]
H601 | bet   1,000원 BANKER | P:5♣ Q♦ J♥=5  B:K♣ 10♥ A♠=1  PLAYER(L)  | -1,000원 → 157,050원  [start]
H602 | bet   2,000원 PLAYER | P:8♥ K♠=8  B:6♣ A♥=7  PLAYER(W)  | +2,000원 → 159,050원  [end_win]
H603 | bet   1,000원 BANKER | P:3♠ 6♥=9  B:9♣ 2♦=1  PLAYER(L)  | -1,000원 → 158,050원  [start]
H604 | bet   2,000원 PLAYER | P:A♣ 4♥ 8♦=3  B:J♥ 5♦=5  BANKER(L)  | -2,000원 → 156,050원
H605 | bet   4,000원 PLAYER | P:9♦ 4♠ 5♥=8  B:4♣ 3♦=7  PLAYER(W)  | +4,000원 → 160,050원  [end_win]
H606 | bet   1,000원 BANKER | P:K♣ 6♠=6  B:3♠ A♦ K♠=4  PLAYER(L)  | -1,000원 → 159,050원  [start]
H607 | bet   2,000원 PLAYER | P:Q♣ 9♦=9  B:8♥ 4♠=2  PLAYER(W)  | +2,000원 → 161,050원  [end_win]
H608 | bet   1,000원 BANKER | P:Q♣ A♠ 4♥=5  B:2♠ K♥ 7♦=9  BANKER(W)  | +950원 → 162,000원
H609 | bet   1,000원 BANKER | P:3♥ 8♠=1  B:9♦ J♠=9  BANKER(W)  | +950원 → 162,950원
H610 | bet   1,000원 BANKER | P:7♣ 5♦ J♥=2  B:J♠ Q♥ Q♥=0  PLAYER(L)  | -1,000원 → 161,950원  [start]
H611 | bet   2,000원 PLAYER | P:3♥ 10♠ 9♣=2  B:2♠ 10♥ 7♠=9  BANKER(L)  | -2,000원 → 159,950원
H612 | bet   4,000원 PLAYER | P:5♦ 9♣ 10♣=4  B:5♣ 2♣=7  BANKER(L)  | -4,000원 → 155,950원
H613 | bet   8,000원 PLAYER | P:J♣ 7♣=7  B:9♠ K♠=9  BANKER(L)  | -8,000원 → 147,950원
H614 | bet  16,000원 PLAYER | P:8♣ 9♥=7  B:8♦ 4♠ 8♣=0  PLAYER(W)  | +16,000원 → 163,950원  [end_win]
H615 | bet   1,000원 BANKER | P:2♠ 4♦=6  B:8♦ 3♣ 2♠=3  PLAYER(L)  | -1,000원 → 162,950원  [start]
H616 | bet   2,000원 PLAYER | P:6♣ 3♥=9  B:9♦ J♣=9  TIE(T)  |     0원 → 162,950원
H617 | bet   2,000원 PLAYER | P:K♠ 2♠ 5♠=7  B:A♣ 6♣=7  TIE(T)  |     0원 → 162,950원
H618 | bet   2,000원 PLAYER | P:5♥ 3♣=8  B:4♣ 2♦=6  PLAYER(W)  | +2,000원 → 164,950원  [end_win]
H619 | bet   1,000원 BANKER | P:10♥ K♣ 5♣=5  B:10♦ A♠ J♥=1  PLAYER(L)  | -1,000원 → 163,950원  [start]
H620 | bet   2,000원 PLAYER | P:6♣ 2♠=8  B:7♣ 7♦=4  PLAYER(W)  | +2,000원 → 165,950원  [end_win]
H621 | bet   1,000원 BANKER | P:J♦ J♥ 6♥=6  B:Q♠ K♦ 7♠=7  BANKER(W)  | +950원 → 166,900원
H622 | bet   1,000원 BANKER | P:6♠ J♠=6  B:9♦ 3♦ 3♦=5  PLAYER(L)  | -1,000원 → 165,900원  [start]
H623 | bet   2,000원 PLAYER | P:7♣ 6♦ 9♣=2  B:4♣ 3♣=7  BANKER(L)  | -2,000원 → 163,900원
H624 | bet   4,000원 PLAYER | P:Q♥ J♠=0  B:7♥ A♥=8  BANKER(L)  | -4,000원 → 159,900원
H625 | bet   8,000원 PLAYER | P:Q♦ Q♣ Q♥=0  B:7♥ Q♥=7  BANKER(L)  | -8,000원 → 151,900원
H626 | bet  16,000원 PLAYER | P:9♥ J♦=9  B:8♣ 2♥=0  PLAYER(W)  | +16,000원 → 167,900원  [end_win]
H627 | bet   1,000원 BANKER | P:8♣ 2♦ 7♥=7  B:5♦ 6♥ 5♣=6  PLAYER(L)  | -1,000원 → 166,900원  [start]
H628 | bet   2,000원 PLAYER | P:6♦ K♦=6  B:3♥ 7♥ 5♣=5  PLAYER(W)  | +2,000원 → 168,900원  [end_win]
H629 | bet   1,000원 BANKER | P:5♠ J♣=5  B:5♥ 3♠=8  BANKER(W)  | +950원 → 169,850원
H630 | bet   1,000원 BANKER | P:4♥ 9♥ A♣=4  B:5♠ 8♥ Q♠=3  PLAYER(L)  | -1,000원 → 168,850원  [start]
H631 | bet   2,000원 PLAYER | P:9♦ J♦=9  B:8♣ J♣=8  PLAYER(W)  | +2,000원 → 170,850원  [end_win]
H632 | bet   1,000원 BANKER | P:6♥ 2♠=8  B:4♦ 6♦=0  PLAYER(L)  | -1,000원 → 169,850원  [start]
H633 | bet   2,000원 PLAYER | P:9♣ Q♣=9  B:5♥ A♦=6  PLAYER(W)  | +2,000원 → 171,850원  [end_win]
H634 | bet   1,000원 BANKER | P:Q♠ 8♠=8  B:7♦ 6♠=3  PLAYER(L)  | -1,000원 → 170,850원  [start]
H635 | bet   2,000원 PLAYER | P:8♣ 3♣ 10♠=1  B:K♥ K♥ K♦=0  PLAYER(W)  | +2,000원 → 172,850원  [end_win]
H636 | bet   1,000원 BANKER | P:K♦ A♣ A♥=2  B:4♣ A♠=5  BANKER(W)  | +950원 → 173,800원
H637 | bet   1,000원 BANKER | P:K♣ Q♠=0  B:5♠ 3♠=8  BANKER(W)  | +950원 → 174,750원
H638 | bet   1,000원 BANKER | P:Q♣ Q♦ 7♣=7  B:10♦ 2♦ 9♥=1  PLAYER(L)  | -1,000원 → 173,750원  [start]
H639 | bet   2,000원 PLAYER | P:10♠ 5♣ J♠=5  B:9♣ 2♣ K♣=1  PLAYER(W)  | +2,000원 → 175,750원  [end_win]
H640 | bet   1,000원 BANKER | P:7♠ Q♠=7  B:6♥ 7♠ 6♠=9  BANKER(W)  | +950원 → 176,700원
H641 | bet   1,000원 BANKER | P:10♣ 2♦ 8♥=0  B:Q♥ K♥ Q♠=0  TIE(T)  |     0원 → 176,700원
H642 | bet   1,000원 BANKER | P:3♠ 8♦=1  B:10♥ 8♦=8  BANKER(W)  | +950원 → 177,650원
H643 | bet   1,000원 BANKER | P:2♥ Q♠ Q♣=2  B:9♦ A♣ 10♣=0  PLAYER(L)  | -1,000원 → 176,650원  [start]
H644 | bet   2,000원 PLAYER | P:6♣ Q♦=6  B:8♠ 6♦ 7♠=1  PLAYER(W)  | +2,000원 → 178,650원  [end_win]
H645 | bet   1,000원 BANKER | P:7♣ 6♦ J♥=3  B:2♣ 2♥=4  BANKER(W)  | +950원 → 179,600원
H646 | bet   1,000원 BANKER | P:7♣ 2♥=9  B:9♥ 7♠=6  PLAYER(L)  | -1,000원 → 178,600원  [start]
H647 | bet   2,000원 PLAYER | P:8♥ 8♦=6  B:4♥ 9♠ J♣=3  PLAYER(W)  | +2,000원 → 180,600원  [end_win]
H648 | bet   1,000원 BANKER | P:6♦ 2♣=8  B:2♦ 4♣=6  PLAYER(L)  | -1,000원 → 179,600원  [start]
H649 | bet   2,000원 PLAYER | P:K♥ A♦=1  B:9♠ Q♥=9  BANKER(L)  | -2,000원 → 177,600원
H650 | bet   4,000원 PLAYER | P:Q♦ 5♠ 3♠=8  B:6♥ 10♥=6  PLAYER(W)  | +4,000원 → 181,600원  [end_win]
H651 | bet   1,000원 BANKER | P:4♣ 6♠ 7♥=7  B:10♦ J♠ 9♠=9  BANKER(W)  | +950원 → 182,550원
H652 | bet   1,000원 BANKER | P:7♠ 7♦=4  B:9♠ K♦=9  BANKER(W)  | +950원 → 183,500원
H653 | bet   1,000원 BANKER | P:2♣ 4♠=6  B:3♦ 5♠=8  BANKER(W)  | +950원 → 184,450원
H654 | bet   1,000원 BANKER | P:J♥ 6♦=6  B:6♦ 4♦ A♠=1  PLAYER(L)  | -1,000원 → 183,450원  [start]
H655 | bet   2,000원 PLAYER | P:5♥ 7♠ 3♠=5  B:2♦ 3♦=5  TIE(T)  |     0원 → 183,450원
H656 | bet   2,000원 PLAYER | P:J♦ 9♠=9  B:4♦ 6♦=0  PLAYER(W)  | +2,000원 → 185,450원  [end_win]
H657 | bet   1,000원 BANKER | P:2♠ 7♣=9  B:2♣ 8♣=0  PLAYER(L)  | -1,000원 → 184,450원  [start]
H658 | bet   2,000원 PLAYER | P:7♦ 9♣=6  B:2♦ A♠ A♦=4  PLAYER(W)  | +2,000원 → 186,450원  [end_win]
H659 | bet   1,000원 BANKER | P:A♠ 2♥ 7♦=0  B:Q♠ Q♣ J♠=0  TIE(T)  |     0원 → 186,450원
H660 | bet   1,000원 BANKER | P:2♥ J♥ 6♦=8  B:A♦ 4♣ 2♣=7  PLAYER(L)  | -1,000원 → 185,450원  [start]
H661 | bet   2,000원 PLAYER | P:2♠ 3♣ 8♠=3  B:5♣ 5♥ 5♣=5  BANKER(L)  | -2,000원 → 183,450원
H662 | bet   4,000원 PLAYER | P:3♦ Q♠ 10♣=3  B:8♦ 7♦=5  BANKER(L)  | -4,000원 → 179,450원
H663 | bet   8,000원 PLAYER | P:A♠ 8♠=9  B:6♣ 2♠=8  PLAYER(W)  | +8,000원 → 187,450원  [end_win]
H664 | bet   1,000원 BANKER | P:9♦ 10♦=9  B:7♦ K♣=7  PLAYER(L)  | -1,000원 → 186,450원  [start]
H665 | bet   2,000원 PLAYER | P:K♥ 5♥ Q♣=5  B:J♦ J♠ 4♠=4  PLAYER(W)  | +2,000원 → 188,450원  [end_win]
H666 | bet   1,000원 BANKER | P:3♦ 2♣ 2♦=7  B:2♣ 4♦=6  PLAYER(L)  | -1,000원 → 187,450원  [start]
H667 | bet   2,000원 PLAYER | P:9♠ 6♠ 10♥=5  B:6♣ 7♠ 6♥=9  BANKER(L)  | -2,000원 → 185,450원
H668 | bet   4,000원 PLAYER | P:Q♥ 4♥ 6♠=0  B:K♠ 10♣ 2♦=2  BANKER(L)  | -4,000원 → 181,450원
H669 | bet   8,000원 PLAYER | P:7♠ J♠=7  B:9♦ J♥=9  BANKER(L)  | -8,000원 → 173,450원
H670 | bet  16,000원 PLAYER | P:9♠ 5♦ 3♦=7  B:3♥ 9♥ 6♣=8  BANKER(L)  | -16,000원 → 157,450원  [end_giveup]
H671 | bet   1,000원 BANKER | P:10♣ J♦ 5♠=5  B:10♠ 3♠ J♠=3  PLAYER(L)  | -1,000원 → 156,450원  [start]
H672 | bet   2,000원 PLAYER | P:Q♦ 7♥=7  B:A♦ K♣ 9♠=0  PLAYER(W)  | +2,000원 → 158,450원  [end_win]
H673 | bet   1,000원 BANKER | P:10♥ K♦ 8♦=8  B:2♥ 9♣ K♥=1  PLAYER(L)  | -1,000원 → 157,450원  [start]
H674 | bet   2,000원 PLAYER | P:8♠ 9♥=7  B:J♠ J♣ 5♥=5  PLAYER(W)  | +2,000원 → 159,450원  [end_win]
H675 | bet   1,000원 BANKER | P:5♦ 8♣=3  B:8♠ K♣=8  BANKER(W)  | +950원 → 160,400원
H676 | bet   1,000원 BANKER | P:6♠ 4♥ 5♦=5  B:7♣ 3♣ 9♦=9  BANKER(W)  | +950원 → 161,350원
H677 | bet   1,000원 BANKER | P:6♦ 10♦=6  B:2♦ 6♣=8  BANKER(W)  | +950원 → 162,300원
H678 | bet   1,000원 BANKER | P:8♥ 10♠=8  B:5♦ 4♦=9  BANKER(W)  | +950원 → 163,250원
H679 | bet   1,000원 BANKER | P:10♥ 3♥ 10♦=3  B:2♥ 9♣ 8♣=9  BANKER(W)  | +950원 → 164,200원
H680 | bet   1,000원 BANKER | P:4♦ 3♠=7  B:6♥ Q♥=6  PLAYER(L)  | -1,000원 → 163,200원  [start]
H681 | bet   2,000원 PLAYER | P:3♥ 5♥=8  B:3♥ 9♦=2  PLAYER(W)  | +2,000원 → 165,200원  [end_win]
H682 | bet   1,000원 BANKER | P:2♥ 8♣=0  B:7♥ 2♥=9  BANKER(W)  | +950원 → 166,150원
H683 | bet   1,000원 BANKER | P:8♥ 5♦ Q♣=3  B:Q♣ 6♦=6  BANKER(W)  | +950원 → 167,100원
H684 | bet   1,000원 BANKER | P:K♥ 2♠ A♥=3  B:5♦ Q♥=5  BANKER(W)  | +950원 → 168,050원
H685 | bet   1,000원 BANKER | P:8♥ 3♣ Q♦=1  B:7♥ 7♠=4  BANKER(W)  | +950원 → 169,000원
H686 | bet   1,000원 BANKER | P:K♣ Q♦ K♦=0  B:4♣ 7♥ 3♦=4  BANKER(W)  | +950원 → 169,950원
H687 | bet   1,000원 BANKER | P:2♣ 4♦=6  B:9♦ 5♣ 7♣=1  PLAYER(L)  | -1,000원 → 168,950원  [start]
H688 | bet   2,000원 PLAYER | P:10♣ Q♣=0  B:3♠ 5♥=8  BANKER(L)  | -2,000원 → 166,950원
H689 | bet   4,000원 PLAYER | P:2♠ J♥ Q♦=2  B:8♦ 4♣ 9♣=1  PLAYER(W)  | +4,000원 → 170,950원  [end_win]
H690 | bet   1,000원 BANKER | P:3♦ A♥ 3♥=7  B:2♠ 10♥ 10♠=2  PLAYER(L)  | -1,000원 → 169,950원  [start]
H691 | bet   2,000원 PLAYER | P:A♥ 10♠ J♦=1  B:A♥ 9♥ 5♦=5  BANKER(L)  | -2,000원 → 167,950원
H692 | bet   4,000원 PLAYER | P:Q♠ 5♠ 5♠=0  B:A♣ 10♦ Q♠=1  BANKER(L)  | -4,000원 → 163,950원
H693 | bet   8,000원 PLAYER | P:2♣ Q♥ 4♣=6  B:3♣ K♦ 8♦=1  PLAYER(W)  | +8,000원 → 171,950원  [end_win]
H694 | bet   1,000원 BANKER | P:10♥ 6♠=6  B:7♥ Q♦=7  BANKER(W)  | +950원 → 172,900원
H695 | bet   1,000원 BANKER | P:3♣ A♦ 6♦=0  B:A♣ J♦ 6♥=7  BANKER(W)  | +950원 → 173,850원
H696 | bet   1,000원 BANKER | P:7♥ 6♠ J♣=3  B:4♠ K♦=4  BANKER(W)  | +950원 → 174,800원
H697 | bet   1,000원 BANKER | P:8♥ A♠=9  B:J♣ A♦=1  PLAYER(L)  | -1,000원 → 173,800원  [start]
H698 | bet   2,000원 PLAYER | P:7♣ K♠=7  B:10♦ 10♥ 7♦=7  TIE(T)  |     0원 → 173,800원
H699 | bet   2,000원 PLAYER | P:A♦ 4♣ 5♣=0  B:K♣ 2♥ 6♥=8  BANKER(L)  | -2,000원 → 171,800원
H700 | bet   4,000원 PLAYER | P:2♠ 5♠=7  B:K♦ 9♦=9  BANKER(L)  | -4,000원 → 167,800원
H701 | bet   8,000원 PLAYER | P:J♥ 10♠ 9♥=9  B:J♥ 2♦ K♥=2  PLAYER(W)  | +8,000원 → 175,800원  [end_win]
H702 | bet   1,000원 BANKER | P:J♥ A♥=1  B:9♠ K♥=9  BANKER(W)  | +950원 → 176,750원
H703 | bet   1,000원 BANKER | P:9♠ 4♥=3  B:6♣ 2♥=8  BANKER(W)  | +950원 → 177,700원
H704 | bet   1,000원 BANKER | P:4♥ 10♦ A♠=5  B:A♣ K♠ Q♦=1  PLAYER(L)  | -1,000원 → 176,700원  [start]
H705 | bet   2,000원 PLAYER | P:10♠ 8♦=8  B:Q♣ K♣=0  PLAYER(W)  | +2,000원 → 178,700원  [end_win]
H706 | bet   1,000원 BANKER | P:A♣ K♠=1  B:A♣ 7♣=8  BANKER(W)  | +950원 → 179,650원
H707 | bet   1,000원 BANKER | P:A♥ 4♦=5  B:4♠ 5♠=9  BANKER(W)  | +950원 → 180,600원
H708 | bet   1,000원 BANKER | P:A♠ K♥ 5♥=6  B:J♦ 4♥ 2♠=6  TIE(T)  |     0원 → 180,600원
H709 | bet   1,000원 BANKER | P:Q♠ 3♥=3  B:9♣ Q♠=9  BANKER(W)  | +950원 → 181,550원
H710 | bet   1,000원 BANKER | P:5♠ 9♥ 10♣=4  B:Q♣ 7♣=7  BANKER(W)  | +950원 → 182,500원
H711 | bet   1,000원 BANKER | P:K♠ A♣ 3♣=4  B:8♣ 4♠ 9♣=1  PLAYER(L)  | -1,000원 → 181,500원  [start]
H712 | bet   2,000원 PLAYER | P:Q♠ 3♠=3  B:K♦ 9♦=9  BANKER(L)  | -2,000원 → 179,500원
H713 | bet   4,000원 PLAYER | P:6♥ 7♣ 7♥=0  B:7♦ 7♦ 3♥=7  BANKER(L)  | -4,000원 → 175,500원
H714 | bet   8,000원 PLAYER | P:4♥ 10♦ J♠=4  B:K♣ A♠ 10♥=1  PLAYER(W)  | +8,000원 → 183,500원  [end_win]
H715 | bet   1,000원 BANKER | P:6♣ 8♠ 6♦=0  B:3♣ 4♣=7  BANKER(W)  | +950원 → 184,450원
H716 | bet   1,000원 BANKER | P:5♦ J♣ A♦=6  B:8♣ 9♥=7  BANKER(W)  | +950원 → 185,400원
H717 | bet   1,000원 BANKER | P:K♥ 5♠ 3♦=8  B:A♣ 9♣ 7♦=7  PLAYER(L)  | -1,000원 → 184,400원  [start]
H718 | bet   2,000원 PLAYER | P:Q♥ 9♣=9  B:J♠ 6♠=6  PLAYER(W)  | +2,000원 → 186,400원  [end_win]
H719 | bet   1,000원 BANKER | P:2♣ 7♠=9  B:4♥ 8♦=2  PLAYER(L)  | -1,000원 → 185,400원  [start]
H720 | bet   2,000원 PLAYER | P:8♥ 4♠ 7♣=9  B:J♣ 6♥ 8♦=4  PLAYER(W)  | +2,000원 → 187,400원  [end_win]
H721 | bet   1,000원 BANKER | P:Q♥ 8♦=8  B:A♥ 10♣=1  PLAYER(L)  | -1,000원 → 186,400원  [start]
H722 | bet   2,000원 PLAYER | P:2♦ 10♠ 8♥=0  B:3♣ 10♣=3  BANKER(L)  | -2,000원 → 184,400원
H723 | bet   4,000원 PLAYER | P:9♥ 4♠ 5♣=8  B:3♥ 7♠ 8♣=8  TIE(T)  |     0원 → 184,400원
H724 | bet   4,000원 PLAYER | P:10♣ 3♠ 4♠=7  B:5♠ 5♣ 4♠=4  PLAYER(W)  | +4,000원 → 188,400원  [end_win]
H725 | bet   1,000원 BANKER | P:3♠ 4♥=7  B:9♠ 10♦=9  BANKER(W)  | +950원 → 189,350원
H726 | bet   1,000원 BANKER | P:A♦ J♣ A♥=2  B:7♥ 4♣ 6♥=7  BANKER(W)  | +950원 → 190,300원
H727 | bet   1,000원 BANKER | P:4♦ 8♠ Q♠=2  B:6♣ J♦=6  BANKER(W)  | +950원 → 191,250원
H728 | bet   1,000원 BANKER | P:J♦ 2♦ Q♥=2  B:5♥ K♥=5  BANKER(W)  | +950원 → 192,200원
H729 | bet   1,000원 BANKER | P:3♠ 6♣=9  B:9♠ 7♠=6  PLAYER(L)  | -1,000원 → 191,200원  [start]
H730 | bet   2,000원 PLAYER | P:K♣ 8♥=8  B:3♦ 10♠=3  PLAYER(W)  | +2,000원 → 193,200원  [end_win]
H731 | bet   1,000원 BANKER | P:J♥ 8♥=8  B:J♣ Q♦=0  PLAYER(L)  | -1,000원 → 192,200원  [start]
H732 | bet   2,000원 PLAYER | P:J♣ 5♣ K♠=5  B:J♠ K♦ 8♠=8  BANKER(L)  | -2,000원 → 190,200원
H733 | bet   4,000원 PLAYER | P:8♣ A♣=9  B:Q♥ 6♠=6  PLAYER(W)  | +4,000원 → 194,200원  [end_win]
H734 | bet   1,000원 BANKER | P:K♠ Q♣ K♦=0  B:9♦ 5♣=4  BANKER(W)  | +950원 → 195,150원
H735 | bet   1,000원 BANKER | P:4♥ 5♠=9  B:7♠ A♣=8  PLAYER(L)  | -1,000원 → 194,150원  [start]
H736 | bet   2,000원 PLAYER | P:7♥ 6♣=3  B:7♦ 2♠=9  BANKER(L)  | -2,000원 → 192,150원
H737 | bet   4,000원 PLAYER | P:5♦ 2♠=7  B:Q♥ 2♦ 4♥=6  PLAYER(W)  | +4,000원 → 196,150원  [end_win]
H738 | bet   1,000원 BANKER | P:5♥ 7♠ 7♠=9  B:K♦ A♥ A♠=2  PLAYER(L)  | -1,000원 → 195,150원  [start]
H739 | bet   2,000원 PLAYER | P:8♦ Q♠=8  B:10♥ J♠=0  PLAYER(W)  | +2,000원 → 197,150원  [end_win]
H740 | bet   1,000원 BANKER | P:8♣ 3♣ J♠=1  B:10♥ J♦ Q♠=0  PLAYER(L)  | -1,000원 → 196,150원  [start]
H741 | bet   2,000원 PLAYER | P:K♥ 4♠=4  B:3♥ 5♠=8  BANKER(L)  | -2,000원 → 194,150원
H742 | bet   4,000원 PLAYER | P:8♥ 6♠ A♣=5  B:10♣ 4♥=4  PLAYER(W)  | +4,000원 → 198,150원  [end_win]
H743 | bet   1,000원 BANKER | P:6♥ 6♣ 2♣=4  B:4♣ 10♦ A♦=5  BANKER(W)  | +950원 → 199,100원
H744 | bet   1,000원 BANKER | P:9♠ 10♥=9  B:4♣ 8♣=2  PLAYER(L)  | -1,000원 → 198,100원  [start]
H745 | bet   2,000원 PLAYER | P:5♦ 10♠ 7♥=2  B:7♥ 8♦ 7♣=2  TIE(T)  |     0원 → 198,100원
H746 | bet   2,000원 PLAYER | P:K♦ K♣ J♦=0  B:5♣ 2♥=7  BANKER(L)  | -2,000원 → 196,100원
H747 | bet   4,000원 PLAYER | P:9♦ 7♠=6  B:4♥ 8♠ 4♠=6  TIE(T)  |     0원 → 196,100원
H748 | bet   4,000원 PLAYER | P:6♦ A♠=7  B:A♥ 2♥ 5♣=8  BANKER(L)  | -4,000원 → 192,100원
H749 | bet   8,000원 PLAYER | P:7♣ 2♥=9  B:3♠ 6♣=9  TIE(T)  |     0원 → 192,100원
H750 | bet   8,000원 PLAYER | P:4♦ 8♠ 2♦=4  B:5♥ 5♥ 6♥=6  BANKER(L)  | -8,000원 → 184,100원
H751 | bet  16,000원 PLAYER | P:2♦ 4♦=6  B:6♥ 2♦=8  BANKER(L)  | -16,000원 → 168,100원  [end_giveup]
H752 | bet   1,000원 BANKER | P:10♦ 9♥=9  B:6♠ 3♥=9  TIE(T)  |     0원 → 168,100원
H753 | bet   1,000원 BANKER | P:K♠ 10♠ K♦=0  B:9♠ 3♦ 5♥=7  BANKER(W)  | +950원 → 169,050원
H754 | bet   1,000원 BANKER | P:6♣ 3♣=9  B:A♥ 3♣=4  PLAYER(L)  | -1,000원 → 168,050원  [start]
H755 | bet   2,000원 PLAYER | P:8♠ 5♣ 2♥=5  B:4♣ 3♥=7  BANKER(L)  | -2,000원 → 166,050원
H756 | bet   4,000원 PLAYER | P:J♣ K♥ Q♣=0  B:8♦ 5♥ J♠=3  BANKER(L)  | -4,000원 → 162,050원
H757 | bet   8,000원 PLAYER | P:7♣ K♠=7  B:9♠ 9♥=8  BANKER(L)  | -8,000원 → 154,050원
H758 | bet  16,000원 PLAYER | P:3♣ 7♠ 9♠=9  B:4♦ Q♠=4  PLAYER(W)  | +16,000원 → 170,050원  [end_win]
H759 | bet   1,000원 BANKER | P:3♣ J♦ Q♦=3  B:10♣ J♠ 3♥=3  TIE(T)  |     0원 → 170,050원
H760 | bet   1,000원 BANKER | P:K♠ Q♣=0  B:7♣ 2♦=9  BANKER(W)  | +950원 → 171,000원
H761 | bet   1,000원 BANKER | P:3♣ 3♦=6  B:4♣ 3♥=7  BANKER(W)  | +950원 → 171,950원
H762 | bet   1,000원 BANKER | P:2♦ 6♦=8  B:Q♥ 10♥=0  PLAYER(L)  | -1,000원 → 170,950원  [start]
H763 | bet   2,000원 PLAYER | P:7♣ K♣=7  B:7♦ 5♣ K♦=2  PLAYER(W)  | +2,000원 → 172,950원  [end_win]
H764 | bet   1,000원 BANKER | P:5♦ J♠ A♠=6  B:Q♠ 3♥ 6♠=9  BANKER(W)  | +950원 → 173,900원
H765 | bet   1,000원 BANKER | P:9♠ 4♣ 7♥=0  B:3♠ 8♦ 9♠=0  TIE(T)  |     0원 → 173,900원
H766 | bet   1,000원 BANKER | P:8♣ K♣=8  B:5♥ 2♠=7  PLAYER(L)  | -1,000원 → 172,900원  [start]
H767 | bet   2,000원 PLAYER | P:K♥ Q♣ 5♠=5  B:4♠ Q♣ 10♣=4  PLAYER(W)  | +2,000원 → 174,900원  [end_win]
H768 | bet   1,000원 BANKER | P:8♠ 3♦ J♦=1  B:J♦ 3♣ 2♣=5  BANKER(W)  | +950원 → 175,850원
H769 | bet   1,000원 BANKER | P:7♦ J♦=7  B:A♦ 10♥ J♠=1  PLAYER(L)  | -1,000원 → 174,850원  [start]
H770 | bet   2,000원 PLAYER | P:J♣ 10♠ 9♣=9  B:J♥ K♥ 6♣=6  PLAYER(W)  | +2,000원 → 176,850원  [end_win]
H771 | bet   1,000원 BANKER | P:9♦ 10♦=9  B:5♣ J♠=5  PLAYER(L)  | -1,000원 → 175,850원  [start]
H772 | bet   2,000원 PLAYER | P:Q♥ 10♦ 5♥=5  B:K♣ 6♦=6  BANKER(L)  | -2,000원 → 173,850원
H773 | bet   4,000원 PLAYER | P:10♥ 7♥=7  B:7♦ J♣=7  TIE(T)  |     0원 → 173,850원
H774 | bet   4,000원 PLAYER | P:A♥ 2♣=3  B:K♦ 9♣=9  BANKER(L)  | -4,000원 → 169,850원
H775 | bet   8,000원 PLAYER | P:2♣ 6♠=8  B:7♥ 3♦=0  PLAYER(W)  | +8,000원 → 177,850원  [end_win]
H776 | bet   1,000원 BANKER | P:K♥ Q♦ 6♦=6  B:2♠ 5♠=7  BANKER(W)  | +950원 → 178,800원
H777 | bet   1,000원 BANKER | P:Q♠ 9♦=9  B:9♣ 10♣=9  TIE(T)  |     0원 → 178,800원
H778 | bet   1,000원 BANKER | P:5♣ 6♣=1  B:5♦ 3♠=8  BANKER(W)  | +950원 → 179,750원
H779 | bet   1,000원 BANKER | P:9♥ 6♠=5  B:10♦ 8♣=8  BANKER(W)  | +950원 → 180,700원
H780 | bet   1,000원 BANKER | P:J♦ 8♦=8  B:A♦ 10♥=1  PLAYER(L)  | -1,000원 → 179,700원  [start]
H781 | bet   2,000원 PLAYER | P:8♦ 3♣ 7♥=8  B:6♦ 8♣ 4♥=8  TIE(T)  |     0원 → 179,700원
H782 | bet   2,000원 PLAYER | P:K♠ 10♦ 2♥=2  B:Q♣ 6♥=6  BANKER(L)  | -2,000원 → 177,700원
H783 | bet   4,000원 PLAYER | P:Q♣ 2♣ 6♠=8  B:J♥ A♦ J♣=1  PLAYER(W)  | +4,000원 → 181,700원  [end_win]
H784 | bet   1,000원 BANKER | P:4♥ 4♥=8  B:9♥ 3♥=2  PLAYER(L)  | -1,000원 → 180,700원  [start]
H785 | bet   2,000원 PLAYER | P:K♦ 8♠=8  B:10♠ J♥=0  PLAYER(W)  | +2,000원 → 182,700원  [end_win]
H786 | bet   1,000원 BANKER | P:4♦ 7♠ 7♣=8  B:7♣ K♥=7  PLAYER(L)  | -1,000원 → 181,700원  [start]
H787 | bet   2,000원 PLAYER | P:5♦ 5♣ 9♣=9  B:10♥ 7♣=7  PLAYER(W)  | +2,000원 → 183,700원  [end_win]
H788 | bet   1,000원 BANKER | P:Q♥ 7♠=7  B:A♣ 4♦ 3♦=8  BANKER(W)  | +950원 → 184,650원
H789 | bet   1,000원 BANKER | P:4♠ J♥ 7♦=1  B:9♦ 4♠ 3♦=6  BANKER(W)  | +950원 → 185,600원
H790 | bet   1,000원 BANKER | P:10♣ J♣=0  B:K♥ 8♥=8  BANKER(W)  | +950원 → 186,550원
H791 | bet   1,000원 BANKER | P:6♥ K♣=6  B:K♥ 7♠=7  BANKER(W)  | +950원 → 187,500원
H792 | bet   1,000원 BANKER | P:Q♠ 9♥=9  B:Q♦ A♦=1  PLAYER(L)  | -1,000원 → 186,500원  [start]
H793 | bet   2,000원 PLAYER | P:5♠ 6♥ 4♠=5  B:6♠ A♣=7  BANKER(L)  | -2,000원 → 184,500원
H794 | bet   4,000원 PLAYER | P:4♥ Q♦ 2♠=6  B:5♦ 5♣ 5♠=5  PLAYER(W)  | +4,000원 → 188,500원  [end_win]
H795 | bet   1,000원 BANKER | P:K♣ K♠ K♣=0  B:J♣ 3♥ 10♣=3  BANKER(W)  | +950원 → 189,450원
H796 | bet   1,000원 BANKER | P:3♦ 9♦ 3♠=5  B:2♠ 10♣ 8♣=0  PLAYER(L)  | -1,000원 → 188,450원  [start]
H797 | bet   2,000원 PLAYER | P:A♣ A♠=2  B:9♣ J♣=9  BANKER(L)  | -2,000원 → 186,450원
H798 | bet   4,000원 PLAYER | P:J♥ 4♦ A♥=5  B:8♥ 3♠ 9♣=0  PLAYER(W)  | +4,000원 → 190,450원  [end_win]
H799 | bet   1,000원 BANKER | P:2♣ A♠ A♠=4  B:8♠ 8♣=6  BANKER(W)  | +950원 → 191,400원
H800 | bet   1,000원 BANKER | P:Q♦ 8♥=8  B:10♠ 6♦=6  PLAYER(L)  | -1,000원 → 190,400원  [start]
H801 | bet   2,000원 PLAYER | P:9♠ A♦ J♥=0  B:Q♠ A♦ 4♣=5  BANKER(L)  | -2,000원 → 188,400원
H802 | bet   4,000원 PLAYER | P:7♥ 3♦ 5♦=5  B:J♦ Q♠ 9♦=9  BANKER(L)  | -4,000원 → 184,400원
H803 | bet   8,000원 PLAYER | P:A♠ Q♥ 7♦=8  B:Q♥ Q♣ 10♣=0  PLAYER(W)  | +8,000원 → 192,400원  [end_win]
H804 | bet   1,000원 BANKER | P:2♠ 5♦=7  B:9♣ 4♣ 10♦=3  PLAYER(L)  | -1,000원 → 191,400원  [start]
H805 | bet   2,000원 PLAYER | P:2♥ J♥ 8♠=0  B:K♠ 4♦=4  BANKER(L)  | -2,000원 → 189,400원
H806 | bet   4,000원 PLAYER | P:Q♣ 6♥=6  B:8♥ 6♦ 10♠=4  PLAYER(W)  | +4,000원 → 193,400원  [end_win]
H807 | bet   1,000원 BANKER | P:6♣ A♣=7  B:8♥ 6♥ 5♠=9  BANKER(W)  | +950원 → 194,350원
H808 | bet   1,000원 BANKER | P:J♠ 3♠ 9♦=2  B:5♠ 8♥ 4♠=7  BANKER(W)  | +950원 → 195,300원
H809 | bet   1,000원 BANKER | P:8♦ 8♣=6  B:K♦ K♦ 9♥=9  BANKER(W)  | +950원 → 196,250원
H810 | bet   1,000원 BANKER | P:A♥ 2♦ 2♣=5  B:Q♦ 7♦=7  BANKER(W)  | +950원 → 197,200원
H811 | bet   1,000원 BANKER | P:Q♥ 9♥=9  B:9♥ 9♠=8  PLAYER(L)  | -1,000원 → 196,200원  [start]
H812 | bet   2,000원 PLAYER | P:6♣ 2♣=8  B:2♥ A♦=3  PLAYER(W)  | +2,000원 → 198,200원  [end_win]
H813 | bet   1,000원 BANKER | P:K♠ 9♦=9  B:4♣ 2♠=6  PLAYER(L)  | -1,000원 → 197,200원  [start]
H814 | bet   2,000원 PLAYER | P:4♦ A♥ 3♠=8  B:A♥ 4♠=5  PLAYER(W)  | +2,000원 → 199,200원  [end_win]
H815 | bet   1,000원 BANKER | P:8♥ 8♠=6  B:J♥ Q♦ 6♦=6  TIE(T)  |     0원 → 199,200원
H816 | bet   1,000원 BANKER | P:5♥ 10♦ 10♠=5  B:K♠ A♠ 3♠=4  PLAYER(L)  | -1,000원 → 198,200원  [start]
H817 | bet   2,000원 PLAYER | P:5♥ 2♠=7  B:4♥ J♥ 8♦=2  PLAYER(W)  | +2,000원 → 200,200원  [end_win]
H818 | bet   1,000원 BANKER | P:5♠ 6♥ 5♠=6  B:Q♠ 3♥ J♠=3  PLAYER(L)  | -1,000원 → 199,200원  [start]
H819 | bet   2,000원 PLAYER | P:2♠ 8♣ 10♣=0  B:8♥ 4♣ J♥=2  BANKER(L)  | -2,000원 → 197,200원
H820 | bet   4,000원 PLAYER | P:K♥ 3♦ 6♦=9  B:2♣ 10♦ A♣=3  PLAYER(W)  | +4,000원 → 201,200원  [end_win]
H821 | bet   1,000원 BANKER | P:7♥ K♠=7  B:10♥ 3♣ 7♥=0  PLAYER(L)  | -1,000원 → 200,200원  [start]
H822 | bet   2,000원 PLAYER | P:2♦ Q♥ 4♥=6  B:5♦ 6♣ Q♠=1  PLAYER(W)  | +2,000원 → 202,200원  [end_win]
H823 | bet   1,000원 BANKER | P:9♣ 9♣=8  B:K♠ 2♣=2  PLAYER(L)  | -1,000원 → 201,200원  [start]
H824 | bet   2,000원 PLAYER | P:K♣ 8♥=8  B:9♠ Q♦=9  BANKER(L)  | -2,000원 → 199,200원
H825 | bet   4,000원 PLAYER | P:J♠ 4♦ J♦=4  B:10♥ J♦ 5♠=5  BANKER(L)  | -4,000원 → 195,200원
H826 | bet   8,000원 PLAYER | P:10♦ 4♣ 9♠=3  B:5♥ 2♥=7  BANKER(L)  | -8,000원 → 187,200원
H827 | bet  16,000원 PLAYER | P:6♠ J♠=6  B:Q♦ 10♠ 3♦=3  PLAYER(W)  | +16,000원 → 203,200원  [end_win]
H828 | bet   1,000원 BANKER | P:9♠ 7♠=6  B:7♦ K♥=7  BANKER(W)  | +950원 → 204,150원
H829 | bet   1,000원 BANKER | P:10♠ 2♠=2  B:9♠ 10♦=9  BANKER(W)  | +950원 → 205,100원
H830 | bet   1,000원 BANKER | P:J♦ 6♦=6  B:10♥ 7♥=7  BANKER(W)  | +950원 → 206,050원
H831 | bet   1,000원 BANKER | P:J♣ K♠=0  B:9♥ K♦=9  BANKER(W)  | +950원 → 207,000원
H832 | bet   1,000원 BANKER | P:3♠ J♦=3  B:2♥ 7♥=9  BANKER(W)  | +950원 → 207,950원
H833 | bet   1,000원 BANKER | P:8♦ Q♥=8  B:2♥ J♠=2  PLAYER(L)  | -1,000원 → 206,950원  [start]
H834 | bet   2,000원 PLAYER | P:J♣ 6♥=6  B:10♠ Q♣ 5♠=5  PLAYER(W)  | +2,000원 → 208,950원  [end_win]
H835 | bet   1,000원 BANKER | P:K♦ 6♥=6  B:A♥ 10♥ Q♥=1  PLAYER(L)  | -1,000원 → 207,950원  [start]
H836 | bet   2,000원 PLAYER | P:7♣ A♠=8  B:5♦ 2♣=7  PLAYER(W)  | +2,000원 → 209,950원  [end_win]
H837 | bet   1,000원 BANKER | P:4♣ 2♦=6  B:10♣ 6♦=6  TIE(T)  |     0원 → 209,950원
H838 | bet   1,000원 BANKER | P:7♥ A♣=8  B:3♥ 3♣=6  PLAYER(L)  | -1,000원 → 208,950원  [start]
H839 | bet   2,000원 PLAYER | P:K♦ 2♦ 8♦=0  B:7♣ 10♠=7  BANKER(L)  | -2,000원 → 206,950원
H840 | bet   4,000원 PLAYER | P:A♥ 6♣=7  B:5♦ 4♥=9  BANKER(L)  | -4,000원 → 202,950원
H841 | bet   8,000원 PLAYER | P:6♣ 4♥=0  B:8♣ J♥=8  BANKER(L)  | -8,000원 → 194,950원
H842 | bet  16,000원 PLAYER | P:4♠ 9♦ 10♦=3  B:Q♣ Q♠ 8♠=8  BANKER(L)  | -16,000원 → 178,950원  [end_giveup]
H843 | bet   1,000원 BANKER | P:J♣ 6♦=6  B:4♦ 5♦=9  BANKER(W)  | +950원 → 179,900원
H844 | bet   1,000원 BANKER | P:6♦ K♠=6  B:9♥ 8♦=7  BANKER(W)  | +950원 → 180,850원
H845 | bet   1,000원 BANKER | P:2♦ 8♦ 5♥=5  B:6♦ 8♣ 10♣=4  PLAYER(L)  | -1,000원 → 179,850원  [start]
H846 | bet   2,000원 PLAYER | P:2♠ 5♣=7  B:J♦ 7♣=7  TIE(T)  |     0원 → 179,850원
H847 | bet   2,000원 PLAYER | P:5♣ A♠=6  B:9♦ K♦=9  BANKER(L)  | -2,000원 → 177,850원
H848 | bet   4,000원 PLAYER | P:7♦ 9♦=6  B:A♥ 10♦ A♣=2  PLAYER(W)  | +4,000원 → 181,850원  [end_win]
H849 | bet   1,000원 BANKER | P:5♥ 3♥=8  B:7♦ 8♦=5  PLAYER(L)  | -1,000원 → 180,850원  [start]
H850 | bet   2,000원 PLAYER | P:6♠ 2♥=8  B:6♣ 9♦=5  PLAYER(W)  | +2,000원 → 182,850원  [end_win]
H851 | bet   1,000원 BANKER | P:5♣ A♣=6  B:10♦ J♣ 3♥=3  PLAYER(L)  | -1,000원 → 181,850원  [start]
H852 | bet   2,000원 PLAYER | P:Q♠ 4♥ 4♠=8  B:4♦ 8♣ 8♥=0  PLAYER(W)  | +2,000원 → 183,850원  [end_win]
H853 | bet   1,000원 BANKER | P:A♠ 3♠ Q♦=4  B:7♠ 4♦ J♥=1  PLAYER(L)  | -1,000원 → 182,850원  [start]
H854 | bet   2,000원 PLAYER | P:5♥ A♥=6  B:Q♥ 7♠=7  BANKER(L)  | -2,000원 → 180,850원
H855 | bet   4,000원 PLAYER | P:6♥ K♣=6  B:8♥ 3♣ 10♠=1  PLAYER(W)  | +4,000원 → 184,850원  [end_win]
H856 | bet   1,000원 BANKER | P:3♥ K♣=3  B:9♥ 10♥=9  BANKER(W)  | +950원 → 185,800원
H857 | bet   1,000원 BANKER | P:K♣ 2♥ 9♦=1  B:A♦ J♠ 9♦=0  PLAYER(L)  | -1,000원 → 184,800원  [start]
H858 | bet   2,000원 PLAYER | P:7♥ 4♦ 9♥=0  B:5♦ Q♠=5  BANKER(L)  | -2,000원 → 182,800원
H859 | bet   4,000원 PLAYER | P:10♠ A♦ 6♣=7  B:8♥ 8♠ 3♠=9  BANKER(L)  | -4,000원 → 178,800원
H860 | bet   8,000원 PLAYER | P:7♠ A♠=8  B:Q♦ K♦=0  PLAYER(W)  | +8,000원 → 186,800원  [end_win]
H861 | bet   1,000원 BANKER | P:Q♣ 5♥ K♣=5  B:7♣ 4♣ J♣=1  PLAYER(L)  | -1,000원 → 185,800원  [start]
H862 | bet   2,000원 PLAYER | P:7♣ 5♦ 6♦=8  B:A♣ K♣ 3♣=4  PLAYER(W)  | +2,000원 → 187,800원  [end_win]
H863 | bet   1,000원 BANKER | P:3♦ 6♠=9  B:A♦ 8♥=9  TIE(T)  |     0원 → 187,800원
H864 | bet   1,000원 BANKER | P:A♣ 6♠=7  B:10♠ 8♠=8  BANKER(W)  | +950원 → 188,750원
H865 | bet   1,000원 BANKER | P:K♥ 8♥=8  B:4♥ A♥=5  PLAYER(L)  | -1,000원 → 187,750원  [start]
H866 | bet   2,000원 PLAYER | P:Q♥ 9♥=9  B:2♠ 10♥=2  PLAYER(W)  | +2,000원 → 189,750원  [end_win]
H867 | bet   1,000원 BANKER | P:6♠ 4♥ 9♥=9  B:4♠ 3♠=7  PLAYER(L)  | -1,000원 → 188,750원  [start]
H868 | bet   2,000원 PLAYER | P:5♦ Q♣ J♣=5  B:J♠ Q♠ 5♣=5  TIE(T)  |     0원 → 188,750원
H869 | bet   2,000원 PLAYER | P:Q♥ 5♥ 3♠=8  B:5♥ 6♥ J♥=1  PLAYER(W)  | +2,000원 → 190,750원  [end_win]
H870 | bet   1,000원 BANKER | P:4♦ K♥ 2♣=6  B:3♥ 9♦ 9♣=1  PLAYER(L)  | -1,000원 → 189,750원  [start]
H871 | bet   2,000원 PLAYER | P:2♦ Q♠ 10♣=2  B:6♦ 7♣ Q♣=3  BANKER(L)  | -2,000원 → 187,750원
H872 | bet   4,000원 PLAYER | P:9♣ 2♣ 4♠=5  B:7♦ 7♣ 4♥=8  BANKER(L)  | -4,000원 → 183,750원
H873 | bet   8,000원 PLAYER | P:3♠ 6♣=9  B:2♦ 3♦=5  PLAYER(W)  | +8,000원 → 191,750원  [end_win]
H874 | bet   1,000원 BANKER | P:2♦ 7♦=9  B:10♣ 8♣=8  PLAYER(L)  | -1,000원 → 190,750원  [start]
H875 | bet   2,000원 PLAYER | P:Q♥ 9♥=9  B:9♣ A♦=0  PLAYER(W)  | +2,000원 → 192,750원  [end_win]
H876 | bet   1,000원 BANKER | P:6♣ 7♠ 4♠=7  B:Q♥ 4♦ K♦=4  PLAYER(L)  | -1,000원 → 191,750원  [start]
H877 | bet   2,000원 PLAYER | P:A♦ 10♦ 7♣=8  B:A♦ 4♣ 3♥=8  TIE(T)  |     0원 → 191,750원
H878 | bet   2,000원 PLAYER | P:Q♣ 9♣=9  B:K♥ 8♠=8  PLAYER(W)  | +2,000원 → 193,750원  [end_win]
H879 | bet   1,000원 BANKER | P:6♠ K♦=6  B:A♦ 4♠ 4♠=9  BANKER(W)  | +950원 → 194,700원
H880 | bet   1,000원 BANKER | P:J♣ 9♠=9  B:Q♦ A♠=1  PLAYER(L)  | -1,000원 → 193,700원  [start]
H881 | bet   2,000원 PLAYER | P:10♦ 3♦=3  B:7♥ 2♥=9  BANKER(L)  | -2,000원 → 191,700원
H882 | bet   4,000원 PLAYER | P:J♥ K♠ A♥=1  B:A♠ A♦ 9♣=1  TIE(T)  |     0원 → 191,700원
H883 | bet   4,000원 PLAYER | P:3♣ 5♣=8  B:6♠ A♠=7  PLAYER(W)  | +4,000원 → 195,700원  [end_win]
H884 | bet   1,000원 BANKER | P:10♥ 3♦ 4♣=7  B:5♦ K♠ 3♣=8  BANKER(W)  | +950원 → 196,650원
H885 | bet   1,000원 BANKER | P:8♠ J♠=8  B:8♣ 3♦=1  PLAYER(L)  | -1,000원 → 195,650원  [start]
H886 | bet   2,000원 PLAYER | P:5♣ J♥ 8♠=3  B:3♣ 3♣=6  BANKER(L)  | -2,000원 → 193,650원
H887 | bet   4,000원 PLAYER | P:7♦ K♦=7  B:2♥ 9♥ A♣=2  PLAYER(W)  | +4,000원 → 197,650원  [end_win]
H888 | bet   1,000원 BANKER | P:7♥ 6♣ 8♠=1  B:9♦ 7♠=6  BANKER(W)  | +950원 → 198,600원
H889 | bet   1,000원 BANKER | P:2♠ 5♠=7  B:J♦ 6♥=6  PLAYER(L)  | -1,000원 → 197,600원  [start]
H890 | bet   2,000원 PLAYER | P:6♥ 9♣ K♠=5  B:5♠ 2♥=7  BANKER(L)  | -2,000원 → 195,600원
H891 | bet   4,000원 PLAYER | P:7♦ 2♠=9  B:9♠ Q♣=9  TIE(T)  |     0원 → 195,600원
H892 | bet   4,000원 PLAYER | P:2♦ 5♠=7  B:Q♦ 6♥=6  PLAYER(W)  | +4,000원 → 199,600원  [end_win]
H893 | bet   1,000원 BANKER | P:3♥ 7♦=0  B:K♠ 9♠=9  BANKER(W)  | +950원 → 200,550원
H894 | bet   1,000원 BANKER | P:J♦ 10♣ J♥=0  B:7♠ Q♦=7  BANKER(W)  | +950원 → 201,500원
H895 | bet   1,000원 BANKER | P:A♥ 8♦=9  B:10♥ 6♠=6  PLAYER(L)  | -1,000원 → 200,500원  [start]
H896 | bet   2,000원 PLAYER | P:K♥ J♣=0  B:9♠ Q♠=9  BANKER(L)  | -2,000원 → 198,500원
H897 | bet   4,000원 PLAYER | P:4♦ 2♠=6  B:4♠ 8♣ 4♣=6  TIE(T)  |     0원 → 198,500원
H898 | bet   4,000원 PLAYER | P:7♠ 3♠ 8♣=8  B:J♦ Q♦ 3♠=3  PLAYER(W)  | +4,000원 → 202,500원  [end_win]
H899 | bet   1,000원 BANKER | P:K♥ J♠ K♥=0  B:A♠ A♣ 5♠=7  BANKER(W)  | +950원 → 203,450원
H900 | bet   1,000원 BANKER | P:5♣ 10♣ Q♣=5  B:2♣ K♣ A♥=3  PLAYER(L)  | -1,000원 → 202,450원  [start]
H901 | bet   2,000원 PLAYER | P:7♦ 9♦=6  B:Q♦ 5♥ 10♣=5  PLAYER(W)  | +2,000원 → 204,450원  [end_win]
H902 | bet   1,000원 BANKER | P:10♥ J♦ 10♣=0  B:8♣ 3♦ K♦=1  BANKER(W)  | +950원 → 205,400원
H903 | bet   1,000원 BANKER | P:J♦ 4♦ 10♥=4  B:A♠ 4♠=5  BANKER(W)  | +950원 → 206,350원
H904 | bet   1,000원 BANKER | P:J♦ 8♠=8  B:3♣ 10♣=3  PLAYER(L)  | -1,000원 → 205,350원  [start]
H905 | bet   2,000원 PLAYER | P:A♦ 8♦=9  B:8♣ 8♠=6  PLAYER(W)  | +2,000원 → 207,350원  [end_win]
H906 | bet   1,000원 BANKER | P:8♥ 5♦ 8♦=1  B:6♠ Q♠=6  BANKER(W)  | +950원 → 208,300원
H907 | bet   1,000원 BANKER | P:10♥ A♣=1  B:5♠ 3♣=8  BANKER(W)  | +950원 → 209,250원
H908 | bet   1,000원 BANKER | P:9♦ 9♣=8  B:J♣ 4♠=4  PLAYER(L)  | -1,000원 → 208,250원  [start]
H909 | bet   2,000원 PLAYER | P:5♣ 2♣=7  B:J♠ 2♦ J♦=2  PLAYER(W)  | +2,000원 → 210,250원  [end_win]
H910 | bet   1,000원 BANKER | P:8♥ 3♠ 4♦=5  B:7♠ 3♥ 3♦=3  PLAYER(L)  | -1,000원 → 209,250원  [start]
H911 | bet   2,000원 PLAYER | P:5♠ 8♣ 5♣=8  B:Q♥ 5♥ K♦=5  PLAYER(W)  | +2,000원 → 211,250원  [end_win]
H912 | bet   1,000원 BANKER | P:5♥ J♠ Q♦=5  B:3♥ 8♠ K♠=1  PLAYER(L)  | -1,000원 → 210,250원  [start]
H913 | bet   2,000원 PLAYER | P:2♠ J♠ A♣=3  B:Q♣ J♥ 9♥=9  BANKER(L)  | -2,000원 → 208,250원
H914 | bet   4,000원 PLAYER | P:J♠ 9♠=9  B:3♥ 6♣=9  TIE(T)  |     0원 → 208,250원
H915 | bet   4,000원 PLAYER | P:8♥ 7♦=5  B:2♠ 7♠=9  BANKER(L)  | -4,000원 → 204,250원
H916 | bet   8,000원 PLAYER | P:3♥ Q♠ Q♣=3  B:10♠ A♣ A♥=2  PLAYER(W)  | +8,000원 → 212,250원  [end_win]
H917 | bet   1,000원 BANKER | P:7♣ 3♦ 2♣=2  B:4♦ 6♠ 6♥=6  BANKER(W)  | +950원 → 213,200원
H918 | bet   1,000원 BANKER | P:6♣ 2♣=8  B:K♣ 9♦=9  BANKER(W)  | +950원 → 214,150원
H919 | bet   1,000원 BANKER | P:A♦ J♠ 4♣=5  B:4♥ 9♣ 2♥=5  TIE(T)  |     0원 → 214,150원
H920 | bet   1,000원 BANKER | P:9♣ Q♦=9  B:A♣ K♥=1  PLAYER(L)  | -1,000원 → 213,150원  [start]
H921 | bet   2,000원 PLAYER | P:4♣ 8♣=2  B:3♦ 5♠=8  BANKER(L)  | -2,000원 → 211,150원
H922 | bet   4,000원 PLAYER | P:Q♦ 4♥ 6♥=0  B:5♣ 2♦=7  BANKER(L)  | -4,000원 → 207,150원
H923 | bet   8,000원 PLAYER | P:6♦ 3♣=9  B:9♠ A♣=0  PLAYER(W)  | +8,000원 → 215,150원  [end_win]
H924 | bet   1,000원 BANKER | P:A♥ 7♠=8  B:10♥ 10♣=0  PLAYER(L)  | -1,000원 → 214,150원  [start]
H925 | bet   2,000원 PLAYER | P:Q♣ Q♠ J♦=0  B:4♣ Q♦=4  BANKER(L)  | -2,000원 → 212,150원
H926 | bet   4,000원 PLAYER | P:9♠ Q♣=9  B:10♦ J♣=0  PLAYER(W)  | +4,000원 → 216,150원  [end_win]
H927 | bet   1,000원 BANKER | P:J♥ J♠ 6♠=6  B:8♣ 6♦ 5♠=9  BANKER(W)  | +950원 → 217,100원
H928 | bet   1,000원 BANKER | P:10♦ J♣ A♠=1  B:Q♠ J♥ 2♣=2  BANKER(W)  | +950원 → 218,050원
H929 | bet   1,000원 BANKER | P:9♥ 6♠ 3♣=8  B:4♣ 8♣ 9♥=1  PLAYER(L)  | -1,000원 → 217,050원  [start]
H930 | bet   2,000원 PLAYER | P:10♦ 8♦=8  B:7♦ 3♦=0  PLAYER(W)  | +2,000원 → 219,050원  [end_win]
H931 | bet   1,000원 BANKER | P:5♥ 2♠=7  B:2♦ 10♠ A♦=3  PLAYER(L)  | -1,000원 → 218,050원  [start]
H932 | bet   2,000원 PLAYER | P:7♠ 9♠=6  B:7♦ 8♦ 9♣=4  PLAYER(W)  | +2,000원 → 220,050원  [end_win]
H933 | bet   1,000원 BANKER | P:2♥ 2♥ 6♣=0  B:A♥ 6♠=7  BANKER(W)  | +950원 → 221,000원
H934 | bet   1,000원 BANKER | P:9♦ 2♠ 9♠=0  B:2♦ A♥ 6♦=9  BANKER(W)  | +950원 → 221,950원
H935 | bet   1,000원 BANKER | P:7♣ 5♦ 4♥=6  B:6♥ A♣=7  BANKER(W)  | +950원 → 222,900원
H936 | bet   1,000원 BANKER | P:A♥ 10♦ 6♦=7  B:7♣ 10♦=7  TIE(T)  |     0원 → 222,900원
H937 | bet   1,000원 BANKER | P:3♥ 7♥ 5♠=5  B:Q♠ 6♦=6  BANKER(W)  | +950원 → 223,850원
H938 | bet   1,000원 BANKER | P:K♦ 5♣ 2♠=7  B:8♣ 9♣=7  TIE(T)  |     0원 → 223,850원
H939 | bet   1,000원 BANKER | P:J♣ 4♠ 3♠=7  B:5♠ 5♣ 9♠=9  BANKER(W)  | +950원 → 224,800원
H940 | bet   1,000원 BANKER | P:A♥ 5♣=6  B:K♥ 8♠=8  BANKER(W)  | +950원 → 225,750원
H941 | bet   1,000원 BANKER | P:A♦ 9♣=0  B:2♠ 7♠=9  BANKER(W)  | +950원 → 226,700원
H942 | bet   1,000원 BANKER | P:2♣ 10♠ K♦=2  B:10♠ 6♥=6  BANKER(W)  | +950원 → 227,650원
H943 | bet   1,000원 BANKER | P:3♠ J♥ 4♣=7  B:K♠ 6♣=6  PLAYER(L)  | -1,000원 → 226,650원  [start]
H944 | bet   2,000원 PLAYER | P:6♣ 3♣=9  B:5♦ 5♠=0  PLAYER(W)  | +2,000원 → 228,650원  [end_win]
H945 | bet   1,000원 BANKER | P:4♠ 9♣ 10♣=3  B:A♠ 5♦=6  BANKER(W)  | +950원 → 229,600원
H946 | bet   1,000원 BANKER | P:2♦ 8♥ 7♦=7  B:K♠ 10♠ 8♦=8  BANKER(W)  | +950원 → 230,550원
H947 | bet   1,000원 BANKER | P:8♦ 7♦ 4♣=9  B:K♠ K♦ 7♣=7  PLAYER(L)  | -1,000원 → 229,550원  [start]
H948 | bet   2,000원 PLAYER | P:7♦ 4♥ 2♠=3  B:A♥ K♠ 4♦=5  BANKER(L)  | -2,000원 → 227,550원
H949 | bet   4,000원 PLAYER | P:K♣ 4♦ 3♣=7  B:K♠ A♠ 3♠=4  PLAYER(W)  | +4,000원 → 231,550원  [end_win]
H950 | bet   1,000원 BANKER | P:K♥ Q♠ 8♦=8  B:K♣ A♠ 7♣=8  TIE(T)  |     0원 → 231,550원
H951 | bet   1,000원 BANKER | P:10♣ 4♠ 4♦=8  B:6♣ 7♠ A♥=4  PLAYER(L)  | -1,000원 → 230,550원  [start]
H952 | bet   2,000원 PLAYER | P:Q♥ 2♦=2  B:8♠ J♦=8  BANKER(L)  | -2,000원 → 228,550원
H953 | bet   4,000원 PLAYER | P:K♦ K♣=0  B:9♥ 9♦=8  BANKER(L)  | -4,000원 → 224,550원
H954 | bet   8,000원 PLAYER | P:7♠ 5♠ J♣=2  B:9♠ 7♥=6  BANKER(L)  | -8,000원 → 216,550원
H955 | bet  16,000원 PLAYER | P:6♦ K♥=6  B:4♠ K♥ A♦=5  PLAYER(W)  | +16,000원 → 232,550원  [end_win]
H956 | bet   1,000원 BANKER | P:10♥ 5♦=5  B:4♠ 5♦=9  BANKER(W)  | +950원 → 233,500원
H957 | bet   1,000원 BANKER | P:3♥ Q♣=3  B:3♦ 5♥=8  BANKER(W)  | +950원 → 234,450원
H958 | bet   1,000원 BANKER | P:5♥ 2♥=7  B:10♠ K♠ K♣=0  PLAYER(L)  | -1,000원 → 233,450원  [start]
H959 | bet   2,000원 PLAYER | P:8♦ 8♥=6  B:6♠ Q♣=6  TIE(T)  |     0원 → 233,450원
H960 | bet   2,000원 PLAYER | P:9♥ 9♦=8  B:Q♥ 8♥=8  TIE(T)  |     0원 → 233,450원
H961 | bet   2,000원 PLAYER | P:7♥ A♠=8  B:4♦ A♠=5  PLAYER(W)  | +2,000원 → 235,450원  [end_win]
H962 | bet   1,000원 BANKER | P:4♥ K♥=4  B:Q♥ 9♥=9  BANKER(W)  | +950원 → 236,400원
H963 | bet   1,000원 BANKER | P:A♦ 3♠ Q♠=4  B:9♠ 3♣ 10♠=2  PLAYER(L)  | -1,000원 → 235,400원  [start]
H964 | bet   2,000원 PLAYER | P:5♣ Q♥=5  B:5♦ 4♦=9  BANKER(L)  | -2,000원 → 233,400원
H965 | bet   4,000원 PLAYER | P:K♠ 7♠=7  B:A♣ 10♣ 5♣=6  PLAYER(W)  | +4,000원 → 237,400원  [end_win]
H966 | bet   1,000원 BANKER | P:10♦ K♥ 7♥=7  B:2♥ Q♣ Q♦=2  PLAYER(L)  | -1,000원 → 236,400원  [start]
H967 | bet   2,000원 PLAYER | P:3♦ 3♥=6  B:J♦ 2♣ J♣=2  PLAYER(W)  | +2,000원 → 238,400원  [end_win]
H968 | bet   1,000원 BANKER | P:8♠ J♦=8  B:J♣ 2♣=2  PLAYER(L)  | -1,000원 → 237,400원  [start]
H969 | bet   2,000원 PLAYER | P:7♥ 3♠=0  B:8♠ Q♦=8  BANKER(L)  | -2,000원 → 235,400원
H970 | bet   4,000원 PLAYER | P:10♥ J♥ 2♥=2  B:2♦ 10♣ 6♥=8  BANKER(L)  | -4,000원 → 231,400원
H971 | bet   8,000원 PLAYER | P:Q♥ 4♥ Q♥=4  B:3♣ 2♠=5  BANKER(L)  | -8,000원 → 223,400원
H972 | bet  16,000원 PLAYER | P:6♥ 8♥=4  B:8♣ 10♠=8  BANKER(L)  | -16,000원 → 207,400원  [end_giveup]
H973 | bet   1,000원 BANKER | P:7♥ J♥=7  B:9♣ 5♥ J♥=4  PLAYER(L)  | -1,000원 → 206,400원  [start]
H974 | bet   2,000원 PLAYER | P:7♣ 6♣ 6♥=9  B:Q♣ J♠ Q♥=0  PLAYER(W)  | +2,000원 → 208,400원  [end_win]
H975 | bet   1,000원 BANKER | P:A♦ 9♦ 8♠=8  B:10♥ 2♥ 6♠=8  TIE(T)  |     0원 → 208,400원
H976 | bet   1,000원 BANKER | P:4♣ 7♣ 4♣=5  B:3♦ K♣ 10♦=3  PLAYER(L)  | -1,000원 → 207,400원  [start]
H977 | bet   2,000원 PLAYER | P:6♣ 9♦ 9♥=4  B:4♥ 2♥=6  BANKER(L)  | -2,000원 → 205,400원
H978 | bet   4,000원 PLAYER | P:K♥ K♣ 6♥=6  B:6♠ 10♦ K♦=6  TIE(T)  |     0원 → 205,400원
H979 | bet   4,000원 PLAYER | P:7♣ 9♥=6  B:A♠ 4♠ 3♠=8  BANKER(L)  | -4,000원 → 201,400원
H980 | bet   8,000원 PLAYER | P:6♦ 7♥ 2♦=5  B:3♥ 2♣=5  TIE(T)  |     0원 → 201,400원
H981 | bet   8,000원 PLAYER | P:5♦ K♣=5  B:7♦ A♣=8  BANKER(L)  | -8,000원 → 193,400원
H982 | bet  16,000원 PLAYER | P:4♣ 9♣ 4♠=7  B:2♦ 4♠=6  PLAYER(W)  | +16,000원 → 209,400원  [end_win]
H983 | bet   1,000원 BANKER | P:7♦ A♥=8  B:K♠ 10♦=0  PLAYER(L)  | -1,000원 → 208,400원  [start]
H984 | bet   2,000원 PLAYER | P:6♣ 7♥ 10♦=3  B:7♠ 7♣=4  BANKER(L)  | -2,000원 → 206,400원
H985 | bet   4,000원 PLAYER | P:Q♠ 10♠ 3♠=3  B:8♠ 9♠=7  BANKER(L)  | -4,000원 → 202,400원
H986 | bet   8,000원 PLAYER | P:4♠ Q♠=4  B:9♣ 9♥=8  BANKER(L)  | -8,000원 → 194,400원
H987 | bet  16,000원 PLAYER | P:7♠ K♠=7  B:4♠ Q♥ A♠=5  PLAYER(W)  | +16,000원 → 210,400원  [end_win]
H988 | bet   1,000원 BANKER | P:2♣ A♠=3  B:8♥ J♣=8  BANKER(W)  | +950원 → 211,350원
H989 | bet   1,000원 BANKER | P:K♥ 7♦=7  B:10♣ 8♣=8  BANKER(W)  | +950원 → 212,300원
H990 | bet   1,000원 BANKER | P:A♦ J♠ J♦=1  B:5♦ A♦=6  BANKER(W)  | +950원 → 213,250원
H991 | bet   1,000원 BANKER | P:K♥ 10♠ 3♠=3  B:4♥ A♣=5  BANKER(W)  | +950원 → 214,200원
H992 | bet   1,000원 BANKER | P:6♥ 6♦ 6♦=8  B:10♥ J♣ Q♣=0  PLAYER(L)  | -1,000원 → 213,200원  [start]
H993 | bet   2,000원 PLAYER | P:10♣ 3♦ 10♣=3  B:7♥ Q♠=7  BANKER(L)  | -2,000원 → 211,200원
H994 | bet   4,000원 PLAYER | P:3♣ K♠ A♦=4  B:10♦ 6♠=6  BANKER(L)  | -4,000원 → 207,200원
H995 | bet   8,000원 PLAYER | P:Q♦ J♦ Q♣=0  B:J♦ 2♠ J♠=2  BANKER(L)  | -8,000원 → 199,200원
H996 | bet  16,000원 PLAYER | P:J♥ 4♦ 5♠=9  B:7♠ 6♦ 4♥=7  PLAYER(W)  | +16,000원 → 215,200원  [end_win]
H997 | bet   1,000원 BANKER | P:7♣ 2♦=9  B:6♠ Q♠=6  PLAYER(L)  | -1,000원 → 214,200원  [start]
H998 | bet   2,000원 PLAYER | P:Q♣ 2♦ Q♥=2  B:9♣ 5♣=4  BANKER(L)  | -2,000원 → 212,200원
H999 | bet   4,000원 PLAYER | P:4♣ Q♥ 10♠=4  B:2♣ 5♣=7  BANKER(L)  | -4,000원 → 208,200원
H1000 | bet   8,000원 PLAYER | P:3♣ 7♦ J♦=0  B:2♣ 3♥=5  BANKER(L)  | -8,000원 → 200,200원
H1001 | bet  16,000원 PLAYER | P:3♠ J♣ 10♥=3  B:K♠ 2♦ Q♠=2  PLAYER(W)  | +16,000원 → 216,200원  [end_win]
H1002 | bet   1,000원 BANKER | P:10♠ K♥ A♥=1  B:A♥ J♦ 8♥=9  BANKER(W)  | +950원 → 217,150원
H1003 | bet   1,000원 BANKER | P:3♥ 7♥=0  B:8♠ Q♥=8  BANKER(W)  | +950원 → 218,100원
H1004 | bet   1,000원 BANKER | P:9♣ 5♥ 10♠=4  B:J♠ 2♥ 4♠=6  BANKER(W)  | +950원 → 219,050원
H1005 | bet   1,000원 BANKER | P:K♣ 5♥ A♦=6  B:2♠ A♦ 4♦=7  BANKER(W)  | +950원 → 220,000원
H1006 | bet   1,000원 BANKER | P:A♥ J♥ 6♣=7  B:A♣ 9♠ 10♥=0  PLAYER(L)  | -1,000원 → 219,000원  [start]
H1007 | bet   2,000원 PLAYER | P:10♦ 5♥ Q♣=5  B:K♦ 5♠=5  TIE(T)  |     0원 → 219,000원
H1008 | bet   2,000원 PLAYER | P:3♦ 6♣=9  B:4♦ 7♦=1  PLAYER(W)  | +2,000원 → 221,000원  [end_win]
H1009 | bet   1,000원 BANKER | P:6♠ 9♦ 7♠=2  B:4♠ 7♣ 8♣=9  BANKER(W)  | +950원 → 221,950원
H1010 | bet   1,000원 BANKER | P:K♠ A♣=1  B:K♦ 9♥=9  BANKER(W)  | +950원 → 222,900원
H1011 | bet   1,000원 BANKER | P:4♣ 6♦ 2♥=2  B:J♠ 5♦=5  BANKER(W)  | +950원 → 223,850원
H1012 | bet   1,000원 BANKER | P:3♠ 4♦=7  B:4♥ 3♠=7  TIE(T)  |     0원 → 223,850원
H1013 | bet   1,000원 BANKER | P:5♠ 7♥ 7♣=9  B:5♦ Q♣ 2♠=7  PLAYER(L)  | -1,000원 → 222,850원  [start]
H1014 | bet   2,000원 PLAYER | P:10♣ 5♦ 4♦=9  B:10♥ J♥ 2♠=2  PLAYER(W)  | +2,000원 → 224,850원  [end_win]
H1015 | bet   1,000원 BANKER | P:J♥ 8♠=8  B:4♥ 5♥=9  BANKER(W)  | +950원 → 225,800원
H1016 | bet   1,000원 BANKER | P:10♦ 7♠=7  B:8♦ 7♦ 4♥=9  BANKER(W)  | +950원 → 226,750원
H1017 | bet   1,000원 BANKER | P:Q♠ 6♦=6  B:10♠ 5♦ 2♦=7  BANKER(W)  | +950원 → 227,700원
H1018 | bet   1,000원 BANKER | P:A♣ 3♣ 4♦=8  B:A♥ 3♦ 4♦=8  TIE(T)  |     0원 → 227,700원
H1019 | bet   1,000원 BANKER | P:K♣ A♠ 8♥=9  B:9♣ 4♥=3  PLAYER(L)  | -1,000원 → 226,700원  [start]
H1020 | bet   2,000원 PLAYER | P:K♥ J♦ J♠=0  B:6♥ 10♠=6  BANKER(L)  | -2,000원 → 224,700원
H1021 | bet   4,000원 PLAYER | P:3♣ 6♥=9  B:2♥ 2♥=4  PLAYER(W)  | +4,000원 → 228,700원  [end_win]
H1022 | bet   1,000원 BANKER | P:3♥ 8♥ A♠=2  B:A♦ 9♣ 8♣=8  BANKER(W)  | +950원 → 229,650원
H1023 | bet   1,000원 BANKER | P:8♦ 4♣ 4♣=6  B:6♠ 10♠=6  TIE(T)  |     0원 → 229,650원
H1024 | bet   1,000원 BANKER | P:8♦ 9♦=7  B:5♠ K♦ 2♣=7  TIE(T)  |     0원 → 229,650원
H1025 | bet   1,000원 BANKER | P:5♠ 8♣ 8♦=1  B:Q♣ J♥ 3♣=3  BANKER(W)  | +950원 → 230,600원
H1026 | bet   1,000원 BANKER | P:2♥ 9♠ 8♣=9  B:2♣ 10♣ 6♥=8  PLAYER(L)  | -1,000원 → 229,600원  [start]
H1027 | bet   2,000원 PLAYER | P:6♥ K♣=6  B:10♣ 5♦ 10♦=5  PLAYER(W)  | +2,000원 → 231,600원  [end_win]
H1028 | bet   1,000원 BANKER | P:5♦ K♦ 7♠=2  B:10♥ 6♠ 6♣=2  TIE(T)  |     0원 → 231,600원
H1029 | bet   1,000원 BANKER | P:7♥ 5♠=2  B:9♥ J♣=9  BANKER(W)  | +950원 → 232,550원
H1030 | bet   1,000원 BANKER | P:A♣ K♣ 5♣=6  B:K♦ 7♥=7  BANKER(W)  | +950원 → 233,500원
H1031 | bet   1,000원 BANKER | P:2♣ K♣ 8♠=0  B:6♠ A♠=7  BANKER(W)  | +950원 → 234,450원
H1032 | bet   1,000원 BANKER | P:3♠ 3♥=6  B:9♦ Q♠=9  BANKER(W)  | +950원 → 235,400원
H1033 | bet   1,000원 BANKER | P:Q♦ K♥ 2♠=2  B:9♥ 8♥=7  BANKER(W)  | +950원 → 236,350원
H1034 | bet   1,000원 BANKER | P:7♥ A♣=8  B:9♦ 4♣=3  PLAYER(L)  | -1,000원 → 235,350원  [start]
H1035 | bet   2,000원 PLAYER | P:Q♥ 2♥=2  B:8♦ A♥=9  BANKER(L)  | -2,000원 → 233,350원
H1036 | bet   4,000원 PLAYER | P:10♥ 8♣=8  B:3♣ 4♣=7  PLAYER(W)  | +4,000원 → 237,350원  [end_win]
H1037 | bet   1,000원 BANKER | P:K♠ Q♦=0  B:3♥ 6♥=9  BANKER(W)  | +950원 → 238,300원
H1038 | bet   1,000원 BANKER | P:A♠ 2♥ 8♥=1  B:3♥ 8♣ Q♠=1  TIE(T)  |     0원 → 238,300원
H1039 | bet   1,000원 BANKER | P:8♦ 9♥=7  B:3♥ 5♣=8  BANKER(W)  | +950원 → 239,250원
H1040 | bet   1,000원 BANKER | P:4♦ K♣ 9♣=3  B:Q♥ J♣ K♣=0  PLAYER(L)  | -1,000원 → 238,250원  [start]
H1041 | bet   2,000원 PLAYER | P:4♠ 2♠=6  B:A♣ J♠ 2♠=3  PLAYER(W)  | +2,000원 → 240,250원  [end_win]
H1042 | bet   1,000원 BANKER | P:10♥ 6♠=6  B:3♦ 9♠ Q♦=2  PLAYER(L)  | -1,000원 → 239,250원  [start]
H1043 | bet   2,000원 PLAYER | P:3♣ 9♥=2  B:3♦ 6♣=9  BANKER(L)  | -2,000원 → 237,250원
H1044 | bet   4,000원 PLAYER | P:A♣ 9♥=0  B:9♦ 9♣=8  BANKER(L)  | -4,000원 → 233,250원
H1045 | bet   8,000원 PLAYER | P:9♠ 3♣ Q♥=2  B:6♣ J♣=6  BANKER(L)  | -8,000원 → 225,250원
H1046 | bet  16,000원 PLAYER | P:5♠ Q♦ 6♣=1  B:J♦ A♥ 7♣=8  BANKER(L)  | -16,000원 → 209,250원  [end_giveup]
H1047 | bet   1,000원 BANKER | P:9♠ 7♠=6  B:2♦ 5♠=7  BANKER(W)  | +950원 → 210,200원
H1048 | bet   1,000원 BANKER | P:2♥ 6♣=8  B:3♦ 9♦=2  PLAYER(L)  | -1,000원 → 209,200원  [start]
H1049 | bet   2,000원 PLAYER | P:2♦ 7♣=9  B:7♣ 6♦=3  PLAYER(W)  | +2,000원 → 211,200원  [end_win]
H1050 | bet   1,000원 BANKER | P:J♠ 8♦=8  B:J♥ 7♠=7  PLAYER(L)  | -1,000원 → 210,200원  [start]
H1051 | bet   2,000원 PLAYER | P:10♦ Q♣ 9♦=9  B:Q♦ 5♣=5  PLAYER(W)  | +2,000원 → 212,200원  [end_win]
H1052 | bet   1,000원 BANKER | P:K♠ 10♣ 7♣=7  B:3♠ 2♠ 6♦=1  PLAYER(L)  | -1,000원 → 211,200원  [start]
H1053 | bet   2,000원 PLAYER | P:8♠ 5♥ 8♥=1  B:K♥ 3♥=3  BANKER(L)  | -2,000원 → 209,200원
H1054 | bet   4,000원 PLAYER | P:10♥ 5♣=5  B:K♥ 8♥=8  BANKER(L)  | -4,000원 → 205,200원
H1055 | bet   8,000원 PLAYER | P:8♦ 4♥ A♦=3  B:5♥ 2♦=7  BANKER(L)  | -8,000원 → 197,200원
H1056 | bet  16,000원 PLAYER | P:5♣ 4♣=9  B:J♥ K♥=0  PLAYER(W)  | +16,000원 → 213,200원  [end_win]
H1057 | bet   1,000원 BANKER | P:6♦ J♣=6  B:2♣ 4♠=6  TIE(T)  |     0원 → 213,200원
H1058 | bet   1,000원 BANKER | P:4♥ 3♦=7  B:8♣ J♣=8  BANKER(W)  | +950원 → 214,150원
H1059 | bet   1,000원 BANKER | P:K♣ 9♥=9  B:K♠ J♦=0  PLAYER(L)  | -1,000원 → 213,150원  [start]
H1060 | bet   2,000원 PLAYER | P:8♠ 7♦=5  B:Q♦ 8♠=8  BANKER(L)  | -2,000원 → 211,150원
H1061 | bet   4,000원 PLAYER | P:2♣ 9♠ 10♣=1  B:10♦ K♦ K♦=0  PLAYER(W)  | +4,000원 → 215,150원  [end_win]
H1062 | bet   1,000원 BANKER | P:8♠ 7♥ A♦=6  B:K♦ 3♦ J♠=3  PLAYER(L)  | -1,000원 → 214,150원  [start]
H1063 | bet   2,000원 PLAYER | P:7♦ Q♦=7  B:5♦ 5♣ 6♥=6  PLAYER(W)  | +2,000원 → 216,150원  [end_win]
H1064 | bet   1,000원 BANKER | P:3♠ 5♣=8  B:9♣ Q♠=9  BANKER(W)  | +950원 → 217,100원
H1065 | bet   1,000원 BANKER | P:5♠ 7♣ 3♦=5  B:6♦ 5♠ 10♥=1  PLAYER(L)  | -1,000원 → 216,100원  [start]
H1066 | bet   2,000원 PLAYER | P:8♦ 6♠ 4♦=8  B:5♣ 9♥ 6♥=0  PLAYER(W)  | +2,000원 → 218,100원  [end_win]
H1067 | bet   1,000원 BANKER | P:Q♠ 3♠=3  B:9♦ 9♥=8  BANKER(W)  | +950원 → 219,050원
H1068 | bet   1,000원 BANKER | P:9♦ 3♥ 10♦=2  B:2♥ 9♥ 3♣=4  BANKER(W)  | +950원 → 220,000원
H1069 | bet   1,000원 BANKER | P:4♥ 5♠=9  B:2♠ 4♥=6  PLAYER(L)  | -1,000원 → 219,000원  [start]
H1070 | bet   2,000원 PLAYER | P:10♥ 2♥ 9♣=1  B:5♥ 8♠ 7♥=0  PLAYER(W)  | +2,000원 → 221,000원  [end_win]
H1071 | bet   1,000원 BANKER | P:A♦ A♥ 4♥=6  B:4♥ 7♥ 10♦=1  PLAYER(L)  | -1,000원 → 220,000원  [start]
H1072 | bet   2,000원 PLAYER | P:5♣ 6♣=1  B:9♠ J♥=9  BANKER(L)  | -2,000원 → 218,000원
H1073 | bet   4,000원 PLAYER | P:4♣ A♦ 7♦=2  B:4♣ 10♠ J♠=4  BANKER(L)  | -4,000원 → 214,000원
H1074 | bet   8,000원 PLAYER | P:5♦ K♠ A♥=6  B:6♠ 7♠ Q♠=3  PLAYER(W)  | +8,000원 → 222,000원  [end_win]
H1075 | bet   1,000원 BANKER | P:8♦ 4♥ 2♥=4  B:4♦ 10♠ 7♦=1  PLAYER(L)  | -1,000원 → 221,000원  [start]
H1076 | bet   2,000원 PLAYER | P:7♠ 9♦=6  B:K♣ 9♦=9  BANKER(L)  | -2,000원 → 219,000원
H1077 | bet   4,000원 PLAYER | P:2♥ A♣ 9♠=2  B:K♥ 4♥=4  BANKER(L)  | -4,000원 → 215,000원
H1078 | bet   8,000원 PLAYER | P:K♣ A♦ 5♣=6  B:6♥ 4♠ 8♦=8  BANKER(L)  | -8,000원 → 207,000원
H1079 | bet  16,000원 PLAYER | P:7♦ 4♠ 3♠=4  B:2♥ A♣ 10♠=3  PLAYER(W)  | +16,000원 → 223,000원  [end_win]
H1080 | bet   1,000원 BANKER | P:J♣ A♠ 9♠=0  B:7♠ 10♦=7  BANKER(W)  | +950원 → 223,950원
H1081 | bet   1,000원 BANKER | P:3♦ 2♠=5  B:Q♣ 8♣=8  BANKER(W)  | +950원 → 224,900원
H1082 | bet   1,000원 BANKER | P:5♦ 5♦ 8♥=8  B:6♠ 8♦=4  PLAYER(L)  | -1,000원 → 223,900원  [start]
H1083 | bet   2,000원 PLAYER | P:10♠ Q♥ 9♣=9  B:K♦ Q♥ 5♣=5  PLAYER(W)  | +2,000원 → 225,900원  [end_win]
H1084 | bet   1,000원 BANKER | P:10♣ 2♦ 6♣=8  B:6♦ Q♠ A♠=7  PLAYER(L)  | -1,000원 → 224,900원  [start]
H1085 | bet   2,000원 PLAYER | P:2♠ 3♠ K♣=5  B:J♠ J♦ 6♦=6  BANKER(L)  | -2,000원 → 222,900원
H1086 | bet   4,000원 PLAYER | P:3♣ 9♠ 4♣=6  B:6♦ J♥=6  TIE(T)  |     0원 → 222,900원
H1087 | bet   4,000원 PLAYER | P:6♣ K♠=6  B:K♣ K♣ 8♥=8  BANKER(L)  | -4,000원 → 218,900원
H1088 | bet   8,000원 PLAYER | P:A♦ 8♥=9  B:6♦ 5♦=1  PLAYER(W)  | +8,000원 → 226,900원  [end_win]
H1089 | bet   1,000원 BANKER | P:4♣ J♦ 9♦=3  B:Q♠ 3♦ Q♦=3  TIE(T)  |     0원 → 226,900원
H1090 | bet   1,000원 BANKER | P:6♣ 7♦ 7♣=0  B:6♥ Q♦ J♥=6  BANKER(W)  | +950원 → 227,850원
H1091 | bet   1,000원 BANKER | P:8♠ 7♣ A♦=6  B:2♠ Q♥ 9♣=1  PLAYER(L)  | -1,000원 → 226,850원  [start]
H1092 | bet   2,000원 PLAYER | P:3♣ 8♣=1  B:9♠ J♣=9  BANKER(L)  | -2,000원 → 224,850원
H1093 | bet   4,000원 PLAYER | P:A♣ 2♦=3  B:K♣ 8♣=8  BANKER(L)  | -4,000원 → 220,850원
H1094 | bet   8,000원 PLAYER | P:8♠ A♠=9  B:2♥ 8♣=0  PLAYER(W)  | +8,000원 → 228,850원  [end_win]
H1095 | bet   1,000원 BANKER | P:6♠ 3♦=9  B:6♥ 3♣=9  TIE(T)  |     0원 → 228,850원
H1096 | bet   1,000원 BANKER | P:7♥ 5♥=2  B:7♠ 2♥=9  BANKER(W)  | +950원 → 229,800원
H1097 | bet   1,000원 BANKER | P:A♥ K♠=1  B:5♣ 4♥=9  BANKER(W)  | +950원 → 230,750원
H1098 | bet   1,000원 BANKER | P:6♣ K♥=6  B:7♥ Q♦=7  BANKER(W)  | +950원 → 231,700원
H1099 | bet   1,000원 BANKER | P:A♦ 10♣ 5♥=6  B:9♣ A♣ A♥=1  PLAYER(L)  | -1,000원 → 230,700원  [start]
H1100 | bet   2,000원 PLAYER | P:J♥ 4♦ Q♣=4  B:10♦ 10♥ 9♥=9  BANKER(L)  | -2,000원 → 228,700원
H1101 | bet   4,000원 PLAYER | P:3♦ 2♣ 5♠=0  B:3♥ 7♠ 3♦=3  BANKER(L)  | -4,000원 → 224,700원
H1102 | bet   8,000원 PLAYER | P:A♣ K♦ 5♦=6  B:K♠ 7♦=7  BANKER(L)  | -8,000원 → 216,700원
H1103 | bet  16,000원 PLAYER | P:5♠ 3♥=8  B:J♥ Q♣=0  PLAYER(W)  | +16,000원 → 232,700원  [end_win]
H1104 | bet   1,000원 BANKER | P:3♣ 6♦=9  B:5♥ 8♣=3  PLAYER(L)  | -1,000원 → 231,700원  [start]
H1105 | bet   2,000원 PLAYER | P:4♠ 3♥=7  B:K♠ 6♦=6  PLAYER(W)  | +2,000원 → 233,700원  [end_win]
H1106 | bet   1,000원 BANKER | P:Q♣ 2♣ 5♦=7  B:8♣ 2♣ A♦=1  PLAYER(L)  | -1,000원 → 232,700원  [start]
H1107 | bet   2,000원 PLAYER | P:10♣ J♣ K♥=0  B:10♠ J♥ 3♥=3  BANKER(L)  | -2,000원 → 230,700원
H1108 | bet   4,000원 PLAYER | P:7♥ 5♥=2  B:7♦ A♠=8  BANKER(L)  | -4,000원 → 226,700원
H1109 | bet   8,000원 PLAYER | P:J♦ 8♥=8  B:A♣ Q♦=1  PLAYER(W)  | +8,000원 → 234,700원  [end_win]
H1110 | bet   1,000원 BANKER | P:Q♣ 9♥=9  B:A♦ 6♠=7  PLAYER(L)  | -1,000원 → 233,700원  [start]
H1111 | bet   2,000원 PLAYER | P:K♦ 7♣=7  B:Q♦ 9♠=9  BANKER(L)  | -2,000원 → 231,700원
H1112 | bet   4,000원 PLAYER | P:7♠ 4♣ 9♦=0  B:4♠ 2♠=6  BANKER(L)  | -4,000원 → 227,700원
H1113 | bet   8,000원 PLAYER | P:2♠ 7♣=9  B:2♣ 10♥=2  PLAYER(W)  | +8,000원 → 235,700원  [end_win]
H1114 | bet   1,000원 BANKER | P:Q♠ A♠ 8♠=9  B:9♠ A♥ K♦=0  PLAYER(L)  | -1,000원 → 234,700원  [start]
H1115 | bet   2,000원 PLAYER | P:3♠ 8♣ K♠=1  B:3♣ J♥ 3♥=6  BANKER(L)  | -2,000원 → 232,700원
H1116 | bet   4,000원 PLAYER | P:K♣ 6♣=6  B:3♠ 7♣ 4♠=4  PLAYER(W)  | +4,000원 → 236,700원  [end_win]
H1117 | bet   1,000원 BANKER | P:7♠ 6♥ 10♣=3  B:7♣ 9♦=6  BANKER(W)  | +950원 → 237,650원
H1118 | bet   1,000원 BANKER | P:8♠ 4♥ Q♣=2  B:3♦ K♥ Q♦=3  BANKER(W)  | +950원 → 238,600원
H1119 | bet   1,000원 BANKER | P:10♦ J♥ J♦=0  B:K♦ J♣ 9♣=9  BANKER(W)  | +950원 → 239,550원
H1120 | bet   1,000원 BANKER | P:J♣ 10♣ 9♥=9  B:3♠ J♠ 9♥=2  PLAYER(L)  | -1,000원 → 238,550원  [start]
H1121 | bet   2,000원 PLAYER | P:4♣ 4♦=8  B:Q♠ 6♣=6  PLAYER(W)  | +2,000원 → 240,550원  [end_win]
H1122 | bet   1,000원 BANKER | P:3♣ 8♦ 6♣=7  B:3♥ 3♠ K♥=6  PLAYER(L)  | -1,000원 → 239,550원  [start]
H1123 | bet   2,000원 PLAYER | P:K♥ Q♥ K♦=0  B:6♥ J♠=6  BANKER(L)  | -2,000원 → 237,550원
H1124 | bet   4,000원 PLAYER | P:8♦ 2♠ 5♥=5  B:10♣ 4♠ 10♥=4  PLAYER(W)  | +4,000원 → 241,550원  [end_win]
H1125 | bet   1,000원 BANKER | P:4♣ 8♦ Q♥=2  B:2♥ 8♥ 10♥=0  PLAYER(L)  | -1,000원 → 240,550원  [start]
H1126 | bet   2,000원 PLAYER | P:8♥ K♥=8  B:A♥ J♠=1  PLAYER(W)  | +2,000원 → 242,550원  [end_win]
H1127 | bet   1,000원 BANKER | P:4♦ 4♦=8  B:J♣ A♠=1  PLAYER(L)  | -1,000원 → 241,550원  [start]
H1128 | bet   2,000원 PLAYER | P:6♦ 6♠=2  B:10♠ 9♣=9  BANKER(L)  | -2,000원 → 239,550원
H1129 | bet   4,000원 PLAYER | P:J♦ A♣ 4♠=5  B:8♥ 2♦ 2♣=2  PLAYER(W)  | +4,000원 → 243,550원  [end_win]
H1130 | bet   1,000원 BANKER | P:J♦ A♥ K♥=1  B:6♥ 10♠=6  BANKER(W)  | +950원 → 244,500원
H1131 | bet   1,000원 BANKER | P:A♠ J♣ 2♦=3  B:4♦ 2♣=6  BANKER(W)  | +950원 → 245,450원
H1132 | bet   1,000원 BANKER | P:Q♦ 7♥=7  B:A♣ J♠ 4♠=5  PLAYER(L)  | -1,000원 → 244,450원  [start]
H1133 | bet   2,000원 PLAYER | P:A♥ 3♥=4  B:8♣ Q♠=8  BANKER(L)  | -2,000원 → 242,450원
H1134 | bet   4,000원 PLAYER | P:5♦ 10♦ 5♣=0  B:5♠ 8♥ 8♠=1  BANKER(L)  | -4,000원 → 238,450원
H1135 | bet   8,000원 PLAYER | P:10♥ 7♣=7  B:5♥ 10♥ J♦=5  PLAYER(W)  | +8,000원 → 246,450원  [end_win]
H1136 | bet   1,000원 BANKER | P:9♦ K♠=9  B:6♥ 2♣=8  PLAYER(L)  | -1,000원 → 245,450원  [start]
H1137 | bet   2,000원 PLAYER | P:2♠ J♠ 10♦=2  B:5♣ 9♣=4  BANKER(L)  | -2,000원 → 243,450원
H1138 | bet   4,000원 PLAYER | P:4♣ 2♦=6  B:J♣ K♠ 10♠=0  PLAYER(W)  | +4,000원 → 247,450원  [end_win]
H1139 | bet   1,000원 BANKER | P:10♦ Q♥ 5♦=5  B:6♠ 7♥ 2♦=5  TIE(T)  |     0원 → 247,450원
H1140 | bet   1,000원 BANKER | P:7♠ K♦=7  B:J♠ 7♦=7  TIE(T)  |     0원 → 247,450원
H1141 | bet   1,000원 BANKER | P:2♣ 5♠=7  B:7♥ J♦=7  TIE(T)  |     0원 → 247,450원
H1142 | bet   1,000원 BANKER | P:8♠ Q♣=8  B:5♥ 4♦=9  BANKER(W)  | +950원 → 248,400원
H1143 | bet   1,000원 BANKER | P:8♦ Q♥=8  B:2♦ 6♠=8  TIE(T)  |     0원 → 248,400원
H1144 | bet   1,000원 BANKER | P:10♣ Q♥ 9♠=9  B:5♠ 9♥=4  PLAYER(L)  | -1,000원 → 247,400원  [start]
H1145 | bet   2,000원 PLAYER | P:6♣ J♦=6  B:8♥ J♦=8  BANKER(L)  | -2,000원 → 245,400원
H1146 | bet   4,000원 PLAYER | P:5♠ Q♥ J♣=5  B:2♥ 5♣=7  BANKER(L)  | -4,000원 → 241,400원
H1147 | bet   8,000원 PLAYER | P:3♠ 5♠=8  B:4♠ 8♥=2  PLAYER(W)  | +8,000원 → 249,400원  [end_win]
H1148 | bet   1,000원 BANKER | P:A♣ 10♥ 3♥=4  B:2♠ K♦ 6♠=8  BANKER(W)  | +950원 → 250,350원
H1149 | bet   1,000원 BANKER | P:6♦ 10♦=6  B:A♦ A♠ 9♦=1  PLAYER(L)  | -1,000원 → 249,350원  [start]
H1150 | bet   2,000원 PLAYER | P:J♠ 10♠ 7♠=7  B:8♣ 5♥ J♦=3  PLAYER(W)  | +2,000원 → 251,350원  [end_win]
H1151 | bet   1,000원 BANKER | P:9♥ 3♣ J♣=2  B:4♥ 7♥ Q♣=1  PLAYER(L)  | -1,000원 → 250,350원  [start]
H1152 | bet   2,000원 PLAYER | P:J♥ Q♠ 2♥=2  B:8♣ 2♥ 6♠=6  BANKER(L)  | -2,000원 → 248,350원
H1153 | bet   4,000원 PLAYER | P:10♦ 9♠=9  B:Q♠ 10♠=0  PLAYER(W)  | +4,000원 → 252,350원  [end_win]
H1154 | bet   1,000원 BANKER | P:A♥ 7♣=8  B:9♥ 10♦=9  BANKER(W)  | +950원 → 253,300원
H1155 | bet   1,000원 BANKER | P:9♠ 7♠=6  B:6♣ 7♦ 7♥=0  PLAYER(L)  | -1,000원 → 252,300원  [start]
H1156 | bet   2,000원 PLAYER | P:10♠ 3♦ 7♣=0  B:5♦ 8♦ 7♥=0  TIE(T)  |     0원 → 252,300원
H1157 | bet   2,000원 PLAYER | P:3♦ Q♠ 5♦=8  B:K♦ K♦ 10♣=0  PLAYER(W)  | +2,000원 → 254,300원  [end_win]
H1158 | bet   1,000원 BANKER | P:J♦ 2♦ 4♠=6  B:8♦ 4♥ 9♥=1  PLAYER(L)  | -1,000원 → 253,300원  [start]
H1159 | bet   2,000원 PLAYER | P:6♦ 3♦=9  B:5♣ Q♠=5  PLAYER(W)  | +2,000원 → 255,300원  [end_win]
H1160 | bet   1,000원 BANKER | P:4♣ J♣ J♦=4  B:K♣ 4♣=4  TIE(T)  |     0원 → 255,300원
H1161 | bet   1,000원 BANKER | P:6♣ 8♣ 4♣=8  B:3♠ 9♣ 8♦=0  PLAYER(L)  | -1,000원 → 254,300원  [start]
H1162 | bet   2,000원 PLAYER | P:J♦ J♥=0  B:9♠ K♣=9  BANKER(L)  | -2,000원 → 252,300원
H1163 | bet   4,000원 PLAYER | P:A♥ 7♣=8  B:3♥ 6♦=9  BANKER(L)  | -4,000원 → 248,300원
H1164 | bet   8,000원 PLAYER | P:J♥ 2♦ 4♦=6  B:10♥ 10♥ 10♦=0  PLAYER(W)  | +8,000원 → 256,300원  [end_win]
H1165 | bet   1,000원 BANKER | P:5♦ J♦ A♦=6  B:5♥ 10♠=5  PLAYER(L)  | -1,000원 → 255,300원  [start]
H1166 | bet   2,000원 PLAYER | P:9♣ 8♠=7  B:K♠ 6♦=6  PLAYER(W)  | +2,000원 → 257,300원  [end_win]
H1167 | bet   1,000원 BANKER | P:7♦ 6♣ J♠=3  B:10♠ 4♦=4  BANKER(W)  | +950원 → 258,250원
H1168 | bet   1,000원 BANKER | P:9♣ Q♣=9  B:9♥ 8♥=7  PLAYER(L)  | -1,000원 → 257,250원  [start]
H1169 | bet   2,000원 PLAYER | P:9♦ 7♦=6  B:2♠ A♦ 6♥=9  BANKER(L)  | -2,000원 → 255,250원
H1170 | bet   4,000원 PLAYER | P:6♥ 6♠ J♣=2  B:10♣ 6♣=6  BANKER(L)  | -4,000원 → 251,250원
H1171 | bet   8,000원 PLAYER | P:9♦ A♦=0  B:Q♦ 9♠=9  BANKER(L)  | -8,000원 → 243,250원
H1172 | bet  16,000원 PLAYER | P:3♠ 10♥=3  B:8♦ Q♦=8  BANKER(L)  | -16,000원 → 227,250원  [end_giveup]
H1173 | bet   1,000원 BANKER | P:Q♥ 5♠ 10♦=5  B:7♦ 8♥=5  TIE(T)  |     0원 → 227,250원
H1174 | bet   1,000원 BANKER | P:A♠ 8♠=9  B:6♥ 7♦=3  PLAYER(L)  | -1,000원 → 226,250원  [start]
H1175 | bet   2,000원 PLAYER | P:2♠ 2♦ A♦=5  B:2♥ 2♦=4  PLAYER(W)  | +2,000원 → 228,250원  [end_win]
H1176 | bet   1,000원 BANKER | P:10♦ 4♠=4  B:4♠ 5♥=9  BANKER(W)  | +950원 → 229,200원
H1177 | bet   1,000원 BANKER | P:Q♠ 5♣=5  B:K♥ 8♦=8  BANKER(W)  | +950원 → 230,150원
H1178 | bet   1,000원 BANKER | P:J♠ 3♣ 8♦=1  B:J♣ 6♦=6  BANKER(W)  | +950원 → 231,100원
H1179 | bet   1,000원 BANKER | P:4♣ A♣=5  B:9♦ Q♥=9  BANKER(W)  | +950원 → 232,050원
H1180 | bet   1,000원 BANKER | P:4♦ 2♥=6  B:8♠ K♥=8  BANKER(W)  | +950원 → 233,000원
H1181 | bet   1,000원 BANKER | P:A♦ 4♦ 8♦=3  B:5♠ K♠=5  BANKER(W)  | +950원 → 233,950원
H1182 | bet   1,000원 BANKER | P:9♣ 5♣=4  B:7♠ 2♦=9  BANKER(W)  | +950원 → 234,900원
H1183 | bet   1,000원 BANKER | P:9♥ 8♦=7  B:2♥ 8♣ 3♦=3  PLAYER(L)  | -1,000원 → 233,900원  [start]
H1184 | bet   2,000원 PLAYER | P:8♣ K♦=8  B:10♣ 7♦=7  PLAYER(W)  | +2,000원 → 235,900원  [end_win]
H1185 | bet   1,000원 BANKER | P:Q♣ 10♥ 9♥=9  B:K♣ A♦ 2♦=3  PLAYER(L)  | -1,000원 → 234,900원  [start]
H1186 | bet   2,000원 PLAYER | P:K♥ 3♥=3  B:K♥ 9♦=9  BANKER(L)  | -2,000원 → 232,900원
H1187 | bet   4,000원 PLAYER | P:3♣ A♠ 9♦=3  B:9♠ 6♠=5  BANKER(L)  | -4,000원 → 228,900원
H1188 | bet   8,000원 PLAYER | P:3♥ Q♣ K♥=3  B:4♠ K♠=4  BANKER(L)  | -8,000원 → 220,900원
H1189 | bet  16,000원 PLAYER | P:6♦ 3♦=9  B:9♠ K♣=9  TIE(T)  |     0원 → 220,900원
H1190 | bet  16,000원 PLAYER | P:K♠ 10♣ 4♣=4  B:A♣ 6♥=7  BANKER(L)  | -16,000원 → 204,900원  [end_giveup]
H1191 | bet   1,000원 BANKER | P:7♥ J♠=7  B:5♥ 7♥ Q♥=2  PLAYER(L)  | -1,000원 → 203,900원  [start]
H1192 | bet   2,000원 PLAYER | P:10♥ 4♦ 4♥=8  B:5♠ 2♣=7  PLAYER(W)  | +2,000원 → 205,900원  [end_win]
H1193 | bet   1,000원 BANKER | P:6♥ 5♣ Q♦=1  B:3♠ 4♥=7  BANKER(W)  | +950원 → 206,850원
H1194 | bet   1,000원 BANKER | P:Q♦ 2♣ 2♣=4  B:6♠ 8♥ 10♥=4  TIE(T)  |     0원 → 206,850원
H1195 | bet   1,000원 BANKER | P:7♣ 3♠ A♠=1  B:4♥ 10♦=4  BANKER(W)  | +950원 → 207,800원
H1196 | bet   1,000원 BANKER | P:K♥ 3♣ Q♣=3  B:6♠ K♦=6  BANKER(W)  | +950원 → 208,750원
H1197 | bet   1,000원 BANKER | P:9♥ A♥ 4♦=4  B:K♥ 3♦ 3♣=6  BANKER(W)  | +950원 → 209,700원
H1198 | bet   1,000원 BANKER | P:5♦ 7♥ 3♣=5  B:4♣ 8♥ K♥=2  PLAYER(L)  | -1,000원 → 208,700원  [start]
H1199 | bet   2,000원 PLAYER | P:5♦ Q♠ 2♠=7  B:A♥ 6♠=7  TIE(T)  |     0원 → 208,700원
H1200 | bet   2,000원 PLAYER | P:J♣ A♠ 4♥=5  B:6♥ 7♠ 3♥=6  BANKER(L)  | -2,000원 → 206,700원
H1201 | bet   4,000원 PLAYER | P:3♥ 10♣ 9♦=2  B:J♠ 6♦=6  BANKER(L)  | -4,000원 → 202,700원
H1202 | bet   8,000원 PLAYER | P:5♥ 3♥=8  B:8♠ J♠=8  TIE(T)  |     0원 → 202,700원
H1203 | bet   8,000원 PLAYER | P:8♥ 9♣=7  B:9♣ 5♥ K♦=4  PLAYER(W)  | +8,000원 → 210,700원  [end_win]
H1204 | bet   1,000원 BANKER | P:Q♦ 5♠ 9♥=4  B:J♣ 7♠=7  BANKER(W)  | +950원 → 211,650원
H1205 | bet   1,000원 BANKER | P:6♣ A♣=7  B:4♥ 10♣ 4♦=8  BANKER(W)  | +950원 → 212,600원
H1206 | bet   1,000원 BANKER | P:2♠ 10♠=2  B:A♥ 7♦=8  BANKER(W)  | +950원 → 213,550원
H1207 | bet   1,000원 BANKER | P:10♦ K♠ J♥=0  B:J♥ 7♠=7  BANKER(W)  | +950원 → 214,500원
H1208 | bet   1,000원 BANKER | P:J♥ 5♥ A♣=6  B:3♣ K♠ 4♣=7  BANKER(W)  | +950원 → 215,450원
H1209 | bet   1,000원 BANKER | P:A♣ 2♥ 4♥=7  B:A♥ 9♦ K♠=0  PLAYER(L)  | -1,000원 → 214,450원  [start]
H1210 | bet   2,000원 PLAYER | P:2♣ Q♠ A♠=3  B:K♣ J♥ Q♣=0  PLAYER(W)  | +2,000원 → 216,450원  [end_win]
H1211 | bet   1,000원 BANKER | P:8♣ Q♠=8  B:6♥ 8♣=4  PLAYER(L)  | -1,000원 → 215,450원  [start]
H1212 | bet   2,000원 PLAYER | P:5♣ 6♠ 3♦=4  B:K♠ 2♠ 2♣=4  TIE(T)  |     0원 → 215,450원
H1213 | bet   2,000원 PLAYER | P:2♣ 2♦ A♥=5  B:J♦ A♥ 7♠=8  BANKER(L)  | -2,000원 → 213,450원
H1214 | bet   4,000원 PLAYER | P:2♥ 8♠ 2♠=2  B:K♦ 3♥ 2♠=5  BANKER(L)  | -4,000원 → 209,450원
H1215 | bet   8,000원 PLAYER | P:7♥ Q♥=7  B:J♥ 8♠=8  BANKER(L)  | -8,000원 → 201,450원
H1216 | bet  16,000원 PLAYER | P:5♦ Q♥=5  B:A♦ 8♠=9  BANKER(L)  | -16,000원 → 185,450원  [end_giveup]
H1217 | bet   1,000원 BANKER | P:6♣ Q♣=6  B:3♦ Q♥ Q♦=3  PLAYER(L)  | -1,000원 → 184,450원  [start]
H1218 | bet   2,000원 PLAYER | P:4♠ Q♦ 10♣=4  B:10♠ 5♠=5  BANKER(L)  | -2,000원 → 182,450원
H1219 | bet   4,000원 PLAYER | P:6♦ 2♦=8  B:Q♥ 10♥=0  PLAYER(W)  | +4,000원 → 186,450원  [end_win]
H1220 | bet   1,000원 BANKER | P:4♣ 10♣=4  B:A♠ 8♥=9  BANKER(W)  | +950원 → 187,400원
H1221 | bet   1,000원 BANKER | P:J♠ 5♣=5  B:J♠ 8♣=8  BANKER(W)  | +950원 → 188,350원
H1222 | bet   1,000원 BANKER | P:8♠ 2♣ A♠=1  B:K♣ 10♠ Q♣=0  PLAYER(L)  | -1,000원 → 187,350원  [start]
H1223 | bet   2,000원 PLAYER | P:3♠ 9♠ Q♦=2  B:5♠ 7♠ K♣=2  TIE(T)  |     0원 → 187,350원
H1224 | bet   2,000원 PLAYER | P:7♦ 4♦ 7♣=8  B:9♣ 7♣ 5♦=1  PLAYER(W)  | +2,000원 → 189,350원  [end_win]
H1225 | bet   1,000원 BANKER | P:6♥ A♣=7  B:K♦ 3♠ 3♣=6  PLAYER(L)  | -1,000원 → 188,350원  [start]
H1226 | bet   2,000원 PLAYER | P:2♣ A♣=3  B:J♣ 9♣=9  BANKER(L)  | -2,000원 → 186,350원
H1227 | bet   4,000원 PLAYER | P:4♥ 3♦=7  B:3♦ J♦ 7♥=0  PLAYER(W)  | +4,000원 → 190,350원  [end_win]
H1228 | bet   1,000원 BANKER | P:Q♣ 3♣ K♦=3  B:3♣ 7♠ K♥=0  PLAYER(L)  | -1,000원 → 189,350원  [start]
H1229 | bet   2,000원 PLAYER | P:9♦ 4♥ 5♠=8  B:Q♦ 4♦ J♣=4  PLAYER(W)  | +2,000원 → 191,350원  [end_win]
H1230 | bet   1,000원 BANKER | P:4♦ 3♣=7  B:7♠ Q♣=7  TIE(T)  |     0원 → 191,350원
H1231 | bet   1,000원 BANKER | P:6♥ 10♣=6  B:Q♣ A♣ K♣=1  PLAYER(L)  | -1,000원 → 190,350원  [start]
H1232 | bet   2,000원 PLAYER | P:5♦ K♦ 4♠=9  B:7♥ 5♣ 3♥=5  PLAYER(W)  | +2,000원 → 192,350원  [end_win]
H1233 | bet   1,000원 BANKER | P:J♥ 5♦=5  B:5♦ 4♥=9  BANKER(W)  | +950원 → 193,300원
H1234 | bet   1,000원 BANKER | P:7♣ 9♦=6  B:8♠ A♠=9  BANKER(W)  | +950원 → 194,250원
H1235 | bet   1,000원 BANKER | P:Q♣ 4♠ 5♠=9  B:6♣ 8♥ 10♥=4  PLAYER(L)  | -1,000원 → 193,250원  [start]
H1236 | bet   2,000원 PLAYER | P:2♥ A♥=3  B:6♦ 3♥=9  BANKER(L)  | -2,000원 → 191,250원
H1237 | bet   4,000원 PLAYER | P:10♥ Q♠ Q♠=0  B:8♦ 7♠=5  BANKER(L)  | -4,000원 → 187,250원
H1238 | bet   8,000원 PLAYER | P:10♣ K♠ 3♣=3  B:6♥ K♠=6  BANKER(L)  | -8,000원 → 179,250원
H1239 | bet  16,000원 PLAYER | P:9♥ J♦=9  B:A♦ 6♥=7  PLAYER(W)  | +16,000원 → 195,250원  [end_win]
H1240 | bet   1,000원 BANKER | P:3♣ 4♥=7  B:K♦ J♠ 9♥=9  BANKER(W)  | +950원 → 196,200원
H1241 | bet   1,000원 BANKER | P:A♣ K♦ A♥=2  B:Q♦ J♣ 7♥=7  BANKER(W)  | +950원 → 197,150원
H1242 | bet   1,000원 BANKER | P:6♠ 3♦=9  B:Q♥ 5♣=5  PLAYER(L)  | -1,000원 → 196,150원  [start]
H1243 | bet   2,000원 PLAYER | P:7♠ 2♦=9  B:Q♥ 5♠=5  PLAYER(W)  | +2,000원 → 198,150원  [end_win]
H1244 | bet   1,000원 BANKER | P:A♠ K♣ J♠=1  B:3♦ 7♠ 10♠=0  PLAYER(L)  | -1,000원 → 197,150원  [start]
H1245 | bet   2,000원 PLAYER | P:5♠ 7♦ 9♠=1  B:3♠ 8♥ 6♦=7  BANKER(L)  | -2,000원 → 195,150원
H1246 | bet   4,000원 PLAYER | P:8♣ 5♥ 9♣=2  B:4♥ 9♣ 10♥=3  BANKER(L)  | -4,000원 → 191,150원
H1247 | bet   8,000원 PLAYER | P:9♥ K♦=9  B:K♣ Q♣=0  PLAYER(W)  | +8,000원 → 199,150원  [end_win]
H1248 | bet   1,000원 BANKER | P:K♣ 9♥=9  B:5♥ 10♦=5  PLAYER(L)  | -1,000원 → 198,150원  [start]
H1249 | bet   2,000원 PLAYER | P:10♠ 4♠=4  B:6♥ 3♠=9  BANKER(L)  | -2,000원 → 196,150원
H1250 | bet   4,000원 PLAYER | P:5♥ 10♠ 9♠=4  B:3♥ 4♦=7  BANKER(L)  | -4,000원 → 192,150원
H1251 | bet   8,000원 PLAYER | P:4♥ 3♠=7  B:7♥ 8♦ A♠=6  PLAYER(W)  | +8,000원 → 200,150원  [end_win]
H1252 | bet   1,000원 BANKER | P:2♣ 6♣=8  B:3♦ 9♠=2  PLAYER(L)  | -1,000원 → 199,150원  [start]
H1253 | bet   2,000원 PLAYER | P:4♠ 8♥=2  B:9♣ 9♣=8  BANKER(L)  | -2,000원 → 197,150원
H1254 | bet   4,000원 PLAYER | P:8♥ 7♦=5  B:2♥ 6♣=8  BANKER(L)  | -4,000원 → 193,150원
H1255 | bet   8,000원 PLAYER | P:J♥ 8♠=8  B:6♦ K♥=6  PLAYER(W)  | +8,000원 → 201,150원  [end_win]
H1256 | bet   1,000원 BANKER | P:10♥ 8♠=8  B:J♥ 4♣=4  PLAYER(L)  | -1,000원 → 200,150원  [start]
H1257 | bet   2,000원 PLAYER | P:6♥ 6♣=2  B:9♠ K♥=9  BANKER(L)  | -2,000원 → 198,150원
H1258 | bet   4,000원 PLAYER | P:J♦ 7♥=7  B:K♠ 2♥ A♠=3  PLAYER(W)  | +4,000원 → 202,150원  [end_win]
H1259 | bet   1,000원 BANKER | P:2♠ 7♣=9  B:7♥ 10♦=7  PLAYER(L)  | -1,000원 → 201,150원  [start]
H1260 | bet   2,000원 PLAYER | P:J♦ 5♣ J♥=5  B:J♠ 7♦=7  BANKER(L)  | -2,000원 → 199,150원
H1261 | bet   4,000원 PLAYER | P:A♦ 8♦=9  B:5♦ J♥=5  PLAYER(W)  | +4,000원 → 203,150원  [end_win]
H1262 | bet   1,000원 BANKER | P:A♥ 5♠=6  B:A♠ 7♦=8  BANKER(W)  | +950원 → 204,100원
H1263 | bet   1,000원 BANKER | P:7♥ 4♥ K♣=1  B:K♠ A♥ 8♣=9  BANKER(W)  | +950원 → 205,050원
H1264 | bet   1,000원 BANKER | P:K♥ J♦ Q♠=0  B:6♥ 9♥=5  BANKER(W)  | +950원 → 206,000원
H1265 | bet   1,000원 BANKER | P:8♥ 9♥=7  B:2♥ 4♦=6  PLAYER(L)  | -1,000원 → 205,000원  [start]
H1266 | bet   2,000원 PLAYER | P:J♥ 3♥ 7♣=0  B:7♣ 4♣ 6♦=7  BANKER(L)  | -2,000원 → 203,000원
H1267 | bet   4,000원 PLAYER | P:7♦ J♠=7  B:2♠ Q♥ 5♥=7  TIE(T)  |     0원 → 203,000원
H1268 | bet   4,000원 PLAYER | P:A♥ 5♣=6  B:4♣ K♣ 5♣=9  BANKER(L)  | -4,000원 → 199,000원
H1269 | bet   8,000원 PLAYER | P:8♠ 3♠ Q♠=1  B:10♣ 2♦ 10♣=2  BANKER(L)  | -8,000원 → 191,000원
H1270 | bet  16,000원 PLAYER | P:2♣ K♠ 10♦=2  B:6♦ 8♦=4  BANKER(L)  | -16,000원 → 175,000원  [end_giveup]
H1271 | bet   1,000원 BANKER | P:5♣ 2♣=7  B:Q♦ Q♠ Q♥=0  PLAYER(L)  | -1,000원 → 174,000원  [start]
H1272 | bet   2,000원 PLAYER | P:8♣ 10♠=8  B:Q♦ 2♥=2  PLAYER(W)  | +2,000원 → 176,000원  [end_win]
H1273 | bet   1,000원 BANKER | P:2♣ 2♦ 8♣=2  B:7♣ J♠=7  BANKER(W)  | +950원 → 176,950원
H1274 | bet   1,000원 BANKER | P:8♣ 10♥=8  B:K♣ 3♥=3  PLAYER(L)  | -1,000원 → 175,950원  [start]
H1275 | bet   2,000원 PLAYER | P:A♣ 8♣=9  B:A♦ 8♦=9  TIE(T)  |     0원 → 175,950원
H1276 | bet   2,000원 PLAYER | P:10♣ 3♣ 4♦=7  B:10♥ 2♦ 4♣=6  PLAYER(W)  | +2,000원 → 177,950원  [end_win]
H1277 | bet   1,000원 BANKER | P:4♦ 8♣=2  B:Q♦ 9♦=9  BANKER(W)  | +950원 → 178,900원
H1278 | bet   1,000원 BANKER | P:Q♦ 6♠=6  B:8♠ K♦=8  BANKER(W)  | +950원 → 179,850원
H1279 | bet   1,000원 BANKER | P:10♣ 4♠ 10♠=4  B:8♠ 6♠=4  TIE(T)  |     0원 → 179,850원
H1280 | bet   1,000원 BANKER | P:2♠ 8♠ J♦=0  B:2♥ J♣ 5♠=7  BANKER(W)  | +950원 → 180,800원
H1281 | bet   1,000원 BANKER | P:J♦ 7♦=7  B:Q♥ A♦ 4♦=5  PLAYER(L)  | -1,000원 → 179,800원  [start]
H1282 | bet   2,000원 PLAYER | P:A♦ 10♠ K♥=1  B:6♦ A♥=7  BANKER(L)  | -2,000원 → 177,800원
H1283 | bet   4,000원 PLAYER | P:5♦ 2♦=7  B:9♦ 2♣ 9♦=0  PLAYER(W)  | +4,000원 → 181,800원  [end_win]
H1284 | bet   1,000원 BANKER | P:J♦ 3♠ 5♥=8  B:K♦ 4♣ 3♥=7  PLAYER(L)  | -1,000원 → 180,800원  [start]
H1285 | bet   2,000원 PLAYER | P:6♠ 4♣ 10♦=0  B:6♦ 10♦=6  BANKER(L)  | -2,000원 → 178,800원
H1286 | bet   4,000원 PLAYER | P:4♣ Q♠ 2♦=6  B:7♠ 3♦ J♣=0  PLAYER(W)  | +4,000원 → 182,800원  [end_win]
H1287 | bet   1,000원 BANKER | P:6♠ 4♠ 9♠=9  B:9♠ 5♦=4  PLAYER(L)  | -1,000원 → 181,800원  [start]
H1288 | bet   2,000원 PLAYER | P:7♣ Q♣=7  B:9♠ 3♣ 5♦=7  TIE(T)  |     0원 → 181,800원
H1289 | bet   2,000원 PLAYER | P:J♣ A♣ 4♠=5  B:7♠ Q♥=7  BANKER(L)  | -2,000원 → 179,800원
H1290 | bet   4,000원 PLAYER | P:A♦ 6♣=7  B:5♥ A♦=6  PLAYER(W)  | +4,000원 → 183,800원  [end_win]
H1291 | bet   1,000원 BANKER | P:Q♦ 6♠=6  B:3♥ 5♣=8  BANKER(W)  | +950원 → 184,750원
H1292 | bet   1,000원 BANKER | P:A♣ 6♠=7  B:4♠ 9♠ A♦=4  PLAYER(L)  | -1,000원 → 183,750원  [start]
H1293 | bet   2,000원 PLAYER | P:K♠ K♥ A♠=1  B:2♦ 2♣=4  BANKER(L)  | -2,000원 → 181,750원
H1294 | bet   4,000원 PLAYER | P:9♣ 2♠ 10♦=1  B:2♥ 8♥ 3♦=3  BANKER(L)  | -4,000원 → 177,750원
H1295 | bet   8,000원 PLAYER | P:3♥ A♣ J♥=4  B:Q♣ 3♠ 7♦=0  PLAYER(W)  | +8,000원 → 185,750원  [end_win]
H1296 | bet   1,000원 BANKER | P:3♠ 3♠=6  B:5♠ J♠ 2♠=7  BANKER(W)  | +950원 → 186,700원
H1297 | bet   1,000원 BANKER | P:J♥ 3♣ J♣=3  B:7♦ J♣=7  BANKER(W)  | +950원 → 187,650원
H1298 | bet   1,000원 BANKER | P:2♣ 6♦=8  B:A♠ K♦=1  PLAYER(L)  | -1,000원 → 186,650원  [start]
H1299 | bet   2,000원 PLAYER | P:Q♥ 8♣=8  B:6♥ 6♣=2  PLAYER(W)  | +2,000원 → 188,650원  [end_win]
H1300 | bet   1,000원 BANKER | P:2♠ 2♥=4  B:5♥ 4♥=9  BANKER(W)  | +950원 → 189,600원
H1301 | bet   1,000원 BANKER | P:A♥ 7♣=8  B:10♦ 10♥=0  PLAYER(L)  | -1,000원 → 188,600원  [start]
H1302 | bet   2,000원 PLAYER | P:7♠ 7♥ 5♥=9  B:5♦ 9♣ A♣=5  PLAYER(W)  | +2,000원 → 190,600원  [end_win]
H1303 | bet   1,000원 BANKER | P:K♠ 9♥=9  B:9♦ 9♣=8  PLAYER(L)  | -1,000원 → 189,600원  [start]
H1304 | bet   2,000원 PLAYER | P:9♥ A♥=0  B:8♥ J♠=8  BANKER(L)  | -2,000원 → 187,600원
H1305 | bet   4,000원 PLAYER | P:4♦ J♣ Q♦=4  B:9♣ 2♠ 7♣=8  BANKER(L)  | -4,000원 → 183,600원
H1306 | bet   8,000원 PLAYER | P:8♦ 8♥=6  B:6♥ 10♣=6  TIE(T)  |     0원 → 183,600원
H1307 | bet   8,000원 PLAYER | P:10♦ 10♠=0  B:10♠ 9♦=9  BANKER(L)  | -8,000원 → 175,600원
H1308 | bet  16,000원 PLAYER | P:Q♠ K♠ 9♦=9  B:K♥ 6♠=6  PLAYER(W)  | +16,000원 → 191,600원  [end_win]
H1309 | bet   1,000원 BANKER | P:5♠ 6♣ Q♣=1  B:4♣ 6♣ 2♦=2  BANKER(W)  | +950원 → 192,550원
H1310 | bet   1,000원 BANKER | P:K♣ 8♦=8  B:2♠ 10♣=2  PLAYER(L)  | -1,000원 → 191,550원  [start]
H1311 | bet   2,000원 PLAYER | P:7♣ 7♠ J♦=4  B:9♦ 6♠=5  BANKER(L)  | -2,000원 → 189,550원
H1312 | bet   4,000원 PLAYER | P:5♥ 8♠ 10♠=3  B:6♣ Q♥=6  BANKER(L)  | -4,000원 → 185,550원
H1313 | bet   8,000원 PLAYER | P:8♠ A♣=9  B:8♠ 5♠=3  PLAYER(W)  | +8,000원 → 193,550원  [end_win]
H1314 | bet   1,000원 BANKER | P:9♣ Q♦=9  B:9♦ 9♥=8  PLAYER(L)  | -1,000원 → 192,550원  [start]
H1315 | bet   2,000원 PLAYER | P:8♥ 8♦=6  B:10♠ 4♣ 6♠=0  PLAYER(W)  | +2,000원 → 194,550원  [end_win]
H1316 | bet   1,000원 BANKER | P:K♠ Q♠=0  B:8♦ A♥=9  BANKER(W)  | +950원 → 195,500원
H1317 | bet   1,000원 BANKER | P:Q♠ 2♣=2  B:4♠ 4♣=8  BANKER(W)  | +950원 → 196,450원
H1318 | bet   1,000원 BANKER | P:4♦ 7♣=1  B:9♥ K♥=9  BANKER(W)  | +950원 → 197,400원
H1319 | bet   1,000원 BANKER | P:Q♣ 3♠ 9♦=2  B:8♥ 7♣=5  BANKER(W)  | +950원 → 198,350원
H1320 | bet   1,000원 BANKER | P:K♣ 8♦=8  B:7♥ Q♦=7  PLAYER(L)  | -1,000원 → 197,350원  [start]
H1321 | bet   2,000원 PLAYER | P:9♣ 10♥=9  B:9♣ 5♦=4  PLAYER(W)  | +2,000원 → 199,350원  [end_win]
H1322 | bet   1,000원 BANKER | P:J♦ A♥ 3♥=4  B:4♠ 7♦ Q♥=1  PLAYER(L)  | -1,000원 → 198,350원  [start]
H1323 | bet   2,000원 PLAYER | P:7♠ 8♠ 10♥=5  B:4♥ 8♥ 3♣=5  TIE(T)  |     0원 → 198,350원
H1324 | bet   2,000원 PLAYER | P:7♦ 4♣ 7♦=8  B:K♣ K♠ 8♠=8  TIE(T)  |     0원 → 198,350원
H1325 | bet   2,000원 PLAYER | P:3♣ 10♦ 3♣=6  B:6♣ 8♣ 6♣=0  PLAYER(W)  | +2,000원 → 200,350원  [end_win]
H1326 | bet   1,000원 BANKER | P:4♥ A♣ 8♦=3  B:3♠ 4♣=7  BANKER(W)  | +950원 → 201,300원
H1327 | bet   1,000원 BANKER | P:A♠ 2♦ Q♥=3  B:2♥ 10♣ 5♦=7  BANKER(W)  | +950원 → 202,250원
H1328 | bet   1,000원 BANKER | P:J♣ 8♣=8  B:10♣ A♠=1  PLAYER(L)  | -1,000원 → 201,250원  [start]
H1329 | bet   2,000원 PLAYER | P:9♦ 10♥=9  B:6♠ 8♦=4  PLAYER(W)  | +2,000원 → 203,250원  [end_win]
H1330 | bet   1,000원 BANKER | P:5♥ 6♠ 3♥=4  B:6♣ Q♥=6  BANKER(W)  | +950원 → 204,200원
H1331 | bet   1,000원 BANKER | P:7♥ J♠=7  B:9♣ J♥=9  BANKER(W)  | +950원 → 205,150원
H1332 | bet   1,000원 BANKER | P:9♠ 10♥=9  B:4♣ 5♥=9  TIE(T)  |     0원 → 205,150원
H1333 | bet   1,000원 BANKER | P:9♣ 9♠=8  B:A♦ 9♠=0  PLAYER(L)  | -1,000원 → 204,150원  [start]
H1334 | bet   2,000원 PLAYER | P:A♠ K♣ J♣=1  B:6♥ K♥=6  BANKER(L)  | -2,000원 → 202,150원
H1335 | bet   4,000원 PLAYER | P:3♥ 4♣=7  B:K♥ 9♣=9  BANKER(L)  | -4,000원 → 198,150원
H1336 | bet   8,000원 PLAYER | P:10♠ 10♦=0  B:J♥ 8♦=8  BANKER(L)  | -8,000원 → 190,150원
H1337 | bet  16,000원 PLAYER | P:J♣ Q♠ 7♦=7  B:7♠ 9♦ 5♦=1  PLAYER(W)  | +16,000원 → 206,150원  [end_win]
H1338 | bet   1,000원 BANKER | P:3♥ 2♠=5  B:A♠ 8♣=9  BANKER(W)  | +950원 → 207,100원
H1339 | bet   1,000원 BANKER | P:5♥ K♣ 6♠=1  B:8♠ 2♦ 5♦=5  BANKER(W)  | +950원 → 208,050원
H1340 | bet   1,000원 BANKER | P:3♦ A♦ 2♦=6  B:A♦ K♠ 7♥=8  BANKER(W)  | +950원 → 209,000원
H1341 | bet   1,000원 BANKER | P:5♠ 6♣ 7♦=8  B:Q♠ Q♦ J♦=0  PLAYER(L)  | -1,000원 → 208,000원  [start]
H1342 | bet   2,000원 PLAYER | P:2♦ Q♠=2  B:8♣ Q♣=8  BANKER(L)  | -2,000원 → 206,000원
H1343 | bet   4,000원 PLAYER | P:6♥ A♣=7  B:5♣ 9♣ K♠=4  PLAYER(W)  | +4,000원 → 210,000원  [end_win]
H1344 | bet   1,000원 BANKER | P:3♣ 4♦=7  B:10♦ 6♦=6  PLAYER(L)  | -1,000원 → 209,000원  [start]
H1345 | bet   2,000원 PLAYER | P:6♦ 6♥ 7♣=9  B:9♠ 3♠ 6♥=8  PLAYER(W)  | +2,000원 → 211,000원  [end_win]
H1346 | bet   1,000원 BANKER | P:7♥ 10♣=7  B:4♠ A♥ K♦=5  PLAYER(L)  | -1,000원 → 210,000원  [start]
H1347 | bet   2,000원 PLAYER | P:4♦ 5♦=9  B:4♥ J♠=4  PLAYER(W)  | +2,000원 → 212,000원  [end_win]
H1348 | bet   1,000원 BANKER | P:4♦ 2♣=6  B:9♦ 2♣ 5♣=6  TIE(T)  |     0원 → 212,000원
H1349 | bet   1,000원 BANKER | P:3♠ A♣ 10♠=4  B:2♣ Q♣ 2♠=4  TIE(T)  |     0원 → 212,000원
H1350 | bet   1,000원 BANKER | P:Q♣ 9♠=9  B:3♦ 4♦=7  PLAYER(L)  | -1,000원 → 211,000원  [start]
H1351 | bet   2,000원 PLAYER | P:K♠ 7♠=7  B:7♥ 2♣=9  BANKER(L)  | -2,000원 → 209,000원
H1352 | bet   4,000원 PLAYER | P:Q♥ 10♠ 10♥=0  B:4♥ J♦=4  BANKER(L)  | -4,000원 → 205,000원
H1353 | bet   8,000원 PLAYER | P:J♠ 7♦=7  B:A♦ K♦ 6♦=7  TIE(T)  |     0원 → 205,000원
H1354 | bet   8,000원 PLAYER | P:5♦ 2♥=7  B:4♦ J♦ 2♥=6  PLAYER(W)  | +8,000원 → 213,000원  [end_win]
H1355 | bet   1,000원 BANKER | P:7♣ 4♠ A♦=2  B:A♥ 4♣=5  BANKER(W)  | +950원 → 213,950원
H1356 | bet   1,000원 BANKER | P:K♦ 5♣ A♠=6  B:K♠ K♥ K♦=0  PLAYER(L)  | -1,000원 → 212,950원  [start]
H1357 | bet   2,000원 PLAYER | P:9♥ K♥=9  B:K♣ 7♥=7  PLAYER(W)  | +2,000원 → 214,950원  [end_win]
H1358 | bet   1,000원 BANKER | P:5♠ A♥=6  B:3♣ 7♠ 2♣=2  PLAYER(L)  | -1,000원 → 213,950원  [start]
H1359 | bet   2,000원 PLAYER | P:9♥ 10♦=9  B:Q♦ 5♥=5  PLAYER(W)  | +2,000원 → 215,950원  [end_win]
H1360 | bet   1,000원 BANKER | P:A♦ J♣=1  B:10♦ 8♠=8  BANKER(W)  | +950원 → 216,900원
H1361 | bet   1,000원 BANKER | P:2♣ Q♠=2  B:J♣ 8♥=8  BANKER(W)  | +950원 → 217,850원
H1362 | bet   1,000원 BANKER | P:8♣ 5♣ 3♦=6  B:5♠ 7♠ 10♦=2  PLAYER(L)  | -1,000원 → 216,850원  [start]
H1363 | bet   2,000원 PLAYER | P:9♥ 4♣ 7♥=0  B:K♥ 6♦ Q♥=6  BANKER(L)  | -2,000원 → 214,850원
H1364 | bet   4,000원 PLAYER | P:7♥ 7♣ J♥=4  B:8♥ 8♣=6  BANKER(L)  | -4,000원 → 210,850원
H1365 | bet   8,000원 PLAYER | P:K♠ 6♥=6  B:10♠ J♠ 10♣=0  PLAYER(W)  | +8,000원 → 218,850원  [end_win]
H1366 | bet   1,000원 BANKER | P:4♠ Q♣ J♥=4  B:Q♣ 6♣=6  BANKER(W)  | +950원 → 219,800원
H1367 | bet   1,000원 BANKER | P:Q♠ A♠=1  B:2♥ 6♣=8  BANKER(W)  | +950원 → 220,750원
H1368 | bet   1,000원 BANKER | P:5♠ 6♣ 10♣=1  B:J♠ 3♣ 5♥=8  BANKER(W)  | +950원 → 221,700원
H1369 | bet   1,000원 BANKER | P:Q♥ 3♥ J♣=3  B:9♠ 4♥ 6♦=9  BANKER(W)  | +950원 → 222,650원
H1370 | bet   1,000원 BANKER | P:5♦ 3♦=8  B:6♥ 3♠=9  BANKER(W)  | +950원 → 223,600원
H1371 | bet   1,000원 BANKER | P:J♥ A♦ 2♠=3  B:8♣ 3♥ 5♠=6  BANKER(W)  | +950원 → 224,550원
H1372 | bet   1,000원 BANKER | P:6♠ Q♥=6  B:4♥ 2♦=6  TIE(T)  |     0원 → 224,550원
H1373 | bet   1,000원 BANKER | P:A♣ 2♠ 4♠=7  B:K♦ 2♠ 4♦=6  PLAYER(L)  | -1,000원 → 223,550원  [start]
H1374 | bet   2,000원 PLAYER | P:2♥ 10♦ 3♣=5  B:Q♦ 2♥ 3♠=5  TIE(T)  |     0원 → 223,550원
H1375 | bet   2,000원 PLAYER | P:J♣ 10♣ 5♦=5  B:6♠ 4♥ 2♦=2  PLAYER(W)  | +2,000원 → 225,550원  [end_win]
H1376 | bet   1,000원 BANKER | P:J♣ 5♥ 9♣=4  B:A♣ J♥ K♣=1  PLAYER(L)  | -1,000원 → 224,550원  [start]
H1377 | bet   2,000원 PLAYER | P:9♥ 10♥=9  B:8♦ 2♦=0  PLAYER(W)  | +2,000원 → 226,550원  [end_win]
H1378 | bet   1,000원 BANKER | P:10♠ 9♥=9  B:4♥ 7♠=1  PLAYER(L)  | -1,000원 → 225,550원  [start]
H1379 | bet   2,000원 PLAYER | P:5♣ 5♥ J♥=0  B:9♠ 6♥=5  BANKER(L)  | -2,000원 → 223,550원
H1380 | bet   4,000원 PLAYER | P:6♠ K♣=6  B:Q♦ A♣ Q♠=1  PLAYER(W)  | +4,000원 → 227,550원  [end_win]
H1381 | bet   1,000원 BANKER | P:3♥ K♦ 5♣=8  B:5♣ J♥ 2♥=7  PLAYER(L)  | -1,000원 → 226,550원  [start]
H1382 | bet   2,000원 PLAYER | P:K♥ 9♦=9  B:3♠ 8♥=1  PLAYER(W)  | +2,000원 → 228,550원  [end_win]
H1383 | bet   1,000원 BANKER | P:3♦ 2♦ Q♦=5  B:10♥ 2♣ J♦=2  PLAYER(L)  | -1,000원 → 227,550원  [start]
H1384 | bet   2,000원 PLAYER | P:J♦ Q♦ 8♦=8  B:4♠ 2♠=6  PLAYER(W)  | +2,000원 → 229,550원  [end_win]
H1385 | bet   1,000원 BANKER | P:Q♣ K♦=0  B:9♥ 10♦=9  BANKER(W)  | +950원 → 230,500원
H1386 | bet   1,000원 BANKER | P:A♠ 3♥ A♥=5  B:5♣ 5♠ 5♠=5  TIE(T)  |     0원 → 230,500원
H1387 | bet   1,000원 BANKER | P:J♠ 10♣ 7♦=7  B:6♦ A♥=7  TIE(T)  |     0원 → 230,500원
H1388 | bet   1,000원 BANKER | P:K♠ 4♠ 7♦=1  B:3♦ A♠ A♣=5  BANKER(W)  | +950원 → 231,450원
H1389 | bet   1,000원 BANKER | P:J♠ 3♠ 2♥=5  B:8♥ 7♣=5  TIE(T)  |     0원 → 231,450원
H1390 | bet   1,000원 BANKER | P:6♦ K♣=6  B:2♠ A♦ A♥=4  PLAYER(L)  | -1,000원 → 230,450원  [start]
H1391 | bet   2,000원 PLAYER | P:4♦ 9♠ 8♣=1  B:6♦ 10♠=6  BANKER(L)  | -2,000원 → 228,450원
H1392 | bet   4,000원 PLAYER | P:K♦ 8♠=8  B:8♥ Q♣=8  TIE(T)  |     0원 → 228,450원
H1393 | bet   4,000원 PLAYER | P:2♥ 6♥=8  B:4♠ 8♦=2  PLAYER(W)  | +4,000원 → 232,450원  [end_win]
H1394 | bet   1,000원 BANKER | P:K♠ J♦ 10♣=0  B:3♣ 8♦ 3♣=4  BANKER(W)  | +950원 → 233,400원
H1395 | bet   1,000원 BANKER | P:5♦ 7♦ 10♦=2  B:6♣ 7♥ 4♣=7  BANKER(W)  | +950원 → 234,350원
H1396 | bet   1,000원 BANKER | P:K♥ J♣ 3♣=3  B:Q♠ 10♦ 4♣=4  BANKER(W)  | +950원 → 235,300원
H1397 | bet   1,000원 BANKER | P:6♠ A♣=7  B:5♥ 6♣ 9♠=0  PLAYER(L)  | -1,000원 → 234,300원  [start]
H1398 | bet   2,000원 PLAYER | P:K♠ 10♠=0  B:9♦ 9♥=8  BANKER(L)  | -2,000원 → 232,300원
H1399 | bet   4,000원 PLAYER | P:A♠ A♣ Q♣=2  B:K♦ 4♥=4  BANKER(L)  | -4,000원 → 228,300원
H1400 | bet   8,000원 PLAYER | P:5♥ 8♥ 4♠=7  B:J♣ K♥ A♠=1  PLAYER(W)  | +8,000원 → 236,300원  [end_win]
H1401 | bet   1,000원 BANKER | P:4♣ 7♠ 2♥=3  B:2♦ 3♠=5  BANKER(W)  | +950원 → 237,250원
H1402 | bet   1,000원 BANKER | P:Q♥ 4♣=4  B:3♥ 5♥=8  BANKER(W)  | +950원 → 238,200원
H1403 | bet   1,000원 BANKER | P:6♣ J♣=6  B:10♥ 3♠ 6♦=9  BANKER(W)  | +950원 → 239,150원
H1404 | bet   1,000원 BANKER | P:K♠ 6♦=6  B:J♣ K♣ A♠=1  PLAYER(L)  | -1,000원 → 238,150원  [start]
H1405 | bet   2,000원 PLAYER | P:K♠ 5♠ Q♦=5  B:9♥ 6♣=5  TIE(T)  |     0원 → 238,150원
H1406 | bet   2,000원 PLAYER | P:8♣ 10♠=8  B:5♠ 7♣=2  PLAYER(W)  | +2,000원 → 240,150원  [end_win]
H1407 | bet   1,000원 BANKER | P:10♠ 10♥=0  B:9♠ 10♥=9  BANKER(W)  | +950원 → 241,100원
H1408 | bet   1,000원 BANKER | P:J♥ 8♥=8  B:8♦ 10♦=8  TIE(T)  |     0원 → 241,100원
H1409 | bet   1,000원 BANKER | P:8♣ 7♥ A♥=6  B:A♥ 3♥=4  PLAYER(L)  | -1,000원 → 240,100원  [start]
H1410 | bet   2,000원 PLAYER | P:K♠ 4♥ K♥=4  B:5♥ 10♠=5  BANKER(L)  | -2,000원 → 238,100원
H1411 | bet   4,000원 PLAYER | P:A♥ 8♠=9  B:5♦ 8♥=3  PLAYER(W)  | +4,000원 → 242,100원  [end_win]
H1412 | bet   1,000원 BANKER | P:5♥ 8♥=3  B:Q♣ 9♦=9  BANKER(W)  | +950원 → 243,050원
H1413 | bet   1,000원 BANKER | P:7♦ 3♥ 8♥=8  B:9♠ 3♥ 8♦=0  PLAYER(L)  | -1,000원 → 242,050원  [start]
H1414 | bet   2,000원 PLAYER | P:Q♣ 2♠ Q♥=2  B:2♣ 3♠=5  BANKER(L)  | -2,000원 → 240,050원
H1415 | bet   4,000원 PLAYER | P:K♣ 6♦=6  B:A♦ 8♣=9  BANKER(L)  | -4,000원 → 236,050원
H1416 | bet   8,000원 PLAYER | P:2♥ 3♦=5  B:Q♠ 9♥=9  BANKER(L)  | -8,000원 → 228,050원
H1417 | bet  16,000원 PLAYER | P:8♦ 4♣ 4♦=6  B:7♥ 5♠ 7♥=9  BANKER(L)  | -16,000원 → 212,050원  [end_giveup]
H1418 | bet   1,000원 BANKER | P:J♥ 4♦=4  B:8♥ K♦=8  BANKER(W)  | +950원 → 213,000원
H1419 | bet   1,000원 BANKER | P:6♠ 2♥=8  B:5♦ 9♠=4  PLAYER(L)  | -1,000원 → 212,000원  [start]
H1420 | bet   2,000원 PLAYER | P:2♣ 3♦ A♦=6  B:2♠ 8♣ Q♦=0  PLAYER(W)  | +2,000원 → 214,000원  [end_win]
H1421 | bet   1,000원 BANKER | P:9♦ 9♥=8  B:4♦ 10♥=4  PLAYER(L)  | -1,000원 → 213,000원  [start]
H1422 | bet   2,000원 PLAYER | P:Q♦ K♥=0  B:6♦ 3♠=9  BANKER(L)  | -2,000원 → 211,000원
H1423 | bet   4,000원 PLAYER | P:A♣ A♥ A♠=3  B:A♣ 4♥=5  BANKER(L)  | -4,000원 → 207,000원
H1424 | bet   8,000원 PLAYER | P:4♣ 2♦=6  B:7♣ 6♠ 5♠=8  BANKER(L)  | -8,000원 → 199,000원
H1425 | bet  16,000원 PLAYER | P:2♦ 6♥=8  B:6♠ 9♥=5  PLAYER(W)  | +16,000원 → 215,000원  [end_win]
H1426 | bet   1,000원 BANKER | P:9♦ 7♦=6  B:7♠ 9♦=6  TIE(T)  |     0원 → 215,000원
H1427 | bet   1,000원 BANKER | P:Q♣ 4♠ 4♠=8  B:6♦ 8♥ 7♠=1  PLAYER(L)  | -1,000원 → 214,000원  [start]
H1428 | bet   2,000원 PLAYER | P:Q♦ 8♦=8  B:A♣ K♠=1  PLAYER(W)  | +2,000원 → 216,000원  [end_win]
H1429 | bet   1,000원 BANKER | P:3♥ 9♠ 8♣=0  B:9♦ 7♦=6  BANKER(W)  | +950원 → 216,950원
H1430 | bet   1,000원 BANKER | P:5♦ J♣=5  B:3♠ 6♣=9  BANKER(W)  | +950원 → 217,900원
H1431 | bet   1,000원 BANKER | P:3♦ J♥=3  B:J♣ 8♦=8  BANKER(W)  | +950원 → 218,850원
H1432 | bet   1,000원 BANKER | P:6♠ 3♣=9  B:K♦ 10♥=0  PLAYER(L)  | -1,000원 → 217,850원  [start]
H1433 | bet   2,000원 PLAYER | P:2♣ J♥=2  B:9♣ 9♣=8  BANKER(L)  | -2,000원 → 215,850원
H1434 | bet   4,000원 PLAYER | P:J♠ J♥ 7♥=7  B:A♦ 9♥ A♥=1  PLAYER(W)  | +4,000원 → 219,850원  [end_win]
H1435 | bet   1,000원 BANKER | P:2♣ J♦ 8♠=0  B:4♥ 6♠ A♦=1  BANKER(W)  | +950원 → 220,800원
H1436 | bet   1,000원 BANKER | P:J♠ 5♥ K♣=5  B:K♦ 3♠ Q♠=3  PLAYER(L)  | -1,000원 → 219,800원  [start]
H1437 | bet   2,000원 PLAYER | P:A♠ J♠ 4♦=5  B:8♦ 3♠ 6♠=7  BANKER(L)  | -2,000원 → 217,800원
H1438 | bet   4,000원 PLAYER | P:5♦ Q♥ 9♣=4  B:Q♦ 10♣ A♠=1  PLAYER(W)  | +4,000원 → 221,800원  [end_win]
H1439 | bet   1,000원 BANKER | P:Q♣ Q♥ 4♠=4  B:2♣ 9♦ 6♥=7  BANKER(W)  | +950원 → 222,750원
H1440 | bet   1,000원 BANKER | P:J♦ 4♣ K♦=4  B:6♦ J♦=6  BANKER(W)  | +950원 → 223,700원
H1441 | bet   1,000원 BANKER | P:8♠ 6♥ 6♣=0  B:K♥ 2♥ 6♥=8  BANKER(W)  | +950원 → 224,650원
H1442 | bet   1,000원 BANKER | P:2♠ 5♥=7  B:A♦ Q♦ 10♣=1  PLAYER(L)  | -1,000원 → 223,650원  [start]
H1443 | bet   2,000원 PLAYER | P:3♥ 4♥=7  B:K♣ Q♠ 5♣=5  PLAYER(W)  | +2,000원 → 225,650원  [end_win]
H1444 | bet   1,000원 BANKER | P:7♣ 2♦=9  B:7♣ K♣=7  PLAYER(L)  | -1,000원 → 224,650원  [start]
H1445 | bet   2,000원 PLAYER | P:8♣ 3♦=1  B:9♣ K♥=9  BANKER(L)  | -2,000원 → 222,650원
H1446 | bet   4,000원 PLAYER | P:8♣ 3♥ 4♦=5  B:3♣ 9♣ 10♥=2  PLAYER(W)  | +4,000원 → 226,650원  [end_win]
H1447 | bet   1,000원 BANKER | P:6♦ 10♣=6  B:Q♠ 2♠ Q♦=2  PLAYER(L)  | -1,000원 → 225,650원  [start]
H1448 | bet   2,000원 PLAYER | P:Q♥ 10♦ 8♥=8  B:3♣ A♣=4  PLAYER(W)  | +2,000원 → 227,650원  [end_win]
H1449 | bet   1,000원 BANKER | P:10♣ 5♣ 6♥=1  B:10♦ 7♦=7  BANKER(W)  | +950원 → 228,600원
H1450 | bet   1,000원 BANKER | P:7♣ 5♦ 7♦=9  B:A♥ 2♣ J♠=3  PLAYER(L)  | -1,000원 → 227,600원  [start]
H1451 | bet   2,000원 PLAYER | P:6♥ J♦=6  B:2♥ 10♣ J♠=2  PLAYER(W)  | +2,000원 → 229,600원  [end_win]
H1452 | bet   1,000원 BANKER | P:Q♣ 7♠=7  B:Q♦ A♣ 4♥=5  PLAYER(L)  | -1,000원 → 228,600원  [start]
H1453 | bet   2,000원 PLAYER | P:7♥ 9♠=6  B:8♣ 7♠ 2♦=7  BANKER(L)  | -2,000원 → 226,600원
H1454 | bet   4,000원 PLAYER | P:3♣ 2♦ J♣=5  B:6♥ 6♦ 10♥=2  PLAYER(W)  | +4,000원 → 230,600원  [end_win]
H1455 | bet   1,000원 BANKER | P:3♦ 10♦ K♦=3  B:A♦ 2♠ A♠=4  BANKER(W)  | +950원 → 231,550원
H1456 | bet   1,000원 BANKER | P:2♦ A♥ Q♥=3  B:K♣ 3♥ J♥=3  TIE(T)  |     0원 → 231,550원
H1457 | bet   1,000원 BANKER | P:4♥ 10♦ 9♠=3  B:3♦ 7♣ 10♠=0  PLAYER(L)  | -1,000원 → 230,550원  [start]
H1458 | bet   2,000원 PLAYER | P:2♥ J♦ 2♦=4  B:J♦ Q♣ 2♣=2  PLAYER(W)  | +2,000원 → 232,550원  [end_win]
H1459 | bet   1,000원 BANKER | P:2♠ K♣ 5♣=7  B:10♠ J♠ 5♠=5  PLAYER(L)  | -1,000원 → 231,550원  [start]
H1460 | bet   2,000원 PLAYER | P:2♠ K♠ 8♠=0  B:3♠ 9♠ 7♣=9  BANKER(L)  | -2,000원 → 229,550원
H1461 | bet   4,000원 PLAYER | P:3♣ 9♣ J♠=2  B:Q♠ 4♦=4  BANKER(L)  | -4,000원 → 225,550원
H1462 | bet   8,000원 PLAYER | P:7♠ 7♣ 10♥=4  B:3♦ 4♠=7  BANKER(L)  | -8,000원 → 217,550원
H1463 | bet  16,000원 PLAYER | P:Q♠ 6♣=6  B:8♠ 9♦=7  BANKER(L)  | -16,000원 → 201,550원  [end_giveup]
H1464 | bet   1,000원 BANKER | P:K♥ 9♥=9  B:K♠ 5♣=5  PLAYER(L)  | -1,000원 → 200,550원  [start]
H1465 | bet   2,000원 PLAYER | P:4♠ 2♣=6  B:2♠ Q♣ 7♥=9  BANKER(L)  | -2,000원 → 198,550원
H1466 | bet   4,000원 PLAYER | P:10♠ 10♦ J♥=0  B:J♥ 5♣=5  BANKER(L)  | -4,000원 → 194,550원
H1467 | bet   8,000원 PLAYER | P:K♦ 6♠=6  B:J♠ 4♦ 4♠=8  BANKER(L)  | -8,000원 → 186,550원
H1468 | bet  16,000원 PLAYER | P:5♥ 7♥ 4♦=6  B:K♣ Q♥ 2♥=2  PLAYER(W)  | +16,000원 → 202,550원  [end_win]
H1469 | bet   1,000원 BANKER | P:K♦ 5♠ 10♠=5  B:5♠ 5♣ 7♠=7  BANKER(W)  | +950원 → 203,500원
H1470 | bet   1,000원 BANKER | P:7♠ 9♥=6  B:4♥ 7♦ A♦=2  PLAYER(L)  | -1,000원 → 202,500원  [start]
H1471 | bet   2,000원 PLAYER | P:A♦ Q♠ 8♠=9  B:4♣ J♦=4  PLAYER(W)  | +2,000원 → 204,500원  [end_win]
H1472 | bet   1,000원 BANKER | P:A♣ 7♦=8  B:5♣ A♥=6  PLAYER(L)  | -1,000원 → 203,500원  [start]
H1473 | bet   2,000원 PLAYER | P:3♦ 9♣ J♣=2  B:6♣ 9♣=5  BANKER(L)  | -2,000원 → 201,500원
H1474 | bet   4,000원 PLAYER | P:3♠ 2♠ 10♠=5  B:5♥ 10♥=5  TIE(T)  |     0원 → 201,500원
H1475 | bet   4,000원 PLAYER | P:9♣ 3♥ 2♣=4  B:3♠ 3♦=6  BANKER(L)  | -4,000원 → 197,500원
H1476 | bet   8,000원 PLAYER | P:6♣ 5♦=1  B:9♦ 10♠=9  BANKER(L)  | -8,000원 → 189,500원
H1477 | bet  16,000원 PLAYER | P:2♣ A♣ 10♦=3  B:K♦ 4♦=4  BANKER(L)  | -16,000원 → 173,500원  [end_giveup]
H1478 | bet   1,000원 BANKER | P:7♥ 9♥=6  B:10♣ 10♣ 3♠=3  PLAYER(L)  | -1,000원 → 172,500원  [start]
H1479 | bet   2,000원 PLAYER | P:Q♦ 9♣=9  B:10♦ 8♣=8  PLAYER(W)  | +2,000원 → 174,500원  [end_win]
H1480 | bet   1,000원 BANKER | P:4♦ J♣=4  B:2♦ 7♣=9  BANKER(W)  | +950원 → 175,450원
H1481 | bet   1,000원 BANKER | P:K♥ Q♣ K♠=0  B:6♠ J♦=6  BANKER(W)  | +950원 → 176,400원
H1482 | bet   1,000원 BANKER | P:5♣ 9♣ K♠=4  B:3♦ 2♥=5  BANKER(W)  | +950원 → 177,350원
H1483 | bet   1,000원 BANKER | P:Q♥ Q♦ 2♠=2  B:A♦ 4♦=5  BANKER(W)  | +950원 → 178,300원
H1484 | bet   1,000원 BANKER | P:6♥ 8♣ 2♦=6  B:8♥ 7♣=5  PLAYER(L)  | -1,000원 → 177,300원  [start]
H1485 | bet   2,000원 PLAYER | P:3♦ 2♦ Q♥=5  B:8♠ 7♦=5  TIE(T)  |     0원 → 177,300원
H1486 | bet   2,000원 PLAYER | P:Q♣ 2♥=2  B:4♣ 5♦=9  BANKER(L)  | -2,000원 → 175,300원
H1487 | bet   4,000원 PLAYER | P:6♥ 7♣ A♥=4  B:6♣ A♥=7  BANKER(L)  | -4,000원 → 171,300원
H1488 | bet   8,000원 PLAYER | P:8♣ 6♣ 7♥=1  B:2♦ J♠ 6♥=8  BANKER(L)  | -8,000원 → 163,300원
H1489 | bet  16,000원 PLAYER | P:3♥ 4♥=7  B:K♥ 9♦=9  BANKER(L)  | -16,000원 → 147,300원  [end_giveup]
H1490 | bet   1,000원 BANKER | P:7♣ K♦=7  B:J♦ 5♥ J♣=5  PLAYER(L)  | -1,000원 → 146,300원  [start]
H1491 | bet   2,000원 PLAYER | P:10♣ 5♦ Q♣=5  B:5♠ 8♥ 9♣=2  PLAYER(W)  | +2,000원 → 148,300원  [end_win]
H1492 | bet   1,000원 BANKER | P:2♦ A♣ 3♣=6  B:Q♥ 3♥ 5♠=8  BANKER(W)  | +950원 → 149,250원
H1493 | bet   1,000원 BANKER | P:K♣ 8♠=8  B:2♠ 8♠=0  PLAYER(L)  | -1,000원 → 148,250원  [start]
H1494 | bet   2,000원 PLAYER | P:4♦ Q♣ 8♥=2  B:4♦ Q♦=4  BANKER(L)  | -2,000원 → 146,250원
H1495 | bet   4,000원 PLAYER | P:10♦ 4♠ K♣=4  B:6♦ 8♥=4  TIE(T)  |     0원 → 146,250원
H1496 | bet   4,000원 PLAYER | P:4♥ 6♣ A♠=1  B:2♠ 4♣=6  BANKER(L)  | -4,000원 → 142,250원
H1497 | bet   8,000원 PLAYER | P:K♠ 4♣=4  B:9♣ 9♥=8  BANKER(L)  | -8,000원 → 134,250원
H1498 | bet  16,000원 PLAYER | P:7♦ J♠=7  B:J♦ 8♦=8  BANKER(L)  | -16,000원 → 118,250원  [end_giveup]
H1499 | bet   1,000원 BANKER | P:2♣ K♦ 10♥=2  B:9♥ 3♠ J♥=2  TIE(T)  |     0원 → 118,250원
H1500 | bet   1,000원 BANKER | P:10♦ 9♠=9  B:4♠ A♥=5  PLAYER(L)  | -1,000원 → 117,250원  [start]
H1501 | bet   2,000원 PLAYER | P:5♥ A♣=6  B:6♣ 3♣=9  BANKER(L)  | -2,000원 → 115,250원
H1502 | bet   4,000원 PLAYER | P:A♥ Q♥ 4♥=5  B:K♥ 4♥ K♣=4  PLAYER(W)  | +4,000원 → 119,250원  [end_win]
H1503 | bet   1,000원 BANKER | P:7♦ 8♦ K♠=5  B:3♥ J♦ 4♦=7  BANKER(W)  | +950원 → 120,200원
H1504 | bet   1,000원 BANKER | P:A♠ 10♠ J♣=1  B:J♣ 7♦=7  BANKER(W)  | +950원 → 121,150원
H1505 | bet   1,000원 BANKER | P:Q♠ 4♥ 4♠=8  B:A♠ 3♦ A♠=5  PLAYER(L)  | -1,000원 → 120,150원  [start]
H1506 | bet   2,000원 PLAYER | P:10♠ 9♦=9  B:10♣ Q♣=0  PLAYER(W)  | +2,000원 → 122,150원  [end_win]
H1507 | bet   1,000원 BANKER | P:7♠ K♦=7  B:5♠ 7♦ 4♣=6  PLAYER(L)  | -1,000원 → 121,150원  [start]
H1508 | bet   2,000원 PLAYER | P:Q♦ Q♠=0  B:6♠ 2♥=8  BANKER(L)  | -2,000원 → 119,150원
H1509 | bet   4,000원 PLAYER | P:6♦ 4♣ 9♠=9  B:7♣ 9♥=6  PLAYER(W)  | +4,000원 → 123,150원  [end_win]
H1510 | bet   1,000원 BANKER | P:K♥ 10♥=0  B:K♣ 8♦=8  BANKER(W)  | +950원 → 124,100원
H1511 | bet   1,000원 BANKER | P:3♦ A♣ J♦=4  B:9♣ 8♣=7  BANKER(W)  | +950원 → 125,050원
H1512 | bet   1,000원 BANKER | P:7♦ J♥=7  B:5♥ 3♠=8  BANKER(W)  | +950원 → 126,000원
H1513 | bet   1,000원 BANKER | P:5♦ 5♥ 5♥=5  B:7♣ 3♠ Q♥=0  PLAYER(L)  | -1,000원 → 125,000원  [start]
H1514 | bet   2,000원 PLAYER | P:Q♣ 2♣=2  B:K♦ 8♠=8  BANKER(L)  | -2,000원 → 123,000원
H1515 | bet   4,000원 PLAYER | P:2♣ K♥ Q♥=2  B:K♠ 4♥=4  BANKER(L)  | -4,000원 → 119,000원
H1516 | bet   8,000원 PLAYER | P:6♣ 8♣ A♣=5  B:A♥ 10♠ 7♥=8  BANKER(L)  | -8,000원 → 111,000원
H1517 | bet  16,000원 PLAYER | P:8♣ 8♥=6  B:4♠ 7♥ J♥=1  PLAYER(W)  | +16,000원 → 127,000원  [end_win]
H1518 | bet   1,000원 BANKER | P:Q♥ 4♥=4  B:9♥ 10♥=9  BANKER(W)  | +950원 → 127,950원
H1519 | bet   1,000원 BANKER | P:5♣ 4♠=9  B:6♦ 8♦=4  PLAYER(L)  | -1,000원 → 126,950원  [start]
H1520 | bet   2,000원 PLAYER | P:K♠ K♠ 2♦=2  B:Q♦ J♣ 2♥=2  TIE(T)  |     0원 → 126,950원
H1521 | bet   2,000원 PLAYER | P:6♠ 9♦=5  B:2♥ 7♠=9  BANKER(L)  | -2,000원 → 124,950원
H1522 | bet   4,000원 PLAYER | P:10♥ K♥ 6♠=6  B:8♠ 9♠=7  BANKER(L)  | -4,000원 → 120,950원
H1523 | bet   8,000원 PLAYER | P:Q♦ 5♣=5  B:9♥ J♠=9  BANKER(L)  | -8,000원 → 112,950원
H1524 | bet  16,000원 PLAYER | P:A♠ 7♣=8  B:J♦ 2♠=2  PLAYER(W)  | +16,000원 → 128,950원  [end_win]
H1525 | bet   1,000원 BANKER | P:6♥ 5♠ 5♣=6  B:J♥ A♦ K♦=1  PLAYER(L)  | -1,000원 → 127,950원  [start]
H1526 | bet   2,000원 PLAYER | P:K♦ 6♠=6  B:10♥ 7♣=7  BANKER(L)  | -2,000원 → 125,950원
H1527 | bet   4,000원 PLAYER | P:7♠ 6♣ 9♣=2  B:Q♠ 7♠=7  BANKER(L)  | -4,000원 → 121,950원
H1528 | bet   8,000원 PLAYER | P:9♠ A♦ 8♥=8  B:2♥ Q♣ 2♥=4  PLAYER(W)  | +8,000원 → 129,950원  [end_win]
H1529 | bet   1,000원 BANKER | P:4♠ 8♦=2  B:Q♠ 9♦=9  BANKER(W)  | +950원 → 130,900원
H1530 | bet   1,000원 BANKER | P:Q♠ 3♣ K♠=3  B:2♥ 3♣=5  BANKER(W)  | +950원 → 131,850원
H1531 | bet   1,000원 BANKER | P:7♠ 8♦ 8♦=3  B:10♣ Q♣ 4♠=4  BANKER(W)  | +950원 → 132,800원
H1532 | bet   1,000원 BANKER | P:5♦ 3♥=8  B:4♦ 4♥=8  TIE(T)  |     0원 → 132,800원
H1533 | bet   1,000원 BANKER | P:9♠ 8♥=7  B:Q♦ A♦ 2♣=3  PLAYER(L)  | -1,000원 → 131,800원  [start]
H1534 | bet   2,000원 PLAYER | P:A♠ 9♥ 10♣=0  B:6♥ 8♦=4  BANKER(L)  | -2,000원 → 129,800원
H1535 | bet   4,000원 PLAYER | P:6♦ J♥=6  B:A♠ Q♠ 8♣=9  BANKER(L)  | -4,000원 → 125,800원
H1536 | bet   8,000원 PLAYER | P:5♥ 10♦ 2♠=7  B:A♣ 10♦ 7♠=8  BANKER(L)  | -8,000원 → 117,800원
H1537 | bet  16,000원 PLAYER | P:5♠ 3♦=8  B:10♣ 3♣=3  PLAYER(W)  | +16,000원 → 133,800원  [end_win]
H1538 | bet   1,000원 BANKER | P:10♦ 7♥=7  B:9♠ 2♠ K♣=1  PLAYER(L)  | -1,000원 → 132,800원  [start]
H1539 | bet   2,000원 PLAYER | P:7♠ A♥=8  B:8♠ A♦=9  BANKER(L)  | -2,000원 → 130,800원
H1540 | bet   4,000원 PLAYER | P:J♣ 10♠ 3♦=3  B:J♦ 6♦=6  BANKER(L)  | -4,000원 → 126,800원
H1541 | bet   8,000원 PLAYER | P:6♣ 10♥=6  B:5♣ 6♥ 4♣=5  PLAYER(W)  | +8,000원 → 134,800원  [end_win]
H1542 | bet   1,000원 BANKER | P:3♣ 6♠=9  B:Q♠ 4♣=4  PLAYER(L)  | -1,000원 → 133,800원  [start]
H1543 | bet   2,000원 PLAYER | P:4♣ 7♥=1  B:5♣ 3♣=8  BANKER(L)  | -2,000원 → 131,800원
H1544 | bet   4,000원 PLAYER | P:4♠ 4♦=8  B:6♥ K♥=6  PLAYER(W)  | +4,000원 → 135,800원  [end_win]
H1545 | bet   1,000원 BANKER | P:5♠ J♠ 5♣=0  B:2♣ 10♥ J♠=2  BANKER(W)  | +950원 → 136,750원
H1546 | bet   1,000원 BANKER | P:7♦ 9♦=6  B:A♠ K♣ 3♥=4  PLAYER(L)  | -1,000원 → 135,750원  [start]
H1547 | bet   2,000원 PLAYER | P:5♣ K♥=5  B:6♠ 3♦=9  BANKER(L)  | -2,000원 → 133,750원
H1548 | bet   4,000원 PLAYER | P:9♣ 2♦ 10♣=1  B:5♥ 5♦ 2♠=2  BANKER(L)  | -4,000원 → 129,750원
H1549 | bet   8,000원 PLAYER | P:9♦ K♣=9  B:A♥ 6♦=7  PLAYER(W)  | +8,000원 → 137,750원  [end_win]
H1550 | bet   1,000원 BANKER | P:Q♥ J♣=0  B:7♦ A♥=8  BANKER(W)  | +950원 → 138,700원
H1551 | bet   1,000원 BANKER | P:3♠ A♦ Q♠=4  B:A♣ 2♣ 5♦=8  BANKER(W)  | +950원 → 139,650원
H1552 | bet   1,000원 BANKER | P:7♥ 8♠=5  B:9♠ J♠=9  BANKER(W)  | +950원 → 140,600원
H1553 | bet   1,000원 BANKER | P:8♥ J♠=8  B:8♠ 6♦=4  PLAYER(L)  | -1,000원 → 139,600원  [start]
H1554 | bet   2,000원 PLAYER | P:J♣ J♦ 10♠=0  B:5♠ 5♠ 3♣=3  BANKER(L)  | -2,000원 → 137,600원
H1555 | bet   4,000원 PLAYER | P:7♠ 2♦=9  B:10♦ 9♦=9  TIE(T)  |     0원 → 137,600원
H1556 | bet   4,000원 PLAYER | P:K♣ 10♠ 6♦=6  B:K♦ A♦ 8♣=9  BANKER(L)  | -4,000원 → 133,600원
H1557 | bet   8,000원 PLAYER | P:3♥ J♥=3  B:J♥ 9♠=9  BANKER(L)  | -8,000원 → 125,600원
H1558 | bet  16,000원 PLAYER | P:10♠ 5♠ 5♦=0  B:5♥ 6♠ K♦=1  BANKER(L)  | -16,000원 → 109,600원  [end_giveup]
H1559 | bet   1,000원 BANKER | P:K♠ 2♦ 4♥=6  B:7♠ 8♠ 9♦=4  PLAYER(L)  | -1,000원 → 108,600원  [start]
H1560 | bet   2,000원 PLAYER | P:2♠ 4♦=6  B:7♦ 3♣ 8♣=8  BANKER(L)  | -2,000원 → 106,600원
H1561 | bet   4,000원 PLAYER | P:J♥ 8♠=8  B:J♣ 2♥=2  PLAYER(W)  | +4,000원 → 110,600원  [end_win]
H1562 | bet   1,000원 BANKER | P:7♠ 5♦=2  B:3♠ 6♣=9  BANKER(W)  | +950원 → 111,550원
H1563 | bet   1,000원 BANKER | P:J♦ 9♠=9  B:K♠ Q♥=0  PLAYER(L)  | -1,000원 → 110,550원  [start]
H1564 | bet   2,000원 PLAYER | P:7♦ Q♠=7  B:8♥ A♠=9  BANKER(L)  | -2,000원 → 108,550원
H1565 | bet   4,000원 PLAYER | P:K♥ K♠ 3♥=3  B:6♦ 5♠ 9♥=0  PLAYER(W)  | +4,000원 → 112,550원  [end_win]
H1566 | bet   1,000원 BANKER | P:2♣ Q♥ K♦=2  B:Q♦ J♣ 6♠=6  BANKER(W)  | +950원 → 113,500원
H1567 | bet   1,000원 BANKER | P:3♣ 6♠=9  B:3♦ 4♠=7  PLAYER(L)  | -1,000원 → 112,500원  [start]
H1568 | bet   2,000원 PLAYER | P:Q♠ A♠ 3♠=4  B:7♠ 9♥=6  BANKER(L)  | -2,000원 → 110,500원
H1569 | bet   4,000원 PLAYER | P:7♥ J♠=7  B:Q♦ K♥ 7♠=7  TIE(T)  |     0원 → 110,500원
H1570 | bet   4,000원 PLAYER | P:J♦ 10♣ J♥=0  B:Q♣ 3♦ 9♠=2  BANKER(L)  | -4,000원 → 106,500원
H1571 | bet   8,000원 PLAYER | P:Q♥ J♦=0  B:3♠ 6♠=9  BANKER(L)  | -8,000원 → 98,500원
H1572 | bet  16,000원 PLAYER | P:9♣ 9♠=8  B:4♥ Q♣=4  PLAYER(W)  | +16,000원 → 114,500원  [end_win]
H1573 | bet   1,000원 BANKER | P:Q♥ 10♥=0  B:9♦ Q♣=9  BANKER(W)  | +950원 → 115,450원
H1574 | bet   1,000원 BANKER | P:J♦ A♦ 6♠=7  B:5♣ 2♠=7  TIE(T)  |     0원 → 115,450원
H1575 | bet   1,000원 BANKER | P:8♠ 9♠=7  B:3♥ A♥ 5♠=9  BANKER(W)  | +950원 → 116,400원
H1576 | bet   1,000원 BANKER | P:8♥ J♣=8  B:Q♦ 7♥=7  PLAYER(L)  | -1,000원 → 115,400원  [start]
H1577 | bet   2,000원 PLAYER | P:2♠ 10♥ K♠=2  B:10♣ 10♣ 10♥=0  PLAYER(W)  | +2,000원 → 117,400원  [end_win]
H1578 | bet   1,000원 BANKER | P:10♦ 5♥ 5♣=0  B:A♠ K♣ 6♦=7  BANKER(W)  | +950원 → 118,350원
H1579 | bet   1,000원 BANKER | P:4♦ A♦ 2♥=7  B:4♥ 3♣=7  TIE(T)  |     0원 → 118,350원
H1580 | bet   1,000원 BANKER | P:4♣ 2♦=6  B:5♠ 3♣=8  BANKER(W)  | +950원 → 119,300원
H1581 | bet   1,000원 BANKER | P:A♦ A♦ 7♥=9  B:8♦ 5♣ 2♠=5  PLAYER(L)  | -1,000원 → 118,300원  [start]
H1582 | bet   2,000원 PLAYER | P:7♣ 4♣ 10♥=1  B:2♦ J♠ 6♣=8  BANKER(L)  | -2,000원 → 116,300원
H1583 | bet   4,000원 PLAYER | P:K♠ 6♦=6  B:6♣ J♠=6  TIE(T)  |     0원 → 116,300원
H1584 | bet   4,000원 PLAYER | P:K♣ 9♣=9  B:3♠ 8♠=1  PLAYER(W)  | +4,000원 → 120,300원  [end_win]
H1585 | bet   1,000원 BANKER | P:3♠ 8♣ 2♦=3  B:A♣ 4♠=5  BANKER(W)  | +950원 → 121,250원
H1586 | bet   1,000원 BANKER | P:K♥ 10♦ 3♠=3  B:2♠ 4♦=6  BANKER(W)  | +950원 → 122,200원
H1587 | bet   1,000원 BANKER | P:8♥ K♥=8  B:J♣ 7♣=7  PLAYER(L)  | -1,000원 → 121,200원  [start]
H1588 | bet   2,000원 PLAYER | P:10♦ J♦ 4♥=4  B:Q♥ 4♣ J♦=4  TIE(T)  |     0원 → 121,200원
H1589 | bet   2,000원 PLAYER | P:8♣ A♥=9  B:9♦ 4♥=3  PLAYER(W)  | +2,000원 → 123,200원  [end_win]
H1590 | bet   1,000원 BANKER | P:8♦ K♦=8  B:4♣ 3♠=7  PLAYER(L)  | -1,000원 → 122,200원  [start]
H1591 | bet   2,000원 PLAYER | P:7♦ 4♠ 9♥=0  B:10♦ 4♥=4  BANKER(L)  | -2,000원 → 120,200원
H1592 | bet   4,000원 PLAYER | P:7♦ K♦=7  B:K♠ 10♥ K♦=0  PLAYER(W)  | +4,000원 → 124,200원  [end_win]
H1593 | bet   1,000원 BANKER | P:10♦ 6♥=6  B:10♣ Q♣ 6♣=6  TIE(T)  |     0원 → 124,200원
H1594 | bet   1,000원 BANKER | P:Q♣ Q♠ 9♥=9  B:5♠ 2♠=7  PLAYER(L)  | -1,000원 → 123,200원  [start]
H1595 | bet   2,000원 PLAYER | P:5♣ 3♥=8  B:7♦ 10♥=7  PLAYER(W)  | +2,000원 → 125,200원  [end_win]
H1596 | bet   1,000원 BANKER | P:6♦ 6♥=2  B:K♣ 9♦=9  BANKER(W)  | +950원 → 126,150원
H1597 | bet   1,000원 BANKER | P:7♠ A♠=8  B:Q♦ Q♥=0  PLAYER(L)  | -1,000원 → 125,150원  [start]
H1598 | bet   2,000원 PLAYER | P:3♣ 6♥=9  B:8♣ 5♦=3  PLAYER(W)  | +2,000원 → 127,150원  [end_win]
H1599 | bet   1,000원 BANKER | P:5♥ 3♦=8  B:A♠ 10♠=1  PLAYER(L)  | -1,000원 → 126,150원  [start]
H1600 | bet   2,000원 PLAYER | P:7♣ 7♣ A♠=5  B:K♣ 6♥=6  BANKER(L)  | -2,000원 → 124,150원
H1601 | bet   4,000원 PLAYER | P:3♣ A♣ 6♦=0  B:2♣ J♠ 8♣=0  TIE(T)  |     0원 → 124,150원
H1602 | bet   4,000원 PLAYER | P:3♥ A♥ 4♦=8  B:7♥ Q♣=7  PLAYER(W)  | +4,000원 → 128,150원  [end_win]
H1603 | bet   1,000원 BANKER | P:5♦ 10♣ J♥=5  B:2♦ 10♠ 10♥=2  PLAYER(L)  | -1,000원 → 127,150원  [start]
H1604 | bet   2,000원 PLAYER | P:3♥ Q♦ 10♠=3  B:8♦ 6♣=4  BANKER(L)  | -2,000원 → 125,150원
H1605 | bet   4,000원 PLAYER | P:2♥ J♦ A♥=3  B:5♥ K♦=5  BANKER(L)  | -4,000원 → 121,150원
H1606 | bet   8,000원 PLAYER | P:A♠ 8♣=9  B:J♥ Q♦=0  PLAYER(W)  | +8,000원 → 129,150원  [end_win]
H1607 | bet   1,000원 BANKER | P:3♦ 7♠ 8♠=8  B:8♦ 4♦ 8♥=0  PLAYER(L)  | -1,000원 → 128,150원  [start]
H1608 | bet   2,000원 PLAYER | P:2♠ 9♠ 9♣=0  B:6♠ J♥=6  BANKER(L)  | -2,000원 → 126,150원
H1609 | bet   4,000원 PLAYER | P:2♥ 3♥=5  B:2♦ 7♣=9  BANKER(L)  | -4,000원 → 122,150원
H1610 | bet   8,000원 PLAYER | P:9♦ 5♣ 4♥=8  B:6♠ 8♠ 2♣=6  PLAYER(W)  | +8,000원 → 130,150원  [end_win]
H1611 | bet   1,000원 BANKER | P:2♥ A♣ A♣=4  B:Q♠ A♣ 5♦=6  BANKER(W)  | +950원 → 131,100원
H1612 | bet   1,000원 BANKER | P:9♦ 2♥=1  B:5♣ 4♠=9  BANKER(W)  | +950원 → 132,050원
H1613 | bet   1,000원 BANKER | P:Q♦ A♦=1  B:8♦ K♥=8  BANKER(W)  | +950원 → 133,000원
H1614 | bet   1,000원 BANKER | P:9♣ 6♥ 4♣=9  B:7♦ 9♥=6  PLAYER(L)  | -1,000원 → 132,000원  [start]
H1615 | bet   2,000원 PLAYER | P:2♥ A♣=3  B:2♠ 7♠=9  BANKER(L)  | -2,000원 → 130,000원
H1616 | bet   4,000원 PLAYER | P:7♦ A♥=8  B:Q♥ 10♦=0  PLAYER(W)  | +4,000원 → 134,000원  [end_win]
H1617 | bet   1,000원 BANKER | P:8♦ 2♣=0  B:4♠ 4♦=8  BANKER(W)  | +950원 → 134,950원
H1618 | bet   1,000원 BANKER | P:9♣ 7♥=6  B:10♦ J♥ 8♣=8  BANKER(W)  | +950원 → 135,900원
H1619 | bet   1,000원 BANKER | P:K♣ A♠ 3♣=4  B:A♦ 2♦ A♥=4  TIE(T)  |     0원 → 135,900원
H1620 | bet   1,000원 BANKER | P:5♠ 9♥ 6♣=0  B:5♦ A♥ 5♦=1  BANKER(W)  | +950원 → 136,850원
H1621 | bet   1,000원 BANKER | P:4♠ Q♥ 5♠=9  B:4♣ 2♦=6  PLAYER(L)  | -1,000원 → 135,850원  [start]
H1622 | bet   2,000원 PLAYER | P:5♥ A♥=6  B:8♥ 6♥ 6♥=0  PLAYER(W)  | +2,000원 → 137,850원  [end_win]
H1623 | bet   1,000원 BANKER | P:9♠ J♣=9  B:J♣ 3♦=3  PLAYER(L)  | -1,000원 → 136,850원  [start]
H1624 | bet   2,000원 PLAYER | P:3♣ 9♠ 9♦=1  B:8♥ 4♣ J♠=2  BANKER(L)  | -2,000원 → 134,850원
H1625 | bet   4,000원 PLAYER | P:K♥ 5♥ 10♠=5  B:6♥ 8♦=4  PLAYER(W)  | +4,000원 → 138,850원  [end_win]
H1626 | bet   1,000원 BANKER | P:2♣ 4♠=6  B:A♦ 4♦ Q♠=5  PLAYER(L)  | -1,000원 → 137,850원  [start]
H1627 | bet   2,000원 PLAYER | P:7♣ 5♣ 8♠=0  B:6♠ K♠=6  BANKER(L)  | -2,000원 → 135,850원
H1628 | bet   4,000원 PLAYER | P:K♥ 8♥=8  B:6♣ 4♦=0  PLAYER(W)  | +4,000원 → 139,850원  [end_win]
H1629 | bet   1,000원 BANKER | P:10♦ 10♠ J♣=0  B:9♥ 7♥=6  BANKER(W)  | +950원 → 140,800원
H1630 | bet   1,000원 BANKER | P:3♥ Q♠ 10♠=3  B:3♥ J♠ 8♦=1  PLAYER(L)  | -1,000원 → 139,800원  [start]
H1631 | bet   2,000원 PLAYER | P:9♦ 8♠=7  B:5♦ 2♣=7  TIE(T)  |     0원 → 139,800원
H1632 | bet   2,000원 PLAYER | P:2♥ 6♦=8  B:3♦ J♥=3  PLAYER(W)  | +2,000원 → 141,800원  [end_win]
H1633 | bet   1,000원 BANKER | P:J♠ 5♥ 3♠=8  B:J♦ Q♠ J♥=0  PLAYER(L)  | -1,000원 → 140,800원  [start]
H1634 | bet   2,000원 PLAYER | P:5♥ 7♥ 4♠=6  B:2♣ 9♥ 7♦=8  BANKER(L)  | -2,000원 → 138,800원
H1635 | bet   4,000원 PLAYER | P:J♣ Q♣=0  B:A♦ 8♣=9  BANKER(L)  | -4,000원 → 134,800원
H1636 | bet   8,000원 PLAYER | P:4♣ 7♥ 2♣=3  B:K♥ K♦ 6♦=6  BANKER(L)  | -8,000원 → 126,800원
H1637 | bet  16,000원 PLAYER | P:Q♣ 6♣=6  B:K♠ Q♠ 10♠=0  PLAYER(W)  | +16,000원 → 142,800원  [end_win]
H1638 | bet   1,000원 BANKER | P:5♠ 10♣ 6♦=1  B:K♣ 5♣ 9♣=4  BANKER(W)  | +950원 → 143,750원
H1639 | bet   1,000원 BANKER | P:K♣ 7♣=7  B:A♣ 8♥=9  BANKER(W)  | +950원 → 144,700원
H1640 | bet   1,000원 BANKER | P:3♦ 9♣ 9♠=1  B:K♦ 7♣=7  BANKER(W)  | +950원 → 145,650원
H1641 | bet   1,000원 BANKER | P:J♣ 9♦=9  B:10♣ 3♥=3  PLAYER(L)  | -1,000원 → 144,650원  [start]
H1642 | bet   2,000원 PLAYER | P:5♥ J♣ 8♣=3  B:J♠ 2♣ A♦=3  TIE(T)  |     0원 → 144,650원
H1643 | bet   2,000원 PLAYER | P:J♦ A♥ A♠=2  B:2♦ 5♦=7  BANKER(L)  | -2,000원 → 142,650원
H1644 | bet   4,000원 PLAYER | P:9♣ 10♣=9  B:Q♠ J♦=0  PLAYER(W)  | +4,000원 → 146,650원  [end_win]
H1645 | bet   1,000원 BANKER | P:4♦ 7♦ 8♦=9  B:6♣ 9♥=5  PLAYER(L)  | -1,000원 → 145,650원  [start]
H1646 | bet   2,000원 PLAYER | P:7♣ 6♣ K♠=3  B:9♠ A♦ 6♣=6  BANKER(L)  | -2,000원 → 143,650원
H1647 | bet   4,000원 PLAYER | P:2♦ K♦ 10♣=2  B:10♥ Q♣ 9♠=9  BANKER(L)  | -4,000원 → 139,650원
H1648 | bet   8,000원 PLAYER | P:10♥ 2♠=2  B:8♠ A♣=9  BANKER(L)  | -8,000원 → 131,650원
H1649 | bet  16,000원 PLAYER | P:Q♠ 6♠=6  B:4♠ Q♣ Q♥=4  PLAYER(W)  | +16,000원 → 147,650원  [end_win]
H1650 | bet   1,000원 BANKER | P:K♥ 7♣=7  B:10♦ 5♣ 2♥=7  TIE(T)  |     0원 → 147,650원
H1651 | bet   1,000원 BANKER | P:10♠ K♦=0  B:3♠ 5♦=8  BANKER(W)  | +950원 → 148,600원
H1652 | bet   1,000원 BANKER | P:5♦ K♦ 5♣=0  B:Q♣ 3♣ 5♠=8  BANKER(W)  | +950원 → 149,550원
H1653 | bet   1,000원 BANKER | P:8♠ 2♦ 4♣=4  B:K♣ A♦ 5♥=6  BANKER(W)  | +950원 → 150,500원
H1654 | bet   1,000원 BANKER | P:8♦ K♥=8  B:7♣ 9♦=6  PLAYER(L)  | -1,000원 → 149,500원  [start]
H1655 | bet   2,000원 PLAYER | P:2♦ K♥=2  B:8♥ 10♦=8  BANKER(L)  | -2,000원 → 147,500원
H1656 | bet   4,000원 PLAYER | P:3♣ 4♠=7  B:2♣ 4♠=6  PLAYER(W)  | +4,000원 → 151,500원  [end_win]
H1657 | bet   1,000원 BANKER | P:9♠ 5♣ 8♠=2  B:6♠ A♠=7  BANKER(W)  | +950원 → 152,450원
H1658 | bet   1,000원 BANKER | P:A♠ 5♠=6  B:J♥ 7♠=7  BANKER(W)  | +950원 → 153,400원
H1659 | bet   1,000원 BANKER | P:4♥ K♠ A♠=5  B:J♦ K♥ J♦=0  PLAYER(L)  | -1,000원 → 152,400원  [start]
H1660 | bet   2,000원 PLAYER | P:4♦ 8♠ 8♥=0  B:3♦ 2♠=5  BANKER(L)  | -2,000원 → 150,400원
H1661 | bet   4,000원 PLAYER | P:4♠ Q♦ Q♥=4  B:5♣ 9♠=4  TIE(T)  |     0원 → 150,400원
H1662 | bet   4,000원 PLAYER | P:5♦ Q♣ A♣=6  B:7♠ 3♣ 4♣=4  PLAYER(W)  | +4,000원 → 154,400원  [end_win]
H1663 | bet   1,000원 BANKER | P:5♣ Q♠=5  B:6♦ 3♦=9  BANKER(W)  | +950원 → 155,350원
H1664 | bet   1,000원 BANKER | P:2♣ 9♣ 4♣=5  B:3♦ 2♥ J♠=5  TIE(T)  |     0원 → 155,350원
H1665 | bet   1,000원 BANKER | P:2♥ 5♥=7  B:A♠ 2♠ 6♠=9  BANKER(W)  | +950원 → 156,300원
H1666 | bet   1,000원 BANKER | P:2♦ A♦ 7♥=0  B:5♣ 7♥ 10♥=2  BANKER(W)  | +950원 → 157,250원
H1667 | bet   1,000원 BANKER | P:J♥ 10♦=0  B:2♣ 6♥=8  BANKER(W)  | +950원 → 158,200원
H1668 | bet   1,000원 BANKER | P:6♥ 3♣=9  B:3♥ K♠=3  PLAYER(L)  | -1,000원 → 157,200원  [start]
H1669 | bet   2,000원 PLAYER | P:3♦ 10♦=3  B:3♥ 6♣=9  BANKER(L)  | -2,000원 → 155,200원
H1670 | bet   4,000원 PLAYER | P:A♦ 5♠=6  B:A♣ 10♦ J♠=1  PLAYER(W)  | +4,000원 → 159,200원  [end_win]
H1671 | bet   1,000원 BANKER | P:8♣ J♦=8  B:Q♦ 8♠=8  TIE(T)  |     0원 → 159,200원
H1672 | bet   1,000원 BANKER | P:7♠ 10♠=7  B:10♠ 3♥ 4♠=7  TIE(T)  |     0원 → 159,200원
H1673 | bet   1,000원 BANKER | P:10♣ 8♦=8  B:4♠ 4♥=8  TIE(T)  |     0원 → 159,200원
H1674 | bet   1,000원 BANKER | P:6♥ 4♣ 4♥=4  B:10♥ 3♥ 4♥=7  BANKER(W)  | +950원 → 160,150원
H1675 | bet   1,000원 BANKER | P:J♥ 4♣=4  B:Q♣ 8♥=8  BANKER(W)  | +950원 → 161,100원
H1676 | bet   1,000원 BANKER | P:2♥ Q♠ 8♦=0  B:Q♠ 7♣=7  BANKER(W)  | +950원 → 162,050원
H1677 | bet   1,000원 BANKER | P:A♠ 5♥=6  B:6♥ Q♦=6  TIE(T)  |     0원 → 162,050원
H1678 | bet   1,000원 BANKER | P:7♥ 6♥ 10♦=3  B:Q♣ A♣ 8♥=9  BANKER(W)  | +950원 → 163,000원
H1679 | bet   1,000원 BANKER | P:3♠ A♣ A♥=5  B:10♥ 10♣ A♦=1  PLAYER(L)  | -1,000원 → 162,000원  [start]
H1680 | bet   2,000원 PLAYER | P:4♣ A♣ 7♥=2  B:7♥ 10♥=7  BANKER(L)  | -2,000원 → 160,000원
H1681 | bet   4,000원 PLAYER | P:7♦ 3♠ A♥=1  B:6♦ 4♣ 9♦=9  BANKER(L)  | -4,000원 → 156,000원
H1682 | bet   8,000원 PLAYER | P:6♠ 7♣ 9♣=2  B:2♦ 9♥ 10♣=1  PLAYER(W)  | +8,000원 → 164,000원  [end_win]
H1683 | bet   1,000원 BANKER | P:7♣ A♣=8  B:9♣ 2♥=1  PLAYER(L)  | -1,000원 → 163,000원  [start]
H1684 | bet   2,000원 PLAYER | P:6♣ 7♠=3  B:J♠ 8♥=8  BANKER(L)  | -2,000원 → 161,000원
H1685 | bet   4,000원 PLAYER | P:9♠ A♥ 8♥=8  B:2♥ 3♦=5  PLAYER(W)  | +4,000원 → 165,000원  [end_win]
H1686 | bet   1,000원 BANKER | P:7♠ Q♦=7  B:J♣ 6♦=6  PLAYER(L)  | -1,000원 → 164,000원  [start]
H1687 | bet   2,000원 PLAYER | P:7♥ 6♠ 3♦=6  B:5♠ A♥=6  TIE(T)  |     0원 → 164,000원
H1688 | bet   2,000원 PLAYER | P:Q♠ 8♥=8  B:J♠ 6♠=6  PLAYER(W)  | +2,000원 → 166,000원  [end_win]
H1689 | bet   1,000원 BANKER | P:3♣ 6♣=9  B:2♠ 8♦=0  PLAYER(L)  | -1,000원 → 165,000원  [start]
H1690 | bet   2,000원 PLAYER | P:Q♣ 4♥ 8♦=2  B:10♠ 2♣ J♣=2  TIE(T)  |     0원 → 165,000원
H1691 | bet   2,000원 PLAYER | P:3♠ 5♥=8  B:4♠ 4♦=8  TIE(T)  |     0원 → 165,000원
H1692 | bet   2,000원 PLAYER | P:8♣ 3♣ K♠=1  B:7♦ 7♠=4  BANKER(L)  | -2,000원 → 163,000원
H1693 | bet   4,000원 PLAYER | P:3♠ K♣=3  B:9♣ K♥=9  BANKER(L)  | -4,000원 → 159,000원
H1694 | bet   8,000원 PLAYER | P:9♦ 4♥ 2♠=5  B:A♥ 5♠=6  BANKER(L)  | -8,000원 → 151,000원
H1695 | bet  16,000원 PLAYER | P:7♥ 6♥ 6♠=9  B:K♥ 10♠ 3♥=3  PLAYER(W)  | +16,000원 → 167,000원  [end_win]
H1696 | bet   1,000원 BANKER | P:7♣ J♣=7  B:10♥ 6♦=6  PLAYER(L)  | -1,000원 → 166,000원  [start]
H1697 | bet   2,000원 PLAYER | P:2♥ 9♣ 4♦=5  B:Q♦ 10♠ A♠=1  PLAYER(W)  | +2,000원 → 168,000원  [end_win]
H1698 | bet   1,000원 BANKER | P:10♦ 8♣=8  B:A♥ 7♦=8  TIE(T)  |     0원 → 168,000원
H1699 | bet   1,000원 BANKER | P:3♦ K♠ 8♦=1  B:3♠ Q♥=3  BANKER(W)  | +950원 → 168,950원
H1700 | bet   1,000원 BANKER | P:9♥ K♦=9  B:J♣ J♥=0  PLAYER(L)  | -1,000원 → 167,950원  [start]
H1701 | bet   2,000원 PLAYER | P:4♦ K♠ 6♣=0  B:5♠ Q♠ J♣=5  BANKER(L)  | -2,000원 → 165,950원
H1702 | bet   4,000원 PLAYER | P:9♥ 2♣ 8♣=9  B:5♣ K♦=5  PLAYER(W)  | +4,000원 → 169,950원  [end_win]
H1703 | bet   1,000원 BANKER | P:9♠ Q♦=9  B:10♣ Q♥=0  PLAYER(L)  | -1,000원 → 168,950원  [start]
H1704 | bet   2,000원 PLAYER | P:5♥ 9♣=4  B:5♥ 3♠=8  BANKER(L)  | -2,000원 → 166,950원
H1705 | bet   4,000원 PLAYER | P:J♣ Q♥ J♥=0  B:8♠ 2♠ 3♠=3  BANKER(L)  | -4,000원 → 162,950원
H1706 | bet   8,000원 PLAYER | P:8♠ 10♠=8  B:6♣ 10♦=6  PLAYER(W)  | +8,000원 → 170,950원  [end_win]
H1707 | bet   1,000원 BANKER | P:K♣ J♥=0  B:9♠ K♣=9  BANKER(W)  | +950원 → 171,900원
H1708 | bet   1,000원 BANKER | P:10♥ 5♠ 7♦=2  B:Q♠ K♦ 3♣=3  BANKER(W)  | +950원 → 172,850원
H1709 | bet   1,000원 BANKER | P:7♣ 9♦=6  B:Q♥ A♦ A♦=2  PLAYER(L)  | -1,000원 → 171,850원  [start]
H1710 | bet   2,000원 PLAYER | P:J♦ 6♥=6  B:2♣ 9♦ 8♠=9  BANKER(L)  | -2,000원 → 169,850원
H1711 | bet   4,000원 PLAYER | P:4♦ Q♥ A♠=5  B:Q♣ 2♣ K♣=2  PLAYER(W)  | +4,000원 → 173,850원  [end_win]
H1712 | bet   1,000원 BANKER | P:4♥ 5♦=9  B:6♥ 4♦=0  PLAYER(L)  | -1,000원 → 172,850원  [start]
H1713 | bet   2,000원 PLAYER | P:7♦ 2♦=9  B:K♦ 2♦=2  PLAYER(W)  | +2,000원 → 174,850원  [end_win]
H1714 | bet   1,000원 BANKER | P:10♠ 7♦=7  B:5♦ 7♥ 6♦=8  BANKER(W)  | +950원 → 175,800원
H1715 | bet   1,000원 BANKER | P:9♦ K♣=9  B:J♦ J♥=0  PLAYER(L)  | -1,000원 → 174,800원  [start]
H1716 | bet   2,000원 PLAYER | P:J♠ 8♦=8  B:3♦ 3♥=6  PLAYER(W)  | +2,000원 → 176,800원  [end_win]
H1717 | bet   1,000원 BANKER | P:J♦ 4♣ A♣=5  B:5♦ 9♦=4  PLAYER(L)  | -1,000원 → 175,800원  [start]
H1718 | bet   2,000원 PLAYER | P:K♥ 9♥=9  B:A♥ 9♥=0  PLAYER(W)  | +2,000원 → 177,800원  [end_win]
H1719 | bet   1,000원 BANKER | P:J♠ 6♠=6  B:8♣ Q♥=8  BANKER(W)  | +950원 → 178,750원
H1720 | bet   1,000원 BANKER | P:5♦ 8♣=3  B:9♠ K♣=9  BANKER(W)  | +950원 → 179,700원
H1721 | bet   1,000원 BANKER | P:K♠ 9♣=9  B:7♠ 5♠=2  PLAYER(L)  | -1,000원 → 178,700원  [start]
H1722 | bet   2,000원 PLAYER | P:7♠ Q♦=7  B:K♥ 5♣ 8♣=3  PLAYER(W)  | +2,000원 → 180,700원  [end_win]
H1723 | bet   1,000원 BANKER | P:6♦ J♥=6  B:4♥ 9♥ 5♥=8  BANKER(W)  | +950원 → 181,650원
H1724 | bet   1,000원 BANKER | P:2♥ K♣=2  B:8♥ 10♣=8  BANKER(W)  | +950원 → 182,600원
H1725 | bet   1,000원 BANKER | P:4♠ 10♦ A♠=5  B:5♥ 2♣=7  BANKER(W)  | +950원 → 183,550원
H1726 | bet   1,000원 BANKER | P:8♠ K♣=8  B:2♦ 6♣=8  TIE(T)  |     0원 → 183,550원
H1727 | bet   1,000원 BANKER | P:3♦ 8♥ J♠=1  B:3♥ Q♥ A♣=4  BANKER(W)  | +950원 → 184,500원
H1728 | bet   1,000원 BANKER | P:2♠ 10♥ A♣=3  B:Q♠ Q♥ J♣=0  PLAYER(L)  | -1,000원 → 183,500원  [start]
H1729 | bet   2,000원 PLAYER | P:A♦ Q♣ 2♠=3  B:Q♣ 10♠ 6♠=6  BANKER(L)  | -2,000원 → 181,500원
H1730 | bet   4,000원 PLAYER | P:8♥ 7♦ A♥=6  B:4♦ K♦=4  PLAYER(W)  | +4,000원 → 185,500원  [end_win]
H1731 | bet   1,000원 BANKER | P:5♣ 7♠ A♣=3  B:9♣ 3♥ 6♦=8  BANKER(W)  | +950원 → 186,450원
H1732 | bet   1,000원 BANKER | P:K♥ 9♠=9  B:Q♠ 2♥=2  PLAYER(L)  | -1,000원 → 185,450원  [start]
H1733 | bet   2,000원 PLAYER | P:6♦ 10♣=6  B:K♦ 10♥ 5♣=5  PLAYER(W)  | +2,000원 → 187,450원  [end_win]
H1734 | bet   1,000원 BANKER | P:J♦ J♠ 9♦=9  B:A♠ K♣ J♣=1  PLAYER(L)  | -1,000원 → 186,450원  [start]
H1735 | bet   2,000원 PLAYER | P:8♥ K♣=8  B:9♦ 10♥=9  BANKER(L)  | -2,000원 → 184,450원
H1736 | bet   4,000원 PLAYER | P:4♣ 7♣ 9♥=0  B:8♦ 9♦=7  BANKER(L)  | -4,000원 → 180,450원
H1737 | bet   8,000원 PLAYER | P:6♠ 3♥=9  B:K♥ 2♠=2  PLAYER(W)  | +8,000원 → 188,450원  [end_win]
H1738 | bet   1,000원 BANKER | P:6♥ K♥=6  B:8♣ Q♣=8  BANKER(W)  | +950원 → 189,400원
H1739 | bet   1,000원 BANKER | P:Q♦ A♣=1  B:7♣ A♥=8  BANKER(W)  | +950원 → 190,350원
H1740 | bet   1,000원 BANKER | P:A♥ K♣ 7♥=8  B:A♠ 10♠ 2♣=3  PLAYER(L)  | -1,000원 → 189,350원  [start]
H1741 | bet   2,000원 PLAYER | P:J♥ 5♣=5  B:A♠ 7♥=8  BANKER(L)  | -2,000원 → 187,350원
H1742 | bet   4,000원 PLAYER | P:8♦ A♠=9  B:2♣ 10♦=2  PLAYER(W)  | +4,000원 → 191,350원  [end_win]
H1743 | bet   1,000원 BANKER | P:3♠ 8♣=1  B:8♠ Q♠=8  BANKER(W)  | +950원 → 192,300원
H1744 | bet   1,000원 BANKER | P:J♥ 4♥=4  B:9♥ K♠=9  BANKER(W)  | +950원 → 193,250원
H1745 | bet   1,000원 BANKER | P:6♦ 8♣ 9♠=3  B:10♣ Q♥ 4♠=4  BANKER(W)  | +950원 → 194,200원
H1746 | bet   1,000원 BANKER | P:9♣ Q♥=9  B:4♥ 2♦=6  PLAYER(L)  | -1,000원 → 193,200원  [start]
H1747 | bet   2,000원 PLAYER | P:6♥ 3♣=9  B:3♣ 2♦=5  PLAYER(W)  | +2,000원 → 195,200원  [end_win]
H1748 | bet   1,000원 BANKER | P:6♦ 10♣=6  B:2♣ 8♣ 9♦=9  BANKER(W)  | +950원 → 196,150원
H1749 | bet   1,000원 BANKER | P:A♥ 8♠=9  B:3♣ K♠=3  PLAYER(L)  | -1,000원 → 195,150원  [start]
H1750 | bet   2,000원 PLAYER | P:7♣ 3♣ K♣=0  B:6♥ 10♦=6  BANKER(L)  | -2,000원 → 193,150원
H1751 | bet   4,000원 PLAYER | P:4♥ 9♦ 2♥=5  B:4♣ 7♦ Q♦=1  PLAYER(W)  | +4,000원 → 197,150원  [end_win]
H1752 | bet   1,000원 BANKER | P:A♦ 2♥ 4♣=7  B:Q♦ 10♣ J♥=0  PLAYER(L)  | -1,000원 → 196,150원  [start]
H1753 | bet   2,000원 PLAYER | P:A♣ Q♦ 8♥=9  B:9♥ 3♥ 4♠=6  PLAYER(W)  | +2,000원 → 198,150원  [end_win]
H1754 | bet   1,000원 BANKER | P:8♦ Q♣=8  B:J♥ 9♥=9  BANKER(W)  | +950원 → 199,100원
H1755 | bet   1,000원 BANKER | P:6♠ 5♠ 3♣=4  B:A♦ 2♦ 7♠=0  PLAYER(L)  | -1,000원 → 198,100원  [start]
H1756 | bet   2,000원 PLAYER | P:9♣ K♠=9  B:2♦ 4♥=6  PLAYER(W)  | +2,000원 → 200,100원  [end_win]
H1757 | bet   1,000원 BANKER | P:9♦ 5♠ 5♠=9  B:K♠ 3♥ 8♠=1  PLAYER(L)  | -1,000원 → 199,100원  [start]
H1758 | bet   2,000원 PLAYER | P:Q♠ J♦ 3♦=3  B:J♥ 6♠=6  BANKER(L)  | -2,000원 → 197,100원
H1759 | bet   4,000원 PLAYER | P:10♣ A♦ 10♦=1  B:7♠ 8♣=5  BANKER(L)  | -4,000원 → 193,100원
H1760 | bet   8,000원 PLAYER | P:7♣ 10♠=7  B:6♣ J♣=6  PLAYER(W)  | +8,000원 → 201,100원  [end_win]
H1761 | bet   1,000원 BANKER | P:A♦ 2♣ 5♦=8  B:Q♥ 3♠ Q♥=3  PLAYER(L)  | -1,000원 → 200,100원  [start]
H1762 | bet   2,000원 PLAYER | P:2♥ 5♠=7  B:9♣ K♠=9  BANKER(L)  | -2,000원 → 198,100원
H1763 | bet   4,000원 PLAYER | P:5♣ A♦=6  B:Q♦ 10♦ J♠=0  PLAYER(W)  | +4,000원 → 202,100원  [end_win]
H1764 | bet   1,000원 BANKER | P:10♠ 7♠=7  B:5♥ 3♥=8  BANKER(W)  | +950원 → 203,050원
H1765 | bet   1,000원 BANKER | P:6♣ K♦=6  B:6♠ 5♣ Q♠=1  PLAYER(L)  | -1,000원 → 202,050원  [start]
H1766 | bet   2,000원 PLAYER | P:10♠ 6♠=6  B:7♦ 5♥ 2♥=4  PLAYER(W)  | +2,000원 → 204,050원  [end_win]
H1767 | bet   1,000원 BANKER | P:8♦ A♦=9  B:J♦ 3♦=3  PLAYER(L)  | -1,000원 → 203,050원  [start]
H1768 | bet   2,000원 PLAYER | P:5♥ 4♣=9  B:5♦ K♥=5  PLAYER(W)  | +2,000원 → 205,050원  [end_win]
H1769 | bet   1,000원 BANKER | P:7♠ 8♥ K♦=5  B:A♣ J♥ 3♠=4  PLAYER(L)  | -1,000원 → 204,050원  [start]
H1770 | bet   2,000원 PLAYER | P:9♣ 6♠=5  B:5♥ 4♠=9  BANKER(L)  | -2,000원 → 202,050원
H1771 | bet   4,000원 PLAYER | P:6♥ A♠=7  B:6♦ 8♦ 9♠=3  PLAYER(W)  | +4,000원 → 206,050원  [end_win]
H1772 | bet   1,000원 BANKER | P:9♦ 7♥=6  B:4♣ 3♠=7  BANKER(W)  | +950원 → 207,000원
H1773 | bet   1,000원 BANKER | P:3♠ 5♦=8  B:2♣ 7♦=9  BANKER(W)  | +950원 → 207,950원
H1774 | bet   1,000원 BANKER | P:4♠ 10♦ 3♦=7  B:Q♣ 7♦=7  TIE(T)  |     0원 → 207,950원
H1775 | bet   1,000원 BANKER | P:9♦ 2♥ 7♠=8  B:2♥ A♦ Q♣=3  PLAYER(L)  | -1,000원 → 206,950원  [start]
H1776 | bet   2,000원 PLAYER | P:7♠ 9♠=6  B:3♥ K♦ 6♣=9  BANKER(L)  | -2,000원 → 204,950원
H1777 | bet   4,000원 PLAYER | P:4♠ J♥ 9♥=3  B:10♥ 10♥ 2♠=2  PLAYER(W)  | +4,000원 → 208,950원  [end_win]
H1778 | bet   1,000원 BANKER | P:Q♦ 7♣=7  B:2♠ J♣ 9♥=1  PLAYER(L)  | -1,000원 → 207,950원  [start]
H1779 | bet   2,000원 PLAYER | P:5♦ 10♥ 6♥=1  B:7♥ 8♠ 5♥=0  PLAYER(W)  | +2,000원 → 209,950원  [end_win]
H1780 | bet   1,000원 BANKER | P:A♣ 4♦ 3♣=8  B:5♠ 7♣ 2♠=4  PLAYER(L)  | -1,000원 → 208,950원  [start]
H1781 | bet   2,000원 PLAYER | P:10♥ 8♥=8  B:K♠ 10♣=0  PLAYER(W)  | +2,000원 → 210,950원  [end_win]
H1782 | bet   1,000원 BANKER | P:4♥ J♠ 8♠=2  B:8♣ 3♥ 4♦=5  BANKER(W)  | +950원 → 211,900원
H1783 | bet   1,000원 BANKER | P:6♣ 10♣=6  B:6♥ 6♣ Q♣=2  PLAYER(L)  | -1,000원 → 210,900원  [start]
H1784 | bet   2,000원 PLAYER | P:8♦ 10♠=8  B:J♦ 3♠=3  PLAYER(W)  | +2,000원 → 212,900원  [end_win]
H1785 | bet   1,000원 BANKER | P:4♦ 2♣=6  B:6♦ 7♥ Q♦=3  PLAYER(L)  | -1,000원 → 211,900원  [start]
H1786 | bet   2,000원 PLAYER | P:Q♥ J♣=0  B:4♦ 4♦=8  BANKER(L)  | -2,000원 → 209,900원
H1787 | bet   4,000원 PLAYER | P:J♣ A♥ 7♥=8  B:4♠ 10♠ J♥=4  PLAYER(W)  | +4,000원 → 213,900원  [end_win]
H1788 | bet   1,000원 BANKER | P:J♦ 4♣ 8♦=2  B:4♣ A♥=5  BANKER(W)  | +950원 → 214,850원
H1789 | bet   1,000원 BANKER | P:2♣ 5♠=7  B:5♦ 3♣=8  BANKER(W)  | +950원 → 215,800원
H1790 | bet   1,000원 BANKER | P:7♥ 6♠=3  B:8♠ J♦=8  BANKER(W)  | +950원 → 216,750원
H1791 | bet   1,000원 BANKER | P:3♠ 2♥ 3♣=8  B:J♠ 2♠ 4♠=6  PLAYER(L)  | -1,000원 → 215,750원  [start]
H1792 | bet   2,000원 PLAYER | P:10♣ Q♠ Q♠=0  B:10♦ 2♠ 9♠=1  BANKER(L)  | -2,000원 → 213,750원
H1793 | bet   4,000원 PLAYER | P:J♣ 5♣ 7♠=2  B:8♣ 4♣ A♥=3  BANKER(L)  | -4,000원 → 209,750원
H1794 | bet   8,000원 PLAYER | P:5♠ Q♦ K♦=5  B:8♥ 4♦ J♠=2  PLAYER(W)  | +8,000원 → 217,750원  [end_win]
H1795 | bet   1,000원 BANKER | P:K♠ J♦ 9♥=9  B:K♦ K♣ J♠=0  PLAYER(L)  | -1,000원 → 216,750원  [start]
H1796 | bet   2,000원 PLAYER | P:3♠ 7♦ 6♥=6  B:5♥ 8♥ 6♥=9  BANKER(L)  | -2,000원 → 214,750원
H1797 | bet   4,000원 PLAYER | P:4♥ 10♦ K♥=4  B:Q♠ 4♦=4  TIE(T)  |     0원 → 214,750원
H1798 | bet   4,000원 PLAYER | P:K♣ 7♣=7  B:6♦ 5♣ K♥=1  PLAYER(W)  | +4,000원 → 218,750원  [end_win]
H1799 | bet   1,000원 BANKER | P:2♦ 6♦=8  B:3♦ 5♥=8  TIE(T)  |     0원 → 218,750원
H1800 | bet   1,000원 BANKER | P:7♦ K♥=7  B:Q♣ 5♦ 8♠=3  PLAYER(L)  | -1,000원 → 217,750원  [start]
H1801 | bet   2,000원 PLAYER | P:9♣ 10♥=9  B:8♣ 9♣=7  PLAYER(W)  | +2,000원 → 219,750원  [end_win]
H1802 | bet   1,000원 BANKER | P:J♣ 7♣=7  B:K♦ 5♦ 5♦=0  PLAYER(L)  | -1,000원 → 218,750원  [start]
H1803 | bet   2,000원 PLAYER | P:A♣ 9♣ 3♦=3  B:7♦ K♥=7  BANKER(L)  | -2,000원 → 216,750원
H1804 | bet   4,000원 PLAYER | P:3♦ 6♣=9  B:6♣ J♠=6  PLAYER(W)  | +4,000원 → 220,750원  [end_win]
H1805 | bet   1,000원 BANKER | P:9♥ 3♦ K♣=2  B:4♥ 9♠ 4♥=7  BANKER(W)  | +950원 → 221,700원
H1806 | bet   1,000원 BANKER | P:K♠ A♠=1  B:2♦ 7♥=9  BANKER(W)  | +950원 → 222,650원
H1807 | bet   1,000원 BANKER | P:6♦ 7♦ A♦=4  B:7♦ 3♦ 4♥=4  TIE(T)  |     0원 → 222,650원
H1808 | bet   1,000원 BANKER | P:6♣ 9♠ 7♦=2  B:6♥ 7♦ 7♥=0  PLAYER(L)  | -1,000원 → 221,650원  [start]
H1809 | bet   2,000원 PLAYER | P:J♠ 8♣=8  B:Q♠ 10♦=0  PLAYER(W)  | +2,000원 → 223,650원  [end_win]
H1810 | bet   1,000원 BANKER | P:9♣ K♠=9  B:4♦ A♥=5  PLAYER(L)  | -1,000원 → 222,650원  [start]
H1811 | bet   2,000원 PLAYER | P:4♦ 8♠ 10♦=2  B:10♠ 7♣=7  BANKER(L)  | -2,000원 → 220,650원
H1812 | bet   4,000원 PLAYER | P:2♠ 10♠ 9♥=1  B:4♣ 8♣ 9♣=1  TIE(T)  |     0원 → 220,650원
H1813 | bet   4,000원 PLAYER | P:7♣ Q♣=7  B:5♦ 3♠=8  BANKER(L)  | -4,000원 → 216,650원
H1814 | bet   8,000원 PLAYER | P:3♣ 8♦ Q♠=1  B:8♦ 3♣ 7♥=8  BANKER(L)  | -8,000원 → 208,650원
H1815 | bet  16,000원 PLAYER | P:Q♣ K♠=0  B:2♣ 6♠=8  BANKER(L)  | -16,000원 → 192,650원  [end_giveup]
H1816 | bet   1,000원 BANKER | P:2♦ 9♥=1  B:J♦ 9♥=9  BANKER(W)  | +950원 → 193,600원
H1817 | bet   1,000원 BANKER | P:2♥ 9♣ A♥=2  B:J♦ A♥ A♦=2  TIE(T)  |     0원 → 193,600원
H1818 | bet   1,000원 BANKER | P:2♦ K♥ 6♠=8  B:5♣ 10♥ 2♠=7  PLAYER(L)  | -1,000원 → 192,600원  [start]
H1819 | bet   2,000원 PLAYER | P:10♥ 2♦=2  B:4♦ 4♦=8  BANKER(L)  | -2,000원 → 190,600원
H1820 | bet   4,000원 PLAYER | P:J♠ 3♠ 2♦=5  B:2♣ 9♦ K♣=1  PLAYER(W)  | +4,000원 → 194,600원  [end_win]
H1821 | bet   1,000원 BANKER | P:J♠ 6♠=6  B:7♣ Q♥=7  BANKER(W)  | +950원 → 195,550원
H1822 | bet   1,000원 BANKER | P:3♥ Q♣ 10♦=3  B:6♣ K♦=6  BANKER(W)  | +950원 → 196,500원
H1823 | bet   1,000원 BANKER | P:3♣ 9♠ 6♣=8  B:9♠ 5♠ Q♠=4  PLAYER(L)  | -1,000원 → 195,500원  [start]
H1824 | bet   2,000원 PLAYER | P:J♥ J♠ 8♠=8  B:Q♥ 5♠=5  PLAYER(W)  | +2,000원 → 197,500원  [end_win]
H1825 | bet   1,000원 BANKER | P:4♣ 8♠ A♥=3  B:10♠ 10♠ A♣=1  PLAYER(L)  | -1,000원 → 196,500원  [start]
H1826 | bet   2,000원 PLAYER | P:7♠ 5♣ Q♥=2  B:5♥ A♠=6  BANKER(L)  | -2,000원 → 194,500원
H1827 | bet   4,000원 PLAYER | P:9♠ 6♠ 3♥=8  B:3♣ 9♥ 3♠=5  PLAYER(W)  | +4,000원 → 198,500원  [end_win]
H1828 | bet   1,000원 BANKER | P:5♣ Q♦=5  B:9♠ J♥=9  BANKER(W)  | +950원 → 199,450원
H1829 | bet   1,000원 BANKER | P:10♥ K♠ Q♣=0  B:A♣ 6♠=7  BANKER(W)  | +950원 → 200,400원
H1830 | bet   1,000원 BANKER | P:Q♠ 4♠=4  B:9♦ Q♥=9  BANKER(W)  | +950원 → 201,350원
H1831 | bet   1,000원 BANKER | P:7♠ 10♦=7  B:A♣ 4♠ Q♠=5  PLAYER(L)  | -1,000원 → 200,350원  [start]
H1832 | bet   2,000원 PLAYER | P:6♥ 4♥=0  B:8♣ K♦=8  BANKER(L)  | -2,000원 → 198,350원
H1833 | bet   4,000원 PLAYER | P:A♠ K♦=1  B:2♦ 7♥=9  BANKER(L)  | -4,000원 → 194,350원
H1834 | bet   8,000원 PLAYER | P:7♦ 6♣ 5♠=8  B:6♥ A♠=7  PLAYER(W)  | +8,000원 → 202,350원  [end_win]
H1835 | bet   1,000원 BANKER | P:7♦ 5♥ A♠=3  B:5♥ K♠=5  BANKER(W)  | +950원 → 203,300원
H1836 | bet   1,000원 BANKER | P:9♦ 3♦=2  B:5♠ 4♣=9  BANKER(W)  | +950원 → 204,250원
H1837 | bet   1,000원 BANKER | P:6♠ 5♣ 9♣=0  B:K♠ K♣ 5♣=5  BANKER(W)  | +950원 → 205,200원
H1838 | bet   1,000원 BANKER | P:J♣ 3♦ 8♠=1  B:3♠ A♠=4  BANKER(W)  | +950원 → 206,150원
H1839 | bet   1,000원 BANKER | P:A♦ 7♦=8  B:5♦ 6♦=1  PLAYER(L)  | -1,000원 → 205,150원  [start]
H1840 | bet   2,000원 PLAYER | P:10♣ 4♠ K♠=4  B:J♠ 10♦ J♥=0  PLAYER(W)  | +2,000원 → 207,150원  [end_win]
H1841 | bet   1,000원 BANKER | P:4♠ 4♥=8  B:5♦ 9♣=4  PLAYER(L)  | -1,000원 → 206,150원  [start]
H1842 | bet   2,000원 PLAYER | P:K♥ 10♣ Q♠=0  B:3♣ 7♠ 10♣=0  TIE(T)  |     0원 → 206,150원
H1843 | bet   2,000원 PLAYER | P:9♥ 9♠=8  B:K♣ 3♥=3  PLAYER(W)  | +2,000원 → 208,150원  [end_win]
H1844 | bet   1,000원 BANKER | P:9♥ A♥=0  B:9♦ Q♥=9  BANKER(W)  | +950원 → 209,100원
H1845 | bet   1,000원 BANKER | P:4♣ J♣ 8♥=2  B:10♣ K♥ 2♠=2  TIE(T)  |     0원 → 209,100원
H1846 | bet   1,000원 BANKER | P:2♣ 9♥ 5♦=6  B:6♣ 5♥ 10♠=1  PLAYER(L)  | -1,000원 → 208,100원  [start]
H1847 | bet   2,000원 PLAYER | P:Q♦ 8♥=8  B:J♦ 7♠=7  PLAYER(W)  | +2,000원 → 210,100원  [end_win]
H1848 | bet   1,000원 BANKER | P:9♦ 3♦ 8♣=0  B:5♦ K♦=5  BANKER(W)  | +950원 → 211,050원
H1849 | bet   1,000원 BANKER | P:6♥ J♥=6  B:Q♠ 8♦=8  BANKER(W)  | +950원 → 212,000원
H1850 | bet   1,000원 BANKER | P:3♦ 5♣=8  B:4♠ J♦=4  PLAYER(L)  | -1,000원 → 211,000원  [start]
H1851 | bet   2,000원 PLAYER | P:5♣ 5♦ 6♥=6  B:10♣ 5♠ Q♦=5  PLAYER(W)  | +2,000원 → 213,000원  [end_win]
H1852 | bet   1,000원 BANKER | P:A♠ 10♠ J♥=1  B:8♦ 4♦ 3♣=5  BANKER(W)  | +950원 → 213,950원
H1853 | bet   1,000원 BANKER | P:9♦ K♣=9  B:A♣ Q♣=1  PLAYER(L)  | -1,000원 → 212,950원  [start]
H1854 | bet   2,000원 PLAYER | P:4♣ 7♥ 6♦=7  B:J♣ A♥ 5♥=6  PLAYER(W)  | +2,000원 → 214,950원  [end_win]
H1855 | bet   1,000원 BANKER | P:9♣ 7♠=6  B:4♥ 4♣=8  BANKER(W)  | +950원 → 215,900원
H1856 | bet   1,000원 BANKER | P:Q♦ K♥ K♠=0  B:3♦ A♣=4  BANKER(W)  | +950원 → 216,850원
H1857 | bet   1,000원 BANKER | P:10♥ 3♠ 2♠=5  B:7♥ 7♣ K♣=4  PLAYER(L)  | -1,000원 → 215,850원  [start]
H1858 | bet   2,000원 PLAYER | P:8♥ K♦=8  B:10♦ K♦=0  PLAYER(W)  | +2,000원 → 217,850원  [end_win]
H1859 | bet   1,000원 BANKER | P:3♣ A♣ Q♥=4  B:5♦ 7♣ 6♠=8  BANKER(W)  | +950원 → 218,800원
H1860 | bet   1,000원 BANKER | P:A♦ 6♣=7  B:8♣ 9♠=7  TIE(T)  |     0원 → 218,800원
H1861 | bet   1,000원 BANKER | P:5♠ 9♣ 9♦=3  B:Q♦ 6♦=6  BANKER(W)  | +950원 → 219,750원
H1862 | bet   1,000원 BANKER | P:3♥ Q♦ A♦=4  B:3♥ 7♣ 7♣=7  BANKER(W)  | +950원 → 220,700원
H1863 | bet   1,000원 BANKER | P:Q♠ 2♥ A♥=3  B:7♠ 8♣=5  BANKER(W)  | +950원 → 221,650원
H1864 | bet   1,000원 BANKER | P:2♦ K♥ 8♣=0  B:J♦ 4♦=4  BANKER(W)  | +950원 → 222,600원
H1865 | bet   1,000원 BANKER | P:10♣ Q♣ 3♥=3  B:8♠ 5♠ 3♣=6  BANKER(W)  | +950원 → 223,550원
H1866 | bet   1,000원 BANKER | P:5♠ 8♥ 7♥=0  B:A♣ 5♥ 7♠=3  BANKER(W)  | +950원 → 224,500원
H1867 | bet   1,000원 BANKER | P:8♥ J♣=8  B:6♥ 5♣=1  PLAYER(L)  | -1,000원 → 223,500원  [start]
H1868 | bet   2,000원 PLAYER | P:2♦ 2♥ 5♥=9  B:J♣ A♣ 2♥=3  PLAYER(W)  | +2,000원 → 225,500원  [end_win]
H1869 | bet   1,000원 BANKER | P:7♠ 4♦ A♦=2  B:Q♥ 3♥ J♦=3  BANKER(W)  | +950원 → 226,450원
H1870 | bet   1,000원 BANKER | P:J♥ 4♥ K♠=4  B:3♦ 10♦ 3♥=6  BANKER(W)  | +950원 → 227,400원
H1871 | bet   1,000원 BANKER | P:8♣ J♣=8  B:J♦ 3♠=3  PLAYER(L)  | -1,000원 → 226,400원  [start]
H1872 | bet   2,000원 PLAYER | P:6♣ 8♦ K♣=4  B:2♦ 10♦ 9♦=1  PLAYER(W)  | +2,000원 → 228,400원  [end_win]
H1873 | bet   1,000원 BANKER | P:4♥ 9♥ K♥=3  B:4♦ A♠=5  BANKER(W)  | +950원 → 229,350원
H1874 | bet   1,000원 BANKER | P:Q♥ 10♠ 6♥=6  B:J♠ 2♥ 2♣=4  PLAYER(L)  | -1,000원 → 228,350원  [start]
H1875 | bet   2,000원 PLAYER | P:4♥ J♣ J♥=4  B:K♣ K♦ 2♣=2  PLAYER(W)  | +2,000원 → 230,350원  [end_win]
H1876 | bet   1,000원 BANKER | P:8♦ 2♠=0  B:4♠ 4♠=8  BANKER(W)  | +950원 → 231,300원
H1877 | bet   1,000원 BANKER | P:4♥ 2♠=6  B:7♦ 6♦ 10♣=3  PLAYER(L)  | -1,000원 → 230,300원  [start]
H1878 | bet   2,000원 PLAYER | P:K♣ K♥ 8♠=8  B:K♥ 10♣ 8♥=8  TIE(T)  |     0원 → 230,300원
H1879 | bet   2,000원 PLAYER | P:3♠ 7♥ 6♣=6  B:6♥ J♠ 2♥=8  BANKER(L)  | -2,000원 → 228,300원
H1880 | bet   4,000원 PLAYER | P:3♠ 8♥ 10♠=1  B:2♣ A♦ 2♠=5  BANKER(L)  | -4,000원 → 224,300원
H1881 | bet   8,000원 PLAYER | P:2♥ 5♥=7  B:A♦ K♦ J♠=1  PLAYER(W)  | +8,000원 → 232,300원  [end_win]
H1882 | bet   1,000원 BANKER | P:8♦ 2♣ J♣=0  B:A♥ A♠ 4♣=6  BANKER(W)  | +950원 → 233,250원
H1883 | bet   1,000원 BANKER | P:8♥ 10♥=8  B:5♦ 10♥=5  PLAYER(L)  | -1,000원 → 232,250원  [start]
H1884 | bet   2,000원 PLAYER | P:7♣ 6♦ 2♣=5  B:4♠ 8♦ J♦=2  PLAYER(W)  | +2,000원 → 234,250원  [end_win]
H1885 | bet   1,000원 BANKER | P:Q♣ 9♣=9  B:9♠ J♥=9  TIE(T)  |     0원 → 234,250원
H1886 | bet   1,000원 BANKER | P:8♠ 6♦ Q♣=4  B:Q♦ 10♥ Q♦=0  PLAYER(L)  | -1,000원 → 233,250원  [start]
H1887 | bet   2,000원 PLAYER | P:A♣ 10♦ 5♦=6  B:10♣ 5♥ K♥=5  PLAYER(W)  | +2,000원 → 235,250원  [end_win]
H1888 | bet   1,000원 BANKER | P:3♠ 5♦=8  B:K♦ 9♦=9  BANKER(W)  | +950원 → 236,200원
H1889 | bet   1,000원 BANKER | P:5♣ A♠=6  B:10♣ 10♥ 8♥=8  BANKER(W)  | +950원 → 237,150원
H1890 | bet   1,000원 BANKER | P:5♠ A♣=6  B:3♣ 9♠ 9♣=1  PLAYER(L)  | -1,000원 → 236,150원  [start]
H1891 | bet   2,000원 PLAYER | P:5♦ Q♠=5  B:4♠ 4♦=8  BANKER(L)  | -2,000원 → 234,150원
H1892 | bet   4,000원 PLAYER | P:K♥ 7♦=7  B:9♣ Q♣=9  BANKER(L)  | -4,000원 → 230,150원
H1893 | bet   8,000원 PLAYER | P:7♦ 2♦=9  B:6♥ Q♦=6  PLAYER(W)  | +8,000원 → 238,150원  [end_win]
H1894 | bet   1,000원 BANKER | P:K♦ 10♦ 2♥=2  B:7♥ 8♠=5  BANKER(W)  | +950원 → 239,100원
H1895 | bet   1,000원 BANKER | P:2♥ 9♥ 2♠=3  B:6♣ 9♦=5  BANKER(W)  | +950원 → 240,050원
H1896 | bet   1,000원 BANKER | P:6♣ 8♥ 9♣=3  B:6♠ A♦=7  BANKER(W)  | +950원 → 241,000원
H1897 | bet   1,000원 BANKER | P:K♦ Q♠ 3♣=3  B:6♠ 4♦ 10♥=0  PLAYER(L)  | -1,000원 → 240,000원  [start]
H1898 | bet   2,000원 PLAYER | P:6♦ 4♦ 5♥=5  B:7♥ 10♣=7  BANKER(L)  | -2,000원 → 238,000원
H1899 | bet   4,000원 PLAYER | P:3♥ Q♣ 6♦=9  B:6♦ 4♠ 5♠=5  PLAYER(W)  | +4,000원 → 242,000원  [end_win]
H1900 | bet   1,000원 BANKER | P:J♥ 7♣=7  B:6♦ A♥=7  TIE(T)  |     0원 → 242,000원
H1901 | bet   1,000원 BANKER | P:K♣ 4♣ 9♥=3  B:Q♠ K♥ A♦=1  PLAYER(L)  | -1,000원 → 241,000원  [start]
H1902 | bet   2,000원 PLAYER | P:K♠ 7♣=7  B:J♥ 2♣ K♠=2  PLAYER(W)  | +2,000원 → 243,000원  [end_win]
H1903 | bet   1,000원 BANKER | P:5♣ Q♥ 9♦=4  B:4♠ K♠=4  TIE(T)  |     0원 → 243,000원
H1904 | bet   1,000원 BANKER | P:4♠ J♠=4  B:4♥ 4♦=8  BANKER(W)  | +950원 → 243,950원
H1905 | bet   1,000원 BANKER | P:J♠ 3♥ A♣=4  B:7♥ 10♥=7  BANKER(W)  | +950원 → 244,900원
H1906 | bet   1,000원 BANKER | P:5♠ 3♣=8  B:4♦ 10♣=4  PLAYER(L)  | -1,000원 → 243,900원  [start]
H1907 | bet   2,000원 PLAYER | P:2♥ 3♥ 6♥=1  B:J♦ Q♣ 3♦=3  BANKER(L)  | -2,000원 → 241,900원
H1908 | bet   4,000원 PLAYER | P:6♣ 6♥ 3♦=5  B:10♦ 5♣=5  TIE(T)  |     0원 → 241,900원
H1909 | bet   4,000원 PLAYER | P:8♠ 3♥ 2♠=3  B:4♠ J♦ J♥=4  BANKER(L)  | -4,000원 → 237,900원
H1910 | bet   8,000원 PLAYER | P:2♦ 4♠=6  B:5♦ 5♦ 6♦=6  TIE(T)  |     0원 → 237,900원
H1911 | bet   8,000원 PLAYER | P:J♦ 3♠ 5♠=8  B:A♠ 10♣ 5♥=6  PLAYER(W)  | +8,000원 → 245,900원  [end_win]
H1912 | bet   1,000원 BANKER | P:9♦ 2♦ K♣=1  B:Q♦ 3♣ 10♦=3  BANKER(W)  | +950원 → 246,850원
H1913 | bet   1,000원 BANKER | P:6♠ 7♠ 8♣=1  B:Q♣ 10♣ 10♠=0  PLAYER(L)  | -1,000원 → 245,850원  [start]
H1914 | bet   2,000원 PLAYER | P:A♥ 9♦=0  B:8♠ A♠=9  BANKER(L)  | -2,000원 → 243,850원
H1915 | bet   4,000원 PLAYER | P:10♠ K♥ 4♣=4  B:Q♦ J♥ 9♣=9  BANKER(L)  | -4,000원 → 239,850원
H1916 | bet   8,000원 PLAYER | P:6♦ J♠=6  B:10♥ 2♠ K♣=2  PLAYER(W)  | +8,000원 → 247,850원  [end_win]
H1917 | bet   1,000원 BANKER | P:J♠ 2♠ 8♦=0  B:5♠ 9♦=4  BANKER(W)  | +950원 → 248,800원
H1918 | bet   1,000원 BANKER | P:6♠ 9♥=5  B:9♠ J♠=9  BANKER(W)  | +950원 → 249,750원
H1919 | bet   1,000원 BANKER | P:3♣ Q♦ Q♠=3  B:A♦ 5♦=6  BANKER(W)  | +950원 → 250,700원
H1920 | bet   1,000원 BANKER | P:K♦ 8♠=8  B:4♥ A♠=5  PLAYER(L)  | -1,000원 → 249,700원  [start]
H1921 | bet   2,000원 PLAYER | P:K♦ 9♠=9  B:Q♠ 7♦=7  PLAYER(W)  | +2,000원 → 251,700원  [end_win]
H1922 | bet   1,000원 BANKER | P:7♠ 7♠ A♦=5  B:10♥ 7♠=7  BANKER(W)  | +950원 → 252,650원
H1923 | bet   1,000원 BANKER | P:A♠ 9♠ 10♠=0  B:J♣ 7♠=7  BANKER(W)  | +950원 → 253,600원
H1924 | bet   1,000원 BANKER | P:4♥ A♦ 8♣=3  B:9♠ 5♠=4  BANKER(W)  | +950원 → 254,550원
H1925 | bet   1,000원 BANKER | P:5♥ 9♠ 2♥=6  B:6♣ J♣=6  TIE(T)  |     0원 → 254,550원
H1926 | bet   1,000원 BANKER | P:K♣ 10♠ 8♠=8  B:3♠ 4♣=7  PLAYER(L)  | -1,000원 → 253,550원  [start]
H1927 | bet   2,000원 PLAYER | P:8♣ Q♦=8  B:8♦ A♣=9  BANKER(L)  | -2,000원 → 251,550원
H1928 | bet   4,000원 PLAYER | P:5♣ 2♠=7  B:2♣ 9♥ 3♦=4  PLAYER(W)  | +4,000원 → 255,550원  [end_win]
H1929 | bet   1,000원 BANKER | P:Q♥ 3♠ J♦=3  B:4♣ 7♥ 3♣=4  BANKER(W)  | +950원 → 256,500원
H1930 | bet   1,000원 BANKER | P:6♦ J♠=6  B:K♥ K♥ 8♦=8  BANKER(W)  | +950원 → 257,450원
H1931 | bet   1,000원 BANKER | P:3♣ 3♠=6  B:7♣ 2♦=9  BANKER(W)  | +950원 → 258,400원
H1932 | bet   1,000원 BANKER | P:6♣ 5♦ 5♣=6  B:Q♣ 10♦ K♣=0  PLAYER(L)  | -1,000원 → 257,400원  [start]
H1933 | bet   2,000원 PLAYER | P:Q♥ 7♥=7  B:4♠ J♣ Q♥=4  PLAYER(W)  | +2,000원 → 259,400원  [end_win]
H1934 | bet   1,000원 BANKER | P:5♦ 2♦=7  B:6♠ 6♠ 5♣=7  TIE(T)  |     0원 → 259,400원
H1935 | bet   1,000원 BANKER | P:8♥ A♥=9  B:4♣ A♥=5  PLAYER(L)  | -1,000원 → 258,400원  [start]
H1936 | bet   2,000원 PLAYER | P:Q♦ K♠=0  B:2♣ 7♦=9  BANKER(L)  | -2,000원 → 256,400원
H1937 | bet   4,000원 PLAYER | P:3♠ J♦=3  B:2♣ 7♣=9  BANKER(L)  | -4,000원 → 252,400원
H1938 | bet   8,000원 PLAYER | P:6♥ 4♥ K♦=0  B:J♣ 2♥ 9♥=1  BANKER(L)  | -8,000원 → 244,400원
H1939 | bet  16,000원 PLAYER | P:8♣ 2♠ 4♥=4  B:6♣ 10♠=6  BANKER(L)  | -16,000원 → 228,400원  [end_giveup]
H1940 | bet   1,000원 BANKER | P:6♥ 5♥=1  B:K♠ 8♥=8  BANKER(W)  | +950원 → 229,350원
H1941 | bet   1,000원 BANKER | P:J♣ 7♣=7  B:Q♦ A♥ K♥=1  PLAYER(L)  | -1,000원 → 228,350원  [start]
H1942 | bet   2,000원 PLAYER | P:7♠ 7♦ 5♣=9  B:8♥ 2♠ A♣=1  PLAYER(W)  | +2,000원 → 230,350원  [end_win]
H1943 | bet   1,000원 BANKER | P:9♦ 3♦=2  B:J♦ 8♣=8  BANKER(W)  | +950원 → 231,300원
H1944 | bet   1,000원 BANKER | P:2♦ K♣ Q♣=2  B:10♣ 5♠=5  BANKER(W)  | +950원 → 232,250원
H1945 | bet   1,000원 BANKER | P:4♥ 3♦=7  B:10♥ 2♣ 7♣=9  BANKER(W)  | +950원 → 233,200원
H1946 | bet   1,000원 BANKER | P:3♦ 9♦ 8♦=0  B:8♣ 9♥=7  BANKER(W)  | +950원 → 234,150원
H1947 | bet   1,000원 BANKER | P:A♦ 8♦=9  B:A♦ 3♥=4  PLAYER(L)  | -1,000원 → 233,150원  [start]
H1948 | bet   2,000원 PLAYER | P:7♦ Q♥=7  B:2♥ 2♣ 8♣=2  PLAYER(W)  | +2,000원 → 235,150원  [end_win]
H1949 | bet   1,000원 BANKER | P:Q♥ Q♣ 3♦=3  B:6♥ 8♥ 9♥=3  TIE(T)  |     0원 → 235,150원
H1950 | bet   1,000원 BANKER | P:3♣ 9♣=2  B:K♥ 8♥=8  BANKER(W)  | +950원 → 236,100원
H1951 | bet   1,000원 BANKER | P:3♥ A♣ 6♣=0  B:Q♥ 2♥ J♦=2  BANKER(W)  | +950원 → 237,050원
H1952 | bet   1,000원 BANKER | P:7♥ 7♥ 4♦=8  B:3♠ K♦ 4♦=7  PLAYER(L)  | -1,000원 → 236,050원  [start]
H1953 | bet   2,000원 PLAYER | P:10♦ 6♥=6  B:9♠ 5♠ Q♣=4  PLAYER(W)  | +2,000원 → 238,050원  [end_win]
H1954 | bet   1,000원 BANKER | P:2♣ A♦ 9♣=2  B:10♥ Q♠ J♦=0  PLAYER(L)  | -1,000원 → 237,050원  [start]
H1955 | bet   2,000원 PLAYER | P:10♣ 8♠=8  B:4♥ 10♦=4  PLAYER(W)  | +2,000원 → 239,050원  [end_win]
H1956 | bet   1,000원 BANKER | P:A♠ A♠ 7♠=9  B:2♣ K♠ J♠=2  PLAYER(L)  | -1,000원 → 238,050원  [start]
H1957 | bet   2,000원 PLAYER | P:8♠ 7♠ 10♠=5  B:K♣ 10♠ 10♦=0  PLAYER(W)  | +2,000원 → 240,050원  [end_win]
H1958 | bet   1,000원 BANKER | P:A♣ 6♦=7  B:3♦ A♥ 9♣=3  PLAYER(L)  | -1,000원 → 239,050원  [start]
H1959 | bet   2,000원 PLAYER | P:7♦ 9♥=6  B:5♥ K♦ 7♦=2  PLAYER(W)  | +2,000원 → 241,050원  [end_win]
H1960 | bet   1,000원 BANKER | P:8♦ 3♥ 3♥=4  B:J♠ A♥ J♥=1  PLAYER(L)  | -1,000원 → 240,050원  [start]
H1961 | bet   2,000원 PLAYER | P:2♥ A♥ 6♥=9  B:7♥ 4♠ 10♥=1  PLAYER(W)  | +2,000원 → 242,050원  [end_win]
H1962 | bet   1,000원 BANKER | P:6♠ 6♣ A♠=3  B:A♣ Q♠ 3♠=4  BANKER(W)  | +950원 → 243,000원
H1963 | bet   1,000원 BANKER | P:Q♥ 7♣=7  B:8♠ 10♠=8  BANKER(W)  | +950원 → 243,950원
H1964 | bet   1,000원 BANKER | P:5♥ 4♣=9  B:4♥ 8♦=2  PLAYER(L)  | -1,000원 → 242,950원  [start]
H1965 | bet   2,000원 PLAYER | P:8♦ 8♥=6  B:6♠ 4♣ J♥=0  PLAYER(W)  | +2,000원 → 244,950원  [end_win]
H1966 | bet   1,000원 BANKER | P:Q♠ 9♣=9  B:J♣ J♣=0  PLAYER(L)  | -1,000원 → 243,950원  [start]
H1967 | bet   2,000원 PLAYER | P:9♠ 5♥ J♥=4  B:2♠ K♠ 4♣=6  BANKER(L)  | -2,000원 → 241,950원
H1968 | bet   4,000원 PLAYER | P:J♥ 8♣=8  B:2♣ 8♠=0  PLAYER(W)  | +4,000원 → 245,950원  [end_win]
H1969 | bet   1,000원 BANKER | P:9♥ 10♥=9  B:7♦ 8♥=5  PLAYER(L)  | -1,000원 → 244,950원  [start]
H1970 | bet   2,000원 PLAYER | P:4♦ 5♠=9  B:8♦ 2♥=0  PLAYER(W)  | +2,000원 → 246,950원  [end_win]
H1971 | bet   1,000원 BANKER | P:K♣ 5♦ 10♦=5  B:3♥ 7♠ Q♠=0  PLAYER(L)  | -1,000원 → 245,950원  [start]
H1972 | bet   2,000원 PLAYER | P:2♠ 6♦=8  B:7♠ 5♣=2  PLAYER(W)  | +2,000원 → 247,950원  [end_win]
H1973 | bet   1,000원 BANKER | P:10♥ Q♣ 3♣=3  B:10♣ A♣ 5♣=6  BANKER(W)  | +950원 → 248,900원
H1974 | bet   1,000원 BANKER | P:2♥ 8♥ Q♣=0  B:10♥ 4♠=4  BANKER(W)  | +950원 → 249,850원
H1975 | bet   1,000원 BANKER | P:10♣ 8♥=8  B:A♥ 6♦=7  PLAYER(L)  | -1,000원 → 248,850원  [start]
H1976 | bet   2,000원 PLAYER | P:5♦ J♠ 4♥=9  B:10♦ K♣ 7♠=7  PLAYER(W)  | +2,000원 → 250,850원  [end_win]
H1977 | bet   1,000원 BANKER | P:J♥ 3♣ 2♦=5  B:J♠ 10♦ 9♣=9  BANKER(W)  | +950원 → 251,800원
H1978 | bet   1,000원 BANKER | P:J♥ 4♣ 7♣=1  B:6♠ Q♦ J♣=6  BANKER(W)  | +950원 → 252,750원
H1979 | bet   1,000원 BANKER | P:3♥ 2♠ 5♥=0  B:6♦ A♣=7  BANKER(W)  | +950원 → 253,700원
H1980 | bet   1,000원 BANKER | P:2♠ Q♥=2  B:10♠ 9♠=9  BANKER(W)  | +950원 → 254,650원
H1981 | bet   1,000원 BANKER | P:A♥ 8♣=9  B:10♠ K♣=0  PLAYER(L)  | -1,000원 → 253,650원  [start]
H1982 | bet   2,000원 PLAYER | P:A♦ J♣ 8♠=9  B:K♦ 10♠ 10♠=0  PLAYER(W)  | +2,000원 → 255,650원  [end_win]
H1983 | bet   1,000원 BANKER | P:5♣ Q♠=5  B:10♥ 8♦=8  BANKER(W)  | +950원 → 256,600원
H1984 | bet   1,000원 BANKER | P:9♦ 7♥=6  B:J♠ 5♣ J♥=5  PLAYER(L)  | -1,000원 → 255,600원  [start]
H1985 | bet   2,000원 PLAYER | P:3♦ K♠=3  B:9♥ 9♠=8  BANKER(L)  | -2,000원 → 253,600원
H1986 | bet   4,000원 PLAYER | P:A♥ A♣ 5♦=7  B:5♣ 5♦ 2♦=2  PLAYER(W)  | +4,000원 → 257,600원  [end_win]
H1987 | bet   1,000원 BANKER | P:4♠ 5♠=9  B:6♣ K♠=6  PLAYER(L)  | -1,000원 → 256,600원  [start]
H1988 | bet   2,000원 PLAYER | P:9♣ 8♣=7  B:5♥ 2♠=7  TIE(T)  |     0원 → 256,600원
H1989 | bet   2,000원 PLAYER | P:6♣ 6♦ 10♥=2  B:9♦ A♥ 7♦=7  BANKER(L)  | -2,000원 → 254,600원
H1990 | bet   4,000원 PLAYER | P:K♦ 6♥=6  B:Q♣ 3♠ 10♦=3  PLAYER(W)  | +4,000원 → 258,600원  [end_win]
H1991 | bet   1,000원 BANKER | P:4♥ 7♥ Q♦=1  B:4♠ 6♣ 7♣=7  BANKER(W)  | +950원 → 259,550원
H1992 | bet   1,000원 BANKER | P:4♣ 4♥=8  B:J♦ 9♦=9  BANKER(W)  | +950원 → 260,500원
H1993 | bet   1,000원 BANKER | P:10♠ 3♥=3  B:9♥ K♥=9  BANKER(W)  | +950원 → 261,450원
H1994 | bet   1,000원 BANKER | P:7♠ 10♣=7  B:2♣ 6♣=8  BANKER(W)  | +950원 → 262,400원
H1995 | bet   1,000원 BANKER | P:3♠ 7♣ 8♣=8  B:Q♥ A♦ A♣=2  PLAYER(L)  | -1,000원 → 261,400원  [start]
H1996 | bet   2,000원 PLAYER | P:10♣ 8♠=8  B:A♦ 6♥=7  PLAYER(W)  | +2,000원 → 263,400원  [end_win]
H1997 | bet   1,000원 BANKER | P:3♥ 9♠ 7♠=9  B:5♥ A♦ Q♠=6  PLAYER(L)  | -1,000원 → 262,400원  [start]
H1998 | bet   2,000원 PLAYER | P:10♥ 4♦ 3♣=7  B:4♣ Q♦ J♦=4  PLAYER(W)  | +2,000원 → 264,400원  [end_win]
H1999 | bet   1,000원 BANKER | P:3♠ K♠ 2♣=5  B:K♣ J♦ 7♠=7  BANKER(W)  | +950원 → 265,350원
H2000 | bet   1,000원 BANKER | P:9♠ 6♣ A♠=6  B:4♥ Q♠=4  PLAYER(L)  | -1,000원 → 264,350원  [start]
H2001 | bet   2,000원 PLAYER | P:Q♠ 6♦=6  B:7♥ 2♦=9  BANKER(L)  | -2,000원 → 262,350원
H2002 | bet   4,000원 PLAYER | P:9♣ K♣=9  B:6♠ 4♠=0  PLAYER(W)  | +4,000원 → 266,350원  [end_win]
H2003 | bet   1,000원 BANKER | P:8♥ 2♠ A♥=1  B:9♥ 3♠ 4♠=6  BANKER(W)  | +950원 → 267,300원
H2004 | bet   1,000원 BANKER | P:6♠ 2♠=8  B:Q♠ J♠=0  PLAYER(L)  | -1,000원 → 266,300원  [start]
H2005 | bet   2,000원 PLAYER | P:10♠ 6♦=6  B:K♣ 7♦=7  BANKER(L)  | -2,000원 → 264,300원
H2006 | bet   4,000원 PLAYER | P:7♦ A♦=8  B:K♥ 8♦=8  TIE(T)  |     0원 → 264,300원
H2007 | bet   4,000원 PLAYER | P:10♠ 5♣ 3♥=8  B:3♥ 4♦=7  PLAYER(W)  | +4,000원 → 268,300원  [end_win]
H2008 | bet   1,000원 BANKER | P:5♦ A♣=6  B:4♠ 5♦=9  BANKER(W)  | +950원 → 269,250원
H2009 | bet   1,000원 BANKER | P:K♦ K♥ 9♦=9  B:7♥ J♦=7  PLAYER(L)  | -1,000원 → 268,250원  [start]
H2010 | bet   2,000원 PLAYER | P:6♦ K♠=6  B:4♦ 2♣=6  TIE(T)  |     0원 → 268,250원
H2011 | bet   2,000원 PLAYER | P:A♦ 4♥ 10♥=5  B:8♦ 7♥=5  TIE(T)  |     0원 → 268,250원
H2012 | bet   2,000원 PLAYER | P:Q♦ 2♦ A♠=3  B:J♥ K♦ 3♠=3  TIE(T)  |     0원 → 268,250원
H2013 | bet   2,000원 PLAYER | P:7♦ 10♦=7  B:A♥ A♣ J♦=2  PLAYER(W)  | +2,000원 → 270,250원  [end_win]
H2014 | bet   1,000원 BANKER | P:9♥ 6♥ 9♠=4  B:Q♠ 10♦ Q♠=0  PLAYER(L)  | -1,000원 → 269,250원  [start]
H2015 | bet   2,000원 PLAYER | P:5♥ A♠=6  B:Q♦ A♦ 8♦=9  BANKER(L)  | -2,000원 → 267,250원
H2016 | bet   4,000원 PLAYER | P:5♦ 4♦=9  B:3♥ 3♣=6  PLAYER(W)  | +4,000원 → 271,250원  [end_win]
H2017 | bet   1,000원 BANKER | P:9♠ 9♣=8  B:6♠ K♥=6  PLAYER(L)  | -1,000원 → 270,250원  [start]
H2018 | bet   2,000원 PLAYER | P:7♣ 2♥=9  B:7♣ K♣=7  PLAYER(W)  | +2,000원 → 272,250원  [end_win]
H2019 | bet   1,000원 BANKER | P:8♦ 3♠ 3♦=4  B:5♠ 9♥ Q♥=4  TIE(T)  |     0원 → 272,250원
H2020 | bet   1,000원 BANKER | P:8♠ 6♣ 6♥=0  B:5♠ 7♠ 3♦=5  BANKER(W)  | +950원 → 273,200원
H2021 | bet   1,000원 BANKER | P:9♦ 9♣=8  B:4♣ A♠=5  PLAYER(L)  | -1,000원 → 272,200원  [start]
H2022 | bet   2,000원 PLAYER | P:2♣ 8♠ 8♥=8  B:7♣ 3♠ Q♦=0  PLAYER(W)  | +2,000원 → 274,200원  [end_win]
H2023 | bet   1,000원 BANKER | P:K♥ 3♦ 9♠=2  B:Q♣ J♠ Q♥=0  PLAYER(L)  | -1,000원 → 273,200원  [start]
H2024 | bet   2,000원 PLAYER | P:J♥ 6♠=6  B:8♥ 7♦ 2♥=7  BANKER(L)  | -2,000원 → 271,200원
H2025 | bet   4,000원 PLAYER | P:9♠ K♦=9  B:6♣ 6♥=2  PLAYER(W)  | +4,000원 → 275,200원  [end_win]
H2026 | bet   1,000원 BANKER | P:5♣ J♠ Q♦=5  B:A♠ 5♠=6  BANKER(W)  | +950원 → 276,150원
H2027 | bet   1,000원 BANKER | P:A♣ 3♠ 4♥=8  B:8♣ 2♥ 5♠=5  PLAYER(L)  | -1,000원 → 275,150원  [start]
H2028 | bet   2,000원 PLAYER | P:Q♥ 6♥=6  B:10♣ 2♦ J♣=2  PLAYER(W)  | +2,000원 → 277,150원  [end_win]
H2029 | bet   1,000원 BANKER | P:K♠ 8♠=8  B:4♥ 8♠=2  PLAYER(L)  | -1,000원 → 276,150원  [start]
H2030 | bet   2,000원 PLAYER | P:Q♣ 9♣=9  B:7♣ A♥=8  PLAYER(W)  | +2,000원 → 278,150원  [end_win]
H2031 | bet   1,000원 BANKER | P:J♠ 2♥ A♣=3  B:A♥ 9♦ 3♦=3  TIE(T)  |     0원 → 278,150원
H2032 | bet   1,000원 BANKER | P:5♥ 3♦=8  B:K♥ 8♥=8  TIE(T)  |     0원 → 278,150원
H2033 | bet   1,000원 BANKER | P:J♣ 10♦ 7♦=7  B:3♣ 2♣ A♠=6  PLAYER(L)  | -1,000원 → 277,150원  [start]
H2034 | bet   2,000원 PLAYER | P:2♦ J♦=2  B:10♣ 9♦=9  BANKER(L)  | -2,000원 → 275,150원
H2035 | bet   4,000원 PLAYER | P:6♠ 8♦=4  B:A♠ 7♥=8  BANKER(L)  | -4,000원 → 271,150원
H2036 | bet   8,000원 PLAYER | P:4♦ 4♦=8  B:K♦ 6♠=6  PLAYER(W)  | +8,000원 → 279,150원  [end_win]
H2037 | bet   1,000원 BANKER | P:A♠ 3♣ 4♣=8  B:4♣ K♦ 4♣=8  TIE(T)  |     0원 → 279,150원
H2038 | bet   1,000원 BANKER | P:10♣ Q♣ 5♠=5  B:4♥ 9♣ 10♣=3  PLAYER(L)  | -1,000원 → 278,150원  [start]
H2039 | bet   2,000원 PLAYER | P:Q♣ 8♥=8  B:J♣ 8♣=8  TIE(T)  |     0원 → 278,150원
H2040 | bet   2,000원 PLAYER | P:2♦ 9♦ 5♣=6  B:5♥ 9♥ 8♦=2  PLAYER(W)  | +2,000원 → 280,150원  [end_win]
H2041 | bet   1,000원 BANKER | P:K♠ Q♣ 8♣=8  B:K♥ 2♥ 3♥=5  PLAYER(L)  | -1,000원 → 279,150원  [start]
H2042 | bet   2,000원 PLAYER | P:5♦ 3♦=8  B:3♣ 2♣=5  PLAYER(W)  | +2,000원 → 281,150원  [end_win]
H2043 | bet   1,000원 BANKER | P:5♥ 7♥ 9♣=1  B:K♦ J♣ 7♣=7  BANKER(W)  | +950원 → 282,100원
H2044 | bet   1,000원 BANKER | P:J♠ J♦ K♥=0  B:6♠ 8♠=4  BANKER(W)  | +950원 → 283,050원
H2045 | bet   1,000원 BANKER | P:6♦ J♦=6  B:5♠ 6♥ 2♦=3  PLAYER(L)  | -1,000원 → 282,050원  [start]
H2046 | bet   2,000원 PLAYER | P:2♠ 10♦ 6♥=8  B:K♠ Q♦ 7♠=7  PLAYER(W)  | +2,000원 → 284,050원  [end_win]
H2047 | bet   1,000원 BANKER | P:Q♥ J♥ 2♣=2  B:J♣ 2♥ 4♠=6  BANKER(W)  | +950원 → 285,000원
H2048 | bet   1,000원 BANKER | P:Q♥ A♦ 7♦=8  B:3♣ 4♠=7  PLAYER(L)  | -1,000원 → 284,000원  [start]
H2049 | bet   2,000원 PLAYER | P:K♠ K♣ 3♦=3  B:10♥ 6♣=6  BANKER(L)  | -2,000원 → 282,000원
H2050 | bet   4,000원 PLAYER | P:4♦ 2♠=6  B:K♠ Q♣ 9♦=9  BANKER(L)  | -4,000원 → 278,000원
H2051 | bet   8,000원 PLAYER | P:K♠ K♥ Q♣=0  B:6♦ A♣=7  BANKER(L)  | -8,000원 → 270,000원
H2052 | bet  16,000원 PLAYER | P:7♣ 4♦ 7♣=8  B:A♦ 9♦ 9♠=9  BANKER(L)  | -16,000원 → 254,000원  [end_giveup]
H2053 | bet   1,000원 BANKER | P:6♠ 6♦ Q♠=2  B:K♥ 5♠=5  BANKER(W)  | +950원 → 254,950원
H2054 | bet   1,000원 BANKER | P:4♣ 3♦=7  B:K♠ 9♥=9  BANKER(W)  | +950원 → 255,900원
H2055 | bet   1,000원 BANKER | P:2♦ 5♠=7  B:4♠ 3♦=7  TIE(T)  |     0원 → 255,900원
H2056 | bet   1,000원 BANKER | P:8♣ 5♦ A♥=4  B:10♠ 3♣ 9♣=2  PLAYER(L)  | -1,000원 → 254,900원  [start]
H2057 | bet   2,000원 PLAYER | P:3♦ 7♥ A♣=1  B:2♠ Q♦ 7♦=9  BANKER(L)  | -2,000원 → 252,900원
H2058 | bet   4,000원 PLAYER | P:7♣ 7♦ 8♥=2  B:A♦ 4♦=5  BANKER(L)  | -4,000원 → 248,900원
H2059 | bet   8,000원 PLAYER | P:10♣ A♠=1  B:K♣ 9♥=9  BANKER(L)  | -8,000원 → 240,900원
H2060 | bet  16,000원 PLAYER | P:A♠ 4♥ 8♠=3  B:Q♣ 10♥ 4♥=4  BANKER(L)  | -16,000원 → 224,900원  [end_giveup]
H2061 | bet   1,000원 BANKER | P:J♥ 6♦=6  B:2♦ 10♦ J♦=2  PLAYER(L)  | -1,000원 → 223,900원  [start]
H2062 | bet   2,000원 PLAYER | P:6♦ 7♥ K♦=3  B:5♦ 6♥ 8♦=9  BANKER(L)  | -2,000원 → 221,900원
H2063 | bet   4,000원 PLAYER | P:5♥ J♥=5  B:7♠ A♥=8  BANKER(L)  | -4,000원 → 217,900원
H2064 | bet   8,000원 PLAYER | P:6♠ 7♦ 7♦=0  B:7♦ Q♦=7  BANKER(L)  | -8,000원 → 209,900원
H2065 | bet  16,000원 PLAYER | P:J♦ 6♦=6  B:8♥ 7♠ Q♠=5  PLAYER(W)  | +16,000원 → 225,900원  [end_win]
H2066 | bet   1,000원 BANKER | P:5♥ A♥=6  B:J♣ 7♠=7  BANKER(W)  | +950원 → 226,850원
H2067 | bet   1,000원 BANKER | P:5♠ 9♥ 3♠=7  B:A♣ A♥ 3♥=5  PLAYER(L)  | -1,000원 → 225,850원  [start]
H2068 | bet   2,000원 PLAYER | P:Q♦ 10♠ 10♣=0  B:3♣ 3♠=6  BANKER(L)  | -2,000원 → 223,850원
H2069 | bet   4,000원 PLAYER | P:7♥ 4♣ 8♣=9  B:2♦ 10♥ 5♦=7  PLAYER(W)  | +4,000원 → 227,850원  [end_win]
H2070 | bet   1,000원 BANKER | P:A♣ 4♣ 2♠=7  B:4♦ Q♥ 4♥=8  BANKER(W)  | +950원 → 228,800원
H2071 | bet   1,000원 BANKER | P:6♠ 10♦=6  B:5♠ J♣ 7♥=2  PLAYER(L)  | -1,000원 → 227,800원  [start]
H2072 | bet   2,000원 PLAYER | P:A♦ 4♠=5  B:6♥ 2♣=8  BANKER(L)  | -2,000원 → 225,800원
H2073 | bet   4,000원 PLAYER | P:A♣ Q♠ 2♣=3  B:3♣ 4♣=7  BANKER(L)  | -4,000원 → 221,800원
H2074 | bet   8,000원 PLAYER | P:8♠ 2♠=0  B:K♣ 8♦=8  BANKER(L)  | -8,000원 → 213,800원
H2075 | bet  16,000원 PLAYER | P:4♠ 9♣ 5♠=8  B:Q♣ J♠ 4♣=4  PLAYER(W)  | +16,000원 → 229,800원  [end_win]
H2076 | bet   1,000원 BANKER | P:2♦ 5♠=7  B:K♦ 9♦=9  BANKER(W)  | +950원 → 230,750원
H2077 | bet   1,000원 BANKER | P:Q♣ 9♣=9  B:J♦ K♠=0  PLAYER(L)  | -1,000원 → 229,750원  [start]
H2078 | bet   2,000원 PLAYER | P:9♦ 7♥=6  B:10♠ K♠ 6♠=6  TIE(T)  |     0원 → 229,750원
H2079 | bet   2,000원 PLAYER | P:K♥ A♠ 10♠=1  B:10♣ 2♦ 3♠=5  BANKER(L)  | -2,000원 → 227,750원
H2080 | bet   4,000원 PLAYER | P:9♦ 10♥=9  B:Q♣ A♦=1  PLAYER(W)  | +4,000원 → 231,750원  [end_win]
H2081 | bet   1,000원 BANKER | P:2♥ K♥ 3♥=5  B:6♥ J♣=6  BANKER(W)  | +950원 → 232,700원
H2082 | bet   1,000원 BANKER | P:3♥ 2♠ 8♥=3  B:K♦ 4♥=4  BANKER(W)  | +950원 → 233,650원
H2083 | bet   1,000원 BANKER | P:7♣ 4♠=1  B:5♥ 3♠=8  BANKER(W)  | +950원 → 234,600원
H2084 | bet   1,000원 BANKER | P:A♥ 2♠ 10♣=3  B:K♦ 5♦=5  BANKER(W)  | +950원 → 235,550원
H2085 | bet   1,000원 BANKER | P:J♣ Q♦=0  B:9♠ 10♦=9  BANKER(W)  | +950원 → 236,500원
H2086 | bet   1,000원 BANKER | P:10♥ K♣=0  B:9♣ 9♥=8  BANKER(W)  | +950원 → 237,450원
H2087 | bet   1,000원 BANKER | P:8♣ 5♣=3  B:8♥ Q♥=8  BANKER(W)  | +950원 → 238,400원
H2088 | bet   1,000원 BANKER | P:7♣ A♠=8  B:5♦ 3♠=8  TIE(T)  |     0원 → 238,400원
H2089 | bet   1,000원 BANKER | P:K♣ A♥=1  B:8♠ Q♦=8  BANKER(W)  | +950원 → 239,350원
H2090 | bet   1,000원 BANKER | P:4♣ 6♣=0  B:8♠ A♠=9  BANKER(W)  | +950원 → 240,300원
H2091 | bet   1,000원 BANKER | P:8♥ 7♦ A♦=6  B:4♣ 7♠ 6♠=7  BANKER(W)  | +950원 → 241,250원
H2092 | bet   1,000원 BANKER | P:7♣ 5♦ 3♥=5  B:2♣ 2♠ 3♠=7  BANKER(W)  | +950원 → 242,200원
H2093 | bet   1,000원 BANKER | P:9♣ A♣ K♦=0  B:Q♠ 10♣ 3♥=3  BANKER(W)  | +950원 → 243,150원
H2094 | bet   1,000원 BANKER | P:A♥ A♦=2  B:K♣ 8♣=8  BANKER(W)  | +950원 → 244,100원
H2095 | bet   1,000원 BANKER | P:10♦ 9♥=9  B:J♥ 10♠=0  PLAYER(L)  | -1,000원 → 243,100원  [start]
H2096 | bet   2,000원 PLAYER | P:Q♠ 5♦ 5♠=0  B:6♥ 4♠ 3♦=3  BANKER(L)  | -2,000원 → 241,100원
H2097 | bet   4,000원 PLAYER | P:Q♦ 6♥=6  B:6♥ 9♣ 6♥=1  PLAYER(W)  | +4,000원 → 245,100원  [end_win]
H2098 | bet   1,000원 BANKER | P:8♦ 10♥=8  B:8♦ 6♦=4  PLAYER(L)  | -1,000원 → 244,100원  [start]
H2099 | bet   2,000원 PLAYER | P:J♦ 10♣=0  B:4♦ 4♠=8  BANKER(L)  | -2,000원 → 242,100원
H2100 | bet   4,000원 PLAYER | P:5♥ 3♠=8  B:J♠ J♠=0  PLAYER(W)  | +4,000원 → 246,100원  [end_win]
H2101 | bet   1,000원 BANKER | P:5♥ 4♦=9  B:2♥ 2♥=4  PLAYER(L)  | -1,000원 → 245,100원  [start]
H2102 | bet   2,000원 PLAYER | P:5♣ 10♠=5  B:J♣ 9♦=9  BANKER(L)  | -2,000원 → 243,100원
H2103 | bet   4,000원 PLAYER | P:K♠ 9♥=9  B:10♠ 9♥=9  TIE(T)  |     0원 → 243,100원
H2104 | bet   4,000원 PLAYER | P:5♥ 3♦=8  B:5♠ Q♦=5  PLAYER(W)  | +4,000원 → 247,100원  [end_win]
H2105 | bet   1,000원 BANKER | P:8♠ 9♠=7  B:K♠ 10♦ 10♥=0  PLAYER(L)  | -1,000원 → 246,100원  [start]
H2106 | bet   2,000원 PLAYER | P:5♣ Q♥ 4♥=9  B:K♣ 3♥ 10♦=3  PLAYER(W)  | +2,000원 → 248,100원  [end_win]
H2107 | bet   1,000원 BANKER | P:5♦ 7♠ J♦=2  B:7♠ 8♦=5  BANKER(W)  | +950원 → 249,050원
H2108 | bet   1,000원 BANKER | P:5♥ Q♠ 6♦=1  B:5♣ J♣ Q♥=5  BANKER(W)  | +950원 → 250,000원
H2109 | bet   1,000원 BANKER | P:7♦ 3♦=0  B:6♥ 2♣=8  BANKER(W)  | +950원 → 250,950원
H2110 | bet   1,000원 BANKER | P:8♠ A♣=9  B:2♦ A♥=3  PLAYER(L)  | -1,000원 → 249,950원  [start]
H2111 | bet   2,000원 PLAYER | P:J♠ 9♠=9  B:8♦ K♥=8  PLAYER(W)  | +2,000원 → 251,950원  [end_win]
H2112 | bet   1,000원 BANKER | P:4♦ 5♣=9  B:10♦ 8♣=8  PLAYER(L)  | -1,000원 → 250,950원  [start]
H2113 | bet   2,000원 PLAYER | P:8♣ 3♣ 7♥=8  B:6♠ A♦=7  PLAYER(W)  | +2,000원 → 252,950원  [end_win]
H2114 | bet   1,000원 BANKER | P:8♥ 10♦=8  B:2♥ J♣=2  PLAYER(L)  | -1,000원 → 251,950원  [start]
H2115 | bet   2,000원 PLAYER | P:2♥ J♠=2  B:9♠ 9♦=8  BANKER(L)  | -2,000원 → 249,950원
H2116 | bet   4,000원 PLAYER | P:K♦ J♠=0  B:6♣ 3♣=9  BANKER(L)  | -4,000원 → 245,950원
H2117 | bet   8,000원 PLAYER | P:4♠ A♣ 3♣=8  B:J♥ 6♣=6  PLAYER(W)  | +8,000원 → 253,950원  [end_win]
H2118 | bet   1,000원 BANKER | P:2♣ 6♣=8  B:5♣ 8♦=3  PLAYER(L)  | -1,000원 → 252,950원  [start]
H2119 | bet   2,000원 PLAYER | P:6♦ 4♣ K♦=0  B:J♥ 10♣ 4♥=4  BANKER(L)  | -2,000원 → 250,950원
H2120 | bet   4,000원 PLAYER | P:2♣ K♥ J♥=2  B:10♥ J♦ 7♣=7  BANKER(L)  | -4,000원 → 246,950원
H2121 | bet   8,000원 PLAYER | P:10♠ 3♦=3  B:9♣ 9♠=8  BANKER(L)  | -8,000원 → 238,950원
H2122 | bet  16,000원 PLAYER | P:K♦ 4♥ 9♥=3  B:2♣ 4♥=6  BANKER(L)  | -16,000원 → 222,950원  [end_giveup]
H2123 | bet   1,000원 BANKER | P:3♥ Q♠ J♣=3  B:A♠ Q♦ 8♥=9  BANKER(W)  | +950원 → 223,900원
H2124 | bet   1,000원 BANKER | P:8♦ K♣=8  B:9♣ Q♥=9  BANKER(W)  | +950원 → 224,850원
H2125 | bet   1,000원 BANKER | P:Q♣ 3♣ 7♠=0  B:Q♥ 3♦ 6♣=9  BANKER(W)  | +950원 → 225,800원
H2126 | bet   1,000원 BANKER | P:K♥ 3♣ J♥=3  B:7♠ J♠=7  BANKER(W)  | +950원 → 226,750원
H2127 | bet   1,000원 BANKER | P:K♥ 7♦=7  B:10♣ A♦ A♠=2  PLAYER(L)  | -1,000원 → 225,750원  [start]
H2128 | bet   2,000원 PLAYER | P:Q♣ Q♥=0  B:2♥ 6♠=8  BANKER(L)  | -2,000원 → 223,750원
H2129 | bet   4,000원 PLAYER | P:2♥ 8♠ 6♣=6  B:4♦ K♣ 6♣=0  PLAYER(W)  | +4,000원 → 227,750원  [end_win]
H2130 | bet   1,000원 BANKER | P:3♠ 2♥ J♠=5  B:5♣ 6♣ 8♣=9  BANKER(W)  | +950원 → 228,700원
H2131 | bet   1,000원 BANKER | P:8♣ J♥=8  B:5♥ 8♥=3  PLAYER(L)  | -1,000원 → 227,700원  [start]
H2132 | bet   2,000원 PLAYER | P:2♦ 8♠ 2♣=2  B:2♦ J♦ 3♥=5  BANKER(L)  | -2,000원 → 225,700원
H2133 | bet   4,000원 PLAYER | P:5♣ K♠ 6♠=1  B:Q♠ 10♥ 7♥=7  BANKER(L)  | -4,000원 → 221,700원
H2134 | bet   8,000원 PLAYER | P:10♣ J♦ Q♥=0  B:7♦ 3♠ 5♦=5  BANKER(L)  | -8,000원 → 213,700원
H2135 | bet  16,000원 PLAYER | P:J♦ 2♥ J♠=2  B:2♣ A♥ A♣=4  BANKER(L)  | -16,000원 → 197,700원  [end_giveup]
H2136 | bet   1,000원 BANKER | P:8♣ J♦=8  B:7♦ Q♥=7  PLAYER(L)  | -1,000원 → 196,700원  [start]
H2137 | bet   2,000원 PLAYER | P:4♣ 10♥=4  B:4♣ 5♦=9  BANKER(L)  | -2,000원 → 194,700원
H2138 | bet   4,000원 PLAYER | P:J♥ Q♣ J♠=0  B:3♦ 7♥ 8♥=8  BANKER(L)  | -4,000원 → 190,700원
H2139 | bet   8,000원 PLAYER | P:9♠ 3♦ 5♣=7  B:2♠ Q♦ 10♠=2  PLAYER(W)  | +8,000원 → 198,700원  [end_win]
H2140 | bet   1,000원 BANKER | P:10♦ Q♦ 5♦=5  B:4♥ Q♠ 2♥=6  BANKER(W)  | +950원 → 199,650원
H2141 | bet   1,000원 BANKER | P:6♣ A♠=7  B:2♦ A♥ K♦=3  PLAYER(L)  | -1,000원 → 198,650원  [start]
H2142 | bet   2,000원 PLAYER | P:5♥ K♠ 9♣=4  B:J♣ 7♦=7  BANKER(L)  | -2,000원 → 196,650원
H2143 | bet   4,000원 PLAYER | P:7♦ A♥=8  B:7♥ K♣=7  PLAYER(W)  | +4,000원 → 200,650원  [end_win]
H2144 | bet   1,000원 BANKER | P:10♦ K♠ 9♠=9  B:4♦ Q♣=4  PLAYER(L)  | -1,000원 → 199,650원  [start]
H2145 | bet   2,000원 PLAYER | P:5♠ 3♣=8  B:Q♠ 8♥=8  TIE(T)  |     0원 → 199,650원
H2146 | bet   2,000원 PLAYER | P:6♣ A♦=7  B:A♥ 3♦ 3♥=7  TIE(T)  |     0원 → 199,650원
H2147 | bet   2,000원 PLAYER | P:8♠ 7♣=5  B:10♦ 9♠=9  BANKER(L)  | -2,000원 → 197,650원
H2148 | bet   4,000원 PLAYER | P:4♣ 8♠=2  B:9♦ Q♥=9  BANKER(L)  | -4,000원 → 193,650원
H2149 | bet   8,000원 PLAYER | P:J♦ 7♦=7  B:2♣ 5♣=7  TIE(T)  |     0원 → 193,650원
H2150 | bet   8,000원 PLAYER | P:4♥ 5♥=9  B:9♣ 5♣=4  PLAYER(W)  | +8,000원 → 201,650원  [end_win]
H2151 | bet   1,000원 BANKER | P:6♦ 3♣=9  B:4♦ A♥=5  PLAYER(L)  | -1,000원 → 200,650원  [start]
H2152 | bet   2,000원 PLAYER | P:9♦ 8♣=7  B:8♥ 3♣ 10♠=1  PLAYER(W)  | +2,000원 → 202,650원  [end_win]
H2153 | bet   1,000원 BANKER | P:K♥ 5♠=5  B:8♣ J♠=8  BANKER(W)  | +950원 → 203,600원
H2154 | bet   1,000원 BANKER | P:3♥ 10♥ 4♠=7  B:9♠ 8♦=7  TIE(T)  |     0원 → 203,600원
H2155 | bet   1,000원 BANKER | P:5♣ K♦=5  B:7♦ A♣=8  BANKER(W)  | +950원 → 204,550원
H2156 | bet   1,000원 BANKER | P:K♥ 2♣ 3♣=5  B:5♣ 8♦ 4♣=7  BANKER(W)  | +950원 → 205,500원
H2157 | bet   1,000원 BANKER | P:2♦ K♦ 4♠=6  B:J♠ 7♥=7  BANKER(W)  | +950원 → 206,450원
H2158 | bet   1,000원 BANKER | P:10♣ K♣ 2♠=2  B:Q♠ 4♣ 5♥=9  BANKER(W)  | +950원 → 207,400원
H2159 | bet   1,000원 BANKER | P:4♦ 6♦ 3♦=3  B:A♠ 10♦ 4♠=5  BANKER(W)  | +950원 → 208,350원
H2160 | bet   1,000원 BANKER | P:7♠ 9♦=6  B:5♠ 4♥=9  BANKER(W)  | +950원 → 209,300원
H2161 | bet   1,000원 BANKER | P:7♣ K♦=7  B:A♦ 4♥ 2♦=7  TIE(T)  |     0원 → 209,300원
H2162 | bet   1,000원 BANKER | P:8♠ K♣=8  B:6♥ 4♠=0  PLAYER(L)  | -1,000원 → 208,300원  [start]
H2163 | bet   2,000원 PLAYER | P:6♥ 6♠ 7♠=9  B:9♥ 2♣ 8♦=9  TIE(T)  |     0원 → 208,300원
H2164 | bet   2,000원 PLAYER | P:Q♣ K♣ J♥=0  B:4♥ 10♠=4  BANKER(L)  | -2,000원 → 206,300원
H2165 | bet   4,000원 PLAYER | P:2♦ 9♣ 9♠=0  B:10♣ A♣ 8♥=9  BANKER(L)  | -4,000원 → 202,300원
H2166 | bet   8,000원 PLAYER | P:Q♣ Q♠ 5♠=5  B:2♥ J♣ 5♣=7  BANKER(L)  | -8,000원 → 194,300원
H2167 | bet  16,000원 PLAYER | P:Q♦ 3♣ J♥=3  B:6♦ 6♠ 5♠=7  BANKER(L)  | -16,000원 → 178,300원  [end_giveup]
H2168 | bet   1,000원 BANKER | P:2♦ A♠ K♦=3  B:K♥ 4♣=4  BANKER(W)  | +950원 → 179,250원
H2169 | bet   1,000원 BANKER | P:K♠ 3♦ A♠=4  B:J♥ 7♠=7  BANKER(W)  | +950원 → 180,200원
H2170 | bet   1,000원 BANKER | P:A♦ 2♠ 7♣=0  B:6♥ 7♠ 4♦=7  BANKER(W)  | +950원 → 181,150원
H2171 | bet   1,000원 BANKER | P:3♠ 2♦ 4♦=9  B:6♥ J♦=6  PLAYER(L)  | -1,000원 → 180,150원  [start]
H2172 | bet   2,000원 PLAYER | P:A♠ A♥ 2♣=4  B:6♥ 6♣ 4♦=6  BANKER(L)  | -2,000원 → 178,150원
H2173 | bet   4,000원 PLAYER | P:Q♠ 3♥=3  B:8♠ 10♠=8  BANKER(L)  | -4,000원 → 174,150원
H2174 | bet   8,000원 PLAYER | P:J♠ 7♣=7  B:5♠ 8♣ 3♥=6  PLAYER(W)  | +8,000원 → 182,150원  [end_win]
H2175 | bet   1,000원 BANKER | P:8♠ 7♦ 6♦=1  B:K♣ 7♠=7  BANKER(W)  | +950원 → 183,100원
H2176 | bet   1,000원 BANKER | P:7♣ 5♥ 3♦=5  B:K♦ J♥ Q♣=0  PLAYER(L)  | -1,000원 → 182,100원  [start]
H2177 | bet   2,000원 PLAYER | P:10♥ 8♦=8  B:K♠ 9♥=9  BANKER(L)  | -2,000원 → 180,100원
H2178 | bet   4,000원 PLAYER | P:9♥ J♣=9  B:2♥ 2♠=4  PLAYER(W)  | +4,000원 → 184,100원  [end_win]
H2179 | bet   1,000원 BANKER | P:A♣ K♠ 10♥=1  B:Q♥ J♥ K♣=0  PLAYER(L)  | -1,000원 → 183,100원  [start]
H2180 | bet   2,000원 PLAYER | P:Q♣ 4♥ A♦=5  B:7♥ J♥=7  BANKER(L)  | -2,000원 → 181,100원
H2181 | bet   4,000원 PLAYER | P:Q♦ 3♦ 6♠=9  B:5♥ A♠ A♣=7  PLAYER(W)  | +4,000원 → 185,100원  [end_win]
H2182 | bet   1,000원 BANKER | P:J♠ 9♠=9  B:2♣ 5♦=7  PLAYER(L)  | -1,000원 → 184,100원  [start]
H2183 | bet   2,000원 PLAYER | P:2♠ 10♠ 4♦=6  B:10♣ Q♥ 8♣=8  BANKER(L)  | -2,000원 → 182,100원
H2184 | bet   4,000원 PLAYER | P:8♣ 8♥=6  B:4♠ 9♣ 8♦=1  PLAYER(W)  | +4,000원 → 186,100원  [end_win]
H2185 | bet   1,000원 BANKER | P:3♠ J♣=3  B:Q♥ 9♣=9  BANKER(W)  | +950원 → 187,050원
H2186 | bet   1,000원 BANKER | P:6♠ 9♥ 5♣=0  B:3♠ K♥ 4♥=7  BANKER(W)  | +950원 → 188,000원
H2187 | bet   1,000원 BANKER | P:10♠ J♥=0  B:8♠ J♣=8  BANKER(W)  | +950원 → 188,950원
H2188 | bet   1,000원 BANKER | P:5♠ A♦=6  B:10♦ 3♥ 10♠=3  PLAYER(L)  | -1,000원 → 187,950원  [start]
H2189 | bet   2,000원 PLAYER | P:3♣ 6♣=9  B:5♦ 4♣=9  TIE(T)  |     0원 → 187,950원
H2190 | bet   2,000원 PLAYER | P:3♠ 6♠=9  B:5♣ K♠=5  PLAYER(W)  | +2,000원 → 189,950원  [end_win]
H2191 | bet   1,000원 BANKER | P:2♦ 5♦=7  B:A♠ J♣ 4♦=5  PLAYER(L)  | -1,000원 → 188,950원  [start]
H2192 | bet   2,000원 PLAYER | P:K♠ 3♣ 6♠=9  B:2♥ K♣ K♦=2  PLAYER(W)  | +2,000원 → 190,950원  [end_win]
H2193 | bet   1,000원 BANKER | P:2♣ 2♥ Q♠=4  B:Q♥ 7♦=7  BANKER(W)  | +950원 → 191,900원
H2194 | bet   1,000원 BANKER | P:3♠ 9♥ 4♣=6  B:3♦ 10♣ 9♥=2  PLAYER(L)  | -1,000원 → 190,900원  [start]
H2195 | bet   2,000원 PLAYER | P:Q♦ 6♦=6  B:5♠ 6♥ Q♦=1  PLAYER(W)  | +2,000원 → 192,900원  [end_win]
H2196 | bet   1,000원 BANKER | P:Q♦ 2♥=2  B:K♠ 8♥=8  BANKER(W)  | +950원 → 193,850원
H2197 | bet   1,000원 BANKER | P:K♥ Q♣ 9♥=9  B:5♥ 9♠=4  PLAYER(L)  | -1,000원 → 192,850원  [start]
H2198 | bet   2,000원 PLAYER | P:5♦ 8♣ 2♠=5  B:J♣ 10♣ 3♣=3  PLAYER(W)  | +2,000원 → 194,850원  [end_win]
H2199 | bet   1,000원 BANKER | P:4♠ A♣ 7♥=2  B:8♥ 4♠ 6♦=8  BANKER(W)  | +950원 → 195,800원
H2200 | bet   1,000원 BANKER | P:9♣ K♥=9  B:A♥ Q♦=1  PLAYER(L)  | -1,000원 → 194,800원  [start]
H2201 | bet   2,000원 PLAYER | P:5♦ K♣=5  B:2♣ 7♠=9  BANKER(L)  | -2,000원 → 192,800원
H2202 | bet   4,000원 PLAYER | P:7♣ J♠=7  B:Q♣ 9♦=9  BANKER(L)  | -4,000원 → 188,800원
H2203 | bet   8,000원 PLAYER | P:7♣ 10♦=7  B:6♠ 9♣ 3♥=8  BANKER(L)  | -8,000원 → 180,800원
H2204 | bet  16,000원 PLAYER | P:K♦ 10♥ 8♦=8  B:5♥ J♦=5  PLAYER(W)  | +16,000원 → 196,800원  [end_win]
H2205 | bet   1,000원 BANKER | P:3♠ 6♣=9  B:J♠ A♠=1  PLAYER(L)  | -1,000원 → 195,800원  [start]
H2206 | bet   2,000원 PLAYER | P:10♠ 7♠=7  B:9♦ 9♣=8  BANKER(L)  | -2,000원 → 193,800원
H2207 | bet   4,000원 PLAYER | P:9♦ 2♥ 6♥=7  B:5♥ 8♠ J♦=3  PLAYER(W)  | +4,000원 → 197,800원  [end_win]
H2208 | bet   1,000원 BANKER | P:6♦ Q♠=6  B:6♦ 8♠ K♥=4  PLAYER(L)  | -1,000원 → 196,800원  [start]
H2209 | bet   2,000원 PLAYER | P:6♥ 3♥=9  B:2♠ A♣=3  PLAYER(W)  | +2,000원 → 198,800원  [end_win]
H2210 | bet   1,000원 BANKER | P:9♦ 10♦=9  B:3♥ 4♥=7  PLAYER(L)  | -1,000원 → 197,800원  [start]
H2211 | bet   2,000원 PLAYER | P:9♥ 7♥=6  B:10♦ 10♣ 2♦=2  PLAYER(W)  | +2,000원 → 199,800원  [end_win]
H2212 | bet   1,000원 BANKER | P:K♥ 8♦=8  B:10♥ 6♠=6  PLAYER(L)  | -1,000원 → 198,800원  [start]
H2213 | bet   2,000원 PLAYER | P:8♦ 6♣ 8♣=2  B:A♦ 10♥ 3♠=4  BANKER(L)  | -2,000원 → 196,800원
H2214 | bet   4,000원 PLAYER | P:Q♠ A♦ 8♥=9  B:10♣ J♣ 9♦=9  TIE(T)  |     0원 → 196,800원
H2215 | bet   4,000원 PLAYER | P:7♠ 2♠=9  B:A♦ 9♠=0  PLAYER(W)  | +4,000원 → 200,800원  [end_win]
H2216 | bet   1,000원 BANKER | P:9♥ J♥=9  B:3♠ 10♣=3  PLAYER(L)  | -1,000원 → 199,800원  [start]
H2217 | bet   2,000원 PLAYER | P:3♦ K♥ 3♥=6  B:K♠ Q♥ 2♥=2  PLAYER(W)  | +2,000원 → 201,800원  [end_win]
H2218 | bet   1,000원 BANKER | P:4♥ 2♥=6  B:8♣ 4♥ 5♦=7  BANKER(W)  | +950원 → 202,750원
H2219 | bet   1,000원 BANKER | P:J♣ 4♥ 2♣=6  B:K♠ Q♣ 8♥=8  BANKER(W)  | +950원 → 203,700원
H2220 | bet   1,000원 BANKER | P:2♥ 4♥=6  B:3♠ 10♣ 6♥=9  BANKER(W)  | +950원 → 204,650원
H2221 | bet   1,000원 BANKER | P:5♦ 8♠ 9♣=2  B:Q♦ J♣ K♦=0  PLAYER(L)  | -1,000원 → 203,650원  [start]
H2222 | bet   2,000원 PLAYER | P:3♠ 8♠ J♦=1  B:3♦ 3♠=6  BANKER(L)  | -2,000원 → 201,650원
H2223 | bet   4,000원 PLAYER | P:K♣ 2♣=2  B:10♣ 9♦=9  BANKER(L)  | -4,000원 → 197,650원
H2224 | bet   8,000원 PLAYER | P:3♠ 10♠ 4♦=7  B:3♦ K♦ 9♠=2  PLAYER(W)  | +8,000원 → 205,650원  [end_win]
H2225 | bet   1,000원 BANKER | P:9♦ 6♠ 4♦=9  B:3♥ K♠ 7♠=0  PLAYER(L)  | -1,000원 → 204,650원  [start]
H2226 | bet   2,000원 PLAYER | P:8♦ 3♣ 10♥=1  B:6♦ 9♣=5  BANKER(L)  | -2,000원 → 202,650원
H2227 | bet   4,000원 PLAYER | P:3♣ J♦ 6♥=9  B:8♥ 8♦ 5♦=1  PLAYER(W)  | +4,000원 → 206,650원  [end_win]
H2228 | bet   1,000원 BANKER | P:J♠ 5♥ 7♥=2  B:5♠ A♠ J♠=6  BANKER(W)  | +950원 → 207,600원
H2229 | bet   1,000원 BANKER | P:5♣ 2♣=7  B:K♦ 9♥=9  BANKER(W)  | +950원 → 208,550원
H2230 | bet   1,000원 BANKER | P:8♣ J♦=8  B:6♣ 5♣=1  PLAYER(L)  | -1,000원 → 207,550원  [start]
H2231 | bet   2,000원 PLAYER | P:2♣ 7♣=9  B:Q♣ 6♦=6  PLAYER(W)  | +2,000원 → 209,550원  [end_win]
H2232 | bet   1,000원 BANKER | P:5♣ K♥=5  B:2♠ 6♥=8  BANKER(W)  | +950원 → 210,500원
H2233 | bet   1,000원 BANKER | P:10♥ J♥ 10♦=0  B:4♣ 8♦ 7♠=9  BANKER(W)  | +950원 → 211,450원
H2234 | bet   1,000원 BANKER | P:5♥ 10♣ 10♥=5  B:9♠ A♣ 3♦=3  PLAYER(L)  | -1,000원 → 210,450원  [start]
H2235 | bet   2,000원 PLAYER | P:10♥ 10♠ 9♣=9  B:8♦ 7♠=5  PLAYER(W)  | +2,000원 → 212,450원  [end_win]
H2236 | bet   1,000원 BANKER | P:8♠ 5♦=3  B:2♦ 7♣=9  BANKER(W)  | +950원 → 213,400원
H2237 | bet   1,000원 BANKER | P:9♦ A♠ J♥=0  B:4♣ 9♣ 3♥=6  BANKER(W)  | +950원 → 214,350원
H2238 | bet   1,000원 BANKER | P:2♦ 2♠ 5♥=9  B:A♥ 6♣=7  PLAYER(L)  | -1,000원 → 213,350원  [start]
H2239 | bet   2,000원 PLAYER | P:Q♦ 4♣ Q♠=4  B:A♠ 10♦ 2♦=3  PLAYER(W)  | +2,000원 → 215,350원  [end_win]
H2240 | bet   1,000원 BANKER | P:8♣ 3♦ A♠=2  B:Q♠ 5♠=5  BANKER(W)  | +950원 → 216,300원
H2241 | bet   1,000원 BANKER | P:A♦ 9♠ A♣=1  B:Q♥ K♣ 5♠=5  BANKER(W)  | +950원 → 217,250원
H2242 | bet   1,000원 BANKER | P:Q♠ J♣ 9♥=9  B:3♦ K♣ 7♠=0  PLAYER(L)  | -1,000원 → 216,250원  [start]
H2243 | bet   2,000원 PLAYER | P:A♦ 8♣=9  B:9♠ 2♥=1  PLAYER(W)  | +2,000원 → 218,250원  [end_win]
H2244 | bet   1,000원 BANKER | P:Q♦ J♥ 3♣=3  B:10♠ 4♠ 8♥=2  PLAYER(L)  | -1,000원 → 217,250원  [start]
H2245 | bet   2,000원 PLAYER | P:6♠ A♣=7  B:7♥ 7♥ 8♠=2  PLAYER(W)  | +2,000원 → 219,250원  [end_win]
H2246 | bet   1,000원 BANKER | P:A♥ 7♣=8  B:K♥ 2♣=2  PLAYER(L)  | -1,000원 → 218,250원  [start]
H2247 | bet   2,000원 PLAYER | P:5♥ 8♦=3  B:Q♠ 9♥=9  BANKER(L)  | -2,000원 → 216,250원
H2248 | bet   4,000원 PLAYER | P:8♠ 3♥ J♠=1  B:2♦ 2♥=4  BANKER(L)  | -4,000원 → 212,250원
H2249 | bet   8,000원 PLAYER | P:7♦ 7♦ J♥=4  B:4♥ 7♦ 5♣=6  BANKER(L)  | -8,000원 → 204,250원
H2250 | bet  16,000원 PLAYER | P:7♠ 2♦=9  B:6♣ 7♣=3  PLAYER(W)  | +16,000원 → 220,250원  [end_win]
H2251 | bet   1,000원 BANKER | P:Q♥ K♥ K♦=0  B:A♦ A♣ K♥=2  BANKER(W)  | +950원 → 221,200원
H2252 | bet   1,000원 BANKER | P:A♣ 7♥=8  B:Q♥ 6♥=6  PLAYER(L)  | -1,000원 → 220,200원  [start]
H2253 | bet   2,000원 PLAYER | P:9♥ J♠=9  B:2♥ 8♣=0  PLAYER(W)  | +2,000원 → 222,200원  [end_win]
H2254 | bet   1,000원 BANKER | P:Q♠ 9♠=9  B:5♣ 7♦=2  PLAYER(L)  | -1,000원 → 221,200원  [start]
H2255 | bet   2,000원 PLAYER | P:K♦ 9♥=9  B:7♠ 5♠=2  PLAYER(W)  | +2,000원 → 223,200원  [end_win]
H2256 | bet   1,000원 BANKER | P:4♠ 10♥=4  B:2♠ 6♦=8  BANKER(W)  | +950원 → 224,150원
H2257 | bet   1,000원 BANKER | P:2♣ 7♥=9  B:10♦ 8♥=8  PLAYER(L)  | -1,000원 → 223,150원  [start]
H2258 | bet   2,000원 PLAYER | P:J♠ 7♥=7  B:8♣ 7♣ 6♣=1  PLAYER(W)  | +2,000원 → 225,150원  [end_win]
H2259 | bet   1,000원 BANKER | P:9♣ 10♣=9  B:9♦ 5♦=4  PLAYER(L)  | -1,000원 → 224,150원  [start]
H2260 | bet   2,000원 PLAYER | P:7♦ 6♠=3  B:4♠ 5♣=9  BANKER(L)  | -2,000원 → 222,150원
H2261 | bet   4,000원 PLAYER | P:4♣ 9♣ 6♥=9  B:4♥ 7♣ 4♥=5  PLAYER(W)  | +4,000원 → 226,150원  [end_win]
H2262 | bet   1,000원 BANKER | P:9♥ 8♠=7  B:5♠ 9♦ K♦=4  PLAYER(L)  | -1,000원 → 225,150원  [start]
H2263 | bet   2,000원 PLAYER | P:10♥ 5♦ 6♣=1  B:K♠ A♦ 8♠=9  BANKER(L)  | -2,000원 → 223,150원
H2264 | bet   4,000원 PLAYER | P:8♥ A♥=9  B:J♠ K♥=0  PLAYER(W)  | +4,000원 → 227,150원  [end_win]
H2265 | bet   1,000원 BANKER | P:K♥ 4♠ 4♦=8  B:5♣ 5♥ K♦=0  PLAYER(L)  | -1,000원 → 226,150원  [start]
H2266 | bet   2,000원 PLAYER | P:Q♣ 7♠=7  B:A♦ K♣ J♣=1  PLAYER(W)  | +2,000원 → 228,150원  [end_win]
H2267 | bet   1,000원 BANKER | P:Q♦ 6♣=6  B:4♣ 6♠ 4♦=4  PLAYER(L)  | -1,000원 → 227,150원  [start]
H2268 | bet   2,000원 PLAYER | P:K♣ 4♦ K♥=4  B:Q♦ 2♦ 10♠=2  PLAYER(W)  | +2,000원 → 229,150원  [end_win]
H2269 | bet   1,000원 BANKER | P:K♠ 4♠=4  B:3♣ 6♦=9  BANKER(W)  | +950원 → 230,100원
H2270 | bet   1,000원 BANKER | P:10♦ 9♠=9  B:4♠ 6♠=0  PLAYER(L)  | -1,000원 → 229,100원  [start]
H2271 | bet   2,000원 PLAYER | P:6♣ 4♦=0  B:10♦ 9♣=9  BANKER(L)  | -2,000원 → 227,100원
H2272 | bet   4,000원 PLAYER | P:K♠ J♦ Q♣=0  B:Q♣ 2♥ 4♣=6  BANKER(L)  | -4,000원 → 223,100원
H2273 | bet   8,000원 PLAYER | P:A♥ 9♠ 9♦=9  B:A♥ 5♥=6  PLAYER(W)  | +8,000원 → 231,100원  [end_win]
H2274 | bet   1,000원 BANKER | P:9♠ 6♦ A♠=6  B:3♣ 10♦ J♣=3  PLAYER(L)  | -1,000원 → 230,100원  [start]
H2275 | bet   2,000원 PLAYER | P:3♠ 3♥=6  B:9♦ 8♣=7  BANKER(L)  | -2,000원 → 228,100원
H2276 | bet   4,000원 PLAYER | P:7♦ 8♥ 2♣=7  B:8♣ 4♠ 2♣=4  PLAYER(W)  | +4,000원 → 232,100원  [end_win]
H2277 | bet   1,000원 BANKER | P:Q♥ 10♠ 2♠=2  B:J♥ 7♣=7  BANKER(W)  | +950원 → 233,050원
H2278 | bet   1,000원 BANKER | P:7♥ J♠=7  B:3♣ A♣ 6♥=0  PLAYER(L)  | -1,000원 → 232,050원  [start]
H2279 | bet   2,000원 PLAYER | P:7♣ 10♦=7  B:A♦ 2♠ Q♥=3  PLAYER(W)  | +2,000원 → 234,050원  [end_win]
H2280 | bet   1,000원 BANKER | P:10♥ 10♣ J♣=0  B:A♥ K♣ K♦=1  BANKER(W)  | +950원 → 235,000원
H2281 | bet   1,000원 BANKER | P:5♣ 8♦ 7♥=0  B:4♦ Q♥ J♦=4  BANKER(W)  | +950원 → 235,950원
H2282 | bet   1,000원 BANKER | P:6♠ J♣=6  B:A♥ K♠ 8♠=9  BANKER(W)  | +950원 → 236,900원
H2283 | bet   1,000원 BANKER | P:2♠ 6♥=8  B:10♣ K♣=0  PLAYER(L)  | -1,000원 → 235,900원  [start]
H2284 | bet   2,000원 PLAYER | P:9♣ 8♦=7  B:J♦ 6♠=6  PLAYER(W)  | +2,000원 → 237,900원  [end_win]
H2285 | bet   1,000원 BANKER | P:2♥ A♠ A♠=4  B:A♣ Q♣ 10♦=1  PLAYER(L)  | -1,000원 → 236,900원  [start]
H2286 | bet   2,000원 PLAYER | P:3♦ J♥ 5♦=8  B:3♠ A♦ J♦=4  PLAYER(W)  | +2,000원 → 238,900원  [end_win]
H2287 | bet   1,000원 BANKER | P:4♣ 7♦=1  B:5♥ 3♥=8  BANKER(W)  | +950원 → 239,850원
H2288 | bet   1,000원 BANKER | P:Q♦ 3♣ 10♠=3  B:K♠ Q♥ 3♣=3  TIE(T)  |     0원 → 239,850원
H2289 | bet   1,000원 BANKER | P:8♥ 3♦ A♣=2  B:6♦ 8♥=4  BANKER(W)  | +950원 → 240,800원
H2290 | bet   1,000원 BANKER | P:4♥ 5♠=9  B:Q♣ 5♠=5  PLAYER(L)  | -1,000원 → 239,800원  [start]
H2291 | bet   2,000원 PLAYER | P:6♥ 2♠=8  B:6♦ J♠=6  PLAYER(W)  | +2,000원 → 241,800원  [end_win]
H2292 | bet   1,000원 BANKER | P:Q♣ 4♦ 9♦=3  B:6♠ 10♥=6  BANKER(W)  | +950원 → 242,750원
H2293 | bet   1,000원 BANKER | P:7♠ J♥=7  B:A♠ 7♦=8  BANKER(W)  | +950원 → 243,700원
H2294 | bet   1,000원 BANKER | P:2♠ J♦ Q♦=2  B:10♠ 6♦=6  BANKER(W)  | +950원 → 244,650원
H2295 | bet   1,000원 BANKER | P:6♣ 5♠ 2♦=3  B:10♠ Q♠ A♦=1  PLAYER(L)  | -1,000원 → 243,650원  [start]
H2296 | bet   2,000원 PLAYER | P:3♥ 10♣ 5♦=8  B:K♣ 4♠ 3♥=7  PLAYER(W)  | +2,000원 → 245,650원  [end_win]
H2297 | bet   1,000원 BANKER | P:5♣ J♦ 9♦=4  B:9♠ 8♣=7  BANKER(W)  | +950원 → 246,600원
H2298 | bet   1,000원 BANKER | P:K♥ 6♦=6  B:10♦ Q♣ 2♣=2  PLAYER(L)  | -1,000원 → 245,600원  [start]
H2299 | bet   2,000원 PLAYER | P:K♦ 6♠=6  B:J♥ 7♦=7  BANKER(L)  | -2,000원 → 243,600원
H2300 | bet   4,000원 PLAYER | P:7♣ 2♠=9  B:4♦ 6♠=0  PLAYER(W)  | +4,000원 → 247,600원  [end_win]
H2301 | bet   1,000원 BANKER | P:8♠ A♣=9  B:K♣ J♠=0  PLAYER(L)  | -1,000원 → 246,600원  [start]
H2302 | bet   2,000원 PLAYER | P:A♣ 2♥ A♠=4  B:7♠ 8♣=5  BANKER(L)  | -2,000원 → 244,600원
H2303 | bet   4,000원 PLAYER | P:8♠ 9♠=7  B:8♥ 10♠=8  BANKER(L)  | -4,000원 → 240,600원
H2304 | bet   8,000원 PLAYER | P:6♦ 6♥ 6♣=8  B:2♦ 8♥ 5♠=5  PLAYER(W)  | +8,000원 → 248,600원  [end_win]
H2305 | bet   1,000원 BANKER | P:K♦ K♠=0  B:9♦ Q♠=9  BANKER(W)  | +950원 → 249,550원
H2306 | bet   1,000원 BANKER | P:3♠ 2♥ 7♥=2  B:K♦ 6♣ 5♦=1  PLAYER(L)  | -1,000원 → 248,550원  [start]
H2307 | bet   2,000원 PLAYER | P:7♠ 4♥ 2♣=3  B:2♠ 5♥=7  BANKER(L)  | -2,000원 → 246,550원
H2308 | bet   4,000원 PLAYER | P:K♥ 2♦ 2♣=4  B:K♣ 5♣=5  BANKER(L)  | -4,000원 → 242,550원
H2309 | bet   8,000원 PLAYER | P:7♦ 10♠=7  B:4♥ K♣ 9♥=3  PLAYER(W)  | +8,000원 → 250,550원  [end_win]
H2310 | bet   1,000원 BANKER | P:A♥ J♦=1  B:8♦ A♣=9  BANKER(W)  | +950원 → 251,500원
H2311 | bet   1,000원 BANKER | P:5♣ 2♠=7  B:3♥ 6♥=9  BANKER(W)  | +950원 → 252,450원
H2312 | bet   1,000원 BANKER | P:9♦ 9♥=8  B:8♦ 4♦=2  PLAYER(L)  | -1,000원 → 251,450원  [start]
H2313 | bet   2,000원 PLAYER | P:Q♠ 10♥ 3♣=3  B:A♠ 6♣=7  BANKER(L)  | -2,000원 → 249,450원
H2314 | bet   4,000원 PLAYER | P:3♠ 6♦=9  B:J♠ A♦=1  PLAYER(W)  | +4,000원 → 253,450원  [end_win]
H2315 | bet   1,000원 BANKER | P:9♠ J♣=9  B:5♥ 6♦=1  PLAYER(L)  | -1,000원 → 252,450원  [start]
H2316 | bet   2,000원 PLAYER | P:A♠ 10♠=1  B:4♠ 4♣=8  BANKER(L)  | -2,000원 → 250,450원
H2317 | bet   4,000원 PLAYER | P:8♦ Q♥=8  B:3♣ K♣=3  PLAYER(W)  | +4,000원 → 254,450원  [end_win]
H2318 | bet   1,000원 BANKER | P:2♦ Q♠=2  B:K♥ 8♣=8  BANKER(W)  | +950원 → 255,400원
H2319 | bet   1,000원 BANKER | P:J♠ A♠ 10♣=1  B:4♣ 8♦ 3♦=5  BANKER(W)  | +950원 → 256,350원
H2320 | bet   1,000원 BANKER | P:K♣ 4♦ 8♠=2  B:3♣ 4♣=7  BANKER(W)  | +950원 → 257,300원
H2321 | bet   1,000원 BANKER | P:A♣ 8♣=9  B:K♠ 5♠=5  PLAYER(L)  | -1,000원 → 256,300원  [start]
H2322 | bet   2,000원 PLAYER | P:9♣ 6♣ J♣=5  B:J♣ 4♦=4  PLAYER(W)  | +2,000원 → 258,300원  [end_win]
H2323 | bet   1,000원 BANKER | P:10♦ 5♠ 10♣=5  B:6♠ 7♦ 7♣=0  PLAYER(L)  | -1,000원 → 257,300원  [start]
H2324 | bet   2,000원 PLAYER | P:9♣ 3♠ 6♣=8  B:Q♥ J♠ A♠=1  PLAYER(W)  | +2,000원 → 259,300원  [end_win]
H2325 | bet   1,000원 BANKER | P:J♦ K♦=0  B:7♥ A♦=8  BANKER(W)  | +950원 → 260,250원
H2326 | bet   1,000원 BANKER | P:9♣ 10♥=9  B:2♦ 8♥=0  PLAYER(L)  | -1,000원 → 259,250원  [start]
H2327 | bet   2,000원 PLAYER | P:4♦ 10♠ A♥=5  B:J♥ 6♠=6  BANKER(L)  | -2,000원 → 257,250원
H2328 | bet   4,000원 PLAYER | P:10♦ 9♥=9  B:3♠ 6♥=9  TIE(T)  |     0원 → 257,250원
H2329 | bet   4,000원 PLAYER | P:8♥ K♠=8  B:10♥ Q♣=0  PLAYER(W)  | +4,000원 → 261,250원  [end_win]
H2330 | bet   1,000원 BANKER | P:7♦ 4♠=1  B:7♣ 2♠=9  BANKER(W)  | +950원 → 262,200원
H2331 | bet   1,000원 BANKER | P:A♣ 2♦ K♦=3  B:Q♦ Q♦ 8♣=8  BANKER(W)  | +950원 → 263,150원
H2332 | bet   1,000원 BANKER | P:4♠ Q♦ 9♠=3  B:4♥ 3♣=7  BANKER(W)  | +950원 → 264,100원
H2333 | bet   1,000원 BANKER | P:A♣ Q♣ 2♥=3  B:10♠ 2♣ 3♣=5  BANKER(W)  | +950원 → 265,050원
H2334 | bet   1,000원 BANKER | P:8♦ 10♦=8  B:8♠ 7♦=5  PLAYER(L)  | -1,000원 → 264,050원  [start]
H2335 | bet   2,000원 PLAYER | P:2♣ 8♣ 7♠=7  B:9♣ 2♣ 8♥=9  BANKER(L)  | -2,000원 → 262,050원
H2336 | bet   4,000원 PLAYER | P:4♦ 9♣ 10♣=3  B:4♣ Q♦=4  BANKER(L)  | -4,000원 → 258,050원
H2337 | bet   8,000원 PLAYER | P:J♥ 7♥=7  B:7♠ 5♦ J♦=2  PLAYER(W)  | +8,000원 → 266,050원  [end_win]
H2338 | bet   1,000원 BANKER | P:K♥ J♥ 5♣=5  B:2♠ J♣ 2♥=4  PLAYER(L)  | -1,000원 → 265,050원  [start]
H2339 | bet   2,000원 PLAYER | P:9♥ 3♦=2  B:2♠ 6♣=8  BANKER(L)  | -2,000원 → 263,050원
H2340 | bet   4,000원 PLAYER | P:Q♣ 5♦ 5♣=0  B:3♦ 4♥=7  BANKER(L)  | -4,000원 → 259,050원
H2341 | bet   8,000원 PLAYER | P:5♦ J♥ 7♦=2  B:A♣ 3♣ 7♣=1  PLAYER(W)  | +8,000원 → 267,050원  [end_win]
H2342 | bet   1,000원 BANKER | P:A♦ 3♦ 2♠=6  B:7♥ 5♦ Q♦=2  PLAYER(L)  | -1,000원 → 266,050원  [start]
H2343 | bet   2,000원 PLAYER | P:2♥ Q♠ K♠=2  B:6♥ 4♠ 2♣=2  TIE(T)  |     0원 → 266,050원
H2344 | bet   2,000원 PLAYER | P:9♠ 6♣=5  B:5♥ 3♥=8  BANKER(L)  | -2,000원 → 264,050원
H2345 | bet   4,000원 PLAYER | P:8♣ 9♦=7  B:Q♠ 9♠=9  BANKER(L)  | -4,000원 → 260,050원
H2346 | bet   8,000원 PLAYER | P:6♥ A♠=7  B:J♣ A♦ 5♥=6  PLAYER(W)  | +8,000원 → 268,050원  [end_win]
H2347 | bet   1,000원 BANKER | P:10♠ Q♥=0  B:4♥ 4♠=8  BANKER(W)  | +950원 → 269,000원
H2348 | bet   1,000원 BANKER | P:A♦ J♦=1  B:9♦ 9♦=8  BANKER(W)  | +950원 → 269,950원
H2349 | bet   1,000원 BANKER | P:Q♠ K♣ 5♠=5  B:6♠ 7♥ 5♠=8  BANKER(W)  | +950원 → 270,900원
H2350 | bet   1,000원 BANKER | P:Q♠ K♦ 7♣=7  B:A♠ J♣ A♦=2  PLAYER(L)  | -1,000원 → 269,900원  [start]
H2351 | bet   2,000원 PLAYER | P:10♥ J♠ 9♠=9  B:Q♥ A♥ 6♥=7  PLAYER(W)  | +2,000원 → 271,900원  [end_win]
H2352 | bet   1,000원 BANKER | P:3♥ A♠ 4♣=8  B:5♠ J♣ 8♦=3  PLAYER(L)  | -1,000원 → 270,900원  [start]
H2353 | bet   2,000원 PLAYER | P:9♥ 10♣=9  B:K♥ 7♣=7  PLAYER(W)  | +2,000원 → 272,900원  [end_win]
H2354 | bet   1,000원 BANKER | P:Q♣ 8♦=8  B:K♥ 3♥=3  PLAYER(L)  | -1,000원 → 271,900원  [start]
H2355 | bet   2,000원 PLAYER | P:10♠ J♥ 3♦=3  B:8♦ 6♥ 10♣=4  BANKER(L)  | -2,000원 → 269,900원
H2356 | bet   4,000원 PLAYER | P:9♥ 8♥=7  B:Q♣ 4♣ J♥=4  PLAYER(W)  | +4,000원 → 273,900원  [end_win]
H2357 | bet   1,000원 BANKER | P:5♦ 5♦ 10♠=0  B:7♥ 3♦ 9♠=9  BANKER(W)  | +950원 → 274,850원
H2358 | bet   1,000원 BANKER | P:3♥ 4♦=7  B:K♥ 10♦ 7♦=7  TIE(T)  |     0원 → 274,850원
H2359 | bet   1,000원 BANKER | P:10♥ J♥ 3♦=3  B:6♦ 4♠ J♠=0  PLAYER(L)  | -1,000원 → 273,850원  [start]
H2360 | bet   2,000원 PLAYER | P:4♥ 10♦ 6♠=0  B:A♥ 3♠ 2♦=6  BANKER(L)  | -2,000원 → 271,850원
H2361 | bet   4,000원 PLAYER | P:6♦ 10♣=6  B:5♠ 5♥ 5♥=5  PLAYER(W)  | +4,000원 → 275,850원  [end_win]
H2362 | bet   1,000원 BANKER | P:A♥ 2♣=3  B:3♠ 5♠=8  BANKER(W)  | +950원 → 276,800원
H2363 | bet   1,000원 BANKER | P:6♣ K♠=6  B:6♠ J♠=6  TIE(T)  |     0원 → 276,800원
H2364 | bet   1,000원 BANKER | P:8♥ 4♣=2  B:2♥ 7♣=9  BANKER(W)  | +950원 → 277,750원
H2365 | bet   1,000원 BANKER | P:8♠ 5♣ 8♥=1  B:A♦ 10♣ 9♣=0  PLAYER(L)  | -1,000원 → 276,750원  [start]
H2366 | bet   2,000원 PLAYER | P:4♠ A♥=5  B:8♠ K♠=8  BANKER(L)  | -2,000원 → 274,750원
H2367 | bet   4,000원 PLAYER | P:4♥ J♦ 5♥=9  B:A♥ 6♦=7  PLAYER(W)  | +4,000원 → 278,750원  [end_win]
H2368 | bet   1,000원 BANKER | P:Q♦ 4♣ 10♦=4  B:10♥ 4♥=4  TIE(T)  |     0원 → 278,750원
H2369 | bet   1,000원 BANKER | P:4♦ 5♣=9  B:Q♣ 10♦=0  PLAYER(L)  | -1,000원 → 277,750원  [start]
H2370 | bet   2,000원 PLAYER | P:3♥ 2♦ 7♠=2  B:A♥ 9♣ 10♥=0  PLAYER(W)  | +2,000원 → 279,750원  [end_win]
H2371 | bet   1,000원 BANKER | P:5♦ 9♥ 3♣=7  B:7♥ K♣=7  TIE(T)  |     0원 → 279,750원
H2372 | bet   1,000원 BANKER | P:3♥ 8♠ 7♠=8  B:7♠ 3♣ 4♠=4  PLAYER(L)  | -1,000원 → 278,750원  [start]
H2373 | bet   2,000원 PLAYER | P:10♥ 2♥ A♣=3  B:2♥ 8♠ 10♣=0  PLAYER(W)  | +2,000원 → 280,750원  [end_win]
H2374 | bet   1,000원 BANKER | P:J♣ K♥ K♣=0  B:Q♦ 5♣=5  BANKER(W)  | +950원 → 281,700원
H2375 | bet   1,000원 BANKER | P:Q♥ A♦ 2♠=3  B:3♦ 3♠=6  BANKER(W)  | +950원 → 282,650원
H2376 | bet   1,000원 BANKER | P:7♦ Q♣=7  B:9♥ 6♦ Q♠=5  PLAYER(L)  | -1,000원 → 281,650원  [start]
H2377 | bet   2,000원 PLAYER | P:J♦ 6♠=6  B:2♦ 7♠=9  BANKER(L)  | -2,000원 → 279,650원
H2378 | bet   4,000원 PLAYER | P:J♦ 7♥=7  B:3♥ J♠ K♦=3  PLAYER(W)  | +4,000원 → 283,650원  [end_win]
H2379 | bet   1,000원 BANKER | P:Q♦ Q♥=0  B:Q♥ 8♣=8  BANKER(W)  | +950원 → 284,600원
H2380 | bet   1,000원 BANKER | P:A♣ 9♦ A♠=1  B:6♣ K♥=6  BANKER(W)  | +950원 → 285,550원
H2381 | bet   1,000원 BANKER | P:9♦ Q♦=9  B:6♥ 4♦=0  PLAYER(L)  | -1,000원 → 284,550원  [start]
H2382 | bet   2,000원 PLAYER | P:A♣ 10♥ 8♥=9  B:7♣ Q♥=7  PLAYER(W)  | +2,000원 → 286,550원  [end_win]
H2383 | bet   1,000원 BANKER | P:K♥ 7♥=7  B:6♣ J♠=6  PLAYER(L)  | -1,000원 → 285,550원  [start]
H2384 | bet   2,000원 PLAYER | P:Q♠ 5♠ 5♥=0  B:A♦ K♥ 8♣=9  BANKER(L)  | -2,000원 → 283,550원
H2385 | bet   4,000원 PLAYER | P:A♦ 10♦ J♠=1  B:Q♣ J♦ 9♣=9  BANKER(L)  | -4,000원 → 279,550원
H2386 | bet   8,000원 PLAYER | P:5♠ J♣ 9♠=4  B:7♣ 5♣ 2♣=4  TIE(T)  |     0원 → 279,550원
H2387 | bet   8,000원 PLAYER | P:J♥ 3♥ 8♣=1  B:A♦ 3♣=4  BANKER(L)  | -8,000원 → 271,550원
H2388 | bet  16,000원 PLAYER | P:J♣ J♣ 2♠=2  B:9♣ 7♠=6  BANKER(L)  | -16,000원 → 255,550원  [end_giveup]
H2389 | bet   1,000원 BANKER | P:3♣ 5♣=8  B:10♠ 3♠=3  PLAYER(L)  | -1,000원 → 254,550원  [start]
H2390 | bet   2,000원 PLAYER | P:4♣ 6♥ J♠=0  B:10♦ K♣ 6♣=6  BANKER(L)  | -2,000원 → 252,550원
H2391 | bet   4,000원 PLAYER | P:Q♦ 6♥=6  B:Q♦ 7♠=7  BANKER(L)  | -4,000원 → 248,550원
H2392 | bet   8,000원 PLAYER | P:Q♣ Q♥ A♣=1  B:8♠ 3♥ 5♥=6  BANKER(L)  | -8,000원 → 240,550원
H2393 | bet  16,000원 PLAYER | P:A♦ K♦ J♥=1  B:Q♠ 3♥ A♥=4  BANKER(L)  | -16,000원 → 224,550원  [end_giveup]
H2394 | bet   1,000원 BANKER | P:2♥ Q♣ 3♦=5  B:Q♣ J♦ Q♥=0  PLAYER(L)  | -1,000원 → 223,550원  [start]
H2395 | bet   2,000원 PLAYER | P:4♠ 3♥=7  B:4♦ 7♣ A♦=2  PLAYER(W)  | +2,000원 → 225,550원  [end_win]
H2396 | bet   1,000원 BANKER | P:5♣ 5♦ 10♠=0  B:6♦ 6♦ 9♦=1  BANKER(W)  | +950원 → 226,500원
H2397 | bet   1,000원 BANKER | P:K♣ 4♣ J♠=4  B:A♦ 9♠ 8♠=8  BANKER(W)  | +950원 → 227,450원
H2398 | bet   1,000원 BANKER | P:7♦ 9♥=6  B:Q♠ 2♥ 9♠=1  PLAYER(L)  | -1,000원 → 226,450원  [start]
H2399 | bet   2,000원 PLAYER | P:A♠ A♥ 9♦=1  B:K♣ Q♦ 7♥=7  BANKER(L)  | -2,000원 → 224,450원
H2400 | bet   4,000원 PLAYER | P:Q♥ 4♣ 2♦=6  B:5♦ 5♥ 4♥=4  PLAYER(W)  | +4,000원 → 228,450원  [end_win]
H2401 | bet   1,000원 BANKER | P:8♣ J♣=8  B:10♠ J♥=0  PLAYER(L)  | -1,000원 → 227,450원  [start]
H2402 | bet   2,000원 PLAYER | P:2♠ 8♥ 6♠=6  B:10♠ 5♠ 8♥=3  PLAYER(W)  | +2,000원 → 229,450원  [end_win]
H2403 | bet   1,000원 BANKER | P:7♠ 4♥ 9♠=0  B:8♣ 3♠ 5♠=6  BANKER(W)  | +950원 → 230,400원
H2404 | bet   1,000원 BANKER | P:K♠ 9♥=9  B:K♠ 3♠=3  PLAYER(L)  | -1,000원 → 229,400원  [start]
H2405 | bet   2,000원 PLAYER | P:K♣ 10♣ A♣=1  B:K♠ J♦ A♠=1  TIE(T)  |     0원 → 229,400원
H2406 | bet   2,000원 PLAYER | P:6♥ 2♣=8  B:2♣ A♣=3  PLAYER(W)  | +2,000원 → 231,400원  [end_win]
H2407 | bet   1,000원 BANKER | P:A♥ 8♥=9  B:2♣ 9♣=1  PLAYER(L)  | -1,000원 → 230,400원  [start]
H2408 | bet   2,000원 PLAYER | P:3♦ 2♠ K♦=5  B:3♣ Q♦ 2♣=5  TIE(T)  |     0원 → 230,400원
H2409 | bet   2,000원 PLAYER | P:4♦ 2♥=6  B:5♦ 5♦ 2♥=2  PLAYER(W)  | +2,000원 → 232,400원  [end_win]
H2410 | bet   1,000원 BANKER | P:J♦ 10♥=0  B:9♣ 10♦=9  BANKER(W)  | +950원 → 233,350원
H2411 | bet   1,000원 BANKER | P:5♠ 4♠=9  B:2♠ 10♥=2  PLAYER(L)  | -1,000원 → 232,350원  [start]
H2412 | bet   2,000원 PLAYER | P:Q♥ 7♦=7  B:9♣ 6♦ A♠=6  PLAYER(W)  | +2,000원 → 234,350원  [end_win]
H2413 | bet   1,000원 BANKER | P:6♣ 9♣ K♥=5  B:8♦ 7♠=5  TIE(T)  |     0원 → 234,350원
H2414 | bet   1,000원 BANKER | P:A♠ 3♦ A♠=5  B:9♣ 7♥=6  BANKER(W)  | +950원 → 235,300원
H2415 | bet   1,000원 BANKER | P:10♣ 6♥=6  B:K♦ 2♦ 7♦=9  BANKER(W)  | +950원 → 236,250원
H2416 | bet   1,000원 BANKER | P:8♦ J♠=8  B:3♣ 6♠=9  BANKER(W)  | +950원 → 237,200원
H2417 | bet   1,000원 BANKER | P:7♥ 3♥ 8♠=8  B:3♠ K♦=3  PLAYER(L)  | -1,000원 → 236,200원  [start]
H2418 | bet   2,000원 PLAYER | P:9♥ J♥=9  B:9♠ 2♣=1  PLAYER(W)  | +2,000원 → 238,200원  [end_win]
H2419 | bet   1,000원 BANKER | P:2♥ 6♠=8  B:8♣ Q♦=8  TIE(T)  |     0원 → 238,200원
H2420 | bet   1,000원 BANKER | P:6♠ 10♣=6  B:2♦ 5♦=7  BANKER(W)  | +950원 → 239,150원
H2421 | bet   1,000원 BANKER | P:8♣ 6♠=4  B:2♦ 6♥=8  BANKER(W)  | +950원 → 240,100원
H2422 | bet   1,000원 BANKER | P:K♥ 3♠ 7♣=0  B:A♠ 5♥ 8♥=4  BANKER(W)  | +950원 → 241,050원
H2423 | bet   1,000원 BANKER | P:6♥ J♦=6  B:4♣ 8♥ 8♦=0  PLAYER(L)  | -1,000원 → 240,050원  [start]
H2424 | bet   2,000원 PLAYER | P:J♣ 7♥=7  B:8♠ A♣=9  BANKER(L)  | -2,000원 → 238,050원
H2425 | bet   4,000원 PLAYER | P:K♠ 10♠=0  B:9♥ K♠=9  BANKER(L)  | -4,000원 → 234,050원
H2426 | bet   8,000원 PLAYER | P:A♥ 3♥=4  B:4♦ 4♥=8  BANKER(L)  | -8,000원 → 226,050원
H2427 | bet  16,000원 PLAYER | P:7♠ K♥=7  B:Q♣ K♠ 10♥=0  PLAYER(W)  | +16,000원 → 242,050원  [end_win]
H2428 | bet   1,000원 BANKER | P:Q♣ 2♦ 9♦=1  B:3♠ K♠ 8♠=1  TIE(T)  |     0원 → 242,050원
H2429 | bet   1,000원 BANKER | P:7♦ 4♠ 5♣=6  B:8♠ 5♣ 4♥=7  BANKER(W)  | +950원 → 243,000원
H2430 | bet   1,000원 BANKER | P:7♥ 5♣ K♦=2  B:K♦ 4♦=4  BANKER(W)  | +950원 → 243,950원
H2431 | bet   1,000원 BANKER | P:10♦ 7♠=7  B:8♦ 8♦=6  PLAYER(L)  | -1,000원 → 242,950원  [start]
H2432 | bet   2,000원 PLAYER | P:6♦ J♦=6  B:8♥ 2♥ 3♥=3  PLAYER(W)  | +2,000원 → 244,950원  [end_win]
H2433 | bet   1,000원 BANKER | P:10♣ 4♣ J♣=4  B:2♠ 3♣=5  BANKER(W)  | +950원 → 245,900원
H2434 | bet   1,000원 BANKER | P:K♦ 10♦ 6♦=6  B:4♠ 3♦=7  BANKER(W)  | +950원 → 246,850원
H2435 | bet   1,000원 BANKER | P:7♣ 10♣=7  B:9♥ Q♠=9  BANKER(W)  | +950원 → 247,800원
H2436 | bet   1,000원 BANKER | P:7♥ 8♦ 2♥=7  B:10♠ 4♠ 4♣=8  BANKER(W)  | +950원 → 248,750원
H2437 | bet   1,000원 BANKER | P:A♦ 3♣ 10♦=4  B:A♣ 9♥ 4♦=4  TIE(T)  |     0원 → 248,750원
H2438 | bet   1,000원 BANKER | P:8♦ 8♣=6  B:8♥ Q♥=8  BANKER(W)  | +950원 → 249,700원
H2439 | bet   1,000원 BANKER | P:7♣ 9♠=6  B:Q♠ A♥ 2♥=3  PLAYER(L)  | -1,000원 → 248,700원  [start]
H2440 | bet   2,000원 PLAYER | P:J♥ J♠ K♥=0  B:3♥ 4♦=7  BANKER(L)  | -2,000원 → 246,700원
H2441 | bet   4,000원 PLAYER | P:4♦ 6♠ 5♠=5  B:2♦ J♥ A♠=3  PLAYER(W)  | +4,000원 → 250,700원  [end_win]
H2442 | bet   1,000원 BANKER | P:J♠ J♥ 4♠=4  B:8♣ 4♥ K♣=2  PLAYER(L)  | -1,000원 → 249,700원  [start]
H2443 | bet   2,000원 PLAYER | P:K♣ 9♥=9  B:Q♦ 7♥=7  PLAYER(W)  | +2,000원 → 251,700원  [end_win]
H2444 | bet   1,000원 BANKER | P:2♠ A♥ 9♠=2  B:10♠ 2♦ 2♦=4  BANKER(W)  | +950원 → 252,650원
H2445 | bet   1,000원 BANKER | P:5♦ 2♠=7  B:7♣ Q♠=7  TIE(T)  |     0원 → 252,650원
H2446 | bet   1,000원 BANKER | P:5♠ Q♥=5  B:5♥ 3♦=8  BANKER(W)  | +950원 → 253,600원
H2447 | bet   1,000원 BANKER | P:Q♣ 10♥ 5♥=5  B:6♦ 8♠ 8♦=2  PLAYER(L)  | -1,000원 → 252,600원  [start]
H2448 | bet   2,000원 PLAYER | P:Q♣ 9♦=9  B:2♠ 9♠=1  PLAYER(W)  | +2,000원 → 254,600원  [end_win]
H2449 | bet   1,000원 BANKER | P:3♠ J♣ 10♠=3  B:5♦ 6♣ 5♣=6  BANKER(W)  | +950원 → 255,550원
H2450 | bet   1,000원 BANKER | P:5♥ J♥ 9♥=4  B:4♠ 7♦ Q♠=1  PLAYER(L)  | -1,000원 → 254,550원  [start]
H2451 | bet   2,000원 PLAYER | P:6♣ 5♣ 7♦=8  B:3♣ 10♣ 10♦=3  PLAYER(W)  | +2,000원 → 256,550원  [end_win]
H2452 | bet   1,000원 BANKER | P:3♠ A♥ K♣=4  B:4♣ 10♣=4  TIE(T)  |     0원 → 256,550원
H2453 | bet   1,000원 BANKER | P:10♣ K♣=0  B:9♦ 10♥=9  BANKER(W)  | +950원 → 257,500원
H2454 | bet   1,000원 BANKER | P:4♣ 7♠ 4♠=5  B:10♥ 6♦=6  BANKER(W)  | +950원 → 258,450원
H2455 | bet   1,000원 BANKER | P:7♦ 4♥ Q♥=1  B:A♦ Q♠ A♥=2  BANKER(W)  | +950원 → 259,400원
H2456 | bet   1,000원 BANKER | P:J♦ J♦ 7♦=7  B:7♣ 3♦ 3♦=3  PLAYER(L)  | -1,000원 → 258,400원  [start]
H2457 | bet   2,000원 PLAYER | P:8♠ 4♥ K♥=2  B:6♣ 6♦ 3♣=5  BANKER(L)  | -2,000원 → 256,400원
H2458 | bet   4,000원 PLAYER | P:6♣ 6♠ K♠=2  B:10♥ K♦ 6♥=6  BANKER(L)  | -4,000원 → 252,400원
H2459 | bet   8,000원 PLAYER | P:2♣ J♠ 5♠=7  B:5♥ 7♠ 2♣=4  PLAYER(W)  | +8,000원 → 260,400원  [end_win]
H2460 | bet   1,000원 BANKER | P:2♦ 10♠ A♥=3  B:9♥ 2♥ 3♠=4  BANKER(W)  | +950원 → 261,350원
H2461 | bet   1,000원 BANKER | P:8♦ 2♥ 5♣=5  B:A♠ 4♦ 4♥=9  BANKER(W)  | +950원 → 262,300원
H2462 | bet   1,000원 BANKER | P:4♦ 4♦=8  B:3♦ 8♦=1  PLAYER(L)  | -1,000원 → 261,300원  [start]
H2463 | bet   2,000원 PLAYER | P:K♣ 9♠=9  B:7♥ A♣=8  PLAYER(W)  | +2,000원 → 263,300원  [end_win]
H2464 | bet   1,000원 BANKER | P:10♥ 2♠ J♥=2  B:A♠ 5♦=6  BANKER(W)  | +950원 → 264,250원
H2465 | bet   1,000원 BANKER | P:6♠ A♦=7  B:3♦ 2♥ 4♠=9  BANKER(W)  | +950원 → 265,200원
H2466 | bet   1,000원 BANKER | P:5♥ K♦=5  B:5♦ 3♥=8  BANKER(W)  | +950원 → 266,150원
H2467 | bet   1,000원 BANKER | P:8♦ 2♥ 6♣=6  B:5♠ K♠ 8♣=3  PLAYER(L)  | -1,000원 → 265,150원  [start]
H2468 | bet   2,000원 PLAYER | P:7♣ 7♣=4  B:8♣ J♠=8  BANKER(L)  | -2,000원 → 263,150원
H2469 | bet   4,000원 PLAYER | P:10♦ 7♥=7  B:4♣ 7♠ 7♣=8  BANKER(L)  | -4,000원 → 259,150원
H2470 | bet   8,000원 PLAYER | P:A♥ 5♦=6  B:Q♣ 3♦ J♥=3  PLAYER(W)  | +8,000원 → 267,150원  [end_win]
H2471 | bet   1,000원 BANKER | P:9♣ 10♠=9  B:7♥ 7♦=4  PLAYER(L)  | -1,000원 → 266,150원  [start]
H2472 | bet   2,000원 PLAYER | P:9♥ 10♣=9  B:7♦ 2♣=9  TIE(T)  |     0원 → 266,150원
H2473 | bet   2,000원 PLAYER | P:A♥ A♣ 2♣=4  B:4♣ K♠ 10♥=4  TIE(T)  |     0원 → 266,150원
H2474 | bet   2,000원 PLAYER | P:J♦ 10♣ J♠=0  B:J♣ Q♠ 5♣=5  BANKER(L)  | -2,000원 → 264,150원
H2475 | bet   4,000원 PLAYER | P:7♥ Q♣=7  B:4♦ 8♣ 6♥=8  BANKER(L)  | -4,000원 → 260,150원
H2476 | bet   8,000원 PLAYER | P:K♣ 4♥=4  B:9♦ Q♦=9  BANKER(L)  | -8,000원 → 252,150원
H2477 | bet  16,000원 PLAYER | P:4♦ Q♣ 7♠=1  B:Q♦ 3♥ 2♥=5  BANKER(L)  | -16,000원 → 236,150원  [end_giveup]
H2478 | bet   1,000원 BANKER | P:K♠ A♥ K♣=1  B:3♣ A♦=4  BANKER(W)  | +950원 → 237,100원
H2479 | bet   1,000원 BANKER | P:5♥ K♦ A♠=6  B:8♠ 8♥=6  TIE(T)  |     0원 → 237,100원
H2480 | bet   1,000원 BANKER | P:7♥ K♥=7  B:J♣ 3♠ K♠=3  PLAYER(L)  | -1,000원 → 236,100원  [start]
H2481 | bet   2,000원 PLAYER | P:8♦ K♥=8  B:6♥ 10♠=6  PLAYER(W)  | +2,000원 → 238,100원  [end_win]
H2482 | bet   1,000원 BANKER | P:A♠ A♥ 7♠=9  B:5♣ 2♠=7  PLAYER(L)  | -1,000원 → 237,100원  [start]
H2483 | bet   2,000원 PLAYER | P:J♠ K♦ 5♠=5  B:K♥ J♠ 9♣=9  BANKER(L)  | -2,000원 → 235,100원
H2484 | bet   4,000원 PLAYER | P:K♥ 5♣ K♦=5  B:8♠ 4♠ Q♣=2  PLAYER(W)  | +4,000원 → 239,100원  [end_win]
H2485 | bet   1,000원 BANKER | P:6♣ 9♦ 2♣=7  B:3♠ 4♥=7  TIE(T)  |     0원 → 239,100원
H2486 | bet   1,000원 BANKER | P:4♣ 9♦=3  B:2♣ 6♦=8  BANKER(W)  | +950원 → 240,050원
H2487 | bet   1,000원 BANKER | P:10♣ 4♦ 6♥=0  B:J♥ 7♦=7  BANKER(W)  | +950원 → 241,000원
H2488 | bet   1,000원 BANKER | P:A♦ K♣=1  B:K♥ 9♦=9  BANKER(W)  | +950원 → 241,950원
H2489 | bet   1,000원 BANKER | P:2♠ A♥ 10♦=3  B:7♠ J♣=7  BANKER(W)  | +950원 → 242,900원
H2490 | bet   1,000원 BANKER | P:A♠ 8♦=9  B:K♣ 9♥=9  TIE(T)  |     0원 → 242,900원
H2491 | bet   1,000원 BANKER | P:J♥ Q♣ 5♠=5  B:5♥ J♥ 3♥=8  BANKER(W)  | +950원 → 243,850원
H2492 | bet   1,000원 BANKER | P:A♠ A♣ Q♥=2  B:4♥ 3♦=7  BANKER(W)  | +950원 → 244,800원
H2493 | bet   1,000원 BANKER | P:8♥ 7♣ 10♦=5  B:6♣ A♦=7  BANKER(W)  | +950원 → 245,750원
H2494 | bet   1,000원 BANKER | P:Q♠ 2♣ 8♠=0  B:A♥ K♠ 10♠=1  BANKER(W)  | +950원 → 246,700원
H2495 | bet   1,000원 BANKER | P:J♦ 7♦=7  B:5♠ 9♥ 9♣=3  PLAYER(L)  | -1,000원 → 245,700원  [start]
H2496 | bet   2,000원 PLAYER | P:6♣ 9♠ Q♣=5  B:Q♠ A♦ 2♠=3  PLAYER(W)  | +2,000원 → 247,700원  [end_win]
H2497 | bet   1,000원 BANKER | P:J♦ 8♣=8  B:4♠ A♣=5  PLAYER(L)  | -1,000원 → 246,700원  [start]
H2498 | bet   2,000원 PLAYER | P:7♦ 6♠ 10♥=3  B:9♥ 6♣=5  BANKER(L)  | -2,000원 → 244,700원
H2499 | bet   4,000원 PLAYER | P:A♦ J♣=1  B:Q♠ 9♠=9  BANKER(L)  | -4,000원 → 240,700원
H2500 | bet   8,000원 PLAYER | P:5♣ 2♣=7  B:J♥ J♥ 10♦=0  PLAYER(W)  | +8,000원 → 248,700원  [end_win]
H2501 | bet   1,000원 BANKER | P:K♠ 10♦ 10♥=0  B:3♠ 7♦ 3♠=3  BANKER(W)  | +950원 → 249,650원
H2502 | bet   1,000원 BANKER | P:8♥ 5♦ 3♣=6  B:7♣ 6♦ 4♠=7  BANKER(W)  | +950원 → 250,600원
H2503 | bet   1,000원 BANKER | P:6♦ 6♦ J♣=2  B:5♣ Q♥=5  BANKER(W)  | +950원 → 251,550원
H2504 | bet   1,000원 BANKER | P:10♣ Q♥ 6♦=6  B:K♥ J♦ J♠=0  PLAYER(L)  | -1,000원 → 250,550원  [start]
H2505 | bet   2,000원 PLAYER | P:6♥ 3♣=9  B:8♦ K♣=8  PLAYER(W)  | +2,000원 → 252,550원  [end_win]
H2506 | bet   1,000원 BANKER | P:3♣ 4♥=7  B:6♥ 2♦=8  BANKER(W)  | +950원 → 253,500원
H2507 | bet   1,000원 BANKER | P:6♣ 8♠ 6♦=0  B:J♣ 5♥ J♦=5  BANKER(W)  | +950원 → 254,450원
H2508 | bet   1,000원 BANKER | P:2♦ A♠ 3♦=6  B:4♣ 2♠=6  TIE(T)  |     0원 → 254,450원
H2509 | bet   1,000원 BANKER | P:9♣ J♦=9  B:Q♠ J♦=0  PLAYER(L)  | -1,000원 → 253,450원  [start]
H2510 | bet   2,000원 PLAYER | P:6♠ 4♣ 8♣=8  B:3♠ 7♦ 10♥=0  PLAYER(W)  | +2,000원 → 255,450원  [end_win]
H2511 | bet   1,000원 BANKER | P:6♠ K♦=6  B:J♠ A♦ J♠=1  PLAYER(L)  | -1,000원 → 254,450원  [start]
H2512 | bet   2,000원 PLAYER | P:2♥ A♣ J♣=3  B:Q♠ 2♥ 8♥=0  PLAYER(W)  | +2,000원 → 256,450원  [end_win]
H2513 | bet   1,000원 BANKER | P:Q♥ 4♥ 5♦=9  B:2♣ 9♦ 5♠=6  PLAYER(L)  | -1,000원 → 255,450원  [start]
H2514 | bet   2,000원 PLAYER | P:2♠ Q♠ 5♠=7  B:A♦ 5♠=6  PLAYER(W)  | +2,000원 → 257,450원  [end_win]
H2515 | bet   1,000원 BANKER | P:3♠ 9♣ A♣=3  B:5♣ 7♥ 3♦=5  BANKER(W)  | +950원 → 258,400원
H2516 | bet   1,000원 BANKER | P:8♠ 10♠=8  B:2♦ 2♥=4  PLAYER(L)  | -1,000원 → 257,400원  [start]
H2517 | bet   2,000원 PLAYER | P:5♦ 3♥=8  B:3♥ 10♣=3  PLAYER(W)  | +2,000원 → 259,400원  [end_win]
H2518 | bet   1,000원 BANKER | P:9♦ J♦=9  B:4♠ 10♣=4  PLAYER(L)  | -1,000원 → 258,400원  [start]
H2519 | bet   2,000원 PLAYER | P:7♥ 10♠=7  B:8♣ 8♠=6  PLAYER(W)  | +2,000원 → 260,400원  [end_win]
H2520 | bet   1,000원 BANKER | P:9♥ 5♥ 10♣=4  B:9♥ 4♣ 10♦=3  PLAYER(L)  | -1,000원 → 259,400원  [start]
H2521 | bet   2,000원 PLAYER | P:K♣ Q♦ 10♥=0  B:4♦ 9♣ K♥=3  BANKER(L)  | -2,000원 → 257,400원
H2522 | bet   4,000원 PLAYER | P:4♥ Q♦ Q♦=4  B:Q♦ 6♥=6  BANKER(L)  | -4,000원 → 253,400원
H2523 | bet   8,000원 PLAYER | P:2♦ 5♦=7  B:3♦ 6♦=9  BANKER(L)  | -8,000원 → 245,400원
H2524 | bet  16,000원 PLAYER | P:7♠ 4♣=1  B:J♠ 8♥=8  BANKER(L)  | -16,000원 → 229,400원  [end_giveup]
H2525 | bet   1,000원 BANKER | P:6♠ 8♦ 8♥=2  B:6♠ 10♦=6  BANKER(W)  | +950원 → 230,350원
H2526 | bet   1,000원 BANKER | P:3♣ 7♦=0  B:8♦ A♣=9  BANKER(W)  | +950원 → 231,300원
H2527 | bet   1,000원 BANKER | P:Q♠ 9♠=9  B:Q♣ 10♥=0  PLAYER(L)  | -1,000원 → 230,300원  [start]
H2528 | bet   2,000원 PLAYER | P:9♦ 2♣ 4♠=5  B:9♣ 6♦ 6♥=1  PLAYER(W)  | +2,000원 → 232,300원  [end_win]
H2529 | bet   1,000원 BANKER | P:10♦ Q♦=0  B:2♠ 6♥=8  BANKER(W)  | +950원 → 233,250원
H2530 | bet   1,000원 BANKER | P:K♦ A♣ A♠=2  B:3♥ J♥ Q♥=3  BANKER(W)  | +950원 → 234,200원
H2531 | bet   1,000원 BANKER | P:6♣ 7♠ 3♣=6  B:8♣ 5♥ 4♦=7  BANKER(W)  | +950원 → 235,150원
H2532 | bet   1,000원 BANKER | P:5♦ 6♠ 2♠=3  B:9♥ 7♥=6  BANKER(W)  | +950원 → 236,100원
H2533 | bet   1,000원 BANKER | P:9♠ 3♦=2  B:Q♣ 8♠=8  BANKER(W)  | +950원 → 237,050원
H2534 | bet   1,000원 BANKER | P:K♣ 5♥ 5♠=0  B:A♥ 10♠ 9♠=0  TIE(T)  |     0원 → 237,050원
H2535 | bet   1,000원 BANKER | P:6♠ 2♦=8  B:5♣ 7♠=2  PLAYER(L)  | -1,000원 → 236,050원  [start]
H2536 | bet   2,000원 PLAYER | P:4♣ Q♥ 5♥=9  B:7♣ 3♣ 3♣=3  PLAYER(W)  | +2,000원 → 238,050원  [end_win]
H2537 | bet   1,000원 BANKER | P:10♠ 4♠ 2♦=6  B:8♠ 8♥=6  TIE(T)  |     0원 → 238,050원
H2538 | bet   1,000원 BANKER | P:J♣ 2♦=2  B:K♦ 9♠=9  BANKER(W)  | +950원 → 239,000원
H2539 | bet   1,000원 BANKER | P:9♠ 8♥=7  B:K♦ 7♣=7  TIE(T)  |     0원 → 239,000원
H2540 | bet   1,000원 BANKER | P:10♥ 4♥ 7♠=1  B:10♣ 3♥ K♥=3  BANKER(W)  | +950원 → 239,950원
H2541 | bet   1,000원 BANKER | P:7♥ Q♣=7  B:J♠ 7♠=7  TIE(T)  |     0원 → 239,950원
H2542 | bet   1,000원 BANKER | P:5♠ 4♣=9  B:10♠ J♠=0  PLAYER(L)  | -1,000원 → 238,950원  [start]
H2543 | bet   2,000원 PLAYER | P:9♠ 8♠=7  B:7♦ Q♣=7  TIE(T)  |     0원 → 238,950원
H2544 | bet   2,000원 PLAYER | P:9♦ 10♥=9  B:A♠ 9♦=0  PLAYER(W)  | +2,000원 → 240,950원  [end_win]
H2545 | bet   1,000원 BANKER | P:3♣ 2♠ 6♣=1  B:K♣ 7♠=7  BANKER(W)  | +950원 → 241,900원
H2546 | bet   1,000원 BANKER | P:6♠ 8♦ 6♠=0  B:4♣ 3♦=7  BANKER(W)  | +950원 → 242,850원
H2547 | bet   1,000원 BANKER | P:K♥ 3♣ A♦=4  B:A♣ A♠ Q♥=2  PLAYER(L)  | -1,000원 → 241,850원  [start]
H2548 | bet   2,000원 PLAYER | P:9♦ 4♠ 2♠=5  B:4♠ K♣ 8♦=2  PLAYER(W)  | +2,000원 → 243,850원  [end_win]
H2549 | bet   1,000원 BANKER | P:Q♥ 10♦ A♣=1  B:K♦ 2♠ 4♠=6  BANKER(W)  | +950원 → 244,800원
H2550 | bet   1,000원 BANKER | P:5♠ A♥=6  B:3♦ 3♦=6  TIE(T)  |     0원 → 244,800원
H2551 | bet   1,000원 BANKER | P:5♥ 7♦ J♦=2  B:J♥ 2♦ 10♣=2  TIE(T)  |     0원 → 244,800원
H2552 | bet   1,000원 BANKER | P:7♠ A♥=8  B:10♣ 5♥=5  PLAYER(L)  | -1,000원 → 243,800원  [start]
H2553 | bet   2,000원 PLAYER | P:8♥ 7♠ K♦=5  B:6♦ 10♣=6  BANKER(L)  | -2,000원 → 241,800원
H2554 | bet   4,000원 PLAYER | P:9♥ K♠=9  B:A♦ A♣=2  PLAYER(W)  | +4,000원 → 245,800원  [end_win]
H2555 | bet   1,000원 BANKER | P:4♦ 6♥ 3♣=3  B:Q♥ K♣ J♠=0  PLAYER(L)  | -1,000원 → 244,800원  [start]
H2556 | bet   2,000원 PLAYER | P:5♣ 3♣=8  B:3♥ 6♦=9  BANKER(L)  | -2,000원 → 242,800원
H2557 | bet   4,000원 PLAYER | P:J♣ 4♦ 5♣=9  B:8♣ 9♥=7  PLAYER(W)  | +4,000원 → 246,800원  [end_win]
H2558 | bet   1,000원 BANKER | P:A♦ K♥=1  B:Q♠ 8♠=8  BANKER(W)  | +950원 → 247,750원
H2559 | bet   1,000원 BANKER | P:7♦ 5♣ Q♠=2  B:7♣ 10♥=7  BANKER(W)  | +950원 → 248,700원
H2560 | bet   1,000원 BANKER | P:7♣ K♥=7  B:10♦ 4♦ 7♠=1  PLAYER(L)  | -1,000원 → 247,700원  [start]
H2561 | bet   2,000원 PLAYER | P:8♥ 6♠ 10♣=4  B:5♥ Q♠=5  BANKER(L)  | -2,000원 → 245,700원
H2562 | bet   4,000원 PLAYER | P:K♣ 2♠ A♠=3  B:3♥ Q♦ Q♥=3  TIE(T)  |     0원 → 245,700원
H2563 | bet   4,000원 PLAYER | P:7♥ 8♥ J♣=5  B:J♥ 2♠ 3♠=5  TIE(T)  |     0원 → 245,700원
H2564 | bet   4,000원 PLAYER | P:9♥ 5♠ 10♥=4  B:4♣ A♥=5  BANKER(L)  | -4,000원 → 241,700원
H2565 | bet   8,000원 PLAYER | P:10♦ K♠ J♦=0  B:K♣ Q♣ J♥=0  TIE(T)  |     0원 → 241,700원
H2566 | bet   8,000원 PLAYER | P:7♥ 2♦=9  B:5♦ 3♣=8  PLAYER(W)  | +8,000원 → 249,700원  [end_win]
H2567 | bet   1,000원 BANKER | P:3♠ Q♣=3  B:6♣ 3♠=9  BANKER(W)  | +950원 → 250,650원
H2568 | bet   1,000원 BANKER | P:5♠ J♥ 4♦=9  B:10♠ K♣ 9♣=9  TIE(T)  |     0원 → 250,650원
H2569 | bet   1,000원 BANKER | P:7♦ 8♣ 8♠=3  B:K♠ 5♠=5  BANKER(W)  | +950원 → 251,600원
H2570 | bet   1,000원 BANKER | P:4♥ 4♣=8  B:J♠ 7♣=7  PLAYER(L)  | -1,000원 → 250,600원  [start]
H2571 | bet   2,000원 PLAYER | P:J♠ 9♦=9  B:7♥ 3♠=0  PLAYER(W)  | +2,000원 → 252,600원  [end_win]
H2572 | bet   1,000원 BANKER | P:Q♣ 2♠ J♦=2  B:7♦ 3♠ 7♣=7  BANKER(W)  | +950원 → 253,550원
H2573 | bet   1,000원 BANKER | P:9♥ 2♣ 4♣=5  B:5♣ 9♠ 4♥=8  BANKER(W)  | +950원 → 254,500원
H2574 | bet   1,000원 BANKER | P:3♠ 2♣=5  B:9♣ J♣=9  BANKER(W)  | +950원 → 255,450원
H2575 | bet   1,000원 BANKER | P:5♥ 2♥=7  B:10♠ A♣ 3♥=4  PLAYER(L)  | -1,000원 → 254,450원  [start]
H2576 | bet   2,000원 PLAYER | P:10♦ 9♠=9  B:10♣ K♣=0  PLAYER(W)  | +2,000원 → 256,450원  [end_win]
H2577 | bet   1,000원 BANKER | P:K♦ 4♦ 5♦=9  B:3♥ J♥ 10♣=3  PLAYER(L)  | -1,000원 → 255,450원  [start]
H2578 | bet   2,000원 PLAYER | P:4♥ 10♥ A♥=5  B:5♥ 7♥ K♥=2  PLAYER(W)  | +2,000원 → 257,450원  [end_win]
H2579 | bet   1,000원 BANKER | P:5♦ K♦ 9♠=4  B:9♦ 2♦ Q♥=1  PLAYER(L)  | -1,000원 → 256,450원  [start]
H2580 | bet   2,000원 PLAYER | P:4♥ 8♦ 2♥=4  B:10♦ 10♣ 6♣=6  BANKER(L)  | -2,000원 → 254,450원
H2581 | bet   4,000원 PLAYER | P:J♦ A♦ K♣=1  B:Q♦ 6♠=6  BANKER(L)  | -4,000원 → 250,450원
H2582 | bet   8,000원 PLAYER | P:A♠ K♠=1  B:8♠ A♥=9  BANKER(L)  | -8,000원 → 242,450원
H2583 | bet  16,000원 PLAYER | P:6♣ J♠=6  B:J♣ 10♠ Q♠=0  PLAYER(W)  | +16,000원 → 258,450원  [end_win]
H2584 | bet   1,000원 BANKER | P:9♦ 7♠=6  B:4♥ 5♦=9  BANKER(W)  | +950원 → 259,400원
H2585 | bet   1,000원 BANKER | P:4♠ Q♦ 3♣=7  B:J♥ 10♦ J♥=0  PLAYER(L)  | -1,000원 → 258,400원  [start]
H2586 | bet   2,000원 PLAYER | P:K♦ A♦=1  B:5♦ 4♠=9  BANKER(L)  | -2,000원 → 256,400원
H2587 | bet   4,000원 PLAYER | P:7♠ 2♥=9  B:8♠ 5♠=3  PLAYER(W)  | +4,000원 → 260,400원  [end_win]
H2588 | bet   1,000원 BANKER | P:6♣ 3♥=9  B:3♦ 6♥=9  TIE(T)  |     0원 → 260,400원
H2589 | bet   1,000원 BANKER | P:4♠ 8♣ 2♦=4  B:4♣ Q♦ 7♣=1  PLAYER(L)  | -1,000원 → 259,400원  [start]
H2590 | bet   2,000원 PLAYER | P:J♠ 6♦=6  B:4♥ 6♦ 9♣=9  BANKER(L)  | -2,000원 → 257,400원
H2591 | bet   4,000원 PLAYER | P:3♣ 2♥ J♦=5  B:10♥ 6♠=6  BANKER(L)  | -4,000원 → 253,400원
H2592 | bet   8,000원 PLAYER | P:5♣ J♣=5  B:6♥ 2♥=8  BANKER(L)  | -8,000원 → 245,400원
H2593 | bet  16,000원 PLAYER | P:2♦ 3♥ K♠=5  B:6♥ 8♦=4  PLAYER(W)  | +16,000원 → 261,400원  [end_win]
H2594 | bet   1,000원 BANKER | P:5♠ 5♣ Q♦=0  B:2♦ A♠ 10♣=3  BANKER(W)  | +950원 → 262,350원
H2595 | bet   1,000원 BANKER | P:6♦ 9♥ 9♠=4  B:8♦ 9♣=7  BANKER(W)  | +950원 → 263,300원
H2596 | bet   1,000원 BANKER | P:5♣ A♥=6  B:2♣ 7♣=9  BANKER(W)  | +950원 → 264,250원
H2597 | bet   1,000원 BANKER | P:9♥ Q♦=9  B:3♦ 9♦=2  PLAYER(L)  | -1,000원 → 263,250원  [start]
H2598 | bet   2,000원 PLAYER | P:K♠ 8♣=8  B:3♥ K♦=3  PLAYER(W)  | +2,000원 → 265,250원  [end_win]
H2599 | bet   1,000원 BANKER | P:2♣ Q♦=2  B:Q♣ 8♦=8  BANKER(W)  | +950원 → 266,200원
H2600 | bet   1,000원 BANKER | P:2♠ 3♦ 6♣=1  B:8♣ 2♥ 8♣=8  BANKER(W)  | +950원 → 267,150원
H2601 | bet   1,000원 BANKER | P:9♣ 8♦=7  B:2♣ A♥ A♠=4  PLAYER(L)  | -1,000원 → 266,150원  [start]
H2602 | bet   2,000원 PLAYER | P:J♦ 3♦ 5♥=8  B:J♥ K♠ A♣=1  PLAYER(W)  | +2,000원 → 268,150원  [end_win]
H2603 | bet   1,000원 BANKER | P:6♥ 4♣ A♠=1  B:7♥ K♦=7  BANKER(W)  | +950원 → 269,100원
H2604 | bet   1,000원 BANKER | P:J♣ 5♠ 10♥=5  B:A♥ 10♠ 10♠=1  PLAYER(L)  | -1,000원 → 268,100원  [start]
H2605 | bet   2,000원 PLAYER | P:6♣ Q♠=6  B:6♦ Q♠=6  TIE(T)  |     0원 → 268,100원
H2606 | bet   2,000원 PLAYER | P:10♥ 3♠ 10♠=3  B:A♦ 2♦ J♣=3  TIE(T)  |     0원 → 268,100원
H2607 | bet   2,000원 PLAYER | P:2♥ Q♣ 8♣=0  B:6♣ 7♠=3  BANKER(L)  | -2,000원 → 266,100원
H2608 | bet   4,000원 PLAYER | P:7♦ 5♥ 6♦=8  B:2♦ 3♦ K♥=5  PLAYER(W)  | +4,000원 → 270,100원  [end_win]
H2609 | bet   1,000원 BANKER | P:4♦ 9♠ 7♦=0  B:K♥ Q♠ A♣=1  BANKER(W)  | +950원 → 271,050원
H2610 | bet   1,000원 BANKER | P:A♦ 6♥=7  B:Q♠ 2♥ A♣=3  PLAYER(L)  | -1,000원 → 270,050원  [start]
H2611 | bet   2,000원 PLAYER | P:10♠ 8♥=8  B:5♦ 9♣=4  PLAYER(W)  | +2,000원 → 272,050원  [end_win]
H2612 | bet   1,000원 BANKER | P:10♥ 8♥=8  B:A♦ 5♥=6  PLAYER(L)  | -1,000원 → 271,050원  [start]
H2613 | bet   2,000원 PLAYER | P:2♣ A♣ 8♠=1  B:7♣ 4♦ 9♦=0  PLAYER(W)  | +2,000원 → 273,050원  [end_win]
H2614 | bet   1,000원 BANKER | P:4♥ 9♥ 9♠=2  B:7♥ 10♦=7  BANKER(W)  | +950원 → 274,000원
H2615 | bet   1,000원 BANKER | P:Q♥ 4♣ 7♥=1  B:Q♣ Q♥ 9♥=9  BANKER(W)  | +950원 → 274,950원
H2616 | bet   1,000원 BANKER | P:5♦ 4♠=9  B:6♥ 2♣=8  PLAYER(L)  | -1,000원 → 273,950원  [start]
H2617 | bet   2,000원 PLAYER | P:7♦ 5♣ 4♥=6  B:5♦ 8♣ K♥=3  PLAYER(W)  | +2,000원 → 275,950원  [end_win]
H2618 | bet   1,000원 BANKER | P:9♣ 6♥=5  B:J♦ 8♥=8  BANKER(W)  | +950원 → 276,900원
H2619 | bet   1,000원 BANKER | P:7♣ J♣=7  B:J♠ 3♣ 8♠=1  PLAYER(L)  | -1,000원 → 275,900원  [start]
H2620 | bet   2,000원 PLAYER | P:4♦ Q♦ 6♠=0  B:2♣ 10♦ A♠=3  BANKER(L)  | -2,000원 → 273,900원
H2621 | bet   4,000원 PLAYER | P:6♠ 9♠ 6♠=1  B:3♠ 8♠ Q♥=1  TIE(T)  |     0원 → 273,900원
H2622 | bet   4,000원 PLAYER | P:8♥ 2♣=0  B:K♠ 9♥=9  BANKER(L)  | -4,000원 → 269,900원
H2623 | bet   8,000원 PLAYER | P:J♣ A♣ 4♦=5  B:8♥ 8♦=6  BANKER(L)  | -8,000원 → 261,900원
H2624 | bet  16,000원 PLAYER | P:7♥ 9♣=6  B:7♥ 10♦=7  BANKER(L)  | -16,000원 → 245,900원  [end_giveup]
H2625 | bet   1,000원 BANKER | P:6♠ 2♥=8  B:7♦ Q♣=7  PLAYER(L)  | -1,000원 → 244,900원  [start]
H2626 | bet   2,000원 PLAYER | P:K♣ 3♣ A♠=4  B:Q♣ 4♣=4  TIE(T)  |     0원 → 244,900원
H2627 | bet   2,000원 PLAYER | P:5♦ A♠=6  B:9♥ 5♣ 8♠=2  PLAYER(W)  | +2,000원 → 246,900원  [end_win]
H2628 | bet   1,000원 BANKER | P:3♠ J♦ 6♠=9  B:6♥ J♥ 7♣=3  PLAYER(L)  | -1,000원 → 245,900원  [start]
H2629 | bet   2,000원 PLAYER | P:2♥ 7♠=9  B:K♥ Q♥=0  PLAYER(W)  | +2,000원 → 247,900원  [end_win]
H2630 | bet   1,000원 BANKER | P:A♦ 4♣ 8♦=3  B:Q♠ Q♦ 10♥=0  PLAYER(L)  | -1,000원 → 246,900원  [start]
H2631 | bet   2,000원 PLAYER | P:10♦ 2♠ 3♣=5  B:10♦ 6♣=6  BANKER(L)  | -2,000원 → 244,900원
H2632 | bet   4,000원 PLAYER | P:9♠ 4♦ A♥=4  B:Q♠ 3♣ K♦=3  PLAYER(W)  | +4,000원 → 248,900원  [end_win]
H2633 | bet   1,000원 BANKER | P:J♣ 6♣=6  B:8♥ Q♥=8  BANKER(W)  | +950원 → 249,850원
H2634 | bet   1,000원 BANKER | P:A♦ Q♥ 7♣=8  B:2♥ 2♠ 6♦=0  PLAYER(L)  | -1,000원 → 248,850원  [start]
H2635 | bet   2,000원 PLAYER | P:Q♠ 7♦=7  B:7♣ 9♦=6  PLAYER(W)  | +2,000원 → 250,850원  [end_win]
H2636 | bet   1,000원 BANKER | P:9♣ K♠=9  B:9♣ J♥=9  TIE(T)  |     0원 → 250,850원
H2637 | bet   1,000원 BANKER | P:4♠ 5♠=9  B:2♣ 5♥=7  PLAYER(L)  | -1,000원 → 249,850원  [start]
H2638 | bet   2,000원 PLAYER | P:8♣ 4♦ 8♠=0  B:8♦ 8♠=6  BANKER(L)  | -2,000원 → 247,850원
H2639 | bet   4,000원 PLAYER | P:2♦ 6♥=8  B:5♠ 10♠=5  PLAYER(W)  | +4,000원 → 251,850원  [end_win]
H2640 | bet   1,000원 BANKER | P:7♣ A♥=8  B:10♠ 3♠=3  PLAYER(L)  | -1,000원 → 250,850원  [start]
H2641 | bet   2,000원 PLAYER | P:6♥ 9♠ K♣=5  B:3♥ Q♣ J♣=3  PLAYER(W)  | +2,000원 → 252,850원  [end_win]
H2642 | bet   1,000원 BANKER | P:A♠ A♣ 10♣=2  B:A♥ 10♠ 10♦=1  PLAYER(L)  | -1,000원 → 251,850원  [start]
H2643 | bet   2,000원 PLAYER | P:7♣ A♠=8  B:6♦ 3♣=9  BANKER(L)  | -2,000원 → 249,850원
H2644 | bet   4,000원 PLAYER | P:2♣ 8♦ 3♠=3  B:Q♦ K♣ K♠=0  PLAYER(W)  | +4,000원 → 253,850원  [end_win]
H2645 | bet   1,000원 BANKER | P:6♥ Q♠=6  B:9♥ 3♦ 3♦=5  PLAYER(L)  | -1,000원 → 252,850원  [start]
H2646 | bet   2,000원 PLAYER | P:7♣ K♥=7  B:5♣ 4♥=9  BANKER(L)  | -2,000원 → 250,850원
H2647 | bet   4,000원 PLAYER | P:8♥ 9♥=7  B:2♥ 4♥=6  PLAYER(W)  | +4,000원 → 254,850원  [end_win]
H2648 | bet   1,000원 BANKER | P:K♥ 10♥ 5♦=5  B:K♥ 6♠=6  BANKER(W)  | +950원 → 255,800원
H2649 | bet   1,000원 BANKER | P:5♠ 8♠ Q♣=3  B:A♣ A♦ A♥=3  TIE(T)  |     0원 → 255,800원
H2650 | bet   1,000원 BANKER | P:A♣ 8♦=9  B:7♠ 7♠=4  PLAYER(L)  | -1,000원 → 254,800원  [start]
H2651 | bet   2,000원 PLAYER | P:4♠ Q♦ J♣=4  B:Q♥ 3♠ Q♣=3  PLAYER(W)  | +2,000원 → 256,800원  [end_win]
H2652 | bet   1,000원 BANKER | P:J♠ 5♣ J♣=5  B:J♦ 4♦=4  PLAYER(L)  | -1,000원 → 255,800원  [start]
H2653 | bet   2,000원 PLAYER | P:8♥ 2♥=0  B:A♥ 8♣=9  BANKER(L)  | -2,000원 → 253,800원
H2654 | bet   4,000원 PLAYER | P:J♣ 6♣=6  B:3♦ 3♥=6  TIE(T)  |     0원 → 253,800원
H2655 | bet   4,000원 PLAYER | P:K♣ 3♣ 2♣=5  B:3♦ 9♥ J♦=2  PLAYER(W)  | +4,000원 → 257,800원  [end_win]
H2656 | bet   1,000원 BANKER | P:J♣ 5♣ 6♦=1  B:3♥ 8♠ 4♥=5  BANKER(W)  | +950원 → 258,750원
H2657 | bet   1,000원 BANKER | P:2♦ 5♥=7  B:A♣ 3♣ 3♣=7  TIE(T)  |     0원 → 258,750원
H2658 | bet   1,000원 BANKER | P:9♦ J♥=9  B:K♦ 3♦=3  PLAYER(L)  | -1,000원 → 257,750원  [start]
H2659 | bet   2,000원 PLAYER | P:5♠ 5♠ 8♥=8  B:K♥ 7♣=7  PLAYER(W)  | +2,000원 → 259,750원  [end_win]
H2660 | bet   1,000원 BANKER | P:A♥ 2♠ 3♦=6  B:5♠ J♦=5  PLAYER(L)  | -1,000원 → 258,750원  [start]
H2661 | bet   2,000원 PLAYER | P:J♠ 9♣=9  B:A♣ 6♥=7  PLAYER(W)  | +2,000원 → 260,750원  [end_win]
H2662 | bet   1,000원 BANKER | P:5♥ 5♦ 10♦=0  B:6♥ 7♦ K♣=3  BANKER(W)  | +950원 → 261,700원
H2663 | bet   1,000원 BANKER | P:Q♠ 5♠ Q♦=5  B:8♦ 7♦=5  TIE(T)  |     0원 → 261,700원
H2664 | bet   1,000원 BANKER | P:5♠ 9♠ J♠=4  B:2♣ 8♠ Q♥=0  PLAYER(L)  | -1,000원 → 260,700원  [start]
H2665 | bet   2,000원 PLAYER | P:10♣ 6♣=6  B:10♣ Q♦ 4♣=4  PLAYER(W)  | +2,000원 → 262,700원  [end_win]
H2666 | bet   1,000원 BANKER | P:3♥ 9♦ 2♥=4  B:4♠ 7♥ A♦=2  PLAYER(L)  | -1,000원 → 261,700원  [start]
H2667 | bet   2,000원 PLAYER | P:2♦ 3♥=5  B:9♦ J♥=9  BANKER(L)  | -2,000원 → 259,700원
H2668 | bet   4,000원 PLAYER | P:K♦ 6♠=6  B:7♥ 8♣ A♠=6  TIE(T)  |     0원 → 259,700원
H2669 | bet   4,000원 PLAYER | P:A♣ 10♥ 4♠=5  B:10♠ 7♠=7  BANKER(L)  | -4,000원 → 255,700원
H2670 | bet   8,000원 PLAYER | P:J♦ 4♣ J♠=4  B:2♣ K♠ 7♠=9  BANKER(L)  | -8,000원 → 247,700원
H2671 | bet  16,000원 PLAYER | P:5♣ J♠ 9♥=4  B:Q♥ 2♠ 3♠=5  BANKER(L)  | -16,000원 → 231,700원  [end_giveup]
H2672 | bet   1,000원 BANKER | P:4♠ 6♠ 3♦=3  B:K♦ 2♠ 6♣=8  BANKER(W)  | +950원 → 232,650원
H2673 | bet   1,000원 BANKER | P:8♣ 5♦ A♦=4  B:J♠ Q♦ K♦=0  PLAYER(L)  | -1,000원 → 231,650원  [start]
H2674 | bet   2,000원 PLAYER | P:Q♥ J♦=0  B:7♦ 2♠=9  BANKER(L)  | -2,000원 → 229,650원
H2675 | bet   4,000원 PLAYER | P:10♥ 8♦=8  B:J♠ 2♦=2  PLAYER(W)  | +4,000원 → 233,650원  [end_win]
H2676 | bet   1,000원 BANKER | P:4♦ 4♥=8  B:6♥ 7♦=3  PLAYER(L)  | -1,000원 → 232,650원  [start]
H2677 | bet   2,000원 PLAYER | P:4♣ 4♥=8  B:8♣ 4♦=2  PLAYER(W)  | +2,000원 → 234,650원  [end_win]
H2678 | bet   1,000원 BANKER | P:9♦ 9♣=8  B:7♥ 5♦=2  PLAYER(L)  | -1,000원 → 233,650원  [start]
H2679 | bet   2,000원 PLAYER | P:A♣ 10♦ 5♥=6  B:6♦ 7♦ Q♠=3  PLAYER(W)  | +2,000원 → 235,650원  [end_win]
H2680 | bet   1,000원 BANKER | P:10♥ 10♣ 9♣=9  B:10♠ J♥ 10♠=0  PLAYER(L)  | -1,000원 → 234,650원  [start]
H2681 | bet   2,000원 PLAYER | P:Q♠ 3♠ 2♣=5  B:10♦ K♠ J♣=0  PLAYER(W)  | +2,000원 → 236,650원  [end_win]
H2682 | bet   1,000원 BANKER | P:6♠ 4♦ K♦=0  B:K♥ 3♥ 4♠=7  BANKER(W)  | +950원 → 237,600원
H2683 | bet   1,000원 BANKER | P:5♦ 8♠=3  B:8♦ 10♥=8  BANKER(W)  | +950원 → 238,550원
H2684 | bet   1,000원 BANKER | P:2♣ 10♦=2  B:K♠ 8♠=8  BANKER(W)  | +950원 → 239,500원
H2685 | bet   1,000원 BANKER | P:Q♠ 9♦=9  B:2♦ 7♠=9  TIE(T)  |     0원 → 239,500원
H2686 | bet   1,000원 BANKER | P:7♣ 8♣=5  B:4♣ 5♣=9  BANKER(W)  | +950원 → 240,450원
H2687 | bet   1,000원 BANKER | P:K♠ 10♥ K♠=0  B:9♠ 5♣=4  BANKER(W)  | +950원 → 241,400원
H2688 | bet   1,000원 BANKER | P:3♥ 3♠=6  B:5♥ 4♣=9  BANKER(W)  | +950원 → 242,350원
H2689 | bet   1,000원 BANKER | P:7♦ A♦=8  B:9♠ 5♥=4  PLAYER(L)  | -1,000원 → 241,350원  [start]
H2690 | bet   2,000원 PLAYER | P:8♥ 8♣=6  B:K♥ 4♥ 10♠=4  PLAYER(W)  | +2,000원 → 243,350원  [end_win]
H2691 | bet   1,000원 BANKER | P:9♠ 6♣ A♦=6  B:3♠ 7♠ 9♣=9  BANKER(W)  | +950원 → 244,300원
H2692 | bet   1,000원 BANKER | P:K♣ 2♠ K♣=2  B:J♥ Q♦ 6♣=6  BANKER(W)  | +950원 → 245,250원
H2693 | bet   1,000원 BANKER | P:6♦ A♥=7  B:4♥ K♦ 10♥=4  PLAYER(L)  | -1,000원 → 244,250원  [start]
H2694 | bet   2,000원 PLAYER | P:2♥ 9♠ Q♣=1  B:9♠ 8♥=7  BANKER(L)  | -2,000원 → 242,250원
H2695 | bet   4,000원 PLAYER | P:2♦ J♥ A♠=3  B:9♦ 6♠=5  BANKER(L)  | -4,000원 → 238,250원
H2696 | bet   8,000원 PLAYER | P:2♥ 6♠=8  B:A♦ 6♦=7  PLAYER(W)  | +8,000원 → 246,250원  [end_win]
H2697 | bet   1,000원 BANKER | P:7♠ J♥=7  B:Q♣ 3♣ 4♦=7  TIE(T)  |     0원 → 246,250원
H2698 | bet   1,000원 BANKER | P:6♥ 10♣=6  B:J♦ A♠ 10♣=1  PLAYER(L)  | -1,000원 → 245,250원  [start]
H2699 | bet   2,000원 PLAYER | P:6♦ Q♣=6  B:5♥ 9♥ 8♣=2  PLAYER(W)  | +2,000원 → 247,250원  [end_win]
H2700 | bet   1,000원 BANKER | P:A♥ 2♠ J♠=3  B:2♦ 10♠ J♦=2  PLAYER(L)  | -1,000원 → 246,250원  [start]
H2701 | bet   2,000원 PLAYER | P:6♣ A♠=7  B:Q♦ 4♠ 6♦=0  PLAYER(W)  | +2,000원 → 248,250원  [end_win]
H2702 | bet   1,000원 BANKER | P:7♥ 3♥ K♥=0  B:9♣ 4♣ 4♥=7  BANKER(W)  | +950원 → 249,200원
H2703 | bet   1,000원 BANKER | P:5♦ 7♥ 10♣=2  B:4♠ 9♥ 9♦=2  TIE(T)  |     0원 → 249,200원
H2704 | bet   1,000원 BANKER | P:9♦ 10♣=9  B:5♠ J♠=5  PLAYER(L)  | -1,000원 → 248,200원  [start]
H2705 | bet   2,000원 PLAYER | P:J♥ 8♣=8  B:10♠ 9♣=9  BANKER(L)  | -2,000원 → 246,200원
H2706 | bet   4,000원 PLAYER | P:10♦ J♥ 6♦=6  B:8♥ 6♦ 3♠=7  BANKER(L)  | -4,000원 → 242,200원
H2707 | bet   8,000원 PLAYER | P:Q♣ 5♥ J♣=5  B:A♣ 5♦=6  BANKER(L)  | -8,000원 → 234,200원
H2708 | bet  16,000원 PLAYER | P:6♠ 9♠ 8♦=3  B:2♣ J♦ J♠=2  PLAYER(W)  | +16,000원 → 250,200원  [end_win]
H2709 | bet   1,000원 BANKER | P:6♦ 6♠ 10♦=2  B:Q♠ 10♣ 10♥=0  PLAYER(L)  | -1,000원 → 249,200원  [start]
H2710 | bet   2,000원 PLAYER | P:5♠ 4♠=9  B:9♠ 3♣=2  PLAYER(W)  | +2,000원 → 251,200원  [end_win]
H2711 | bet   1,000원 BANKER | P:3♥ 7♥ 5♦=5  B:7♦ K♠=7  BANKER(W)  | +950원 → 252,150원
H2712 | bet   1,000원 BANKER | P:4♥ J♦ Q♣=4  B:9♦ A♣ 2♣=2  PLAYER(L)  | -1,000원 → 251,150원  [start]
H2713 | bet   2,000원 PLAYER | P:J♠ A♠ 4♥=5  B:A♥ 4♥ K♦=5  TIE(T)  |     0원 → 251,150원
H2714 | bet   2,000원 PLAYER | P:8♠ J♥=8  B:J♠ 6♠=6  PLAYER(W)  | +2,000원 → 253,150원  [end_win]
H2715 | bet   1,000원 BANKER | P:7♦ 6♥ 7♦=0  B:K♣ 5♥ 6♦=1  BANKER(W)  | +950원 → 254,100원
H2716 | bet   1,000원 BANKER | P:10♠ K♥ 7♣=7  B:4♥ J♣ 2♥=6  PLAYER(L)  | -1,000원 → 253,100원  [start]
H2717 | bet   2,000원 PLAYER | P:8♣ 7♦ 3♣=8  B:3♦ Q♥ 6♥=9  BANKER(L)  | -2,000원 → 251,100원
H2718 | bet   4,000원 PLAYER | P:5♥ 7♦ 7♣=9  B:10♣ J♥ J♥=0  PLAYER(W)  | +4,000원 → 255,100원  [end_win]
H2719 | bet   1,000원 BANKER | P:10♠ 4♣=4  B:3♦ 5♥=8  BANKER(W)  | +950원 → 256,050원
H2720 | bet   1,000원 BANKER | P:2♠ A♥ J♣=3  B:4♦ 8♦ K♦=2  PLAYER(L)  | -1,000원 → 255,050원  [start]
H2721 | bet   2,000원 PLAYER | P:3♦ Q♣ A♣=4  B:K♥ A♠ J♦=1  PLAYER(W)  | +2,000원 → 257,050원  [end_win]
H2722 | bet   1,000원 BANKER | P:3♥ 3♥=6  B:4♠ 10♥ 6♣=0  PLAYER(L)  | -1,000원 → 256,050원  [start]
H2723 | bet   2,000원 PLAYER | P:6♣ K♠=6  B:8♠ 2♦ 9♠=9  BANKER(L)  | -2,000원 → 254,050원
H2724 | bet   4,000원 PLAYER | P:10♠ 8♣=8  B:3♥ 6♥=9  BANKER(L)  | -4,000원 → 250,050원
H2725 | bet   8,000원 PLAYER | P:9♥ J♥=9  B:8♦ Q♦=8  PLAYER(W)  | +8,000원 → 258,050원  [end_win]
H2726 | bet   1,000원 BANKER | P:3♣ 10♠ 7♠=0  B:4♠ 7♦ A♣=2  BANKER(W)  | +950원 → 259,000원
H2727 | bet   1,000원 BANKER | P:J♠ J♣=0  B:3♥ 5♦=8  BANKER(W)  | +950원 → 259,950원
H2728 | bet   1,000원 BANKER | P:9♥ 6♣ 8♥=3  B:9♠ 8♥=7  BANKER(W)  | +950원 → 260,900원
H2729 | bet   1,000원 BANKER | P:4♣ 4♣=8  B:K♦ 10♥=0  PLAYER(L)  | -1,000원 → 259,900원  [start]
H2730 | bet   2,000원 PLAYER | P:7♣ Q♠=7  B:6♣ 7♣ 10♦=3  PLAYER(W)  | +2,000원 → 261,900원  [end_win]
H2731 | bet   1,000원 BANKER | P:8♣ 5♣=3  B:2♦ 7♥=9  BANKER(W)  | +950원 → 262,850원
H2732 | bet   1,000원 BANKER | P:2♠ 2♥=4  B:Q♠ 9♥=9  BANKER(W)  | +950원 → 263,800원
H2733 | bet   1,000원 BANKER | P:4♦ A♠=5  B:4♦ 5♥=9  BANKER(W)  | +950원 → 264,750원
H2734 | bet   1,000원 BANKER | P:4♥ 7♣ Q♥=1  B:K♦ 7♥=7  BANKER(W)  | +950원 → 265,700원
H2735 | bet   1,000원 BANKER | P:2♥ 5♥=7  B:A♦ 3♣ 2♣=6  PLAYER(L)  | -1,000원 → 264,700원  [start]
H2736 | bet   2,000원 PLAYER | P:10♥ 4♣ 10♠=4  B:A♥ 2♣ 3♥=6  BANKER(L)  | -2,000원 → 262,700원
H2737 | bet   4,000원 PLAYER | P:9♣ Q♠=9  B:8♦ 10♦=8  PLAYER(W)  | +4,000원 → 266,700원  [end_win]
H2738 | bet   1,000원 BANKER | P:5♠ 5♦ 8♥=8  B:9♥ 5♣=4  PLAYER(L)  | -1,000원 → 265,700원  [start]
H2739 | bet   2,000원 PLAYER | P:6♦ A♠=7  B:4♣ Q♠ K♦=4  PLAYER(W)  | +2,000원 → 267,700원  [end_win]
H2740 | bet   1,000원 BANKER | P:2♣ 10♣ 6♥=8  B:3♣ J♣ A♠=4  PLAYER(L)  | -1,000원 → 266,700원  [start]
H2741 | bet   2,000원 PLAYER | P:8♠ 5♠ 8♦=1  B:5♠ 2♦=7  BANKER(L)  | -2,000원 → 264,700원
H2742 | bet   4,000원 PLAYER | P:7♥ J♣=7  B:A♥ 8♥=9  BANKER(L)  | -4,000원 → 260,700원
H2743 | bet   8,000원 PLAYER | P:9♦ 3♦ J♣=2  B:Q♦ 5♣=5  BANKER(L)  | -8,000원 → 252,700원
H2744 | bet  16,000원 PLAYER | P:3♥ 3♣=6  B:7♥ 3♠ 2♥=2  PLAYER(W)  | +16,000원 → 268,700원  [end_win]
H2745 | bet   1,000원 BANKER | P:4♥ 10♠=4  B:9♦ J♦=9  BANKER(W)  | +950원 → 269,650원
H2746 | bet   1,000원 BANKER | P:J♦ Q♦ Q♦=0  B:Q♦ J♠ A♥=1  BANKER(W)  | +950원 → 270,600원
H2747 | bet   1,000원 BANKER | P:K♣ 4♣ 9♦=3  B:K♥ 5♦=5  BANKER(W)  | +950원 → 271,550원
H2748 | bet   1,000원 BANKER | P:4♦ 6♣=0  B:3♠ 6♣=9  BANKER(W)  | +950원 → 272,500원
H2749 | bet   1,000원 BANKER | P:2♠ 7♦=9  B:10♠ 8♦=8  PLAYER(L)  | -1,000원 → 271,500원  [start]
H2750 | bet   2,000원 PLAYER | P:J♠ 6♠=6  B:K♠ 10♦ K♠=0  PLAYER(W)  | +2,000원 → 273,500원  [end_win]
H2751 | bet   1,000원 BANKER | P:6♥ A♥=7  B:A♠ 9♣ A♦=1  PLAYER(L)  | -1,000원 → 272,500원  [start]
H2752 | bet   2,000원 PLAYER | P:4♠ Q♥ 2♠=6  B:8♠ 6♠ 6♣=0  PLAYER(W)  | +2,000원 → 274,500원  [end_win]
H2753 | bet   1,000원 BANKER | P:Q♣ 2♥=2  B:Q♥ 8♦=8  BANKER(W)  | +950원 → 275,450원
H2754 | bet   1,000원 BANKER | P:8♥ A♣=9  B:7♠ 7♠=4  PLAYER(L)  | -1,000원 → 274,450원  [start]
H2755 | bet   2,000원 PLAYER | P:10♦ 6♦=6  B:Q♦ Q♥ Q♥=0  PLAYER(W)  | +2,000원 → 276,450원  [end_win]
H2756 | bet   1,000원 BANKER | P:8♠ Q♥=8  B:9♣ Q♣=9  BANKER(W)  | +950원 → 277,400원
H2757 | bet   1,000원 BANKER | P:9♥ 6♥=5  B:2♠ 7♣=9  BANKER(W)  | +950원 → 278,350원
H2758 | bet   1,000원 BANKER | P:K♣ 9♠=9  B:8♥ Q♦=8  PLAYER(L)  | -1,000원 → 277,350원  [start]
H2759 | bet   2,000원 PLAYER | P:K♠ J♥ Q♥=0  B:8♦ 3♦ 5♥=6  BANKER(L)  | -2,000원 → 275,350원
H2760 | bet   4,000원 PLAYER | P:7♣ 8♠ 3♦=8  B:A♣ 9♠ 9♠=9  BANKER(L)  | -4,000원 → 271,350원
H2761 | bet   8,000원 PLAYER | P:5♣ A♦=6  B:A♠ K♥ 10♦=1  PLAYER(W)  | +8,000원 → 279,350원  [end_win]
H2762 | bet   1,000원 BANKER | P:A♦ J♣ J♦=1  B:J♦ 6♥=6  BANKER(W)  | +950원 → 280,300원
H2763 | bet   1,000원 BANKER | P:6♥ 2♠=8  B:5♣ 3♣=8  TIE(T)  |     0원 → 280,300원
H2764 | bet   1,000원 BANKER | P:10♣ 3♣=3  B:6♦ 2♦=8  BANKER(W)  | +950원 → 281,250원
H2765 | bet   1,000원 BANKER | P:7♥ K♣=7  B:3♠ 2♥ K♥=5  PLAYER(L)  | -1,000원 → 280,250원  [start]
H2766 | bet   2,000원 PLAYER | P:A♥ 5♠=6  B:K♦ 7♣=7  BANKER(L)  | -2,000원 → 278,250원
H2767 | bet   4,000원 PLAYER | P:6♣ 9♣ A♦=6  B:K♠ J♦ K♣=0  PLAYER(W)  | +4,000원 → 282,250원  [end_win]
H2768 | bet   1,000원 BANKER | P:6♠ 2♥=8  B:4♦ A♥=5  PLAYER(L)  | -1,000원 → 281,250원  [start]
H2769 | bet   2,000원 PLAYER | P:2♥ 2♠ 9♦=3  B:8♠ 7♠=5  BANKER(L)  | -2,000원 → 279,250원
H2770 | bet   4,000원 PLAYER | P:K♦ 5♣=5  B:10♦ 8♣=8  BANKER(L)  | -4,000원 → 275,250원
H2771 | bet   8,000원 PLAYER | P:4♣ 10♥ Q♣=4  B:4♠ 7♠ 9♥=0  PLAYER(W)  | +8,000원 → 283,250원  [end_win]
H2772 | bet   1,000원 BANKER | P:5♠ 4♣=9  B:K♣ 8♥=8  PLAYER(L)  | -1,000원 → 282,250원  [start]
H2773 | bet   2,000원 PLAYER | P:5♦ Q♣ 3♦=8  B:8♣ 5♣ 9♥=2  PLAYER(W)  | +2,000원 → 284,250원  [end_win]
H2774 | bet   1,000원 BANKER | P:10♥ 3♥=3  B:8♣ Q♠=8  BANKER(W)  | +950원 → 285,200원
H2775 | bet   1,000원 BANKER | P:2♦ 10♣ 4♠=6  B:6♠ Q♦=6  TIE(T)  |     0원 → 285,200원
H2776 | bet   1,000원 BANKER | P:2♦ 4♥=6  B:3♠ 9♣ A♣=3  PLAYER(L)  | -1,000원 → 284,200원  [start]
H2777 | bet   2,000원 PLAYER | P:3♦ 2♦ A♦=6  B:7♠ 9♣=6  TIE(T)  |     0원 → 284,200원
H2778 | bet   2,000원 PLAYER | P:A♣ 4♦ 4♠=9  B:7♠ K♥=7  PLAYER(W)  | +2,000원 → 286,200원  [end_win]
H2779 | bet   1,000원 BANKER | P:10♣ A♦=1  B:A♦ 7♦=8  BANKER(W)  | +950원 → 287,150원
H2780 | bet   1,000원 BANKER | P:5♣ 7♥=2  B:9♦ 9♣=8  BANKER(W)  | +950원 → 288,100원
H2781 | bet   1,000원 BANKER | P:4♦ J♥ K♣=4  B:2♠ 10♥ 7♠=9  BANKER(W)  | +950원 → 289,050원
H2782 | bet   1,000원 BANKER | P:5♦ 2♦=7  B:6♦ K♣=6  PLAYER(L)  | -1,000원 → 288,050원  [start]
H2783 | bet   2,000원 PLAYER | P:A♠ K♠ 9♠=0  B:K♠ Q♠ 4♦=4  BANKER(L)  | -2,000원 → 286,050원
H2784 | bet   4,000원 PLAYER | P:5♦ 3♠=8  B:10♣ Q♠=0  PLAYER(W)  | +4,000원 → 290,050원  [end_win]
H2785 | bet   1,000원 BANKER | P:9♦ 2♣ 8♠=9  B:8♣ 4♥ 3♠=5  PLAYER(L)  | -1,000원 → 289,050원  [start]
H2786 | bet   2,000원 PLAYER | P:2♣ 10♥ 5♥=7  B:K♥ 7♥=7  TIE(T)  |     0원 → 289,050원
H2787 | bet   2,000원 PLAYER | P:4♦ 10♣ 5♣=9  B:5♦ J♦ Q♠=5  PLAYER(W)  | +2,000원 → 291,050원  [end_win]
H2788 | bet   1,000원 BANKER | P:Q♦ K♦ 2♦=2  B:10♣ J♣ 2♠=2  TIE(T)  |     0원 → 291,050원
H2789 | bet   1,000원 BANKER | P:6♥ 3♠=9  B:J♣ 10♣=0  PLAYER(L)  | -1,000원 → 290,050원  [start]
H2790 | bet   2,000원 PLAYER | P:6♠ K♥=6  B:3♥ K♥ 10♥=3  PLAYER(W)  | +2,000원 → 292,050원  [end_win]
H2791 | bet   1,000원 BANKER | P:5♠ 8♥=3  B:10♠ 8♦=8  BANKER(W)  | +950원 → 293,000원
H2792 | bet   1,000원 BANKER | P:J♠ 5♦ 8♠=3  B:3♦ 4♦=7  BANKER(W)  | +950원 → 293,950원
H2793 | bet   1,000원 BANKER | P:9♠ 9♦=8  B:J♥ 10♦=0  PLAYER(L)  | -1,000원 → 292,950원  [start]
H2794 | bet   2,000원 PLAYER | P:7♦ 4♦ J♦=1  B:10♥ A♠ 6♥=7  BANKER(L)  | -2,000원 → 290,950원
H2795 | bet   4,000원 PLAYER | P:K♠ 6♠=6  B:2♣ 9♥ 8♣=9  BANKER(L)  | -4,000원 → 286,950원
H2796 | bet   8,000원 PLAYER | P:6♥ 2♥=8  B:2♠ 4♠=6  PLAYER(W)  | +8,000원 → 294,950원  [end_win]
H2797 | bet   1,000원 BANKER | P:J♣ J♥=0  B:10♦ 9♠=9  BANKER(W)  | +950원 → 295,900원
H2798 | bet   1,000원 BANKER | P:9♥ 2♣=1  B:9♣ Q♠=9  BANKER(W)  | +950원 → 296,850원
H2799 | bet   1,000원 BANKER | P:7♥ 2♥=9  B:7♦ 4♠=1  PLAYER(L)  | -1,000원 → 295,850원  [start]
H2800 | bet   2,000원 PLAYER | P:6♦ 7♠ 4♠=7  B:6♠ 4♥ 8♠=8  BANKER(L)  | -2,000원 → 293,850원
H2801 | bet   4,000원 PLAYER | P:5♥ 8♠ 9♠=2  B:7♥ K♥=7  BANKER(L)  | -4,000원 → 289,850원
H2802 | bet   8,000원 PLAYER | P:2♠ 5♦=7  B:9♥ J♠=9  BANKER(L)  | -8,000원 → 281,850원
H2803 | bet  16,000원 PLAYER | P:8♦ 2♥ 6♥=6  B:8♦ 5♥ A♣=4  PLAYER(W)  | +16,000원 → 297,850원  [end_win]
H2804 | bet   1,000원 BANKER | P:9♠ 2♠ Q♣=1  B:2♥ Q♣ 4♥=6  BANKER(W)  | +950원 → 298,800원
H2805 | bet   1,000원 BANKER | P:6♦ K♦=6  B:9♣ Q♠=9  BANKER(W)  | +950원 → 299,750원
H2806 | bet   1,000원 BANKER | P:8♠ 6♥ 2♣=6  B:8♣ 4♠ A♠=3  PLAYER(L)  | -1,000원 → 298,750원  [start]
H2807 | bet   2,000원 PLAYER | P:A♣ Q♣ 7♣=8  B:8♥ 3♠ 5♥=6  PLAYER(W)  | +2,000원 → 300,750원  [end_win]
H2808 | bet   1,000원 BANKER | P:A♠ 4♥ 5♣=0  B:A♥ Q♦ 5♥=6  BANKER(W)  | +950원 → 301,700원
H2809 | bet   1,000원 BANKER | P:A♦ A♦ 6♣=8  B:Q♠ 7♥=7  PLAYER(L)  | -1,000원 → 300,700원  [start]
H2810 | bet   2,000원 PLAYER | P:9♣ 2♣ 2♣=3  B:3♣ A♥ 5♦=9  BANKER(L)  | -2,000원 → 298,700원
H2811 | bet   4,000원 PLAYER | P:A♠ 2♠ K♦=3  B:2♠ A♥ 8♣=1  PLAYER(W)  | +4,000원 → 302,700원  [end_win]
H2812 | bet   1,000원 BANKER | P:3♣ A♥ 5♦=9  B:K♠ 2♥ K♣=2  PLAYER(L)  | -1,000원 → 301,700원  [start]
H2813 | bet   2,000원 PLAYER | P:6♦ J♥=6  B:7♥ K♣=7  BANKER(L)  | -2,000원 → 299,700원
H2814 | bet   4,000원 PLAYER | P:Q♦ 3♠=3  B:J♠ 8♥=8  BANKER(L)  | -4,000원 → 295,700원
H2815 | bet   8,000원 PLAYER | P:Q♦ K♥ K♠=0  B:10♣ K♣ 8♥=8  BANKER(L)  | -8,000원 → 287,700원
H2816 | bet  16,000원 PLAYER | P:5♣ 3♠=8  B:8♥ 5♠=3  PLAYER(W)  | +16,000원 → 303,700원  [end_win]
H2817 | bet   1,000원 BANKER | P:J♥ Q♣ 3♦=3  B:7♣ 7♣ A♣=5  BANKER(W)  | +950원 → 304,650원
H2818 | bet   1,000원 BANKER | P:A♣ 6♦=7  B:A♣ 9♦ K♠=0  PLAYER(L)  | -1,000원 → 303,650원  [start]
H2819 | bet   2,000원 PLAYER | P:6♥ 9♥ 7♣=2  B:J♠ 10♠ 4♥=4  BANKER(L)  | -2,000원 → 301,650원
H2820 | bet   4,000원 PLAYER | P:A♥ 2♣ 10♦=3  B:Q♥ 3♣ K♥=3  TIE(T)  |     0원 → 301,650원
H2821 | bet   4,000원 PLAYER | P:Q♥ 2♦ A♠=3  B:8♥ 7♣=5  BANKER(L)  | -4,000원 → 297,650원
H2822 | bet   8,000원 PLAYER | P:Q♦ A♥ Q♣=1  B:3♦ K♠ 2♦=5  BANKER(L)  | -8,000원 → 289,650원
H2823 | bet  16,000원 PLAYER | P:7♠ 7♦ Q♦=4  B:J♦ A♦ A♣=2  PLAYER(W)  | +16,000원 → 305,650원  [end_win]
H2824 | bet   1,000원 BANKER | P:3♠ 4♣=7  B:7♠ 6♣ 7♣=0  PLAYER(L)  | -1,000원 → 304,650원  [start]
H2825 | bet   2,000원 PLAYER | P:K♣ 10♠ 8♠=8  B:3♣ 10♥=3  PLAYER(W)  | +2,000원 → 306,650원  [end_win]
H2826 | bet   1,000원 BANKER | P:9♦ A♠ 9♦=9  B:7♥ 3♦ 3♠=3  PLAYER(L)  | -1,000원 → 305,650원  [start]
H2827 | bet   2,000원 PLAYER | P:7♠ 9♦=6  B:3♦ 6♠=9  BANKER(L)  | -2,000원 → 303,650원
H2828 | bet   4,000원 PLAYER | P:3♣ 2♣ 4♣=9  B:3♥ 8♣ 3♦=4  PLAYER(W)  | +4,000원 → 307,650원  [end_win]
H2829 | bet   1,000원 BANKER | P:7♥ K♦=7  B:4♦ 5♦=9  BANKER(W)  | +950원 → 308,600원
H2830 | bet   1,000원 BANKER | P:J♠ 3♥ 5♠=8  B:4♦ K♦ 5♣=9  BANKER(W)  | +950원 → 309,550원
H2831 | bet   1,000원 BANKER | P:4♠ 9♥ K♣=3  B:8♣ 8♣=6  BANKER(W)  | +950원 → 310,500원
H2832 | bet   1,000원 BANKER | P:A♦ 5♥=6  B:3♣ 8♠ K♦=1  PLAYER(L)  | -1,000원 → 309,500원  [start]
H2833 | bet   2,000원 PLAYER | P:10♠ 3♥=3  B:4♣ 5♣=9  BANKER(L)  | -2,000원 → 307,500원
H2834 | bet   4,000원 PLAYER | P:10♣ 10♦ 4♥=4  B:Q♣ 6♠=6  BANKER(L)  | -4,000원 → 303,500원
H2835 | bet   8,000원 PLAYER | P:9♠ A♦ Q♥=0  B:3♣ 9♥ 8♦=0  TIE(T)  |     0원 → 303,500원
H2836 | bet   8,000원 PLAYER | P:J♣ 5♣=5  B:3♥ 6♠=9  BANKER(L)  | -8,000원 → 295,500원
H2837 | bet  16,000원 PLAYER | P:2♠ 9♣ 9♠=0  B:4♠ 10♥=4  BANKER(L)  | -16,000원 → 279,500원  [end_giveup]
H2838 | bet   1,000원 BANKER | P:Q♣ 8♥=8  B:J♦ 5♠=5  PLAYER(L)  | -1,000원 → 278,500원  [start]
H2839 | bet   2,000원 PLAYER | P:Q♥ 8♣=8  B:6♦ 6♦=2  PLAYER(W)  | +2,000원 → 280,500원  [end_win]
H2840 | bet   1,000원 BANKER | P:10♥ 4♣ 10♣=4  B:2♥ 4♥=6  BANKER(W)  | +950원 → 281,450원
H2841 | bet   1,000원 BANKER | P:J♣ 7♠=7  B:10♦ 5♠ K♠=5  PLAYER(L)  | -1,000원 → 280,450원  [start]
H2842 | bet   2,000원 PLAYER | P:2♣ Q♠=2  B:K♥ 8♦=8  BANKER(L)  | -2,000원 → 278,450원
H2843 | bet   4,000원 PLAYER | P:A♦ 5♣=6  B:8♦ J♠=8  BANKER(L)  | -4,000원 → 274,450원
H2844 | bet   8,000원 PLAYER | P:5♣ Q♦ 5♥=0  B:4♣ 6♦ 6♠=6  BANKER(L)  | -8,000원 → 266,450원
H2845 | bet  16,000원 PLAYER | P:10♥ 2♥ 8♠=0  B:7♦ 5♦ 9♦=1  BANKER(L)  | -16,000원 → 250,450원  [end_giveup]
H2846 | bet   1,000원 BANKER | P:8♣ 7♦=5  B:3♣ 6♣=9  BANKER(W)  | +950원 → 251,400원
H2847 | bet   1,000원 BANKER | P:10♥ K♣=0  B:10♠ 9♠=9  BANKER(W)  | +950원 → 252,350원
H2848 | bet   1,000원 BANKER | P:10♥ 10♣ 2♦=2  B:J♣ 6♥=6  BANKER(W)  | +950원 → 253,300원
H2849 | bet   1,000원 BANKER | P:10♦ J♦ Q♥=0  B:K♦ 4♦=4  BANKER(W)  | +950원 → 254,250원
H2850 | bet   1,000원 BANKER | P:9♥ 5♥=4  B:9♣ 10♣=9  BANKER(W)  | +950원 → 255,200원
H2851 | bet   1,000원 BANKER | P:8♥ 8♦=6  B:4♠ 6♠ 7♣=7  BANKER(W)  | +950원 → 256,150원
H2852 | bet   1,000원 BANKER | P:Q♥ 8♦=8  B:4♥ 7♥=1  PLAYER(L)  | -1,000원 → 255,150원  [start]
H2853 | bet   2,000원 PLAYER | P:K♣ K♠ A♥=1  B:Q♣ 5♠=5  BANKER(L)  | -2,000원 → 253,150원
H2854 | bet   4,000원 PLAYER | P:6♣ 3♠=9  B:2♦ 3♠=5  PLAYER(W)  | +4,000원 → 257,150원  [end_win]
H2855 | bet   1,000원 BANKER | P:K♠ J♥=0  B:Q♥ 9♦=9  BANKER(W)  | +950원 → 258,100원
H2856 | bet   1,000원 BANKER | P:7♥ 5♥ Q♦=2  B:A♣ 6♣=7  BANKER(W)  | +950원 → 259,050원
H2857 | bet   1,000원 BANKER | P:5♠ 9♣=4  B:9♥ 10♦=9  BANKER(W)  | +950원 → 260,000원
H2858 | bet   1,000원 BANKER | P:J♣ 6♣=6  B:3♦ 3♥=6  TIE(T)  |     0원 → 260,000원
H2859 | bet   1,000원 BANKER | P:A♠ 2♠ 7♦=0  B:J♠ 10♦ J♥=0  TIE(T)  |     0원 → 260,000원
H2860 | bet   1,000원 BANKER | P:6♥ K♣=6  B:7♦ Q♠=7  BANKER(W)  | +950원 → 260,950원
H2861 | bet   1,000원 BANKER | P:9♦ 4♠ A♦=4  B:6♣ A♠=7  BANKER(W)  | +950원 → 261,900원
H2862 | bet   1,000원 BANKER | P:9♣ 8♠=7  B:7♠ J♦=7  TIE(T)  |     0원 → 261,900원
H2863 | bet   1,000원 BANKER | P:A♥ 4♦ 2♦=7  B:K♦ 3♥ 5♦=8  BANKER(W)  | +950원 → 262,850원
H2864 | bet   1,000원 BANKER | P:J♦ 4♦ 2♥=6  B:7♠ 4♣ J♥=1  PLAYER(L)  | -1,000원 → 261,850원  [start]
H2865 | bet   2,000원 PLAYER | P:4♥ 4♣=8  B:K♥ 7♠=7  PLAYER(W)  | +2,000원 → 263,850원  [end_win]
H2866 | bet   1,000원 BANKER | P:J♦ Q♠ 3♦=3  B:6♣ A♣=7  BANKER(W)  | +950원 → 264,800원
H2867 | bet   1,000원 BANKER | P:10♠ K♥ 10♠=0  B:6♦ 7♣ Q♠=3  BANKER(W)  | +950원 → 265,750원
H2868 | bet   1,000원 BANKER | P:2♦ 5♠=7  B:7♣ 3♠ 5♠=5  PLAYER(L)  | -1,000원 → 264,750원  [start]
H2869 | bet   2,000원 PLAYER | P:3♥ 2♥ Q♠=5  B:9♠ 5♣=4  PLAYER(W)  | +2,000원 → 266,750원  [end_win]
H2870 | bet   1,000원 BANKER | P:7♣ 3♦=0  B:8♦ A♣=9  BANKER(W)  | +950원 → 267,700원
H2871 | bet   1,000원 BANKER | P:6♠ 4♥ 7♠=7  B:4♣ 2♦ 8♦=4  PLAYER(L)  | -1,000원 → 266,700원  [start]
H2872 | bet   2,000원 PLAYER | P:2♣ 6♠=8  B:A♣ 5♣=6  PLAYER(W)  | +2,000원 → 268,700원  [end_win]
H2873 | bet   1,000원 BANKER | P:Q♦ 8♠=8  B:5♣ 9♥=4  PLAYER(L)  | -1,000원 → 267,700원  [start]
H2874 | bet   2,000원 PLAYER | P:J♦ K♦=0  B:2♥ 7♠=9  BANKER(L)  | -2,000원 → 265,700원
H2875 | bet   4,000원 PLAYER | P:J♠ 6♠=6  B:Q♣ 4♦ 9♥=3  PLAYER(W)  | +4,000원 → 269,700원  [end_win]
H2876 | bet   1,000원 BANKER | P:4♦ A♠ 4♠=9  B:3♣ K♣ 7♥=0  PLAYER(L)  | -1,000원 → 268,700원  [start]
H2877 | bet   2,000원 PLAYER | P:3♣ 5♥=8  B:10♠ 6♠=6  PLAYER(W)  | +2,000원 → 270,700원  [end_win]
H2878 | bet   1,000원 BANKER | P:3♣ 8♣ K♣=1  B:6♦ 9♦=5  BANKER(W)  | +950원 → 271,650원
H2879 | bet   1,000원 BANKER | P:7♦ 5♦ A♥=3  B:3♦ 3♥=6  BANKER(W)  | +950원 → 272,600원
H2880 | bet   1,000원 BANKER | P:3♦ Q♦ 7♦=0  B:A♣ 2♠ J♠=3  BANKER(W)  | +950원 → 273,550원
H2881 | bet   1,000원 BANKER | P:3♦ 4♣=7  B:3♦ 2♣ K♣=5  PLAYER(L)  | -1,000원 → 272,550원  [start]
H2882 | bet   2,000원 PLAYER | P:9♦ Q♠=9  B:10♦ 6♣=6  PLAYER(W)  | +2,000원 → 274,550원  [end_win]
H2883 | bet   1,000원 BANKER | P:A♠ 10♦=1  B:5♠ 4♠=9  BANKER(W)  | +950원 → 275,500원
H2884 | bet   1,000원 BANKER | P:10♣ J♥ 5♥=5  B:6♦ K♥=6  BANKER(W)  | +950원 → 276,450원
H2885 | bet   1,000원 BANKER | P:K♣ 7♦=7  B:10♣ J♠ 2♦=2  PLAYER(L)  | -1,000원 → 275,450원  [start]
H2886 | bet   2,000원 PLAYER | P:Q♦ 4♦ A♣=5  B:5♥ 6♦ A♣=2  PLAYER(W)  | +2,000원 → 277,450원  [end_win]
H2887 | bet   1,000원 BANKER | P:6♣ 3♠=9  B:10♦ J♦=0  PLAYER(L)  | -1,000원 → 276,450원  [start]
H2888 | bet   2,000원 PLAYER | P:J♣ 3♥ 3♥=6  B:5♦ 9♥ Q♥=4  PLAYER(W)  | +2,000원 → 278,450원  [end_win]
H2889 | bet   1,000원 BANKER | P:9♠ 3♠ 9♦=1  B:4♥ 3♥=7  BANKER(W)  | +950원 → 279,400원
H2890 | bet   1,000원 BANKER | P:6♣ Q♠=6  B:K♣ A♦ A♠=2  PLAYER(L)  | -1,000원 → 278,400원  [start]
H2891 | bet   2,000원 PLAYER | P:K♦ 10♥ 7♦=7  B:5♠ Q♥ A♥=6  PLAYER(W)  | +2,000원 → 280,400원  [end_win]
H2892 | bet   1,000원 BANKER | P:6♥ 2♦=8  B:10♣ 5♥=5  PLAYER(L)  | -1,000원 → 279,400원  [start]
H2893 | bet   2,000원 PLAYER | P:A♠ 4♥=5  B:K♥ 9♥=9  BANKER(L)  | -2,000원 → 277,400원
H2894 | bet   4,000원 PLAYER | P:3♥ Q♠ J♣=3  B:K♠ Q♣ 5♥=5  BANKER(L)  | -4,000원 → 273,400원
H2895 | bet   8,000원 PLAYER | P:6♥ 7♠ K♦=3  B:K♦ 7♥=7  BANKER(L)  | -8,000원 → 265,400원
H2896 | bet  16,000원 PLAYER | P:J♥ 10♠ 7♥=7  B:J♠ 7♠=7  TIE(T)  |     0원 → 265,400원
H2897 | bet  16,000원 PLAYER | P:5♦ K♥=5  B:9♦ 10♠=9  BANKER(L)  | -16,000원 → 249,400원  [end_giveup]
H2898 | bet   1,000원 BANKER | P:10♣ 10♠ 5♣=5  B:5♣ 2♥=7  BANKER(W)  | +950원 → 250,350원
H2899 | bet   1,000원 BANKER | P:3♥ 7♠ 2♣=2  B:Q♣ 7♠=7  BANKER(W)  | +950원 → 251,300원
H2900 | bet   1,000원 BANKER | P:8♦ J♠=8  B:K♠ 10♣=0  PLAYER(L)  | -1,000원 → 250,300원  [start]
H2901 | bet   2,000원 PLAYER | P:2♣ 9♣ 6♥=7  B:2♣ J♣ 3♣=5  PLAYER(W)  | +2,000원 → 252,300원  [end_win]
H2902 | bet   1,000원 BANKER | P:Q♦ Q♠ 5♠=5  B:3♠ 8♥ 10♠=1  PLAYER(L)  | -1,000원 → 251,300원  [start]
H2903 | bet   2,000원 PLAYER | P:4♣ K♦ 10♦=4  B:J♦ 4♥=4  TIE(T)  |     0원 → 251,300원
H2904 | bet   2,000원 PLAYER | P:8♣ 6♥ K♠=4  B:Q♣ 10♣ 5♦=5  BANKER(L)  | -2,000원 → 249,300원
H2905 | bet   4,000원 PLAYER | P:9♥ 8♠=7  B:K♠ 6♦=6  PLAYER(W)  | +4,000원 → 253,300원  [end_win]
H2906 | bet   1,000원 BANKER | P:5♣ 5♠ K♥=0  B:7♣ 10♥=7  BANKER(W)  | +950원 → 254,250원
H2907 | bet   1,000원 BANKER | P:2♥ 10♥ A♥=3  B:3♣ 9♠ 3♠=5  BANKER(W)  | +950원 → 255,200원
H2908 | bet   1,000원 BANKER | P:2♣ 6♥=8  B:8♠ 6♣=4  PLAYER(L)  | -1,000원 → 254,200원  [start]
H2909 | bet   2,000원 PLAYER | P:Q♥ 10♣ A♦=1  B:6♦ K♥=6  BANKER(L)  | -2,000원 → 252,200원
H2910 | bet   4,000원 PLAYER | P:3♠ Q♦ J♥=3  B:J♦ 10♠ 2♦=2  PLAYER(W)  | +4,000원 → 256,200원  [end_win]
H2911 | bet   1,000원 BANKER | P:3♠ 4♠=7  B:Q♣ 4♠ K♣=4  PLAYER(L)  | -1,000원 → 255,200원  [start]
H2912 | bet   2,000원 PLAYER | P:A♥ 5♣=6  B:5♦ 6♥ 4♠=5  PLAYER(W)  | +2,000원 → 257,200원  [end_win]
H2913 | bet   1,000원 BANKER | P:2♠ 8♠ 8♠=8  B:A♠ J♦ 4♣=5  PLAYER(L)  | -1,000원 → 256,200원  [start]
H2914 | bet   2,000원 PLAYER | P:8♦ A♠=9  B:J♥ 9♠=9  TIE(T)  |     0원 → 256,200원
H2915 | bet   2,000원 PLAYER | P:K♦ 7♠=7  B:7♦ 10♦=7  TIE(T)  |     0원 → 256,200원
H2916 | bet   2,000원 PLAYER | P:5♥ A♣=6  B:3♣ 7♦ 5♦=5  PLAYER(W)  | +2,000원 → 258,200원  [end_win]
H2917 | bet   1,000원 BANKER | P:8♥ A♦=9  B:2♥ 2♦=4  PLAYER(L)  | -1,000원 → 257,200원  [start]
H2918 | bet   2,000원 PLAYER | P:8♠ 4♠ Q♠=2  B:5♠ A♠=6  BANKER(L)  | -2,000원 → 255,200원
H2919 | bet   4,000원 PLAYER | P:3♣ 4♣=7  B:J♣ 6♦=6  PLAYER(W)  | +4,000원 → 259,200원  [end_win]
H2920 | bet   1,000원 BANKER | P:6♠ 5♣ 7♥=8  B:10♥ 3♥ Q♥=3  PLAYER(L)  | -1,000원 → 258,200원  [start]
H2921 | bet   2,000원 PLAYER | P:Q♣ 10♦ 10♠=0  B:4♣ 6♣ 9♣=9  BANKER(L)  | -2,000원 → 256,200원
H2922 | bet   4,000원 PLAYER | P:J♠ 2♠ 10♥=2  B:Q♥ 10♥ A♥=1  PLAYER(W)  | +4,000원 → 260,200원  [end_win]
H2923 | bet   1,000원 BANKER | P:2♥ 8♠=0  B:9♦ J♣=9  BANKER(W)  | +950원 → 261,150원
H2924 | bet   1,000원 BANKER | P:Q♦ 4♠ J♠=4  B:4♦ 3♠=7  BANKER(W)  | +950원 → 262,100원
H2925 | bet   1,000원 BANKER | P:2♠ 8♠ J♥=0  B:7♣ 9♠=6  BANKER(W)  | +950원 → 263,050원
H2926 | bet   1,000원 BANKER | P:2♣ J♥ 5♥=7  B:9♦ 6♠ 6♣=1  PLAYER(L)  | -1,000원 → 262,050원  [start]
H2927 | bet   2,000원 PLAYER | P:9♠ 7♥=6  B:5♥ 6♠ 8♥=9  BANKER(L)  | -2,000원 → 260,050원
H2928 | bet   4,000원 PLAYER | P:9♣ 7♣=6  B:A♦ Q♠ A♣=2  PLAYER(W)  | +4,000원 → 264,050원  [end_win]
H2929 | bet   1,000원 BANKER | P:9♠ 2♣ 8♦=9  B:7♥ 9♦=6  PLAYER(L)  | -1,000원 → 263,050원  [start]
H2930 | bet   2,000원 PLAYER | P:9♥ 5♠ A♣=5  B:7♦ 5♦ 6♥=8  BANKER(L)  | -2,000원 → 261,050원
H2931 | bet   4,000원 PLAYER | P:3♦ K♦ 7♠=0  B:K♣ J♦ 9♠=9  BANKER(L)  | -4,000원 → 257,050원
H2932 | bet   8,000원 PLAYER | P:8♣ 7♥ 2♠=7  B:2♠ 3♣=5  PLAYER(W)  | +8,000원 → 265,050원  [end_win]
H2933 | bet   1,000원 BANKER | P:6♣ 9♣ 6♦=1  B:Q♥ 2♦ 8♣=0  PLAYER(L)  | -1,000원 → 264,050원  [start]
H2934 | bet   2,000원 PLAYER | P:A♥ 6♣=7  B:2♠ Q♠ 4♦=6  PLAYER(W)  | +2,000원 → 266,050원  [end_win]
H2935 | bet   1,000원 BANKER | P:8♣ 3♦ J♥=1  B:8♥ 2♥ 6♠=6  BANKER(W)  | +950원 → 267,000원
H2936 | bet   1,000원 BANKER | P:Q♣ A♥ Q♣=1  B:J♥ 6♥=6  BANKER(W)  | +950원 → 267,950원
H2937 | bet   1,000원 BANKER | P:4♥ 4♣=8  B:4♠ 7♣=1  PLAYER(L)  | -1,000원 → 266,950원  [start]
H2938 | bet   2,000원 PLAYER | P:A♦ J♦ 9♣=0  B:6♦ 9♦=5  BANKER(L)  | -2,000원 → 264,950원
H2939 | bet   4,000원 PLAYER | P:K♣ 9♣=9  B:2♠ 8♦=0  PLAYER(W)  | +4,000원 → 268,950원  [end_win]
H2940 | bet   1,000원 BANKER | P:Q♦ 10♠ 4♥=4  B:A♦ A♥ 8♥=0  PLAYER(L)  | -1,000원 → 267,950원  [start]
H2941 | bet   2,000원 PLAYER | P:10♣ 7♣=7  B:4♥ 7♣ 9♥=0  PLAYER(W)  | +2,000원 → 269,950원  [end_win]
H2942 | bet   1,000원 BANKER | P:8♥ K♥=8  B:J♣ J♦=0  PLAYER(L)  | -1,000원 → 268,950원  [start]
H2943 | bet   2,000원 PLAYER | P:10♦ Q♦ K♠=0  B:3♦ 9♣ 8♣=0  TIE(T)  |     0원 → 268,950원
H2944 | bet   2,000원 PLAYER | P:Q♥ J♣ 4♦=4  B:4♣ 8♦ A♠=3  PLAYER(W)  | +2,000원 → 270,950원  [end_win]
H2945 | bet   1,000원 BANKER | P:A♦ A♦ 4♥=6  B:K♠ K♠ 2♦=2  PLAYER(L)  | -1,000원 → 269,950원  [start]
H2946 | bet   2,000원 PLAYER | P:9♣ J♣=9  B:5♦ K♦=5  PLAYER(W)  | +2,000원 → 271,950원  [end_win]
H2947 | bet   1,000원 BANKER | P:K♠ 8♥=8  B:K♥ 10♥=0  PLAYER(L)  | -1,000원 → 270,950원  [start]
H2948 | bet   2,000원 PLAYER | P:7♥ 10♥=7  B:4♦ 2♥=6  PLAYER(W)  | +2,000원 → 272,950원  [end_win]
H2949 | bet   1,000원 BANKER | P:A♥ J♥ 2♥=3  B:8♣ 4♣ 8♠=0  PLAYER(L)  | -1,000원 → 271,950원  [start]
H2950 | bet   2,000원 PLAYER | P:A♥ 2♣ A♦=4  B:3♣ 9♣ 6♠=8  BANKER(L)  | -2,000원 → 269,950원
H2951 | bet   4,000원 PLAYER | P:3♠ 6♥=9  B:K♠ 5♥=5  PLAYER(W)  | +4,000원 → 273,950원  [end_win]
H2952 | bet   1,000원 BANKER | P:6♠ 3♦=9  B:10♥ K♥=0  PLAYER(L)  | -1,000원 → 272,950원  [start]
H2953 | bet   2,000원 PLAYER | P:6♣ J♣=6  B:2♥ Q♣ 8♦=0  PLAYER(W)  | +2,000원 → 274,950원  [end_win]
H2954 | bet   1,000원 BANKER | P:J♦ 6♣=6  B:J♥ 4♠ 2♣=6  TIE(T)  |     0원 → 274,950원
H2955 | bet   1,000원 BANKER | P:9♥ 7♦=6  B:Q♣ A♣ Q♦=1  PLAYER(L)  | -1,000원 → 273,950원  [start]
H2956 | bet   2,000원 PLAYER | P:A♦ K♣ J♥=1  B:J♦ 10♦ 3♥=3  BANKER(L)  | -2,000원 → 271,950원
H2957 | bet   4,000원 PLAYER | P:8♣ K♠=8  B:Q♣ 8♦=8  TIE(T)  |     0원 → 271,950원
H2958 | bet   4,000원 PLAYER | P:4♥ 10♣ 9♠=3  B:5♣ 2♣=7  BANKER(L)  | -4,000원 → 267,950원
H2959 | bet   8,000원 PLAYER | P:9♥ 6♥ 7♥=2  B:Q♦ 5♦ 9♠=4  BANKER(L)  | -8,000원 → 259,950원
H2960 | bet  16,000원 PLAYER | P:8♠ 5♥ 4♣=7  B:10♥ J♦ J♣=0  PLAYER(W)  | +16,000원 → 275,950원  [end_win]
H2961 | bet   1,000원 BANKER | P:Q♦ A♥ A♣=2  B:7♣ 4♦ Q♠=1  PLAYER(L)  | -1,000원 → 274,950원  [start]
H2962 | bet   2,000원 PLAYER | P:10♣ 9♥=9  B:9♠ 4♦=3  PLAYER(W)  | +2,000원 → 276,950원  [end_win]
H2963 | bet   1,000원 BANKER | P:10♣ 5♥ 8♠=3  B:4♦ A♠=5  BANKER(W)  | +950원 → 277,900원
H2964 | bet   1,000원 BANKER | P:9♦ 6♦ 8♠=3  B:6♣ Q♦=6  BANKER(W)  | +950원 → 278,850원
H2965 | bet   1,000원 BANKER | P:2♠ 7♣=9  B:7♦ 5♦=2  PLAYER(L)  | -1,000원 → 277,850원  [start]
H2966 | bet   2,000원 PLAYER | P:10♠ J♣ 8♥=8  B:5♠ J♠=5  PLAYER(W)  | +2,000원 → 279,850원  [end_win]
H2967 | bet   1,000원 BANKER | P:5♥ 5♥=0  B:A♦ 7♠=8  BANKER(W)  | +950원 → 280,800원
H2968 | bet   1,000원 BANKER | P:J♠ 4♥ 10♠=4  B:J♦ 4♠=4  TIE(T)  |     0원 → 280,800원
H2969 | bet   1,000원 BANKER | P:K♠ 8♥=8  B:3♥ K♣=3  PLAYER(L)  | -1,000원 → 279,800원  [start]
H2970 | bet   2,000원 PLAYER | P:7♠ 10♦=7  B:4♣ 5♣=9  BANKER(L)  | -2,000원 → 277,800원
H2971 | bet   4,000원 PLAYER | P:J♥ K♥ 2♥=2  B:10♦ K♠ 6♦=6  BANKER(L)  | -4,000원 → 273,800원
H2972 | bet   8,000원 PLAYER | P:Q♣ 8♦=8  B:J♠ 4♦=4  PLAYER(W)  | +8,000원 → 281,800원  [end_win]
H2973 | bet   1,000원 BANKER | P:J♥ 5♥ 3♦=8  B:7♥ 4♠ A♠=2  PLAYER(L)  | -1,000원 → 280,800원  [start]
H2974 | bet   2,000원 PLAYER | P:5♦ 10♠=5  B:J♦ 8♣=8  BANKER(L)  | -2,000원 → 278,800원
H2975 | bet   4,000원 PLAYER | P:9♦ 3♣ 4♥=6  B:5♦ A♣=6  TIE(T)  |     0원 → 278,800원
H2976 | bet   4,000원 PLAYER | P:4♥ Q♥ 8♣=2  B:10♦ 2♦ Q♠=2  TIE(T)  |     0원 → 278,800원
H2977 | bet   4,000원 PLAYER | P:6♥ Q♦=6  B:K♥ 9♣=9  BANKER(L)  | -4,000원 → 274,800원
H2978 | bet   8,000원 PLAYER | P:5♦ 9♦ 10♠=4  B:K♠ 4♥=4  TIE(T)  |     0원 → 274,800원
H2979 | bet   8,000원 PLAYER | P:4♣ 4♥=8  B:6♦ J♠=6  PLAYER(W)  | +8,000원 → 282,800원  [end_win]
H2980 | bet   1,000원 BANKER | P:Q♥ 7♠=7  B:Q♥ 10♠ 2♠=2  PLAYER(L)  | -1,000원 → 281,800원  [start]
H2981 | bet   2,000원 PLAYER | P:2♦ 7♦=9  B:A♠ J♦=1  PLAYER(W)  | +2,000원 → 283,800원  [end_win]
H2982 | bet   1,000원 BANKER | P:3♣ 2♣ 6♦=1  B:8♠ 4♦ A♠=3  BANKER(W)  | +950원 → 284,750원
H2983 | bet   1,000원 BANKER | P:Q♥ 3♠ 10♣=3  B:8♣ 7♥=5  BANKER(W)  | +950원 → 285,700원
H2984 | bet   1,000원 BANKER | P:4♥ 3♦=7  B:A♣ 10♦ 6♠=7  TIE(T)  |     0원 → 285,700원
H2985 | bet   1,000원 BANKER | P:J♥ 4♠ A♦=5  B:K♦ 6♣=6  BANKER(W)  | +950원 → 286,650원
H2986 | bet   1,000원 BANKER | P:2♣ Q♦ 4♠=6  B:J♦ 2♠ K♦=2  PLAYER(L)  | -1,000원 → 285,650원  [start]
H2987 | bet   2,000원 PLAYER | P:8♦ Q♣=8  B:10♥ 2♠=2  PLAYER(W)  | +2,000원 → 287,650원  [end_win]
H2988 | bet   1,000원 BANKER | P:2♣ 6♦=8  B:8♠ 8♦=6  PLAYER(L)  | -1,000원 → 286,650원  [start]
H2989 | bet   2,000원 PLAYER | P:9♣ Q♦=9  B:J♥ 5♠=5  PLAYER(W)  | +2,000원 → 288,650원  [end_win]
H2990 | bet   1,000원 BANKER | P:5♠ 10♦ A♦=6  B:9♠ 4♦ 8♥=1  PLAYER(L)  | -1,000원 → 287,650원  [start]
H2991 | bet   2,000원 PLAYER | P:3♠ K♦ J♣=3  B:Q♠ 7♥=7  BANKER(L)  | -2,000원 → 285,650원
H2992 | bet   4,000원 PLAYER | P:K♠ 6♥=6  B:2♦ 7♠=9  BANKER(L)  | -4,000원 → 281,650원
H2993 | bet   8,000원 PLAYER | P:2♠ 7♣=9  B:A♥ 8♥=9  TIE(T)  |     0원 → 281,650원
H2994 | bet   8,000원 PLAYER | P:8♦ K♣=8  B:7♥ A♥=8  TIE(T)  |     0원 → 281,650원
H2995 | bet   8,000원 PLAYER | P:Q♣ 10♣ 5♣=5  B:3♥ A♠ 2♥=6  BANKER(L)  | -8,000원 → 273,650원
H2996 | bet  16,000원 PLAYER | P:4♠ 7♥ 7♥=8  B:J♠ 7♠=7  PLAYER(W)  | +16,000원 → 289,650원  [end_win]
H2997 | bet   1,000원 BANKER | P:K♦ 9♠=9  B:Q♠ 10♥=0  PLAYER(L)  | -1,000원 → 288,650원  [start]
H2998 | bet   2,000원 PLAYER | P:A♦ 9♣=0  B:2♠ 6♥=8  BANKER(L)  | -2,000원 → 286,650원
H2999 | bet   4,000원 PLAYER | P:7♦ J♦=7  B:Q♥ 8♦=8  BANKER(L)  | -4,000원 → 282,650원
H3000 | bet   8,000원 PLAYER | P:K♠ 10♥ 5♠=5  B:6♠ A♦=7  BANKER(L)  | -8,000원 → 274,650원
H3001 | bet  16,000원 PLAYER | P:3♦ 2♦ 5♣=0  B:3♦ 8♥ 4♠=5  BANKER(L)  | -16,000원 → 258,650원  [end_giveup]
H3002 | bet   1,000원 BANKER | P:5♠ 2♥=7  B:2♠ 5♦=7  TIE(T)  |     0원 → 258,650원
H3003 | bet   1,000원 BANKER | P:5♣ 6♠ 8♥=9  B:7♣ 3♣ 9♦=9  TIE(T)  |     0원 → 258,650원
H3004 | bet   1,000원 BANKER | P:3♦ Q♠ 5♣=8  B:6♦ 10♥=6  PLAYER(L)  | -1,000원 → 257,650원  [start]
H3005 | bet   2,000원 PLAYER | P:6♥ 5♣ J♣=1  B:A♥ 6♣=7  BANKER(L)  | -2,000원 → 255,650원
H3006 | bet   4,000원 PLAYER | P:K♦ 6♥=6  B:8♦ 3♥ 7♥=8  BANKER(L)  | -4,000원 → 251,650원
H3007 | bet   8,000원 PLAYER | P:3♣ 2♦ 9♦=4  B:3♥ 7♣ 7♠=7  BANKER(L)  | -8,000원 → 243,650원
H3008 | bet  16,000원 PLAYER | P:5♥ 8♥ 4♥=7  B:6♦ 9♦ 7♦=2  PLAYER(W)  | +16,000원 → 259,650원  [end_win]
H3009 | bet   1,000원 BANKER | P:7♠ 4♠ 9♠=0  B:9♥ 8♣=7  BANKER(W)  | +950원 → 260,600원
H3010 | bet   1,000원 BANKER | P:3♠ Q♥ 4♦=7  B:A♣ 5♦=6  PLAYER(L)  | -1,000원 → 259,600원  [start]
H3011 | bet   2,000원 PLAYER | P:4♣ Q♥=4  B:3♣ 6♣=9  BANKER(L)  | -2,000원 → 257,600원
H3012 | bet   4,000원 PLAYER | P:9♦ 7♦=6  B:10♠ 9♣=9  BANKER(L)  | -4,000원 → 253,600원
H3013 | bet   8,000원 PLAYER | P:J♠ 10♣ 8♣=8  B:7♦ K♣=7  PLAYER(W)  | +8,000원 → 261,600원  [end_win]
H3014 | bet   1,000원 BANKER | P:6♥ 10♣=6  B:10♦ 8♠=8  BANKER(W)  | +950원 → 262,550원
H3015 | bet   1,000원 BANKER | P:Q♦ Q♣ 4♦=4  B:K♣ 5♦ 8♣=3  PLAYER(L)  | -1,000원 → 261,550원  [start]
H3016 | bet   2,000원 PLAYER | P:7♦ A♥=8  B:8♠ 10♥=8  TIE(T)  |     0원 → 261,550원
H3017 | bet   2,000원 PLAYER | P:K♦ 10♣ 3♦=3  B:2♦ 3♥=5  BANKER(L)  | -2,000원 → 259,550원
H3018 | bet   4,000원 PLAYER | P:Q♥ 7♠=7  B:3♠ 9♥ 9♥=1  PLAYER(W)  | +4,000원 → 263,550원  [end_win]
H3019 | bet   1,000원 BANKER | P:2♥ 9♥ 7♣=8  B:K♣ J♣ A♥=1  PLAYER(L)  | -1,000원 → 262,550원  [start]
H3020 | bet   2,000원 PLAYER | P:8♥ A♠=9  B:9♣ 2♣=1  PLAYER(W)  | +2,000원 → 264,550원  [end_win]
H3021 | bet   1,000원 BANKER | P:3♦ A♣ K♣=4  B:9♥ 2♥ 5♠=6  BANKER(W)  | +950원 → 265,500원
H3022 | bet   1,000원 BANKER | P:A♦ 2♠ K♥=3  B:K♦ K♣ 3♣=3  TIE(T)  |     0원 → 265,500원
H3023 | bet   1,000원 BANKER | P:K♥ J♣ 9♣=9  B:2♦ 3♥=5  PLAYER(L)  | -1,000원 → 264,500원  [start]
H3024 | bet   2,000원 PLAYER | P:2♥ J♣ 9♣=1  B:6♠ 9♠=5  BANKER(L)  | -2,000원 → 262,500원
H3025 | bet   4,000원 PLAYER | P:A♠ 6♦=7  B:3♣ 9♠ J♥=2  PLAYER(W)  | +4,000원 → 266,500원  [end_win]
H3026 | bet   1,000원 BANKER | P:4♣ 6♠=0  B:J♠ 9♦=9  BANKER(W)  | +950원 → 267,450원
H3027 | bet   1,000원 BANKER | P:K♥ 7♣=7  B:10♦ 4♣ A♣=5  PLAYER(L)  | -1,000원 → 266,450원  [start]
H3028 | bet   2,000원 PLAYER | P:Q♠ 5♠ Q♣=5  B:K♠ 5♣=5  TIE(T)  |     0원 → 266,450원
H3029 | bet   2,000원 PLAYER | P:4♣ 5♥=9  B:Q♠ K♥=0  PLAYER(W)  | +2,000원 → 268,450원  [end_win]
H3030 | bet   1,000원 BANKER | P:3♠ 2♣ 6♠=1  B:J♠ K♥ A♠=1  TIE(T)  |     0원 → 268,450원
H3031 | bet   1,000원 BANKER | P:6♥ 2♠=8  B:5♦ 8♥=3  PLAYER(L)  | -1,000원 → 267,450원  [start]
H3032 | bet   2,000원 PLAYER | P:9♦ A♥ 4♠=4  B:2♠ 4♦=6  BANKER(L)  | -2,000원 → 265,450원
H3033 | bet   4,000원 PLAYER | P:5♠ A♠=6  B:5♥ 8♠ 3♥=6  TIE(T)  |     0원 → 265,450원
H3034 | bet   4,000원 PLAYER | P:7♥ 7♣ 8♠=2  B:5♣ J♣=5  BANKER(L)  | -4,000원 → 261,450원
H3035 | bet   8,000원 PLAYER | P:Q♥ 2♠ K♦=2  B:5♥ 2♦=7  BANKER(L)  | -8,000원 → 253,450원
H3036 | bet  16,000원 PLAYER | P:2♣ J♠ 8♠=0  B:6♥ 8♠=4  BANKER(L)  | -16,000원 → 237,450원  [end_giveup]
H3037 | bet   1,000원 BANKER | P:8♣ K♣=8  B:K♦ 3♣=3  PLAYER(L)  | -1,000원 → 236,450원  [start]
H3038 | bet   2,000원 PLAYER | P:A♣ J♠ A♦=2  B:K♠ J♠ 10♣=0  PLAYER(W)  | +2,000원 → 238,450원  [end_win]
H3039 | bet   1,000원 BANKER | P:K♠ K♦ K♥=0  B:7♠ 8♥=5  BANKER(W)  | +950원 → 239,400원
H3040 | bet   1,000원 BANKER | P:4♣ 10♠ 9♣=3  B:7♠ 8♦=5  BANKER(W)  | +950원 → 240,350원
H3041 | bet   1,000원 BANKER | P:9♠ 4♠ K♥=3  B:6♦ 10♣=6  BANKER(W)  | +950원 → 241,300원
H3042 | bet   1,000원 BANKER | P:Q♦ 10♠ 9♠=9  B:3♥ 7♦ 4♥=4  PLAYER(L)  | -1,000원 → 240,300원  [start]
H3043 | bet   2,000원 PLAYER | P:9♥ 3♠ 10♦=2  B:Q♠ 7♣=7  BANKER(L)  | -2,000원 → 238,300원
H3044 | bet   4,000원 PLAYER | P:6♣ 7♦ 3♠=6  B:3♥ 3♣=6  TIE(T)  |     0원 → 238,300원
H3045 | bet   4,000원 PLAYER | P:K♠ J♦=0  B:Q♦ 9♣=9  BANKER(L)  | -4,000원 → 234,300원
H3046 | bet   8,000원 PLAYER | P:J♦ J♦ 2♥=2  B:A♣ 5♥=6  BANKER(L)  | -8,000원 → 226,300원
H3047 | bet  16,000원 PLAYER | P:J♠ Q♥ A♥=1  B:4♠ 10♣=4  BANKER(L)  | -16,000원 → 210,300원  [end_giveup]
H3048 | bet   1,000원 BANKER | P:9♥ 9♦=8  B:8♣ 10♥=8  TIE(T)  |     0원 → 210,300원
H3049 | bet   1,000원 BANKER | P:5♦ 10♦ A♣=6  B:4♥ 2♥=6  TIE(T)  |     0원 → 210,300원
H3050 | bet   1,000원 BANKER | P:3♦ 3♦=6  B:3♦ 2♥ Q♦=5  PLAYER(L)  | -1,000원 → 209,300원  [start]
H3051 | bet   2,000원 PLAYER | P:K♠ 6♣=6  B:7♦ 6♠ 5♦=8  BANKER(L)  | -2,000원 → 207,300원
H3052 | bet   4,000원 PLAYER | P:K♥ 6♦=6  B:4♦ 10♦ 7♥=1  PLAYER(W)  | +4,000원 → 211,300원  [end_win]
H3053 | bet   1,000원 BANKER | P:8♦ 4♥ 7♦=9  B:3♣ 3♠ Q♥=6  PLAYER(L)  | -1,000원 → 210,300원  [start]
H3054 | bet   2,000원 PLAYER | P:9♥ 6♥ J♣=5  B:10♥ 4♦=4  PLAYER(W)  | +2,000원 → 212,300원  [end_win]
H3055 | bet   1,000원 BANKER | P:8♥ 3♦=1  B:9♠ Q♦=9  BANKER(W)  | +950원 → 213,250원
H3056 | bet   1,000원 BANKER | P:Q♠ 4♥=4  B:9♦ Q♣=9  BANKER(W)  | +950원 → 214,200원
H3057 | bet   1,000원 BANKER | P:8♦ A♠=9  B:6♣ 7♣=3  PLAYER(L)  | -1,000원 → 213,200원  [start]
H3058 | bet   2,000원 PLAYER | P:2♦ 6♠=8  B:J♣ 4♣=4  PLAYER(W)  | +2,000원 → 215,200원  [end_win]
H3059 | bet   1,000원 BANKER | P:7♥ 2♣=9  B:10♠ Q♣=0  PLAYER(L)  | -1,000원 → 214,200원  [start]
H3060 | bet   2,000원 PLAYER | P:Q♣ 9♣=9  B:J♥ 10♠=0  PLAYER(W)  | +2,000원 → 216,200원  [end_win]
H3061 | bet   1,000원 BANKER | P:5♠ 8♠ 2♦=5  B:2♦ A♠ A♥=4  PLAYER(L)  | -1,000원 → 215,200원  [start]
H3062 | bet   2,000원 PLAYER | P:4♦ 10♦ 2♥=6  B:2♦ 9♦ 9♥=0  PLAYER(W)  | +2,000원 → 217,200원  [end_win]
H3063 | bet   1,000원 BANKER | P:6♠ 10♦=6  B:K♠ K♥ 4♠=4  PLAYER(L)  | -1,000원 → 216,200원  [start]
H3064 | bet   2,000원 PLAYER | P:6♦ Q♥=6  B:J♠ 4♦ A♥=5  PLAYER(W)  | +2,000원 → 218,200원  [end_win]
H3065 | bet   1,000원 BANKER | P:J♣ A♣ 5♦=6  B:J♣ 5♦ 7♣=2  PLAYER(L)  | -1,000원 → 217,200원  [start]
H3066 | bet   2,000원 PLAYER | P:6♠ 5♦ J♣=1  B:Q♠ 4♣=4  BANKER(L)  | -2,000원 → 215,200원
H3067 | bet   4,000원 PLAYER | P:Q♠ A♣=1  B:K♥ 8♥=8  BANKER(L)  | -4,000원 → 211,200원
H3068 | bet   8,000원 PLAYER | P:8♦ 5♥ 9♦=2  B:7♠ 4♥ 8♣=9  BANKER(L)  | -8,000원 → 203,200원
H3069 | bet  16,000원 PLAYER | P:K♣ K♣ K♦=0  B:K♠ J♦ Q♦=0  TIE(T)  |     0원 → 203,200원
H3070 | bet  16,000원 PLAYER | P:2♥ 6♦=8  B:10♥ 6♣=6  PLAYER(W)  | +16,000원 → 219,200원  [end_win]
H3071 | bet   1,000원 BANKER | P:5♣ Q♣ 5♠=0  B:Q♥ 5♠ 5♥=0  TIE(T)  |     0원 → 219,200원
H3072 | bet   1,000원 BANKER | P:A♦ 7♦=8  B:K♠ Q♥=0  PLAYER(L)  | -1,000원 → 218,200원  [start]
H3073 | bet   2,000원 PLAYER | P:10♣ Q♠ A♦=1  B:9♠ 3♥ 4♥=6  BANKER(L)  | -2,000원 → 216,200원
H3074 | bet   4,000원 PLAYER | P:5♥ 7♠ A♦=3  B:K♣ J♦ Q♠=0  PLAYER(W)  | +4,000원 → 220,200원  [end_win]
H3075 | bet   1,000원 BANKER | P:K♥ J♥ 8♠=8  B:K♠ 2♠ 7♣=9  BANKER(W)  | +950원 → 221,150원
H3076 | bet   1,000원 BANKER | P:7♠ 9♥=6  B:3♠ 8♥ 9♣=0  PLAYER(L)  | -1,000원 → 220,150원  [start]
H3077 | bet   2,000원 PLAYER | P:10♣ J♥ 6♥=6  B:9♠ 2♠ 10♠=1  PLAYER(W)  | +2,000원 → 222,150원  [end_win]
H3078 | bet   1,000원 BANKER | P:2♣ 6♣=8  B:10♦ 7♣=7  PLAYER(L)  | -1,000원 → 221,150원  [start]
H3079 | bet   2,000원 PLAYER | P:10♥ K♦=0  B:7♥ A♠=8  BANKER(L)  | -2,000원 → 219,150원
H3080 | bet   4,000원 PLAYER | P:10♦ 2♠ 3♦=5  B:K♣ 4♠ 9♦=3  PLAYER(W)  | +4,000원 → 223,150원  [end_win]
H3081 | bet   1,000원 BANKER | P:4♣ 4♣=8  B:8♦ 8♦=6  PLAYER(L)  | -1,000원 → 222,150원  [start]
H3082 | bet   2,000원 PLAYER | P:9♦ 2♣=1  B:10♣ 9♠=9  BANKER(L)  | -2,000원 → 220,150원
H3083 | bet   4,000원 PLAYER | P:J♠ 6♠=6  B:6♥ 10♥=6  TIE(T)  |     0원 → 220,150원
H3084 | bet   4,000원 PLAYER | P:7♥ 7♦ 3♦=7  B:5♣ A♣=6  PLAYER(W)  | +4,000원 → 224,150원  [end_win]
H3085 | bet   1,000원 BANKER | P:2♣ A♣ K♣=3  B:6♠ Q♣=6  BANKER(W)  | +950원 → 225,100원
H3086 | bet   1,000원 BANKER | P:3♣ 3♣=6  B:K♦ 4♣ 4♠=8  BANKER(W)  | +950원 → 226,050원
H3087 | bet   1,000원 BANKER | P:A♠ 10♠ 6♥=7  B:7♠ 7♠ J♥=4  PLAYER(L)  | -1,000원 → 225,050원  [start]
H3088 | bet   2,000원 PLAYER | P:2♦ 9♥ 6♣=7  B:K♣ 3♥ 8♥=1  PLAYER(W)  | +2,000원 → 227,050원  [end_win]
H3089 | bet   1,000원 BANKER | P:10♣ 6♦=6  B:J♠ Q♣ 6♠=6  TIE(T)  |     0원 → 227,050원
H3090 | bet   1,000원 BANKER | P:4♥ Q♦ Q♦=4  B:Q♠ 5♥=5  BANKER(W)  | +950원 → 228,000원
H3091 | bet   1,000원 BANKER | P:A♠ 5♦=6  B:7♦ 5♣ 3♣=5  PLAYER(L)  | -1,000원 → 227,000원  [start]
H3092 | bet   2,000원 PLAYER | P:7♣ A♦=8  B:6♦ 3♠=9  BANKER(L)  | -2,000원 → 225,000원
H3093 | bet   4,000원 PLAYER | P:J♣ K♦ 4♦=4  B:3♠ 8♥ 5♠=6  BANKER(L)  | -4,000원 → 221,000원
H3094 | bet   8,000원 PLAYER | P:A♠ 7♥=8  B:2♠ 7♥=9  BANKER(L)  | -8,000원 → 213,000원
H3095 | bet  16,000원 PLAYER | P:4♠ 9♣ 6♦=9  B:3♠ A♥ 5♠=9  TIE(T)  |     0원 → 213,000원
H3096 | bet  16,000원 PLAYER | P:10♣ 9♠=9  B:6♥ 2♦=8  PLAYER(W)  | +16,000원 → 229,000원  [end_win]
H3097 | bet   1,000원 BANKER | P:8♣ 9♣=7  B:3♠ 7♣ 4♠=4  PLAYER(L)  | -1,000원 → 228,000원  [start]
H3098 | bet   2,000원 PLAYER | P:J♥ 2♥=2  B:9♣ 10♥=9  BANKER(L)  | -2,000원 → 226,000원
H3099 | bet   4,000원 PLAYER | P:9♥ K♥=9  B:Q♣ 4♦=4  PLAYER(W)  | +4,000원 → 230,000원  [end_win]
H3100 | bet   1,000원 BANKER | P:9♦ Q♠=9  B:4♥ 8♣=2  PLAYER(L)  | -1,000원 → 229,000원  [start]
H3101 | bet   2,000원 PLAYER | P:K♦ 10♠=0  B:8♠ Q♥=8  BANKER(L)  | -2,000원 → 227,000원
H3102 | bet   4,000원 PLAYER | P:A♣ 8♥=9  B:8♣ J♠=8  PLAYER(W)  | +4,000원 → 231,000원  [end_win]
H3103 | bet   1,000원 BANKER | P:A♥ 5♣=6  B:6♣ 4♣ J♥=0  PLAYER(L)  | -1,000원 → 230,000원  [start]
H3104 | bet   2,000원 PLAYER | P:5♠ A♠=6  B:2♥ 5♣=7  BANKER(L)  | -2,000원 → 228,000원
H3105 | bet   4,000원 PLAYER | P:4♦ 5♣=9  B:6♦ 5♣=1  PLAYER(W)  | +4,000원 → 232,000원  [end_win]
H3106 | bet   1,000원 BANKER | P:8♦ 4♣ 7♠=9  B:10♠ J♦ 3♥=3  PLAYER(L)  | -1,000원 → 231,000원  [start]
H3107 | bet   2,000원 PLAYER | P:10♥ 7♦=7  B:6♥ 8♦ A♦=5  PLAYER(W)  | +2,000원 → 233,000원  [end_win]
H3108 | bet   1,000원 BANKER | P:5♠ 9♠ K♣=4  B:A♥ 10♦ 2♣=3  PLAYER(L)  | -1,000원 → 232,000원  [start]
H3109 | bet   2,000원 PLAYER | P:Q♦ 8♣=8  B:10♥ 2♦=2  PLAYER(W)  | +2,000원 → 234,000원  [end_win]
H3110 | bet   1,000원 BANKER | P:J♥ Q♥ J♥=0  B:3♦ 3♣=6  BANKER(W)  | +950원 → 234,950원
H3111 | bet   1,000원 BANKER | P:2♠ 3♣ 5♦=0  B:2♥ A♥ K♥=3  BANKER(W)  | +950원 → 235,900원
H3112 | bet   1,000원 BANKER | P:9♥ 8♠=7  B:J♦ 8♣=8  BANKER(W)  | +950원 → 236,850원
H3113 | bet   1,000원 BANKER | P:5♥ 6♣ 7♥=8  B:J♦ A♦ 3♥=4  PLAYER(L)  | -1,000원 → 235,850원  [start]
H3114 | bet   2,000원 PLAYER | P:9♠ Q♥=9  B:3♣ 3♣=6  PLAYER(W)  | +2,000원 → 237,850원  [end_win]
H3115 | bet   1,000원 BANKER | P:2♥ 3♦ 3♦=8  B:6♣ J♦=6  PLAYER(L)  | -1,000원 → 236,850원  [start]
H3116 | bet   2,000원 PLAYER | P:10♣ Q♠ 10♥=0  B:6♥ 8♥=4  BANKER(L)  | -2,000원 → 234,850원
H3117 | bet   4,000원 PLAYER | P:6♠ 9♥ 7♣=2  B:J♦ 3♠ 3♥=6  BANKER(L)  | -4,000원 → 230,850원
H3118 | bet   8,000원 PLAYER | P:7♣ Q♦=7  B:K♦ 5♠ J♣=5  PLAYER(W)  | +8,000원 → 238,850원  [end_win]
H3119 | bet   1,000원 BANKER | P:2♠ J♣=2  B:A♠ 8♦=9  BANKER(W)  | +950원 → 239,800원
H3120 | bet   1,000원 BANKER | P:7♣ 9♠=6  B:A♠ A♣ 10♥=2  PLAYER(L)  | -1,000원 → 238,800원  [start]
H3121 | bet   2,000원 PLAYER | P:Q♠ A♣ 5♠=6  B:K♠ 4♥ 10♠=4  PLAYER(W)  | +2,000원 → 240,800원  [end_win]
H3122 | bet   1,000원 BANKER | P:2♦ 4♣=6  B:5♣ 6♠ 2♥=3  PLAYER(L)  | -1,000원 → 239,800원  [start]
H3123 | bet   2,000원 PLAYER | P:3♦ 7♥=0  B:9♣ Q♣=9  BANKER(L)  | -2,000원 → 237,800원
H3124 | bet   4,000원 PLAYER | P:4♣ J♣ A♦=5  B:A♥ 4♦=5  TIE(T)  |     0원 → 237,800원
H3125 | bet   4,000원 PLAYER | P:Q♠ Q♣ 6♥=6  B:8♣ 9♦=7  BANKER(L)  | -4,000원 → 233,800원
H3126 | bet   8,000원 PLAYER | P:7♣ 4♥ J♥=1  B:5♦ 2♣=7  BANKER(L)  | -8,000원 → 225,800원
H3127 | bet  16,000원 PLAYER | P:K♥ 4♦ 4♠=8  B:2♣ 2♣ 7♦=1  PLAYER(W)  | +16,000원 → 241,800원  [end_win]
H3128 | bet   1,000원 BANKER | P:10♦ K♦ 4♦=4  B:4♥ Q♦ 7♠=1  PLAYER(L)  | -1,000원 → 240,800원  [start]
H3129 | bet   2,000원 PLAYER | P:6♣ 5♥=1  B:K♦ 9♥=9  BANKER(L)  | -2,000원 → 238,800원
H3130 | bet   4,000원 PLAYER | P:10♣ K♠ K♠=0  B:4♥ Q♣=4  BANKER(L)  | -4,000원 → 234,800원
H3131 | bet   8,000원 PLAYER | P:6♣ 7♠ 3♥=6  B:3♥ K♦ 8♣=1  PLAYER(W)  | +8,000원 → 242,800원  [end_win]
H3132 | bet   1,000원 BANKER | P:9♣ 3♣ 9♣=1  B:Q♥ 5♠=5  BANKER(W)  | +950원 → 243,750원
H3133 | bet   1,000원 BANKER | P:4♠ Q♥ K♠=4  B:9♣ 2♦ Q♦=1  PLAYER(L)  | -1,000원 → 242,750원  [start]
H3134 | bet   2,000원 PLAYER | P:Q♥ K♠ 9♥=9  B:8♦ 5♥ A♣=4  PLAYER(W)  | +2,000원 → 244,750원  [end_win]
H3135 | bet   1,000원 BANKER | P:6♦ 10♥=6  B:K♦ 4♦ J♠=4  PLAYER(L)  | -1,000원 → 243,750원  [start]
H3136 | bet   2,000원 PLAYER | P:4♣ 4♦=8  B:A♦ A♣=2  PLAYER(W)  | +2,000원 → 245,750원  [end_win]
H3137 | bet   1,000원 BANKER | P:5♥ A♣=6  B:6♦ 6♠ 10♣=2  PLAYER(L)  | -1,000원 → 244,750원  [start]
H3138 | bet   2,000원 PLAYER | P:6♣ 3♠=9  B:K♥ A♣=1  PLAYER(W)  | +2,000원 → 246,750원  [end_win]
H3139 | bet   1,000원 BANKER | P:4♥ 2♦=6  B:6♦ Q♦=6  TIE(T)  |     0원 → 246,750원
H3140 | bet   1,000원 BANKER | P:4♦ 5♣=9  B:Q♣ 2♠=2  PLAYER(L)  | -1,000원 → 245,750원  [start]
H3141 | bet   2,000원 PLAYER | P:10♣ Q♠ 5♦=5  B:A♥ K♥ 10♥=1  PLAYER(W)  | +2,000원 → 247,750원  [end_win]
H3142 | bet   1,000원 BANKER | P:4♣ 5♣=9  B:J♦ 2♥=2  PLAYER(L)  | -1,000원 → 246,750원  [start]
H3143 | bet   2,000원 PLAYER | P:9♠ 8♠=7  B:4♦ J♣ 3♣=7  TIE(T)  |     0원 → 246,750원
H3144 | bet   2,000원 PLAYER | P:6♦ 10♦=6  B:3♠ Q♥ K♣=3  PLAYER(W)  | +2,000원 → 248,750원  [end_win]
H3145 | bet   1,000원 BANKER | P:7♣ A♥=8  B:7♦ 10♦=7  PLAYER(L)  | -1,000원 → 247,750원  [start]
H3146 | bet   2,000원 PLAYER | P:3♣ 8♥ 10♠=1  B:8♠ 7♣=5  BANKER(L)  | -2,000원 → 245,750원
H3147 | bet   4,000원 PLAYER | P:10♠ 2♣ 2♠=4  B:10♠ 5♦=5  BANKER(L)  | -4,000원 → 241,750원
H3148 | bet   8,000원 PLAYER | P:3♦ A♦ 10♣=4  B:5♣ A♠=6  BANKER(L)  | -8,000원 → 233,750원
H3149 | bet  16,000원 PLAYER | P:Q♦ 9♣=9  B:3♦ J♦=3  PLAYER(W)  | +16,000원 → 249,750원  [end_win]
H3150 | bet   1,000원 BANKER | P:A♣ 4♠ 2♠=7  B:10♠ 4♠ Q♣=4  PLAYER(L)  | -1,000원 → 248,750원  [start]
H3151 | bet   2,000원 PLAYER | P:K♥ 2♣ Q♣=2  B:K♦ 7♦=7  BANKER(L)  | -2,000원 → 246,750원
H3152 | bet   4,000원 PLAYER | P:5♦ 6♣ 7♦=8  B:K♣ J♥ 7♥=7  PLAYER(W)  | +4,000원 → 250,750원  [end_win]
H3153 | bet   1,000원 BANKER | P:K♠ Q♣=0  B:A♦ 7♠=8  BANKER(W)  | +950원 → 251,700원
H3154 | bet   1,000원 BANKER | P:10♦ J♥=0  B:8♣ 10♥=8  BANKER(W)  | +950원 → 252,650원
H3155 | bet   1,000원 BANKER | P:5♣ 3♠=8  B:3♥ J♠=3  PLAYER(L)  | -1,000원 → 251,650원  [start]
H3156 | bet   2,000원 PLAYER | P:6♥ 3♥=9  B:A♦ 9♦=0  PLAYER(W)  | +2,000원 → 253,650원  [end_win]
H3157 | bet   1,000원 BANKER | P:9♥ 8♣=7  B:5♠ 2♣=7  TIE(T)  |     0원 → 253,650원
H3158 | bet   1,000원 BANKER | P:7♠ 10♦=7  B:4♠ 8♣ 7♠=9  BANKER(W)  | +950원 → 254,600원
H3159 | bet   1,000원 BANKER | P:8♥ 2♦=0  B:5♥ 4♣=9  BANKER(W)  | +950원 → 255,550원
H3160 | bet   1,000원 BANKER | P:A♦ 3♠ 6♥=0  B:9♠ A♥ J♦=0  TIE(T)  |     0원 → 255,550원
H3161 | bet   1,000원 BANKER | P:J♠ 8♦=8  B:2♥ 5♦=7  PLAYER(L)  | -1,000원 → 254,550원  [start]
H3162 | bet   2,000원 PLAYER | P:8♠ 10♥=8  B:A♦ 8♣=9  BANKER(L)  | -2,000원 → 252,550원
H3163 | bet   4,000원 PLAYER | P:9♣ 9♥=8  B:J♣ 8♠=8  TIE(T)  |     0원 → 252,550원
H3164 | bet   4,000원 PLAYER | P:J♠ 3♣=3  B:9♦ 9♠=8  BANKER(L)  | -4,000원 → 248,550원
H3165 | bet   8,000원 PLAYER | P:K♣ 10♦ 6♠=6  B:5♣ 7♠ 6♦=8  BANKER(L)  | -8,000원 → 240,550원
H3166 | bet  16,000원 PLAYER | P:3♥ J♥ 3♣=6  B:10♦ 5♠=5  PLAYER(W)  | +16,000원 → 256,550원  [end_win]
H3167 | bet   1,000원 BANKER | P:7♦ J♥=7  B:2♣ 4♠=6  PLAYER(L)  | -1,000원 → 255,550원  [start]
H3168 | bet   2,000원 PLAYER | P:9♠ J♥=9  B:J♠ 2♣=2  PLAYER(W)  | +2,000원 → 257,550원  [end_win]
H3169 | bet   1,000원 BANKER | P:2♠ 8♥ 8♦=8  B:J♣ 7♥=7  PLAYER(L)  | -1,000원 → 256,550원  [start]
H3170 | bet   2,000원 PLAYER | P:9♥ J♥=9  B:J♣ 2♦=2  PLAYER(W)  | +2,000원 → 258,550원  [end_win]
H3171 | bet   1,000원 BANKER | P:5♣ 10♠=5  B:4♥ 5♥=9  BANKER(W)  | +950원 → 259,500원
H3172 | bet   1,000원 BANKER | P:8♠ 8♥=6  B:6♠ 7♥ K♦=3  PLAYER(L)  | -1,000원 → 258,500원  [start]
H3173 | bet   2,000원 PLAYER | P:2♦ K♠ Q♥=2  B:J♠ 6♠=6  BANKER(L)  | -2,000원 → 256,500원
H3174 | bet   4,000원 PLAYER | P:8♥ 2♥ 9♣=9  B:Q♦ 5♠=5  PLAYER(W)  | +4,000원 → 260,500원  [end_win]
H3175 | bet   1,000원 BANKER | P:9♣ 10♣=9  B:10♥ 2♥=2  PLAYER(L)  | -1,000원 → 259,500원  [start]
H3176 | bet   2,000원 PLAYER | P:3♥ 10♠ J♦=3  B:3♦ 7♥ A♠=1  PLAYER(W)  | +2,000원 → 261,500원  [end_win]
H3177 | bet   1,000원 BANKER | P:4♦ Q♠ Q♠=4  B:J♦ 6♣=6  BANKER(W)  | +950원 → 262,450원
H3178 | bet   1,000원 BANKER | P:8♠ 9♦=7  B:8♠ 3♦ 8♥=9  BANKER(W)  | +950원 → 263,400원
H3179 | bet   1,000원 BANKER | P:5♥ 7♣ 5♣=7  B:6♠ 6♦ 7♠=9  BANKER(W)  | +950원 → 264,350원
H3180 | bet   1,000원 BANKER | P:A♠ 4♥ 7♥=2  B:K♠ K♦ 3♣=3  BANKER(W)  | +950원 → 265,300원
H3181 | bet   1,000원 BANKER | P:10♠ A♥ Q♠=1  B:10♣ 6♥=6  BANKER(W)  | +950원 → 266,250원
H3182 | bet   1,000원 BANKER | P:9♥ 5♦ 6♦=0  B:6♥ J♠ 10♣=6  BANKER(W)  | +950원 → 267,200원
H3183 | bet   1,000원 BANKER | P:7♣ 8♥ K♥=5  B:Q♥ A♠ 5♦=6  BANKER(W)  | +950원 → 268,150원
H3184 | bet   1,000원 BANKER | P:6♣ 4♥ K♣=0  B:5♠ 8♦ K♣=3  BANKER(W)  | +950원 → 269,100원
H3185 | bet   1,000원 BANKER | P:8♣ 5♥ 4♣=7  B:9♦ 7♦=6  PLAYER(L)  | -1,000원 → 268,100원  [start]
H3186 | bet   2,000원 PLAYER | P:10♥ J♠=0  B:K♣ 9♦=9  BANKER(L)  | -2,000원 → 266,100원
H3187 | bet   4,000원 PLAYER | P:4♣ Q♦ 3♠=7  B:5♦ J♥=5  PLAYER(W)  | +4,000원 → 270,100원  [end_win]
H3188 | bet   1,000원 BANKER | P:8♦ 2♠ 3♠=3  B:8♣ 4♠ K♥=2  PLAYER(L)  | -1,000원 → 269,100원  [start]
H3189 | bet   2,000원 PLAYER | P:6♠ 8♠ 9♥=3  B:6♦ 6♥ 7♥=9  BANKER(L)  | -2,000원 → 267,100원
H3190 | bet   4,000원 PLAYER | P:5♠ 3♠=8  B:4♣ Q♠=4  PLAYER(W)  | +4,000원 → 271,100원  [end_win]
H3191 | bet   1,000원 BANKER | P:K♥ K♥ 7♥=7  B:A♦ 3♥ A♥=5  PLAYER(L)  | -1,000원 → 270,100원  [start]
H3192 | bet   2,000원 PLAYER | P:3♦ A♠ 10♦=4  B:6♣ 7♦ 2♠=5  BANKER(L)  | -2,000원 → 268,100원
H3193 | bet   4,000원 PLAYER | P:7♠ Q♥=7  B:A♣ 2♠ 2♦=5  PLAYER(W)  | +4,000원 → 272,100원  [end_win]
H3194 | bet   1,000원 BANKER | P:9♦ 2♥=1  B:9♠ 9♦=8  BANKER(W)  | +950원 → 273,050원
H3195 | bet   1,000원 BANKER | P:Q♣ 7♦=7  B:A♥ 4♠ 8♦=3  PLAYER(L)  | -1,000원 → 272,050원  [start]
H3196 | bet   2,000원 PLAYER | P:K♣ Q♥ 4♥=4  B:J♠ 2♠ A♦=3  PLAYER(W)  | +2,000원 → 274,050원  [end_win]
H3197 | bet   1,000원 BANKER | P:10♣ 2♥ J♣=2  B:2♥ 3♦=5  BANKER(W)  | +950원 → 275,000원
H3198 | bet   1,000원 BANKER | P:Q♣ K♣=0  B:K♦ 8♣=8  BANKER(W)  | +950원 → 275,950원
H3199 | bet   1,000원 BANKER | P:8♠ 9♦=7  B:6♦ Q♠=6  PLAYER(L)  | -1,000원 → 274,950원  [start]
H3200 | bet   2,000원 PLAYER | P:Q♥ K♥ 6♠=6  B:2♠ 9♦ 7♦=8  BANKER(L)  | -2,000원 → 272,950원
H3201 | bet   4,000원 PLAYER | P:6♦ 10♥=6  B:6♣ 9♦ K♥=5  PLAYER(W)  | +4,000원 → 276,950원  [end_win]
H3202 | bet   1,000원 BANKER | P:7♥ Q♠=7  B:6♥ 6♠ A♦=3  PLAYER(L)  | -1,000원 → 275,950원  [start]
H3203 | bet   2,000원 PLAYER | P:9♣ 3♠ 10♦=2  B:K♠ K♠ 7♠=7  BANKER(L)  | -2,000원 → 273,950원
H3204 | bet   4,000원 PLAYER | P:2♥ J♥ 7♥=9  B:A♦ 4♥ K♥=5  PLAYER(W)  | +4,000원 → 277,950원  [end_win]
H3205 | bet   1,000원 BANKER | P:K♣ Q♥ 5♥=5  B:2♣ 10♦ 8♠=0  PLAYER(L)  | -1,000원 → 276,950원  [start]
H3206 | bet   2,000원 PLAYER | P:K♦ A♠ 7♣=8  B:8♥ 8♥ 3♠=9  BANKER(L)  | -2,000원 → 274,950원
H3207 | bet   4,000원 PLAYER | P:10♠ 9♦=9  B:3♦ 10♥=3  PLAYER(W)  | +4,000원 → 278,950원  [end_win]
H3208 | bet   1,000원 BANKER | P:2♦ 5♣=7  B:J♣ 7♥=7  TIE(T)  |     0원 → 278,950원
H3209 | bet   1,000원 BANKER | P:10♣ 4♣ A♥=5  B:10♠ 6♥=6  BANKER(W)  | +950원 → 279,900원
H3210 | bet   1,000원 BANKER | P:5♠ 9♠ K♥=4  B:7♣ J♠=7  BANKER(W)  | +950원 → 280,850원
H3211 | bet   1,000원 BANKER | P:5♣ 3♠=8  B:8♦ 8♠=6  PLAYER(L)  | -1,000원 → 279,850원  [start]
H3212 | bet   2,000원 PLAYER | P:7♠ J♥=7  B:4♦ 9♠ J♦=3  PLAYER(W)  | +2,000원 → 281,850원  [end_win]
H3213 | bet   1,000원 BANKER | P:10♦ 4♣ 9♠=3  B:7♥ 6♣ J♣=3  TIE(T)  |     0원 → 281,850원
H3214 | bet   1,000원 BANKER | P:7♥ 5♠ Q♣=2  B:7♠ 10♥=7  BANKER(W)  | +950원 → 282,800원
H3215 | bet   1,000원 BANKER | P:6♥ Q♠=6  B:3♦ 6♠=9  BANKER(W)  | +950원 → 283,750원
H3216 | bet   1,000원 BANKER | P:4♠ 5♠=9  B:10♠ Q♥=0  PLAYER(L)  | -1,000원 → 282,750원  [start]
H3217 | bet   2,000원 PLAYER | P:6♦ J♦=6  B:Q♦ 5♦ 5♣=0  PLAYER(W)  | +2,000원 → 284,750원  [end_win]
H3218 | bet   1,000원 BANKER | P:A♣ 7♣=8  B:10♦ Q♦=0  PLAYER(L)  | -1,000원 → 283,750원  [start]
H3219 | bet   2,000원 PLAYER | P:8♦ 3♠ 5♦=6  B:Q♦ 2♠ A♠=3  PLAYER(W)  | +2,000원 → 285,750원  [end_win]
H3220 | bet   1,000원 BANKER | P:Q♣ 2♣ J♠=2  B:9♥ 3♣ A♠=3  BANKER(W)  | +950원 → 286,700원
H3221 | bet   1,000원 BANKER | P:4♠ 4♣=8  B:9♠ 9♦=8  TIE(T)  |     0원 → 286,700원
H3222 | bet   1,000원 BANKER | P:5♦ 4♦=9  B:10♥ 5♠=5  PLAYER(L)  | -1,000원 → 285,700원  [start]
H3223 | bet   2,000원 PLAYER | P:J♠ A♣=1  B:9♣ Q♣=9  BANKER(L)  | -2,000원 → 283,700원
H3224 | bet   4,000원 PLAYER | P:9♥ J♠=9  B:10♠ 3♠=3  PLAYER(W)  | +4,000원 → 287,700원  [end_win]
H3225 | bet   1,000원 BANKER | P:2♦ 8♣ 7♣=7  B:Q♠ Q♦ 10♦=0  PLAYER(L)  | -1,000원 → 286,700원  [start]
H3226 | bet   2,000원 PLAYER | P:9♣ 2♣ K♦=1  B:5♣ 2♦=7  BANKER(L)  | -2,000원 → 284,700원
H3227 | bet   4,000원 PLAYER | P:7♦ 6♥=3  B:Q♠ 8♣=8  BANKER(L)  | -4,000원 → 280,700원
H3228 | bet   8,000원 PLAYER | P:J♣ 9♠=9  B:K♦ A♥=1  PLAYER(W)  | +8,000원 → 288,700원  [end_win]
H3229 | bet   1,000원 BANKER | P:K♠ Q♥=0  B:4♣ 4♠=8  BANKER(W)  | +950원 → 289,650원
H3230 | bet   1,000원 BANKER | P:K♣ 5♦ 5♣=0  B:9♥ 8♦=7  BANKER(W)  | +950원 → 290,600원
H3231 | bet   1,000원 BANKER | P:6♦ Q♠=6  B:K♥ 7♦=7  BANKER(W)  | +950원 → 291,550원
H3232 | bet   1,000원 BANKER | P:5♥ 5♠ 7♣=7  B:9♥ 6♦ 8♦=3  PLAYER(L)  | -1,000원 → 290,550원  [start]
H3233 | bet   2,000원 PLAYER | P:7♦ 3♠ 6♦=6  B:6♥ A♦=7  BANKER(L)  | -2,000원 → 288,550원
H3234 | bet   4,000원 PLAYER | P:K♥ 5♣ A♣=6  B:A♠ J♣ A♣=2  PLAYER(W)  | +4,000원 → 292,550원  [end_win]
H3235 | bet   1,000원 BANKER | P:Q♠ 6♥=6  B:10♥ 8♦=8  BANKER(W)  | +950원 → 293,500원
H3236 | bet   1,000원 BANKER | P:9♣ 2♦=1  B:2♥ 7♠=9  BANKER(W)  | +950원 → 294,450원
H3237 | bet   1,000원 BANKER | P:2♠ J♣ 9♦=1  B:10♦ K♦ 10♣=0  PLAYER(L)  | -1,000원 → 293,450원  [start]
H3238 | bet   2,000원 PLAYER | P:K♣ Q♥ 4♣=4  B:6♠ K♦=6  BANKER(L)  | -2,000원 → 291,450원
H3239 | bet   4,000원 PLAYER | P:A♣ 2♣ 4♦=7  B:7♣ K♣=7  TIE(T)  |     0원 → 291,450원
H3240 | bet   4,000원 PLAYER | P:9♠ 9♥=8  B:4♠ 5♥=9  BANKER(L)  | -4,000원 → 287,450원
H3241 | bet   8,000원 PLAYER | P:4♥ 7♠ 2♠=3  B:6♥ 4♠ 8♣=8  BANKER(L)  | -8,000원 → 279,450원
H3242 | bet  16,000원 PLAYER | P:K♠ 2♥ K♠=2  B:7♥ 6♣ 5♦=8  BANKER(L)  | -16,000원 → 263,450원  [end_giveup]
H3243 | bet   1,000원 BANKER | P:2♥ 4♠=6  B:J♦ 2♠ 10♥=2  PLAYER(L)  | -1,000원 → 262,450원  [start]
H3244 | bet   2,000원 PLAYER | P:10♥ 4♠ K♣=4  B:4♠ 9♣ 2♥=5  BANKER(L)  | -2,000원 → 260,450원
H3245 | bet   4,000원 PLAYER | P:8♣ 6♠ 3♥=7  B:6♠ 5♦ K♦=1  PLAYER(W)  | +4,000원 → 264,450원  [end_win]
H3246 | bet   1,000원 BANKER | P:J♠ 9♥=9  B:10♣ 3♦=3  PLAYER(L)  | -1,000원 → 263,450원  [start]
H3247 | bet   2,000원 PLAYER | P:8♥ 8♠=6  B:A♥ J♦ 9♦=0  PLAYER(W)  | +2,000원 → 265,450원  [end_win]
H3248 | bet   1,000원 BANKER | P:9♥ 2♠ J♥=1  B:A♦ 3♥=4  BANKER(W)  | +950원 → 266,400원
H3249 | bet   1,000원 BANKER | P:8♦ 8♣=6  B:A♦ A♥ 4♥=6  TIE(T)  |     0원 → 266,400원
H3250 | bet   1,000원 BANKER | P:3♣ 3♥=6  B:5♥ K♣ 3♠=8  BANKER(W)  | +950원 → 267,350원
H3251 | bet   1,000원 BANKER | P:A♣ 4♥ 10♣=5  B:4♦ 7♦ 8♥=9  BANKER(W)  | +950원 → 268,300원
H3252 | bet   1,000원 BANKER | P:10♣ 8♥=8  B:9♠ 5♠=4  PLAYER(L)  | -1,000원 → 267,300원  [start]
H3253 | bet   2,000원 PLAYER | P:6♦ J♠=6  B:A♥ 10♥ 5♥=6  TIE(T)  |     0원 → 267,300원
H3254 | bet   2,000원 PLAYER | P:5♥ 8♠ 6♠=9  B:A♥ K♦ 7♦=8  PLAYER(W)  | +2,000원 → 269,300원  [end_win]
H3255 | bet   1,000원 BANKER | P:3♥ 8♠ 4♥=5  B:5♠ 5♣ 2♥=2  PLAYER(L)  | -1,000원 → 268,300원  [start]
H3256 | bet   2,000원 PLAYER | P:10♦ Q♦ 2♠=2  B:J♣ 10♣ 4♣=4  BANKER(L)  | -2,000원 → 266,300원
H3257 | bet   4,000원 PLAYER | P:K♥ 3♠ 8♥=1  B:9♣ 7♣=6  BANKER(L)  | -4,000원 → 262,300원
H3258 | bet   8,000원 PLAYER | P:Q♦ J♦ 7♣=7  B:Q♦ 3♥ 10♦=3  PLAYER(W)  | +8,000원 → 270,300원  [end_win]
H3259 | bet   1,000원 BANKER | P:7♠ 7♠ Q♠=4  B:3♦ 4♥=7  BANKER(W)  | +950원 → 271,250원
H3260 | bet   1,000원 BANKER | P:6♣ 2♦=8  B:6♦ 7♦=3  PLAYER(L)  | -1,000원 → 270,250원  [start]
H3261 | bet   2,000원 PLAYER | P:4♦ 3♣=7  B:J♥ 3♦ 6♣=9  BANKER(L)  | -2,000원 → 268,250원
H3262 | bet   4,000원 PLAYER | P:7♥ 10♣=7  B:Q♦ 9♥=9  BANKER(L)  | -4,000원 → 264,250원
H3263 | bet   8,000원 PLAYER | P:9♣ 5♦=4  B:3♥ 5♥=8  BANKER(L)  | -8,000원 → 256,250원
H3264 | bet  16,000원 PLAYER | P:3♦ 9♠ 3♣=5  B:4♦ 8♥ 5♣=7  BANKER(L)  | -16,000원 → 240,250원  [end_giveup]
H3265 | bet   1,000원 BANKER | P:K♠ A♣ 6♣=7  B:3♦ Q♣ 2♦=5  PLAYER(L)  | -1,000원 → 239,250원  [start]
H3266 | bet   2,000원 PLAYER | P:Q♥ A♦ 3♥=4  B:9♦ 8♣=7  BANKER(L)  | -2,000원 → 237,250원
H3267 | bet   4,000원 PLAYER | P:A♥ K♥ Q♣=1  B:7♥ 6♣ J♥=3  BANKER(L)  | -4,000원 → 233,250원
H3268 | bet   8,000원 PLAYER | P:J♣ 2♦ 8♦=0  B:9♣ 4♣=3  BANKER(L)  | -8,000원 → 225,250원
H3269 | bet  16,000원 PLAYER | P:10♠ 8♣=8  B:10♠ A♠=1  PLAYER(W)  | +16,000원 → 241,250원  [end_win]
H3270 | bet   1,000원 BANKER | P:4♦ J♥ A♥=5  B:3♣ 7♦ 2♣=2  PLAYER(L)  | -1,000원 → 240,250원  [start]
H3271 | bet   2,000원 PLAYER | P:10♠ J♦ A♣=1  B:J♠ 5♦=5  BANKER(L)  | -2,000원 → 238,250원
H3272 | bet   4,000원 PLAYER | P:A♦ 2♣ 2♦=5  B:3♣ J♦ A♠=4  PLAYER(W)  | +4,000원 → 242,250원  [end_win]
H3273 | bet   1,000원 BANKER | P:4♥ 4♣=8  B:6♥ 2♣=8  TIE(T)  |     0원 → 242,250원
H3274 | bet   1,000원 BANKER | P:8♠ 5♠ Q♣=3  B:3♣ A♠=4  BANKER(W)  | +950원 → 243,200원
H3275 | bet   1,000원 BANKER | P:3♥ 7♠ A♠=1  B:6♣ 10♠=6  BANKER(W)  | +950원 → 244,150원
H3276 | bet   1,000원 BANKER | P:6♠ 5♥ 8♥=9  B:3♣ J♦=3  PLAYER(L)  | -1,000원 → 243,150원  [start]
H3277 | bet   2,000원 PLAYER | P:9♥ 3♥ 10♦=2  B:5♥ 7♦ A♣=3  BANKER(L)  | -2,000원 → 241,150원
H3278 | bet   4,000원 PLAYER | P:Q♠ 4♣ 6♥=0  B:3♣ J♣ K♥=3  BANKER(L)  | -4,000원 → 237,150원
H3279 | bet   8,000원 PLAYER | P:6♣ 4♥=0  B:8♣ J♦=8  BANKER(L)  | -8,000원 → 229,150원
H3280 | bet  16,000원 PLAYER | P:3♥ J♠=3  B:9♥ K♣=9  BANKER(L)  | -16,000원 → 213,150원  [end_giveup]
H3281 | bet   1,000원 BANKER | P:7♣ A♦=8  B:Q♥ 5♠=5  PLAYER(L)  | -1,000원 → 212,150원  [start]
H3282 | bet   2,000원 PLAYER | P:A♥ K♠ 5♥=6  B:4♠ A♠ 7♥=2  PLAYER(W)  | +2,000원 → 214,150원  [end_win]
H3283 | bet   1,000원 BANKER | P:10♠ 10♥ 9♠=9  B:2♦ 4♠=6  PLAYER(L)  | -1,000원 → 213,150원  [start]
H3284 | bet   2,000원 PLAYER | P:8♠ 2♣=0  B:2♥ 6♣=8  BANKER(L)  | -2,000원 → 211,150원
H3285 | bet   4,000원 PLAYER | P:3♠ 10♦ 6♦=9  B:K♥ K♦ J♦=0  PLAYER(W)  | +4,000원 → 215,150원  [end_win]
H3286 | bet   1,000원 BANKER | P:10♠ 10♥ 3♥=3  B:A♥ 3♥ 5♣=9  BANKER(W)  | +950원 → 216,100원
H3287 | bet   1,000원 BANKER | P:2♥ A♥ 8♦=1  B:3♠ Q♠=3  BANKER(W)  | +950원 → 217,050원
H3288 | bet   1,000원 BANKER | P:6♥ 4♥ Q♦=0  B:2♠ 9♠ 8♥=9  BANKER(W)  | +950원 → 218,000원
H3289 | bet   1,000원 BANKER | P:5♣ 5♣ K♣=0  B:J♣ J♥ A♦=1  BANKER(W)  | +950원 → 218,950원
H3290 | bet   1,000원 BANKER | P:Q♥ 6♦=6  B:Q♦ 8♥=8  BANKER(W)  | +950원 → 219,900원
H3291 | bet   1,000원 BANKER | P:8♥ 9♠=7  B:J♦ 2♣ 5♠=7  TIE(T)  |     0원 → 219,900원
H3292 | bet   1,000원 BANKER | P:8♠ 5♠ 8♠=1  B:10♠ Q♦ 7♣=7  BANKER(W)  | +950원 → 220,850원
H3293 | bet   1,000원 BANKER | P:3♣ 5♦=8  B:Q♣ 8♠=8  TIE(T)  |     0원 → 220,850원
H3294 | bet   1,000원 BANKER | P:K♠ 10♥ 2♣=2  B:8♥ 7♥=5  BANKER(W)  | +950원 → 221,800원
H3295 | bet   1,000원 BANKER | P:10♣ 6♠=6  B:5♥ A♣=6  TIE(T)  |     0원 → 221,800원
H3296 | bet   1,000원 BANKER | P:10♣ 9♠=9  B:7♠ A♠=8  PLAYER(L)  | -1,000원 → 220,800원  [start]
H3297 | bet   2,000원 PLAYER | P:K♦ 5♣ 2♦=7  B:6♥ 8♦ 7♠=1  PLAYER(W)  | +2,000원 → 222,800원  [end_win]
H3298 | bet   1,000원 BANKER | P:5♣ 2♣=7  B:2♠ 2♠ 5♦=9  BANKER(W)  | +950원 → 223,750원
H3299 | bet   1,000원 BANKER | P:10♥ Q♦ 4♣=4  B:A♥ 9♠ A♠=1  PLAYER(L)  | -1,000원 → 222,750원  [start]
H3300 | bet   2,000원 PLAYER | P:10♥ 9♠=9  B:9♥ 7♥=6  PLAYER(W)  | +2,000원 → 224,750원  [end_win]
H3301 | bet   1,000원 BANKER | P:J♣ 5♠=5  B:8♣ Q♣=8  BANKER(W)  | +950원 → 225,700원
H3302 | bet   1,000원 BANKER | P:10♦ 4♣ 5♦=9  B:6♥ 4♥ 3♣=3  PLAYER(L)  | -1,000원 → 224,700원  [start]
H3303 | bet   2,000원 PLAYER | P:7♦ Q♣=7  B:J♦ 2♣ 2♠=4  PLAYER(W)  | +2,000원 → 226,700원  [end_win]
H3304 | bet   1,000원 BANKER | P:K♣ J♣=0  B:K♥ 9♥=9  BANKER(W)  | +950원 → 227,650원
H3305 | bet   1,000원 BANKER | P:8♦ 8♠=6  B:7♣ A♦=8  BANKER(W)  | +950원 → 228,600원
H3306 | bet   1,000원 BANKER | P:2♥ 9♦ K♣=1  B:K♣ 5♣=5  BANKER(W)  | +950원 → 229,550원
H3307 | bet   1,000원 BANKER | P:3♠ 4♥=7  B:8♥ K♥=8  BANKER(W)  | +950원 → 230,500원
H3308 | bet   1,000원 BANKER | P:4♦ 7♦ 7♠=8  B:7♣ 3♣ J♦=0  PLAYER(L)  | -1,000원 → 229,500원  [start]
H3309 | bet   2,000원 PLAYER | P:Q♦ 8♦=8  B:9♦ 10♥=9  BANKER(L)  | -2,000원 → 227,500원
H3310 | bet   4,000원 PLAYER | P:A♥ 8♦=9  B:8♣ 8♦=6  PLAYER(W)  | +4,000원 → 231,500원  [end_win]
H3311 | bet   1,000원 BANKER | P:J♣ A♥ Q♠=1  B:9♦ 7♥=6  BANKER(W)  | +950원 → 232,450원
H3312 | bet   1,000원 BANKER | P:3♣ A♠ 4♦=8  B:K♣ J♥ 6♥=6  PLAYER(L)  | -1,000원 → 231,450원  [start]
H3313 | bet   2,000원 PLAYER | P:10♣ 2♦ Q♥=2  B:4♦ 3♦=7  BANKER(L)  | -2,000원 → 229,450원
H3314 | bet   4,000원 PLAYER | P:K♦ J♠=0  B:5♥ 4♠=9  BANKER(L)  | -4,000원 → 225,450원
H3315 | bet   8,000원 PLAYER | P:4♦ 8♥=2  B:A♣ 8♥=9  BANKER(L)  | -8,000원 → 217,450원
H3316 | bet  16,000원 PLAYER | P:K♦ 6♥=6  B:9♠ K♦=9  BANKER(L)  | -16,000원 → 201,450원  [end_giveup]
H3317 | bet   1,000원 BANKER | P:7♣ A♣=8  B:Q♠ 3♠=3  PLAYER(L)  | -1,000원 → 200,450원  [start]
H3318 | bet   2,000원 PLAYER | P:A♦ 4♥ 4♣=9  B:A♠ 9♣ 3♥=3  PLAYER(W)  | +2,000원 → 202,450원  [end_win]
H3319 | bet   1,000원 BANKER | P:3♣ 7♣ 2♥=2  B:Q♠ 10♦ J♥=0  PLAYER(L)  | -1,000원 → 201,450원  [start]
H3320 | bet   2,000원 PLAYER | P:Q♣ 6♣=6  B:2♣ A♦ Q♠=3  PLAYER(W)  | +2,000원 → 203,450원  [end_win]
H3321 | bet   1,000원 BANKER | P:4♦ 6♦ 3♦=3  B:Q♣ 10♣ 3♦=3  TIE(T)  |     0원 → 203,450원
H3322 | bet   1,000원 BANKER | P:9♦ 4♣ 9♣=2  B:4♠ A♦=5  BANKER(W)  | +950원 → 204,400원
H3323 | bet   1,000원 BANKER | P:8♣ K♦=8  B:A♣ J♠=1  PLAYER(L)  | -1,000원 → 203,400원  [start]
H3324 | bet   2,000원 PLAYER | P:J♥ 2♥ 5♣=7  B:Q♥ 3♥ 5♠=8  BANKER(L)  | -2,000원 → 201,400원
H3325 | bet   4,000원 PLAYER | P:7♠ 7♦ 6♥=0  B:9♦ 3♦ 2♦=4  BANKER(L)  | -4,000원 → 197,400원
H3326 | bet   8,000원 PLAYER | P:2♦ A♥ K♠=3  B:10♦ 6♥=6  BANKER(L)  | -8,000원 → 189,400원
H3327 | bet  16,000원 PLAYER | P:9♣ 6♦ 10♠=5  B:A♠ 3♣=4  PLAYER(W)  | +16,000원 → 205,400원  [end_win]
H3328 | bet   1,000원 BANKER | P:K♠ Q♥ Q♠=0  B:3♥ J♠ 7♥=0  TIE(T)  |     0원 → 205,400원
H3329 | bet   1,000원 BANKER | P:9♥ 3♠ A♥=3  B:10♦ 6♦=6  BANKER(W)  | +950원 → 206,350원
H3330 | bet   1,000원 BANKER | P:10♦ K♠ 7♦=7  B:5♥ 5♦ K♦=0  PLAYER(L)  | -1,000원 → 205,350원  [start]
H3331 | bet   2,000원 PLAYER | P:8♠ 6♠ 4♠=8  B:7♠ 4♥ 4♣=5  PLAYER(W)  | +2,000원 → 207,350원  [end_win]
H3332 | bet   1,000원 BANKER | P:4♥ K♥ 2♠=6  B:4♦ 6♠ 5♥=5  PLAYER(L)  | -1,000원 → 206,350원  [start]
H3333 | bet   2,000원 PLAYER | P:A♦ 9♣ 4♣=4  B:8♦ 5♦ 5♦=8  BANKER(L)  | -2,000원 → 204,350원
H3334 | bet   4,000원 PLAYER | P:7♥ 6♣ 9♦=2  B:6♠ 8♣=4  BANKER(L)  | -4,000원 → 200,350원
H3335 | bet   8,000원 PLAYER | P:3♣ J♣ 10♥=3  B:2♣ K♠ 6♣=8  BANKER(L)  | -8,000원 → 192,350원
H3336 | bet  16,000원 PLAYER | P:7♥ 7♦ 2♠=6  B:K♣ Q♣ J♠=0  PLAYER(W)  | +16,000원 → 208,350원  [end_win]
H3337 | bet   1,000원 BANKER | P:3♦ A♦ 5♠=9  B:J♥ 6♦=6  PLAYER(L)  | -1,000원 → 207,350원  [start]
H3338 | bet   2,000원 PLAYER | P:10♠ 9♣=9  B:2♦ 3♦=5  PLAYER(W)  | +2,000원 → 209,350원  [end_win]
H3339 | bet   1,000원 BANKER | P:Q♣ 6♠=6  B:5♦ 8♠ 6♦=9  BANKER(W)  | +950원 → 210,300원
H3340 | bet   1,000원 BANKER | P:K♠ 5♥ 4♠=9  B:2♣ 9♥ Q♦=1  PLAYER(L)  | -1,000원 → 209,300원  [start]
H3341 | bet   2,000원 PLAYER | P:K♣ 8♣=8  B:4♦ 6♠=0  PLAYER(W)  | +2,000원 → 211,300원  [end_win]
H3342 | bet   1,000원 BANKER | P:J♠ 3♠=3  B:9♣ J♦=9  BANKER(W)  | +950원 → 212,250원
H3343 | bet   1,000원 BANKER | P:4♣ 10♥ 4♠=8  B:10♠ 10♣ A♠=1  PLAYER(L)  | -1,000원 → 211,250원  [start]
H3344 | bet   2,000원 PLAYER | P:9♦ 2♥ 4♠=5  B:10♣ J♥ 3♠=3  PLAYER(W)  | +2,000원 → 213,250원  [end_win]
H3345 | bet   1,000원 BANKER | P:5♥ J♥ 2♥=7  B:7♠ K♠=7  TIE(T)  |     0원 → 213,250원
H3346 | bet   1,000원 BANKER | P:A♠ 3♦ 7♠=1  B:10♦ J♠ 9♠=9  BANKER(W)  | +950원 → 214,200원
H3347 | bet   1,000원 BANKER | P:9♥ 8♠=7  B:6♠ 7♣ Q♥=3  PLAYER(L)  | -1,000원 → 213,200원  [start]
H3348 | bet   2,000원 PLAYER | P:J♠ 10♠ Q♥=0  B:2♥ Q♠ A♣=3  BANKER(L)  | -2,000원 → 211,200원
H3349 | bet   4,000원 PLAYER | P:3♠ 5♦=8  B:9♣ J♣=9  BANKER(L)  | -4,000원 → 207,200원
H3350 | bet   8,000원 PLAYER | P:10♣ K♥ 7♦=7  B:6♣ J♣ K♦=6  PLAYER(W)  | +8,000원 → 215,200원  [end_win]
H3351 | bet   1,000원 BANKER | P:8♦ 10♠=8  B:Q♥ 7♠=7  PLAYER(L)  | -1,000원 → 214,200원  [start]
H3352 | bet   2,000원 PLAYER | P:2♦ 6♦=8  B:4♥ 7♥=1  PLAYER(W)  | +2,000원 → 216,200원  [end_win]
H3353 | bet   1,000원 BANKER | P:3♦ 10♣ 9♦=2  B:8♥ 9♥=7  BANKER(W)  | +950원 → 217,150원
H3354 | bet   1,000원 BANKER | P:8♣ 8♣=6  B:6♣ 7♣ Q♣=3  PLAYER(L)  | -1,000원 → 216,150원  [start]
H3355 | bet   2,000원 PLAYER | P:6♣ A♣=7  B:J♥ K♥ K♥=0  PLAYER(W)  | +2,000원 → 218,150원  [end_win]
H3356 | bet   1,000원 BANKER | P:Q♦ 2♦ J♦=2  B:2♠ 5♠=7  BANKER(W)  | +950원 → 219,100원
H3357 | bet   1,000원 BANKER | P:2♥ 9♦=1  B:J♠ 8♥=8  BANKER(W)  | +950원 → 220,050원
H3358 | bet   1,000원 BANKER | P:A♠ 9♣=0  B:3♣ 6♦=9  BANKER(W)  | +950원 → 221,000원
H3359 | bet   1,000원 BANKER | P:A♠ 7♥=8  B:10♣ 2♦=2  PLAYER(L)  | -1,000원 → 220,000원  [start]
H3360 | bet   2,000원 PLAYER | P:3♥ J♥=3  B:A♠ 8♣=9  BANKER(L)  | -2,000원 → 218,000원
H3361 | bet   4,000원 PLAYER | P:8♠ 4♥ K♥=2  B:4♠ 6♣ A♣=1  PLAYER(W)  | +4,000원 → 222,000원  [end_win]
H3362 | bet   1,000원 BANKER | P:5♥ 8♥ 9♥=2  B:A♥ J♦ 5♦=6  BANKER(W)  | +950원 → 222,950원
H3363 | bet   1,000원 BANKER | P:J♥ 3♣ 7♠=0  B:9♥ 5♥ K♣=4  BANKER(W)  | +950원 → 223,900원
H3364 | bet   1,000원 BANKER | P:10♠ 4♣ 9♠=3  B:10♦ J♦ 4♣=4  BANKER(W)  | +950원 → 224,850원
H3365 | bet   1,000원 BANKER | P:4♦ 7♦ J♥=1  B:A♦ Q♦ A♥=2  BANKER(W)  | +950원 → 225,800원
H3366 | bet   1,000원 BANKER | P:8♦ A♦=9  B:K♣ K♣=0  PLAYER(L)  | -1,000원 → 224,800원  [start]
H3367 | bet   2,000원 PLAYER | P:2♣ 4♦=6  B:A♠ K♥ 9♣=0  PLAYER(W)  | +2,000원 → 226,800원  [end_win]
H3368 | bet   1,000원 BANKER | P:4♠ 4♠=8  B:6♣ 9♠=5  PLAYER(L)  | -1,000원 → 225,800원  [start]
H3369 | bet   2,000원 PLAYER | P:3♠ 4♥=7  B:K♥ 9♠=9  BANKER(L)  | -2,000원 → 223,800원
H3370 | bet   4,000원 PLAYER | P:2♠ 9♦=1  B:9♥ J♣=9  BANKER(L)  | -4,000원 → 219,800원
H3371 | bet   8,000원 PLAYER | P:5♥ A♣=6  B:2♦ 9♦ K♠=1  PLAYER(W)  | +8,000원 → 227,800원  [end_win]
H3372 | bet   1,000원 BANKER | P:2♥ Q♦ 9♥=1  B:9♣ 3♠ 10♦=2  BANKER(W)  | +950원 → 228,750원
H3373 | bet   1,000원 BANKER | P:10♣ 10♦ 8♣=8  B:6♠ 10♠=6  PLAYER(L)  | -1,000원 → 227,750원  [start]
H3374 | bet   2,000원 PLAYER | P:10♥ 10♣ 6♠=6  B:2♦ 5♣=7  BANKER(L)  | -2,000원 → 225,750원
H3375 | bet   4,000원 PLAYER | P:A♣ 2♣ Q♥=3  B:6♠ J♠=6  BANKER(L)  | -4,000원 → 221,750원
H3376 | bet   8,000원 PLAYER | P:2♥ 10♥ J♥=2  B:3♠ 10♠ Q♠=3  BANKER(L)  | -8,000원 → 213,750원
H3377 | bet  16,000원 PLAYER | P:5♣ 5♠ J♦=0  B:K♥ A♦ 10♣=1  BANKER(L)  | -16,000원 → 197,750원  [end_giveup]
H3378 | bet   1,000원 BANKER | P:6♦ 7♣=3  B:9♦ Q♠=9  BANKER(W)  | +950원 → 198,700원
H3379 | bet   1,000원 BANKER | P:2♣ 7♠=9  B:3♦ 9♥=2  PLAYER(L)  | -1,000원 → 197,700원  [start]
H3380 | bet   2,000원 PLAYER | P:3♣ Q♣ K♦=3  B:6♣ 6♦ 9♥=1  PLAYER(W)  | +2,000원 → 199,700원  [end_win]
H3381 | bet   1,000원 BANKER | P:5♠ A♦=6  B:2♠ 4♠=6  TIE(T)  |     0원 → 199,700원
H3382 | bet   1,000원 BANKER | P:6♥ 2♥=8  B:6♠ A♥=7  PLAYER(L)  | -1,000원 → 198,700원  [start]
H3383 | bet   2,000원 PLAYER | P:2♣ J♣=2  B:J♣ 8♠=8  BANKER(L)  | -2,000원 → 196,700원
H3384 | bet   4,000원 PLAYER | P:2♠ Q♦ A♥=3  B:2♠ 10♦ 7♣=9  BANKER(L)  | -4,000원 → 192,700원
H3385 | bet   8,000원 PLAYER | P:8♠ 3♣=1  B:3♠ 5♥=8  BANKER(L)  | -8,000원 → 184,700원
H3386 | bet  16,000원 PLAYER | P:5♥ J♠=5  B:8♣ J♥=8  BANKER(L)  | -16,000원 → 168,700원  [end_giveup]
H3387 | bet   1,000원 BANKER | P:8♥ J♣=8  B:3♠ 6♣=9  BANKER(W)  | +950원 → 169,650원
H3388 | bet   1,000원 BANKER | P:7♣ 9♣=6  B:4♥ K♥ 4♣=8  BANKER(W)  | +950원 → 170,600원
H3389 | bet   1,000원 BANKER | P:3♥ 9♥ 10♦=2  B:7♠ 5♦ 4♣=6  BANKER(W)  | +950원 → 171,550원
H3390 | bet   1,000원 BANKER | P:A♥ 10♠ 2♣=3  B:Q♠ 3♦ A♦=4  BANKER(W)  | +950원 → 172,500원
H3391 | bet   1,000원 BANKER | P:A♣ 9♠ 6♥=6  B:3♣ 8♣ Q♣=1  PLAYER(L)  | -1,000원 → 171,500원  [start]
H3392 | bet   2,000원 PLAYER | P:Q♣ 6♥=6  B:10♥ 2♠ 5♦=7  BANKER(L)  | -2,000원 → 169,500원
H3393 | bet   4,000원 PLAYER | P:7♣ 5♠ 5♣=7  B:K♣ 3♦ 10♠=3  PLAYER(W)  | +4,000원 → 173,500원  [end_win]
H3394 | bet   1,000원 BANKER | P:3♦ Q♥ 5♥=8  B:5♦ 9♦ 2♦=6  PLAYER(L)  | -1,000원 → 172,500원  [start]
H3395 | bet   2,000원 PLAYER | P:A♦ 9♣ 8♥=8  B:7♦ 8♠=5  PLAYER(W)  | +2,000원 → 174,500원  [end_win]
H3396 | bet   1,000원 BANKER | P:8♦ 7♣ 9♠=4  B:7♦ 9♦=6  BANKER(W)  | +950원 → 175,450원
H3397 | bet   1,000원 BANKER | P:10♣ K♠ J♠=0  B:Q♦ 3♠ 8♦=1  BANKER(W)  | +950원 → 176,400원
H3398 | bet   1,000원 BANKER | P:2♣ 10♣ A♦=3  B:Q♠ J♠ 2♦=2  PLAYER(L)  | -1,000원 → 175,400원  [start]
H3399 | bet   2,000원 PLAYER | P:8♣ 7♦ 7♣=2  B:K♥ Q♥ K♣=0  PLAYER(W)  | +2,000원 → 177,400원  [end_win]
H3400 | bet   1,000원 BANKER | P:A♣ 6♣=7  B:A♥ 6♦=7  TIE(T)  |     0원 → 177,400원
H3401 | bet   1,000원 BANKER | P:4♦ A♥ J♥=5  B:3♦ 10♥ A♠=4  PLAYER(L)  | -1,000원 → 176,400원  [start]
H3402 | bet   2,000원 PLAYER | P:K♠ A♥=1  B:9♠ 9♥=8  BANKER(L)  | -2,000원 → 174,400원
H3403 | bet   4,000원 PLAYER | P:6♦ 6♥ 6♥=8  B:8♣ 8♠ Q♠=6  PLAYER(W)  | +4,000원 → 178,400원  [end_win]
H3404 | bet   1,000원 BANKER | P:A♣ 10♥=1  B:4♠ 4♣=8  BANKER(W)  | +950원 → 179,350원
H3405 | bet   1,000원 BANKER | P:7♠ 7♠ 3♣=7  B:J♦ 5♣=5  PLAYER(L)  | -1,000원 → 178,350원  [start]
H3406 | bet   2,000원 PLAYER | P:4♥ Q♣ 10♥=4  B:K♣ J♦ 10♦=0  PLAYER(W)  | +2,000원 → 180,350원  [end_win]
H3407 | bet   1,000원 BANKER | P:3♠ 6♠=9  B:3♣ 10♠=3  PLAYER(L)  | -1,000원 → 179,350원  [start]
H3408 | bet   2,000원 PLAYER | P:8♥ 2♥ 8♣=8  B:8♦ 2♠ 7♣=7  PLAYER(W)  | +2,000원 → 181,350원  [end_win]
H3409 | bet   1,000원 BANKER | P:4♣ 5♠=9  B:J♠ Q♦=0  PLAYER(L)  | -1,000원 → 180,350원  [start]
H3410 | bet   2,000원 PLAYER | P:7♥ 2♥=9  B:Q♥ 7♠=7  PLAYER(W)  | +2,000원 → 182,350원  [end_win]
H3411 | bet   1,000원 BANKER | P:Q♥ J♣ 7♥=7  B:7♦ 9♠ 2♠=8  BANKER(W)  | +950원 → 183,300원
H3412 | bet   1,000원 BANKER | P:7♠ Q♠=7  B:K♥ 10♥ 8♦=8  BANKER(W)  | +950원 → 184,250원
H3413 | bet   1,000원 BANKER | P:4♣ 6♠=0  B:6♣ 3♥=9  BANKER(W)  | +950원 → 185,200원
H3414 | bet   1,000원 BANKER | P:4♠ Q♣ 7♥=1  B:3♥ Q♠ K♠=3  BANKER(W)  | +950원 → 186,150원
H3415 | bet   1,000원 BANKER | P:4♣ 6♦ 2♣=2  B:A♠ J♥ 4♠=5  BANKER(W)  | +950원 → 187,100원
H3416 | bet   1,000원 BANKER | P:A♣ 6♥=7  B:K♣ 9♣=9  BANKER(W)  | +950원 → 188,050원
H3417 | bet   1,000원 BANKER | P:K♥ 3♦ Q♣=3  B:4♦ K♣=4  BANKER(W)  | +950원 → 189,000원
H3418 | bet   1,000원 BANKER | P:10♠ K♠=0  B:9♣ J♥=9  BANKER(W)  | +950원 → 189,950원
H3419 | bet   1,000원 BANKER | P:10♠ 4♥ 6♦=0  B:5♥ Q♣ 6♥=1  BANKER(W)  | +950원 → 190,900원
H3420 | bet   1,000원 BANKER | P:8♣ 6♦ Q♦=4  B:4♥ A♠=5  BANKER(W)  | +950원 → 191,850원
H3421 | bet   1,000원 BANKER | P:7♦ 8♥ 9♠=4  B:3♦ 7♦ 10♦=0  PLAYER(L)  | -1,000원 → 190,850원  [start]
H3422 | bet   2,000원 PLAYER | P:2♦ 10♥ 9♦=1  B:9♣ 7♥=6  BANKER(L)  | -2,000원 → 188,850원
H3423 | bet   4,000원 PLAYER | P:4♥ J♣ Q♠=4  B:K♠ A♦ 5♠=6  BANKER(L)  | -4,000원 → 184,850원
H3424 | bet   8,000원 PLAYER | P:3♥ J♠ 7♥=0  B:4♦ A♣ 5♦=0  TIE(T)  |     0원 → 184,850원
H3425 | bet   8,000원 PLAYER | P:7♣ J♦=7  B:3♥ K♦ 4♦=7  TIE(T)  |     0원 → 184,850원
H3426 | bet   8,000원 PLAYER | P:5♠ Q♣ 8♦=3  B:5♣ 8♠=3  TIE(T)  |     0원 → 184,850원
H3427 | bet   8,000원 PLAYER | P:8♦ K♦=8  B:3♥ 2♠=5  PLAYER(W)  | +8,000원 → 192,850원  [end_win]
H3428 | bet   1,000원 BANKER | P:3♠ 9♦ 8♥=0  B:J♦ K♦ K♦=0  TIE(T)  |     0원 → 192,850원
H3429 | bet   1,000원 BANKER | P:5♦ 5♦=0  B:10♣ 8♦=8  BANKER(W)  | +950원 → 193,800원
H3430 | bet   1,000원 BANKER | P:Q♥ 2♥ Q♥=2  B:8♠ 2♥ 8♥=8  BANKER(W)  | +950원 → 194,750원
H3431 | bet   1,000원 BANKER | P:5♣ 6♣ 5♣=6  B:5♠ 6♠ J♣=1  PLAYER(L)  | -1,000원 → 193,750원  [start]
H3432 | bet   2,000원 PLAYER | P:2♣ 5♠=7  B:K♦ 5♣ 6♠=1  PLAYER(W)  | +2,000원 → 195,750원  [end_win]
H3433 | bet   1,000원 BANKER | P:K♦ Q♦=0  B:7♥ 2♦=9  BANKER(W)  | +950원 → 196,700원
H3434 | bet   1,000원 BANKER | P:5♦ 3♣=8  B:A♠ K♠=1  PLAYER(L)  | -1,000원 → 195,700원  [start]
H3435 | bet   2,000원 PLAYER | P:3♦ 2♦ 6♥=1  B:7♦ 5♥ 7♥=9  BANKER(L)  | -2,000원 → 193,700원
H3436 | bet   4,000원 PLAYER | P:Q♦ J♦ J♣=0  B:10♣ 3♥ Q♥=3  BANKER(L)  | -4,000원 → 189,700원
H3437 | bet   8,000원 PLAYER | P:9♣ K♠=9  B:K♦ 2♦=2  PLAYER(W)  | +8,000원 → 197,700원  [end_win]
H3438 | bet   1,000원 BANKER | P:6♠ K♦=6  B:8♦ K♣=8  BANKER(W)  | +950원 → 198,650원
H3439 | bet   1,000원 BANKER | P:10♣ J♠ 2♥=2  B:Q♠ 6♠=6  BANKER(W)  | +950원 → 199,600원
H3440 | bet   1,000원 BANKER | P:2♥ 6♥=8  B:4♦ K♣=4  PLAYER(L)  | -1,000원 → 198,600원  [start]
H3441 | bet   2,000원 PLAYER | P:Q♣ 8♥=8  B:A♥ 7♣=8  TIE(T)  |     0원 → 198,600원
H3442 | bet   2,000원 PLAYER | P:A♠ J♣=1  B:Q♥ 9♥=9  BANKER(L)  | -2,000원 → 196,600원
H3443 | bet   4,000원 PLAYER | P:3♠ J♠ A♠=4  B:A♦ 3♦=4  TIE(T)  |     0원 → 196,600원
H3444 | bet   4,000원 PLAYER | P:9♠ 8♥=7  B:9♥ Q♥=9  BANKER(L)  | -4,000원 → 192,600원
H3445 | bet   8,000원 PLAYER | P:6♠ K♣=6  B:5♥ 2♦=7  BANKER(L)  | -8,000원 → 184,600원
H3446 | bet  16,000원 PLAYER | P:A♣ 5♣=6  B:5♥ 3♠=8  BANKER(L)  | -16,000원 → 168,600원  [end_giveup]
H3447 | bet   1,000원 BANKER | P:Q♥ 4♥ 4♣=8  B:K♥ Q♣ 2♦=2  PLAYER(L)  | -1,000원 → 167,600원  [start]
H3448 | bet   2,000원 PLAYER | P:9♦ 6♣ 8♣=3  B:3♥ 2♠=5  BANKER(L)  | -2,000원 → 165,600원
H3449 | bet   4,000원 PLAYER | P:A♦ K♦ Q♥=1  B:J♠ 3♠ K♣=3  BANKER(L)  | -4,000원 → 161,600원
H3450 | bet   8,000원 PLAYER | P:J♥ K♦=0  B:6♣ 3♠=9  BANKER(L)  | -8,000원 → 153,600원
H3451 | bet  16,000원 PLAYER | P:J♦ 4♥=4  B:2♠ 7♥=9  BANKER(L)  | -16,000원 → 137,600원  [end_giveup]
H3452 | bet   1,000원 BANKER | P:3♣ 9♣=2  B:4♣ 5♦=9  BANKER(W)  | +950원 → 138,550원
H3453 | bet   1,000원 BANKER | P:9♥ 4♠ Q♣=3  B:J♠ 10♣ 3♥=3  TIE(T)  |     0원 → 138,550원
H3454 | bet   1,000원 BANKER | P:K♥ 10♥ 4♥=4  B:J♦ Q♣ 6♣=6  BANKER(W)  | +950원 → 139,500원
H3455 | bet   1,000원 BANKER | P:6♣ 5♣=1  B:A♣ 7♦=8  BANKER(W)  | +950원 → 140,450원
H3456 | bet   1,000원 BANKER | P:5♥ 4♥=9  B:4♣ 8♣=2  PLAYER(L)  | -1,000원 → 139,450원  [start]
H3457 | bet   2,000원 PLAYER | P:A♦ 4♠ 7♠=2  B:3♦ Q♦ 6♣=9  BANKER(L)  | -2,000원 → 137,450원
H3458 | bet   4,000원 PLAYER | P:6♥ Q♦=6  B:10♠ 2♥ J♣=2  PLAYER(W)  | +4,000원 → 141,450원  [end_win]
H3459 | bet   1,000원 BANKER | P:8♦ 5♦=3  B:9♣ K♥=9  BANKER(W)  | +950원 → 142,400원
H3460 | bet   1,000원 BANKER | P:4♠ 5♠=9  B:10♠ K♥=0  PLAYER(L)  | -1,000원 → 141,400원  [start]
H3461 | bet   2,000원 PLAYER | P:A♥ 9♠ 7♥=7  B:2♣ J♣ K♠=2  PLAYER(W)  | +2,000원 → 143,400원  [end_win]
H3462 | bet   1,000원 BANKER | P:7♦ 7♦ 8♠=2  B:10♠ 6♠=6  BANKER(W)  | +950원 → 144,350원
H3463 | bet   1,000원 BANKER | P:2♦ 8♣ 7♥=7  B:10♦ A♦ 2♥=3  PLAYER(L)  | -1,000원 → 143,350원  [start]
H3464 | bet   2,000원 PLAYER | P:6♦ 2♥=8  B:8♠ 7♠=5  PLAYER(W)  | +2,000원 → 145,350원  [end_win]
H3465 | bet   1,000원 BANKER | P:9♥ 2♣=1  B:K♥ 9♠=9  BANKER(W)  | +950원 → 146,300원
H3466 | bet   1,000원 BANKER | P:4♥ 2♦=6  B:J♥ J♣ 4♦=4  PLAYER(L)  | -1,000원 → 145,300원  [start]
H3467 | bet   2,000원 PLAYER | P:6♠ A♠=7  B:10♦ K♠ K♦=0  PLAYER(W)  | +2,000원 → 147,300원  [end_win]
H3468 | bet   1,000원 BANKER | P:10♥ 4♦ A♣=5  B:A♦ 10♦ 7♠=8  BANKER(W)  | +950원 → 148,250원
H3469 | bet   1,000원 BANKER | P:K♣ 5♣ J♦=5  B:8♠ 3♠ 10♣=1  PLAYER(L)  | -1,000원 → 147,250원  [start]
H3470 | bet   2,000원 PLAYER | P:8♦ 7♦ 9♦=4  B:3♥ A♣=4  TIE(T)  |     0원 → 147,250원
H3471 | bet   2,000원 PLAYER | P:7♦ 8♣ 8♠=3  B:A♥ K♣ 7♠=8  BANKER(L)  | -2,000원 → 145,250원
H3472 | bet   4,000원 PLAYER | P:7♣ 7♦ 10♠=4  B:10♣ 6♠=6  BANKER(L)  | -4,000원 → 141,250원
H3473 | bet   8,000원 PLAYER | P:9♥ Q♣=9  B:Q♠ A♥=1  PLAYER(W)  | +8,000원 → 149,250원  [end_win]
H3474 | bet   1,000원 BANKER | P:5♥ Q♦=5  B:10♦ 8♦=8  BANKER(W)  | +950원 → 150,200원
H3475 | bet   1,000원 BANKER | P:A♠ 7♠=8  B:4♠ J♦=4  PLAYER(L)  | -1,000원 → 149,200원  [start]
H3476 | bet   2,000원 PLAYER | P:A♦ 9♥=0  B:2♠ 6♣=8  BANKER(L)  | -2,000원 → 147,200원
H3477 | bet   4,000원 PLAYER | P:J♠ 8♦=8  B:8♥ 8♥=6  PLAYER(W)  | +4,000원 → 151,200원  [end_win]
H3478 | bet   1,000원 BANKER | P:5♣ J♠ 4♥=9  B:8♥ 3♣ 4♣=5  PLAYER(L)  | -1,000원 → 150,200원  [start]
H3479 | bet   2,000원 PLAYER | P:4♣ 6♥ 10♠=0  B:6♥ 8♥=4  BANKER(L)  | -2,000원 → 148,200원
H3480 | bet   4,000원 PLAYER | P:J♥ J♥ Q♦=0  B:6♦ Q♦=6  BANKER(L)  | -4,000원 → 144,200원
H3481 | bet   8,000원 PLAYER | P:Q♠ 2♦ 5♦=7  B:10♥ 4♦ 4♣=8  BANKER(L)  | -8,000원 → 136,200원
H3482 | bet  16,000원 PLAYER | P:Q♥ A♦ 6♦=7  B:5♠ 9♣ 10♥=4  PLAYER(W)  | +16,000원 → 152,200원  [end_win]
H3483 | bet   1,000원 BANKER | P:5♠ A♦=6  B:3♣ 6♥=9  BANKER(W)  | +950원 → 153,150원
H3484 | bet   1,000원 BANKER | P:9♣ J♠=9  B:J♠ 7♣=7  PLAYER(L)  | -1,000원 → 152,150원  [start]
H3485 | bet   2,000원 PLAYER | P:4♣ 8♠ 6♣=8  B:Q♦ J♦ 10♦=0  PLAYER(W)  | +2,000원 → 154,150원  [end_win]
H3486 | bet   1,000원 BANKER | P:3♣ K♦ 4♦=7  B:4♠ K♠ 7♠=1  PLAYER(L)  | -1,000원 → 153,150원  [start]
H3487 | bet   2,000원 PLAYER | P:3♦ 7♥ 10♠=0  B:7♥ 5♦ 10♣=2  BANKER(L)  | -2,000원 → 151,150원
H3488 | bet   4,000원 PLAYER | P:10♦ 2♥ 10♠=2  B:8♣ 7♥=5  BANKER(L)  | -4,000원 → 147,150원
H3489 | bet   8,000원 PLAYER | P:2♥ Q♥ 5♣=7  B:9♦ 5♦ 2♣=6  PLAYER(W)  | +8,000원 → 155,150원  [end_win]
H3490 | bet   1,000원 BANKER | P:6♦ 6♦ J♣=2  B:10♦ 4♠=4  BANKER(W)  | +950원 → 156,100원
H3491 | bet   1,000원 BANKER | P:3♥ K♠ 7♥=0  B:2♣ 3♣ 5♣=0  TIE(T)  |     0원 → 156,100원
H3492 | bet   1,000원 BANKER | P:3♥ 7♦ 4♠=4  B:2♠ 9♠ J♣=1  PLAYER(L)  | -1,000원 → 155,100원  [start]
H3493 | bet   2,000원 PLAYER | P:5♣ 7♣ A♥=3  B:3♣ 3♥=6  BANKER(L)  | -2,000원 → 153,100원
H3494 | bet   4,000원 PLAYER | P:K♠ Q♥ 3♦=3  B:8♦ 4♣ 4♦=6  BANKER(L)  | -4,000원 → 149,100원
H3495 | bet   8,000원 PLAYER | P:7♥ 6♥ K♠=3  B:3♣ 9♣ J♣=2  PLAYER(W)  | +8,000원 → 157,100원  [end_win]
H3496 | bet   1,000원 BANKER | P:5♠ Q♠ 4♥=9  B:10♣ J♦ Q♠=0  PLAYER(L)  | -1,000원 → 156,100원  [start]
H3497 | bet   2,000원 PLAYER | P:5♥ 4♦=9  B:K♥ Q♦=0  PLAYER(W)  | +2,000원 → 158,100원  [end_win]
H3498 | bet   1,000원 BANKER | P:Q♠ 8♦=8  B:9♥ 2♣=1  PLAYER(L)  | -1,000원 → 157,100원  [start]
H3499 | bet   2,000원 PLAYER | P:6♣ 10♣=6  B:A♥ 5♠=6  TIE(T)  |     0원 → 157,100원
H3500 | bet   2,000원 PLAYER | P:6♦ 2♣=8  B:2♣ 5♥=7  PLAYER(W)  | +2,000원 → 159,100원  [end_win]
H3501 | bet   1,000원 BANKER | P:4♥ J♣ A♠=5  B:8♥ 8♠=6  BANKER(W)  | +950원 → 160,050원
H3502 | bet   1,000원 BANKER | P:2♠ 3♥ 7♣=2  B:3♠ 9♦ 3♥=5  BANKER(W)  | +950원 → 161,000원
H3503 | bet   1,000원 BANKER | P:6♠ 2♦=8  B:A♣ Q♣=1  PLAYER(L)  | -1,000원 → 160,000원  [start]
H3504 | bet   2,000원 PLAYER | P:5♥ 5♦ K♣=0  B:K♥ 7♠=7  BANKER(L)  | -2,000원 → 158,000원
H3505 | bet   4,000원 PLAYER | P:K♠ 9♣=9  B:3♦ 9♦=2  PLAYER(W)  | +4,000원 → 162,000원  [end_win]
H3506 | bet   1,000원 BANKER | P:6♥ A♣=7  B:9♣ A♣ K♥=0  PLAYER(L)  | -1,000원 → 161,000원  [start]
H3507 | bet   2,000원 PLAYER | P:9♥ K♦=9  B:9♦ 10♥=9  TIE(T)  |     0원 → 161,000원
H3508 | bet   2,000원 PLAYER | P:Q♠ 2♠=2  B:J♥ 8♦=8  BANKER(L)  | -2,000원 → 159,000원
H3509 | bet   4,000원 PLAYER | P:4♦ 10♥ 2♠=6  B:3♦ 10♠ 2♦=5  PLAYER(W)  | +4,000원 → 163,000원  [end_win]
H3510 | bet   1,000원 BANKER | P:6♦ 8♠ 4♠=8  B:9♠ 7♣=6  PLAYER(L)  | -1,000원 → 162,000원  [start]
H3511 | bet   2,000원 PLAYER | P:6♠ 5♠ 5♣=6  B:5♠ J♦ 6♥=1  PLAYER(W)  | +2,000원 → 164,000원  [end_win]
H3512 | bet   1,000원 BANKER | P:A♣ 9♠ 9♠=9  B:2♣ 2♠=4  PLAYER(L)  | -1,000원 → 163,000원  [start]
H3513 | bet   2,000원 PLAYER | P:3♦ 9♦=2  B:Q♦ 9♠=9  BANKER(L)  | -2,000원 → 161,000원
H3514 | bet   4,000원 PLAYER | P:2♥ 5♠=7  B:A♥ Q♣ Q♣=1  PLAYER(W)  | +4,000원 → 165,000원  [end_win]
H3515 | bet   1,000원 BANKER | P:3♠ A♥ A♠=5  B:5♦ 10♥=5  TIE(T)  |     0원 → 165,000원
H3516 | bet   1,000원 BANKER | P:7♦ 10♣=7  B:Q♥ 3♠ 8♣=1  PLAYER(L)  | -1,000원 → 164,000원  [start]
H3517 | bet   2,000원 PLAYER | P:J♥ 3♣ J♥=3  B:8♥ 8♣=6  BANKER(L)  | -2,000원 → 162,000원
H3518 | bet   4,000원 PLAYER | P:5♦ K♣ 9♦=4  B:7♠ 7♣=4  TIE(T)  |     0원 → 162,000원
H3519 | bet   4,000원 PLAYER | P:10♣ 4♠ 2♦=6  B:5♠ 9♥ 7♥=1  PLAYER(W)  | +4,000원 → 166,000원  [end_win]
H3520 | bet   1,000원 BANKER | P:3♥ 4♦=7  B:K♣ Q♥ Q♥=0  PLAYER(L)  | -1,000원 → 165,000원  [start]
H3521 | bet   2,000원 PLAYER | P:A♦ 9♠ Q♦=0  B:6♠ J♥=6  BANKER(L)  | -2,000원 → 163,000원
H3522 | bet   4,000원 PLAYER | P:9♠ 8♣=7  B:J♥ 10♥ 6♠=6  PLAYER(W)  | +4,000원 → 167,000원  [end_win]
H3523 | bet   1,000원 BANKER | P:4♦ 10♠ 10♥=4  B:6♦ 7♦ 3♥=6  BANKER(W)  | +950원 → 167,950원
H3524 | bet   1,000원 BANKER | P:8♣ Q♠=8  B:8♦ K♣=8  TIE(T)  |     0원 → 167,950원
H3525 | bet   1,000원 BANKER | P:4♦ 10♦ 3♠=7  B:9♥ 4♣ 3♦=6  PLAYER(L)  | -1,000원 → 166,950원  [start]
H3526 | bet   2,000원 PLAYER | P:A♦ 9♣ 10♦=0  B:10♥ Q♣ J♥=0  TIE(T)  |     0원 → 166,950원
H3527 | bet   2,000원 PLAYER | P:Q♠ 3♥ 6♦=9  B:2♦ J♣ 2♣=4  PLAYER(W)  | +2,000원 → 168,950원  [end_win]
H3528 | bet   1,000원 BANKER | P:2♥ 10♦ 8♥=0  B:K♣ 5♦=5  BANKER(W)  | +950원 → 169,900원
H3529 | bet   1,000원 BANKER | P:7♣ 5♣ 6♣=8  B:J♣ 4♦ 7♠=1  PLAYER(L)  | -1,000원 → 168,900원  [start]
H3530 | bet   2,000원 PLAYER | P:5♠ J♠ K♠=5  B:J♠ A♥ 6♣=7  BANKER(L)  | -2,000원 → 166,900원
H3531 | bet   4,000원 PLAYER | P:A♦ A♥ K♥=2  B:K♠ 4♣=4  BANKER(L)  | -4,000원 → 162,900원
H3532 | bet   8,000원 PLAYER | P:5♣ 10♥=5  B:A♣ 8♣=9  BANKER(L)  | -8,000원 → 154,900원
H3533 | bet  16,000원 PLAYER | P:K♥ 2♦ 6♠=8  B:Q♥ 10♣ 3♦=3  PLAYER(W)  | +16,000원 → 170,900원  [end_win]
H3534 | bet   1,000원 BANKER | P:J♣ 10♦=0  B:A♦ 8♥=9  BANKER(W)  | +950원 → 171,850원
H3535 | bet   1,000원 BANKER | P:10♥ 9♦=9  B:6♠ 4♥=0  PLAYER(L)  | -1,000원 → 170,850원  [start]
H3536 | bet   2,000원 PLAYER | P:A♥ 6♦=7  B:6♦ 2♠=8  BANKER(L)  | -2,000원 → 168,850원
H3537 | bet   4,000원 PLAYER | P:9♦ Q♥=9  B:A♥ 5♦=6  PLAYER(W)  | +4,000원 → 172,850원  [end_win]
H3538 | bet   1,000원 BANKER | P:J♦ 4♠=4  B:8♦ J♣=8  BANKER(W)  | +950원 → 173,800원
H3539 | bet   1,000원 BANKER | P:8♦ 3♠ 3♣=4  B:7♦ 3♥ 5♦=5  BANKER(W)  | +950원 → 174,750원
H3540 | bet   1,000원 BANKER | P:3♥ 7♠ 6♥=6  B:7♦ Q♠=7  BANKER(W)  | +950원 → 175,700원
H3541 | bet   1,000원 BANKER | P:K♥ A♠=1  B:9♦ J♥=9  BANKER(W)  | +950원 → 176,650원
H3542 | bet   1,000원 BANKER | P:A♦ J♠ 6♣=7  B:6♦ K♠ 5♠=1  PLAYER(L)  | -1,000원 → 175,650원  [start]
H3543 | bet   2,000원 PLAYER | P:K♠ Q♦ 6♣=6  B:Q♦ 7♣=7  BANKER(L)  | -2,000원 → 173,650원
H3544 | bet   4,000원 PLAYER | P:A♥ 4♣ 3♥=8  B:9♦ A♠ 9♥=9  BANKER(L)  | -4,000원 → 169,650원
H3545 | bet   8,000원 PLAYER | P:2♥ 5♠=7  B:4♥ A♣ 9♥=4  PLAYER(W)  | +8,000원 → 177,650원  [end_win]
H3546 | bet   1,000원 BANKER | P:4♠ 7♦ 3♦=4  B:4♦ A♣=5  BANKER(W)  | +950원 → 178,600원
H3547 | bet   1,000원 BANKER | P:6♣ 8♣ 2♣=6  B:2♥ 2♦ 4♠=8  BANKER(W)  | +950원 → 179,550원
H3548 | bet   1,000원 BANKER | P:K♦ 3♣ 3♠=6  B:6♥ 6♠ 10♦=2  PLAYER(L)  | -1,000원 → 178,550원  [start]
H3549 | bet   2,000원 PLAYER | P:J♠ K♥ 5♦=5  B:2♦ 9♦ 2♥=3  PLAYER(W)  | +2,000원 → 180,550원  [end_win]
H3550 | bet   1,000원 BANKER | P:4♣ 2♠=6  B:5♥ 7♠ 5♣=7  BANKER(W)  | +950원 → 181,500원
H3551 | bet   1,000원 BANKER | P:K♦ 3♣ K♦=3  B:Q♠ 5♥=5  BANKER(W)  | +950원 → 182,450원
H3552 | bet   1,000원 BANKER | P:6♦ 9♣ 5♥=0  B:6♣ J♥=6  BANKER(W)  | +950원 → 183,400원
H3553 | bet   1,000원 BANKER | P:Q♠ J♠=0  B:8♣ Q♠=8  BANKER(W)  | +950원 → 184,350원
H3554 | bet   1,000원 BANKER | P:9♥ Q♣=9  B:9♥ 9♦=8  PLAYER(L)  | -1,000원 → 183,350원  [start]
H3555 | bet   2,000원 PLAYER | P:9♣ 9♠=8  B:6♥ K♦=6  PLAYER(W)  | +2,000원 → 185,350원  [end_win]
H3556 | bet   1,000원 BANKER | P:J♦ J♦=0  B:7♥ A♦=8  BANKER(W)  | +950원 → 186,300원
H3557 | bet   1,000원 BANKER | P:7♣ Q♦=7  B:5♥ 10♠ 7♥=2  PLAYER(L)  | -1,000원 → 185,300원  [start]
H3558 | bet   2,000원 PLAYER | P:4♦ 5♥=9  B:9♣ 8♠=7  PLAYER(W)  | +2,000원 → 187,300원  [end_win]
H3559 | bet   1,000원 BANKER | P:3♦ 2♣ 8♠=3  B:5♠ Q♦=5  BANKER(W)  | +950원 → 188,250원
H3560 | bet   1,000원 BANKER | P:9♥ 7♥=6  B:6♥ 8♥ 9♣=3  PLAYER(L)  | -1,000원 → 187,250원  [start]
H3561 | bet   2,000원 PLAYER | P:7♥ 5♣ 10♠=2  B:A♠ 4♦=5  BANKER(L)  | -2,000원 → 185,250원
H3562 | bet   4,000원 PLAYER | P:J♦ 6♣=6  B:4♣ 8♠ 8♥=0  PLAYER(W)  | +4,000원 → 189,250원  [end_win]
H3563 | bet   1,000원 BANKER | P:9♥ K♦=9  B:3♠ 5♠=8  PLAYER(L)  | -1,000원 → 188,250원  [start]
H3564 | bet   2,000원 PLAYER | P:8♥ 3♣ 9♣=0  B:J♦ 5♣=5  BANKER(L)  | -2,000원 → 186,250원
H3565 | bet   4,000원 PLAYER | P:9♣ 8♠=7  B:10♠ 6♠=6  PLAYER(W)  | +4,000원 → 190,250원  [end_win]
H3566 | bet   1,000원 BANKER | P:10♣ 4♠=4  B:J♦ 9♦=9  BANKER(W)  | +950원 → 191,200원
H3567 | bet   1,000원 BANKER | P:J♠ 3♣ 10♠=3  B:8♦ 3♦ 4♣=5  BANKER(W)  | +950원 → 192,150원
H3568 | bet   1,000원 BANKER | P:7♣ K♠=7  B:9♠ 2♣ 3♠=4  PLAYER(L)  | -1,000원 → 191,150원  [start]
H3569 | bet   2,000원 PLAYER | P:10♦ J♥ 9♠=9  B:2♥ 4♥=6  PLAYER(W)  | +2,000원 → 193,150원  [end_win]
H3570 | bet   1,000원 BANKER | P:Q♥ K♥ 4♥=4  B:4♣ A♣ 7♠=2  PLAYER(L)  | -1,000원 → 192,150원  [start]
H3571 | bet   2,000원 PLAYER | P:6♥ 3♣=9  B:J♥ 4♥=4  PLAYER(W)  | +2,000원 → 194,150원  [end_win]
H3572 | bet   1,000원 BANKER | P:10♦ 2♣=2  B:7♥ 2♥=9  BANKER(W)  | +950원 → 195,100원
H3573 | bet   1,000원 BANKER | P:K♥ K♥=0  B:8♣ A♠=9  BANKER(W)  | +950원 → 196,050원
H3574 | bet   1,000원 BANKER | P:7♠ K♠=7  B:4♣ 5♠=9  BANKER(W)  | +950원 → 197,000원
H3575 | bet   1,000원 BANKER | P:2♥ K♦=2  B:5♠ 4♠=9  BANKER(W)  | +950원 → 197,950원
H3576 | bet   1,000원 BANKER | P:Q♣ 8♠=8  B:Q♠ A♣=1  PLAYER(L)  | -1,000원 → 196,950원  [start]
H3577 | bet   2,000원 PLAYER | P:J♣ 9♦=9  B:4♥ 5♣=9  TIE(T)  |     0원 → 196,950원
H3578 | bet   2,000원 PLAYER | P:Q♣ 10♣ K♥=0  B:A♦ 10♣ 6♣=7  BANKER(L)  | -2,000원 → 194,950원
H3579 | bet   4,000원 PLAYER | P:5♣ 2♦=7  B:2♣ 7♦=9  BANKER(L)  | -4,000원 → 190,950원
H3580 | bet   8,000원 PLAYER | P:5♦ 2♣=7  B:10♣ A♥ 10♥=1  PLAYER(W)  | +8,000원 → 198,950원  [end_win]
H3581 | bet   1,000원 BANKER | P:Q♥ 7♥=7  B:4♠ 5♦=9  BANKER(W)  | +950원 → 199,900원
H3582 | bet   1,000원 BANKER | P:8♥ J♣=8  B:A♠ K♣=1  PLAYER(L)  | -1,000원 → 198,900원  [start]
H3583 | bet   2,000원 PLAYER | P:8♠ 6♦ 10♠=4  B:7♣ 7♣=4  TIE(T)  |     0원 → 198,900원
H3584 | bet   2,000원 PLAYER | P:3♦ 8♦ 7♦=8  B:8♣ 2♠ 2♥=2  PLAYER(W)  | +2,000원 → 200,900원  [end_win]
H3585 | bet   1,000원 BANKER | P:8♦ K♣=8  B:7♥ 3♠=0  PLAYER(L)  | -1,000원 → 199,900원  [start]
H3586 | bet   2,000원 PLAYER | P:K♣ 3♠ Q♣=3  B:K♦ 3♦ A♠=4  BANKER(L)  | -2,000원 → 197,900원
H3587 | bet   4,000원 PLAYER | P:7♣ Q♣=7  B:K♦ 8♠=8  BANKER(L)  | -4,000원 → 193,900원
H3588 | bet   8,000원 PLAYER | P:5♦ 10♥ 7♦=2  B:2♠ 8♦ 6♥=6  BANKER(L)  | -8,000원 → 185,900원
H3589 | bet  16,000원 PLAYER | P:Q♣ 10♣ 8♣=8  B:6♠ J♣=6  PLAYER(W)  | +16,000원 → 201,900원  [end_win]
H3590 | bet   1,000원 BANKER | P:A♣ 6♦=7  B:2♠ 5♥=7  TIE(T)  |     0원 → 201,900원
H3591 | bet   1,000원 BANKER | P:5♣ Q♦ 8♥=3  B:5♥ Q♥=5  BANKER(W)  | +950원 → 202,850원
H3592 | bet   1,000원 BANKER | P:4♠ Q♣ 7♠=1  B:9♠ A♠ Q♦=0  PLAYER(L)  | -1,000원 → 201,850원  [start]
H3593 | bet   2,000원 PLAYER | P:J♠ 3♦ 2♠=5  B:3♥ 10♠ 7♣=0  PLAYER(W)  | +2,000원 → 203,850원  [end_win]
H3594 | bet   1,000원 BANKER | P:A♣ A♣ 8♦=0  B:A♠ J♦ J♦=1  BANKER(W)  | +950원 → 204,800원
H3595 | bet   1,000원 BANKER | P:9♠ Q♦=9  B:4♥ 2♦=6  PLAYER(L)  | -1,000원 → 203,800원  [start]
H3596 | bet   2,000원 PLAYER | P:9♠ 3♣=2  B:3♣ 6♥=9  BANKER(L)  | -2,000원 → 201,800원
H3597 | bet   4,000원 PLAYER | P:K♠ A♥ 3♥=4  B:A♦ 9♣ 6♥=6  BANKER(L)  | -4,000원 → 197,800원
H3598 | bet   8,000원 PLAYER | P:K♠ 3♠ 2♣=5  B:5♦ 7♠ J♥=2  PLAYER(W)  | +8,000원 → 205,800원  [end_win]
H3599 | bet   1,000원 BANKER | P:10♠ 4♥ J♣=4  B:Q♥ 2♦ 8♥=0  PLAYER(L)  | -1,000원 → 204,800원  [start]
H3600 | bet   2,000원 PLAYER | P:10♦ K♣ 6♠=6  B:Q♠ A♥ 4♦=5  PLAYER(W)  | +2,000원 → 206,800원  [end_win]
H3601 | bet   1,000원 BANKER | P:3♦ 3♠=6  B:8♦ Q♠=8  BANKER(W)  | +950원 → 207,750원
H3602 | bet   1,000원 BANKER | P:3♣ 5♣=8  B:5♣ 4♣=9  BANKER(W)  | +950원 → 208,700원
H3603 | bet   1,000원 BANKER | P:8♠ 9♥=7  B:9♥ 9♠=8  BANKER(W)  | +950원 → 209,650원
H3604 | bet   1,000원 BANKER | P:8♠ 6♥ 8♣=2  B:3♠ A♣=4  BANKER(W)  | +950원 → 210,600원
H3605 | bet   1,000원 BANKER | P:10♦ 2♥ J♠=2  B:2♦ 5♥=7  BANKER(W)  | +950원 → 211,550원
H3606 | bet   1,000원 BANKER | P:4♠ 10♦ 4♥=8  B:8♠ 7♥ Q♣=5  PLAYER(L)  | -1,000원 → 210,550원  [start]
H3607 | bet   2,000원 PLAYER | P:7♥ J♣=7  B:A♦ 6♠=7  TIE(T)  |     0원 → 210,550원
H3608 | bet   2,000원 PLAYER | P:J♠ 10♥ 6♠=6  B:7♥ J♥=7  BANKER(L)  | -2,000원 → 208,550원
H3609 | bet   4,000원 PLAYER | P:7♠ 8♠=5  B:9♦ Q♠=9  BANKER(L)  | -4,000원 → 204,550원
H3610 | bet   8,000원 PLAYER | P:4♠ Q♦=4  B:6♠ 3♠=9  BANKER(L)  | -8,000원 → 196,550원
H3611 | bet  16,000원 PLAYER | P:4♥ 2♠=6  B:4♣ Q♠ 10♠=4  PLAYER(W)  | +16,000원 → 212,550원  [end_win]
H3612 | bet   1,000원 BANKER | P:6♥ 2♣=8  B:Q♠ 6♣=6  PLAYER(L)  | -1,000원 → 211,550원  [start]
H3613 | bet   2,000원 PLAYER | P:A♥ A♦ 6♣=8  B:9♦ 7♦ 7♣=3  PLAYER(W)  | +2,000원 → 213,550원  [end_win]
H3614 | bet   1,000원 BANKER | P:6♣ K♣=6  B:7♣ K♠=7  BANKER(W)  | +950원 → 214,500원
H3615 | bet   1,000원 BANKER | P:K♥ A♣ 3♦=4  B:K♠ 2♥ K♠=2  PLAYER(L)  | -1,000원 → 213,500원  [start]
H3616 | bet   2,000원 PLAYER | P:8♣ J♥=8  B:6♦ 6♥=2  PLAYER(W)  | +2,000원 → 215,500원  [end_win]
H3617 | bet   1,000원 BANKER | P:4♦ A♣ 8♣=3  B:J♥ 4♥=4  BANKER(W)  | +950원 → 216,450원
H3618 | bet   1,000원 BANKER | P:9♠ 8♦=7  B:5♠ 6♠ 5♦=6  PLAYER(L)  | -1,000원 → 215,450원  [start]
H3619 | bet   2,000원 PLAYER | P:3♦ 2♣ 5♥=0  B:7♦ K♦=7  BANKER(L)  | -2,000원 → 213,450원
H3620 | bet   4,000원 PLAYER | P:Q♦ 9♣=9  B:Q♣ 5♥=5  PLAYER(W)  | +4,000원 → 217,450원  [end_win]
H3621 | bet   1,000원 BANKER | P:4♦ 2♦=6  B:10♦ 2♣ 8♠=0  PLAYER(L)  | -1,000원 → 216,450원  [start]
H3622 | bet   2,000원 PLAYER | P:8♣ 9♦=7  B:5♣ 9♣ 7♣=1  PLAYER(W)  | +2,000원 → 218,450원  [end_win]
H3623 | bet   1,000원 BANKER | P:6♣ 5♦=1  B:A♥ 7♥=8  BANKER(W)  | +950원 → 219,400원
H3624 | bet   1,000원 BANKER | P:J♦ Q♦ 2♥=2  B:3♠ 8♦ 4♣=5  BANKER(W)  | +950원 → 220,350원
H3625 | bet   1,000원 BANKER | P:J♣ A♠ 4♦=5  B:6♣ K♦=6  BANKER(W)  | +950원 → 221,300원
H3626 | bet   1,000원 BANKER | P:8♦ J♥=8  B:6♦ 2♦=8  TIE(T)  |     0원 → 221,300원
H3627 | bet   1,000원 BANKER | P:3♠ K♦=3  B:9♥ K♠=9  BANKER(W)  | +950원 → 222,250원
H3628 | bet   1,000원 BANKER | P:7♠ 7♥ 9♥=3  B:4♣ 2♦=6  BANKER(W)  | +950원 → 223,200원
H3629 | bet   1,000원 BANKER | P:3♥ 2♥=5  B:9♠ K♣=9  BANKER(W)  | +950원 → 224,150원
H3630 | bet   1,000원 BANKER | P:10♥ K♥ A♠=1  B:K♦ 4♠=4  BANKER(W)  | +950원 → 225,100원
H3631 | bet   1,000원 BANKER | P:3♦ 4♥=7  B:10♠ A♣ 7♠=8  BANKER(W)  | +950원 → 226,050원
H3632 | bet   1,000원 BANKER | P:6♠ 4♣ 7♥=7  B:7♣ 9♦ 3♣=9  BANKER(W)  | +950원 → 227,000원
H3633 | bet   1,000원 BANKER | P:J♣ A♥ 5♣=6  B:A♦ 6♦=7  BANKER(W)  | +950원 → 227,950원
H3634 | bet   1,000원 BANKER | P:A♠ 10♣ 2♥=3  B:8♠ 3♣ 6♣=7  BANKER(W)  | +950원 → 228,900원
H3635 | bet   1,000원 BANKER | P:2♣ 9♠ 8♥=9  B:4♣ 7♦ A♣=2  PLAYER(L)  | -1,000원 → 227,900원  [start]
H3636 | bet   2,000원 PLAYER | P:6♦ 7♦ K♥=3  B:3♦ 4♠=7  BANKER(L)  | -2,000원 → 225,900원
H3637 | bet   4,000원 PLAYER | P:Q♥ 2♦ 3♥=5  B:5♣ 5♦ 2♠=2  PLAYER(W)  | +4,000원 → 229,900원  [end_win]
H3638 | bet   1,000원 BANKER | P:10♣ 5♣ Q♦=5  B:7♦ 10♠=7  BANKER(W)  | +950원 → 230,850원
H3639 | bet   1,000원 BANKER | P:Q♦ Q♦ J♦=0  B:6♦ 7♣ 3♣=6  BANKER(W)  | +950원 → 231,800원
H3640 | bet   1,000원 BANKER | P:10♣ 9♠=9  B:10♠ 6♦=6  PLAYER(L)  | -1,000원 → 230,800원  [start]
H3641 | bet   2,000원 PLAYER | P:8♥ 9♥=7  B:7♠ Q♣=7  TIE(T)  |     0원 → 230,800원
H3642 | bet   2,000원 PLAYER | P:K♥ 4♥ 5♠=9  B:10♥ K♦ K♠=0  PLAYER(W)  | +2,000원 → 232,800원  [end_win]
H3643 | bet   1,000원 BANKER | P:J♥ A♦ 2♠=3  B:J♣ J♦ 7♦=7  BANKER(W)  | +950원 → 233,750원
H3644 | bet   1,000원 BANKER | P:5♦ 10♦ 9♦=4  B:2♠ 3♦=5  BANKER(W)  | +950원 → 234,700원
H3645 | bet   1,000원 BANKER | P:A♣ A♥ 4♦=6  B:4♦ J♦ 4♦=8  BANKER(W)  | +950원 → 235,650원
H3646 | bet   1,000원 BANKER | P:A♠ 8♦=9  B:8♥ 5♥=3  PLAYER(L)  | -1,000원 → 234,650원  [start]
H3647 | bet   2,000원 PLAYER | P:10♠ K♠=0  B:8♦ K♥=8  BANKER(L)  | -2,000원 → 232,650원
H3648 | bet   4,000원 PLAYER | P:7♦ 2♣=9  B:10♥ K♦=0  PLAYER(W)  | +4,000원 → 236,650원  [end_win]
H3649 | bet   1,000원 BANKER | P:3♣ 7♠ K♠=0  B:Q♥ Q♥ 10♦=0  TIE(T)  |     0원 → 236,650원
H3650 | bet   1,000원 BANKER | P:5♠ 2♦=7  B:2♠ 7♠=9  BANKER(W)  | +950원 → 237,600원
H3651 | bet   1,000원 BANKER | P:9♥ 3♥=2  B:5♠ 4♦=9  BANKER(W)  | +950원 → 238,550원
H3652 | bet   1,000원 BANKER | P:4♠ A♦ K♣=5  B:10♥ 7♣=7  BANKER(W)  | +950원 → 239,500원
H3653 | bet   1,000원 BANKER | P:10♥ Q♠ 3♥=3  B:K♥ 3♥ 5♠=8  BANKER(W)  | +950원 → 240,450원
H3654 | bet   1,000원 BANKER | P:7♣ 10♦=7  B:8♣ 2♣ 6♥=6  PLAYER(L)  | -1,000원 → 239,450원  [start]
H3655 | bet   2,000원 PLAYER | P:Q♣ 3♣ 6♥=9  B:10♦ J♦ 8♦=8  PLAYER(W)  | +2,000원 → 241,450원  [end_win]
H3656 | bet   1,000원 BANKER | P:Q♥ A♥ J♣=1  B:6♥ J♠=6  BANKER(W)  | +950원 → 242,400원
H3657 | bet   1,000원 BANKER | P:10♥ J♠=0  B:J♦ 8♥=8  BANKER(W)  | +950원 → 243,350원
H3658 | bet   1,000원 BANKER | P:J♠ 6♥=6  B:5♣ 6♣ Q♠=1  PLAYER(L)  | -1,000원 → 242,350원  [start]
H3659 | bet   2,000원 PLAYER | P:9♦ K♠=9  B:8♦ 10♣=8  PLAYER(W)  | +2,000원 → 244,350원  [end_win]
H3660 | bet   1,000원 BANKER | P:5♦ 3♠=8  B:10♣ 10♦=0  PLAYER(L)  | -1,000원 → 243,350원  [start]
H3661 | bet   2,000원 PLAYER | P:6♣ 5♠=1  B:J♦ 9♠=9  BANKER(L)  | -2,000원 → 241,350원
H3662 | bet   4,000원 PLAYER | P:9♥ 6♦=5  B:Q♥ 8♥=8  BANKER(L)  | -4,000원 → 237,350원
H3663 | bet   8,000원 PLAYER | P:Q♦ J♠=0  B:A♥ 8♣=9  BANKER(L)  | -8,000원 → 229,350원
H3664 | bet  16,000원 PLAYER | P:9♣ 3♣=2  B:2♦ 6♠=8  BANKER(L)  | -16,000원 → 213,350원  [end_giveup]
H3665 | bet   1,000원 BANKER | P:7♣ 9♦=6  B:A♦ 10♣ 3♠=4  PLAYER(L)  | -1,000원 → 212,350원  [start]
H3666 | bet   2,000원 PLAYER | P:4♦ 9♣ Q♥=3  B:8♥ 3♥ K♣=1  PLAYER(W)  | +2,000원 → 214,350원  [end_win]
H3667 | bet   1,000원 BANKER | P:10♥ 3♣ J♣=3  B:9♥ 5♦=4  BANKER(W)  | +950원 → 215,300원
H3668 | bet   1,000원 BANKER | P:J♥ 4♥ K♦=4  B:A♠ A♦ 5♥=7  BANKER(W)  | +950원 → 216,250원
H3669 | bet   1,000원 BANKER | P:5♥ 3♥=8  B:5♥ 2♥=7  PLAYER(L)  | -1,000원 → 215,250원  [start]
H3670 | bet   2,000원 PLAYER | P:J♥ 9♣=9  B:K♣ 2♠=2  PLAYER(W)  | +2,000원 → 217,250원  [end_win]
H3671 | bet   1,000원 BANKER | P:5♠ A♠=6  B:7♠ Q♣=7  BANKER(W)  | +950원 → 218,200원
H3672 | bet   1,000원 BANKER | P:A♠ 8♠=9  B:3♦ K♣=3  PLAYER(L)  | -1,000원 → 217,200원  [start]
H3673 | bet   2,000원 PLAYER | P:A♣ 2♥ A♦=4  B:5♠ 7♥ 9♣=1  PLAYER(W)  | +2,000원 → 219,200원  [end_win]
H3674 | bet   1,000원 BANKER | P:K♦ 9♠=9  B:Q♥ Q♣=0  PLAYER(L)  | -1,000원 → 218,200원  [start]
H3675 | bet   2,000원 PLAYER | P:3♥ 5♦=8  B:2♠ 9♦=1  PLAYER(W)  | +2,000원 → 220,200원  [end_win]
H3676 | bet   1,000원 BANKER | P:K♥ J♠ 8♣=8  B:4♣ 10♠=4  PLAYER(L)  | -1,000원 → 219,200원  [start]
H3677 | bet   2,000원 PLAYER | P:10♠ 6♦=6  B:K♥ 2♠ 7♥=9  BANKER(L)  | -2,000원 → 217,200원
H3678 | bet   4,000원 PLAYER | P:5♥ 9♣ 8♥=2  B:6♠ A♥=7  BANKER(L)  | -4,000원 → 213,200원
H3679 | bet   8,000원 PLAYER | P:3♦ A♠=4  B:8♠ 10♠=8  BANKER(L)  | -8,000원 → 205,200원
H3680 | bet  16,000원 PLAYER | P:Q♣ A♥ 4♥=5  B:7♠ J♣=7  BANKER(L)  | -16,000원 → 189,200원  [end_giveup]
H3681 | bet   1,000원 BANKER | P:J♣ 4♠ 9♣=3  B:7♦ Q♠=7  BANKER(W)  | +950원 → 190,150원
H3682 | bet   1,000원 BANKER | P:4♥ 4♠=8  B:K♣ Q♣=0  PLAYER(L)  | -1,000원 → 189,150원  [start]
H3683 | bet   2,000원 PLAYER | P:4♠ 5♣=9  B:10♣ Q♦=0  PLAYER(W)  | +2,000원 → 191,150원  [end_win]
H3684 | bet   1,000원 BANKER | P:4♣ 8♥ Q♠=2  B:2♣ Q♥ J♥=2  TIE(T)  |     0원 → 191,150원
H3685 | bet   1,000원 BANKER | P:3♠ 5♠=8  B:7♣ 8♦=5  PLAYER(L)  | -1,000원 → 190,150원  [start]
H3686 | bet   2,000원 PLAYER | P:8♣ 8♠=6  B:7♠ 2♣=9  BANKER(L)  | -2,000원 → 188,150원
H3687 | bet   4,000원 PLAYER | P:4♠ 9♠=3  B:K♦ 9♣=9  BANKER(L)  | -4,000원 → 184,150원
H3688 | bet   8,000원 PLAYER | P:Q♥ Q♣=0  B:8♠ A♦=9  BANKER(L)  | -8,000원 → 176,150원
H3689 | bet  16,000원 PLAYER | P:A♣ K♠ K♠=1  B:Q♣ 7♣=7  BANKER(L)  | -16,000원 → 160,150원  [end_giveup]
H3690 | bet   1,000원 BANKER | P:K♣ 3♥ J♦=3  B:6♠ 8♦=4  BANKER(W)  | +950원 → 161,100원
H3691 | bet   1,000원 BANKER | P:8♥ 8♠=6  B:6♥ 10♥=6  TIE(T)  |     0원 → 161,100원
H3692 | bet   1,000원 BANKER | P:5♣ 5♥ 3♦=3  B:10♥ 10♥ K♦=0  PLAYER(L)  | -1,000원 → 160,100원  [start]
H3693 | bet   2,000원 PLAYER | P:J♠ 6♠=6  B:9♠ 7♥=6  TIE(T)  |     0원 → 160,100원
H3694 | bet   2,000원 PLAYER | P:Q♠ 3♦ 9♥=2  B:8♠ 9♣=7  BANKER(L)  | -2,000원 → 158,100원
H3695 | bet   4,000원 PLAYER | P:Q♣ 3♥ Q♠=3  B:9♥ 8♣=7  BANKER(L)  | -4,000원 → 154,100원
H3696 | bet   8,000원 PLAYER | P:8♦ 3♦ Q♣=1  B:J♦ 3♦ 6♦=9  BANKER(L)  | -8,000원 → 146,100원
H3697 | bet  16,000원 PLAYER | P:6♥ 5♦ 10♣=1  B:10♠ 3♣ 9♦=2  BANKER(L)  | -16,000원 → 130,100원  [end_giveup]
H3698 | bet   1,000원 BANKER | P:J♥ 5♣ J♦=5  B:J♦ J♠ 8♥=8  BANKER(W)  | +950원 → 131,050원
H3699 | bet   1,000원 BANKER | P:2♥ 7♣=9  B:Q♦ K♥=0  PLAYER(L)  | -1,000원 → 130,050원  [start]
H3700 | bet   2,000원 PLAYER | P:10♦ 9♦=9  B:3♠ 3♠=6  PLAYER(W)  | +2,000원 → 132,050원  [end_win]
H3701 | bet   1,000원 BANKER | P:5♣ Q♥ 3♠=8  B:8♥ 8♣=6  PLAYER(L)  | -1,000원 → 131,050원  [start]
H3702 | bet   2,000원 PLAYER | P:2♣ Q♠ 4♣=6  B:J♣ 4♣ J♥=4  PLAYER(W)  | +2,000원 → 133,050원  [end_win]
H3703 | bet   1,000원 BANKER | P:6♥ 2♠=8  B:9♦ 3♠=2  PLAYER(L)  | -1,000원 → 132,050원  [start]
H3704 | bet   2,000원 PLAYER | P:6♥ 10♥=6  B:9♥ A♠ 4♠=4  PLAYER(W)  | +2,000원 → 134,050원  [end_win]
H3705 | bet   1,000원 BANKER | P:8♥ 4♥ 3♦=5  B:10♠ 5♠=5  TIE(T)  |     0원 → 134,050원
H3706 | bet   1,000원 BANKER | P:A♠ 6♣=7  B:9♥ Q♣=9  BANKER(W)  | +950원 → 135,000원
H3707 | bet   1,000원 BANKER | P:8♠ 5♥ 8♦=1  B:5♦ J♣=5  BANKER(W)  | +950원 → 135,950원
H3708 | bet   1,000원 BANKER | P:A♣ 2♣=3  B:8♥ J♥=8  BANKER(W)  | +950원 → 136,900원
H3709 | bet   1,000원 BANKER | P:5♣ 2♥=7  B:Q♠ 10♦ 9♠=9  BANKER(W)  | +950원 → 137,850원
H3710 | bet   1,000원 BANKER | P:6♦ 4♦ A♣=1  B:7♦ K♦=7  BANKER(W)  | +950원 → 138,800원
H3711 | bet   1,000원 BANKER | P:5♠ 2♣=7  B:10♠ 2♥ 6♠=8  BANKER(W)  | +950원 → 139,750원
H3712 | bet   1,000원 BANKER | P:Q♣ 5♦ 4♥=9  B:3♦ J♥ 10♥=3  PLAYER(L)  | -1,000원 → 138,750원  [start]
H3713 | bet   2,000원 PLAYER | P:2♥ 2♦=4  B:9♥ K♦=9  BANKER(L)  | -2,000원 → 136,750원
H3714 | bet   4,000원 PLAYER | P:3♣ 4♠=7  B:K♠ 10♠ 6♥=6  PLAYER(W)  | +4,000원 → 140,750원  [end_win]
H3715 | bet   1,000원 BANKER | P:9♣ K♠=9  B:4♦ 2♦=6  PLAYER(L)  | -1,000원 → 139,750원  [start]
H3716 | bet   2,000원 PLAYER | P:J♠ A♦ 10♦=1  B:5♦ 10♥=5  BANKER(L)  | -2,000원 → 137,750원
H3717 | bet   4,000원 PLAYER | P:J♠ 3♥=3  B:6♥ 3♣=9  BANKER(L)  | -4,000원 → 133,750원
H3718 | bet   8,000원 PLAYER | P:6♦ 3♥=9  B:7♣ 9♠=6  PLAYER(W)  | +8,000원 → 141,750원  [end_win]
H3719 | bet   1,000원 BANKER | P:A♥ A♠ 7♥=9  B:6♦ 4♥ Q♦=0  PLAYER(L)  | -1,000원 → 140,750원  [start]
H3720 | bet   2,000원 PLAYER | P:4♦ 6♣ 6♦=6  B:K♦ 5♥ 7♦=2  PLAYER(W)  | +2,000원 → 142,750원  [end_win]
H3721 | bet   1,000원 BANKER | P:8♠ 8♣=6  B:J♦ A♥ 4♠=5  PLAYER(L)  | -1,000원 → 141,750원  [start]
H3722 | bet   2,000원 PLAYER | P:7♠ 10♥=7  B:7♦ Q♥=7  TIE(T)  |     0원 → 141,750원
H3723 | bet   2,000원 PLAYER | P:A♥ 10♥ 7♣=8  B:3♦ 7♠ 9♠=9  BANKER(L)  | -2,000원 → 139,750원
H3724 | bet   4,000원 PLAYER | P:8♦ 5♣ 10♠=3  B:2♥ 9♥ K♠=1  PLAYER(W)  | +4,000원 → 143,750원  [end_win]
H3725 | bet   1,000원 BANKER | P:A♦ 2♠ A♣=4  B:K♣ 10♦ 6♣=6  BANKER(W)  | +950원 → 144,700원
H3726 | bet   1,000원 BANKER | P:4♣ 6♠ A♠=1  B:8♥ 9♣=7  BANKER(W)  | +950원 → 145,650원
H3727 | bet   1,000원 BANKER | P:4♣ 10♣ 10♦=4  B:7♠ 6♥ K♣=3  PLAYER(L)  | -1,000원 → 144,650원  [start]
H3728 | bet   2,000원 PLAYER | P:5♠ A♦=6  B:Q♦ 8♠=8  BANKER(L)  | -2,000원 → 142,650원
H3729 | bet   4,000원 PLAYER | P:J♠ 2♦ Q♥=2  B:A♥ 10♦ 7♥=8  BANKER(L)  | -4,000원 → 138,650원
H3730 | bet   8,000원 PLAYER | P:J♣ 6♣=6  B:2♦ A♣ 3♠=6  TIE(T)  |     0원 → 138,650원
H3731 | bet   8,000원 PLAYER | P:A♦ 5♦=6  B:J♦ K♣ K♦=0  PLAYER(W)  | +8,000원 → 146,650원  [end_win]
H3732 | bet   1,000원 BANKER | P:Q♦ 6♠=6  B:10♣ 7♣=7  BANKER(W)  | +950원 → 147,600원
H3733 | bet   1,000원 BANKER | P:K♠ 9♣=9  B:A♦ J♥=1  PLAYER(L)  | -1,000원 → 146,600원  [start]
H3734 | bet   2,000원 PLAYER | P:6♠ 4♣ 2♦=2  B:2♠ Q♥ Q♥=2  TIE(T)  |     0원 → 146,600원
H3735 | bet   2,000원 PLAYER | P:2♦ 4♥=6  B:4♦ 7♥ A♠=2  PLAYER(W)  | +2,000원 → 148,600원  [end_win]
H3736 | bet   1,000원 BANKER | P:9♦ Q♠=9  B:Q♠ K♥=0  PLAYER(L)  | -1,000원 → 147,600원  [start]
H3737 | bet   2,000원 PLAYER | P:5♥ A♥=6  B:6♥ 3♠=9  BANKER(L)  | -2,000원 → 145,600원
H3738 | bet   4,000원 PLAYER | P:A♥ 6♦=7  B:2♠ J♠ A♥=3  PLAYER(W)  | +4,000원 → 149,600원  [end_win]
H3739 | bet   1,000원 BANKER | P:8♦ J♣=8  B:8♠ 6♠=4  PLAYER(L)  | -1,000원 → 148,600원  [start]
H3740 | bet   2,000원 PLAYER | P:6♣ 6♣=2  B:9♦ J♥=9  BANKER(L)  | -2,000원 → 146,600원
H3741 | bet   4,000원 PLAYER | P:9♥ 10♣=9  B:5♦ 8♣=3  PLAYER(W)  | +4,000원 → 150,600원  [end_win]
H3742 | bet   1,000원 BANKER | P:5♠ 4♥=9  B:J♣ K♣=0  PLAYER(L)  | -1,000원 → 149,600원  [start]
H3743 | bet   2,000원 PLAYER | P:3♥ 5♥=8  B:9♠ 7♦=6  PLAYER(W)  | +2,000원 → 151,600원  [end_win]
H3744 | bet   1,000원 BANKER | P:2♠ 6♣=8  B:7♠ 10♠=7  PLAYER(L)  | -1,000원 → 150,600원  [start]
H3745 | bet   2,000원 PLAYER | P:4♠ 8♥ 4♦=6  B:5♣ 7♣ 4♠=6  TIE(T)  |     0원 → 150,600원
H3746 | bet   2,000원 PLAYER | P:J♠ 2♣ 9♠=1  B:3♣ A♠=4  BANKER(L)  | -2,000원 → 148,600원
H3747 | bet   4,000원 PLAYER | P:3♣ K♣=3  B:A♠ 7♥=8  BANKER(L)  | -4,000원 → 144,600원
H3748 | bet   8,000원 PLAYER | P:3♣ J♣ 6♦=9  B:7♠ 10♠=7  PLAYER(W)  | +8,000원 → 152,600원  [end_win]
H3749 | bet   1,000원 BANKER | P:A♦ 4♥ A♠=6  B:2♠ 10♣ A♦=3  PLAYER(L)  | -1,000원 → 151,600원  [start]
H3750 | bet   2,000원 PLAYER | P:4♦ K♣=4  B:A♣ 7♦=8  BANKER(L)  | -2,000원 → 149,600원
H3751 | bet   4,000원 PLAYER | P:8♥ K♠=8  B:5♥ 2♥=7  PLAYER(W)  | +4,000원 → 153,600원  [end_win]
H3752 | bet   1,000원 BANKER | P:5♥ 10♦ Q♦=5  B:6♠ 9♣=5  TIE(T)  |     0원 → 153,600원
H3753 | bet   1,000원 BANKER | P:K♥ 5♠ 5♠=0  B:Q♦ 10♦ 9♦=9  BANKER(W)  | +950원 → 154,550원
H3754 | bet   1,000원 BANKER | P:8♦ Q♠=8  B:7♥ 8♣=5  PLAYER(L)  | -1,000원 → 153,550원  [start]
H3755 | bet   2,000원 PLAYER | P:J♥ K♥ J♣=0  B:4♣ 2♣=6  BANKER(L)  | -2,000원 → 151,550원
H3756 | bet   4,000원 PLAYER | P:K♣ 5♥ 3♥=8  B:2♠ 2♣ 10♠=4  PLAYER(W)  | +4,000원 → 155,550원  [end_win]
H3757 | bet   1,000원 BANKER | P:9♠ 3♦ Q♥=2  B:8♣ 3♥ Q♦=1  PLAYER(L)  | -1,000원 → 154,550원  [start]
H3758 | bet   2,000원 PLAYER | P:7♦ 4♠ A♣=2  B:Q♦ 2♣ 2♥=4  BANKER(L)  | -2,000원 → 152,550원
H3759 | bet   4,000원 PLAYER | P:2♥ J♥ K♥=2  B:5♦ Q♣=5  BANKER(L)  | -4,000원 → 148,550원
H3760 | bet   8,000원 PLAYER | P:6♣ 10♣=6  B:K♠ K♥ 10♣=0  PLAYER(W)  | +8,000원 → 156,550원  [end_win]
H3761 | bet   1,000원 BANKER | P:5♣ 7♦ 3♣=5  B:6♦ Q♣=6  BANKER(W)  | +950원 → 157,500원
H3762 | bet   1,000원 BANKER | P:8♣ 10♣=8  B:K♥ 3♣=3  PLAYER(L)  | -1,000원 → 156,500원  [start]
H3763 | bet   2,000원 PLAYER | P:5♠ 9♦ 4♥=8  B:4♥ A♥ K♦=5  PLAYER(W)  | +2,000원 → 158,500원  [end_win]
H3764 | bet   1,000원 BANKER | P:9♥ Q♥=9  B:4♣ 4♦=8  PLAYER(L)  | -1,000원 → 157,500원  [start]
H3765 | bet   2,000원 PLAYER | P:3♠ 7♦ 5♣=5  B:7♣ 8♦ 2♦=7  BANKER(L)  | -2,000원 → 155,500원
H3766 | bet   4,000원 PLAYER | P:7♥ 5♦ 7♠=9  B:7♠ 4♦ Q♠=1  PLAYER(W)  | +4,000원 → 159,500원  [end_win]
H3767 | bet   1,000원 BANKER | P:A♣ 2♠=3  B:K♥ 9♦=9  BANKER(W)  | +950원 → 160,450원
H3768 | bet   1,000원 BANKER | P:8♠ 4♠ 2♥=4  B:K♥ Q♣ 5♥=5  BANKER(W)  | +950원 → 161,400원
H3769 | bet   1,000원 BANKER | P:2♥ 9♥ A♠=2  B:5♠ A♣=6  BANKER(W)  | +950원 → 162,350원
H3770 | bet   1,000원 BANKER | P:4♣ J♦ 10♣=4  B:4♦ 2♣=6  BANKER(W)  | +950원 → 163,300원
H3771 | bet   1,000원 BANKER | P:A♦ A♦ 7♥=9  B:A♠ J♦ 7♠=8  PLAYER(L)  | -1,000원 → 162,300원  [start]
H3772 | bet   2,000원 PLAYER | P:8♥ 7♥ J♣=5  B:A♣ 3♦=4  PLAYER(W)  | +2,000원 → 164,300원  [end_win]
H3773 | bet   1,000원 BANKER | P:8♠ K♦=8  B:K♦ 4♥=4  PLAYER(L)  | -1,000원 → 163,300원  [start]
H3774 | bet   2,000원 PLAYER | P:10♦ K♥ 5♠=5  B:6♥ 4♦ 7♠=7  BANKER(L)  | -2,000원 → 161,300원
H3775 | bet   4,000원 PLAYER | P:2♣ 5♥=7  B:4♣ A♠ 4♦=9  BANKER(L)  | -4,000원 → 157,300원
H3776 | bet   8,000원 PLAYER | P:K♣ Q♦ 3♣=3  B:10♠ 7♦=7  BANKER(L)  | -8,000원 → 149,300원
H3777 | bet  16,000원 PLAYER | P:2♠ J♥ J♣=2  B:3♦ J♠ 2♠=5  BANKER(L)  | -16,000원 → 133,300원  [end_giveup]
H3778 | bet   1,000원 BANKER | P:8♦ 2♣ K♥=0  B:8♥ 4♦ Q♣=2  BANKER(W)  | +950원 → 134,250원
H3779 | bet   1,000원 BANKER | P:10♦ Q♣ 8♥=8  B:A♥ 4♣=5  PLAYER(L)  | -1,000원 → 133,250원  [start]
H3780 | bet   2,000원 PLAYER | P:10♥ 3♦ 5♠=8  B:9♦ 6♠ Q♣=5  PLAYER(W)  | +2,000원 → 135,250원  [end_win]
H3781 | bet   1,000원 BANKER | P:7♦ 6♠ 6♦=9  B:2♥ Q♦ 9♥=1  PLAYER(L)  | -1,000원 → 134,250원  [start]
H3782 | bet   2,000원 PLAYER | P:7♦ J♣=7  B:10♣ 5♦ 6♥=1  PLAYER(W)  | +2,000원 → 136,250원  [end_win]
H3783 | bet   1,000원 BANKER | P:Q♣ 2♥ 2♠=4  B:9♠ 8♣=7  BANKER(W)  | +950원 → 137,200원
H3784 | bet   1,000원 BANKER | P:3♠ 5♥=8  B:J♥ 5♠=5  PLAYER(L)  | -1,000원 → 136,200원  [start]
H3785 | bet   2,000원 PLAYER | P:K♣ 8♠=8  B:5♣ 9♥=4  PLAYER(W)  | +2,000원 → 138,200원  [end_win]
H3786 | bet   1,000원 BANKER | P:9♥ 5♦ 3♥=7  B:8♣ 2♥ J♥=0  PLAYER(L)  | -1,000원 → 137,200원  [start]
H3787 | bet   2,000원 PLAYER | P:6♦ 10♥=6  B:3♣ Q♠ Q♦=3  PLAYER(W)  | +2,000원 → 139,200원  [end_win]
H3788 | bet   1,000원 BANKER | P:3♥ 6♦=9  B:8♥ 7♥=5  PLAYER(L)  | -1,000원 → 138,200원  [start]
H3789 | bet   2,000원 PLAYER | P:10♣ 6♥=6  B:10♠ 10♥ 8♠=8  BANKER(L)  | -2,000원 → 136,200원
H3790 | bet   4,000원 PLAYER | P:2♣ 3♠ 4♦=9  B:7♦ Q♣=7  PLAYER(W)  | +4,000원 → 140,200원  [end_win]
H3791 | bet   1,000원 BANKER | P:5♣ A♦=6  B:J♠ 10♦ 10♠=0  PLAYER(L)  | -1,000원 → 139,200원  [start]
H3792 | bet   2,000원 PLAYER | P:6♥ 6♣ 2♣=4  B:5♥ 7♦ 5♦=7  BANKER(L)  | -2,000원 → 137,200원
H3793 | bet   4,000원 PLAYER | P:8♠ 7♥ 8♠=3  B:Q♦ 6♣=6  BANKER(L)  | -4,000원 → 133,200원
H3794 | bet   8,000원 PLAYER | P:10♠ 3♣ 10♥=3  B:3♠ A♠=4  BANKER(L)  | -8,000원 → 125,200원
H3795 | bet  16,000원 PLAYER | P:10♥ K♣ K♠=0  B:6♣ 8♥=4  BANKER(L)  | -16,000원 → 109,200원  [end_giveup]
H3796 | bet   1,000원 BANKER | P:5♥ K♠ 2♥=7  B:K♥ K♦ 5♥=5  PLAYER(L)  | -1,000원 → 108,200원  [start]
H3797 | bet   2,000원 PLAYER | P:4♣ A♦ 7♣=2  B:8♦ 6♥ Q♠=4  BANKER(L)  | -2,000원 → 106,200원
H3798 | bet   4,000원 PLAYER | P:9♣ 9♦=8  B:4♦ 9♣=3  PLAYER(W)  | +4,000원 → 110,200원  [end_win]
H3799 | bet   1,000원 BANKER | P:3♥ 6♦=9  B:6♣ 8♦=4  PLAYER(L)  | -1,000원 → 109,200원  [start]
H3800 | bet   2,000원 PLAYER | P:J♣ J♠ J♣=0  B:6♠ 6♦ 10♠=2  BANKER(L)  | -2,000원 → 107,200원
H3801 | bet   4,000원 PLAYER | P:J♠ 2♣ K♦=2  B:4♣ 7♥ 7♠=8  BANKER(L)  | -4,000원 → 103,200원
H3802 | bet   8,000원 PLAYER | P:4♥ Q♥=4  B:9♠ 9♦=8  BANKER(L)  | -8,000원 → 95,200원
H3803 | bet  16,000원 PLAYER | P:A♥ Q♥ 4♥=5  B:8♦ 5♣ 5♣=8  BANKER(L)  | -16,000원 → 79,200원  [end_giveup]
H3804 | bet   1,000원 BANKER | P:2♥ 4♥=6  B:4♠ Q♥ 8♦=2  PLAYER(L)  | -1,000원 → 78,200원  [start]
H3805 | bet   2,000원 PLAYER | P:J♦ 10♦ J♥=0  B:4♠ 2♦=6  BANKER(L)  | -2,000원 → 76,200원
H3806 | bet   4,000원 PLAYER | P:A♣ A♥ 10♣=2  B:A♥ 3♦=4  BANKER(L)  | -4,000원 → 72,200원
H3807 | bet   8,000원 PLAYER | P:3♦ 4♥=7  B:8♠ 3♥ A♦=2  PLAYER(W)  | +8,000원 → 80,200원  [end_win]
H3808 | bet   1,000원 BANKER | P:3♠ J♥=3  B:3♠ 6♦=9  BANKER(W)  | +950원 → 81,150원
H3809 | bet   1,000원 BANKER | P:7♣ 6♣ 5♦=8  B:J♦ 6♠=6  PLAYER(L)  | -1,000원 → 80,150원  [start]
H3810 | bet   2,000원 PLAYER | P:9♠ 7♣=6  B:3♠ 2♦ 7♠=2  PLAYER(W)  | +2,000원 → 82,150원  [end_win]
H3811 | bet   1,000원 BANKER | P:6♥ 2♠=8  B:10♥ J♠=0  PLAYER(L)  | -1,000원 → 81,150원  [start]
H3812 | bet   2,000원 PLAYER | P:7♦ J♦=7  B:6♣ 8♦ Q♠=4  PLAYER(W)  | +2,000원 → 83,150원  [end_win]
H3813 | bet   1,000원 BANKER | P:8♥ K♦=8  B:K♣ 3♥=3  PLAYER(L)  | -1,000원 → 82,150원  [start]
H3814 | bet   2,000원 PLAYER | P:8♣ K♠=8  B:A♥ 6♥=7  PLAYER(W)  | +2,000원 → 84,150원  [end_win]
H3815 | bet   1,000원 BANKER | P:8♦ Q♦=8  B:Q♥ Q♣=0  PLAYER(L)  | -1,000원 → 83,150원  [start]
H3816 | bet   2,000원 PLAYER | P:9♦ J♣=9  B:K♠ J♣=0  PLAYER(W)  | +2,000원 → 85,150원  [end_win]
H3817 | bet   1,000원 BANKER | P:Q♦ 3♦=3  B:2♦ 7♥=9  BANKER(W)  | +950원 → 86,100원
H3818 | bet   1,000원 BANKER | P:3♣ 10♦ K♠=3  B:3♣ 10♣ 3♠=6  BANKER(W)  | +950원 → 87,050원
H3819 | bet   1,000원 BANKER | P:Q♥ 7♣=7  B:5♦ 2♠=7  TIE(T)  |     0원 → 87,050원
H3820 | bet   1,000원 BANKER | P:2♣ 10♥ 9♥=1  B:A♠ 10♠ 8♣=9  BANKER(W)  | +950원 → 88,000원
H3821 | bet   1,000원 BANKER | P:10♣ 9♦=9  B:2♦ Q♣=2  PLAYER(L)  | -1,000원 → 87,000원  [start]
H3822 | bet   2,000원 PLAYER | P:K♥ 2♦ 2♦=4  B:7♠ 5♠ J♥=2  PLAYER(W)  | +2,000원 → 89,000원  [end_win]
H3823 | bet   1,000원 BANKER | P:9♦ 7♠=6  B:5♠ 5♣ 6♠=6  TIE(T)  |     0원 → 89,000원
H3824 | bet   1,000원 BANKER | P:8♣ 9♦=7  B:K♣ 5♦ 9♥=4  PLAYER(L)  | -1,000원 → 88,000원  [start]
H3825 | bet   2,000원 PLAYER | P:2♠ 8♣=0  B:10♦ 9♣=9  BANKER(L)  | -2,000원 → 86,000원
H3826 | bet   4,000원 PLAYER | P:8♦ 3♣=1  B:3♣ 5♥=8  BANKER(L)  | -4,000원 → 82,000원
H3827 | bet   8,000원 PLAYER | P:A♣ 10♦=1  B:A♦ 7♦=8  BANKER(L)  | -8,000원 → 74,000원
H3828 | bet  16,000원 PLAYER | P:8♥ 2♦ 7♣=7  B:3♦ 9♣ 9♥=1  PLAYER(W)  | +16,000원 → 90,000원  [end_win]
H3829 | bet   1,000원 BANKER | P:4♥ K♠ 3♦=7  B:4♥ 6♠ J♦=0  PLAYER(L)  | -1,000원 → 89,000원  [start]
H3830 | bet   2,000원 PLAYER | P:Q♠ Q♥ A♠=1  B:J♥ 10♠ J♠=0  PLAYER(W)  | +2,000원 → 91,000원  [end_win]
H3831 | bet   1,000원 BANKER | P:A♣ 5♥=6  B:K♠ J♠ 10♦=0  PLAYER(L)  | -1,000원 → 90,000원  [start]
H3832 | bet   2,000원 PLAYER | P:7♣ 2♦=9  B:9♣ A♣=0  PLAYER(W)  | +2,000원 → 92,000원  [end_win]
H3833 | bet   1,000원 BANKER | P:K♥ 5♠ 9♣=4  B:K♦ 4♠=4  TIE(T)  |     0원 → 92,000원
H3834 | bet   1,000원 BANKER | P:9♠ 9♠=8  B:7♠ Q♦=7  PLAYER(L)  | -1,000원 → 91,000원  [start]
H3835 | bet   2,000원 PLAYER | P:2♠ 10♣ 6♣=8  B:A♦ 5♦ Q♠=6  PLAYER(W)  | +2,000원 → 93,000원  [end_win]
H3836 | bet   1,000원 BANKER | P:A♠ 5♣=6  B:6♥ 5♣ A♣=2  PLAYER(L)  | -1,000원 → 92,000원  [start]
H3837 | bet   2,000원 PLAYER | P:5♠ J♥ 10♥=5  B:K♣ K♦ 6♣=6  BANKER(L)  | -2,000원 → 90,000원
H3838 | bet   4,000원 PLAYER | P:8♠ Q♠=8  B:10♣ K♣=0  PLAYER(W)  | +4,000원 → 94,000원  [end_win]
H3839 | bet   1,000원 BANKER | P:6♠ 3♥=9  B:4♠ J♣=4  PLAYER(L)  | -1,000원 → 93,000원  [start]
H3840 | bet   2,000원 PLAYER | P:A♥ 3♥ 8♥=2  B:9♠ 7♠=6  BANKER(L)  | -2,000원 → 91,000원
H3841 | bet   4,000원 PLAYER | P:7♦ 4♠ 7♥=8  B:10♠ K♥ 4♠=4  PLAYER(W)  | +4,000원 → 95,000원  [end_win]
H3842 | bet   1,000원 BANKER | P:6♠ K♠=6  B:A♥ Q♥ Q♠=1  PLAYER(L)  | -1,000원 → 94,000원  [start]
H3843 | bet   2,000원 PLAYER | P:6♦ K♦=6  B:5♣ A♦=6  TIE(T)  |     0원 → 94,000원
H3844 | bet   2,000원 PLAYER | P:4♣ 9♣ 4♠=7  B:Q♦ 6♦=6  PLAYER(W)  | +2,000원 → 96,000원  [end_win]
H3845 | bet   1,000원 BANKER | P:3♣ J♠ 8♣=1  B:3♠ 9♠ 4♥=6  BANKER(W)  | +950원 → 96,950원
H3846 | bet   1,000원 BANKER | P:2♥ 7♥=9  B:Q♥ 4♦=4  PLAYER(L)  | -1,000원 → 95,950원  [start]
H3847 | bet   2,000원 PLAYER | P:Q♠ 9♠=9  B:2♣ J♦=2  PLAYER(W)  | +2,000원 → 97,950원  [end_win]
H3848 | bet   1,000원 BANKER | P:A♣ K♣ J♦=1  B:9♥ 3♥ A♠=3  BANKER(W)  | +950원 → 98,900원
H3849 | bet   1,000원 BANKER | P:J♦ 7♥=7  B:8♣ 3♦ Q♣=1  PLAYER(L)  | -1,000원 → 97,900원  [start]
H3850 | bet   2,000원 PLAYER | P:10♠ 9♦=9  B:K♠ 4♠=4  PLAYER(W)  | +2,000원 → 99,900원  [end_win]
H3851 | bet   1,000원 BANKER | P:J♣ 3♥ 5♣=8  B:K♦ 2♣ 9♦=1  PLAYER(L)  | -1,000원 → 98,900원  [start]
H3852 | bet   2,000원 PLAYER | P:J♥ Q♥ 2♣=2  B:6♠ 8♥ Q♦=4  BANKER(L)  | -2,000원 → 96,900원
H3853 | bet   4,000원 PLAYER | P:A♦ K♦=1  B:9♦ K♣=9  BANKER(L)  | -4,000원 → 92,900원
H3854 | bet   8,000원 PLAYER | P:8♦ 4♦ J♠=2  B:9♣ A♥ 9♣=9  BANKER(L)  | -8,000원 → 84,900원
H3855 | bet  16,000원 PLAYER | P:3♣ 7♣ 4♠=4  B:9♥ 3♠ 5♥=7  BANKER(L)  | -16,000원 → 68,900원  [end_giveup]
H3856 | bet   1,000원 BANKER | P:3♦ 9♦=2  B:4♦ 5♥=9  BANKER(W)  | +950원 → 69,850원
H3857 | bet   1,000원 BANKER | P:K♥ 2♣=2  B:9♣ J♥=9  BANKER(W)  | +950원 → 70,800원
H3858 | bet   1,000원 BANKER | P:K♣ 5♦=5  B:4♥ 4♠=8  BANKER(W)  | +950원 → 71,750원
H3859 | bet   1,000원 BANKER | P:5♦ 8♥ Q♣=3  B:A♥ 3♦=4  BANKER(W)  | +950원 → 72,700원
H3860 | bet   1,000원 BANKER | P:6♥ K♣=6  B:Q♥ 7♥=7  BANKER(W)  | +950원 → 73,650원
H3861 | bet   1,000원 BANKER | P:10♠ 3♥ 3♠=6  B:6♣ 9♥=5  PLAYER(L)  | -1,000원 → 72,650원  [start]
H3862 | bet   2,000원 PLAYER | P:K♥ 9♦=9  B:J♠ 5♠=5  PLAYER(W)  | +2,000원 → 74,650원  [end_win]
H3863 | bet   1,000원 BANKER | P:2♣ Q♠ 8♠=0  B:10♥ Q♥ 7♠=7  BANKER(W)  | +950원 → 75,600원
H3864 | bet   1,000원 BANKER | P:J♥ 7♦=7  B:J♦ Q♠ K♦=0  PLAYER(L)  | -1,000원 → 74,600원  [start]
H3865 | bet   2,000원 PLAYER | P:J♠ 10♦ A♣=1  B:10♥ 4♦=4  BANKER(L)  | -2,000원 → 72,600원
H3866 | bet   4,000원 PLAYER | P:10♦ 4♠=4  B:8♦ A♥=9  BANKER(L)  | -4,000원 → 68,600원
H3867 | bet   8,000원 PLAYER | P:5♥ 7♣=2  B:3♣ 5♥=8  BANKER(L)  | -8,000원 → 60,600원
H3868 | bet  16,000원 PLAYER | P:6♦ 8♠ 8♠=2  B:10♥ 4♣=4  BANKER(L)  | -16,000원 → 44,600원  [end_giveup]

Result: RUIN (capital_depleted)
Final: 44,600원  Hands: 3868  Bets: 3525  Wagered: 8,996,000원  Max losing streak: 11
