=== Session 13 ===
Seed: 5125821543982213238
Initial: 100,000원  Target: 500,000원  Ruin: 50,000원  Table-max: 100,000원
Strategy: martingale (pivot, steps=4)
Base bet: 1,000원  Primary side: BANKER

H001 | bet   1,000원 BANKER | P:7♠ 2♠=9  B:2♠ 9♦=1  PLAYER(L)  | -1,000원 → 99,000원  [start]
H002 | bet   2,000원 PLAYER | P:6♠ 7♦ 10♠=3  B:J♠ 2♣ J♠=2  PLAYER(W)  | +2,000원 → 101,000원  [end_win]
H003 | bet   1,000원 BANKER | P:2♥ 5♥=7  B:8♠ 7♦ 6♥=1  PLAYER(L)  | -1,000원 → 100,000원  [start]
H004 | bet   2,000원 PLAYER | P:4♠ 6♥ 5♠=5  B:3♥ J♥ J♥=3  PLAYER(W)  | +2,000원 → 102,000원  [end_win]
H005 | bet   1,000원 BANKER | P:8♣ 9♦=7  B:10♣ A♦ 7♥=8  BANKER(W)  | +950원 → 102,950원
H006 | bet   1,000원 BANKER | P:6♣ Q♠=6  B:A♣ 5♠=6  TIE(T)  |     0원 → 102,950원
H007 | bet   1,000원 BANKER | P:A♣ 6♣=7  B:6♠ K♠=6  PLAYER(L)  | -1,000원 → 101,950원  [start]
H008 | bet   2,000원 PLAYER | P:6♥ 10♥=6  B:5♥ J♣ A♣=6  TIE(T)  |     0원 → 101,950원
H009 | bet   2,000원 PLAYER | P:J♦ 4♣=4  B:4♣ 4♥=8  BANKER(L)  | -2,000원 → 99,950원
H010 | bet   4,000원 PLAYER | P:A♥ 5♦=6  B:2♠ A♣ K♠=3  PLAYER(W)  | +4,000원 → 103,950원  [end_win]
H011 | bet   1,000원 BANKER | P:2♦ 3♣ Q♠=5  B:K♥ J♣ 7♣=7  BANKER(W)  | +950원 → 104,900원
H012 | bet   1,000원 BANKER | P:2♦ Q♣ A♦=3  B:2♥ 10♠ A♣=3  TIE(T)  |     0원 → 104,900원
H013 | bet   1,000원 BANKER | P:5♣ K♠ K♠=5  B:8♠ 8♥=6  BANKER(W)  | +950원 → 105,850원
H014 | bet   1,000원 BANKER | P:10♣ 9♦=9  B:K♦ 4♠=4  PLAYER(L)  | -1,000원 → 104,850원  [start]
H015 | bet   2,000원 PLAYER | P:3♠ K♦ 9♥=2  B:8♣ 2♠ 2♠=2  TIE(T)  |     0원 → 104,850원
H016 | bet   2,000원 PLAYER | P:10♦ 2♠ Q♦=2  B:9♥ A♠ 3♣=3  BANKER(L)  | -2,000원 → 102,850원
H017 | bet   4,000원 PLAYER | P:10♣ Q♦ 4♥=4  B:6♠ K♣=6  BANKER(L)  | -4,000원 → 98,850원
H018 | bet   8,000원 PLAYER | P:9♦ J♦=9  B:5♠ K♦=5  PLAYER(W)  | +8,000원 → 106,850원  [end_win]
H019 | bet   1,000원 BANKER | P:3♦ Q♠ J♠=3  B:A♠ 6♠=7  BANKER(W)  | +950원 → 107,800원
H020 | bet   1,000원 BANKER | P:4♠ 5♦=9  B:7♣ A♠=8  PLAYER(L)  | -1,000원 → 106,800원  [start]
H021 | bet   2,000원 PLAYER | P:3♥ Q♦ J♠=3  B:A♠ 9♥ A♠=1  PLAYER(W)  | +2,000원 → 108,800원  [end_win]
H022 | bet   1,000원 BANKER | P:9♠ 9♠=8  B:8♥ Q♣=8  TIE(T)  |     0원 → 108,800원
H023 | bet   1,000원 BANKER | P:K♦ 5♣ Q♥=5  B:3♠ 8♣ 9♠=0  PLAYER(L)  | -1,000원 → 107,800원  [start]
H024 | bet   2,000원 PLAYER | P:8♥ 7♣ 6♣=1  B:5♥ 9♣ 2♦=6  BANKER(L)  | -2,000원 → 105,800원
H025 | bet   4,000원 PLAYER | P:3♦ K♣ 9♦=2  B:6♦ 9♥=5  BANKER(L)  | -4,000원 → 101,800원
H026 | bet   8,000원 PLAYER | P:3♣ J♥ 3♥=6  B:10♥ Q♣ 3♠=3  PLAYER(W)  | +8,000원 → 109,800원  [end_win]
H027 | bet   1,000원 BANKER | P:Q♣ J♣ J♣=0  B:7♣ 4♥ J♦=1  BANKER(W)  | +950원 → 110,750원
H028 | bet   1,000원 BANKER | P:3♦ 8♣ 3♥=4  B:10♠ 2♣ Q♠=2  PLAYER(L)  | -1,000원 → 109,750원  [start]
H029 | bet   2,000원 PLAYER | P:A♣ 10♥ 7♣=8  B:4♦ 8♦ 6♦=8  TIE(T)  |     0원 → 109,750원
H030 | bet   2,000원 PLAYER | P:K♣ 9♣=9  B:4♣ K♣=4  PLAYER(W)  | +2,000원 → 111,750원  [end_win]
H031 | bet   1,000원 BANKER | P:5♣ 5♠ 6♦=6  B:9♦ 6♦ 9♣=4  PLAYER(L)  | -1,000원 → 110,750원  [start]
H032 | bet   2,000원 PLAYER | P:8♦ 10♥=8  B:10♥ K♦=0  PLAYER(W)  | +2,000원 → 112,750원  [end_win]
H033 | bet   1,000원 BANKER | P:5♦ 4♥=9  B:6♦ K♣=6  PLAYER(L)  | -1,000원 → 111,750원  [start]
H034 | bet   2,000원 PLAYER | P:K♣ J♦ 7♦=7  B:4♥ 3♣=7  TIE(T)  |     0원 → 111,750원
H035 | bet   2,000원 PLAYER | P:7♠ 3♦ Q♦=0  B:8♠ 5♥ 7♣=0  TIE(T)  |     0원 → 111,750원
H036 | bet   2,000원 PLAYER | P:Q♠ 8♦=8  B:Q♥ 9♥=9  BANKER(L)  | -2,000원 → 109,750원
H037 | bet   4,000원 PLAYER | P:3♠ 3♥=6  B:9♥ 4♣ K♥=3  PLAYER(W)  | +4,000원 → 113,750원  [end_win]
H038 | bet   1,000원 BANKER | P:3♥ 8♦ 5♥=6  B:6♠ J♥=6  TIE(T)  |     0원 → 113,750원
H039 | bet   1,000원 BANKER | P:7♥ 10♦=7  B:5♣ 10♠ 7♦=2  PLAYER(L)  | -1,000원 → 112,750원  [start]
H040 | bet   2,000원 PLAYER | P:6♣ A♦=7  B:3♦ 6♣=9  BANKER(L)  | -2,000원 → 110,750원
H041 | bet   4,000원 PLAYER | P:10♦ 3♦ 7♠=0  B:7♦ Q♦=7  BANKER(L)  | -4,000원 → 106,750원
H042 | bet   8,000원 PLAYER | P:9♠ 7♠=6  B:8♠ 4♦ 4♥=6  TIE(T)  |     0원 → 106,750원
H043 | bet   8,000원 PLAYER | P:6♥ 3♦=9  B:J♠ Q♥=0  PLAYER(W)  | +8,000원 → 114,750원  [end_win]
H044 | bet   1,000원 BANKER | P:K♥ 2♠=2  B:2♥ 6♥=8  BANKER(W)  | +950원 → 115,700원
H045 | bet   1,000원 BANKER | P:Q♠ 8♦=8  B:Q♦ K♠=0  PLAYER(L)  | -1,000원 → 114,700원  [start]
H046 | bet   2,000원 PLAYER | P:3♥ A♥ 4♣=8  B:2♦ 9♠ 10♣=1  PLAYER(W)  | +2,000원 → 116,700원  [end_win]
H047 | bet   1,000원 BANKER | P:8♦ 2♥ 5♥=5  B:Q♥ 7♠=7  BANKER(W)  | +950원 → 117,650원
H048 | bet   1,000원 BANKER | P:K♠ 7♥=7  B:K♣ 2♣ 8♣=0  PLAYER(L)  | -1,000원 → 116,650원  [start]
H049 | bet   2,000원 PLAYER | P:K♥ Q♦ 5♦=5  B:6♣ 4♠ 10♦=0  PLAYER(W)  | +2,000원 → 118,650원  [end_win]
H050 | bet   1,000원 BANKER | P:5♦ 7♦=2  B:Q♥ 8♦=8  BANKER(W)  | +950원 → 119,600원
H051 | bet   1,000원 BANKER | P:9♣ 7♠=6  B:4♠ 9♥ 8♠=1  PLAYER(L)  | -1,000원 → 118,600원  [start]
H052 | bet   2,000원 PLAYER | P:6♥ 2♥=8  B:7♥ 2♣=9  BANKER(L)  | -2,000원 → 116,600원
H053 | bet   4,000원 PLAYER | P:3♣ 5♥=8  B:A♥ K♥=1  PLAYER(W)  | +4,000원 → 120,600원  [end_win]
H054 | bet   1,000원 BANKER | P:4♣ K♦=4  B:9♥ J♥=9  BANKER(W)  | +950원 → 121,550원
H055 | bet   1,000원 BANKER | P:10♠ 2♣ 7♣=9  B:9♠ A♦ Q♣=0  PLAYER(L)  | -1,000원 → 120,550원  [start]
H056 | bet   2,000원 PLAYER | P:2♦ 10♦ 9♠=1  B:J♣ 2♣ 6♠=8  BANKER(L)  | -2,000원 → 118,550원
H057 | bet   4,000원 PLAYER | P:J♠ Q♠ 9♣=9  B:10♣ 10♠ J♦=0  PLAYER(W)  | +4,000원 → 122,550원  [end_win]
H058 | bet   1,000원 BANKER | P:4♦ 9♣ A♣=4  B:6♠ 7♥ 5♠=8  BANKER(W)  | +950원 → 123,500원
H059 | bet   1,000원 BANKER | P:J♠ 7♠=7  B:4♦ 5♣=9  BANKER(W)  | +950원 → 124,450원
H060 | bet   1,000원 BANKER | P:10♥ 10♦ 8♥=8  B:2♠ 8♠ 5♠=5  PLAYER(L)  | -1,000원 → 123,450원  [start]
H061 | bet   2,000원 PLAYER | P:4♦ A♦ 6♣=1  B:3♦ K♦ 10♥=3  BANKER(L)  | -2,000원 → 121,450원
H062 | bet   4,000원 PLAYER | P:4♥ 2♦=6  B:Q♣ 6♥=6  TIE(T)  |     0원 → 121,450원
H063 | bet   4,000원 PLAYER | P:6♠ A♥=7  B:7♦ 5♣ 9♦=1  PLAYER(W)  | +4,000원 → 125,450원  [end_win]
H064 | bet   1,000원 BANKER | P:Q♥ 4♥ 10♠=4  B:5♠ K♦=5  BANKER(W)  | +950원 → 126,400원
H065 | bet   1,000원 BANKER | P:6♦ 8♥ 5♥=9  B:3♠ J♣ 4♦=7  PLAYER(L)  | -1,000원 → 125,400원  [start]
H066 | bet   2,000원 PLAYER | P:8♣ K♠=8  B:10♣ 8♣=8  TIE(T)  |     0원 → 125,400원
H067 | bet   2,000원 PLAYER | P:8♥ 3♥ A♥=2  B:8♥ 4♦ K♠=2  TIE(T)  |     0원 → 125,400원
H068 | bet   2,000원 PLAYER | P:A♦ K♥ J♥=1  B:10♣ 3♣ 5♦=8  BANKER(L)  | -2,000원 → 123,400원
H069 | bet   4,000원 PLAYER | P:3♣ 9♦ 10♥=2  B:8♠ 5♣ 5♣=8  BANKER(L)  | -4,000원 → 119,400원
H070 | bet   8,000원 PLAYER | P:Q♠ K♥=0  B:4♦ 5♦=9  BANKER(L)  | -8,000원 → 111,400원
H071 | bet  16,000원 PLAYER | P:10♣ 10♠ 2♦=2  B:10♦ Q♦ 4♣=4  BANKER(L)  | -16,000원 → 95,400원  [end_giveup]
H072 | bet   1,000원 BANKER | P:Q♥ 9♣=9  B:J♠ 3♠=3  PLAYER(L)  | -1,000원 → 94,400원  [start]
H073 | bet   2,000원 PLAYER | P:A♥ 6♦=7  B:K♣ 3♠ 7♣=0  PLAYER(W)  | +2,000원 → 96,400원  [end_win]
H074 | bet   1,000원 BANKER | P:2♦ 2♥ A♦=5  B:8♣ 9♠=7  BANKER(W)  | +950원 → 97,350원
H075 | bet   1,000원 BANKER | P:J♥ J♥ 7♥=7  B:Q♣ 5♦ 8♦=3  PLAYER(L)  | -1,000원 → 96,350원  [start]
H076 | bet   2,000원 PLAYER | P:3♠ 10♦ 5♠=8  B:K♥ J♦ J♦=0  PLAYER(W)  | +2,000원 → 98,350원  [end_win]
H077 | bet   1,000원 BANKER | P:7♥ 9♣=6  B:4♠ A♠ 4♠=9  BANKER(W)  | +950원 → 99,300원
H078 | bet   1,000원 BANKER | P:A♥ 8♥=9  B:7♥ 6♣=3  PLAYER(L)  | -1,000원 → 98,300원  [start]
H079 | bet   2,000원 PLAYER | P:2♥ A♠ J♣=3  B:Q♥ 7♠=7  BANKER(L)  | -2,000원 → 96,300원
H080 | bet   4,000원 PLAYER | P:J♦ 2♣ A♥=3  B:A♠ 2♣ 2♥=5  BANKER(L)  | -4,000원 → 92,300원
H081 | bet   8,000원 PLAYER | P:J♣ A♦ 3♠=4  B:6♣ Q♦=6  BANKER(L)  | -8,000원 → 84,300원
H082 | bet  16,000원 PLAYER | P:8♠ 4♣ 2♣=4  B:A♦ 4♣=5  BANKER(L)  | -16,000원 → 68,300원  [end_giveup]
H083 | bet   1,000원 BANKER | P:A♣ 8♣=9  B:Q♠ 3♦=3  PLAYER(L)  | -1,000원 → 67,300원  [start]
H084 | bet   2,000원 PLAYER | P:8♦ 7♣ 6♣=1  B:4♠ 7♣ 10♣=1  TIE(T)  |     0원 → 67,300원
H085 | bet   2,000원 PLAYER | P:9♥ 9♥=8  B:7♠ K♥=7  PLAYER(W)  | +2,000원 → 69,300원  [end_win]
H086 | bet   1,000원 BANKER | P:3♦ 8♣ 3♥=4  B:J♣ 5♠=5  BANKER(W)  | +950원 → 70,250원
H087 | bet   1,000원 BANKER | P:7♥ 3♠=0  B:K♥ 9♦=9  BANKER(W)  | +950원 → 71,200원
H088 | bet   1,000원 BANKER | P:3♣ 7♥ 4♣=4  B:10♥ K♦ J♦=0  PLAYER(L)  | -1,000원 → 70,200원  [start]
H089 | bet   2,000원 PLAYER | P:9♦ 4♥ 5♥=8  B:K♣ 7♥=7  PLAYER(W)  | +2,000원 → 72,200원  [end_win]
H090 | bet   1,000원 BANKER | P:J♠ 3♣ K♦=3  B:9♠ 6♦=5  BANKER(W)  | +950원 → 73,150원
H091 | bet   1,000원 BANKER | P:10♦ Q♦ 6♠=6  B:7♠ 8♥ 5♠=0  PLAYER(L)  | -1,000원 → 72,150원  [start]
H092 | bet   2,000원 PLAYER | P:8♣ 8♦=6  B:K♠ 6♥=6  TIE(T)  |     0원 → 72,150원
H093 | bet   2,000원 PLAYER | P:4♦ 6♥ 6♥=6  B:J♠ J♠ K♥=0  PLAYER(W)  | +2,000원 → 74,150원  [end_win]
H094 | bet   1,000원 BANKER | P:9♣ 4♦ 3♣=6  B:5♥ J♠=5  PLAYER(L)  | -1,000원 → 73,150원  [start]
H095 | bet   2,000원 PLAYER | P:6♦ 5♦ J♦=1  B:6♦ 6♦ Q♥=2  BANKER(L)  | -2,000원 → 71,150원
H096 | bet   4,000원 PLAYER | P:J♣ 9♥=9  B:7♦ K♥=7  PLAYER(W)  | +4,000원 → 75,150원  [end_win]
H097 | bet   1,000원 BANKER | P:K♣ J♥=0  B:9♥ 10♠=9  BANKER(W)  | +950원 → 76,100원
H098 | bet   1,000원 BANKER | P:8♥ 2♦ Q♥=0  B:A♦ Q♥ 4♣=5  BANKER(W)  | +950원 → 77,050원
H099 | bet   1,000원 BANKER | P:A♦ 4♥ 2♦=7  B:2♣ 2♦ 7♠=1  PLAYER(L)  | -1,000원 → 76,050원  [start]
H100 | bet   2,000원 PLAYER | P:Q♣ 7♥=7  B:10♦ A♠ 3♣=4  PLAYER(W)  | +2,000원 → 78,050원  [end_win]
H101 | bet   1,000원 BANKER | P:10♥ 2♠ 3♥=5  B:K♥ 10♣ J♠=0  PLAYER(L)  | -1,000원 → 77,050원  [start]
H102 | bet   2,000원 PLAYER | P:10♥ 10♣ 7♥=7  B:J♦ 2♠ Q♦=2  PLAYER(W)  | +2,000원 → 79,050원  [end_win]
H103 | bet   1,000원 BANKER | P:6♣ 5♣ 3♥=4  B:9♠ 3♦ K♣=2  PLAYER(L)  | -1,000원 → 78,050원  [start]
H104 | bet   2,000원 PLAYER | P:9♠ Q♠=9  B:4♠ 3♦=7  PLAYER(W)  | +2,000원 → 80,050원  [end_win]
H105 | bet   1,000원 BANKER | P:5♣ 6♠ A♠=2  B:5♠ 2♥=7  BANKER(W)  | +950원 → 81,000원
H106 | bet   1,000원 BANKER | P:9♦ J♥=9  B:6♦ 3♠=9  TIE(T)  |     0원 → 81,000원
H107 | bet   1,000원 BANKER | P:A♥ 10♣ 6♠=7  B:K♣ 5♥ 2♦=7  TIE(T)  |     0원 → 81,000원
H108 | bet   1,000원 BANKER | P:8♠ 6♦ 9♥=3  B:A♥ 3♣=4  BANKER(W)  | +950원 → 81,950원
H109 | bet   1,000원 BANKER | P:2♥ A♠=3  B:A♥ 8♥=9  BANKER(W)  | +950원 → 82,900원
H110 | bet   1,000원 BANKER | P:A♦ 4♣ 9♠=4  B:3♣ 4♠=7  BANKER(W)  | +950원 → 83,850원
H111 | bet   1,000원 BANKER | P:A♣ K♦ 2♦=3  B:K♣ 10♥ 7♥=7  BANKER(W)  | +950원 → 84,800원
H112 | bet   1,000원 BANKER | P:10♠ 2♥=2  B:9♦ K♠=9  BANKER(W)  | +950원 → 85,750원
H113 | bet   1,000원 BANKER | P:8♦ 9♦=7  B:A♣ 4♠ 10♦=5  PLAYER(L)  | -1,000원 → 84,750원  [start]
H114 | bet   2,000원 PLAYER | P:7♦ 7♦ 4♦=8  B:7♥ Q♥=7  PLAYER(W)  | +2,000원 → 86,750원  [end_win]
H115 | bet   1,000원 BANKER | P:10♥ 6♠=6  B:5♦ 4♦=9  BANKER(W)  | +950원 → 87,700원
H116 | bet   1,000원 BANKER | P:A♦ K♦ K♦=1  B:Q♦ 5♦=5  BANKER(W)  | +950원 → 88,650원
H117 | bet   1,000원 BANKER | P:4♣ 2♣=6  B:K♠ 9♣=9  BANKER(W)  | +950원 → 89,600원
H118 | bet   1,000원 BANKER | P:A♥ 2♠=3  B:8♣ J♣=8  BANKER(W)  | +950원 → 90,550원
H119 | bet   1,000원 BANKER | P:7♠ Q♠=7  B:9♥ 8♥=7  TIE(T)  |     0원 → 90,550원
H120 | bet   1,000원 BANKER | P:4♠ 8♥ 5♣=7  B:J♣ 2♣ 3♥=5  PLAYER(L)  | -1,000원 → 89,550원  [start]
H121 | bet   2,000원 PLAYER | P:5♠ 9♣ 5♣=9  B:A♥ J♥ 7♦=8  PLAYER(W)  | +2,000원 → 91,550원  [end_win]
H122 | bet   1,000원 BANKER | P:5♣ 10♥ A♥=6  B:Q♣ 10♦ J♦=0  PLAYER(L)  | -1,000원 → 90,550원  [start]
H123 | bet   2,000원 PLAYER | P:6♣ J♥=6  B:Q♦ 2♥ 7♣=9  BANKER(L)  | -2,000원 → 88,550원
H124 | bet   4,000원 PLAYER | P:10♣ J♣ K♥=0  B:A♥ Q♦ 9♣=0  TIE(T)  |     0원 → 88,550원
H125 | bet   4,000원 PLAYER | P:10♦ 3♦ 6♣=9  B:10♣ 4♥ 2♥=6  PLAYER(W)  | +4,000원 → 92,550원  [end_win]
H126 | bet   1,000원 BANKER | P:5♦ Q♣=5  B:A♦ 7♦=8  BANKER(W)  | +950원 → 93,500원
H127 | bet   1,000원 BANKER | P:9♠ 10♠=9  B:4♦ J♠=4  PLAYER(L)  | -1,000원 → 92,500원  [start]
H128 | bet   2,000원 PLAYER | P:J♣ 3♥ Q♠=3  B:8♣ 9♣=7  BANKER(L)  | -2,000원 → 90,500원
H129 | bet   4,000원 PLAYER | P:5♠ 5♣ A♣=1  B:10♥ K♠ J♥=0  PLAYER(W)  | +4,000원 → 94,500원  [end_win]
H130 | bet   1,000원 BANKER | P:5♦ J♣ 6♣=1  B:6♠ Q♠ 3♠=9  BANKER(W)  | +950원 → 95,450원
H131 | bet   1,000원 BANKER | P:3♠ 7♦=0  B:2♠ 6♠=8  BANKER(W)  | +950원 → 96,400원
H132 | bet   1,000원 BANKER | P:9♣ A♣=0  B:9♥ 9♦=8  BANKER(W)  | +950원 → 97,350원
H133 | bet   1,000원 BANKER | P:4♠ 2♣=6  B:4♣ 3♦=7  BANKER(W)  | +950원 → 98,300원
H134 | bet   1,000원 BANKER | P:2♦ 7♦=9  B:10♦ 10♣=0  PLAYER(L)  | -1,000원 → 97,300원  [start]
H135 | bet   2,000원 PLAYER | P:9♣ K♦=9  B:A♠ 7♦=8  PLAYER(W)  | +2,000원 → 99,300원  [end_win]
H136 | bet   1,000원 BANKER | P:2♥ A♠ 5♦=8  B:4♥ 6♣ 3♦=3  PLAYER(L)  | -1,000원 → 98,300원  [start]
H137 | bet   2,000원 PLAYER | P:4♦ J♥=4  B:3♠ 6♠=9  BANKER(L)  | -2,000원 → 96,300원
H138 | bet   4,000원 PLAYER | P:6♦ 5♦ 9♠=0  B:7♠ 10♠=7  BANKER(L)  | -4,000원 → 92,300원
H139 | bet   8,000원 PLAYER | P:K♥ 3♥ A♣=4  B:Q♦ 4♦=4  TIE(T)  |     0원 → 92,300원
H140 | bet   8,000원 PLAYER | P:8♠ 9♣=7  B:K♦ 10♣ Q♣=0  PLAYER(W)  | +8,000원 → 100,300원  [end_win]
H141 | bet   1,000원 BANKER | P:3♥ K♠=3  B:J♥ 8♣=8  BANKER(W)  | +950원 → 101,250원
H142 | bet   1,000원 BANKER | P:Q♥ 2♠ Q♣=2  B:8♥ 2♦ K♦=0  PLAYER(L)  | -1,000원 → 100,250원  [start]
H143 | bet   2,000원 PLAYER | P:K♣ K♠ Q♣=0  B:7♣ J♦=7  BANKER(L)  | -2,000원 → 98,250원
H144 | bet   4,000원 PLAYER | P:5♠ J♥ 9♠=4  B:Q♥ K♣ 7♣=7  BANKER(L)  | -4,000원 → 94,250원
H145 | bet   8,000원 PLAYER | P:Q♦ J♠ 9♥=9  B:8♦ 2♠ 5♣=5  PLAYER(W)  | +8,000원 → 102,250원  [end_win]
H146 | bet   1,000원 BANKER | P:J♠ A♣ 8♥=9  B:9♠ 2♠ 8♦=9  TIE(T)  |     0원 → 102,250원
H147 | bet   1,000원 BANKER | P:5♥ 5♥ 3♥=3  B:Q♣ 4♥ 9♦=3  TIE(T)  |     0원 → 102,250원
H148 | bet   1,000원 BANKER | P:2♣ A♥ 10♦=3  B:10♠ 2♦ 6♥=8  BANKER(W)  | +950원 → 103,200원
H149 | bet   1,000원 BANKER | P:7♣ 8♥ Q♠=5  B:6♣ K♠=6  BANKER(W)  | +950원 → 104,150원
H150 | bet   1,000원 BANKER | P:10♦ 3♠=3  B:J♦ 9♦=9  BANKER(W)  | +950원 → 105,100원
H151 | bet   1,000원 BANKER | P:K♣ 8♦=8  B:2♣ 4♠=6  PLAYER(L)  | -1,000원 → 104,100원  [start]
H152 | bet   2,000원 PLAYER | P:3♣ 8♠ Q♥=1  B:Q♥ 4♣=4  BANKER(L)  | -2,000원 → 102,100원
H153 | bet   4,000원 PLAYER | P:7♥ 6♥=3  B:A♠ 8♣=9  BANKER(L)  | -4,000원 → 98,100원
H154 | bet   8,000원 PLAYER | P:5♥ 5♣=0  B:8♣ Q♠=8  BANKER(L)  | -8,000원 → 90,100원
H155 | bet  16,000원 PLAYER | P:2♠ 8♠ 7♠=7  B:6♥ 5♠ 3♦=4  PLAYER(W)  | +16,000원 → 106,100원  [end_win]
H156 | bet   1,000원 BANKER | P:6♠ 10♠=6  B:A♠ A♠ A♦=3  PLAYER(L)  | -1,000원 → 105,100원  [start]
H157 | bet   2,000원 PLAYER | P:4♥ 10♠=4  B:6♥ 2♥=8  BANKER(L)  | -2,000원 → 103,100원
H158 | bet   4,000원 PLAYER | P:4♦ 4♥=8  B:7♣ 8♦=5  PLAYER(W)  | +4,000원 → 107,100원  [end_win]
H159 | bet   1,000원 BANKER | P:8♠ 6♥ 7♣=1  B:4♥ 3♣=7  BANKER(W)  | +950원 → 108,050원
H160 | bet   1,000원 BANKER | P:K♥ 7♠=7  B:Q♣ 10♠ 5♠=5  PLAYER(L)  | -1,000원 → 107,050원  [start]
H161 | bet   2,000원 PLAYER | P:3♠ J♦ K♠=3  B:5♥ 8♠ J♦=3  TIE(T)  |     0원 → 107,050원
H162 | bet   2,000원 PLAYER | P:10♠ 9♦=9  B:6♥ 7♥=3  PLAYER(W)  | +2,000원 → 109,050원  [end_win]
H163 | bet   1,000원 BANKER | P:9♥ Q♦=9  B:6♥ 4♦=0  PLAYER(L)  | -1,000원 → 108,050원  [start]
H164 | bet   2,000원 PLAYER | P:J♦ K♦=0  B:A♣ 8♠=9  BANKER(L)  | -2,000원 → 106,050원
H165 | bet   4,000원 PLAYER | P:J♠ 8♦=8  B:J♦ 3♥=3  PLAYER(W)  | +4,000원 → 110,050원  [end_win]
H166 | bet   1,000원 BANKER | P:A♣ 10♦ 9♦=0  B:J♣ A♦ 5♠=6  BANKER(W)  | +950원 → 111,000원
H167 | bet   1,000원 BANKER | P:9♠ K♦=9  B:10♠ A♠=1  PLAYER(L)  | -1,000원 → 110,000원  [start]
H168 | bet   2,000원 PLAYER | P:K♣ 2♥ 9♦=1  B:5♥ 7♠ 9♠=1  TIE(T)  |     0원 → 110,000원
H169 | bet   2,000원 PLAYER | P:3♣ 2♣ K♦=5  B:4♥ Q♣=4  PLAYER(W)  | +2,000원 → 112,000원  [end_win]
H170 | bet   1,000원 BANKER | P:9♠ 7♠=6  B:7♥ 10♠=7  BANKER(W)  | +950원 → 112,950원
H171 | bet   1,000원 BANKER | P:7♣ 10♦=7  B:7♣ Q♠=7  TIE(T)  |     0원 → 112,950원
H172 | bet   1,000원 BANKER | P:Q♣ 6♦=6  B:7♠ J♦=7  BANKER(W)  | +950원 → 113,900원
H173 | bet   1,000원 BANKER | P:K♥ 3♥ 3♣=6  B:5♥ 5♦ 7♦=7  BANKER(W)  | +950원 → 114,850원
H174 | bet   1,000원 BANKER | P:A♥ 2♦=3  B:9♥ 10♣=9  BANKER(W)  | +950원 → 115,800원
H175 | bet   1,000원 BANKER | P:8♦ K♦=8  B:4♦ 4♥=8  TIE(T)  |     0원 → 115,800원
H176 | bet   1,000원 BANKER | P:3♣ 4♠=7  B:A♠ A♦ 5♥=7  TIE(T)  |     0원 → 115,800원
H177 | bet   1,000원 BANKER | P:3♠ 5♦=8  B:J♣ 9♥=9  BANKER(W)  | +950원 → 116,750원
H178 | bet   1,000원 BANKER | P:3♠ A♠ Q♦=4  B:6♦ 7♥ Q♦=3  PLAYER(L)  | -1,000원 → 115,750원  [start]
H179 | bet   2,000원 PLAYER | P:8♣ Q♥=8  B:3♠ 7♦=0  PLAYER(W)  | +2,000원 → 117,750원  [end_win]
H180 | bet   1,000원 BANKER | P:K♠ Q♣ 7♠=7  B:J♥ 5♠ 7♦=2  PLAYER(L)  | -1,000원 → 116,750원  [start]
H181 | bet   2,000원 PLAYER | P:K♠ 6♥=6  B:Q♥ 8♥=8  BANKER(L)  | -2,000원 → 114,750원
H182 | bet   4,000원 PLAYER | P:10♣ 6♠=6  B:3♥ J♥ J♦=3  PLAYER(W)  | +4,000원 → 118,750원  [end_win]
H183 | bet   1,000원 BANKER | P:6♥ 8♠ A♣=5  B:8♦ 5♦ 9♠=2  PLAYER(L)  | -1,000원 → 117,750원  [start]
H184 | bet   2,000원 PLAYER | P:J♦ 5♠ 9♣=4  B:Q♥ 6♥=6  BANKER(L)  | -2,000원 → 115,750원
H185 | bet   4,000원 PLAYER | P:A♦ A♣ A♥=3  B:K♣ 5♠=5  BANKER(L)  | -4,000원 → 111,750원
H186 | bet   8,000원 PLAYER | P:K♥ A♦ 10♥=1  B:K♦ 2♣ 4♣=6  BANKER(L)  | -8,000원 → 103,750원
H187 | bet  16,000원 PLAYER | P:4♣ 7♠ 4♥=5  B:5♣ A♠=6  BANKER(L)  | -16,000원 → 87,750원  [end_giveup]
H188 | bet   1,000원 BANKER | P:2♣ 10♣ 6♠=8  B:A♥ K♠ 10♠=1  PLAYER(L)  | -1,000원 → 86,750원  [start]
H189 | bet   2,000원 PLAYER | P:2♥ 5♥=7  B:A♠ 5♣=6  PLAYER(W)  | +2,000원 → 88,750원  [end_win]
H190 | bet   1,000원 BANKER | P:8♥ J♣=8  B:10♣ K♣=0  PLAYER(L)  | -1,000원 → 87,750원  [start]
H191 | bet   2,000원 PLAYER | P:6♥ 8♠ 5♦=9  B:4♠ 2♦=6  PLAYER(W)  | +2,000원 → 89,750원  [end_win]
H192 | bet   1,000원 BANKER | P:7♥ 7♥ A♦=5  B:5♥ 8♣ Q♥=3  PLAYER(L)  | -1,000원 → 88,750원  [start]
H193 | bet   2,000원 PLAYER | P:7♠ 7♦=4  B:4♦ 5♣=9  BANKER(L)  | -2,000원 → 86,750원
H194 | bet   4,000원 PLAYER | P:8♦ A♦=9  B:A♥ Q♣=1  PLAYER(W)  | +4,000원 → 90,750원  [end_win]
H195 | bet   1,000원 BANKER | P:2♥ A♠ 4♣=7  B:Q♦ A♦ 4♥=5  PLAYER(L)  | -1,000원 → 89,750원  [start]
H196 | bet   2,000원 PLAYER | P:7♣ J♥=7  B:4♣ J♠ 7♣=1  PLAYER(W)  | +2,000원 → 91,750원  [end_win]
H197 | bet   1,000원 BANKER | P:8♣ Q♠=8  B:6♣ Q♦=6  PLAYER(L)  | -1,000원 → 90,750원  [start]
H198 | bet   2,000원 PLAYER | P:3♥ A♥ 4♥=8  B:9♠ 2♥ A♣=2  PLAYER(W)  | +2,000원 → 92,750원  [end_win]
H199 | bet   1,000원 BANKER | P:9♦ 3♠ J♥=2  B:3♦ Q♣ Q♠=3  BANKER(W)  | +950원 → 93,700원
H200 | bet   1,000원 BANKER | P:3♥ J♠ 10♥=3  B:3♣ 3♥=6  BANKER(W)  | +950원 → 94,650원
H201 | bet   1,000원 BANKER | P:4♣ 9♣ 8♣=1  B:8♠ 6♣=4  BANKER(W)  | +950원 → 95,600원
H202 | bet   1,000원 BANKER | P:2♣ 9♥=1  B:8♥ 10♠=8  BANKER(W)  | +950원 → 96,550원
H203 | bet   1,000원 BANKER | P:3♦ 8♦ 8♣=9  B:6♣ K♠=6  PLAYER(L)  | -1,000원 → 95,550원  [start]
H204 | bet   2,000원 PLAYER | P:5♣ J♦ 6♠=1  B:Q♣ K♣ 9♣=9  BANKER(L)  | -2,000원 → 93,550원
H205 | bet   4,000원 PLAYER | P:6♦ 10♣=6  B:Q♥ A♣ Q♠=1  PLAYER(W)  | +4,000원 → 97,550원  [end_win]
H206 | bet   1,000원 BANKER | P:8♥ 2♠ J♥=0  B:J♣ 2♥ 5♣=7  BANKER(W)  | +950원 → 98,500원
H207 | bet   1,000원 BANKER | P:5♠ 9♦ A♣=5  B:K♥ Q♦ 8♦=8  BANKER(W)  | +950원 → 99,450원
H208 | bet   1,000원 BANKER | P:8♣ 2♥ 3♠=3  B:4♦ 3♣=7  BANKER(W)  | +950원 → 100,400원
H209 | bet   1,000원 BANKER | P:3♦ K♣ J♥=3  B:3♦ J♥ K♥=3  TIE(T)  |     0원 → 100,400원
H210 | bet   1,000원 BANKER | P:K♣ 9♣=9  B:5♦ 5♣=0  PLAYER(L)  | -1,000원 → 99,400원  [start]
H211 | bet   2,000원 PLAYER | P:9♥ 4♠=3  B:8♥ K♥=8  BANKER(L)  | -2,000원 → 97,400원
H212 | bet   4,000원 PLAYER | P:8♥ 10♣=8  B:9♠ K♥=9  BANKER(L)  | -4,000원 → 93,400원
H213 | bet   8,000원 PLAYER | P:A♣ 3♦ K♣=4  B:J♠ 3♦ K♠=3  PLAYER(W)  | +8,000원 → 101,400원  [end_win]
H214 | bet   1,000원 BANKER | P:2♠ 9♦=1  B:9♥ K♣=9  BANKER(W)  | +950원 → 102,350원
H215 | bet   1,000원 BANKER | P:3♠ 7♦ 7♦=7  B:A♥ K♥ 2♣=3  PLAYER(L)  | -1,000원 → 101,350원  [start]
H216 | bet   2,000원 PLAYER | P:2♣ 10♥=2  B:7♣ A♠=8  BANKER(L)  | -2,000원 → 99,350원
H217 | bet   4,000원 PLAYER | P:2♥ 8♥ K♠=0  B:4♥ 9♠ 10♥=3  BANKER(L)  | -4,000원 → 95,350원
H218 | bet   8,000원 PLAYER | P:2♠ K♥ 4♥=6  B:5♥ J♦ 2♠=7  BANKER(L)  | -8,000원 → 87,350원
H219 | bet  16,000원 PLAYER | P:J♣ 4♥ 5♦=9  B:4♦ A♠ Q♠=5  PLAYER(W)  | +16,000원 → 103,350원  [end_win]
H220 | bet   1,000원 BANKER | P:A♥ 7♥=8  B:2♠ 3♠=5  PLAYER(L)  | -1,000원 → 102,350원  [start]
H221 | bet   2,000원 PLAYER | P:2♠ J♠=2  B:4♠ 5♣=9  BANKER(L)  | -2,000원 → 100,350원
H222 | bet   4,000원 PLAYER | P:6♥ 10♦=6  B:7♥ 10♥=7  BANKER(L)  | -4,000원 → 96,350원
H223 | bet   8,000원 PLAYER | P:10♠ Q♠ Q♥=0  B:10♥ 6♦=6  BANKER(L)  | -8,000원 → 88,350원
H224 | bet  16,000원 PLAYER | P:2♦ Q♦ 6♠=8  B:5♥ 10♣ K♦=5  PLAYER(W)  | +16,000원 → 104,350원  [end_win]
H225 | bet   1,000원 BANKER | P:9♥ 2♣=1  B:6♦ 2♦=8  BANKER(W)  | +950원 → 105,300원
H226 | bet   1,000원 BANKER | P:J♣ 2♠ 4♦=6  B:5♠ 10♦ J♦=5  PLAYER(L)  | -1,000원 → 104,300원  [start]
H227 | bet   2,000원 PLAYER | P:10♦ 9♠=9  B:8♠ 9♥=7  PLAYER(W)  | +2,000원 → 106,300원  [end_win]
H228 | bet   1,000원 BANKER | P:Q♦ 6♣=6  B:3♥ 8♥ 2♦=3  PLAYER(L)  | -1,000원 → 105,300원  [start]
H229 | bet   2,000원 PLAYER | P:9♦ Q♥=9  B:3♥ 10♦=3  PLAYER(W)  | +2,000원 → 107,300원  [end_win]
H230 | bet   1,000원 BANKER | P:4♣ 2♦=6  B:5♦ 8♣ 2♥=5  PLAYER(L)  | -1,000원 → 106,300원  [start]
H231 | bet   2,000원 PLAYER | P:6♣ 4♠ 8♠=8  B:7♣ 6♠=3  PLAYER(W)  | +2,000원 → 108,300원  [end_win]
H232 | bet   1,000원 BANKER | P:10♦ 4♠ Q♠=4  B:J♥ 5♠=5  BANKER(W)  | +950원 → 109,250원
H233 | bet   1,000원 BANKER | P:8♠ 6♣=4  B:9♣ Q♣=9  BANKER(W)  | +950원 → 110,200원
H234 | bet   1,000원 BANKER | P:6♠ 4♠ 3♦=3  B:Q♥ 7♥=7  BANKER(W)  | +950원 → 111,150원
H235 | bet   1,000원 BANKER | P:5♦ 8♦ 7♦=0  B:K♦ 6♣ 9♣=5  BANKER(W)  | +950원 → 112,100원
H236 | bet   1,000원 BANKER | P:K♦ 4♣ 4♠=8  B:4♣ 6♣ 7♠=7  PLAYER(L)  | -1,000원 → 111,100원  [start]
H237 | bet   2,000원 PLAYER | P:J♠ K♠=0  B:2♠ 7♠=9  BANKER(L)  | -2,000원 → 109,100원
H238 | bet   4,000원 PLAYER | P:K♠ J♣ 10♠=0  B:3♣ J♠ 9♣=2  BANKER(L)  | -4,000원 → 105,100원
H239 | bet   8,000원 PLAYER | P:4♦ 2♣=6  B:9♦ 6♠ J♠=5  PLAYER(W)  | +8,000원 → 113,100원  [end_win]
H240 | bet   1,000원 BANKER | P:2♦ 10♥ 2♦=4  B:10♠ A♥ 6♦=7  BANKER(W)  | +950원 → 114,050원
H241 | bet   1,000원 BANKER | P:Q♣ 6♦=6  B:6♥ 3♣=9  BANKER(W)  | +950원 → 115,000원
H242 | bet   1,000원 BANKER | P:9♣ J♣=9  B:7♣ 8♠=5  PLAYER(L)  | -1,000원 → 114,000원  [start]
H243 | bet   2,000원 PLAYER | P:3♣ 6♠=9  B:5♥ 7♣=2  PLAYER(W)  | +2,000원 → 116,000원  [end_win]
H244 | bet   1,000원 BANKER | P:5♥ 6♠ 8♣=9  B:7♥ 3♠ 8♥=8  PLAYER(L)  | -1,000원 → 115,000원  [start]
H245 | bet   2,000원 PLAYER | P:Q♠ 4♦ Q♠=4  B:2♦ 9♥ A♦=2  PLAYER(W)  | +2,000원 → 117,000원  [end_win]
H246 | bet   1,000원 BANKER | P:K♦ 9♣=9  B:10♥ 9♠=9  TIE(T)  |     0원 → 117,000원
H247 | bet   1,000원 BANKER | P:8♣ 2♠ Q♣=0  B:K♣ J♥ K♣=0  TIE(T)  |     0원 → 117,000원
H248 | bet   1,000원 BANKER | P:3♥ 10♠ 7♣=0  B:Q♦ 2♠ K♣=2  BANKER(W)  | +950원 → 117,950원
H249 | bet   1,000원 BANKER | P:K♥ J♦ 10♠=0  B:4♦ 10♦=4  BANKER(W)  | +950원 → 118,900원
H250 | bet   1,000원 BANKER | P:3♥ J♠ 7♣=0  B:A♥ 6♣=7  BANKER(W)  | +950원 → 119,850원
H251 | bet   1,000원 BANKER | P:8♥ 5♠=3  B:10♣ 9♠=9  BANKER(W)  | +950원 → 120,800원
H252 | bet   1,000원 BANKER | P:8♥ 2♦ 8♠=8  B:9♥ 5♠=4  PLAYER(L)  | -1,000원 → 119,800원  [start]
H253 | bet   2,000원 PLAYER | P:4♠ J♦ K♥=4  B:2♣ 2♠=4  TIE(T)  |     0원 → 119,800원
H254 | bet   2,000원 PLAYER | P:6♦ 6♥ 10♣=2  B:4♥ 8♦ A♥=3  BANKER(L)  | -2,000원 → 117,800원
H255 | bet   4,000원 PLAYER | P:K♦ 8♦=8  B:J♣ 6♠=6  PLAYER(W)  | +4,000원 → 121,800원  [end_win]
H256 | bet   1,000원 BANKER | P:6♦ K♦=6  B:K♠ 6♦=6  TIE(T)  |     0원 → 121,800원
H257 | bet   1,000원 BANKER | P:10♥ 7♦=7  B:A♠ K♥ K♠=1  PLAYER(L)  | -1,000원 → 120,800원  [start]
H258 | bet   2,000원 PLAYER | P:J♥ 4♣ 5♦=9  B:6♠ 8♠ 3♦=7  PLAYER(W)  | +2,000원 → 122,800원  [end_win]
H259 | bet   1,000원 BANKER | P:A♣ J♥ Q♥=1  B:2♠ K♥ 10♣=2  BANKER(W)  | +950원 → 123,750원
H260 | bet   1,000원 BANKER | P:Q♦ J♦=0  B:K♣ 8♠=8  BANKER(W)  | +950원 → 124,700원
H261 | bet   1,000원 BANKER | P:2♦ Q♥ 6♥=8  B:3♥ J♠ 7♠=0  PLAYER(L)  | -1,000원 → 123,700원  [start]
H262 | bet   2,000원 PLAYER | P:Q♥ 3♦=3  B:8♥ 10♥=8  BANKER(L)  | -2,000원 → 121,700원
H263 | bet   4,000원 PLAYER | P:9♠ 3♦=2  B:Q♥ 9♥=9  BANKER(L)  | -4,000원 → 117,700원
H264 | bet   8,000원 PLAYER | P:Q♣ 5♠ 3♥=8  B:J♥ J♦ 4♠=4  PLAYER(W)  | +8,000원 → 125,700원  [end_win]
H265 | bet   1,000원 BANKER | P:9♠ J♥=9  B:9♣ 6♣=5  PLAYER(L)  | -1,000원 → 124,700원  [start]
H266 | bet   2,000원 PLAYER | P:K♥ A♥ 9♠=0  B:Q♠ Q♦ 5♣=5  BANKER(L)  | -2,000원 → 122,700원
H267 | bet   4,000원 PLAYER | P:J♣ 5♦ 4♣=9  B:J♦ 7♦=7  PLAYER(W)  | +4,000원 → 126,700원  [end_win]
H268 | bet   1,000원 BANKER | P:5♦ Q♦ 10♣=5  B:7♣ 10♥=7  BANKER(W)  | +950원 → 127,650원
H269 | bet   1,000원 BANKER | P:3♣ 7♦ 2♥=2  B:Q♣ Q♦ 10♥=0  PLAYER(L)  | -1,000원 → 126,650원  [start]
H270 | bet   2,000원 PLAYER | P:K♣ 10♦ 10♦=0  B:8♣ 5♠ A♣=4  BANKER(L)  | -2,000원 → 124,650원
H271 | bet   4,000원 PLAYER | P:K♥ 6♥=6  B:A♠ 6♣=7  BANKER(L)  | -4,000원 → 120,650원
H272 | bet   8,000원 PLAYER | P:A♥ 4♦=5  B:9♥ 9♦=8  BANKER(L)  | -8,000원 → 112,650원
H273 | bet  16,000원 PLAYER | P:J♣ A♠ 8♦=9  B:7♣ 10♠=7  PLAYER(W)  | +16,000원 → 128,650원  [end_win]
H274 | bet   1,000원 BANKER | P:9♦ J♦=9  B:4♠ 2♣=6  PLAYER(L)  | -1,000원 → 127,650원  [start]
H275 | bet   2,000원 PLAYER | P:10♥ 4♥=4  B:2♠ 7♥=9  BANKER(L)  | -2,000원 → 125,650원
H276 | bet   4,000원 PLAYER | P:A♦ 8♠=9  B:9♦ 10♣=9  TIE(T)  |     0원 → 125,650원
H277 | bet   4,000원 PLAYER | P:3♣ 3♣=6  B:6♣ 8♦ 5♦=9  BANKER(L)  | -4,000원 → 121,650원
H278 | bet   8,000원 PLAYER | P:7♦ J♠=7  B:K♠ Q♦ 4♦=4  PLAYER(W)  | +8,000원 → 129,650원  [end_win]
H279 | bet   1,000원 BANKER | P:6♥ 4♥ 7♠=7  B:6♦ K♥ 6♦=2  PLAYER(L)  | -1,000원 → 128,650원  [start]
H280 | bet   2,000원 PLAYER | P:Q♣ J♠ Q♠=0  B:A♦ 2♠ Q♥=3  BANKER(L)  | -2,000원 → 126,650원
H281 | bet   4,000원 PLAYER | P:5♦ 3♦=8  B:6♣ A♠=7  PLAYER(W)  | +4,000원 → 130,650원  [end_win]
H282 | bet   1,000원 BANKER | P:4♣ A♣ A♣=6  B:9♥ 5♣=4  PLAYER(L)  | -1,000원 → 129,650원  [start]
H283 | bet   2,000원 PLAYER | P:7♣ K♣=7  B:9♠ Q♣=9  BANKER(L)  | -2,000원 → 127,650원
H284 | bet   4,000원 PLAYER | P:A♣ 5♦=6  B:5♣ 2♣=7  BANKER(L)  | -4,000원 → 123,650원
H285 | bet   8,000원 PLAYER | P:J♥ 10♦ 9♠=9  B:3♥ K♦ 10♣=3  PLAYER(W)  | +8,000원 → 131,650원  [end_win]
H286 | bet   1,000원 BANKER | P:A♥ 8♦=9  B:3♥ 7♥=0  PLAYER(L)  | -1,000원 → 130,650원  [start]
H287 | bet   2,000원 PLAYER | P:5♣ 7♣ 7♣=9  B:3♣ A♣ 2♦=6  PLAYER(W)  | +2,000원 → 132,650원  [end_win]
H288 | bet   1,000원 BANKER | P:5♥ 9♣ 5♥=9  B:A♠ 2♠ 2♥=5  PLAYER(L)  | -1,000원 → 131,650원  [start]
H289 | bet   2,000원 PLAYER | P:4♣ K♠=4  B:9♦ Q♥=9  BANKER(L)  | -2,000원 → 129,650원
H290 | bet   4,000원 PLAYER | P:A♦ 6♥=7  B:5♣ K♥ 3♠=8  BANKER(L)  | -4,000원 → 125,650원
H291 | bet   8,000원 PLAYER | P:4♣ 4♠=8  B:8♣ 7♠=5  PLAYER(W)  | +8,000원 → 133,650원  [end_win]
H292 | bet   1,000원 BANKER | P:J♥ J♠=0  B:A♥ 7♥=8  BANKER(W)  | +950원 → 134,600원
H293 | bet   1,000원 BANKER | P:4♣ 4♣=8  B:9♥ 9♣=8  TIE(T)  |     0원 → 134,600원
H294 | bet   1,000원 BANKER | P:10♠ 5♠ 9♣=4  B:10♦ 2♥ 5♣=7  BANKER(W)  | +950원 → 135,550원
H295 | bet   1,000원 BANKER | P:K♣ 8♣=8  B:5♥ K♦=5  PLAYER(L)  | -1,000원 → 134,550원  [start]
H296 | bet   2,000원 PLAYER | P:6♠ 8♥ 7♥=1  B:7♦ 5♠ 2♠=4  BANKER(L)  | -2,000원 → 132,550원
H297 | bet   4,000원 PLAYER | P:K♠ J♣ 9♦=9  B:4♠ 10♠=4  PLAYER(W)  | +4,000원 → 136,550원  [end_win]
H298 | bet   1,000원 BANKER | P:9♠ 9♥=8  B:A♥ 3♣=4  PLAYER(L)  | -1,000원 → 135,550원  [start]
H299 | bet   2,000원 PLAYER | P:5♦ 8♣ 6♥=9  B:A♠ 4♥ 5♥=0  PLAYER(W)  | +2,000원 → 137,550원  [end_win]
H300 | bet   1,000원 BANKER | P:2♥ 7♦=9  B:7♠ Q♦=7  PLAYER(L)  | -1,000원 → 136,550원  [start]
H301 | bet   2,000원 PLAYER | P:9♦ 5♥ 10♠=4  B:8♠ 2♦ 3♥=3  PLAYER(W)  | +2,000원 → 138,550원  [end_win]
H302 | bet   1,000원 BANKER | P:2♣ 6♣=8  B:4♥ J♣=4  PLAYER(L)  | -1,000원 → 137,550원  [start]
H303 | bet   2,000원 PLAYER | P:2♥ 6♠=8  B:A♦ 6♠=7  PLAYER(W)  | +2,000원 → 139,550원  [end_win]
H304 | bet   1,000원 BANKER | P:K♦ 2♦=2  B:4♠ 5♠=9  BANKER(W)  | +950원 → 140,500원
H305 | bet   1,000원 BANKER | P:J♣ 3♠=3  B:2♦ 7♦=9  BANKER(W)  | +950원 → 141,450원
H306 | bet   1,000원 BANKER | P:Q♠ Q♣ A♦=1  B:K♦ 2♣ 3♦=5  BANKER(W)  | +950원 → 142,400원
H307 | bet   1,000원 BANKER | P:6♥ A♣=7  B:J♦ A♣ 3♣=4  PLAYER(L)  | -1,000원 → 141,400원  [start]
H308 | bet   2,000원 PLAYER | P:9♣ 10♥=9  B:2♥ 7♠=9  TIE(T)  |     0원 → 141,400원
H309 | bet   2,000원 PLAYER | P:8♦ 8♦=6  B:Q♦ Q♣ 3♥=3  PLAYER(W)  | +2,000원 → 143,400원  [end_win]
H310 | bet   1,000원 BANKER | P:4♣ Q♠ 8♠=2  B:9♥ 3♦ 7♠=9  BANKER(W)  | +950원 → 144,350원
H311 | bet   1,000원 BANKER | P:K♠ 7♦=7  B:4♥ J♠ K♦=4  PLAYER(L)  | -1,000원 → 143,350원  [start]
H312 | bet   2,000원 PLAYER | P:10♦ 6♠=6  B:9♣ 2♦ 8♠=9  BANKER(L)  | -2,000원 → 141,350원
H313 | bet   4,000원 PLAYER | P:A♦ J♣=1  B:3♠ 5♣=8  BANKER(L)  | -4,000원 → 137,350원
H314 | bet   8,000원 PLAYER | P:7♠ 4♦ 10♦=1  B:J♦ 5♥=5  BANKER(L)  | -8,000원 → 129,350원
H315 | bet  16,000원 PLAYER | P:Q♥ 4♦ 5♦=9  B:8♥ 4♠ 3♠=5  PLAYER(W)  | +16,000원 → 145,350원  [end_win]
H316 | bet   1,000원 BANKER | P:7♥ 6♣=3  B:K♠ 8♣=8  BANKER(W)  | +950원 → 146,300원
H317 | bet   1,000원 BANKER | P:10♣ 6♦=6  B:4♦ J♥ 2♥=6  TIE(T)  |     0원 → 146,300원
H318 | bet   1,000원 BANKER | P:5♠ Q♥ 6♠=1  B:Q♠ 3♣ 2♣=5  BANKER(W)  | +950원 → 147,250원
H319 | bet   1,000원 BANKER | P:9♣ 9♦=8  B:8♥ 5♥=3  PLAYER(L)  | -1,000원 → 146,250원  [start]
H320 | bet   2,000원 PLAYER | P:3♦ 10♥=3  B:6♦ 3♠=9  BANKER(L)  | -2,000원 → 144,250원
H321 | bet   4,000원 PLAYER | P:J♠ 9♦=9  B:3♦ 4♠=7  PLAYER(W)  | +4,000원 → 148,250원  [end_win]
H322 | bet   1,000원 BANKER | P:3♠ 10♣ 10♠=3  B:J♠ K♣ 7♥=7  BANKER(W)  | +950원 → 149,200원
H323 | bet   1,000원 BANKER | P:7♣ 10♦=7  B:4♥ 3♠=7  TIE(T)  |     0원 → 149,200원
H324 | bet   1,000원 BANKER | P:8♥ A♥=9  B:5♣ A♦=6  PLAYER(L)  | -1,000원 → 148,200원  [start]
H325 | bet   2,000원 PLAYER | P:10♠ 3♣=3  B:8♦ Q♠=8  BANKER(L)  | -2,000원 → 146,200원
H326 | bet   4,000원 PLAYER | P:7♠ 4♥=1  B:6♣ 2♥=8  BANKER(L)  | -4,000원 → 142,200원
H327 | bet   8,000원 PLAYER | P:8♥ 2♥ 10♦=0  B:J♠ A♦ 2♣=3  BANKER(L)  | -8,000원 → 134,200원
H328 | bet  16,000원 PLAYER | P:6♣ 10♣=6  B:10♦ 4♣ J♦=4  PLAYER(W)  | +16,000원 → 150,200원  [end_win]
H329 | bet   1,000원 BANKER | P:7♥ A♠=8  B:4♠ 9♠=3  PLAYER(L)  | -1,000원 → 149,200원  [start]
H330 | bet   2,000원 PLAYER | P:8♥ J♠=8  B:A♦ 4♣=5  PLAYER(W)  | +2,000원 → 151,200원  [end_win]
H331 | bet   1,000원 BANKER | P:A♥ A♣ Q♣=2  B:6♥ 10♦=6  BANKER(W)  | +950원 → 152,150원
H332 | bet   1,000원 BANKER | P:4♦ 9♦ 3♠=6  B:10♥ 5♥=5  PLAYER(L)  | -1,000원 → 151,150원  [start]
H333 | bet   2,000원 PLAYER | P:J♣ 9♥=9  B:9♦ J♣=9  TIE(T)  |     0원 → 151,150원
H334 | bet   2,000원 PLAYER | P:3♦ 10♥ 7♣=0  B:K♥ J♥ 7♥=7  BANKER(L)  | -2,000원 → 149,150원
H335 | bet   4,000원 PLAYER | P:6♥ J♦=6  B:9♣ 7♥=6  TIE(T)  |     0원 → 149,150원
H336 | bet   4,000원 PLAYER | P:K♥ 8♥=8  B:2♣ A♥=3  PLAYER(W)  | +4,000원 → 153,150원  [end_win]
H337 | bet   1,000원 BANKER | P:J♣ 8♠=8  B:4♠ 3♣=7  PLAYER(L)  | -1,000원 → 152,150원  [start]
H338 | bet   2,000원 PLAYER | P:10♦ Q♣ 10♠=0  B:7♠ 7♠=4  BANKER(L)  | -2,000원 → 150,150원
H339 | bet   4,000원 PLAYER | P:4♣ 5♣=9  B:A♣ 9♦=0  PLAYER(W)  | +4,000원 → 154,150원  [end_win]
H340 | bet   1,000원 BANKER | P:3♣ A♦ 2♥=6  B:Q♥ 3♦ 5♦=8  BANKER(W)  | +950원 → 155,100원
H341 | bet   1,000원 BANKER | P:J♠ 4♥ 2♠=6  B:8♣ 7♥=5  PLAYER(L)  | -1,000원 → 154,100원  [start]
H342 | bet   2,000원 PLAYER | P:4♦ A♦ 2♦=7  B:7♠ J♦=7  TIE(T)  |     0원 → 154,100원
H343 | bet   2,000원 PLAYER | P:8♦ 3♣ 7♠=8  B:5♦ Q♦ 8♣=3  PLAYER(W)  | +2,000원 → 156,100원  [end_win]
H344 | bet   1,000원 BANKER | P:10♥ A♣ 8♣=9  B:6♥ Q♥=6  PLAYER(L)  | -1,000원 → 155,100원  [start]
H345 | bet   2,000원 PLAYER | P:5♦ 3♥=8  B:10♣ Q♦=0  PLAYER(W)  | +2,000원 → 157,100원  [end_win]
H346 | bet   1,000원 BANKER | P:J♠ K♥=0  B:8♠ K♦=8  BANKER(W)  | +950원 → 158,050원
H347 | bet   1,000원 BANKER | P:4♥ 2♦=6  B:J♥ 9♣=9  BANKER(W)  | +950원 → 159,000원
H348 | bet   1,000원 BANKER | P:9♠ 6♦=5  B:9♣ Q♦=9  BANKER(W)  | +950원 → 159,950원
H349 | bet   1,000원 BANKER | P:6♦ J♥=6  B:A♠ 10♣ 5♠=6  TIE(T)  |     0원 → 159,950원
H350 | bet   1,000원 BANKER | P:4♠ A♥ 2♣=7  B:4♦ 7♦ 6♠=7  TIE(T)  |     0원 → 159,950원
H351 | bet   1,000원 BANKER | P:Q♦ K♠ 7♣=7  B:Q♣ 10♥ 2♥=2  PLAYER(L)  | -1,000원 → 158,950원  [start]
H352 | bet   2,000원 PLAYER | P:10♥ A♥ 4♦=5  B:9♥ 2♣ 2♠=3  PLAYER(W)  | +2,000원 → 160,950원  [end_win]
H353 | bet   1,000원 BANKER | P:7♥ 6♣ 6♣=9  B:5♠ 7♠ 3♠=5  PLAYER(L)  | -1,000원 → 159,950원  [start]
H354 | bet   2,000원 PLAYER | P:6♠ 5♥ J♦=1  B:6♣ 10♦=6  BANKER(L)  | -2,000원 → 157,950원
H355 | bet   4,000원 PLAYER | P:3♥ 7♦ 8♦=8  B:9♦ 5♥=4  PLAYER(W)  | +4,000원 → 161,950원  [end_win]
H356 | bet   1,000원 BANKER | P:8♦ 5♠=3  B:4♥ 5♠=9  BANKER(W)  | +950원 → 162,900원
H357 | bet   1,000원 BANKER | P:4♠ 2♠=6  B:4♦ Q♦ 4♣=8  BANKER(W)  | +950원 → 163,850원
H358 | bet   1,000원 BANKER | P:5♠ J♥ 9♦=4  B:J♠ 2♠ 7♥=9  BANKER(W)  | +950원 → 164,800원
H359 | bet   1,000원 BANKER | P:10♠ 4♣=4  B:J♣ 9♠=9  BANKER(W)  | +950원 → 165,750원
H360 | bet   1,000원 BANKER | P:K♠ 9♦=9  B:Q♥ K♥=0  PLAYER(L)  | -1,000원 → 164,750원  [start]
H361 | bet   2,000원 PLAYER | P:3♦ 3♣=6  B:5♣ 10♠ 9♥=4  PLAYER(W)  | +2,000원 → 166,750원  [end_win]
H362 | bet   1,000원 BANKER | P:3♥ 10♣=3  B:J♦ 9♣=9  BANKER(W)  | +950원 → 167,700원
H363 | bet   1,000원 BANKER | P:5♦ K♦ 9♣=4  B:K♣ 3♠ 2♠=5  BANKER(W)  | +950원 → 168,650원
H364 | bet   1,000원 BANKER | P:K♦ Q♠ 9♣=9  B:A♣ J♣ Q♠=1  PLAYER(L)  | -1,000원 → 167,650원  [start]
H365 | bet   2,000원 PLAYER | P:8♦ 9♥=7  B:10♣ J♠ J♠=0  PLAYER(W)  | +2,000원 → 169,650원  [end_win]
H366 | bet   1,000원 BANKER | P:6♦ K♣=6  B:3♣ K♣ J♠=3  PLAYER(L)  | -1,000원 → 168,650원  [start]
H367 | bet   2,000원 PLAYER | P:J♦ 7♠=7  B:A♠ A♥ 8♥=0  PLAYER(W)  | +2,000원 → 170,650원  [end_win]
H368 | bet   1,000원 BANKER | P:3♦ K♥ 8♠=1  B:5♣ 7♦ 7♦=9  BANKER(W)  | +950원 → 171,600원
H369 | bet   1,000원 BANKER | P:Q♦ K♥ Q♥=0  B:A♥ Q♥ 10♦=1  BANKER(W)  | +950원 → 172,550원
H370 | bet   1,000원 BANKER | P:K♣ K♠ A♦=1  B:K♦ 7♣=7  BANKER(W)  | +950원 → 173,500원
H371 | bet   1,000원 BANKER | P:10♥ Q♠=0  B:K♥ 8♦=8  BANKER(W)  | +950원 → 174,450원
H372 | bet   1,000원 BANKER | P:2♦ 8♠=0  B:6♠ 2♥=8  BANKER(W)  | +950원 → 175,400원
H373 | bet   1,000원 BANKER | P:Q♥ 6♠=6  B:2♥ 4♠=6  TIE(T)  |     0원 → 175,400원
H374 | bet   1,000원 BANKER | P:8♥ 7♣ 8♣=3  B:6♥ 6♣ 7♥=9  BANKER(W)  | +950원 → 176,350원
H375 | bet   1,000원 BANKER | P:4♥ 5♠=9  B:8♠ 7♣=5  PLAYER(L)  | -1,000원 → 175,350원  [start]
H376 | bet   2,000원 PLAYER | P:7♣ A♣=8  B:J♦ 4♥=4  PLAYER(W)  | +2,000원 → 177,350원  [end_win]
H377 | bet   1,000원 BANKER | P:J♥ 6♠=6  B:10♥ 7♣=7  BANKER(W)  | +950원 → 178,300원
H378 | bet   1,000원 BANKER | P:Q♠ 2♥ 6♥=8  B:6♦ 9♠ 7♦=2  PLAYER(L)  | -1,000원 → 177,300원  [start]
H379 | bet   2,000원 PLAYER | P:3♥ A♠ 6♦=0  B:6♦ J♥ 5♥=1  BANKER(L)  | -2,000원 → 175,300원
H380 | bet   4,000원 PLAYER | P:2♦ J♣ Q♦=2  B:K♣ 10♣ 4♠=4  BANKER(L)  | -4,000원 → 171,300원
H381 | bet   8,000원 PLAYER | P:K♠ A♠=1  B:K♣ 9♠=9  BANKER(L)  | -8,000원 → 163,300원
H382 | bet  16,000원 PLAYER | P:8♥ 3♠ 8♠=9  B:7♠ K♠=7  PLAYER(W)  | +16,000원 → 179,300원  [end_win]
H383 | bet   1,000원 BANKER | P:J♣ 5♣ 3♦=8  B:4♣ Q♣ Q♣=4  PLAYER(L)  | -1,000원 → 178,300원  [start]
H384 | bet   2,000원 PLAYER | P:9♦ 3♠=2  B:4♥ 4♦=8  BANKER(L)  | -2,000원 → 176,300원
H385 | bet   4,000원 PLAYER | P:5♦ 6♠ 6♠=7  B:9♠ 5♣ K♣=4  PLAYER(W)  | +4,000원 → 180,300원  [end_win]
H386 | bet   1,000원 BANKER | P:3♠ 2♥ 9♥=4  B:A♣ 9♥ J♥=0  PLAYER(L)  | -1,000원 → 179,300원  [start]
H387 | bet   2,000원 PLAYER | P:2♦ 4♠=6  B:2♦ 9♦ 4♣=5  PLAYER(W)  | +2,000원 → 181,300원  [end_win]
H388 | bet   1,000원 BANKER | P:K♦ 7♠=7  B:Q♣ A♦ 3♣=4  PLAYER(L)  | -1,000원 → 180,300원  [start]
H389 | bet   2,000원 PLAYER | P:A♣ 9♥ Q♠=0  B:5♠ 5♦ 5♠=5  BANKER(L)  | -2,000원 → 178,300원
H390 | bet   4,000원 PLAYER | P:10♠ 6♦=6  B:9♣ 6♣ 8♠=3  PLAYER(W)  | +4,000원 → 182,300원  [end_win]
H391 | bet   1,000원 BANKER | P:Q♠ 3♦=3  B:10♠ 8♥=8  BANKER(W)  | +950원 → 183,250원
H392 | bet   1,000원 BANKER | P:10♣ 10♦=0  B:3♣ 5♥=8  BANKER(W)  | +950원 → 184,200원
H393 | bet   1,000원 BANKER | P:2♣ A♣=3  B:3♥ 5♥=8  BANKER(W)  | +950원 → 185,150원
H394 | bet   1,000원 BANKER | P:6♥ 3♦=9  B:A♥ 9♣=0  PLAYER(L)  | -1,000원 → 184,150원  [start]
H395 | bet   2,000원 PLAYER | P:6♦ K♣=6  B:8♠ Q♣=8  BANKER(L)  | -2,000원 → 182,150원
H396 | bet   4,000원 PLAYER | P:Q♦ 5♣ 2♠=7  B:K♦ 2♦ 10♠=2  PLAYER(W)  | +4,000원 → 186,150원  [end_win]
H397 | bet   1,000원 BANKER | P:3♠ 10♦ 2♠=5  B:K♥ K♦ 4♥=4  PLAYER(L)  | -1,000원 → 185,150원  [start]
H398 | bet   2,000원 PLAYER | P:J♣ 7♦=7  B:4♦ 8♦ 10♥=2  PLAYER(W)  | +2,000원 → 187,150원  [end_win]
H399 | bet   1,000원 BANKER | P:K♠ 4♥ 4♠=8  B:Q♥ 3♦ 10♣=3  PLAYER(L)  | -1,000원 → 186,150원  [start]
H400 | bet   2,000원 PLAYER | P:8♥ Q♠=8  B:4♣ 5♦=9  BANKER(L)  | -2,000원 → 184,150원
H401 | bet   4,000원 PLAYER | P:5♥ Q♠ 6♠=1  B:7♥ 8♣ K♠=5  BANKER(L)  | -4,000원 → 180,150원
H402 | bet   8,000원 PLAYER | P:3♥ 2♣ 6♣=1  B:3♥ 3♥ 2♣=8  BANKER(L)  | -8,000원 → 172,150원
H403 | bet  16,000원 PLAYER | P:Q♣ 2♦=2  B:Q♥ 8♣=8  BANKER(L)  | -16,000원 → 156,150원  [end_giveup]
H404 | bet   1,000원 BANKER | P:10♠ 2♣ 6♣=8  B:3♣ A♠ 10♠=4  PLAYER(L)  | -1,000원 → 155,150원  [start]
H405 | bet   2,000원 PLAYER | P:6♥ K♠=6  B:7♦ 4♦ 8♣=9  BANKER(L)  | -2,000원 → 153,150원
H406 | bet   4,000원 PLAYER | P:9♥ 8♣=7  B:A♦ A♥ K♦=2  PLAYER(W)  | +4,000원 → 157,150원  [end_win]
H407 | bet   1,000원 BANKER | P:8♦ 5♣ A♦=4  B:J♦ A♠ 5♥=6  BANKER(W)  | +950원 → 158,100원
H408 | bet   1,000원 BANKER | P:K♣ K♥ Q♥=0  B:A♠ 2♣ 7♠=0  TIE(T)  |     0원 → 158,100원
H409 | bet   1,000원 BANKER | P:6♣ J♠=6  B:6♦ 3♣=9  BANKER(W)  | +950원 → 159,050원
H410 | bet   1,000원 BANKER | P:3♦ 9♣ 2♥=4  B:2♥ A♥ 8♥=1  PLAYER(L)  | -1,000원 → 158,050원  [start]
H411 | bet   2,000원 PLAYER | P:J♣ K♠ 9♠=9  B:9♦ 4♦ Q♦=3  PLAYER(W)  | +2,000원 → 160,050원  [end_win]
H412 | bet   1,000원 BANKER | P:A♠ 8♠=9  B:A♠ 8♠=9  TIE(T)  |     0원 → 160,050원
H413 | bet   1,000원 BANKER | P:7♥ 8♦ K♠=5  B:A♣ 4♦=5  TIE(T)  |     0원 → 160,050원
H414 | bet   1,000원 BANKER | P:8♠ 7♦ 4♠=9  B:4♦ 6♣ 5♣=5  PLAYER(L)  | -1,000원 → 159,050원  [start]
H415 | bet   2,000원 PLAYER | P:J♥ 9♥=9  B:10♣ Q♣=0  PLAYER(W)  | +2,000원 → 161,050원  [end_win]
H416 | bet   1,000원 BANKER | P:J♦ 8♥=8  B:Q♠ 9♦=9  BANKER(W)  | +950원 → 162,000원
H417 | bet   1,000원 BANKER | P:7♣ 8♦ 10♥=5  B:2♦ A♥ 10♥=3  PLAYER(L)  | -1,000원 → 161,000원  [start]
H418 | bet   2,000원 PLAYER | P:7♣ K♣=7  B:9♥ K♥=9  BANKER(L)  | -2,000원 → 159,000원
H419 | bet   4,000원 PLAYER | P:A♣ 8♣=9  B:10♦ 8♥=8  PLAYER(W)  | +4,000원 → 163,000원  [end_win]
H420 | bet   1,000원 BANKER | P:4♣ 2♥=6  B:2♥ 5♣=7  BANKER(W)  | +950원 → 163,950원
H421 | bet   1,000원 BANKER | P:9♠ Q♣=9  B:J♣ 7♣=7  PLAYER(L)  | -1,000원 → 162,950원  [start]
H422 | bet   2,000원 PLAYER | P:8♦ 2♣ K♠=0  B:K♣ K♣ Q♥=0  TIE(T)  |     0원 → 162,950원
H423 | bet   2,000원 PLAYER | P:A♣ 7♠=8  B:4♦ 5♥=9  BANKER(L)  | -2,000원 → 160,950원
H424 | bet   4,000원 PLAYER | P:10♦ 6♥=6  B:J♦ 6♠=6  TIE(T)  |     0원 → 160,950원
H425 | bet   4,000원 PLAYER | P:J♠ J♥ 5♣=5  B:Q♥ 7♠=7  BANKER(L)  | -4,000원 → 156,950원
H426 | bet   8,000원 PLAYER | P:9♣ 9♥=8  B:J♠ 3♦=3  PLAYER(W)  | +8,000원 → 164,950원  [end_win]
H427 | bet   1,000원 BANKER | P:10♠ 3♥ 7♥=0  B:3♠ J♣ K♠=3  BANKER(W)  | +950원 → 165,900원
H428 | bet   1,000원 BANKER | P:K♠ K♥=0  B:2♠ 6♣=8  BANKER(W)  | +950원 → 166,850원
H429 | bet   1,000원 BANKER | P:7♠ Q♦=7  B:3♠ J♦ Q♦=3  PLAYER(L)  | -1,000원 → 165,850원  [start]
H430 | bet   2,000원 PLAYER | P:2♠ Q♠ 5♠=7  B:5♥ 10♥ 8♦=3  PLAYER(W)  | +2,000원 → 167,850원  [end_win]
H431 | bet   1,000원 BANKER | P:4♦ 10♥ 7♥=1  B:5♥ 10♥ 3♣=8  BANKER(W)  | +950원 → 168,800원
H432 | bet   1,000원 BANKER | P:A♦ J♣ A♠=2  B:A♥ A♦ J♦=2  TIE(T)  |     0원 → 168,800원
H433 | bet   1,000원 BANKER | P:5♣ J♣ 2♦=7  B:Q♥ 5♣=5  PLAYER(L)  | -1,000원 → 167,800원  [start]
H434 | bet   2,000원 PLAYER | P:K♥ K♣=0  B:3♣ 5♦=8  BANKER(L)  | -2,000원 → 165,800원
H435 | bet   4,000원 PLAYER | P:2♦ J♥ A♣=3  B:3♣ 10♦ 3♦=6  BANKER(L)  | -4,000원 → 161,800원
H436 | bet   8,000원 PLAYER | P:9♠ 8♠=7  B:A♦ Q♠ J♣=1  PLAYER(W)  | +8,000원 → 169,800원  [end_win]
H437 | bet   1,000원 BANKER | P:6♠ K♣=6  B:8♠ 9♥=7  BANKER(W)  | +950원 → 170,750원
H438 | bet   1,000원 BANKER | P:A♦ 2♠ Q♦=3  B:10♠ 2♣ 2♦=4  BANKER(W)  | +950원 → 171,700원
H439 | bet   1,000원 BANKER | P:4♥ 6♦ J♠=0  B:5♠ 7♦ 3♣=5  BANKER(W)  | +950원 → 172,650원
H440 | bet   1,000원 BANKER | P:A♥ 2♥ 4♥=7  B:5♥ 8♣ 4♠=7  TIE(T)  |     0원 → 172,650원
H441 | bet   1,000원 BANKER | P:4♣ A♠ 7♣=2  B:10♠ K♠ 8♥=8  BANKER(W)  | +950원 → 173,600원
H442 | bet   1,000원 BANKER | P:3♥ 7♦ K♥=0  B:4♥ 7♥ J♦=1  BANKER(W)  | +950원 → 174,550원
H443 | bet   1,000원 BANKER | P:6♣ 4♠ 6♥=6  B:8♣ 6♠ 10♣=4  PLAYER(L)  | -1,000원 → 173,550원  [start]
H444 | bet   2,000원 PLAYER | P:6♠ 6♦ 2♥=4  B:10♠ Q♥ A♣=1  PLAYER(W)  | +2,000원 → 175,550원  [end_win]
H445 | bet   1,000원 BANKER | P:7♥ 4♥ 5♦=6  B:8♣ 6♣ 2♣=6  TIE(T)  |     0원 → 175,550원
H446 | bet   1,000원 BANKER | P:A♣ 5♦=6  B:A♣ 6♠=7  BANKER(W)  | +950원 → 176,500원
H447 | bet   1,000원 BANKER | P:Q♠ Q♠ 3♥=3  B:K♦ 10♣ 2♠=2  PLAYER(L)  | -1,000원 → 175,500원  [start]
H448 | bet   2,000원 PLAYER | P:7♥ J♠=7  B:J♥ 3♥ 9♠=2  PLAYER(W)  | +2,000원 → 177,500원  [end_win]
H449 | bet   1,000원 BANKER | P:4♠ J♠ 3♥=7  B:4♥ K♦ 3♣=7  TIE(T)  |     0원 → 177,500원
H450 | bet   1,000원 BANKER | P:A♣ 6♥=7  B:10♣ 6♦=6  PLAYER(L)  | -1,000원 → 176,500원  [start]
H451 | bet   2,000원 PLAYER | P:3♣ 8♣ 9♣=0  B:3♦ 3♠=6  BANKER(L)  | -2,000원 → 174,500원
H452 | bet   4,000원 PLAYER | P:8♦ A♠=9  B:4♦ 4♠=8  PLAYER(W)  | +4,000원 → 178,500원  [end_win]
H453 | bet   1,000원 BANKER | P:6♣ 3♥=9  B:J♣ J♠=0  PLAYER(L)  | -1,000원 → 177,500원  [start]
H454 | bet   2,000원 PLAYER | P:3♠ 7♠ 2♦=2  B:A♥ 6♥=7  BANKER(L)  | -2,000원 → 175,500원
H455 | bet   4,000원 PLAYER | P:6♥ 10♠=6  B:2♦ 5♣=7  BANKER(L)  | -4,000원 → 171,500원
H456 | bet   8,000원 PLAYER | P:K♦ 3♦ 5♦=8  B:10♥ 5♥ A♥=6  PLAYER(W)  | +8,000원 → 179,500원  [end_win]
H457 | bet   1,000원 BANKER | P:J♥ 5♥ 2♠=7  B:Q♣ 3♣ 8♦=1  PLAYER(L)  | -1,000원 → 178,500원  [start]
H458 | bet   2,000원 PLAYER | P:4♣ 10♥ 8♣=2  B:A♠ 2♥=3  BANKER(L)  | -2,000원 → 176,500원
H459 | bet   4,000원 PLAYER | P:8♥ 7♠=5  B:9♦ 9♦=8  BANKER(L)  | -4,000원 → 172,500원
H460 | bet   8,000원 PLAYER | P:5♠ 5♦ J♥=0  B:3♦ K♥ 4♦=7  BANKER(L)  | -8,000원 → 164,500원
H461 | bet  16,000원 PLAYER | P:10♦ Q♣ 5♥=5  B:6♦ 5♦ J♥=1  PLAYER(W)  | +16,000원 → 180,500원  [end_win]
H462 | bet   1,000원 BANKER | P:A♦ A♦ 7♣=9  B:K♥ 5♠ 2♠=7  PLAYER(L)  | -1,000원 → 179,500원  [start]
H463 | bet   2,000원 PLAYER | P:8♠ K♦=8  B:Q♣ 5♣=5  PLAYER(W)  | +2,000원 → 181,500원  [end_win]
H464 | bet   1,000원 BANKER | P:9♣ 6♣ 10♣=5  B:6♥ 9♥=5  TIE(T)  |     0원 → 181,500원
H465 | bet   1,000원 BANKER | P:8♦ A♠=9  B:6♠ 6♥=2  PLAYER(L)  | -1,000원 → 180,500원  [start]
H466 | bet   2,000원 PLAYER | P:Q♦ 3♦ 9♥=2  B:9♣ 7♦=6  BANKER(L)  | -2,000원 → 178,500원
H467 | bet   4,000원 PLAYER | P:10♣ 8♥=8  B:10♠ Q♣=0  PLAYER(W)  | +4,000원 → 182,500원  [end_win]
H468 | bet   1,000원 BANKER | P:5♠ Q♦ 3♠=8  B:K♠ Q♣ J♦=0  PLAYER(L)  | -1,000원 → 181,500원  [start]
H469 | bet   2,000원 PLAYER | P:10♦ 5♣ A♦=6  B:4♠ 6♠ 4♥=4  PLAYER(W)  | +2,000원 → 183,500원  [end_win]
H470 | bet   1,000원 BANKER | P:Q♦ 4♣ 6♦=0  B:K♦ 5♠ 2♥=7  BANKER(W)  | +950원 → 184,450원
H471 | bet   1,000원 BANKER | P:7♦ 4♣ 10♦=1  B:K♦ 2♠ J♥=2  BANKER(W)  | +950원 → 185,400원
H472 | bet   1,000원 BANKER | P:9♦ 3♠ 9♠=1  B:4♣ K♦=4  BANKER(W)  | +950원 → 186,350원
H473 | bet   1,000원 BANKER | P:2♣ A♥ 3♠=6  B:Q♥ 7♥=7  BANKER(W)  | +950원 → 187,300원
H474 | bet   1,000원 BANKER | P:4♦ 2♣=6  B:Q♣ 6♥=6  TIE(T)  |     0원 → 187,300원
H475 | bet   1,000원 BANKER | P:8♠ J♦=8  B:7♣ Q♠=7  PLAYER(L)  | -1,000원 → 186,300원  [start]
H476 | bet   2,000원 PLAYER | P:7♦ 4♠=1  B:5♦ 4♣=9  BANKER(L)  | -2,000원 → 184,300원
H477 | bet   4,000원 PLAYER | P:8♣ Q♥=8  B:4♠ 9♠=3  PLAYER(W)  | +4,000원 → 188,300원  [end_win]
H478 | bet   1,000원 BANKER | P:6♣ 9♥ A♦=6  B:6♦ 10♠=6  TIE(T)  |     0원 → 188,300원
H479 | bet   1,000원 BANKER | P:4♥ 7♠=1  B:9♣ J♦=9  BANKER(W)  | +950원 → 189,250원
H480 | bet   1,000원 BANKER | P:9♣ 7♦=6  B:K♠ 9♦=9  BANKER(W)  | +950원 → 190,200원
H481 | bet   1,000원 BANKER | P:9♠ K♣=9  B:J♠ 9♦=9  TIE(T)  |     0원 → 190,200원
H482 | bet   1,000원 BANKER | P:8♥ 9♣=7  B:6♦ 9♠ Q♠=5  PLAYER(L)  | -1,000원 → 189,200원  [start]
H483 | bet   2,000원 PLAYER | P:4♣ 7♥ 5♥=6  B:10♥ 4♥ 7♦=1  PLAYER(W)  | +2,000원 → 191,200원  [end_win]
H484 | bet   1,000원 BANKER | P:Q♥ K♦ 5♠=5  B:9♥ 3♥ 8♣=0  PLAYER(L)  | -1,000원 → 190,200원  [start]
H485 | bet   2,000원 PLAYER | P:10♣ 10♠ 7♣=7  B:10♦ Q♠ 2♦=2  PLAYER(W)  | +2,000원 → 192,200원  [end_win]
H486 | bet   1,000원 BANKER | P:8♦ 2♦=0  B:5♦ 3♦=8  BANKER(W)  | +950원 → 193,150원
H487 | bet   1,000원 BANKER | P:3♥ 9♦=2  B:J♣ 8♥=8  BANKER(W)  | +950원 → 194,100원
H488 | bet   1,000원 BANKER | P:7♣ A♥=8  B:8♠ 10♦=8  TIE(T)  |     0원 → 194,100원
H489 | bet   1,000원 BANKER | P:7♣ A♣=8  B:10♥ 6♠=6  PLAYER(L)  | -1,000원 → 193,100원  [start]
H490 | bet   2,000원 PLAYER | P:7♠ 8♠=5  B:2♦ 7♦=9  BANKER(L)  | -2,000원 → 191,100원
H491 | bet   4,000원 PLAYER | P:A♠ 6♣=7  B:4♥ 10♣ K♣=4  PLAYER(W)  | +4,000원 → 195,100원  [end_win]
H492 | bet   1,000원 BANKER | P:8♣ A♦=9  B:7♠ 9♥=6  PLAYER(L)  | -1,000원 → 194,100원  [start]
H493 | bet   2,000원 PLAYER | P:9♥ 2♠ 8♣=9  B:3♥ 7♣ K♥=0  PLAYER(W)  | +2,000원 → 196,100원  [end_win]
H494 | bet   1,000원 BANKER | P:3♥ 10♦=3  B:6♣ 2♣=8  BANKER(W)  | +950원 → 197,050원
H495 | bet   1,000원 BANKER | P:5♣ J♦=5  B:9♠ Q♣=9  BANKER(W)  | +950원 → 198,000원
H496 | bet   1,000원 BANKER | P:3♦ A♦ K♥=4  B:A♣ 6♥=7  BANKER(W)  | +950원 → 198,950원
H497 | bet   1,000원 BANKER | P:6♦ 4♥ 9♦=9  B:4♣ 7♥ 4♣=5  PLAYER(L)  | -1,000원 → 197,950원  [start]
H498 | bet   2,000원 PLAYER | P:4♠ 8♥ 10♦=2  B:6♠ 7♠ Q♠=3  BANKER(L)  | -2,000원 → 195,950원
H499 | bet   4,000원 PLAYER | P:4♣ 7♠ 6♣=7  B:K♠ A♥ 3♦=4  PLAYER(W)  | +4,000원 → 199,950원  [end_win]
H500 | bet   1,000원 BANKER | P:9♥ J♣=9  B:2♦ J♠=2  PLAYER(L)  | -1,000원 → 198,950원  [start]
H501 | bet   2,000원 PLAYER | P:6♦ Q♣=6  B:10♥ 3♠ 8♠=1  PLAYER(W)  | +2,000원 → 200,950원  [end_win]
H502 | bet   1,000원 BANKER | P:10♦ 10♠ J♠=0  B:Q♥ K♥ J♠=0  TIE(T)  |     0원 → 200,950원
H503 | bet   1,000원 BANKER | P:2♦ 5♦=7  B:7♥ 9♠=6  PLAYER(L)  | -1,000원 → 199,950원  [start]
H504 | bet   2,000원 PLAYER | P:10♥ K♣ 4♣=4  B:Q♥ K♣ 9♣=9  BANKER(L)  | -2,000원 → 197,950원
H505 | bet   4,000원 PLAYER | P:2♣ K♦=2  B:8♠ J♦=8  BANKER(L)  | -4,000원 → 193,950원
H506 | bet   8,000원 PLAYER | P:2♥ A♥ 6♠=9  B:Q♥ A♥ 6♣=7  PLAYER(W)  | +8,000원 → 201,950원  [end_win]
H507 | bet   1,000원 BANKER | P:8♦ 3♥ A♠=2  B:Q♠ 6♦=6  BANKER(W)  | +950원 → 202,900원
H508 | bet   1,000원 BANKER | P:J♠ J♠ 2♣=2  B:6♣ J♥=6  BANKER(W)  | +950원 → 203,850원
H509 | bet   1,000원 BANKER | P:9♠ K♣=9  B:4♠ 3♠=7  PLAYER(L)  | -1,000원 → 202,850원  [start]
H510 | bet   2,000원 PLAYER | P:3♦ Q♥ 3♦=6  B:10♥ 6♥=6  TIE(T)  |     0원 → 202,850원
H511 | bet   2,000원 PLAYER | P:Q♣ 3♥ J♣=3  B:5♠ 6♥ 6♥=7  BANKER(L)  | -2,000원 → 200,850원
H512 | bet   4,000원 PLAYER | P:5♠ A♥=6  B:Q♦ Q♠ 4♠=4  PLAYER(W)  | +4,000원 → 204,850원  [end_win]
H513 | bet   1,000원 BANKER | P:3♠ 5♠=8  B:J♦ 7♣=7  PLAYER(L)  | -1,000원 → 203,850원  [start]
H514 | bet   2,000원 PLAYER | P:10♠ Q♥=0  B:4♦ 5♠=9  BANKER(L)  | -2,000원 → 201,850원
H515 | bet   4,000원 PLAYER | P:7♦ 10♥=7  B:J♥ 6♦=6  PLAYER(W)  | +4,000원 → 205,850원  [end_win]
H516 | bet   1,000원 BANKER | P:4♥ 7♣ 6♦=7  B:8♦ 8♦ 5♥=1  PLAYER(L)  | -1,000원 → 204,850원  [start]
H517 | bet   2,000원 PLAYER | P:10♦ Q♣ J♦=0  B:3♠ 10♣ A♥=4  BANKER(L)  | -2,000원 → 202,850원
H518 | bet   4,000원 PLAYER | P:5♦ 3♥=8  B:6♥ 9♣=5  PLAYER(W)  | +4,000원 → 206,850원  [end_win]
H519 | bet   1,000원 BANKER | P:J♠ 10♠ 9♥=9  B:J♥ J♣ A♣=1  PLAYER(L)  | -1,000원 → 205,850원  [start]
H520 | bet   2,000원 PLAYER | P:4♦ J♣ 4♦=8  B:2♠ 4♥=6  PLAYER(W)  | +2,000원 → 207,850원  [end_win]
H521 | bet   1,000원 BANKER | P:3♥ 7♦ 10♠=0  B:2♠ 4♠=6  BANKER(W)  | +950원 → 208,800원
H522 | bet   1,000원 BANKER | P:J♥ J♣ K♦=0  B:7♠ 9♥=6  BANKER(W)  | +950원 → 209,750원
H523 | bet   1,000원 BANKER | P:Q♠ 4♣ 3♦=7  B:J♣ 2♦ K♠=2  PLAYER(L)  | -1,000원 → 208,750원  [start]
H524 | bet   2,000원 PLAYER | P:10♥ K♦ 2♣=2  B:K♥ Q♥ 5♦=5  BANKER(L)  | -2,000원 → 206,750원
H525 | bet   4,000원 PLAYER | P:7♥ 9♦=6  B:7♦ A♠=8  BANKER(L)  | -4,000원 → 202,750원
H526 | bet   8,000원 PLAYER | P:3♣ 8♦ 2♥=3  B:J♦ J♥ 5♣=5  BANKER(L)  | -8,000원 → 194,750원
H527 | bet  16,000원 PLAYER | P:10♦ A♣=1  B:10♣ 8♥=8  BANKER(L)  | -16,000원 → 178,750원  [end_giveup]
H528 | bet   1,000원 BANKER | P:6♥ 10♥=6  B:5♦ A♠=6  TIE(T)  |     0원 → 178,750원
H529 | bet   1,000원 BANKER | P:3♦ K♣ 4♦=7  B:8♠ 6♣ K♠=4  PLAYER(L)  | -1,000원 → 177,750원  [start]
H530 | bet   2,000원 PLAYER | P:4♦ 6♣ J♠=0  B:A♦ 2♣ 2♠=5  BANKER(L)  | -2,000원 → 175,750원
H531 | bet   4,000원 PLAYER | P:A♦ 4♥ 8♣=3  B:Q♠ K♠ 8♥=8  BANKER(L)  | -4,000원 → 171,750원
H532 | bet   8,000원 PLAYER | P:5♥ 2♣=7  B:A♠ 3♣ 2♥=6  PLAYER(W)  | +8,000원 → 179,750원  [end_win]
H533 | bet   1,000원 BANKER | P:A♣ Q♦ 3♦=4  B:5♣ 5♠ 8♦=8  BANKER(W)  | +950원 → 180,700원
H534 | bet   1,000원 BANKER | P:J♣ 8♦=8  B:10♣ 8♣=8  TIE(T)  |     0원 → 180,700원
H535 | bet   1,000원 BANKER | P:5♣ 6♠ K♠=1  B:4♦ 8♣ 8♦=0  PLAYER(L)  | -1,000원 → 179,700원  [start]
H536 | bet   2,000원 PLAYER | P:9♦ 8♣=7  B:K♦ 2♦ 7♥=9  BANKER(L)  | -2,000원 → 177,700원
H537 | bet   4,000원 PLAYER | P:5♣ K♠=5  B:4♣ 5♥=9  BANKER(L)  | -4,000원 → 173,700원
H538 | bet   8,000원 PLAYER | P:4♦ 7♦=1  B:8♥ Q♠=8  BANKER(L)  | -8,000원 → 165,700원
H539 | bet  16,000원 PLAYER | P:5♥ 10♠ 5♥=0  B:5♦ 7♣ 5♣=7  BANKER(L)  | -16,000원 → 149,700원  [end_giveup]
H540 | bet   1,000원 BANKER | P:7♥ Q♥=7  B:8♥ J♥=8  BANKER(W)  | +950원 → 150,650원
H541 | bet   1,000원 BANKER | P:10♠ 3♣=3  B:A♣ 8♣=9  BANKER(W)  | +950원 → 151,600원
H542 | bet   1,000원 BANKER | P:9♠ A♦ 4♥=4  B:5♠ J♦ 8♠=3  PLAYER(L)  | -1,000원 → 150,600원  [start]
H543 | bet   2,000원 PLAYER | P:9♦ 8♥=7  B:9♣ 9♠=8  BANKER(L)  | -2,000원 → 148,600원
H544 | bet   4,000원 PLAYER | P:2♠ 2♦ J♥=4  B:10♠ 2♣ Q♦=2  PLAYER(W)  | +4,000원 → 152,600원  [end_win]
H545 | bet   1,000원 BANKER | P:6♠ K♦=6  B:8♥ 3♠ 3♠=4  PLAYER(L)  | -1,000원 → 151,600원  [start]
H546 | bet   2,000원 PLAYER | P:8♦ 5♠ 8♠=1  B:4♠ 2♦=6  BANKER(L)  | -2,000원 → 149,600원
H547 | bet   4,000원 PLAYER | P:A♥ 9♣=0  B:2♦ 7♦=9  BANKER(L)  | -4,000원 → 145,600원
H548 | bet   8,000원 PLAYER | P:6♦ 6♠ Q♦=2  B:4♥ 3♣=7  BANKER(L)  | -8,000원 → 137,600원
H549 | bet  16,000원 PLAYER | P:9♦ 2♣ 7♥=8  B:10♦ 3♠ 5♠=8  TIE(T)  |     0원 → 137,600원
H550 | bet  16,000원 PLAYER | P:2♥ Q♣=2  B:6♠ 2♥=8  BANKER(L)  | -16,000원 → 121,600원  [end_giveup]
H551 | bet   1,000원 BANKER | P:4♣ 3♣=7  B:5♥ A♥=6  PLAYER(L)  | -1,000원 → 120,600원  [start]
H552 | bet   2,000원 PLAYER | P:7♣ 9♠=6  B:10♠ 7♥=7  BANKER(L)  | -2,000원 → 118,600원
H553 | bet   4,000원 PLAYER | P:2♥ 4♣=6  B:3♠ 8♣ J♥=1  PLAYER(W)  | +4,000원 → 122,600원  [end_win]
H554 | bet   1,000원 BANKER | P:8♠ A♥=9  B:5♦ 9♠=4  PLAYER(L)  | -1,000원 → 121,600원  [start]
H555 | bet   2,000원 PLAYER | P:6♣ Q♠=6  B:7♣ 10♦=7  BANKER(L)  | -2,000원 → 119,600원
H556 | bet   4,000원 PLAYER | P:K♠ 4♠ 5♦=9  B:3♥ 3♣=6  PLAYER(W)  | +4,000원 → 123,600원  [end_win]
H557 | bet   1,000원 BANKER | P:Q♣ 9♣=9  B:6♥ 5♣=1  PLAYER(L)  | -1,000원 → 122,600원  [start]
H558 | bet   2,000원 PLAYER | P:6♦ K♠=6  B:Q♣ J♦ 3♥=3  PLAYER(W)  | +2,000원 → 124,600원  [end_win]
H559 | bet   1,000원 BANKER | P:K♣ 5♣=5  B:9♦ 9♥=8  BANKER(W)  | +950원 → 125,550원
H560 | bet   1,000원 BANKER | P:3♣ 10♣ 9♦=2  B:2♠ A♦ J♠=3  BANKER(W)  | +950원 → 126,500원
H561 | bet   1,000원 BANKER | P:K♣ 4♦ 3♣=7  B:A♣ 2♠ 4♠=7  TIE(T)  |     0원 → 126,500원
H562 | bet   1,000원 BANKER | P:K♦ 10♣ J♦=0  B:5♦ K♦=5  BANKER(W)  | +950원 → 127,450원
H563 | bet   1,000원 BANKER | P:K♥ A♦ 7♠=8  B:2♠ 9♠ 8♠=9  BANKER(W)  | +950원 → 128,400원
H564 | bet   1,000원 BANKER | P:Q♦ A♣ 6♦=7  B:10♣ 7♦=7  TIE(T)  |     0원 → 128,400원
H565 | bet   1,000원 BANKER | P:6♥ A♠=7  B:3♦ K♥ K♦=3  PLAYER(L)  | -1,000원 → 127,400원  [start]
H566 | bet   2,000원 PLAYER | P:K♥ Q♦ 8♥=8  B:10♦ Q♥ 9♣=9  BANKER(L)  | -2,000원 → 125,400원
H567 | bet   4,000원 PLAYER | P:2♥ A♠ 9♥=2  B:6♠ 9♦=5  BANKER(L)  | -4,000원 → 121,400원
H568 | bet   8,000원 PLAYER | P:9♣ 5♥ 7♦=1  B:7♥ Q♦=7  BANKER(L)  | -8,000원 → 113,400원
H569 | bet  16,000원 PLAYER | P:10♣ 9♥=9  B:A♦ K♣=1  PLAYER(W)  | +16,000원 → 129,400원  [end_win]
H570 | bet   1,000원 BANKER | P:K♥ 7♠=7  B:A♠ J♣ 2♥=3  PLAYER(L)  | -1,000원 → 128,400원  [start]
H571 | bet   2,000원 PLAYER | P:4♦ 10♦=4  B:J♦ 9♥=9  BANKER(L)  | -2,000원 → 126,400원
H572 | bet   4,000원 PLAYER | P:6♥ 5♣ J♠=1  B:6♣ J♣=6  BANKER(L)  | -4,000원 → 122,400원
H573 | bet   8,000원 PLAYER | P:4♥ 2♣=6  B:2♣ Q♥ 10♥=2  PLAYER(W)  | +8,000원 → 130,400원  [end_win]
H574 | bet   1,000원 BANKER | P:5♥ 6♥ Q♠=1  B:10♠ 4♥=4  BANKER(W)  | +950원 → 131,350원
H575 | bet   1,000원 BANKER | P:K♥ 7♠=7  B:5♠ 9♣ A♠=5  PLAYER(L)  | -1,000원 → 130,350원  [start]
H576 | bet   2,000원 PLAYER | P:3♥ 3♥=6  B:A♦ 6♦=7  BANKER(L)  | -2,000원 → 128,350원
H577 | bet   4,000원 PLAYER | P:2♦ 10♠=2  B:A♣ 8♣=9  BANKER(L)  | -4,000원 → 124,350원
H578 | bet   8,000원 PLAYER | P:A♣ J♦ 5♣=6  B:3♣ 4♦=7  BANKER(L)  | -8,000원 → 116,350원
H579 | bet  16,000원 PLAYER | P:A♠ 3♠ 3♣=7  B:4♦ K♣ 3♣=7  TIE(T)  |     0원 → 116,350원
H580 | bet  16,000원 PLAYER | P:3♥ A♠ J♣=4  B:7♥ 3♣ 6♣=6  BANKER(L)  | -16,000원 → 100,350원  [end_giveup]
H581 | bet   1,000원 BANKER | P:3♣ 8♠ 9♣=0  B:K♣ 7♦=7  BANKER(W)  | +950원 → 101,300원
H582 | bet   1,000원 BANKER | P:10♥ 2♥ 10♣=2  B:4♠ 7♦ 5♦=6  BANKER(W)  | +950원 → 102,250원
H583 | bet   1,000원 BANKER | P:6♣ 6♠ 3♠=5  B:9♦ 3♦ J♦=2  PLAYER(L)  | -1,000원 → 101,250원  [start]
H584 | bet   2,000원 PLAYER | P:J♥ K♦ 9♥=9  B:7♠ Q♣=7  PLAYER(W)  | +2,000원 → 103,250원  [end_win]
H585 | bet   1,000원 BANKER | P:6♣ 2♥=8  B:10♠ 3♠=3  PLAYER(L)  | -1,000원 → 102,250원  [start]
H586 | bet   2,000원 PLAYER | P:3♦ 10♥=3  B:4♣ 4♠=8  BANKER(L)  | -2,000원 → 100,250원
H587 | bet   4,000원 PLAYER | P:Q♣ 5♥ A♦=6  B:K♣ 6♠=6  TIE(T)  |     0원 → 100,250원
H588 | bet   4,000원 PLAYER | P:3♠ Q♦=3  B:K♥ 9♠=9  BANKER(L)  | -4,000원 → 96,250원
H589 | bet   8,000원 PLAYER | P:A♥ Q♣ 4♠=5  B:A♥ 3♣ 10♥=4  PLAYER(W)  | +8,000원 → 104,250원  [end_win]
H590 | bet   1,000원 BANKER | P:10♠ K♠ 4♦=4  B:2♣ 8♦ 4♣=4  TIE(T)  |     0원 → 104,250원
H591 | bet   1,000원 BANKER | P:10♣ 4♣ 5♦=9  B:4♣ 6♥ 7♥=7  PLAYER(L)  | -1,000원 → 103,250원  [start]
H592 | bet   2,000원 PLAYER | P:4♠ K♠=4  B:A♣ 7♣=8  BANKER(L)  | -2,000원 → 101,250원
H593 | bet   4,000원 PLAYER | P:8♦ 7♥=5  B:9♠ 10♦=9  BANKER(L)  | -4,000원 → 97,250원
H594 | bet   8,000원 PLAYER | P:9♠ 2♦ 2♠=3  B:Q♥ K♠ 8♣=8  BANKER(L)  | -8,000원 → 89,250원
H595 | bet  16,000원 PLAYER | P:3♣ 10♦ Q♠=3  B:8♠ 2♦ 3♦=3  TIE(T)  |     0원 → 89,250원
H596 | bet  16,000원 PLAYER | P:5♥ 7♠ 6♦=8  B:Q♦ Q♠ 5♣=5  PLAYER(W)  | +16,000원 → 105,250원  [end_win]
H597 | bet   1,000원 BANKER | P:8♣ A♥=9  B:2♦ 2♦=4  PLAYER(L)  | -1,000원 → 104,250원  [start]
H598 | bet   2,000원 PLAYER | P:Q♦ J♠ 6♦=6  B:2♥ J♠ 9♠=1  PLAYER(W)  | +2,000원 → 106,250원  [end_win]
H599 | bet   1,000원 BANKER | P:A♣ K♦ 8♠=9  B:A♥ 5♥=6  PLAYER(L)  | -1,000원 → 105,250원  [start]
H600 | bet   2,000원 PLAYER | P:Q♥ 2♠=2  B:9♠ Q♦=9  BANKER(L)  | -2,000원 → 103,250원
H601 | bet   4,000원 PLAYER | P:10♣ 4♣ J♣=4  B:3♦ 4♣=7  BANKER(L)  | -4,000원 → 99,250원
H602 | bet   8,000원 PLAYER | P:8♥ 3♦ 6♣=7  B:10♣ 5♣ K♣=5  PLAYER(W)  | +8,000원 → 107,250원  [end_win]
H603 | bet   1,000원 BANKER | P:10♥ 9♠=9  B:6♠ 2♣=8  PLAYER(L)  | -1,000원 → 106,250원  [start]
H604 | bet   2,000원 PLAYER | P:10♦ 2♦ K♥=2  B:Q♠ 5♥=5  BANKER(L)  | -2,000원 → 104,250원
H605 | bet   4,000원 PLAYER | P:A♥ K♥ 3♠=4  B:6♥ 10♣=6  BANKER(L)  | -4,000원 → 100,250원
H606 | bet   8,000원 PLAYER | P:Q♦ K♠ 7♠=7  B:J♥ 3♥ 9♦=2  PLAYER(W)  | +8,000원 → 108,250원  [end_win]
H607 | bet   1,000원 BANKER | P:9♦ 9♣=8  B:2♠ K♦=2  PLAYER(L)  | -1,000원 → 107,250원  [start]
H608 | bet   2,000원 PLAYER | P:J♠ 9♥=9  B:K♠ 6♣=6  PLAYER(W)  | +2,000원 → 109,250원  [end_win]
H609 | bet   1,000원 BANKER | P:4♠ 7♦ Q♥=1  B:J♣ 4♥=4  BANKER(W)  | +950원 → 110,200원
H610 | bet   1,000원 BANKER | P:10♥ Q♥ 9♥=9  B:A♥ Q♣ 10♦=1  PLAYER(L)  | -1,000원 → 109,200원  [start]
H611 | bet   2,000원 PLAYER | P:A♥ 7♦=8  B:6♠ K♦=6  PLAYER(W)  | +2,000원 → 111,200원  [end_win]
H612 | bet   1,000원 BANKER | P:6♦ 5♦=1  B:8♥ Q♥=8  BANKER(W)  | +950원 → 112,150원
H613 | bet   1,000원 BANKER | P:J♦ K♦ Q♣=0  B:2♥ K♦ 7♣=9  BANKER(W)  | +950원 → 113,100원
H614 | bet   1,000원 BANKER | P:A♦ Q♥ K♦=1  B:7♦ 7♣=4  BANKER(W)  | +950원 → 114,050원
H615 | bet   1,000원 BANKER | P:8♦ 6♦ 7♦=1  B:2♣ 5♠=7  BANKER(W)  | +950원 → 115,000원
H616 | bet   1,000원 BANKER | P:8♥ A♣=9  B:9♠ 9♥=8  PLAYER(L)  | -1,000원 → 114,000원  [start]
H617 | bet   2,000원 PLAYER | P:4♦ 8♥ A♦=3  B:4♠ Q♦=4  BANKER(L)  | -2,000원 → 112,000원
H618 | bet   4,000원 PLAYER | P:6♥ 5♦ 9♥=0  B:2♥ 8♣ 8♦=8  BANKER(L)  | -4,000원 → 108,000원
H619 | bet   8,000원 PLAYER | P:5♠ 8♣ A♠=4  B:8♠ 2♠ 3♠=3  PLAYER(W)  | +8,000원 → 116,000원  [end_win]
H620 | bet   1,000원 BANKER | P:5♦ 2♥=7  B:4♠ 6♦ K♠=0  PLAYER(L)  | -1,000원 → 115,000원  [start]
H621 | bet   2,000원 PLAYER | P:A♥ A♦ 7♥=9  B:K♥ Q♣ 2♠=2  PLAYER(W)  | +2,000원 → 117,000원  [end_win]
H622 | bet   1,000원 BANKER | P:3♥ 7♣ J♣=0  B:5♠ 7♥ 7♦=9  BANKER(W)  | +950원 → 117,950원
H623 | bet   1,000원 BANKER | P:Q♥ 6♣=6  B:2♠ 6♥=8  BANKER(W)  | +950원 → 118,900원
H624 | bet   1,000원 BANKER | P:7♠ 7♠ 10♣=4  B:Q♦ 6♠=6  BANKER(W)  | +950원 → 119,850원
H625 | bet   1,000원 BANKER | P:9♣ 6♥ K♣=5  B:A♠ 5♣=6  BANKER(W)  | +950원 → 120,800원
H626 | bet   1,000원 BANKER | P:4♥ 6♥ 3♠=3  B:8♣ 5♣ 3♥=6  BANKER(W)  | +950원 → 121,750원
H627 | bet   1,000원 BANKER | P:8♦ 10♥=8  B:5♣ K♣=5  PLAYER(L)  | -1,000원 → 120,750원  [start]
H628 | bet   2,000원 PLAYER | P:4♦ J♦ 4♥=8  B:5♥ 8♦ 10♦=3  PLAYER(W)  | +2,000원 → 122,750원  [end_win]
H629 | bet   1,000원 BANKER | P:A♠ 10♣ 4♥=5  B:J♥ 10♠ 3♦=3  PLAYER(L)  | -1,000원 → 121,750원  [start]
H630 | bet   2,000원 PLAYER | P:K♥ 9♣=9  B:K♦ 7♣=7  PLAYER(W)  | +2,000원 → 123,750원  [end_win]
H631 | bet   1,000원 BANKER | P:Q♠ K♥=0  B:6♠ 2♥=8  BANKER(W)  | +950원 → 124,700원
H632 | bet   1,000원 BANKER | P:9♣ 10♠=9  B:9♦ 7♥=6  PLAYER(L)  | -1,000원 → 123,700원  [start]
H633 | bet   2,000원 PLAYER | P:8♣ 7♦ 8♠=3  B:Q♠ 2♥ 2♦=4  BANKER(L)  | -2,000원 → 121,700원
H634 | bet   4,000원 PLAYER | P:9♦ 3♦=2  B:10♣ 9♦=9  BANKER(L)  | -4,000원 → 117,700원
H635 | bet   8,000원 PLAYER | P:J♠ A♠ 3♥=4  B:5♥ 5♣ 7♥=7  BANKER(L)  | -8,000원 → 109,700원
H636 | bet  16,000원 PLAYER | P:J♦ 8♠=8  B:3♥ 8♦=1  PLAYER(W)  | +16,000원 → 125,700원  [end_win]
H637 | bet   1,000원 BANKER | P:J♦ J♣ 6♦=6  B:9♥ 8♣=7  BANKER(W)  | +950원 → 126,650원
H638 | bet   1,000원 BANKER | P:3♣ 9♠ 7♣=9  B:A♦ J♥ Q♠=1  PLAYER(L)  | -1,000원 → 125,650원  [start]
H639 | bet   2,000원 PLAYER | P:K♥ J♣ 2♠=2  B:8♦ 9♣=7  BANKER(L)  | -2,000원 → 123,650원
H640 | bet   4,000원 PLAYER | P:A♣ 8♥=9  B:7♣ K♣=7  PLAYER(W)  | +4,000원 → 127,650원  [end_win]
H641 | bet   1,000원 BANKER | P:Q♣ 6♠=6  B:2♣ 9♦ 6♦=7  BANKER(W)  | +950원 → 128,600원
H642 | bet   1,000원 BANKER | P:7♣ 10♠=7  B:9♥ 5♦ A♦=5  PLAYER(L)  | -1,000원 → 127,600원  [start]
H643 | bet   2,000원 PLAYER | P:J♦ 3♦ 9♣=2  B:10♥ 5♥=5  BANKER(L)  | -2,000원 → 125,600원
H644 | bet   4,000원 PLAYER | P:7♥ 5♦ Q♦=2  B:5♠ 8♥ 4♣=7  BANKER(L)  | -4,000원 → 121,600원
H645 | bet   8,000원 PLAYER | P:A♦ J♥ 8♥=9  B:10♠ 5♠=5  PLAYER(W)  | +8,000원 → 129,600원  [end_win]
H646 | bet   1,000원 BANKER | P:Q♣ A♣ 2♠=3  B:6♠ 4♥ 2♣=2  PLAYER(L)  | -1,000원 → 128,600원  [start]
H647 | bet   2,000원 PLAYER | P:K♠ J♥ A♠=1  B:3♠ J♠ 5♠=8  BANKER(L)  | -2,000원 → 126,600원
H648 | bet   4,000원 PLAYER | P:9♦ J♥=9  B:8♠ 4♠=2  PLAYER(W)  | +4,000원 → 130,600원  [end_win]
H649 | bet   1,000원 BANKER | P:6♣ K♠=6  B:4♥ J♠ 8♥=2  PLAYER(L)  | -1,000원 → 129,600원  [start]
H650 | bet   2,000원 PLAYER | P:5♠ Q♠ 4♣=9  B:8♠ 4♦ 7♠=9  TIE(T)  |     0원 → 129,600원
H651 | bet   2,000원 PLAYER | P:10♦ K♥=0  B:3♠ 5♣=8  BANKER(L)  | -2,000원 → 127,600원
H652 | bet   4,000원 PLAYER | P:2♦ 2♦ 6♣=0  B:K♠ 4♣ K♣=4  BANKER(L)  | -4,000원 → 123,600원
H653 | bet   8,000원 PLAYER | P:Q♦ 5♦ 3♥=8  B:5♠ 9♦ Q♦=4  PLAYER(W)  | +8,000원 → 131,600원  [end_win]
H654 | bet   1,000원 BANKER | P:K♦ A♦ 5♣=6  B:7♣ 7♠ J♣=4  PLAYER(L)  | -1,000원 → 130,600원  [start]
H655 | bet   2,000원 PLAYER | P:6♠ 9♠ 10♣=5  B:J♥ Q♥ 7♥=7  BANKER(L)  | -2,000원 → 128,600원
H656 | bet   4,000원 PLAYER | P:K♥ Q♦ 2♣=2  B:10♠ 6♣=6  BANKER(L)  | -4,000원 → 124,600원
H657 | bet   8,000원 PLAYER | P:Q♠ 8♠=8  B:3♣ 7♣=0  PLAYER(W)  | +8,000원 → 132,600원  [end_win]
H658 | bet   1,000원 BANKER | P:2♣ 9♦=1  B:7♦ A♥=8  BANKER(W)  | +950원 → 133,550원
H659 | bet   1,000원 BANKER | P:K♥ 2♠ 4♥=6  B:6♥ J♥=6  TIE(T)  |     0원 → 133,550원
H660 | bet   1,000원 BANKER | P:2♣ A♠ A♠=4  B:4♣ J♠=4  TIE(T)  |     0원 → 133,550원
H661 | bet   1,000원 BANKER | P:K♦ 8♣=8  B:3♠ 9♠=2  PLAYER(L)  | -1,000원 → 132,550원  [start]
H662 | bet   2,000원 PLAYER | P:8♠ 5♦=3  B:8♥ 10♥=8  BANKER(L)  | -2,000원 → 130,550원
H663 | bet   4,000원 PLAYER | P:6♥ Q♣=6  B:6♣ 7♥ 3♣=6  TIE(T)  |     0원 → 130,550원
H664 | bet   4,000원 PLAYER | P:10♣ 8♦=8  B:9♥ 9♥=8  TIE(T)  |     0원 → 130,550원
H665 | bet   4,000원 PLAYER | P:4♦ Q♣ 2♦=6  B:6♠ 4♥ 10♠=0  PLAYER(W)  | +4,000원 → 134,550원  [end_win]
H666 | bet   1,000원 BANKER | P:7♦ J♠=7  B:5♥ 10♠ 2♦=7  TIE(T)  |     0원 → 134,550원
H667 | bet   1,000원 BANKER | P:5♣ 6♠ 5♥=6  B:9♣ 3♣ 9♦=1  PLAYER(L)  | -1,000원 → 133,550원  [start]
H668 | bet   2,000원 PLAYER | P:8♠ 4♥ 4♣=6  B:J♥ A♣ 3♦=4  PLAYER(W)  | +2,000원 → 135,550원  [end_win]
H669 | bet   1,000원 BANKER | P:5♣ 10♦ 2♠=7  B:4♠ K♦ 2♦=6  PLAYER(L)  | -1,000원 → 134,550원  [start]
H670 | bet   2,000원 PLAYER | P:7♥ 6♦ 5♣=8  B:Q♦ 3♥ 8♦=1  PLAYER(W)  | +2,000원 → 136,550원  [end_win]
H671 | bet   1,000원 BANKER | P:A♥ J♠ 8♥=9  B:6♥ J♣=6  PLAYER(L)  | -1,000원 → 135,550원  [start]
H672 | bet   2,000원 PLAYER | P:10♦ K♠ 9♦=9  B:6♠ 7♣ 4♦=7  PLAYER(W)  | +2,000원 → 137,550원  [end_win]
H673 | bet   1,000원 BANKER | P:4♥ 5♠=9  B:9♠ 6♦=5  PLAYER(L)  | -1,000원 → 136,550원  [start]
H674 | bet   2,000원 PLAYER | P:10♥ 8♣=8  B:6♦ J♣=6  PLAYER(W)  | +2,000원 → 138,550원  [end_win]
H675 | bet   1,000원 BANKER | P:9♥ 5♥=4  B:Q♠ 9♣=9  BANKER(W)  | +950원 → 139,500원
H676 | bet   1,000원 BANKER | P:9♥ J♥=9  B:5♠ 10♠=5  PLAYER(L)  | -1,000원 → 138,500원  [start]
H677 | bet   2,000원 PLAYER | P:5♠ K♠ A♣=6  B:Q♥ A♦ 2♠=3  PLAYER(W)  | +2,000원 → 140,500원  [end_win]
H678 | bet   1,000원 BANKER | P:Q♣ 10♦ Q♣=0  B:9♠ 4♦ 9♥=2  BANKER(W)  | +950원 → 141,450원
H679 | bet   1,000원 BANKER | P:10♣ 4♣ 3♣=7  B:7♣ 3♠ 9♥=9  BANKER(W)  | +950원 → 142,400원
H680 | bet   1,000원 BANKER | P:A♥ J♦ A♣=2  B:7♠ J♠=7  BANKER(W)  | +950원 → 143,350원
H681 | bet   1,000원 BANKER | P:8♠ 5♥ 7♠=0  B:9♣ 7♦ 5♦=1  BANKER(W)  | +950원 → 144,300원
H682 | bet   1,000원 BANKER | P:6♣ K♠=6  B:3♥ 6♦=9  BANKER(W)  | +950원 → 145,250원
H683 | bet   1,000원 BANKER | P:10♥ 9♣=9  B:5♦ 2♠=7  PLAYER(L)  | -1,000원 → 144,250원  [start]
H684 | bet   2,000원 PLAYER | P:2♠ 10♦ 7♥=9  B:A♠ 10♣ 8♠=9  TIE(T)  |     0원 → 144,250원
H685 | bet   2,000원 PLAYER | P:A♥ 10♦=1  B:6♠ 3♣=9  BANKER(L)  | -2,000원 → 142,250원
H686 | bet   4,000원 PLAYER | P:8♣ A♠=9  B:2♣ 6♠=8  PLAYER(W)  | +4,000원 → 146,250원  [end_win]
H687 | bet   1,000원 BANKER | P:K♥ 5♦ 8♦=3  B:4♠ 10♣=4  BANKER(W)  | +950원 → 147,200원
H688 | bet   1,000원 BANKER | P:Q♣ 4♦ Q♥=4  B:6♥ K♦=6  BANKER(W)  | +950원 → 148,150원
H689 | bet   1,000원 BANKER | P:8♦ 4♠ 4♣=6  B:A♥ 2♥ A♦=4  PLAYER(L)  | -1,000원 → 147,150원  [start]
H690 | bet   2,000원 PLAYER | P:2♥ J♥ 4♠=6  B:4♣ 10♣ 8♦=2  PLAYER(W)  | +2,000원 → 149,150원  [end_win]
H691 | bet   1,000원 BANKER | P:2♥ 3♦=5  B:K♣ 8♣=8  BANKER(W)  | +950원 → 150,100원
H692 | bet   1,000원 BANKER | P:5♥ 6♥=1  B:7♦ 2♥=9  BANKER(W)  | +950원 → 151,050원
H693 | bet   1,000원 BANKER | P:Q♣ 7♣=7  B:5♦ K♣ Q♦=5  PLAYER(L)  | -1,000원 → 150,050원  [start]
H694 | bet   2,000원 PLAYER | P:J♠ 6♣=6  B:J♣ 7♥=7  BANKER(L)  | -2,000원 → 148,050원
H695 | bet   4,000원 PLAYER | P:A♦ 5♣=6  B:4♠ 9♦ 9♠=2  PLAYER(W)  | +4,000원 → 152,050원  [end_win]
H696 | bet   1,000원 BANKER | P:2♦ 3♠ 7♠=2  B:A♠ Q♥ 5♥=6  BANKER(W)  | +950원 → 153,000원
H697 | bet   1,000원 BANKER | P:2♠ 8♥ 7♦=7  B:K♥ A♦ 10♠=1  PLAYER(L)  | -1,000원 → 152,000원  [start]
H698 | bet   2,000원 PLAYER | P:Q♥ 8♦=8  B:J♦ 6♠=6  PLAYER(W)  | +2,000원 → 154,000원  [end_win]
H699 | bet   1,000원 BANKER | P:10♣ 3♠ 7♣=0  B:J♦ 5♦ A♠=6  BANKER(W)  | +950원 → 154,950원
H700 | bet   1,000원 BANKER | P:9♣ 8♣=7  B:3♥ K♦ 10♦=3  PLAYER(L)  | -1,000원 → 153,950원  [start]
H701 | bet   2,000원 PLAYER | P:2♣ 7♠=9  B:4♥ Q♠=4  PLAYER(W)  | +2,000원 → 155,950원  [end_win]
H702 | bet   1,000원 BANKER | P:9♠ A♠ A♣=1  B:5♣ 8♥ J♣=3  BANKER(W)  | +950원 → 156,900원
H703 | bet   1,000원 BANKER | P:J♣ 9♣=9  B:4♥ A♣=5  PLAYER(L)  | -1,000원 → 155,900원  [start]
H704 | bet   2,000원 PLAYER | P:5♠ A♦=6  B:J♥ 3♦ Q♣=3  PLAYER(W)  | +2,000원 → 157,900원  [end_win]
H705 | bet   1,000원 BANKER | P:Q♥ J♦ J♠=0  B:7♠ K♥=7  BANKER(W)  | +950원 → 158,850원
H706 | bet   1,000원 BANKER | P:2♥ 7♠=9  B:10♥ Q♥=0  PLAYER(L)  | -1,000원 → 157,850원  [start]
H707 | bet   2,000원 PLAYER | P:7♦ Q♦=7  B:8♠ 5♠ 6♥=9  BANKER(L)  | -2,000원 → 155,850원
H708 | bet   4,000원 PLAYER | P:K♥ 9♦=9  B:3♠ J♥=3  PLAYER(W)  | +4,000원 → 159,850원  [end_win]
H709 | bet   1,000원 BANKER | P:3♥ A♦ 3♦=7  B:2♠ 8♣ 2♣=2  PLAYER(L)  | -1,000원 → 158,850원  [start]
H710 | bet   2,000원 PLAYER | P:K♦ 3♠ 8♥=1  B:6♣ 8♦=4  BANKER(L)  | -2,000원 → 156,850원
H711 | bet   4,000원 PLAYER | P:9♣ 4♣ 10♦=3  B:2♥ K♥ 4♦=6  BANKER(L)  | -4,000원 → 152,850원
H712 | bet   8,000원 PLAYER | P:4♥ K♣ K♦=4  B:5♣ J♦=5  BANKER(L)  | -8,000원 → 144,850원
H713 | bet  16,000원 PLAYER | P:6♥ 4♥ 8♥=8  B:10♥ Q♠ 2♦=2  PLAYER(W)  | +16,000원 → 160,850원  [end_win]
H714 | bet   1,000원 BANKER | P:3♦ 7♣=0  B:9♥ K♣=9  BANKER(W)  | +950원 → 161,800원
H715 | bet   1,000원 BANKER | P:8♥ 9♥=7  B:4♠ J♣ A♥=5  PLAYER(L)  | -1,000원 → 160,800원  [start]
H716 | bet   2,000원 PLAYER | P:J♦ 9♠=9  B:A♠ 9♦=0  PLAYER(W)  | +2,000원 → 162,800원  [end_win]
H717 | bet   1,000원 BANKER | P:8♣ Q♠=8  B:4♦ 2♦=6  PLAYER(L)  | -1,000원 → 161,800원  [start]
H718 | bet   2,000원 PLAYER | P:4♠ Q♠ 7♦=1  B:J♦ 10♠ Q♠=0  PLAYER(W)  | +2,000원 → 163,800원  [end_win]
H719 | bet   1,000원 BANKER | P:J♠ 7♥=7  B:2♥ A♣ K♠=3  PLAYER(L)  | -1,000원 → 162,800원  [start]
H720 | bet   2,000원 PLAYER | P:4♠ 8♦ 6♣=8  B:8♣ 3♠ 3♥=4  PLAYER(W)  | +2,000원 → 164,800원  [end_win]
H721 | bet   1,000원 BANKER | P:Q♦ 7♠=7  B:A♥ K♣ K♠=1  PLAYER(L)  | -1,000원 → 163,800원  [start]
H722 | bet   2,000원 PLAYER | P:7♥ 3♣ 10♠=0  B:4♦ 10♥=4  BANKER(L)  | -2,000원 → 161,800원
H723 | bet   4,000원 PLAYER | P:6♦ Q♠=6  B:J♣ 2♠ 4♣=6  TIE(T)  |     0원 → 161,800원
H724 | bet   4,000원 PLAYER | P:9♦ 3♥ Q♣=2  B:K♦ A♥ A♣=2  TIE(T)  |     0원 → 161,800원
H725 | bet   4,000원 PLAYER | P:Q♥ 8♥=8  B:K♠ J♠=0  PLAYER(W)  | +4,000원 → 165,800원  [end_win]
H726 | bet   1,000원 BANKER | P:J♥ 7♥=7  B:5♦ 3♥=8  BANKER(W)  | +950원 → 166,750원
H727 | bet   1,000원 BANKER | P:J♦ 5♠ 2♣=7  B:3♣ 3♦=6  PLAYER(L)  | -1,000원 → 165,750원  [start]
H728 | bet   2,000원 PLAYER | P:9♠ Q♦=9  B:3♦ 5♥=8  PLAYER(W)  | +2,000원 → 167,750원  [end_win]
H729 | bet   1,000원 BANKER | P:6♦ 5♥ 3♦=4  B:10♠ 4♦ 10♥=4  TIE(T)  |     0원 → 167,750원
H730 | bet   1,000원 BANKER | P:6♥ 6♣ K♠=2  B:9♣ 8♠=7  BANKER(W)  | +950원 → 168,700원
H731 | bet   1,000원 BANKER | P:K♣ 3♣ 6♦=9  B:10♥ 5♠ A♣=6  PLAYER(L)  | -1,000원 → 167,700원  [start]
H732 | bet   2,000원 PLAYER | P:2♣ 2♦ Q♦=4  B:9♥ A♥ A♠=1  PLAYER(W)  | +2,000원 → 169,700원  [end_win]
H733 | bet   1,000원 BANKER | P:A♣ 7♦=8  B:2♥ 10♦=2  PLAYER(L)  | -1,000원 → 168,700원  [start]
H734 | bet   2,000원 PLAYER | P:J♠ 4♥ K♣=4  B:5♠ K♦=5  BANKER(L)  | -2,000원 → 166,700원
H735 | bet   4,000원 PLAYER | P:7♠ 6♣ 7♦=0  B:8♣ 3♠ 7♥=8  BANKER(L)  | -4,000원 → 162,700원
H736 | bet   8,000원 PLAYER | P:6♦ 4♠ K♠=0  B:9♣ 6♠=5  BANKER(L)  | -8,000원 → 154,700원
H737 | bet  16,000원 PLAYER | P:9♥ 3♦ 5♣=7  B:9♠ 4♣ J♣=3  PLAYER(W)  | +16,000원 → 170,700원  [end_win]
H738 | bet   1,000원 BANKER | P:4♥ 2♠=6  B:6♣ 8♣ 2♣=6  TIE(T)  |     0원 → 170,700원
H739 | bet   1,000원 BANKER | P:Q♥ A♥ K♦=1  B:9♦ 6♦=5  BANKER(W)  | +950원 → 171,650원
H740 | bet   1,000원 BANKER | P:5♠ 8♠=3  B:8♠ J♥=8  BANKER(W)  | +950원 → 172,600원
H741 | bet   1,000원 BANKER | P:9♥ 8♦=7  B:10♠ 3♠ A♦=4  PLAYER(L)  | -1,000원 → 171,600원  [start]
H742 | bet   2,000원 PLAYER | P:10♦ 6♣=6  B:Q♠ Q♦ 9♠=9  BANKER(L)  | -2,000원 → 169,600원
H743 | bet   4,000원 PLAYER | P:3♣ 2♠ J♠=5  B:A♥ Q♠ 7♥=8  BANKER(L)  | -4,000원 → 165,600원
H744 | bet   8,000원 PLAYER | P:5♠ 2♦=7  B:7♣ 10♣=7  TIE(T)  |     0원 → 165,600원
H745 | bet   8,000원 PLAYER | P:7♦ 10♠=7  B:10♥ 8♠=8  BANKER(L)  | -8,000원 → 157,600원
H746 | bet  16,000원 PLAYER | P:10♠ 4♦ J♣=4  B:5♠ 9♦=4  TIE(T)  |     0원 → 157,600원
H747 | bet  16,000원 PLAYER | P:7♣ A♣=8  B:Q♠ A♠=1  PLAYER(W)  | +16,000원 → 173,600원  [end_win]
H748 | bet   1,000원 BANKER | P:7♣ 7♥ Q♥=4  B:J♣ 2♠ 6♠=8  BANKER(W)  | +950원 → 174,550원
H749 | bet   1,000원 BANKER | P:6♥ J♦=6  B:7♣ 10♠=7  BANKER(W)  | +950원 → 175,500원
H750 | bet   1,000원 BANKER | P:8♠ 5♦ 10♠=3  B:2♣ J♠ 4♥=6  BANKER(W)  | +950원 → 176,450원
H751 | bet   1,000원 BANKER | P:Q♥ Q♦=0  B:4♣ 5♣=9  BANKER(W)  | +950원 → 177,400원
H752 | bet   1,000원 BANKER | P:Q♦ Q♥=0  B:8♦ A♦=9  BANKER(W)  | +950원 → 178,350원
H753 | bet   1,000원 BANKER | P:5♣ K♥=5  B:Q♣ 9♥=9  BANKER(W)  | +950원 → 179,300원
H754 | bet   1,000원 BANKER | P:K♥ 6♥=6  B:8♦ A♥=9  BANKER(W)  | +950원 → 180,250원
H755 | bet   1,000원 BANKER | P:5♠ 6♥=1  B:6♦ 3♠=9  BANKER(W)  | +950원 → 181,200원
H756 | bet   1,000원 BANKER | P:9♠ 8♣=7  B:5♣ 3♥=8  BANKER(W)  | +950원 → 182,150원
H757 | bet   1,000원 BANKER | P:9♣ 5♥ Q♣=4  B:9♦ 5♥=4  TIE(T)  |     0원 → 182,150원
H758 | bet   1,000원 BANKER | P:7♠ 4♠ 10♥=1  B:J♥ A♠ 4♣=5  BANKER(W)  | +950원 → 183,100원
H759 | bet   1,000원 BANKER | P:8♥ 9♦=7  B:5♠ 7♦ K♥=2  PLAYER(L)  | -1,000원 → 182,100원  [start]
H760 | bet   2,000원 PLAYER | P:3♣ 9♣ 9♣=1  B:10♥ 6♦=6  BANKER(L)  | -2,000원 → 180,100원
H761 | bet   4,000원 PLAYER | P:8♥ 5♦ 2♥=5  B:A♣ 5♥=6  BANKER(L)  | -4,000원 → 176,100원
H762 | bet   8,000원 PLAYER | P:K♥ A♥ 10♠=1  B:10♣ 10♣ 4♥=4  BANKER(L)  | -8,000원 → 168,100원
H763 | bet  16,000원 PLAYER | P:K♦ Q♣ K♦=0  B:3♦ Q♠ 9♥=2  BANKER(L)  | -16,000원 → 152,100원  [end_giveup]
H764 | bet   1,000원 BANKER | P:10♠ 2♦ K♠=2  B:3♣ A♦=4  BANKER(W)  | +950원 → 153,050원
H765 | bet   1,000원 BANKER | P:3♠ 6♣=9  B:8♥ J♦=8  PLAYER(L)  | -1,000원 → 152,050원  [start]
H766 | bet   2,000원 PLAYER | P:J♦ 6♣=6  B:5♣ J♠ A♦=6  TIE(T)  |     0원 → 152,050원
H767 | bet   2,000원 PLAYER | P:Q♠ 5♦ J♦=5  B:J♠ 6♣=6  BANKER(L)  | -2,000원 → 150,050원
H768 | bet   4,000원 PLAYER | P:Q♣ K♠ 2♠=2  B:J♥ 2♠ 6♥=8  BANKER(L)  | -4,000원 → 146,050원
H769 | bet   8,000원 PLAYER | P:K♥ 10♦=0  B:A♦ 7♥=8  BANKER(L)  | -8,000원 → 138,050원
H770 | bet  16,000원 PLAYER | P:2♥ 8♦ 5♦=5  B:K♦ 4♦ 7♣=1  PLAYER(W)  | +16,000원 → 154,050원  [end_win]
H771 | bet   1,000원 BANKER | P:3♣ 8♠ J♣=1  B:5♦ 2♥=7  BANKER(W)  | +950원 → 155,000원
H772 | bet   1,000원 BANKER | P:4♦ 3♣=7  B:Q♦ 6♠=6  PLAYER(L)  | -1,000원 → 154,000원  [start]
H773 | bet   2,000원 PLAYER | P:3♣ 3♥=6  B:K♥ A♣ A♥=2  PLAYER(W)  | +2,000원 → 156,000원  [end_win]
H774 | bet   1,000원 BANKER | P:4♠ 8♦ 7♥=9  B:K♣ 6♣ 7♣=3  PLAYER(L)  | -1,000원 → 155,000원  [start]
H775 | bet   2,000원 PLAYER | P:10♣ 8♣=8  B:4♦ 3♠=7  PLAYER(W)  | +2,000원 → 157,000원  [end_win]
H776 | bet   1,000원 BANKER | P:9♦ Q♠=9  B:J♦ K♣=0  PLAYER(L)  | -1,000원 → 156,000원  [start]
H777 | bet   2,000원 PLAYER | P:J♦ A♣ K♣=1  B:A♣ A♦ 2♦=4  BANKER(L)  | -2,000원 → 154,000원
H778 | bet   4,000원 PLAYER | P:6♣ 7♦=3  B:8♠ J♥=8  BANKER(L)  | -4,000원 → 150,000원
H779 | bet   8,000원 PLAYER | P:8♥ 9♠=7  B:5♥ 10♦ 3♦=8  BANKER(L)  | -8,000원 → 142,000원
H780 | bet  16,000원 PLAYER | P:5♠ Q♠ 3♦=8  B:K♣ 2♦ K♣=2  PLAYER(W)  | +16,000원 → 158,000원  [end_win]
H781 | bet   1,000원 BANKER | P:10♦ 7♥=7  B:K♠ A♦ 10♣=1  PLAYER(L)  | -1,000원 → 157,000원  [start]
H782 | bet   2,000원 PLAYER | P:4♦ 4♣=8  B:6♠ 8♣=4  PLAYER(W)  | +2,000원 → 159,000원  [end_win]
H783 | bet   1,000원 BANKER | P:7♦ J♠=7  B:10♥ Q♦ 4♥=4  PLAYER(L)  | -1,000원 → 158,000원  [start]
H784 | bet   2,000원 PLAYER | P:A♣ Q♥ 6♠=7  B:8♣ 7♠ 4♠=9  BANKER(L)  | -2,000원 → 156,000원
H785 | bet   4,000원 PLAYER | P:3♥ 9♥ 2♦=4  B:4♣ Q♥ 3♣=7  BANKER(L)  | -4,000원 → 152,000원
H786 | bet   8,000원 PLAYER | P:Q♣ 7♦=7  B:5♣ 5♠ 3♦=3  PLAYER(W)  | +8,000원 → 160,000원  [end_win]
H787 | bet   1,000원 BANKER | P:9♥ J♥=9  B:2♠ 10♣=2  PLAYER(L)  | -1,000원 → 159,000원  [start]
H788 | bet   2,000원 PLAYER | P:7♣ 3♥ 2♦=2  B:9♦ 3♦ 7♣=9  BANKER(L)  | -2,000원 → 157,000원
H789 | bet   4,000원 PLAYER | P:Q♠ 9♣=9  B:5♦ 3♠=8  PLAYER(W)  | +4,000원 → 161,000원  [end_win]
H790 | bet   1,000원 BANKER | P:3♣ 2♠ 10♠=5  B:2♣ 4♣=6  BANKER(W)  | +950원 → 161,950원
H791 | bet   1,000원 BANKER | P:8♣ 7♠ 9♥=4  B:10♣ J♣ J♣=0  PLAYER(L)  | -1,000원 → 160,950원  [start]
H792 | bet   2,000원 PLAYER | P:J♣ 3♠ 9♠=2  B:6♦ 8♦=4  BANKER(L)  | -2,000원 → 158,950원
H793 | bet   4,000원 PLAYER | P:5♣ 2♥=7  B:J♦ 4♥ 5♥=9  BANKER(L)  | -4,000원 → 154,950원
H794 | bet   8,000원 PLAYER | P:10♥ A♥ 9♠=0  B:8♦ 9♦=7  BANKER(L)  | -8,000원 → 146,950원
H795 | bet  16,000원 PLAYER | P:7♠ 8♦ 6♠=1  B:K♣ 6♥ 10♥=6  BANKER(L)  | -16,000원 → 130,950원  [end_giveup]
H796 | bet   1,000원 BANKER | P:Q♣ 4♠ 10♦=4  B:9♠ 2♦ A♠=2  PLAYER(L)  | -1,000원 → 129,950원  [start]
H797 | bet   2,000원 PLAYER | P:8♠ A♠=9  B:7♠ 3♥=0  PLAYER(W)  | +2,000원 → 131,950원  [end_win]
H798 | bet   1,000원 BANKER | P:3♥ 8♥ 8♥=9  B:J♦ A♥ 2♠=3  PLAYER(L)  | -1,000원 → 130,950원  [start]
H799 | bet   2,000원 PLAYER | P:5♦ 6♥ 10♥=1  B:6♥ 6♥ 6♠=8  BANKER(L)  | -2,000원 → 128,950원
H800 | bet   4,000원 PLAYER | P:2♥ 4♣=6  B:5♥ 4♣=9  BANKER(L)  | -4,000원 → 124,950원
H801 | bet   8,000원 PLAYER | P:2♥ 10♣=2  B:K♥ 8♥=8  BANKER(L)  | -8,000원 → 116,950원
H802 | bet  16,000원 PLAYER | P:8♥ K♠=8  B:Q♣ A♠=1  PLAYER(W)  | +16,000원 → 132,950원  [end_win]
H803 | bet   1,000원 BANKER | P:4♥ 4♦=8  B:K♦ Q♦=0  PLAYER(L)  | -1,000원 → 131,950원  [start]
H804 | bet   2,000원 PLAYER | P:J♠ K♠ 7♠=7  B:3♦ K♠ 3♠=6  PLAYER(W)  | +2,000원 → 133,950원  [end_win]
H805 | bet   1,000원 BANKER | P:7♥ K♦=7  B:A♣ Q♦ 2♣=3  PLAYER(L)  | -1,000원 → 132,950원  [start]
H806 | bet   2,000원 PLAYER | P:A♦ 9♦=0  B:5♥ 3♥=8  BANKER(L)  | -2,000원 → 130,950원
H807 | bet   4,000원 PLAYER | P:10♦ K♥ 9♠=9  B:J♠ K♠ K♦=0  PLAYER(W)  | +4,000원 → 134,950원  [end_win]
H808 | bet   1,000원 BANKER | P:5♣ A♠=6  B:Q♥ 6♦=6  TIE(T)  |     0원 → 134,950원
H809 | bet   1,000원 BANKER | P:10♥ 2♣=2  B:4♥ 5♥=9  BANKER(W)  | +950원 → 135,900원
H810 | bet   1,000원 BANKER | P:J♥ 4♠ 4♠=8  B:A♠ K♣ J♣=1  PLAYER(L)  | -1,000원 → 134,900원  [start]
H811 | bet   2,000원 PLAYER | P:9♣ 10♦=9  B:8♠ 4♦=2  PLAYER(W)  | +2,000원 → 136,900원  [end_win]
H812 | bet   1,000원 BANKER | P:6♦ J♥=6  B:4♦ 7♦ Q♥=1  PLAYER(L)  | -1,000원 → 135,900원  [start]
H813 | bet   2,000원 PLAYER | P:3♥ 8♣ 5♦=6  B:2♣ Q♣ 6♦=8  BANKER(L)  | -2,000원 → 133,900원
H814 | bet   4,000원 PLAYER | P:2♣ K♣ K♦=2  B:K♣ 4♥=4  BANKER(L)  | -4,000원 → 129,900원
H815 | bet   8,000원 PLAYER | P:Q♠ J♥ 3♠=3  B:7♠ 8♣=5  BANKER(L)  | -8,000원 → 121,900원
H816 | bet  16,000원 PLAYER | P:6♥ 3♠=9  B:9♥ 4♠=3  PLAYER(W)  | +16,000원 → 137,900원  [end_win]
H817 | bet   1,000원 BANKER | P:A♦ 7♥=8  B:Q♥ 5♦=5  PLAYER(L)  | -1,000원 → 136,900원  [start]
H818 | bet   2,000원 PLAYER | P:2♠ 9♣=1  B:4♠ 4♦=8  BANKER(L)  | -2,000원 → 134,900원
H819 | bet   4,000원 PLAYER | P:6♠ 9♦=5  B:2♣ 7♣=9  BANKER(L)  | -4,000원 → 130,900원
H820 | bet   8,000원 PLAYER | P:6♥ K♦=6  B:10♣ 7♦=7  BANKER(L)  | -8,000원 → 122,900원
H821 | bet  16,000원 PLAYER | P:Q♥ 3♥ A♠=4  B:10♦ K♦ 2♠=2  PLAYER(W)  | +16,000원 → 138,900원  [end_win]
H822 | bet   1,000원 BANKER | P:7♣ 10♥=7  B:A♦ 3♠ 8♣=2  PLAYER(L)  | -1,000원 → 137,900원  [start]
H823 | bet   2,000원 PLAYER | P:6♠ 8♦=4  B:Q♦ 8♣=8  BANKER(L)  | -2,000원 → 135,900원
H824 | bet   4,000원 PLAYER | P:A♣ 4♥ J♣=5  B:10♠ 5♥=5  TIE(T)  |     0원 → 135,900원
H825 | bet   4,000원 PLAYER | P:7♥ K♣=7  B:J♦ 2♦ Q♠=2  PLAYER(W)  | +4,000원 → 139,900원  [end_win]
H826 | bet   1,000원 BANKER | P:6♣ 5♠=1  B:9♣ Q♦=9  BANKER(W)  | +950원 → 140,850원
H827 | bet   1,000원 BANKER | P:3♥ A♥ 10♣=4  B:J♠ 4♥=4  TIE(T)  |     0원 → 140,850원
H828 | bet   1,000원 BANKER | P:A♠ 9♦ Q♠=0  B:7♣ 3♣ 10♦=0  TIE(T)  |     0원 → 140,850원
H829 | bet   1,000원 BANKER | P:8♠ 8♣=6  B:Q♥ 4♥ J♠=4  PLAYER(L)  | -1,000원 → 139,850원  [start]
H830 | bet   2,000원 PLAYER | P:9♠ 9♣=8  B:3♠ Q♣=3  PLAYER(W)  | +2,000원 → 141,850원  [end_win]
H831 | bet   1,000원 BANKER | P:9♠ 6♠ 6♣=1  B:J♠ K♥ 10♠=0  PLAYER(L)  | -1,000원 → 140,850원  [start]
H832 | bet   2,000원 PLAYER | P:J♦ 6♦=6  B:J♥ 10♦ 7♦=7  BANKER(L)  | -2,000원 → 138,850원
H833 | bet   4,000원 PLAYER | P:4♠ 3♣=7  B:5♣ A♥=6  PLAYER(W)  | +4,000원 → 142,850원  [end_win]
H834 | bet   1,000원 BANKER | P:5♥ 6♠=1  B:4♦ 4♦=8  BANKER(W)  | +950원 → 143,800원
H835 | bet   1,000원 BANKER | P:2♦ 10♣ J♠=2  B:10♥ 10♣ 5♣=5  BANKER(W)  | +950원 → 144,750원
H836 | bet   1,000원 BANKER | P:A♠ 4♠=5  B:2♣ 7♠=9  BANKER(W)  | +950원 → 145,700원
H837 | bet   1,000원 BANKER | P:5♣ J♣ 9♠=4  B:7♠ 8♠=5  BANKER(W)  | +950원 → 146,650원
H838 | bet   1,000원 BANKER | P:5♥ 9♠ 6♦=0  B:5♠ 7♥ 8♥=0  TIE(T)  |     0원 → 146,650원
H839 | bet   1,000원 BANKER | P:J♥ K♦ K♣=0  B:7♥ 9♠=6  BANKER(W)  | +950원 → 147,600원
H840 | bet   1,000원 BANKER | P:7♣ A♠=8  B:K♠ 2♦=2  PLAYER(L)  | -1,000원 → 146,600원  [start]
H841 | bet   2,000원 PLAYER | P:3♦ A♣ 4♠=8  B:7♥ 4♣ 3♥=4  PLAYER(W)  | +2,000원 → 148,600원  [end_win]
H842 | bet   1,000원 BANKER | P:K♥ 8♥=8  B:2♥ 6♥=8  TIE(T)  |     0원 → 148,600원
H843 | bet   1,000원 BANKER | P:7♦ 4♣ K♣=1  B:10♣ 3♥ 8♥=1  TIE(T)  |     0원 → 148,600원
H844 | bet   1,000원 BANKER | P:3♦ 5♦=8  B:Q♥ A♦=1  PLAYER(L)  | -1,000원 → 147,600원  [start]
H845 | bet   2,000원 PLAYER | P:2♦ Q♦ 8♣=0  B:10♦ J♣ A♦=1  BANKER(L)  | -2,000원 → 145,600원
H846 | bet   4,000원 PLAYER | P:8♦ J♣=8  B:9♥ 3♦=2  PLAYER(W)  | +4,000원 → 149,600원  [end_win]
H847 | bet   1,000원 BANKER | P:A♣ 10♥=1  B:2♦ 7♠=9  BANKER(W)  | +950원 → 150,550원
H848 | bet   1,000원 BANKER | P:J♥ J♥ 4♣=4  B:A♥ Q♣ 7♦=8  BANKER(W)  | +950원 → 151,500원
H849 | bet   1,000원 BANKER | P:2♣ 2♠ 2♦=6  B:9♣ 6♥=5  PLAYER(L)  | -1,000원 → 150,500원  [start]
H850 | bet   2,000원 PLAYER | P:4♣ 6♣ K♦=0  B:J♠ A♥ J♣=1  BANKER(L)  | -2,000원 → 148,500원
H851 | bet   4,000원 PLAYER | P:8♦ 5♦ 4♣=7  B:8♥ 4♥ K♠=2  PLAYER(W)  | +4,000원 → 152,500원  [end_win]
H852 | bet   1,000원 BANKER | P:J♦ 2♥ 5♦=7  B:3♦ 3♠=6  PLAYER(L)  | -1,000원 → 151,500원  [start]
H853 | bet   2,000원 PLAYER | P:5♣ 6♦ 4♦=5  B:4♦ A♥ A♠=6  BANKER(L)  | -2,000원 → 149,500원
H854 | bet   4,000원 PLAYER | P:Q♥ 2♠ A♦=3  B:7♣ 7♦=4  BANKER(L)  | -4,000원 → 145,500원
H855 | bet   8,000원 PLAYER | P:K♣ 9♥=9  B:3♣ 9♣=2  PLAYER(W)  | +8,000원 → 153,500원  [end_win]
H856 | bet   1,000원 BANKER | P:Q♦ 8♠=8  B:2♠ A♦=3  PLAYER(L)  | -1,000원 → 152,500원  [start]
H857 | bet   2,000원 PLAYER | P:9♥ K♠=9  B:4♣ K♥=4  PLAYER(W)  | +2,000원 → 154,500원  [end_win]
H858 | bet   1,000원 BANKER | P:10♦ 6♥=6  B:9♦ A♠ 4♥=4  PLAYER(L)  | -1,000원 → 153,500원  [start]
H859 | bet   2,000원 PLAYER | P:4♥ A♣ 8♠=3  B:6♣ A♣=7  BANKER(L)  | -2,000원 → 151,500원
H860 | bet   4,000원 PLAYER | P:10♥ 5♠ A♠=6  B:10♣ Q♦ Q♠=0  PLAYER(W)  | +4,000원 → 155,500원  [end_win]
H861 | bet   1,000원 BANKER | P:3♦ Q♣ J♣=3  B:2♣ Q♦ 10♠=2  PLAYER(L)  | -1,000원 → 154,500원  [start]
H862 | bet   2,000원 PLAYER | P:3♣ 2♦ 6♣=1  B:4♥ 8♦ Q♠=2  BANKER(L)  | -2,000원 → 152,500원
H863 | bet   4,000원 PLAYER | P:8♣ 5♦ 3♣=6  B:9♣ 2♣ 6♦=7  BANKER(L)  | -4,000원 → 148,500원
H864 | bet   8,000원 PLAYER | P:K♠ 8♥=8  B:K♦ 2♣=2  PLAYER(W)  | +8,000원 → 156,500원  [end_win]
H865 | bet   1,000원 BANKER | P:9♠ 2♠ 3♥=4  B:10♠ 10♣ J♣=0  PLAYER(L)  | -1,000원 → 155,500원  [start]
H866 | bet   2,000원 PLAYER | P:6♠ 3♦=9  B:A♣ Q♥=1  PLAYER(W)  | +2,000원 → 157,500원  [end_win]
H867 | bet   1,000원 BANKER | P:6♣ A♥=7  B:J♦ 2♥ 2♠=4  PLAYER(L)  | -1,000원 → 156,500원  [start]
H868 | bet   2,000원 PLAYER | P:4♦ 5♥=9  B:7♥ 8♥=5  PLAYER(W)  | +2,000원 → 158,500원  [end_win]
H869 | bet   1,000원 BANKER | P:6♥ 4♣ 8♥=8  B:J♣ K♦ 5♣=5  PLAYER(L)  | -1,000원 → 157,500원  [start]
H870 | bet   2,000원 PLAYER | P:A♣ 3♠ 7♣=1  B:3♥ K♥ 6♠=9  BANKER(L)  | -2,000원 → 155,500원
H871 | bet   4,000원 PLAYER | P:9♥ 6♠ 7♠=2  B:5♦ A♦ 8♦=4  BANKER(L)  | -4,000원 → 151,500원
H872 | bet   8,000원 PLAYER | P:2♥ 2♣ J♦=4  B:Q♥ A♥ 6♣=7  BANKER(L)  | -8,000원 → 143,500원
H873 | bet  16,000원 PLAYER | P:K♠ 10♥ J♥=0  B:10♣ A♠ 10♠=1  BANKER(L)  | -16,000원 → 127,500원  [end_giveup]
H874 | bet   1,000원 BANKER | P:7♠ 7♥ 5♠=9  B:7♠ 6♦ 5♠=8  PLAYER(L)  | -1,000원 → 126,500원  [start]
H875 | bet   2,000원 PLAYER | P:5♥ 8♣ 6♣=9  B:K♣ 7♣=7  PLAYER(W)  | +2,000원 → 128,500원  [end_win]
H876 | bet   1,000원 BANKER | P:K♠ 3♠ 5♥=8  B:8♠ 7♦ 10♥=5  PLAYER(L)  | -1,000원 → 127,500원  [start]
H877 | bet   2,000원 PLAYER | P:5♣ 9♦ Q♦=4  B:9♠ A♦ 4♠=4  TIE(T)  |     0원 → 127,500원
H878 | bet   2,000원 PLAYER | P:Q♣ K♣ 8♦=8  B:4♦ 10♠=4  PLAYER(W)  | +2,000원 → 129,500원  [end_win]
H879 | bet   1,000원 BANKER | P:Q♠ J♦=0  B:9♣ Q♣=9  BANKER(W)  | +950원 → 130,450원
H880 | bet   1,000원 BANKER | P:3♠ 5♠=8  B:9♥ K♦=9  BANKER(W)  | +950원 → 131,400원
H881 | bet   1,000원 BANKER | P:2♥ J♦=2  B:J♥ 8♠=8  BANKER(W)  | +950원 → 132,350원
H882 | bet   1,000원 BANKER | P:9♦ 3♦ Q♣=2  B:10♠ 5♥=5  BANKER(W)  | +950원 → 133,300원
H883 | bet   1,000원 BANKER | P:Q♣ 2♥=2  B:K♠ 9♠=9  BANKER(W)  | +950원 → 134,250원
H884 | bet   1,000원 BANKER | P:4♣ 9♦=3  B:8♣ 10♦=8  BANKER(W)  | +950원 → 135,200원
H885 | bet   1,000원 BANKER | P:Q♠ 3♣ Q♦=3  B:J♠ K♥ 5♣=5  BANKER(W)  | +950원 → 136,150원
H886 | bet   1,000원 BANKER | P:3♣ 8♦ 8♠=9  B:10♦ J♦ A♥=1  PLAYER(L)  | -1,000원 → 135,150원  [start]
H887 | bet   2,000원 PLAYER | P:3♥ 10♦ 5♠=8  B:3♦ 2♦ 7♣=2  PLAYER(W)  | +2,000원 → 137,150원  [end_win]
H888 | bet   1,000원 BANKER | P:K♠ 4♠=4  B:2♥ 7♠=9  BANKER(W)  | +950원 → 138,100원
H889 | bet   1,000원 BANKER | P:J♠ 5♥ K♥=5  B:J♥ 5♠=5  TIE(T)  |     0원 → 138,100원
H890 | bet   1,000원 BANKER | P:5♦ 2♠=7  B:3♥ Q♠ 7♥=0  PLAYER(L)  | -1,000원 → 137,100원  [start]
H891 | bet   2,000원 PLAYER | P:9♥ 9♦=8  B:6♦ 9♣=5  PLAYER(W)  | +2,000원 → 139,100원  [end_win]
H892 | bet   1,000원 BANKER | P:8♥ 6♥ 6♠=0  B:6♦ Q♥ 8♠=4  BANKER(W)  | +950원 → 140,050원
H893 | bet   1,000원 BANKER | P:10♥ 10♥ 4♠=4  B:3♣ A♣ K♥=4  TIE(T)  |     0원 → 140,050원
H894 | bet   1,000원 BANKER | P:7♦ 6♥=3  B:9♦ J♠=9  BANKER(W)  | +950원 → 141,000원
H895 | bet   1,000원 BANKER | P:7♠ K♥=7  B:9♣ K♠=9  BANKER(W)  | +950원 → 141,950원
H896 | bet   1,000원 BANKER | P:8♦ 10♣=8  B:9♠ A♣=0  PLAYER(L)  | -1,000원 → 140,950원  [start]
H897 | bet   2,000원 PLAYER | P:10♠ 6♥=6  B:K♦ 6♠=6  TIE(T)  |     0원 → 140,950원
H898 | bet   2,000원 PLAYER | P:3♥ 5♥=8  B:J♠ 8♣=8  TIE(T)  |     0원 → 140,950원
H899 | bet   2,000원 PLAYER | P:9♠ J♥=9  B:2♦ 6♣=8  PLAYER(W)  | +2,000원 → 142,950원  [end_win]
H900 | bet   1,000원 BANKER | P:9♣ 3♦ A♦=3  B:9♠ 2♠ 9♣=0  PLAYER(L)  | -1,000원 → 141,950원  [start]
H901 | bet   2,000원 PLAYER | P:10♦ 6♦=6  B:5♠ 6♥ 7♣=8  BANKER(L)  | -2,000원 → 139,950원
H902 | bet   4,000원 PLAYER | P:7♣ 5♦ 5♠=7  B:10♣ 5♦ Q♥=5  PLAYER(W)  | +4,000원 → 143,950원  [end_win]
H903 | bet   1,000원 BANKER | P:8♠ Q♥=8  B:2♥ Q♠=2  PLAYER(L)  | -1,000원 → 142,950원  [start]
H904 | bet   2,000원 PLAYER | P:9♦ 8♣=7  B:4♥ Q♥ 7♥=1  PLAYER(W)  | +2,000원 → 144,950원  [end_win]
H905 | bet   1,000원 BANKER | P:10♠ 10♥ J♥=0  B:10♠ 5♦=5  BANKER(W)  | +950원 → 145,900원
H906 | bet   1,000원 BANKER | P:3♥ J♥=3  B:A♥ 7♣=8  BANKER(W)  | +950원 → 146,850원
H907 | bet   1,000원 BANKER | P:4♥ 4♦=8  B:5♦ 10♣=5  PLAYER(L)  | -1,000원 → 145,850원  [start]
H908 | bet   2,000원 PLAYER | P:3♠ Q♦ 9♥=2  B:3♥ 10♦ 8♥=1  PLAYER(W)  | +2,000원 → 147,850원  [end_win]
H909 | bet   1,000원 BANKER | P:5♣ 4♣=9  B:5♠ 10♥=5  PLAYER(L)  | -1,000원 → 146,850원  [start]
H910 | bet   2,000원 PLAYER | P:A♥ 2♦ 4♦=7  B:A♦ A♠ 2♠=4  PLAYER(W)  | +2,000원 → 148,850원  [end_win]
H911 | bet   1,000원 BANKER | P:2♥ J♣ 2♠=4  B:A♠ 2♠ 3♠=6  BANKER(W)  | +950원 → 149,800원
H912 | bet   1,000원 BANKER | P:Q♠ A♦ 4♠=5  B:K♣ J♥ 6♦=6  BANKER(W)  | +950원 → 150,750원
H913 | bet   1,000원 BANKER | P:7♥ K♠=7  B:5♣ 7♥ 4♥=6  PLAYER(L)  | -1,000원 → 149,750원  [start]
H914 | bet   2,000원 PLAYER | P:7♥ 7♠=4  B:4♠ 4♠=8  BANKER(L)  | -2,000원 → 147,750원
H915 | bet   4,000원 PLAYER | P:4♦ 2♦=6  B:2♥ 2♣ 3♣=7  BANKER(L)  | -4,000원 → 143,750원
H916 | bet   8,000원 PLAYER | P:J♣ Q♦ 3♥=3  B:3♦ 2♥=5  BANKER(L)  | -8,000원 → 135,750원
H917 | bet  16,000원 PLAYER | P:6♦ 6♥ A♠=3  B:K♥ 3♠ 5♠=8  BANKER(L)  | -16,000원 → 119,750원  [end_giveup]
H918 | bet   1,000원 BANKER | P:9♣ 3♠=2  B:7♦ A♠=8  BANKER(W)  | +950원 → 120,700원
H919 | bet   1,000원 BANKER | P:9♣ 7♣=6  B:J♦ 7♥=7  BANKER(W)  | +950원 → 121,650원
H920 | bet   1,000원 BANKER | P:8♦ 9♣=7  B:J♦ 5♦ 4♥=9  BANKER(W)  | +950원 → 122,600원
H921 | bet   1,000원 BANKER | P:6♠ 5♣ J♦=1  B:8♣ 8♥=6  BANKER(W)  | +950원 → 123,550원
H922 | bet   1,000원 BANKER | P:2♣ J♥ A♣=3  B:4♦ Q♦=4  BANKER(W)  | +950원 → 124,500원
H923 | bet   1,000원 BANKER | P:K♣ J♣ 5♥=5  B:9♦ 7♠=6  BANKER(W)  | +950원 → 125,450원
H924 | bet   1,000원 BANKER | P:3♥ 6♥=9  B:3♣ 9♥=2  PLAYER(L)  | -1,000원 → 124,450원  [start]
H925 | bet   2,000원 PLAYER | P:Q♥ Q♠ 3♣=3  B:J♣ 6♦=6  BANKER(L)  | -2,000원 → 122,450원
H926 | bet   4,000원 PLAYER | P:K♠ 8♥=8  B:2♦ 8♥=0  PLAYER(W)  | +4,000원 → 126,450원  [end_win]
H927 | bet   1,000원 BANKER | P:6♥ 9♦ J♥=5  B:K♥ 6♠=6  BANKER(W)  | +950원 → 127,400원
H928 | bet   1,000원 BANKER | P:Q♦ 3♣ 8♣=1  B:K♦ 10♠ 6♠=6  BANKER(W)  | +950원 → 128,350원
H929 | bet   1,000원 BANKER | P:Q♠ 5♦ 6♦=1  B:10♣ J♠ 4♣=4  BANKER(W)  | +950원 → 129,300원
H930 | bet   1,000원 BANKER | P:9♠ K♥=9  B:8♦ 4♥=2  PLAYER(L)  | -1,000원 → 128,300원  [start]
H931 | bet   2,000원 PLAYER | P:10♣ 4♣ 5♥=9  B:2♣ K♥ 6♣=8  PLAYER(W)  | +2,000원 → 130,300원  [end_win]
H932 | bet   1,000원 BANKER | P:7♦ 7♦=4  B:A♦ 7♠=8  BANKER(W)  | +950원 → 131,250원
H933 | bet   1,000원 BANKER | P:J♠ 4♦=4  B:5♣ 3♠=8  BANKER(W)  | +950원 → 132,200원
H934 | bet   1,000원 BANKER | P:9♦ 2♠ 5♥=6  B:2♣ Q♦ J♦=2  PLAYER(L)  | -1,000원 → 131,200원  [start]
H935 | bet   2,000원 PLAYER | P:6♠ 8♥ 2♦=6  B:3♦ 3♠=6  TIE(T)  |     0원 → 131,200원
H936 | bet   2,000원 PLAYER | P:10♠ 5♦ K♥=5  B:10♦ 5♠=5  TIE(T)  |     0원 → 131,200원
H937 | bet   2,000원 PLAYER | P:3♥ 9♠ K♥=2  B:3♣ A♣=4  BANKER(L)  | -2,000원 → 129,200원
H938 | bet   4,000원 PLAYER | P:6♥ 4♥=0  B:4♥ 5♥=9  BANKER(L)  | -4,000원 → 125,200원
H939 | bet   8,000원 PLAYER | P:8♣ 8♠=6  B:7♦ A♣=8  BANKER(L)  | -8,000원 → 117,200원
H940 | bet  16,000원 PLAYER | P:4♠ 9♦ J♠=3  B:A♥ 9♠ K♦=0  PLAYER(W)  | +16,000원 → 133,200원  [end_win]
H941 | bet   1,000원 BANKER | P:8♦ A♦=9  B:10♥ 6♦=6  PLAYER(L)  | -1,000원 → 132,200원  [start]
H942 | bet   2,000원 PLAYER | P:8♦ K♠=8  B:4♠ K♦=4  PLAYER(W)  | +2,000원 → 134,200원  [end_win]
H943 | bet   1,000원 BANKER | P:7♠ 7♥ 9♥=3  B:J♦ A♣ 5♥=6  BANKER(W)  | +950원 → 135,150원
H944 | bet   1,000원 BANKER | P:3♦ Q♣ A♣=4  B:2♥ 5♠=7  BANKER(W)  | +950원 → 136,100원
H945 | bet   1,000원 BANKER | P:A♦ 3♥ 5♥=9  B:4♥ 10♣ J♠=4  PLAYER(L)  | -1,000원 → 135,100원  [start]
H946 | bet   2,000원 PLAYER | P:6♣ 9♦ 4♦=9  B:A♠ 3♦ 9♦=3  PLAYER(W)  | +2,000원 → 137,100원  [end_win]
H947 | bet   1,000원 BANKER | P:9♥ A♦ 4♠=4  B:7♦ Q♥=7  BANKER(W)  | +950원 → 138,050원
H948 | bet   1,000원 BANKER | P:10♦ 9♥=9  B:2♥ 10♥=2  PLAYER(L)  | -1,000원 → 137,050원  [start]
H949 | bet   2,000원 PLAYER | P:9♥ 2♣ 2♣=3  B:K♠ 7♠=7  BANKER(L)  | -2,000원 → 135,050원
H950 | bet   4,000원 PLAYER | P:6♥ J♥=6  B:8♠ A♥=9  BANKER(L)  | -4,000원 → 131,050원
H951 | bet   8,000원 PLAYER | P:8♣ 10♦=8  B:K♣ 5♣=5  PLAYER(W)  | +8,000원 → 139,050원  [end_win]
H952 | bet   1,000원 BANKER | P:8♠ 10♦=8  B:5♠ Q♣=5  PLAYER(L)  | -1,000원 → 138,050원  [start]
H953 | bet   2,000원 PLAYER | P:2♥ 3♦ 3♠=8  B:4♣ 10♠ 2♣=6  PLAYER(W)  | +2,000원 → 140,050원  [end_win]
H954 | bet   1,000원 BANKER | P:J♠ 9♠=9  B:2♦ 10♥=2  PLAYER(L)  | -1,000원 → 139,050원  [start]
H955 | bet   2,000원 PLAYER | P:Q♠ 6♠=6  B:K♣ 6♣=6  TIE(T)  |     0원 → 139,050원
H956 | bet   2,000원 PLAYER | P:5♣ K♦ Q♣=5  B:A♣ 6♠=7  BANKER(L)  | -2,000원 → 137,050원
H957 | bet   4,000원 PLAYER | P:6♣ Q♣=6  B:2♠ 7♣=9  BANKER(L)  | -4,000원 → 133,050원
H958 | bet   8,000원 PLAYER | P:6♣ 7♦ K♣=3  B:9♠ 5♠=4  BANKER(L)  | -8,000원 → 125,050원
H959 | bet  16,000원 PLAYER | P:2♠ 4♦=6  B:J♣ J♦ 4♦=4  PLAYER(W)  | +16,000원 → 141,050원  [end_win]
H960 | bet   1,000원 BANKER | P:6♠ 2♦=8  B:J♣ 8♠=8  TIE(T)  |     0원 → 141,050원
H961 | bet   1,000원 BANKER | P:Q♥ 3♣ 2♦=5  B:A♥ A♠ 6♦=8  BANKER(W)  | +950원 → 142,000원
H962 | bet   1,000원 BANKER | P:4♠ K♣ 8♠=2  B:3♦ Q♣=3  BANKER(W)  | +950원 → 142,950원
H963 | bet   1,000원 BANKER | P:8♥ 10♣=8  B:A♥ 8♦=9  BANKER(W)  | +950원 → 143,900원
H964 | bet   1,000원 BANKER | P:Q♣ Q♠ 5♣=5  B:Q♥ 7♥=7  BANKER(W)  | +950원 → 144,850원
H965 | bet   1,000원 BANKER | P:6♣ K♠=6  B:Q♥ 7♥=7  BANKER(W)  | +950원 → 145,800원
H966 | bet   1,000원 BANKER | P:2♣ K♦ Q♦=2  B:K♥ A♠ 9♦=0  PLAYER(L)  | -1,000원 → 144,800원  [start]
H967 | bet   2,000원 PLAYER | P:8♦ J♣=8  B:K♠ 8♠=8  TIE(T)  |     0원 → 144,800원
H968 | bet   2,000원 PLAYER | P:9♣ 3♠ Q♣=2  B:4♣ K♣=4  BANKER(L)  | -2,000원 → 142,800원
H969 | bet   4,000원 PLAYER | P:J♦ 10♠ 4♣=4  B:3♦ A♠ 7♠=1  PLAYER(W)  | +4,000원 → 146,800원  [end_win]
H970 | bet   1,000원 BANKER | P:10♦ 2♥=2  B:8♥ 10♣=8  BANKER(W)  | +950원 → 147,750원
H971 | bet   1,000원 BANKER | P:K♠ 7♦=7  B:6♦ 10♦=6  PLAYER(L)  | -1,000원 → 146,750원  [start]
H972 | bet   2,000원 PLAYER | P:8♣ Q♣=8  B:8♥ 3♣=1  PLAYER(W)  | +2,000원 → 148,750원  [end_win]
H973 | bet   1,000원 BANKER | P:10♠ K♣ 9♥=9  B:Q♦ 10♥ 6♣=6  PLAYER(L)  | -1,000원 → 147,750원  [start]
H974 | bet   2,000원 PLAYER | P:Q♦ 9♥=9  B:7♣ K♦=7  PLAYER(W)  | +2,000원 → 149,750원  [end_win]
H975 | bet   1,000원 BANKER | P:5♦ 4♣=9  B:8♦ J♥=8  PLAYER(L)  | -1,000원 → 148,750원  [start]
H976 | bet   2,000원 PLAYER | P:8♣ 4♣=2  B:2♠ 7♠=9  BANKER(L)  | -2,000원 → 146,750원
H977 | bet   4,000원 PLAYER | P:J♠ 4♠ 7♣=1  B:J♦ K♦ J♠=0  PLAYER(W)  | +4,000원 → 150,750원  [end_win]
H978 | bet   1,000원 BANKER | P:A♥ 5♣=6  B:5♥ J♣ A♦=6  TIE(T)  |     0원 → 150,750원
H979 | bet   1,000원 BANKER | P:5♣ Q♦ 9♠=4  B:7♥ 6♣ Q♠=3  PLAYER(L)  | -1,000원 → 149,750원  [start]
H980 | bet   2,000원 PLAYER | P:9♦ Q♣=9  B:2♦ 10♠=2  PLAYER(W)  | +2,000원 → 151,750원  [end_win]
H981 | bet   1,000원 BANKER | P:K♥ 3♠=3  B:6♠ 3♠=9  BANKER(W)  | +950원 → 152,700원
H982 | bet   1,000원 BANKER | P:4♠ A♦=5  B:8♥ A♥=9  BANKER(W)  | +950원 → 153,650원
H983 | bet   1,000원 BANKER | P:8♣ 10♣=8  B:5♦ 9♠=4  PLAYER(L)  | -1,000원 → 152,650원  [start]
H984 | bet   2,000원 PLAYER | P:2♣ 2♦ 5♠=9  B:3♣ 2♥ 6♥=1  PLAYER(W)  | +2,000원 → 154,650원  [end_win]
H985 | bet   1,000원 BANKER | P:A♦ 9♥ 9♦=9  B:10♥ 4♦=4  PLAYER(L)  | -1,000원 → 153,650원  [start]
H986 | bet   2,000원 PLAYER | P:5♦ Q♥ K♣=5  B:3♣ K♠ 9♠=2  PLAYER(W)  | +2,000원 → 155,650원  [end_win]
H987 | bet   1,000원 BANKER | P:8♦ 8♥=6  B:4♦ K♥ Q♣=4  PLAYER(L)  | -1,000원 → 154,650원  [start]
H988 | bet   2,000원 PLAYER | P:Q♠ 8♠=8  B:6♥ 5♠=1  PLAYER(W)  | +2,000원 → 156,650원  [end_win]
H989 | bet   1,000원 BANKER | P:4♣ J♦ J♠=4  B:4♠ K♦=4  TIE(T)  |     0원 → 156,650원
H990 | bet   1,000원 BANKER | P:2♠ J♥ 9♥=1  B:10♦ 10♣ 10♠=0  PLAYER(L)  | -1,000원 → 155,650원  [start]
H991 | bet   2,000원 PLAYER | P:3♦ 6♥=9  B:5♣ K♦=5  PLAYER(W)  | +2,000원 → 157,650원  [end_win]
H992 | bet   1,000원 BANKER | P:K♥ 9♣=9  B:9♥ 5♥=4  PLAYER(L)  | -1,000원 → 156,650원  [start]
H993 | bet   2,000원 PLAYER | P:8♦ Q♥=8  B:6♠ 6♦=2  PLAYER(W)  | +2,000원 → 158,650원  [end_win]
H994 | bet   1,000원 BANKER | P:7♦ 4♣ A♦=2  B:4♣ 7♣ 7♠=8  BANKER(W)  | +950원 → 159,600원
H995 | bet   1,000원 BANKER | P:8♠ 7♠=5  B:9♠ 10♣=9  BANKER(W)  | +950원 → 160,550원
H996 | bet   1,000원 BANKER | P:7♣ 6♦ 6♠=9  B:6♣ 10♥ J♣=6  PLAYER(L)  | -1,000원 → 159,550원  [start]
H997 | bet   2,000원 PLAYER | P:K♦ A♣ 5♦=6  B:J♦ A♦ 6♦=7  BANKER(L)  | -2,000원 → 157,550원
H998 | bet   4,000원 PLAYER | P:2♣ 10♣ 5♠=7  B:2♣ 5♦=7  TIE(T)  |     0원 → 157,550원
H999 | bet   4,000원 PLAYER | P:4♦ 3♦=7  B:A♣ 4♦ 7♣=2  PLAYER(W)  | +4,000원 → 161,550원  [end_win]
H1000 | bet   1,000원 BANKER | P:Q♠ 2♥ 8♣=0  B:5♠ 9♣=4  BANKER(W)  | +950원 → 162,500원
H1001 | bet   1,000원 BANKER | P:4♠ K♣ 10♣=4  B:9♠ 8♥=7  BANKER(W)  | +950원 → 163,450원
H1002 | bet   1,000원 BANKER | P:Q♥ 8♠=8  B:A♣ 2♣=3  PLAYER(L)  | -1,000원 → 162,450원  [start]
H1003 | bet   2,000원 PLAYER | P:A♣ 3♦ Q♦=4  B:3♦ 8♦ 3♦=4  TIE(T)  |     0원 → 162,450원
H1004 | bet   2,000원 PLAYER | P:3♣ K♥ K♦=3  B:7♦ 8♣=5  BANKER(L)  | -2,000원 → 160,450원
H1005 | bet   4,000원 PLAYER | P:5♦ 7♠ 10♠=2  B:8♦ 7♦=5  BANKER(L)  | -4,000원 → 156,450원
H1006 | bet   8,000원 PLAYER | P:5♠ 6♦=1  B:10♦ 9♣=9  BANKER(L)  | -8,000원 → 148,450원
H1007 | bet  16,000원 PLAYER | P:K♦ A♦ Q♣=1  B:Q♦ 3♦ A♠=4  BANKER(L)  | -16,000원 → 132,450원  [end_giveup]
H1008 | bet   1,000원 BANKER | P:7♣ 6♥ 8♠=1  B:9♥ 2♠ K♣=1  TIE(T)  |     0원 → 132,450원
H1009 | bet   1,000원 BANKER | P:6♥ 8♥ 10♠=4  B:4♥ 6♥ 3♠=3  PLAYER(L)  | -1,000원 → 131,450원  [start]
H1010 | bet   2,000원 PLAYER | P:Q♠ 4♣ 5♥=9  B:K♣ K♠ 6♣=6  PLAYER(W)  | +2,000원 → 133,450원  [end_win]
H1011 | bet   1,000원 BANKER | P:10♠ 8♦=8  B:2♥ J♠=2  PLAYER(L)  | -1,000원 → 132,450원  [start]
H1012 | bet   2,000원 PLAYER | P:A♠ 4♠ 2♦=7  B:5♦ 2♠=7  TIE(T)  |     0원 → 132,450원
H1013 | bet   2,000원 PLAYER | P:J♥ 8♠=8  B:K♠ J♦=0  PLAYER(W)  | +2,000원 → 134,450원  [end_win]
H1014 | bet   1,000원 BANKER | P:J♠ 3♥ 5♣=8  B:3♥ 3♣=6  PLAYER(L)  | -1,000원 → 133,450원  [start]
H1015 | bet   2,000원 PLAYER | P:J♣ 8♠=8  B:2♣ 6♦=8  TIE(T)  |     0원 → 133,450원
H1016 | bet   2,000원 PLAYER | P:J♠ 5♠ 5♣=0  B:7♠ 4♠ 9♦=0  TIE(T)  |     0원 → 133,450원
H1017 | bet   2,000원 PLAYER | P:5♣ 3♣=8  B:Q♥ A♠=1  PLAYER(W)  | +2,000원 → 135,450원  [end_win]
H1018 | bet   1,000원 BANKER | P:3♦ A♣ K♣=4  B:5♣ A♠=6  BANKER(W)  | +950원 → 136,400원
H1019 | bet   1,000원 BANKER | P:10♠ 5♥ 9♦=4  B:5♥ 2♠=7  BANKER(W)  | +950원 → 137,350원
H1020 | bet   1,000원 BANKER | P:8♦ 4♦=2  B:J♠ 9♠=9  BANKER(W)  | +950원 → 138,300원
H1021 | bet   1,000원 BANKER | P:4♠ Q♠ J♣=4  B:4♠ J♥=4  TIE(T)  |     0원 → 138,300원
H1022 | bet   1,000원 BANKER | P:7♥ 9♦=6  B:J♣ J♦ 6♣=6  TIE(T)  |     0원 → 138,300원
H1023 | bet   1,000원 BANKER | P:10♣ 3♣ 3♥=6  B:6♠ Q♦=6  TIE(T)  |     0원 → 138,300원
H1024 | bet   1,000원 BANKER | P:2♥ 8♣ J♥=0  B:7♦ 3♥ 8♥=8  BANKER(W)  | +950원 → 139,250원
H1025 | bet   1,000원 BANKER | P:3♥ 2♦ Q♦=5  B:10♣ 2♥ A♠=3  PLAYER(L)  | -1,000원 → 138,250원  [start]
H1026 | bet   2,000원 PLAYER | P:6♥ 2♣=8  B:Q♣ 2♥=2  PLAYER(W)  | +2,000원 → 140,250원  [end_win]
H1027 | bet   1,000원 BANKER | P:A♥ A♥ 3♠=5  B:6♣ 6♠ 2♣=4  PLAYER(L)  | -1,000원 → 139,250원  [start]
H1028 | bet   2,000원 PLAYER | P:7♦ K♦=7  B:A♠ 10♦ 10♦=1  PLAYER(W)  | +2,000원 → 141,250원  [end_win]
H1029 | bet   1,000원 BANKER | P:3♦ 7♣=0  B:9♣ Q♠=9  BANKER(W)  | +950원 → 142,200원
H1030 | bet   1,000원 BANKER | P:9♦ J♣=9  B:6♦ 3♠=9  TIE(T)  |     0원 → 142,200원
H1031 | bet   1,000원 BANKER | P:4♦ K♠ 9♥=3  B:2♦ J♦ 8♠=0  PLAYER(L)  | -1,000원 → 141,200원  [start]
H1032 | bet   2,000원 PLAYER | P:8♥ J♥=8  B:A♠ Q♣=1  PLAYER(W)  | +2,000원 → 143,200원  [end_win]
H1033 | bet   1,000원 BANKER | P:2♠ 4♣=6  B:6♥ K♥=6  TIE(T)  |     0원 → 143,200원
H1034 | bet   1,000원 BANKER | P:J♣ 4♣ 3♥=7  B:Q♥ K♠ 8♣=8  BANKER(W)  | +950원 → 144,150원
H1035 | bet   1,000원 BANKER | P:2♦ 9♠ K♣=1  B:3♠ J♠ 8♣=1  TIE(T)  |     0원 → 144,150원
H1036 | bet   1,000원 BANKER | P:8♥ 9♣=7  B:7♠ K♥=7  TIE(T)  |     0원 → 144,150원
H1037 | bet   1,000원 BANKER | P:8♣ K♣=8  B:7♥ 2♦=9  BANKER(W)  | +950원 → 145,100원
H1038 | bet   1,000원 BANKER | P:2♥ 4♥=6  B:10♦ Q♦ J♦=0  PLAYER(L)  | -1,000원 → 144,100원  [start]
H1039 | bet   2,000원 PLAYER | P:A♥ 5♥=6  B:4♣ 10♠ 6♦=0  PLAYER(W)  | +2,000원 → 146,100원  [end_win]
H1040 | bet   1,000원 BANKER | P:10♦ 8♣=8  B:J♣ J♥=0  PLAYER(L)  | -1,000원 → 145,100원  [start]
H1041 | bet   2,000원 PLAYER | P:9♥ 8♠=7  B:7♠ A♦=8  BANKER(L)  | -2,000원 → 143,100원
H1042 | bet   4,000원 PLAYER | P:A♦ 5♥=6  B:J♥ 4♦ Q♣=4  PLAYER(W)  | +4,000원 → 147,100원  [end_win]
H1043 | bet   1,000원 BANKER | P:10♦ 5♦ Q♣=5  B:5♥ J♦=5  TIE(T)  |     0원 → 147,100원
H1044 | bet   1,000원 BANKER | P:4♥ 8♦=2  B:2♠ 6♦=8  BANKER(W)  | +950원 → 148,050원
H1045 | bet   1,000원 BANKER | P:K♥ 2♦ 9♦=1  B:3♣ 9♥ A♥=3  BANKER(W)  | +950원 → 149,000원
H1046 | bet   1,000원 BANKER | P:6♠ 7♥ A♣=4  B:7♠ 4♥ 9♣=0  PLAYER(L)  | -1,000원 → 148,000원  [start]
H1047 | bet   2,000원 PLAYER | P:Q♠ 3♣ 5♠=8  B:K♠ 10♦ A♣=1  PLAYER(W)  | +2,000원 → 150,000원  [end_win]
H1048 | bet   1,000원 BANKER | P:K♣ 10♥ Q♥=0  B:10♥ 4♥=4  BANKER(W)  | +950원 → 150,950원
H1049 | bet   1,000원 BANKER | P:A♠ 4♥ A♥=6  B:4♥ 9♣ 9♥=2  PLAYER(L)  | -1,000원 → 149,950원  [start]
H1050 | bet   2,000원 PLAYER | P:A♦ 7♣=8  B:3♥ 4♣=7  PLAYER(W)  | +2,000원 → 151,950원  [end_win]
H1051 | bet   1,000원 BANKER | P:7♥ 7♣ 7♥=1  B:8♥ 4♠ 10♥=2  BANKER(W)  | +950원 → 152,900원
H1052 | bet   1,000원 BANKER | P:7♣ 5♣=2  B:9♣ J♣=9  BANKER(W)  | +950원 → 153,850원
H1053 | bet   1,000원 BANKER | P:Q♥ 7♦=7  B:Q♦ Q♣ 2♥=2  PLAYER(L)  | -1,000원 → 152,850원  [start]
H1054 | bet   2,000원 PLAYER | P:Q♦ K♥ K♠=0  B:10♥ K♠ K♦=0  TIE(T)  |     0원 → 152,850원
H1055 | bet   2,000원 PLAYER | P:2♣ 5♦=7  B:9♠ 6♣ Q♠=5  PLAYER(W)  | +2,000원 → 154,850원  [end_win]
H1056 | bet   1,000원 BANKER | P:J♠ J♠ 5♥=5  B:A♥ 4♦ 10♥=5  TIE(T)  |     0원 → 154,850원
H1057 | bet   1,000원 BANKER | P:3♠ A♥ 10♣=4  B:6♠ Q♥=6  BANKER(W)  | +950원 → 155,800원
H1058 | bet   1,000원 BANKER | P:7♦ 4♥=1  B:2♠ 6♣=8  BANKER(W)  | +950원 → 156,750원
H1059 | bet   1,000원 BANKER | P:5♠ 3♠=8  B:10♥ 7♦=7  PLAYER(L)  | -1,000원 → 155,750원  [start]
H1060 | bet   2,000원 PLAYER | P:6♣ 9♦ J♦=5  B:5♣ 8♦ 7♥=0  PLAYER(W)  | +2,000원 → 157,750원  [end_win]
H1061 | bet   1,000원 BANKER | P:6♠ 8♠=4  B:6♠ 3♣=9  BANKER(W)  | +950원 → 158,700원
H1062 | bet   1,000원 BANKER | P:5♦ K♠ 7♥=2  B:Q♦ J♣ 4♥=4  BANKER(W)  | +950원 → 159,650원
H1063 | bet   1,000원 BANKER | P:6♥ J♣=6  B:K♥ 6♠=6  TIE(T)  |     0원 → 159,650원
H1064 | bet   1,000원 BANKER | P:9♦ Q♠=9  B:7♣ A♣=8  PLAYER(L)  | -1,000원 → 158,650원  [start]
H1065 | bet   2,000원 PLAYER | P:4♦ 8♣ 3♣=5  B:10♣ Q♣ 9♥=9  BANKER(L)  | -2,000원 → 156,650원
H1066 | bet   4,000원 PLAYER | P:J♥ 3♥ 6♦=9  B:2♥ Q♦ 7♦=9  TIE(T)  |     0원 → 156,650원
H1067 | bet   4,000원 PLAYER | P:Q♦ 3♦ 10♠=3  B:3♠ K♦ 5♥=8  BANKER(L)  | -4,000원 → 152,650원
H1068 | bet   8,000원 PLAYER | P:6♣ 7♠ 7♦=0  B:9♥ A♠ 6♠=6  BANKER(L)  | -8,000원 → 144,650원
H1069 | bet  16,000원 PLAYER | P:6♥ 5♥ 9♥=0  B:7♥ 6♣ 10♥=3  BANKER(L)  | -16,000원 → 128,650원  [end_giveup]
H1070 | bet   1,000원 BANKER | P:5♣ A♠=6  B:A♥ 2♠ 8♥=1  PLAYER(L)  | -1,000원 → 127,650원  [start]
H1071 | bet   2,000원 PLAYER | P:K♥ Q♠=0  B:6♣ 3♣=9  BANKER(L)  | -2,000원 → 125,650원
H1072 | bet   4,000원 PLAYER | P:7♥ Q♠=7  B:10♥ 8♠=8  BANKER(L)  | -4,000원 → 121,650원
H1073 | bet   8,000원 PLAYER | P:8♥ K♠=8  B:10♥ 6♠=6  PLAYER(W)  | +8,000원 → 129,650원  [end_win]
H1074 | bet   1,000원 BANKER | P:2♥ J♣ 10♠=2  B:2♣ 10♦ A♦=3  BANKER(W)  | +950원 → 130,600원
H1075 | bet   1,000원 BANKER | P:7♠ 3♥ A♥=1  B:7♣ 9♥=6  BANKER(W)  | +950원 → 131,550원
H1076 | bet   1,000원 BANKER | P:8♣ K♥=8  B:9♣ 3♦=2  PLAYER(L)  | -1,000원 → 130,550원  [start]
H1077 | bet   2,000원 PLAYER | P:8♣ J♠=8  B:J♣ 4♣=4  PLAYER(W)  | +2,000원 → 132,550원  [end_win]
H1078 | bet   1,000원 BANKER | P:4♦ 8♠ 5♥=7  B:2♣ 4♥=6  PLAYER(L)  | -1,000원 → 131,550원  [start]
H1079 | bet   2,000원 PLAYER | P:8♦ 4♠=2  B:10♥ 8♠=8  BANKER(L)  | -2,000원 → 129,550원
H1080 | bet   4,000원 PLAYER | P:10♣ 3♠=3  B:J♦ 9♦=9  BANKER(L)  | -4,000원 → 125,550원
H1081 | bet   8,000원 PLAYER | P:10♦ 6♠=6  B:7♠ A♣=8  BANKER(L)  | -8,000원 → 117,550원
H1082 | bet  16,000원 PLAYER | P:A♦ 6♦=7  B:10♦ 5♦ A♣=6  PLAYER(W)  | +16,000원 → 133,550원  [end_win]
H1083 | bet   1,000원 BANKER | P:Q♣ 4♠ J♦=4  B:9♣ 2♠ 10♦=1  PLAYER(L)  | -1,000원 → 132,550원  [start]
H1084 | bet   2,000원 PLAYER | P:2♥ 3♣=5  B:4♠ 5♦=9  BANKER(L)  | -2,000원 → 130,550원
H1085 | bet   4,000원 PLAYER | P:6♥ 9♥ 6♥=1  B:5♠ 6♦ Q♣=1  TIE(T)  |     0원 → 130,550원
H1086 | bet   4,000원 PLAYER | P:5♣ Q♥ 5♦=0  B:7♥ 9♠=6  BANKER(L)  | -4,000원 → 126,550원
H1087 | bet   8,000원 PLAYER | P:J♥ 3♥=3  B:9♦ J♦=9  BANKER(L)  | -8,000원 → 118,550원
H1088 | bet  16,000원 PLAYER | P:2♣ 9♣ 2♣=3  B:3♦ J♣ Q♥=3  TIE(T)  |     0원 → 118,550원
H1089 | bet  16,000원 PLAYER | P:9♦ 2♦=1  B:2♥ 7♠=9  BANKER(L)  | -16,000원 → 102,550원  [end_giveup]
H1090 | bet   1,000원 BANKER | P:10♠ 5♠ 8♥=3  B:A♦ 10♣ 2♥=3  TIE(T)  |     0원 → 102,550원
H1091 | bet   1,000원 BANKER | P:4♥ 7♣ Q♣=1  B:2♠ 3♦=5  BANKER(W)  | +950원 → 103,500원
H1092 | bet   1,000원 BANKER | P:4♣ 7♦=1  B:6♣ 3♣=9  BANKER(W)  | +950원 → 104,450원
H1093 | bet   1,000원 BANKER | P:3♠ 7♥=0  B:7♥ 2♥=9  BANKER(W)  | +950원 → 105,400원
H1094 | bet   1,000원 BANKER | P:5♠ 9♠ 6♠=0  B:Q♥ K♦ J♠=0  TIE(T)  |     0원 → 105,400원
H1095 | bet   1,000원 BANKER | P:2♦ 9♠=1  B:8♦ K♠=8  BANKER(W)  | +950원 → 106,350원
H1096 | bet   1,000원 BANKER | P:10♥ A♠ Q♠=1  B:10♣ Q♣ 9♣=9  BANKER(W)  | +950원 → 107,300원
H1097 | bet   1,000원 BANKER | P:A♥ 3♠ A♥=5  B:7♦ 8♣=5  TIE(T)  |     0원 → 107,300원
H1098 | bet   1,000원 BANKER | P:8♥ J♥=8  B:5♠ 3♦=8  TIE(T)  |     0원 → 107,300원
H1099 | bet   1,000원 BANKER | P:5♥ 10♠ 7♣=2  B:2♦ A♠ 9♠=2  TIE(T)  |     0원 → 107,300원
H1100 | bet   1,000원 BANKER | P:9♥ 7♠=6  B:4♣ 4♣=8  BANKER(W)  | +950원 → 108,250원
H1101 | bet   1,000원 BANKER | P:J♦ 9♣=9  B:8♥ 6♥=4  PLAYER(L)  | -1,000원 → 107,250원  [start]
H1102 | bet   2,000원 PLAYER | P:9♥ A♦ 3♠=3  B:Q♥ A♣ 10♠=1  PLAYER(W)  | +2,000원 → 109,250원  [end_win]
H1103 | bet   1,000원 BANKER | P:7♣ J♦=7  B:2♦ 8♥ 5♠=5  PLAYER(L)  | -1,000원 → 108,250원  [start]
H1104 | bet   2,000원 PLAYER | P:5♣ Q♥ J♠=5  B:6♣ 6♦ 9♦=1  PLAYER(W)  | +2,000원 → 110,250원  [end_win]
H1105 | bet   1,000원 BANKER | P:2♦ K♦ 7♥=9  B:7♠ 6♦ J♦=3  PLAYER(L)  | -1,000원 → 109,250원  [start]
H1106 | bet   2,000원 PLAYER | P:A♠ 4♣ K♣=5  B:7♣ K♦=7  BANKER(L)  | -2,000원 → 107,250원
H1107 | bet   4,000원 PLAYER | P:4♣ 5♣=9  B:4♠ 5♦=9  TIE(T)  |     0원 → 107,250원
H1108 | bet   4,000원 PLAYER | P:8♦ 10♥=8  B:10♦ Q♠=0  PLAYER(W)  | +4,000원 → 111,250원  [end_win]
H1109 | bet   1,000원 BANKER | P:2♠ A♣ 7♥=0  B:3♥ K♠ 5♣=8  BANKER(W)  | +950원 → 112,200원
H1110 | bet   1,000원 BANKER | P:3♥ 5♠=8  B:J♠ 3♥=3  PLAYER(L)  | -1,000원 → 111,200원  [start]
H1111 | bet   2,000원 PLAYER | P:10♥ 6♥=6  B:9♠ A♠ J♥=0  PLAYER(W)  | +2,000원 → 113,200원  [end_win]
H1112 | bet   1,000원 BANKER | P:A♥ K♠ 10♣=1  B:J♥ 7♦=7  BANKER(W)  | +950원 → 114,150원
H1113 | bet   1,000원 BANKER | P:3♥ 8♠ 8♣=9  B:4♥ K♦=4  PLAYER(L)  | -1,000원 → 113,150원  [start]
H1114 | bet   2,000원 PLAYER | P:2♠ Q♠ 3♣=5  B:Q♥ 10♣ 5♥=5  TIE(T)  |     0원 → 113,150원
H1115 | bet   2,000원 PLAYER | P:A♣ 8♠=9  B:J♣ 4♣=4  PLAYER(W)  | +2,000원 → 115,150원  [end_win]
H1116 | bet   1,000원 BANKER | P:K♣ 6♣=6  B:8♠ 9♦=7  BANKER(W)  | +950원 → 116,100원
H1117 | bet   1,000원 BANKER | P:Q♦ 4♦ 7♣=1  B:3♣ A♥ 2♦=6  BANKER(W)  | +950원 → 117,050원
H1118 | bet   1,000원 BANKER | P:5♦ J♠ K♦=5  B:5♣ 2♣=7  BANKER(W)  | +950원 → 118,000원
H1119 | bet   1,000원 BANKER | P:4♦ 3♠=7  B:Q♦ 6♦=6  PLAYER(L)  | -1,000원 → 117,000원  [start]
H1120 | bet   2,000원 PLAYER | P:6♥ 7♠ K♠=3  B:9♣ 3♣ K♦=2  PLAYER(W)  | +2,000원 → 119,000원  [end_win]
H1121 | bet   1,000원 BANKER | P:4♦ A♠=5  B:Q♦ 8♦=8  BANKER(W)  | +950원 → 119,950원
H1122 | bet   1,000원 BANKER | P:4♠ K♣ 7♣=1  B:5♥ 6♦ 4♠=5  BANKER(W)  | +950원 → 120,900원
H1123 | bet   1,000원 BANKER | P:A♠ 4♦ Q♥=5  B:6♥ 9♣=5  TIE(T)  |     0원 → 120,900원
H1124 | bet   1,000원 BANKER | P:7♦ 8♣=5  B:K♥ 9♦=9  BANKER(W)  | +950원 → 121,850원
H1125 | bet   1,000원 BANKER | P:10♦ 6♦=6  B:J♦ 2♥ 10♣=2  PLAYER(L)  | -1,000원 → 120,850원  [start]
H1126 | bet   2,000원 PLAYER | P:8♦ 8♠=6  B:K♣ A♦ J♦=1  PLAYER(W)  | +2,000원 → 122,850원  [end_win]
H1127 | bet   1,000원 BANKER | P:K♣ K♠ 4♦=4  B:J♥ 4♠ 7♠=1  PLAYER(L)  | -1,000원 → 121,850원  [start]
H1128 | bet   2,000원 PLAYER | P:Q♣ A♣=1  B:K♥ 8♦=8  BANKER(L)  | -2,000원 → 119,850원
H1129 | bet   4,000원 PLAYER | P:8♦ 3♠ 2♠=3  B:5♥ 8♥ 4♠=7  BANKER(L)  | -4,000원 → 115,850원
H1130 | bet   8,000원 PLAYER | P:4♦ 5♦=9  B:10♠ 10♠=0  PLAYER(W)  | +8,000원 → 123,850원  [end_win]
H1131 | bet   1,000원 BANKER | P:9♣ Q♥=9  B:Q♠ 3♥=3  PLAYER(L)  | -1,000원 → 122,850원  [start]
H1132 | bet   2,000원 PLAYER | P:2♦ Q♦ 7♦=9  B:4♣ A♦ J♥=5  PLAYER(W)  | +2,000원 → 124,850원  [end_win]
H1133 | bet   1,000원 BANKER | P:J♣ J♥ 4♥=4  B:J♠ 3♦ K♣=3  PLAYER(L)  | -1,000원 → 123,850원  [start]
H1134 | bet   2,000원 PLAYER | P:A♥ K♦ 10♥=1  B:J♣ 3♠ 5♥=8  BANKER(L)  | -2,000원 → 121,850원
H1135 | bet   4,000원 PLAYER | P:2♣ Q♦ K♣=2  B:2♦ 4♥=6  BANKER(L)  | -4,000원 → 117,850원
H1136 | bet   8,000원 PLAYER | P:3♦ 6♠=9  B:K♣ 2♣=2  PLAYER(W)  | +8,000원 → 125,850원  [end_win]
H1137 | bet   1,000원 BANKER | P:8♣ A♦=9  B:9♠ 8♣=7  PLAYER(L)  | -1,000원 → 124,850원  [start]
H1138 | bet   2,000원 PLAYER | P:9♦ 5♦=4  B:9♠ 10♣=9  BANKER(L)  | -2,000원 → 122,850원
H1139 | bet   4,000원 PLAYER | P:Q♣ 2♠ Q♣=2  B:3♦ Q♠ 5♠=8  BANKER(L)  | -4,000원 → 118,850원
H1140 | bet   8,000원 PLAYER | P:9♥ J♠=9  B:6♣ K♥=6  PLAYER(W)  | +8,000원 → 126,850원  [end_win]
H1141 | bet   1,000원 BANKER | P:2♠ 8♦=0  B:8♥ 10♦=8  BANKER(W)  | +950원 → 127,800원
H1142 | bet   1,000원 BANKER | P:J♠ K♥ K♥=0  B:5♠ 9♠=4  BANKER(W)  | +950원 → 128,750원
H1143 | bet   1,000원 BANKER | P:K♣ 6♣=6  B:Q♣ 8♥=8  BANKER(W)  | +950원 → 129,700원
H1144 | bet   1,000원 BANKER | P:7♦ A♣=8  B:3♦ 4♦=7  PLAYER(L)  | -1,000원 → 128,700원  [start]
H1145 | bet   2,000원 PLAYER | P:Q♠ J♦ 8♦=8  B:10♦ J♦ 10♣=0  PLAYER(W)  | +2,000원 → 130,700원  [end_win]
H1146 | bet   1,000원 BANKER | P:9♣ 7♥=6  B:K♥ 7♣=7  BANKER(W)  | +950원 → 131,650원
H1147 | bet   1,000원 BANKER | P:4♣ A♣ 5♣=0  B:10♦ 5♥ 5♠=0  TIE(T)  |     0원 → 131,650원
H1148 | bet   1,000원 BANKER | P:4♣ 5♦=9  B:6♥ 7♦=3  PLAYER(L)  | -1,000원 → 130,650원  [start]
H1149 | bet   2,000원 PLAYER | P:Q♣ J♥ 5♥=5  B:6♦ 6♣ Q♥=2  PLAYER(W)  | +2,000원 → 132,650원  [end_win]
H1150 | bet   1,000원 BANKER | P:4♠ 10♥ J♦=4  B:6♥ J♠=6  BANKER(W)  | +950원 → 133,600원
H1151 | bet   1,000원 BANKER | P:4♣ 7♣ 2♦=3  B:7♠ 3♥ A♣=1  PLAYER(L)  | -1,000원 → 132,600원  [start]
H1152 | bet   2,000원 PLAYER | P:K♦ 7♣=7  B:2♥ 4♠=6  PLAYER(W)  | +2,000원 → 134,600원  [end_win]
H1153 | bet   1,000원 BANKER | P:K♦ 10♦=0  B:J♣ 8♦=8  BANKER(W)  | +950원 → 135,550원
H1154 | bet   1,000원 BANKER | P:6♠ J♠=6  B:J♠ A♥ Q♠=1  PLAYER(L)  | -1,000원 → 134,550원  [start]
H1155 | bet   2,000원 PLAYER | P:4♣ 3♣=7  B:J♥ A♥ 3♠=4  PLAYER(W)  | +2,000원 → 136,550원  [end_win]
H1156 | bet   1,000원 BANKER | P:7♣ 8♣ 5♠=0  B:J♥ 2♥ 4♥=6  BANKER(W)  | +950원 → 137,500원
H1157 | bet   1,000원 BANKER | P:2♥ 7♦=9  B:J♠ 8♣=8  PLAYER(L)  | -1,000원 → 136,500원  [start]
H1158 | bet   2,000원 PLAYER | P:4♦ 6♣ 4♥=4  B:5♦ Q♥ A♠=6  BANKER(L)  | -2,000원 → 134,500원
H1159 | bet   4,000원 PLAYER | P:6♦ Q♥=6  B:K♦ 3♠ Q♠=3  PLAYER(W)  | +4,000원 → 138,500원  [end_win]
H1160 | bet   1,000원 BANKER | P:K♠ 7♦=7  B:J♥ 3♥ A♦=4  PLAYER(L)  | -1,000원 → 137,500원  [start]
H1161 | bet   2,000원 PLAYER | P:Q♦ K♦ 10♠=0  B:5♦ 5♥ 2♣=2  BANKER(L)  | -2,000원 → 135,500원
H1162 | bet   4,000원 PLAYER | P:8♠ 2♦ 4♥=4  B:A♣ 2♥ 9♥=2  PLAYER(W)  | +4,000원 → 139,500원  [end_win]
H1163 | bet   1,000원 BANKER | P:9♠ 2♣ 6♠=7  B:5♥ Q♣ K♣=5  PLAYER(L)  | -1,000원 → 138,500원  [start]
H1164 | bet   2,000원 PLAYER | P:7♣ A♥=8  B:9♦ A♦=0  PLAYER(W)  | +2,000원 → 140,500원  [end_win]
H1165 | bet   1,000원 BANKER | P:Q♦ A♥ 9♦=0  B:4♠ 8♦ 5♥=7  BANKER(W)  | +950원 → 141,450원
H1166 | bet   1,000원 BANKER | P:Q♦ 9♦=9  B:3♠ Q♦=3  PLAYER(L)  | -1,000원 → 140,450원  [start]
H1167 | bet   2,000원 PLAYER | P:J♥ 8♣=8  B:5♦ 6♠=1  PLAYER(W)  | +2,000원 → 142,450원  [end_win]
H1168 | bet   1,000원 BANKER | P:A♠ 8♥=9  B:3♦ K♣=3  PLAYER(L)  | -1,000원 → 141,450원  [start]
H1169 | bet   2,000원 PLAYER | P:3♦ 9♣ J♥=2  B:2♠ K♣ 2♣=4  BANKER(L)  | -2,000원 → 139,450원
H1170 | bet   4,000원 PLAYER | P:K♥ 10♥ A♠=1  B:4♣ A♦=5  BANKER(L)  | -4,000원 → 135,450원
H1171 | bet   8,000원 PLAYER | P:4♥ 3♣=7  B:2♠ 8♥ K♣=0  PLAYER(W)  | +8,000원 → 143,450원  [end_win]
H1172 | bet   1,000원 BANKER | P:8♥ 9♣=7  B:4♠ Q♦ 10♣=4  PLAYER(L)  | -1,000원 → 142,450원  [start]
H1173 | bet   2,000원 PLAYER | P:2♥ A♦ 4♠=7  B:6♦ J♦=6  PLAYER(W)  | +2,000원 → 144,450원  [end_win]
H1174 | bet   1,000원 BANKER | P:5♦ J♦ K♠=5  B:3♣ K♥ 2♣=5  TIE(T)  |     0원 → 144,450원
H1175 | bet   1,000원 BANKER | P:6♣ K♦=6  B:8♠ 10♠=8  BANKER(W)  | +950원 → 145,400원
H1176 | bet   1,000원 BANKER | P:K♣ A♦ J♥=1  B:K♥ 5♠=5  BANKER(W)  | +950원 → 146,350원
H1177 | bet   1,000원 BANKER | P:4♦ 5♣=9  B:10♦ 4♥=4  PLAYER(L)  | -1,000원 → 145,350원  [start]
H1178 | bet   2,000원 PLAYER | P:9♥ 5♠=4  B:J♥ 8♣=8  BANKER(L)  | -2,000원 → 143,350원
H1179 | bet   4,000원 PLAYER | P:10♣ 6♦=6  B:5♣ 2♠=7  BANKER(L)  | -4,000원 → 139,350원
H1180 | bet   8,000원 PLAYER | P:2♣ 9♦ 3♦=4  B:6♦ 8♠ 2♦=6  BANKER(L)  | -8,000원 → 131,350원
H1181 | bet  16,000원 PLAYER | P:9♠ 10♠=9  B:4♠ A♣=5  PLAYER(W)  | +16,000원 → 147,350원  [end_win]
H1182 | bet   1,000원 BANKER | P:3♥ 9♥ A♣=3  B:6♥ 6♦ 10♥=2  PLAYER(L)  | -1,000원 → 146,350원  [start]
H1183 | bet   2,000원 PLAYER | P:Q♣ Q♣ 8♦=8  B:9♣ 5♠=4  PLAYER(W)  | +2,000원 → 148,350원  [end_win]
H1184 | bet   1,000원 BANKER | P:J♣ 7♥=7  B:5♠ A♠=6  PLAYER(L)  | -1,000원 → 147,350원  [start]
H1185 | bet   2,000원 PLAYER | P:9♦ 8♦=7  B:7♠ 9♣=6  PLAYER(W)  | +2,000원 → 149,350원  [end_win]
H1186 | bet   1,000원 BANKER | P:9♥ 7♥=6  B:J♦ 7♠=7  BANKER(W)  | +950원 → 150,300원
H1187 | bet   1,000원 BANKER | P:4♥ 6♥ 7♠=7  B:10♥ 7♠=7  TIE(T)  |     0원 → 150,300원
H1188 | bet   1,000원 BANKER | P:K♠ 8♣=8  B:3♣ 8♠=1  PLAYER(L)  | -1,000원 → 149,300원  [start]
H1189 | bet   2,000원 PLAYER | P:K♥ A♠ 9♥=0  B:2♣ 4♦=6  BANKER(L)  | -2,000원 → 147,300원
H1190 | bet   4,000원 PLAYER | P:A♦ A♣ 7♦=9  B:7♦ 6♦ Q♦=3  PLAYER(W)  | +4,000원 → 151,300원  [end_win]
H1191 | bet   1,000원 BANKER | P:Q♥ Q♠ 2♥=2  B:6♥ 7♠ 9♣=2  TIE(T)  |     0원 → 151,300원
H1192 | bet   1,000원 BANKER | P:4♦ 10♣ J♠=4  B:Q♥ 7♦=7  BANKER(W)  | +950원 → 152,250원
H1193 | bet   1,000원 BANKER | P:6♣ 8♣ 10♥=4  B:7♥ 6♠ 6♥=9  BANKER(W)  | +950원 → 153,200원
H1194 | bet   1,000원 BANKER | P:2♦ A♣ 3♠=6  B:K♦ 3♣ K♣=3  PLAYER(L)  | -1,000원 → 152,200원  [start]
H1195 | bet   2,000원 PLAYER | P:K♥ 5♠ 10♣=5  B:5♠ 9♦=4  PLAYER(W)  | +2,000원 → 154,200원  [end_win]
H1196 | bet   1,000원 BANKER | P:9♠ 2♦ 6♠=7  B:2♠ 10♥ 10♣=2  PLAYER(L)  | -1,000원 → 153,200원  [start]
H1197 | bet   2,000원 PLAYER | P:4♥ 7♠=1  B:8♥ J♣=8  BANKER(L)  | -2,000원 → 151,200원
H1198 | bet   4,000원 PLAYER | P:K♠ 5♣ 2♦=7  B:10♦ J♦ K♠=0  PLAYER(W)  | +4,000원 → 155,200원  [end_win]
H1199 | bet   1,000원 BANKER | P:A♠ 4♣ 10♠=5  B:K♦ 7♥=7  BANKER(W)  | +950원 → 156,150원
H1200 | bet   1,000원 BANKER | P:J♠ 2♥ 6♠=8  B:10♣ A♥ 10♠=1  PLAYER(L)  | -1,000원 → 155,150원  [start]
H1201 | bet   2,000원 PLAYER | P:5♥ 8♣ 8♥=1  B:J♣ J♦ 8♦=8  BANKER(L)  | -2,000원 → 153,150원
H1202 | bet   4,000원 PLAYER | P:9♦ J♣=9  B:K♠ 4♠=4  PLAYER(W)  | +4,000원 → 157,150원  [end_win]
H1203 | bet   1,000원 BANKER | P:2♠ 3♠=5  B:Q♠ 9♥=9  BANKER(W)  | +950원 → 158,100원
H1204 | bet   1,000원 BANKER | P:8♦ K♦=8  B:Q♣ Q♥=0  PLAYER(L)  | -1,000원 → 157,100원  [start]
H1205 | bet   2,000원 PLAYER | P:Q♣ 2♦ 6♣=8  B:10♥ 3♠ 9♠=2  PLAYER(W)  | +2,000원 → 159,100원  [end_win]
H1206 | bet   1,000원 BANKER | P:3♦ A♦ 9♦=3  B:10♠ 10♠ 3♦=3  TIE(T)  |     0원 → 159,100원
H1207 | bet   1,000원 BANKER | P:Q♥ 10♦ 8♠=8  B:3♠ 3♣=6  PLAYER(L)  | -1,000원 → 158,100원  [start]
H1208 | bet   2,000원 PLAYER | P:3♦ 5♦=8  B:K♥ 5♣=5  PLAYER(W)  | +2,000원 → 160,100원  [end_win]
H1209 | bet   1,000원 BANKER | P:J♣ 3♥ 9♣=2  B:10♥ 3♥ 2♠=5  BANKER(W)  | +950원 → 161,050원
H1210 | bet   1,000원 BANKER | P:3♣ 5♣=8  B:Q♣ K♠=0  PLAYER(L)  | -1,000원 → 160,050원  [start]
H1211 | bet   2,000원 PLAYER | P:8♥ 9♥=7  B:5♣ A♠=6  PLAYER(W)  | +2,000원 → 162,050원  [end_win]
H1212 | bet   1,000원 BANKER | P:Q♦ A♥ 9♥=0  B:4♦ 8♥ 9♣=1  BANKER(W)  | +950원 → 163,000원
H1213 | bet   1,000원 BANKER | P:8♣ 9♠=7  B:7♣ 4♦ 3♠=4  PLAYER(L)  | -1,000원 → 162,000원  [start]
H1214 | bet   2,000원 PLAYER | P:10♠ 7♥=7  B:6♦ 4♣ 6♠=6  PLAYER(W)  | +2,000원 → 164,000원  [end_win]
H1215 | bet   1,000원 BANKER | P:8♦ 9♠=7  B:7♣ 10♦=7  TIE(T)  |     0원 → 164,000원
H1216 | bet   1,000원 BANKER | P:3♦ Q♠ 8♠=1  B:4♥ 8♠ K♥=2  BANKER(W)  | +950원 → 164,950원
H1217 | bet   1,000원 BANKER | P:7♥ K♣=7  B:9♠ J♣=9  BANKER(W)  | +950원 → 165,900원
H1218 | bet   1,000원 BANKER | P:5♥ 5♥ A♦=1  B:J♠ 3♥ 9♠=2  BANKER(W)  | +950원 → 166,850원
H1219 | bet   1,000원 BANKER | P:3♥ J♠=3  B:2♦ 7♥=9  BANKER(W)  | +950원 → 167,800원
H1220 | bet   1,000원 BANKER | P:4♣ 6♠ A♥=1  B:A♥ 2♠ 6♥=9  BANKER(W)  | +950원 → 168,750원
H1221 | bet   1,000원 BANKER | P:7♦ 5♦ 10♦=2  B:3♣ 2♥=5  BANKER(W)  | +950원 → 169,700원
H1222 | bet   1,000원 BANKER | P:3♥ Q♦ 5♣=8  B:Q♠ 6♥=6  PLAYER(L)  | -1,000원 → 168,700원  [start]
H1223 | bet   2,000원 PLAYER | P:7♠ 4♠ K♠=1  B:6♣ 8♠=4  BANKER(L)  | -2,000원 → 166,700원
H1224 | bet   4,000원 PLAYER | P:J♥ 2♣ 9♠=1  B:5♦ Q♥=5  BANKER(L)  | -4,000원 → 162,700원
H1225 | bet   8,000원 PLAYER | P:5♠ 9♠ 2♣=6  B:K♥ A♣ 10♦=1  PLAYER(W)  | +8,000원 → 170,700원  [end_win]
H1226 | bet   1,000원 BANKER | P:Q♥ 7♦=7  B:7♥ J♠=7  TIE(T)  |     0원 → 170,700원
H1227 | bet   1,000원 BANKER | P:9♣ Q♣=9  B:6♥ 9♥=5  PLAYER(L)  | -1,000원 → 169,700원  [start]
H1228 | bet   2,000원 PLAYER | P:5♣ K♠ 4♥=9  B:6♥ 4♥ A♣=1  PLAYER(W)  | +2,000원 → 171,700원  [end_win]
H1229 | bet   1,000원 BANKER | P:4♦ K♣=4  B:3♦ 5♠=8  BANKER(W)  | +950원 → 172,650원
H1230 | bet   1,000원 BANKER | P:2♦ Q♥ 5♣=7  B:3♦ 7♥ 10♥=0  PLAYER(L)  | -1,000원 → 171,650원  [start]
H1231 | bet   2,000원 PLAYER | P:7♣ Q♥=7  B:A♥ 9♦ 7♣=7  TIE(T)  |     0원 → 171,650원
H1232 | bet   2,000원 PLAYER | P:4♦ J♠ A♦=5  B:3♣ 9♠ K♣=2  PLAYER(W)  | +2,000원 → 173,650원  [end_win]
H1233 | bet   1,000원 BANKER | P:J♣ 9♦=9  B:4♥ 7♥=1  PLAYER(L)  | -1,000원 → 172,650원  [start]
H1234 | bet   2,000원 PLAYER | P:5♣ Q♠ 4♣=9  B:J♠ J♠ 5♥=5  PLAYER(W)  | +2,000원 → 174,650원  [end_win]
H1235 | bet   1,000원 BANKER | P:10♣ Q♦ 7♣=7  B:7♠ 5♣ K♦=2  PLAYER(L)  | -1,000원 → 173,650원  [start]
H1236 | bet   2,000원 PLAYER | P:Q♥ K♠ 10♣=0  B:8♦ 7♦=5  BANKER(L)  | -2,000원 → 171,650원
H1237 | bet   4,000원 PLAYER | P:K♦ A♣ A♣=2  B:3♥ 8♦ 7♣=8  BANKER(L)  | -4,000원 → 167,650원
H1238 | bet   8,000원 PLAYER | P:5♠ K♣ 4♦=9  B:3♣ A♥ J♣=4  PLAYER(W)  | +8,000원 → 175,650원  [end_win]
H1239 | bet   1,000원 BANKER | P:9♠ 8♥=7  B:K♠ 8♥=8  BANKER(W)  | +950원 → 176,600원
H1240 | bet   1,000원 BANKER | P:3♠ K♥ 10♣=3  B:5♥ 10♣=5  BANKER(W)  | +950원 → 177,550원
H1241 | bet   1,000원 BANKER | P:3♣ 9♥=2  B:A♠ 8♣=9  BANKER(W)  | +950원 → 178,500원
H1242 | bet   1,000원 BANKER | P:2♦ A♥ 3♥=6  B:J♦ 3♦ 8♣=1  PLAYER(L)  | -1,000원 → 177,500원  [start]
H1243 | bet   2,000원 PLAYER | P:10♥ 5♦ K♠=5  B:Q♠ 7♣=7  BANKER(L)  | -2,000원 → 175,500원
H1244 | bet   4,000원 PLAYER | P:8♥ K♦=8  B:J♥ 8♠=8  TIE(T)  |     0원 → 175,500원
H1245 | bet   4,000원 PLAYER | P:5♣ Q♦ K♣=5  B:6♦ 5♣ 3♣=4  PLAYER(W)  | +4,000원 → 179,500원  [end_win]
H1246 | bet   1,000원 BANKER | P:6♦ 2♠=8  B:K♣ 2♠=2  PLAYER(L)  | -1,000원 → 178,500원  [start]
H1247 | bet   2,000원 PLAYER | P:J♦ 4♥ J♠=4  B:J♦ 6♦=6  BANKER(L)  | -2,000원 → 176,500원
H1248 | bet   4,000원 PLAYER | P:5♦ Q♦ 2♥=7  B:5♥ 5♦ J♣=0  PLAYER(W)  | +4,000원 → 180,500원  [end_win]
H1249 | bet   1,000원 BANKER | P:9♠ 10♣=9  B:9♠ K♦=9  TIE(T)  |     0원 → 180,500원
H1250 | bet   1,000원 BANKER | P:K♥ 8♠=8  B:10♦ J♥=0  PLAYER(L)  | -1,000원 → 179,500원  [start]
H1251 | bet   2,000원 PLAYER | P:K♠ 3♥ 6♦=9  B:3♠ J♠ 6♣=9  TIE(T)  |     0원 → 179,500원
H1252 | bet   2,000원 PLAYER | P:5♥ 9♣ J♣=4  B:2♦ J♦ 4♠=6  BANKER(L)  | -2,000원 → 177,500원
H1253 | bet   4,000원 PLAYER | P:A♦ 10♠=1  B:8♦ Q♦=8  BANKER(L)  | -4,000원 → 173,500원
H1254 | bet   8,000원 PLAYER | P:5♣ 7♦ 2♦=4  B:7♠ 8♠=5  BANKER(L)  | -8,000원 → 165,500원
H1255 | bet  16,000원 PLAYER | P:Q♣ A♣ K♣=1  B:4♠ 6♥ 7♥=7  BANKER(L)  | -16,000원 → 149,500원  [end_giveup]
H1256 | bet   1,000원 BANKER | P:2♠ 8♦ 4♥=4  B:2♥ 9♣ J♣=1  PLAYER(L)  | -1,000원 → 148,500원  [start]
H1257 | bet   2,000원 PLAYER | P:Q♠ 5♥ Q♦=5  B:6♦ A♠=7  BANKER(L)  | -2,000원 → 146,500원
H1258 | bet   4,000원 PLAYER | P:K♠ 6♥=6  B:7♠ 4♥ A♦=2  PLAYER(W)  | +4,000원 → 150,500원  [end_win]
H1259 | bet   1,000원 BANKER | P:K♣ 10♥ 6♣=6  B:A♦ 9♣ 8♣=8  BANKER(W)  | +950원 → 151,450원
H1260 | bet   1,000원 BANKER | P:A♠ 6♣=7  B:K♦ 10♠ 3♥=3  PLAYER(L)  | -1,000원 → 150,450원  [start]
H1261 | bet   2,000원 PLAYER | P:10♠ 10♣=0  B:Q♠ 9♣=9  BANKER(L)  | -2,000원 → 148,450원
H1262 | bet   4,000원 PLAYER | P:6♥ Q♣=6  B:8♦ 4♦ 2♣=4  PLAYER(W)  | +4,000원 → 152,450원  [end_win]
H1263 | bet   1,000원 BANKER | P:Q♦ A♥=1  B:2♥ 6♣=8  BANKER(W)  | +950원 → 153,400원
H1264 | bet   1,000원 BANKER | P:4♣ 8♠ 5♥=7  B:10♦ 3♠ A♥=4  PLAYER(L)  | -1,000원 → 152,400원  [start]
H1265 | bet   2,000원 PLAYER | P:Q♥ 7♣=7  B:9♦ 5♥ J♣=4  PLAYER(W)  | +2,000원 → 154,400원  [end_win]
H1266 | bet   1,000원 BANKER | P:3♦ 2♠ 8♣=3  B:A♣ 4♥=5  BANKER(W)  | +950원 → 155,350원
H1267 | bet   1,000원 BANKER | P:8♦ 10♥=8  B:9♥ Q♠=9  BANKER(W)  | +950원 → 156,300원
H1268 | bet   1,000원 BANKER | P:5♠ 5♠ 9♥=9  B:2♠ 2♦=4  PLAYER(L)  | -1,000원 → 155,300원  [start]
H1269 | bet   2,000원 PLAYER | P:3♠ 2♣=5  B:Q♦ 9♣=9  BANKER(L)  | -2,000원 → 153,300원
H1270 | bet   4,000원 PLAYER | P:3♥ 7♥ 6♣=6  B:A♦ A♣ 7♥=9  BANKER(L)  | -4,000원 → 149,300원
H1271 | bet   8,000원 PLAYER | P:7♠ 2♦=9  B:10♦ 6♠=6  PLAYER(W)  | +8,000원 → 157,300원  [end_win]
H1272 | bet   1,000원 BANKER | P:3♠ 8♠ 9♠=0  B:3♠ 10♥ 7♦=0  TIE(T)  |     0원 → 157,300원
H1273 | bet   1,000원 BANKER | P:10♣ J♥ 6♦=6  B:4♣ 10♥ 3♦=7  BANKER(W)  | +950원 → 158,250원
H1274 | bet   1,000원 BANKER | P:Q♣ K♦=0  B:6♥ 2♠=8  BANKER(W)  | +950원 → 159,200원
H1275 | bet   1,000원 BANKER | P:J♦ A♦ 5♦=6  B:7♣ 8♠ 4♣=9  BANKER(W)  | +950원 → 160,150원
H1276 | bet   1,000원 BANKER | P:2♣ 3♣ 8♣=3  B:9♥ 7♥=6  BANKER(W)  | +950원 → 161,100원
H1277 | bet   1,000원 BANKER | P:A♥ 2♥ 10♦=3  B:6♠ 6♠ 2♥=4  BANKER(W)  | +950원 → 162,050원
H1278 | bet   1,000원 BANKER | P:2♣ K♠ J♣=2  B:Q♦ 5♥=5  BANKER(W)  | +950원 → 163,000원
H1279 | bet   1,000원 BANKER | P:Q♣ 4♥ Q♥=4  B:Q♠ A♦ 2♥=3  PLAYER(L)  | -1,000원 → 162,000원  [start]
H1280 | bet   2,000원 PLAYER | P:6♦ 6♠=2  B:9♦ Q♣=9  BANKER(L)  | -2,000원 → 160,000원
H1281 | bet   4,000원 PLAYER | P:K♥ 4♠ 4♠=8  B:A♠ K♥ J♥=1  PLAYER(W)  | +4,000원 → 164,000원  [end_win]
H1282 | bet   1,000원 BANKER | P:7♣ 4♦ 10♠=1  B:5♠ 5♦ 8♦=8  BANKER(W)  | +950원 → 164,950원
H1283 | bet   1,000원 BANKER | P:10♣ 3♦ 3♦=6  B:3♣ 3♦=6  TIE(T)  |     0원 → 164,950원
H1284 | bet   1,000원 BANKER | P:6♠ 8♥ 8♣=2  B:8♥ 4♠ K♦=2  TIE(T)  |     0원 → 164,950원
H1285 | bet   1,000원 BANKER | P:A♥ 3♣ 10♦=4  B:8♣ 3♥ 4♣=5  BANKER(W)  | +950원 → 165,900원
H1286 | bet   1,000원 BANKER | P:8♦ K♣=8  B:10♠ 9♦=9  BANKER(W)  | +950원 → 166,850원
H1287 | bet   1,000원 BANKER | P:7♠ 3♣ 4♦=4  B:4♠ A♥ J♣=5  BANKER(W)  | +950원 → 167,800원
H1288 | bet   1,000원 BANKER | P:2♦ J♠ 7♠=9  B:9♦ 6♦ 4♣=9  TIE(T)  |     0원 → 167,800원
H1289 | bet   1,000원 BANKER | P:10♥ 4♣ Q♠=4  B:6♣ 9♥=5  BANKER(W)  | +950원 → 168,750원
H1290 | bet   1,000원 BANKER | P:7♦ 6♣ J♦=3  B:J♥ Q♥ 2♥=2  PLAYER(L)  | -1,000원 → 167,750원  [start]
H1291 | bet   2,000원 PLAYER | P:8♥ 6♣ 7♠=1  B:10♦ K♥ 6♥=6  BANKER(L)  | -2,000원 → 165,750원
H1292 | bet   4,000원 PLAYER | P:10♥ 7♠=7  B:6♠ 7♥ 10♠=3  PLAYER(W)  | +4,000원 → 169,750원  [end_win]
H1293 | bet   1,000원 BANKER | P:8♠ 9♣=7  B:6♠ 9♦ 4♠=9  BANKER(W)  | +950원 → 170,700원
H1294 | bet   1,000원 BANKER | P:4♠ J♥=4  B:8♣ A♠=9  BANKER(W)  | +950원 → 171,650원
H1295 | bet   1,000원 BANKER | P:9♠ 9♦=8  B:10♠ A♠=1  PLAYER(L)  | -1,000원 → 170,650원  [start]
H1296 | bet   2,000원 PLAYER | P:2♠ Q♣ 7♦=9  B:9♥ A♠ 8♥=8  PLAYER(W)  | +2,000원 → 172,650원  [end_win]
H1297 | bet   1,000원 BANKER | P:5♣ A♦=6  B:4♦ 3♥=7  BANKER(W)  | +950원 → 173,600원
H1298 | bet   1,000원 BANKER | P:4♦ 9♥ 4♣=7  B:A♠ 10♦ 5♠=6  PLAYER(L)  | -1,000원 → 172,600원  [start]
H1299 | bet   2,000원 PLAYER | P:Q♣ 2♣ K♥=2  B:K♥ 6♥=6  BANKER(L)  | -2,000원 → 170,600원
H1300 | bet   4,000원 PLAYER | P:J♠ 8♠=8  B:5♠ 3♠=8  TIE(T)  |     0원 → 170,600원
H1301 | bet   4,000원 PLAYER | P:3♠ J♥ 5♦=8  B:J♦ 2♣ 8♥=0  PLAYER(W)  | +4,000원 → 174,600원  [end_win]
H1302 | bet   1,000원 BANKER | P:2♥ 10♠ 7♦=9  B:2♠ 5♦=7  PLAYER(L)  | -1,000원 → 173,600원  [start]
H1303 | bet   2,000원 PLAYER | P:3♥ 3♣=6  B:2♥ 5♣=7  BANKER(L)  | -2,000원 → 171,600원
H1304 | bet   4,000원 PLAYER | P:7♠ J♦=7  B:4♦ Q♣ J♥=4  PLAYER(W)  | +4,000원 → 175,600원  [end_win]
H1305 | bet   1,000원 BANKER | P:3♣ 9♣ 8♦=0  B:6♣ 6♣ 3♥=5  BANKER(W)  | +950원 → 176,550원
H1306 | bet   1,000원 BANKER | P:7♥ 10♣=7  B:7♥ 10♣=7  TIE(T)  |     0원 → 176,550원
H1307 | bet   1,000원 BANKER | P:9♦ 10♠=9  B:5♥ A♥=6  PLAYER(L)  | -1,000원 → 175,550원  [start]
H1308 | bet   2,000원 PLAYER | P:J♣ K♥ A♥=1  B:7♦ 6♣ 5♣=8  BANKER(L)  | -2,000원 → 173,550원
H1309 | bet   4,000원 PLAYER | P:Q♠ 2♥ 10♠=2  B:10♠ 3♠ 5♥=8  BANKER(L)  | -4,000원 → 169,550원
H1310 | bet   8,000원 PLAYER | P:4♣ 5♣=9  B:7♥ Q♦=7  PLAYER(W)  | +8,000원 → 177,550원  [end_win]
H1311 | bet   1,000원 BANKER | P:5♦ 8♦ 7♥=0  B:7♦ 6♣ 8♥=1  BANKER(W)  | +950원 → 178,500원
H1312 | bet   1,000원 BANKER | P:6♥ A♣=7  B:J♠ Q♦ J♣=0  PLAYER(L)  | -1,000원 → 177,500원  [start]
H1313 | bet   2,000원 PLAYER | P:J♠ 9♣=9  B:5♦ 4♣=9  TIE(T)  |     0원 → 177,500원
H1314 | bet   2,000원 PLAYER | P:9♥ J♣=9  B:9♣ A♥=0  PLAYER(W)  | +2,000원 → 179,500원  [end_win]
H1315 | bet   1,000원 BANKER | P:3♦ 10♠ 3♥=6  B:2♥ 2♦ 5♠=9  BANKER(W)  | +950원 → 180,450원
H1316 | bet   1,000원 BANKER | P:7♣ 9♠=6  B:9♠ 8♠=7  BANKER(W)  | +950원 → 181,400원
H1317 | bet   1,000원 BANKER | P:10♥ 8♥=8  B:J♠ 9♠=9  BANKER(W)  | +950원 → 182,350원
H1318 | bet   1,000원 BANKER | P:A♦ 6♦=7  B:10♣ 6♣=6  PLAYER(L)  | -1,000원 → 181,350원  [start]
H1319 | bet   2,000원 PLAYER | P:3♥ 4♥=7  B:8♦ 5♠ 10♥=3  PLAYER(W)  | +2,000원 → 183,350원  [end_win]
H1320 | bet   1,000원 BANKER | P:3♠ 2♦ J♣=5  B:K♣ 3♦ 9♥=2  PLAYER(L)  | -1,000원 → 182,350원  [start]
H1321 | bet   2,000원 PLAYER | P:9♦ 2♦ J♦=1  B:10♣ 5♠=5  BANKER(L)  | -2,000원 → 180,350원
H1322 | bet   4,000원 PLAYER | P:Q♠ 4♣ 2♠=6  B:J♦ 6♦=6  TIE(T)  |     0원 → 180,350원
H1323 | bet   4,000원 PLAYER | P:10♥ 4♠ 9♥=3  B:A♠ 4♥=5  BANKER(L)  | -4,000원 → 176,350원
H1324 | bet   8,000원 PLAYER | P:4♦ 2♦=6  B:A♦ Q♦ 4♦=5  PLAYER(W)  | +8,000원 → 184,350원  [end_win]
H1325 | bet   1,000원 BANKER | P:6♥ 4♠ 9♣=9  B:7♣ K♦=7  PLAYER(L)  | -1,000원 → 183,350원  [start]
H1326 | bet   2,000원 PLAYER | P:7♠ K♥=7  B:2♣ J♦ 4♣=6  PLAYER(W)  | +2,000원 → 185,350원  [end_win]
H1327 | bet   1,000원 BANKER | P:8♦ K♥=8  B:A♦ 2♣=3  PLAYER(L)  | -1,000원 → 184,350원  [start]
H1328 | bet   2,000원 PLAYER | P:K♥ 3♥ J♥=3  B:5♥ 6♦ Q♣=1  PLAYER(W)  | +2,000원 → 186,350원  [end_win]
H1329 | bet   1,000원 BANKER | P:2♣ 9♦ 4♠=5  B:5♥ 2♠=7  BANKER(W)  | +950원 → 187,300원
H1330 | bet   1,000원 BANKER | P:K♦ K♣ 7♥=7  B:Q♠ 4♣ 10♣=4  PLAYER(L)  | -1,000원 → 186,300원  [start]
H1331 | bet   2,000원 PLAYER | P:K♥ 4♣ 4♥=8  B:A♦ 6♣=7  PLAYER(W)  | +2,000원 → 188,300원  [end_win]
H1332 | bet   1,000원 BANKER | P:3♣ A♣ 6♥=0  B:8♠ 3♣ 8♥=9  BANKER(W)  | +950원 → 189,250원
H1333 | bet   1,000원 BANKER | P:5♦ 8♣ K♠=3  B:7♥ K♦=7  BANKER(W)  | +950원 → 190,200원
H1334 | bet   1,000원 BANKER | P:2♥ K♣=2  B:J♠ 9♦=9  BANKER(W)  | +950원 → 191,150원
H1335 | bet   1,000원 BANKER | P:4♦ 5♣=9  B:K♦ J♦=0  PLAYER(L)  | -1,000원 → 190,150원  [start]
H1336 | bet   2,000원 PLAYER | P:4♠ 8♠ 8♣=0  B:K♥ 10♣ 9♦=9  BANKER(L)  | -2,000원 → 188,150원
H1337 | bet   4,000원 PLAYER | P:Q♥ 5♣ 5♠=0  B:3♠ 8♠ 5♦=6  BANKER(L)  | -4,000원 → 184,150원
H1338 | bet   8,000원 PLAYER | P:9♠ 3♠ 10♦=2  B:5♦ J♠=5  BANKER(L)  | -8,000원 → 176,150원
H1339 | bet  16,000원 PLAYER | P:4♦ K♠=4  B:8♥ A♠=9  BANKER(L)  | -16,000원 → 160,150원  [end_giveup]
H1340 | bet   1,000원 BANKER | P:8♦ 8♦=6  B:8♠ 10♥=8  BANKER(W)  | +950원 → 161,100원
H1341 | bet   1,000원 BANKER | P:6♦ 9♠ 5♥=0  B:J♥ 5♥ 8♦=3  BANKER(W)  | +950원 → 162,050원
H1342 | bet   1,000원 BANKER | P:4♥ 7♦ A♣=2  B:10♦ 7♦=7  BANKER(W)  | +950원 → 163,000원
H1343 | bet   1,000원 BANKER | P:3♦ 6♠=9  B:Q♣ J♦=0  PLAYER(L)  | -1,000원 → 162,000원  [start]
H1344 | bet   2,000원 PLAYER | P:J♣ Q♥=0  B:8♥ Q♦=8  BANKER(L)  | -2,000원 → 160,000원
H1345 | bet   4,000원 PLAYER | P:9♥ 10♥=9  B:2♦ 3♦=5  PLAYER(W)  | +4,000원 → 164,000원  [end_win]
H1346 | bet   1,000원 BANKER | P:3♠ A♦=4  B:9♣ 9♣=8  BANKER(W)  | +950원 → 164,950원
H1347 | bet   1,000원 BANKER | P:6♥ A♥=7  B:2♥ 2♣ Q♥=4  PLAYER(L)  | -1,000원 → 163,950원  [start]
H1348 | bet   2,000원 PLAYER | P:5♣ 3♠=8  B:Q♠ Q♣=0  PLAYER(W)  | +2,000원 → 165,950원  [end_win]
H1349 | bet   1,000원 BANKER | P:5♦ 3♥=8  B:6♠ 10♦=6  PLAYER(L)  | -1,000원 → 164,950원  [start]
H1350 | bet   2,000원 PLAYER | P:Q♦ K♥ 4♠=4  B:7♣ 5♠ A♠=3  PLAYER(W)  | +2,000원 → 166,950원  [end_win]
H1351 | bet   1,000원 BANKER | P:2♠ A♠ 2♠=5  B:7♦ 10♠=7  BANKER(W)  | +950원 → 167,900원
H1352 | bet   1,000원 BANKER | P:8♠ 6♥ Q♥=4  B:10♠ 10♦ 10♦=0  PLAYER(L)  | -1,000원 → 166,900원  [start]
H1353 | bet   2,000원 PLAYER | P:10♣ 6♠=6  B:A♥ 3♦ A♣=5  PLAYER(W)  | +2,000원 → 168,900원  [end_win]
H1354 | bet   1,000원 BANKER | P:3♣ 8♣ A♥=2  B:8♣ 2♥ 3♥=3  BANKER(W)  | +950원 → 169,850원
H1355 | bet   1,000원 BANKER | P:2♦ 2♣ 3♦=7  B:9♦ 7♣=6  PLAYER(L)  | -1,000원 → 168,850원  [start]
H1356 | bet   2,000원 PLAYER | P:3♦ K♠ 8♠=1  B:K♠ 10♠ J♥=0  PLAYER(W)  | +2,000원 → 170,850원  [end_win]
H1357 | bet   1,000원 BANKER | P:Q♠ 5♠ 2♣=7  B:J♥ 4♥ 6♥=0  PLAYER(L)  | -1,000원 → 169,850원  [start]
H1358 | bet   2,000원 PLAYER | P:10♦ A♣ 8♠=9  B:6♠ 6♦ 2♠=4  PLAYER(W)  | +2,000원 → 171,850원  [end_win]
H1359 | bet   1,000원 BANKER | P:7♦ 4♣ 4♣=5  B:A♠ J♥ Q♥=1  PLAYER(L)  | -1,000원 → 170,850원  [start]
H1360 | bet   2,000원 PLAYER | P:7♥ 7♣=4  B:Q♠ 8♣=8  BANKER(L)  | -2,000원 → 168,850원
H1361 | bet   4,000원 PLAYER | P:Q♣ K♠ 2♣=2  B:6♣ 7♦ J♠=3  BANKER(L)  | -4,000원 → 164,850원
H1362 | bet   8,000원 PLAYER | P:2♦ 7♥=9  B:7♠ Q♣=7  PLAYER(W)  | +8,000원 → 172,850원  [end_win]
H1363 | bet   1,000원 BANKER | P:A♦ 4♠ 9♣=4  B:A♦ Q♦ 4♥=5  BANKER(W)  | +950원 → 173,800원
H1364 | bet   1,000원 BANKER | P:J♣ 3♠=3  B:6♠ 3♣=9  BANKER(W)  | +950원 → 174,750원
H1365 | bet   1,000원 BANKER | P:A♣ 3♥ 10♥=4  B:K♣ 6♥=6  BANKER(W)  | +950원 → 175,700원
H1366 | bet   1,000원 BANKER | P:A♣ 7♣=8  B:2♠ A♥=3  PLAYER(L)  | -1,000원 → 174,700원  [start]
H1367 | bet   2,000원 PLAYER | P:9♣ 10♣=9  B:5♦ A♠=6  PLAYER(W)  | +2,000원 → 176,700원  [end_win]
H1368 | bet   1,000원 BANKER | P:K♠ J♣ 9♠=9  B:6♣ 5♠ 3♣=4  PLAYER(L)  | -1,000원 → 175,700원  [start]
H1369 | bet   2,000원 PLAYER | P:K♣ 7♣=7  B:4♠ K♣ 10♥=4  PLAYER(W)  | +2,000원 → 177,700원  [end_win]
H1370 | bet   1,000원 BANKER | P:Q♥ K♦=0  B:Q♣ 9♠=9  BANKER(W)  | +950원 → 178,650원
H1371 | bet   1,000원 BANKER | P:5♥ 5♠ 9♥=9  B:2♥ 10♠ K♠=2  PLAYER(L)  | -1,000원 → 177,650원  [start]
H1372 | bet   2,000원 PLAYER | P:5♣ 8♣ 7♠=0  B:6♦ J♠ 6♠=2  BANKER(L)  | -2,000원 → 175,650원
H1373 | bet   4,000원 PLAYER | P:A♠ 6♥=7  B:6♠ 9♠ 9♥=4  PLAYER(W)  | +4,000원 → 179,650원  [end_win]
H1374 | bet   1,000원 BANKER | P:6♦ J♦=6  B:5♥ Q♠ K♠=5  PLAYER(L)  | -1,000원 → 178,650원  [start]
H1375 | bet   2,000원 PLAYER | P:7♣ 10♦=7  B:9♦ 9♥=8  BANKER(L)  | -2,000원 → 176,650원
H1376 | bet   4,000원 PLAYER | P:K♥ 7♠=7  B:10♦ K♣ 6♠=6  PLAYER(W)  | +4,000원 → 180,650원  [end_win]
H1377 | bet   1,000원 BANKER | P:5♣ A♠=6  B:8♣ A♦=9  BANKER(W)  | +950원 → 181,600원
H1378 | bet   1,000원 BANKER | P:6♦ A♣=7  B:2♣ 4♠=6  PLAYER(L)  | -1,000원 → 180,600원  [start]
H1379 | bet   2,000원 PLAYER | P:J♥ 7♦=7  B:Q♦ K♣ J♣=0  PLAYER(W)  | +2,000원 → 182,600원  [end_win]
H1380 | bet   1,000원 BANKER | P:3♣ 2♠ Q♥=5  B:4♥ 7♠ 7♠=8  BANKER(W)  | +950원 → 183,550원
H1381 | bet   1,000원 BANKER | P:2♥ 10♥ 7♠=9  B:K♦ 2♦ 4♦=6  PLAYER(L)  | -1,000원 → 182,550원  [start]
H1382 | bet   2,000원 PLAYER | P:8♦ K♦=8  B:J♦ J♠=0  PLAYER(W)  | +2,000원 → 184,550원  [end_win]
H1383 | bet   1,000원 BANKER | P:4♦ 8♥=2  B:9♥ Q♣=9  BANKER(W)  | +950원 → 185,500원
H1384 | bet   1,000원 BANKER | P:4♦ 9♦=3  B:8♥ A♥=9  BANKER(W)  | +950원 → 186,450원
H1385 | bet   1,000원 BANKER | P:Q♦ 5♣ A♠=6  B:K♣ 7♠=7  BANKER(W)  | +950원 → 187,400원
H1386 | bet   1,000원 BANKER | P:5♥ 7♠ 10♥=2  B:6♦ K♥=6  BANKER(W)  | +950원 → 188,350원
H1387 | bet   1,000원 BANKER | P:2♣ Q♠ K♣=2  B:A♠ 6♠=7  BANKER(W)  | +950원 → 189,300원
H1388 | bet   1,000원 BANKER | P:7♣ 5♠=2  B:3♠ 6♣=9  BANKER(W)  | +950원 → 190,250원
H1389 | bet   1,000원 BANKER | P:8♦ 10♣=8  B:2♦ 5♠=7  PLAYER(L)  | -1,000원 → 189,250원  [start]
H1390 | bet   2,000원 PLAYER | P:5♣ 8♠ A♣=4  B:3♠ 10♠ 2♦=5  BANKER(L)  | -2,000원 → 187,250원
H1391 | bet   4,000원 PLAYER | P:7♥ 3♠ 4♥=4  B:4♠ A♦ Q♣=5  BANKER(L)  | -4,000원 → 183,250원
H1392 | bet   8,000원 PLAYER | P:5♠ 5♣ 4♦=4  B:10♦ 6♣=6  BANKER(L)  | -8,000원 → 175,250원
H1393 | bet  16,000원 PLAYER | P:4♣ 5♥=9  B:8♣ 4♥=2  PLAYER(W)  | +16,000원 → 191,250원  [end_win]
H1394 | bet   1,000원 BANKER | P:J♣ 4♥ Q♥=4  B:3♦ 3♦=6  BANKER(W)  | +950원 → 192,200원
H1395 | bet   1,000원 BANKER | P:6♥ 8♠ A♦=5  B:4♦ A♣=5  TIE(T)  |     0원 → 192,200원
H1396 | bet   1,000원 BANKER | P:J♣ 6♠=6  B:9♣ J♣=9  BANKER(W)  | +950원 → 193,150원
H1397 | bet   1,000원 BANKER | P:Q♣ 2♦ Q♥=2  B:2♣ 4♠=6  BANKER(W)  | +950원 → 194,100원
H1398 | bet   1,000원 BANKER | P:A♦ 7♣=8  B:3♣ 2♣=5  PLAYER(L)  | -1,000원 → 193,100원  [start]
H1399 | bet   2,000원 PLAYER | P:10♥ 10♠ 2♣=2  B:3♠ 3♥=6  BANKER(L)  | -2,000원 → 191,100원
H1400 | bet   4,000원 PLAYER | P:A♦ J♠ 7♦=8  B:5♠ 6♥ 3♠=4  PLAYER(W)  | +4,000원 → 195,100원  [end_win]
H1401 | bet   1,000원 BANKER | P:J♥ 4♦ 4♣=8  B:4♦ 8♥ J♣=2  PLAYER(L)  | -1,000원 → 194,100원  [start]
H1402 | bet   2,000원 PLAYER | P:J♠ J♠ K♥=0  B:7♥ 3♥ 8♥=8  BANKER(L)  | -2,000원 → 192,100원
H1403 | bet   4,000원 PLAYER | P:4♦ J♠ 4♦=8  B:10♦ 2♠ A♥=3  PLAYER(W)  | +4,000원 → 196,100원  [end_win]
H1404 | bet   1,000원 BANKER | P:4♠ 10♥ Q♥=4  B:K♣ 7♠=7  BANKER(W)  | +950원 → 197,050원
H1405 | bet   1,000원 BANKER | P:K♠ J♥=0  B:8♠ Q♦=8  BANKER(W)  | +950원 → 198,000원
H1406 | bet   1,000원 BANKER | P:6♣ K♠=6  B:J♥ 8♣=8  BANKER(W)  | +950원 → 198,950원
H1407 | bet   1,000원 BANKER | P:9♦ 7♦=6  B:3♦ K♣ 9♠=2  PLAYER(L)  | -1,000원 → 197,950원  [start]
H1408 | bet   2,000원 PLAYER | P:4♠ 5♣=9  B:Q♦ 5♣=5  PLAYER(W)  | +2,000원 → 199,950원  [end_win]
H1409 | bet   1,000원 BANKER | P:J♦ 4♣=4  B:8♣ J♣=8  BANKER(W)  | +950원 → 200,900원
H1410 | bet   1,000원 BANKER | P:5♠ 6♠ 6♥=7  B:7♥ Q♥=7  TIE(T)  |     0원 → 200,900원
H1411 | bet   1,000원 BANKER | P:3♣ 8♦=1  B:9♦ 9♦=8  BANKER(W)  | +950원 → 201,850원
H1412 | bet   1,000원 BANKER | P:2♥ 2♦ 4♣=8  B:K♣ 10♦ 8♥=8  TIE(T)  |     0원 → 201,850원
H1413 | bet   1,000원 BANKER | P:J♥ 8♠=8  B:2♣ K♦=2  PLAYER(L)  | -1,000원 → 200,850원  [start]
H1414 | bet   2,000원 PLAYER | P:9♦ K♥=9  B:K♥ J♠=0  PLAYER(W)  | +2,000원 → 202,850원  [end_win]
H1415 | bet   1,000원 BANKER | P:7♣ A♥=8  B:J♦ 9♣=9  BANKER(W)  | +950원 → 203,800원
H1416 | bet   1,000원 BANKER | P:Q♣ 2♥ 3♣=5  B:K♦ A♣ 5♦=6  BANKER(W)  | +950원 → 204,750원
H1417 | bet   1,000원 BANKER | P:J♣ 8♥=8  B:2♠ 9♠=1  PLAYER(L)  | -1,000원 → 203,750원  [start]
H1418 | bet   2,000원 PLAYER | P:A♥ A♣=2  B:K♠ 8♥=8  BANKER(L)  | -2,000원 → 201,750원
H1419 | bet   4,000원 PLAYER | P:J♦ 2♠ 8♥=0  B:9♦ 6♥=5  BANKER(L)  | -4,000원 → 197,750원
H1420 | bet   8,000원 PLAYER | P:4♣ 8♣ 4♣=6  B:A♠ 5♣=6  TIE(T)  |     0원 → 197,750원
H1421 | bet   8,000원 PLAYER | P:6♦ 6♣ 10♣=2  B:A♦ 4♥=5  BANKER(L)  | -8,000원 → 189,750원
H1422 | bet  16,000원 PLAYER | P:9♥ 2♥ J♣=1  B:10♠ Q♣ 5♦=5  BANKER(L)  | -16,000원 → 173,750원  [end_giveup]
H1423 | bet   1,000원 BANKER | P:4♥ J♥ 7♦=1  B:Q♣ 3♣ 2♥=5  BANKER(W)  | +950원 → 174,700원
H1424 | bet   1,000원 BANKER | P:10♣ K♦ 3♠=3  B:A♠ J♠ K♦=1  PLAYER(L)  | -1,000원 → 173,700원  [start]
H1425 | bet   2,000원 PLAYER | P:A♥ 7♦=8  B:6♦ Q♣=6  PLAYER(W)  | +2,000원 → 175,700원  [end_win]
H1426 | bet   1,000원 BANKER | P:10♣ Q♦ 7♠=7  B:K♣ 3♥ A♦=4  PLAYER(L)  | -1,000원 → 174,700원  [start]
H1427 | bet   2,000원 PLAYER | P:9♥ 6♠=5  B:5♦ 3♥=8  BANKER(L)  | -2,000원 → 172,700원
H1428 | bet   4,000원 PLAYER | P:10♣ 8♦=8  B:10♠ K♥=0  PLAYER(W)  | +4,000원 → 176,700원  [end_win]
H1429 | bet   1,000원 BANKER | P:7♠ Q♥=7  B:9♥ 10♥=9  BANKER(W)  | +950원 → 177,650원
H1430 | bet   1,000원 BANKER | P:Q♠ 4♥ 5♥=9  B:2♥ 5♣=7  PLAYER(L)  | -1,000원 → 176,650원  [start]
H1431 | bet   2,000원 PLAYER | P:7♦ 7♦=4  B:8♠ A♦=9  BANKER(L)  | -2,000원 → 174,650원
H1432 | bet   4,000원 PLAYER | P:4♥ 8♥ J♥=2  B:5♥ 5♥ K♦=0  PLAYER(W)  | +4,000원 → 178,650원  [end_win]
H1433 | bet   1,000원 BANKER | P:3♠ 9♠ J♠=2  B:5♦ 9♠=4  BANKER(W)  | +950원 → 179,600원
H1434 | bet   1,000원 BANKER | P:J♦ 4♣ 9♠=3  B:7♠ 9♣=6  BANKER(W)  | +950원 → 180,550원
H1435 | bet   1,000원 BANKER | P:7♠ 6♦ 10♣=3  B:8♣ 2♣ 2♠=2  PLAYER(L)  | -1,000원 → 179,550원  [start]
H1436 | bet   2,000원 PLAYER | P:A♥ 9♦ 9♣=9  B:10♦ 3♦ 9♣=2  PLAYER(W)  | +2,000원 → 181,550원  [end_win]
H1437 | bet   1,000원 BANKER | P:2♥ 9♥ 10♦=1  B:3♠ 9♥ J♠=2  BANKER(W)  | +950원 → 182,500원
H1438 | bet   1,000원 BANKER | P:Q♠ 9♣=9  B:10♠ 4♣=4  PLAYER(L)  | -1,000원 → 181,500원  [start]
H1439 | bet   2,000원 PLAYER | P:2♦ 8♠ 9♣=9  B:K♥ K♠ 3♣=3  PLAYER(W)  | +2,000원 → 183,500원  [end_win]
H1440 | bet   1,000원 BANKER | P:5♥ J♥ 6♣=1  B:6♥ 9♠ 9♠=4  BANKER(W)  | +950원 → 184,450원
H1441 | bet   1,000원 BANKER | P:9♦ 8♣=7  B:8♦ 7♥ 2♦=7  TIE(T)  |     0원 → 184,450원
H1442 | bet   1,000원 BANKER | P:Q♥ 8♠=8  B:Q♦ A♦=1  PLAYER(L)  | -1,000원 → 183,450원  [start]
H1443 | bet   2,000원 PLAYER | P:5♥ 2♦=7  B:10♠ K♣ Q♠=0  PLAYER(W)  | +2,000원 → 185,450원  [end_win]
H1444 | bet   1,000원 BANKER | P:9♠ 7♥=6  B:3♦ 7♦ 7♥=7  BANKER(W)  | +950원 → 186,400원
H1445 | bet   1,000원 BANKER | P:A♠ 4♠ 4♦=9  B:Q♥ 5♦ 6♦=1  PLAYER(L)  | -1,000원 → 185,400원  [start]
H1446 | bet   2,000원 PLAYER | P:7♣ A♣=8  B:J♦ Q♠=0  PLAYER(W)  | +2,000원 → 187,400원  [end_win]
H1447 | bet   1,000원 BANKER | P:Q♥ 9♥=9  B:2♠ 6♦=8  PLAYER(L)  | -1,000원 → 186,400원  [start]
H1448 | bet   2,000원 PLAYER | P:9♥ 4♥ K♣=3  B:3♥ 10♣ 6♠=9  BANKER(L)  | -2,000원 → 184,400원
H1449 | bet   4,000원 PLAYER | P:5♣ 2♠=7  B:10♦ 4♠ 5♦=9  BANKER(L)  | -4,000원 → 180,400원
H1450 | bet   8,000원 PLAYER | P:5♥ K♦ A♣=6  B:6♥ 8♦=4  PLAYER(W)  | +8,000원 → 188,400원  [end_win]
H1451 | bet   1,000원 BANKER | P:6♣ 3♣=9  B:K♠ 7♦=7  PLAYER(L)  | -1,000원 → 187,400원  [start]
H1452 | bet   2,000원 PLAYER | P:10♦ 3♥ 3♥=6  B:6♣ 7♥ A♣=4  PLAYER(W)  | +2,000원 → 189,400원  [end_win]
H1453 | bet   1,000원 BANKER | P:8♣ 8♣=6  B:2♣ Q♦ 8♦=0  PLAYER(L)  | -1,000원 → 188,400원  [start]
H1454 | bet   2,000원 PLAYER | P:K♠ K♥=0  B:3♦ 5♠=8  BANKER(L)  | -2,000원 → 186,400원
H1455 | bet   4,000원 PLAYER | P:10♦ 10♠ J♦=0  B:10♣ 10♥ 7♣=7  BANKER(L)  | -4,000원 → 182,400원
H1456 | bet   8,000원 PLAYER | P:J♣ 2♣ K♠=2  B:8♠ 7♣=5  BANKER(L)  | -8,000원 → 174,400원
H1457 | bet  16,000원 PLAYER | P:Q♠ 8♦=8  B:6♥ 6♦=2  PLAYER(W)  | +16,000원 → 190,400원  [end_win]
H1458 | bet   1,000원 BANKER | P:4♠ 3♣=7  B:7♣ A♥=8  BANKER(W)  | +950원 → 191,350원
H1459 | bet   1,000원 BANKER | P:2♠ Q♠ 7♥=9  B:3♦ A♠ 3♥=7  PLAYER(L)  | -1,000원 → 190,350원  [start]
H1460 | bet   2,000원 PLAYER | P:Q♠ 2♦ J♥=2  B:10♥ K♦ 5♦=5  BANKER(L)  | -2,000원 → 188,350원
H1461 | bet   4,000원 PLAYER | P:10♥ 6♦=6  B:10♥ J♦ 5♦=5  PLAYER(W)  | +4,000원 → 192,350원  [end_win]
H1462 | bet   1,000원 BANKER | P:4♦ 6♣ K♠=0  B:J♦ 3♣ A♥=4  BANKER(W)  | +950원 → 193,300원
H1463 | bet   1,000원 BANKER | P:Q♣ Q♦=0  B:9♥ 10♠=9  BANKER(W)  | +950원 → 194,250원
H1464 | bet   1,000원 BANKER | P:8♥ 2♥=0  B:K♥ 9♣=9  BANKER(W)  | +950원 → 195,200원
H1465 | bet   1,000원 BANKER | P:Q♦ 7♣=7  B:6♠ 2♥=8  BANKER(W)  | +950원 → 196,150원
H1466 | bet   1,000원 BANKER | P:2♠ 6♠=8  B:A♠ Q♣=1  PLAYER(L)  | -1,000원 → 195,150원  [start]
H1467 | bet   2,000원 PLAYER | P:10♦ 9♦=9  B:2♥ J♠=2  PLAYER(W)  | +2,000원 → 197,150원  [end_win]
H1468 | bet   1,000원 BANKER | P:K♦ Q♠=0  B:J♥ 9♦=9  BANKER(W)  | +950원 → 198,100원
H1469 | bet   1,000원 BANKER | P:6♠ 3♠=9  B:2♦ 9♠=1  PLAYER(L)  | -1,000원 → 197,100원  [start]
H1470 | bet   2,000원 PLAYER | P:A♦ 6♦=7  B:J♦ 4♣ 8♠=2  PLAYER(W)  | +2,000원 → 199,100원  [end_win]
H1471 | bet   1,000원 BANKER | P:A♠ K♣=1  B:Q♦ 9♥=9  BANKER(W)  | +950원 → 200,050원
H1472 | bet   1,000원 BANKER | P:A♥ 8♦=9  B:4♥ 2♠=6  PLAYER(L)  | -1,000원 → 199,050원  [start]
H1473 | bet   2,000원 PLAYER | P:3♠ K♠ 9♥=2  B:3♦ Q♥ 4♣=7  BANKER(L)  | -2,000원 → 197,050원
H1474 | bet   4,000원 PLAYER | P:7♠ 5♥ K♦=2  B:3♦ Q♥ K♠=3  BANKER(L)  | -4,000원 → 193,050원
H1475 | bet   8,000원 PLAYER | P:10♥ J♥ 5♥=5  B:5♦ A♦=6  BANKER(L)  | -8,000원 → 185,050원
H1476 | bet  16,000원 PLAYER | P:A♥ J♣=1  B:2♦ 6♦=8  BANKER(L)  | -16,000원 → 169,050원  [end_giveup]
H1477 | bet   1,000원 BANKER | P:9♥ J♠=9  B:A♠ 8♠=9  TIE(T)  |     0원 → 169,050원
H1478 | bet   1,000원 BANKER | P:7♠ 2♦=9  B:Q♠ 7♠=7  PLAYER(L)  | -1,000원 → 168,050원  [start]
H1479 | bet   2,000원 PLAYER | P:2♥ 6♥=8  B:5♦ 2♣=7  PLAYER(W)  | +2,000원 → 170,050원  [end_win]
H1480 | bet   1,000원 BANKER | P:10♠ 8♠=8  B:6♦ 6♠=2  PLAYER(L)  | -1,000원 → 169,050원  [start]
H1481 | bet   2,000원 PLAYER | P:6♣ 2♥=8  B:3♠ J♦=3  PLAYER(W)  | +2,000원 → 171,050원  [end_win]
H1482 | bet   1,000원 BANKER | P:10♥ 6♠=6  B:5♣ 10♥ J♥=5  PLAYER(L)  | -1,000원 → 170,050원  [start]
H1483 | bet   2,000원 PLAYER | P:6♦ 6♠ K♠=2  B:4♣ 6♦ 10♣=0  PLAYER(W)  | +2,000원 → 172,050원  [end_win]
H1484 | bet   1,000원 BANKER | P:9♣ 6♠ Q♥=5  B:10♥ A♠ 3♠=4  PLAYER(L)  | -1,000원 → 171,050원  [start]
H1485 | bet   2,000원 PLAYER | P:4♦ 9♦ 7♥=0  B:8♣ 7♦ 7♥=2  BANKER(L)  | -2,000원 → 169,050원
H1486 | bet   4,000원 PLAYER | P:3♣ 8♦ 5♣=6  B:K♣ 4♥ 6♦=0  PLAYER(W)  | +4,000원 → 173,050원  [end_win]
H1487 | bet   1,000원 BANKER | P:10♣ A♣ K♥=1  B:8♣ 8♣=6  BANKER(W)  | +950원 → 174,000원
H1488 | bet   1,000원 BANKER | P:5♠ J♠ 7♥=2  B:2♦ 4♦ 4♦=0  PLAYER(L)  | -1,000원 → 173,000원  [start]
H1489 | bet   2,000원 PLAYER | P:3♦ 2♣ 7♦=2  B:8♣ 5♥ 6♥=9  BANKER(L)  | -2,000원 → 171,000원
H1490 | bet   4,000원 PLAYER | P:8♥ 2♠ 8♠=8  B:J♥ 10♠ 7♦=7  PLAYER(W)  | +4,000원 → 175,000원  [end_win]
H1491 | bet   1,000원 BANKER | P:5♥ 6♠=1  B:4♥ 5♥=9  BANKER(W)  | +950원 → 175,950원
H1492 | bet   1,000원 BANKER | P:6♠ 7♣ 3♠=6  B:5♠ 2♣=7  BANKER(W)  | +950원 → 176,900원
H1493 | bet   1,000원 BANKER | P:K♣ J♥ 9♦=9  B:10♦ Q♥ 3♠=3  PLAYER(L)  | -1,000원 → 175,900원  [start]
H1494 | bet   2,000원 PLAYER | P:5♣ A♣=6  B:5♣ 5♣ 4♠=4  PLAYER(W)  | +2,000원 → 177,900원  [end_win]
H1495 | bet   1,000원 BANKER | P:3♣ 4♥=7  B:9♠ 9♥=8  BANKER(W)  | +950원 → 178,850원
H1496 | bet   1,000원 BANKER | P:J♣ Q♦ 8♣=8  B:10♠ 3♥=3  PLAYER(L)  | -1,000원 → 177,850원  [start]
H1497 | bet   2,000원 PLAYER | P:10♥ 4♠=4  B:8♦ Q♠=8  BANKER(L)  | -2,000원 → 175,850원
H1498 | bet   4,000원 PLAYER | P:7♣ 5♥ 2♠=4  B:10♦ 4♥ A♠=5  BANKER(L)  | -4,000원 → 171,850원
H1499 | bet   8,000원 PLAYER | P:5♠ 8♥=3  B:J♠ 8♠=8  BANKER(L)  | -8,000원 → 163,850원
H1500 | bet  16,000원 PLAYER | P:2♥ 5♦=7  B:4♦ 5♣=9  BANKER(L)  | -16,000원 → 147,850원  [end_giveup]
H1501 | bet   1,000원 BANKER | P:2♣ 7♣=9  B:7♣ K♥=7  PLAYER(L)  | -1,000원 → 146,850원  [start]
H1502 | bet   2,000원 PLAYER | P:9♠ K♠=9  B:K♦ 9♠=9  TIE(T)  |     0원 → 146,850원
H1503 | bet   2,000원 PLAYER | P:2♠ 7♣=9  B:2♠ A♣=3  PLAYER(W)  | +2,000원 → 148,850원  [end_win]
H1504 | bet   1,000원 BANKER | P:Q♣ 6♥=6  B:7♠ A♥=8  BANKER(W)  | +950원 → 149,800원
H1505 | bet   1,000원 BANKER | P:8♥ J♥=8  B:A♦ 8♦=9  BANKER(W)  | +950원 → 150,750원
H1506 | bet   1,000원 BANKER | P:9♦ J♥=9  B:3♠ 7♥=0  PLAYER(L)  | -1,000원 → 149,750원  [start]
H1507 | bet   2,000원 PLAYER | P:10♣ Q♣ 2♣=2  B:K♣ J♠ J♠=0  PLAYER(W)  | +2,000원 → 151,750원  [end_win]
H1508 | bet   1,000원 BANKER | P:7♦ 9♣=6  B:10♦ Q♥ K♠=0  PLAYER(L)  | -1,000원 → 150,750원  [start]
H1509 | bet   2,000원 PLAYER | P:K♦ 7♥=7  B:5♦ 9♣ K♦=4  PLAYER(W)  | +2,000원 → 152,750원  [end_win]
H1510 | bet   1,000원 BANKER | P:3♦ J♦ 4♦=7  B:6♥ 10♣=6  PLAYER(L)  | -1,000원 → 151,750원  [start]
H1511 | bet   2,000원 PLAYER | P:A♠ 5♣=6  B:7♦ Q♣=7  BANKER(L)  | -2,000원 → 149,750원
H1512 | bet   4,000원 PLAYER | P:8♦ 10♥=8  B:Q♠ Q♠=0  PLAYER(W)  | +4,000원 → 153,750원  [end_win]
H1513 | bet   1,000원 BANKER | P:Q♦ J♠=0  B:8♥ 10♠=8  BANKER(W)  | +950원 → 154,700원
H1514 | bet   1,000원 BANKER | P:A♥ 10♣ 7♣=8  B:9♣ 2♦ K♣=1  PLAYER(L)  | -1,000원 → 153,700원  [start]
H1515 | bet   2,000원 PLAYER | P:A♣ 10♠=1  B:8♠ J♦=8  BANKER(L)  | -2,000원 → 151,700원
H1516 | bet   4,000원 PLAYER | P:6♥ A♣=7  B:Q♠ 5♥ 8♣=3  PLAYER(W)  | +4,000원 → 155,700원  [end_win]
H1517 | bet   1,000원 BANKER | P:8♦ 9♠=7  B:10♦ J♣ 9♦=9  BANKER(W)  | +950원 → 156,650원
H1518 | bet   1,000원 BANKER | P:4♣ J♠=4  B:J♦ 9♣=9  BANKER(W)  | +950원 → 157,600원
H1519 | bet   1,000원 BANKER | P:8♣ 4♣=2  B:A♦ 8♠=9  BANKER(W)  | +950원 → 158,550원
H1520 | bet   1,000원 BANKER | P:K♠ Q♦=0  B:5♠ 4♦=9  BANKER(W)  | +950원 → 159,500원
H1521 | bet   1,000원 BANKER | P:10♠ J♥ 9♣=9  B:3♥ 9♥ 9♥=1  PLAYER(L)  | -1,000원 → 158,500원  [start]
H1522 | bet   2,000원 PLAYER | P:6♥ K♣=6  B:7♠ 2♠=9  BANKER(L)  | -2,000원 → 156,500원
H1523 | bet   4,000원 PLAYER | P:A♥ Q♦ K♠=1  B:J♣ 6♣=6  BANKER(L)  | -4,000원 → 152,500원
H1524 | bet   8,000원 PLAYER | P:A♣ 4♠ 7♥=2  B:K♥ 10♠ 2♥=2  TIE(T)  |     0원 → 152,500원
H1525 | bet   8,000원 PLAYER | P:5♠ K♣ A♣=6  B:Q♣ Q♦ 3♣=3  PLAYER(W)  | +8,000원 → 160,500원  [end_win]
H1526 | bet   1,000원 BANKER | P:A♦ 4♣ 3♣=8  B:2♣ 4♠=6  PLAYER(L)  | -1,000원 → 159,500원  [start]
H1527 | bet   2,000원 PLAYER | P:Q♥ 6♦=6  B:4♠ 9♣ 4♦=7  BANKER(L)  | -2,000원 → 157,500원
H1528 | bet   4,000원 PLAYER | P:A♦ 5♦=6  B:7♠ 9♦=6  TIE(T)  |     0원 → 157,500원
H1529 | bet   4,000원 PLAYER | P:9♥ 4♥ 4♣=7  B:4♠ 8♦ 5♣=7  TIE(T)  |     0원 → 157,500원
H1530 | bet   4,000원 PLAYER | P:10♥ 3♦ 10♣=3  B:J♣ J♦ 8♥=8  BANKER(L)  | -4,000원 → 153,500원
H1531 | bet   8,000원 PLAYER | P:10♣ Q♦ K♥=0  B:K♦ 2♥ 2♣=4  BANKER(L)  | -8,000원 → 145,500원
H1532 | bet  16,000원 PLAYER | P:9♦ 4♣=3  B:3♦ 5♠=8  BANKER(L)  | -16,000원 → 129,500원  [end_giveup]
H1533 | bet   1,000원 BANKER | P:Q♥ K♣ 5♠=5  B:2♠ A♥ 3♥=6  BANKER(W)  | +950원 → 130,450원
H1534 | bet   1,000원 BANKER | P:2♦ K♦ K♦=2  B:Q♣ Q♠ J♣=0  PLAYER(L)  | -1,000원 → 129,450원  [start]
H1535 | bet   2,000원 PLAYER | P:2♦ 10♦ A♥=3  B:3♣ 7♠ 7♣=7  BANKER(L)  | -2,000원 → 127,450원
H1536 | bet   4,000원 PLAYER | P:J♦ A♦ Q♠=1  B:3♠ 4♥=7  BANKER(L)  | -4,000원 → 123,450원
H1537 | bet   8,000원 PLAYER | P:K♥ 5♦ 4♥=9  B:3♣ 7♦ 10♦=0  PLAYER(W)  | +8,000원 → 131,450원  [end_win]
H1538 | bet   1,000원 BANKER | P:A♥ 7♦=8  B:6♣ 5♠=1  PLAYER(L)  | -1,000원 → 130,450원  [start]
H1539 | bet   2,000원 PLAYER | P:10♠ K♥ 7♥=7  B:7♥ Q♣=7  TIE(T)  |     0원 → 130,450원
H1540 | bet   2,000원 PLAYER | P:4♠ 8♣ J♣=2  B:4♠ 8♦ 3♥=5  BANKER(L)  | -2,000원 → 128,450원
H1541 | bet   4,000원 PLAYER | P:6♥ 10♦=6  B:2♣ K♠ K♥=2  PLAYER(W)  | +4,000원 → 132,450원  [end_win]
H1542 | bet   1,000원 BANKER | P:A♠ 2♥ A♠=4  B:8♥ 4♦ 8♥=0  PLAYER(L)  | -1,000원 → 131,450원  [start]
H1543 | bet   2,000원 PLAYER | P:A♦ 2♦ 3♥=6  B:9♠ 8♥=7  BANKER(L)  | -2,000원 → 129,450원
H1544 | bet   4,000원 PLAYER | P:6♣ 9♣ 5♦=0  B:6♥ 6♠ 3♦=5  BANKER(L)  | -4,000원 → 125,450원
H1545 | bet   8,000원 PLAYER | P:3♦ Q♥ Q♦=3  B:2♠ A♣ 3♥=6  BANKER(L)  | -8,000원 → 117,450원
H1546 | bet  16,000원 PLAYER | P:7♦ 2♥=9  B:K♥ 9♠=9  TIE(T)  |     0원 → 117,450원
H1547 | bet  16,000원 PLAYER | P:J♦ 3♣=3  B:7♠ A♠=8  BANKER(L)  | -16,000원 → 101,450원  [end_giveup]
H1548 | bet   1,000원 BANKER | P:6♣ 6♣ 9♠=1  B:6♦ 6♣ 5♥=7  BANKER(W)  | +950원 → 102,400원
H1549 | bet   1,000원 BANKER | P:Q♥ 10♥=0  B:3♠ 5♦=8  BANKER(W)  | +950원 → 103,350원
H1550 | bet   1,000원 BANKER | P:5♠ Q♦ 6♠=1  B:7♠ 10♣=7  BANKER(W)  | +950원 → 104,300원
H1551 | bet   1,000원 BANKER | P:4♥ J♣ 2♥=6  B:4♠ 7♥ 9♥=0  PLAYER(L)  | -1,000원 → 103,300원  [start]
H1552 | bet   2,000원 PLAYER | P:J♥ 5♠ A♠=6  B:K♦ J♦ 4♥=4  PLAYER(W)  | +2,000원 → 105,300원  [end_win]
H1553 | bet   1,000원 BANKER | P:K♥ 4♥ A♦=5  B:6♠ K♠=6  BANKER(W)  | +950원 → 106,250원
H1554 | bet   1,000원 BANKER | P:K♣ J♣ J♦=0  B:J♣ 10♦ 8♠=8  BANKER(W)  | +950원 → 107,200원
H1555 | bet   1,000원 BANKER | P:9♠ 4♥ A♠=4  B:J♥ 5♦=5  BANKER(W)  | +950원 → 108,150원
H1556 | bet   1,000원 BANKER | P:7♠ 6♠ 9♦=2  B:J♥ 6♥=6  BANKER(W)  | +950원 → 109,100원
H1557 | bet   1,000원 BANKER | P:7♣ K♠=7  B:7♣ 4♥ 8♣=9  BANKER(W)  | +950원 → 110,050원
H1558 | bet   1,000원 BANKER | P:4♠ A♥=5  B:A♠ 7♥=8  BANKER(W)  | +950원 → 111,000원
H1559 | bet   1,000원 BANKER | P:J♣ Q♠=0  B:2♦ 6♥=8  BANKER(W)  | +950원 → 111,950원
H1560 | bet   1,000원 BANKER | P:9♥ 5♣ 10♣=4  B:K♥ 7♦=7  BANKER(W)  | +950원 → 112,900원
H1561 | bet   1,000원 BANKER | P:2♣ A♦ 7♣=0  B:Q♠ 5♣ 4♠=9  BANKER(W)  | +950원 → 113,850원
H1562 | bet   1,000원 BANKER | P:2♥ 8♣ 5♥=5  B:10♠ K♠ 8♣=8  BANKER(W)  | +950원 → 114,800원
H1563 | bet   1,000원 BANKER | P:10♦ A♣=1  B:K♣ 9♦=9  BANKER(W)  | +950원 → 115,750원
H1564 | bet   1,000원 BANKER | P:9♥ 4♣ 8♦=1  B:Q♣ K♣ Q♣=0  PLAYER(L)  | -1,000원 → 114,750원  [start]
H1565 | bet   2,000원 PLAYER | P:A♣ K♦ 6♣=7  B:9♣ 4♠ 3♦=6  PLAYER(W)  | +2,000원 → 116,750원  [end_win]
H1566 | bet   1,000원 BANKER | P:2♣ 6♣=8  B:A♣ K♥=1  PLAYER(L)  | -1,000원 → 115,750원  [start]
H1567 | bet   2,000원 PLAYER | P:A♥ A♠=2  B:9♥ J♠=9  BANKER(L)  | -2,000원 → 113,750원
H1568 | bet   4,000원 PLAYER | P:5♣ 2♦=7  B:4♣ 8♠ 7♦=9  BANKER(L)  | -4,000원 → 109,750원
H1569 | bet   8,000원 PLAYER | P:6♦ J♠=6  B:6♦ 9♦ 7♥=2  PLAYER(W)  | +8,000원 → 117,750원  [end_win]
H1570 | bet   1,000원 BANKER | P:9♥ 3♣=2  B:8♣ Q♥=8  BANKER(W)  | +950원 → 118,700원
H1571 | bet   1,000원 BANKER | P:3♦ Q♠ 10♦=3  B:7♦ 3♣ J♣=0  PLAYER(L)  | -1,000원 → 117,700원  [start]
H1572 | bet   2,000원 PLAYER | P:6♥ Q♠=6  B:5♦ 3♠=8  BANKER(L)  | -2,000원 → 115,700원
H1573 | bet   4,000원 PLAYER | P:Q♦ J♥=0  B:2♦ 6♥=8  BANKER(L)  | -4,000원 → 111,700원
H1574 | bet   8,000원 PLAYER | P:6♥ 2♠=8  B:Q♦ 3♥=3  PLAYER(W)  | +8,000원 → 119,700원  [end_win]
H1575 | bet   1,000원 BANKER | P:A♦ 9♥ 10♥=0  B:A♦ 4♠=5  BANKER(W)  | +950원 → 120,650원
H1576 | bet   1,000원 BANKER | P:2♦ A♣ 9♠=2  B:K♠ 3♥ 8♦=1  PLAYER(L)  | -1,000원 → 119,650원  [start]
H1577 | bet   2,000원 PLAYER | P:4♦ 4♦=8  B:3♥ 3♥=6  PLAYER(W)  | +2,000원 → 121,650원  [end_win]
H1578 | bet   1,000원 BANKER | P:J♠ 5♣ 5♥=0  B:3♠ 8♥ A♥=2  BANKER(W)  | +950원 → 122,600원
H1579 | bet   1,000원 BANKER | P:9♦ J♥=9  B:5♥ 5♣=0  PLAYER(L)  | -1,000원 → 121,600원  [start]
H1580 | bet   2,000원 PLAYER | P:8♠ 6♦ 10♥=4  B:A♠ 10♣ Q♥=1  PLAYER(W)  | +2,000원 → 123,600원  [end_win]
H1581 | bet   1,000원 BANKER | P:2♦ 4♦=6  B:2♠ 9♠ 5♣=6  TIE(T)  |     0원 → 123,600원
H1582 | bet   1,000원 BANKER | P:8♥ 2♠ 9♣=9  B:10♥ 4♣=4  PLAYER(L)  | -1,000원 → 122,600원  [start]
H1583 | bet   2,000원 PLAYER | P:K♥ 9♣=9  B:10♥ 2♣=2  PLAYER(W)  | +2,000원 → 124,600원  [end_win]
H1584 | bet   1,000원 BANKER | P:2♠ 8♠ 3♠=3  B:K♣ 7♦=7  BANKER(W)  | +950원 → 125,550원
H1585 | bet   1,000원 BANKER | P:4♦ 2♠=6  B:6♦ 5♦ 5♥=6  TIE(T)  |     0원 → 125,550원
H1586 | bet   1,000원 BANKER | P:7♠ J♦=7  B:K♦ 8♣=8  BANKER(W)  | +950원 → 126,500원
H1587 | bet   1,000원 BANKER | P:7♥ 9♥=6  B:10♠ 5♦ 10♠=5  PLAYER(L)  | -1,000원 → 125,500원  [start]
H1588 | bet   2,000원 PLAYER | P:5♠ 5♦ J♣=0  B:K♣ Q♦ 3♦=3  BANKER(L)  | -2,000원 → 123,500원
H1589 | bet   4,000원 PLAYER | P:3♦ 4♥=7  B:4♦ 6♠ 9♠=9  BANKER(L)  | -4,000원 → 119,500원
H1590 | bet   8,000원 PLAYER | P:A♦ 7♠=8  B:10♦ K♦=0  PLAYER(W)  | +8,000원 → 127,500원  [end_win]
H1591 | bet   1,000원 BANKER | P:6♣ 7♥ 7♣=0  B:7♠ 9♦ 5♣=1  BANKER(W)  | +950원 → 128,450원
H1592 | bet   1,000원 BANKER | P:8♠ K♠=8  B:A♥ J♠=1  PLAYER(L)  | -1,000원 → 127,450원  [start]
H1593 | bet   2,000원 PLAYER | P:7♣ 6♠ 5♣=8  B:6♥ K♥=6  PLAYER(W)  | +2,000원 → 129,450원  [end_win]
H1594 | bet   1,000원 BANKER | P:Q♦ J♠ J♦=0  B:7♠ Q♥=7  BANKER(W)  | +950원 → 130,400원
H1595 | bet   1,000원 BANKER | P:3♥ 7♦ 8♦=8  B:K♦ 4♦=4  PLAYER(L)  | -1,000원 → 129,400원  [start]
H1596 | bet   2,000원 PLAYER | P:K♦ 7♥=7  B:Q♠ K♠ 2♥=2  PLAYER(W)  | +2,000원 → 131,400원  [end_win]
H1597 | bet   1,000원 BANKER | P:Q♣ 7♣=7  B:7♠ 5♠ 9♣=1  PLAYER(L)  | -1,000원 → 130,400원  [start]
H1598 | bet   2,000원 PLAYER | P:8♥ J♦=8  B:A♣ 10♠=1  PLAYER(W)  | +2,000원 → 132,400원  [end_win]
H1599 | bet   1,000원 BANKER | P:10♦ 10♦=0  B:9♦ J♦=9  BANKER(W)  | +950원 → 133,350원
H1600 | bet   1,000원 BANKER | P:8♣ 3♣=1  B:9♠ K♣=9  BANKER(W)  | +950원 → 134,300원
H1601 | bet   1,000원 BANKER | P:6♥ 9♦ Q♣=5  B:10♥ 2♠ J♠=2  PLAYER(L)  | -1,000원 → 133,300원  [start]
H1602 | bet   2,000원 PLAYER | P:2♣ 5♥=7  B:9♠ Q♦=9  BANKER(L)  | -2,000원 → 131,300원
H1603 | bet   4,000원 PLAYER | P:3♣ 8♠ Q♦=1  B:A♣ 6♣=7  BANKER(L)  | -4,000원 → 127,300원
H1604 | bet   8,000원 PLAYER | P:8♥ Q♥=8  B:2♥ K♥=2  PLAYER(W)  | +8,000원 → 135,300원  [end_win]
H1605 | bet   1,000원 BANKER | P:8♦ 9♠=7  B:10♣ 10♣ K♦=0  PLAYER(L)  | -1,000원 → 134,300원  [start]
H1606 | bet   2,000원 PLAYER | P:4♣ 10♦ Q♥=4  B:Q♦ 10♦ K♣=0  PLAYER(W)  | +2,000원 → 136,300원  [end_win]
H1607 | bet   1,000원 BANKER | P:4♣ K♥ A♥=5  B:5♥ 2♦=7  BANKER(W)  | +950원 → 137,250원
H1608 | bet   1,000원 BANKER | P:7♦ 8♥ 6♦=1  B:5♠ 6♣ A♦=2  BANKER(W)  | +950원 → 138,200원
H1609 | bet   1,000원 BANKER | P:A♦ 3♥ 4♦=8  B:Q♥ 10♥ 3♦=3  PLAYER(L)  | -1,000원 → 137,200원  [start]
H1610 | bet   2,000원 PLAYER | P:4♥ 8♥ 10♥=2  B:3♠ 3♦=6  BANKER(L)  | -2,000원 → 135,200원
H1611 | bet   4,000원 PLAYER | P:8♦ J♣=8  B:2♥ 2♥=4  PLAYER(W)  | +4,000원 → 139,200원  [end_win]
H1612 | bet   1,000원 BANKER | P:3♦ 7♦=0  B:Q♣ 8♦=8  BANKER(W)  | +950원 → 140,150원
H1613 | bet   1,000원 BANKER | P:6♠ 4♠=0  B:2♠ 6♥=8  BANKER(W)  | +950원 → 141,100원
H1614 | bet   1,000원 BANKER | P:Q♣ 3♥ J♥=3  B:9♣ 7♣=6  BANKER(W)  | +950원 → 142,050원
H1615 | bet   1,000원 BANKER | P:4♠ 3♦=7  B:8♦ 6♦ 8♥=2  PLAYER(L)  | -1,000원 → 141,050원  [start]
H1616 | bet   2,000원 PLAYER | P:2♦ 6♦=8  B:Q♥ 10♠=0  PLAYER(W)  | +2,000원 → 143,050원  [end_win]
H1617 | bet   1,000원 BANKER | P:10♠ 3♣ 10♣=3  B:2♣ A♣ K♠=3  TIE(T)  |     0원 → 143,050원
H1618 | bet   1,000원 BANKER | P:J♥ K♣ 6♣=6  B:3♣ Q♣ 3♠=6  TIE(T)  |     0원 → 143,050원
H1619 | bet   1,000원 BANKER | P:5♥ 5♠ 9♣=9  B:Q♣ J♠ 7♣=7  PLAYER(L)  | -1,000원 → 142,050원  [start]
H1620 | bet   2,000원 PLAYER | P:8♣ 8♠=6  B:8♣ 8♠=6  TIE(T)  |     0원 → 142,050원
H1621 | bet   2,000원 PLAYER | P:2♣ 6♠=8  B:2♠ 6♣=8  TIE(T)  |     0원 → 142,050원
H1622 | bet   2,000원 PLAYER | P:2♦ 4♣=6  B:J♦ J♣ 5♦=5  PLAYER(W)  | +2,000원 → 144,050원  [end_win]
H1623 | bet   1,000원 BANKER | P:5♥ 10♣ J♦=5  B:7♠ J♥=7  BANKER(W)  | +950원 → 145,000원
H1624 | bet   1,000원 BANKER | P:6♠ A♠=7  B:9♥ 2♣ A♥=2  PLAYER(L)  | -1,000원 → 144,000원  [start]
H1625 | bet   2,000원 PLAYER | P:A♣ 2♥ J♠=3  B:6♦ K♥=6  BANKER(L)  | -2,000원 → 142,000원
H1626 | bet   4,000원 PLAYER | P:K♠ 10♣ A♥=1  B:A♠ 2♥ 7♦=0  PLAYER(W)  | +4,000원 → 146,000원  [end_win]
H1627 | bet   1,000원 BANKER | P:K♦ 3♥=3  B:4♣ 4♠=8  BANKER(W)  | +950원 → 146,950원
H1628 | bet   1,000원 BANKER | P:3♠ 9♣ 9♠=1  B:8♥ 5♦ 2♣=5  BANKER(W)  | +950원 → 147,900원
H1629 | bet   1,000원 BANKER | P:3♣ 10♠ 7♥=0  B:3♣ 8♦ 5♠=6  BANKER(W)  | +950원 → 148,850원
H1630 | bet   1,000원 BANKER | P:A♦ 4♥ A♥=6  B:4♦ Q♠=4  PLAYER(L)  | -1,000원 → 147,850원  [start]
H1631 | bet   2,000원 PLAYER | P:2♦ A♦ 9♦=2  B:8♠ 4♥ 2♠=4  BANKER(L)  | -2,000원 → 145,850원
H1632 | bet   4,000원 PLAYER | P:7♣ K♦=7  B:A♥ 4♣ K♣=5  PLAYER(W)  | +4,000원 → 149,850원  [end_win]
H1633 | bet   1,000원 BANKER | P:5♠ Q♥ 4♦=9  B:7♣ 10♠=7  PLAYER(L)  | -1,000원 → 148,850원  [start]
H1634 | bet   2,000원 PLAYER | P:8♥ K♣=8  B:K♣ J♠=0  PLAYER(W)  | +2,000원 → 150,850원  [end_win]
H1635 | bet   1,000원 BANKER | P:9♣ 9♣=8  B:7♥ 3♦=0  PLAYER(L)  | -1,000원 → 149,850원  [start]
H1636 | bet   2,000원 PLAYER | P:6♦ K♠=6  B:9♦ 9♥=8  BANKER(L)  | -2,000원 → 147,850원
H1637 | bet   4,000원 PLAYER | P:A♠ 4♠ A♠=6  B:3♦ 2♥=5  PLAYER(W)  | +4,000원 → 151,850원  [end_win]
H1638 | bet   1,000원 BANKER | P:5♠ A♥=6  B:4♣ 2♠=6  TIE(T)  |     0원 → 151,850원
H1639 | bet   1,000원 BANKER | P:Q♦ 3♣ A♥=4  B:10♣ J♦ 7♦=7  BANKER(W)  | +950원 → 152,800원
H1640 | bet   1,000원 BANKER | P:4♠ 6♠ 5♣=5  B:3♥ Q♠ J♥=3  PLAYER(L)  | -1,000원 → 151,800원  [start]
H1641 | bet   2,000원 PLAYER | P:J♥ 8♠=8  B:6♣ K♥=6  PLAYER(W)  | +2,000원 → 153,800원  [end_win]
H1642 | bet   1,000원 BANKER | P:3♥ 5♦=8  B:9♣ Q♦=9  BANKER(W)  | +950원 → 154,750원
H1643 | bet   1,000원 BANKER | P:K♥ J♦ Q♣=0  B:9♥ 3♠ 5♦=7  BANKER(W)  | +950원 → 155,700원
H1644 | bet   1,000원 BANKER | P:2♦ 5♦=7  B:5♦ 10♦ 4♥=9  BANKER(W)  | +950원 → 156,650원
H1645 | bet   1,000원 BANKER | P:7♦ A♦=8  B:6♦ 2♣=8  TIE(T)  |     0원 → 156,650원
H1646 | bet   1,000원 BANKER | P:10♠ 10♠ 9♠=9  B:K♥ J♦ 8♦=8  PLAYER(L)  | -1,000원 → 155,650원  [start]
H1647 | bet   2,000원 PLAYER | P:J♣ 2♠ K♦=2  B:9♣ 6♣=5  BANKER(L)  | -2,000원 → 153,650원
H1648 | bet   4,000원 PLAYER | P:3♥ 9♠=2  B:9♥ 10♠=9  BANKER(L)  | -4,000원 → 149,650원
H1649 | bet   8,000원 PLAYER | P:8♣ 10♠=8  B:3♠ Q♥=3  PLAYER(W)  | +8,000원 → 157,650원  [end_win]
H1650 | bet   1,000원 BANKER | P:K♦ K♥ Q♠=0  B:Q♦ 2♠ A♦=3  BANKER(W)  | +950원 → 158,600원
H1651 | bet   1,000원 BANKER | P:6♦ 8♦=4  B:9♦ Q♣=9  BANKER(W)  | +950원 → 159,550원
H1652 | bet   1,000원 BANKER | P:Q♦ 7♣=7  B:A♣ 9♦ 9♣=9  BANKER(W)  | +950원 → 160,500원
H1653 | bet   1,000원 BANKER | P:10♦ 6♠=6  B:J♠ 6♥=6  TIE(T)  |     0원 → 160,500원
H1654 | bet   1,000원 BANKER | P:J♣ 8♥=8  B:4♣ 2♠=6  PLAYER(L)  | -1,000원 → 159,500원  [start]
H1655 | bet   2,000원 PLAYER | P:2♣ J♥ J♦=2  B:3♠ 3♦=6  BANKER(L)  | -2,000원 → 157,500원
H1656 | bet   4,000원 PLAYER | P:10♥ 10♥ Q♣=0  B:A♣ J♥ 7♥=8  BANKER(L)  | -4,000원 → 153,500원
H1657 | bet   8,000원 PLAYER | P:3♥ Q♥ 7♥=0  B:3♦ 8♦ J♦=1  BANKER(L)  | -8,000원 → 145,500원
H1658 | bet  16,000원 PLAYER | P:Q♦ 4♥ 8♥=2  B:7♣ 3♠ K♠=0  PLAYER(W)  | +16,000원 → 161,500원  [end_win]
H1659 | bet   1,000원 BANKER | P:4♥ J♥ 2♠=6  B:Q♥ 5♠=5  PLAYER(L)  | -1,000원 → 160,500원  [start]
H1660 | bet   2,000원 PLAYER | P:2♠ 10♠ 2♣=4  B:2♥ 8♠ 3♣=3  PLAYER(W)  | +2,000원 → 162,500원  [end_win]
H1661 | bet   1,000원 BANKER | P:6♠ 6♦ 7♠=9  B:7♦ 4♠ A♠=2  PLAYER(L)  | -1,000원 → 161,500원  [start]
H1662 | bet   2,000원 PLAYER | P:3♦ 8♠ 4♣=5  B:A♦ Q♣ 7♠=8  BANKER(L)  | -2,000원 → 159,500원
H1663 | bet   4,000원 PLAYER | P:J♣ 8♦=8  B:2♥ A♣=3  PLAYER(W)  | +4,000원 → 163,500원  [end_win]
H1664 | bet   1,000원 BANKER | P:K♠ A♠ 2♣=3  B:K♠ K♠ Q♣=0  PLAYER(L)  | -1,000원 → 162,500원  [start]
H1665 | bet   2,000원 PLAYER | P:A♥ 2♥ 8♣=1  B:Q♣ 4♠=4  BANKER(L)  | -2,000원 → 160,500원
H1666 | bet   4,000원 PLAYER | P:4♦ 9♥ 6♦=9  B:7♥ 4♥ 6♣=7  PLAYER(W)  | +4,000원 → 164,500원  [end_win]
H1667 | bet   1,000원 BANKER | P:8♥ 4♣ 3♣=5  B:Q♥ 4♦ K♠=4  PLAYER(L)  | -1,000원 → 163,500원  [start]
H1668 | bet   2,000원 PLAYER | P:9♠ 8♦=7  B:10♦ K♦ A♦=1  PLAYER(W)  | +2,000원 → 165,500원  [end_win]
H1669 | bet   1,000원 BANKER | P:7♠ 5♦=2  B:2♥ 6♣=8  BANKER(W)  | +950원 → 166,450원
H1670 | bet   1,000원 BANKER | P:5♣ 5♥=0  B:K♠ 8♣=8  BANKER(W)  | +950원 → 167,400원
H1671 | bet   1,000원 BANKER | P:4♦ 2♦=6  B:7♥ 8♦ K♦=5  PLAYER(L)  | -1,000원 → 166,400원  [start]
H1672 | bet   2,000원 PLAYER | P:K♦ 10♥ Q♦=0  B:A♦ 2♣ 5♥=8  BANKER(L)  | -2,000원 → 164,400원
H1673 | bet   4,000원 PLAYER | P:8♠ 7♦=5  B:5♥ 3♠=8  BANKER(L)  | -4,000원 → 160,400원
H1674 | bet   8,000원 PLAYER | P:K♦ 8♣=8  B:8♠ 4♥=2  PLAYER(W)  | +8,000원 → 168,400원  [end_win]
H1675 | bet   1,000원 BANKER | P:9♦ 7♣=6  B:J♠ J♣ 9♦=9  BANKER(W)  | +950원 → 169,350원
H1676 | bet   1,000원 BANKER | P:A♣ 10♦ K♣=1  B:5♠ 5♥ 4♣=4  BANKER(W)  | +950원 → 170,300원
H1677 | bet   1,000원 BANKER | P:10♦ 3♣ 3♥=6  B:10♦ 4♣ 2♠=6  TIE(T)  |     0원 → 170,300원
H1678 | bet   1,000원 BANKER | P:4♦ 7♣ A♥=2  B:5♦ 7♠ K♣=2  TIE(T)  |     0원 → 170,300원
H1679 | bet   1,000원 BANKER | P:3♦ A♣ 5♦=9  B:5♣ 5♣ 7♣=7  PLAYER(L)  | -1,000원 → 169,300원  [start]
H1680 | bet   2,000원 PLAYER | P:A♠ 2♦ 8♠=1  B:9♦ 3♥ 8♣=0  PLAYER(W)  | +2,000원 → 171,300원  [end_win]
H1681 | bet   1,000원 BANKER | P:7♦ 5♠ 9♥=1  B:6♥ Q♦=6  BANKER(W)  | +950원 → 172,250원
H1682 | bet   1,000원 BANKER | P:8♦ 10♦=8  B:A♣ J♠=1  PLAYER(L)  | -1,000원 → 171,250원  [start]
H1683 | bet   2,000원 PLAYER | P:A♦ 8♦=9  B:A♠ 10♠=1  PLAYER(W)  | +2,000원 → 173,250원  [end_win]
H1684 | bet   1,000원 BANKER | P:6♥ 7♠ J♥=3  B:2♣ K♣ 5♠=7  BANKER(W)  | +950원 → 174,200원
H1685 | bet   1,000원 BANKER | P:9♠ K♥=9  B:K♥ J♠=0  PLAYER(L)  | -1,000원 → 173,200원  [start]
H1686 | bet   2,000원 PLAYER | P:J♦ A♠=1  B:3♣ 5♠=8  BANKER(L)  | -2,000원 → 171,200원
H1687 | bet   4,000원 PLAYER | P:2♦ 4♥=6  B:6♠ 10♣=6  TIE(T)  |     0원 → 171,200원
H1688 | bet   4,000원 PLAYER | P:Q♠ Q♦=0  B:9♣ 9♥=8  BANKER(L)  | -4,000원 → 167,200원
H1689 | bet   8,000원 PLAYER | P:4♥ 9♥ 10♦=3  B:J♦ 5♥=5  BANKER(L)  | -8,000원 → 159,200원
H1690 | bet  16,000원 PLAYER | P:6♣ 4♦ 8♣=8  B:Q♠ J♥ 10♣=0  PLAYER(W)  | +16,000원 → 175,200원  [end_win]
H1691 | bet   1,000원 BANKER | P:7♠ Q♠=7  B:J♣ 5♥ 10♥=5  PLAYER(L)  | -1,000원 → 174,200원  [start]
H1692 | bet   2,000원 PLAYER | P:9♠ 9♣=8  B:Q♥ 9♥=9  BANKER(L)  | -2,000원 → 172,200원
H1693 | bet   4,000원 PLAYER | P:6♣ 4♣ 6♠=6  B:Q♠ 4♠ 6♦=0  PLAYER(W)  | +4,000원 → 176,200원  [end_win]
H1694 | bet   1,000원 BANKER | P:6♥ A♣=7  B:A♠ A♥ 4♠=6  PLAYER(L)  | -1,000원 → 175,200원  [start]
H1695 | bet   2,000원 PLAYER | P:4♠ 5♣=9  B:Q♠ Q♥=0  PLAYER(W)  | +2,000원 → 177,200원  [end_win]
H1696 | bet   1,000원 BANKER | P:10♣ 10♣ Q♣=0  B:7♥ 6♥ 3♠=6  BANKER(W)  | +950원 → 178,150원
H1697 | bet   1,000원 BANKER | P:6♦ 10♠=6  B:2♦ K♥ 3♣=5  PLAYER(L)  | -1,000원 → 177,150원  [start]
H1698 | bet   2,000원 PLAYER | P:6♠ K♦=6  B:10♣ 3♦ 8♥=1  PLAYER(W)  | +2,000원 → 179,150원  [end_win]
H1699 | bet   1,000원 BANKER | P:3♠ A♥ 6♦=0  B:7♣ 6♥ 7♦=0  TIE(T)  |     0원 → 179,150원
H1700 | bet   1,000원 BANKER | P:8♣ 7♦ 8♠=3  B:6♥ 7♥=3  TIE(T)  |     0원 → 179,150원
H1701 | bet   1,000원 BANKER | P:J♠ 8♥=8  B:A♦ J♣=1  PLAYER(L)  | -1,000원 → 178,150원  [start]
H1702 | bet   2,000원 PLAYER | P:Q♥ 2♥ 3♣=5  B:4♦ 10♥ 10♣=4  PLAYER(W)  | +2,000원 → 180,150원  [end_win]
H1703 | bet   1,000원 BANKER | P:5♥ 8♥ J♦=3  B:5♣ K♥=5  BANKER(W)  | +950원 → 181,100원
H1704 | bet   1,000원 BANKER | P:5♥ 6♠ 5♠=6  B:2♦ 10♥ J♣=2  PLAYER(L)  | -1,000원 → 180,100원  [start]
H1705 | bet   2,000원 PLAYER | P:7♦ 10♥=7  B:9♦ 6♣ 6♥=1  PLAYER(W)  | +2,000원 → 182,100원  [end_win]
H1706 | bet   1,000원 BANKER | P:3♣ 5♦=8  B:5♣ 9♠=4  PLAYER(L)  | -1,000원 → 181,100원  [start]
H1707 | bet   2,000원 PLAYER | P:9♠ A♥ Q♠=0  B:4♠ 7♥ 4♦=5  BANKER(L)  | -2,000원 → 179,100원
H1708 | bet   4,000원 PLAYER | P:3♥ 2♣ J♠=5  B:7♠ 6♠ J♣=3  PLAYER(W)  | +4,000원 → 183,100원  [end_win]
H1709 | bet   1,000원 BANKER | P:8♥ 9♠=7  B:9♣ 7♠=6  PLAYER(L)  | -1,000원 → 182,100원  [start]
H1710 | bet   2,000원 PLAYER | P:2♥ 5♣=7  B:10♥ J♥ K♣=0  PLAYER(W)  | +2,000원 → 184,100원  [end_win]
H1711 | bet   1,000원 BANKER | P:6♣ A♣=7  B:6♠ 5♣ 9♥=0  PLAYER(L)  | -1,000원 → 183,100원  [start]
H1712 | bet   2,000원 PLAYER | P:K♦ 8♠=8  B:9♣ Q♣=9  BANKER(L)  | -2,000원 → 181,100원
H1713 | bet   4,000원 PLAYER | P:2♦ J♦=2  B:2♠ 6♥=8  BANKER(L)  | -4,000원 → 177,100원
H1714 | bet   8,000원 PLAYER | P:8♠ 7♣ 9♥=4  B:J♦ 5♠=5  BANKER(L)  | -8,000원 → 169,100원
H1715 | bet  16,000원 PLAYER | P:10♣ K♠ 6♥=6  B:9♠ 8♥=7  BANKER(L)  | -16,000원 → 153,100원  [end_giveup]
H1716 | bet   1,000원 BANKER | P:8♦ 10♥=8  B:10♠ 3♦=3  PLAYER(L)  | -1,000원 → 152,100원  [start]
H1717 | bet   2,000원 PLAYER | P:4♥ A♥ A♦=6  B:6♠ K♦=6  TIE(T)  |     0원 → 152,100원
H1718 | bet   2,000원 PLAYER | P:J♦ Q♦ 2♠=2  B:10♦ 5♠=5  BANKER(L)  | -2,000원 → 150,100원
H1719 | bet   4,000원 PLAYER | P:4♥ 4♠=8  B:4♠ 5♥=9  BANKER(L)  | -4,000원 → 146,100원
H1720 | bet   8,000원 PLAYER | P:6♦ 4♥ J♣=0  B:8♣ 8♣=6  BANKER(L)  | -8,000원 → 138,100원
H1721 | bet  16,000원 PLAYER | P:3♦ 8♥ 6♣=7  B:4♠ A♠ Q♥=5  PLAYER(W)  | +16,000원 → 154,100원  [end_win]
H1722 | bet   1,000원 BANKER | P:J♠ Q♦ 3♣=3  B:J♥ 7♠=7  BANKER(W)  | +950원 → 155,050원
H1723 | bet   1,000원 BANKER | P:A♣ 7♣=8  B:9♣ 5♠=4  PLAYER(L)  | -1,000원 → 154,050원  [start]
H1724 | bet   2,000원 PLAYER | P:5♦ 7♥=2  B:A♣ 7♠=8  BANKER(L)  | -2,000원 → 152,050원
H1725 | bet   4,000원 PLAYER | P:7♣ 9♦=6  B:7♥ 9♦=6  TIE(T)  |     0원 → 152,050원
H1726 | bet   4,000원 PLAYER | P:8♦ 8♠=6  B:2♠ 2♥ 4♣=8  BANKER(L)  | -4,000원 → 148,050원
H1727 | bet   8,000원 PLAYER | P:3♠ 3♣=6  B:5♣ 6♦ 7♥=8  BANKER(L)  | -8,000원 → 140,050원
H1728 | bet  16,000원 PLAYER | P:Q♥ 4♦ 9♥=3  B:Q♥ 7♠=7  BANKER(L)  | -16,000원 → 124,050원  [end_giveup]
H1729 | bet   1,000원 BANKER | P:5♦ 2♣=7  B:6♠ 2♣=8  BANKER(W)  | +950원 → 125,000원
H1730 | bet   1,000원 BANKER | P:J♥ 3♦ 8♣=1  B:A♠ 10♦ 8♥=9  BANKER(W)  | +950원 → 125,950원
H1731 | bet   1,000원 BANKER | P:K♦ K♥=0  B:8♠ K♥=8  BANKER(W)  | +950원 → 126,900원
H1732 | bet   1,000원 BANKER | P:3♣ J♦ 4♠=7  B:8♥ 9♥=7  TIE(T)  |     0원 → 126,900원
H1733 | bet   1,000원 BANKER | P:5♣ 4♦=9  B:K♣ 5♥=5  PLAYER(L)  | -1,000원 → 125,900원  [start]
H1734 | bet   2,000원 PLAYER | P:6♥ 5♠ 6♣=7  B:8♠ 4♠ Q♣=2  PLAYER(W)  | +2,000원 → 127,900원  [end_win]
H1735 | bet   1,000원 BANKER | P:7♣ 6♠ 4♣=7  B:K♠ 5♦ J♠=5  PLAYER(L)  | -1,000원 → 126,900원  [start]
H1736 | bet   2,000원 PLAYER | P:5♥ 10♣ 10♥=5  B:3♥ Q♣ 8♦=1  PLAYER(W)  | +2,000원 → 128,900원  [end_win]
H1737 | bet   1,000원 BANKER | P:6♥ 9♠=5  B:8♦ A♠=9  BANKER(W)  | +950원 → 129,850원
H1738 | bet   1,000원 BANKER | P:10♠ 9♠=9  B:3♦ 4♣=7  PLAYER(L)  | -1,000원 → 128,850원  [start]
H1739 | bet   2,000원 PLAYER | P:K♣ 7♥=7  B:8♠ K♠=8  BANKER(L)  | -2,000원 → 126,850원
H1740 | bet   4,000원 PLAYER | P:4♥ 6♣ 3♠=3  B:J♥ K♣ 4♦=4  BANKER(L)  | -4,000원 → 122,850원
H1741 | bet   8,000원 PLAYER | P:Q♦ 7♣=7  B:10♥ 5♦ 4♥=9  BANKER(L)  | -8,000원 → 114,850원
H1742 | bet  16,000원 PLAYER | P:2♦ A♠ 7♠=0  B:5♦ K♠ A♣=6  BANKER(L)  | -16,000원 → 98,850원  [end_giveup]
H1743 | bet   1,000원 BANKER | P:3♠ J♣ J♠=3  B:3♥ Q♦ 4♠=7  BANKER(W)  | +950원 → 99,800원
H1744 | bet   1,000원 BANKER | P:2♣ 2♠ K♦=4  B:10♦ 7♦=7  BANKER(W)  | +950원 → 100,750원
H1745 | bet   1,000원 BANKER | P:Q♥ 2♠ J♦=2  B:6♠ 10♦=6  BANKER(W)  | +950원 → 101,700원
H1746 | bet   1,000원 BANKER | P:8♠ 4♣ A♥=3  B:6♦ J♦=6  BANKER(W)  | +950원 → 102,650원
H1747 | bet   1,000원 BANKER | P:J♥ 9♦=9  B:4♣ 6♠=0  PLAYER(L)  | -1,000원 → 101,650원  [start]
H1748 | bet   2,000원 PLAYER | P:K♠ 2♣ 4♣=6  B:4♦ 7♥ J♣=1  PLAYER(W)  | +2,000원 → 103,650원  [end_win]
H1749 | bet   1,000원 BANKER | P:2♠ 7♠=9  B:2♦ 3♥=5  PLAYER(L)  | -1,000원 → 102,650원  [start]
H1750 | bet   2,000원 PLAYER | P:5♣ J♦ 9♠=4  B:3♥ 8♥ 7♣=8  BANKER(L)  | -2,000원 → 100,650원
H1751 | bet   4,000원 PLAYER | P:Q♠ K♦ 10♠=0  B:J♠ 7♦=7  BANKER(L)  | -4,000원 → 96,650원
H1752 | bet   8,000원 PLAYER | P:K♦ 9♥=9  B:2♦ 2♠=4  PLAYER(W)  | +8,000원 → 104,650원  [end_win]
H1753 | bet   1,000원 BANKER | P:10♦ 4♦ 5♣=9  B:2♣ Q♠ Q♠=2  PLAYER(L)  | -1,000원 → 103,650원  [start]
H1754 | bet   2,000원 PLAYER | P:7♠ Q♠=7  B:9♠ Q♠=9  BANKER(L)  | -2,000원 → 101,650원
H1755 | bet   4,000원 PLAYER | P:8♣ A♥=9  B:5♦ 2♦=7  PLAYER(W)  | +4,000원 → 105,650원  [end_win]
H1756 | bet   1,000원 BANKER | P:K♣ A♥ 10♥=1  B:K♥ 3♥ J♥=3  BANKER(W)  | +950원 → 106,600원
H1757 | bet   1,000원 BANKER | P:2♥ 3♥ J♣=5  B:K♥ K♣ 5♦=5  TIE(T)  |     0원 → 106,600원
H1758 | bet   1,000원 BANKER | P:J♦ J♣ 3♦=3  B:A♥ 10♥ 10♣=1  PLAYER(L)  | -1,000원 → 105,600원  [start]
H1759 | bet   2,000원 PLAYER | P:2♣ J♠ A♥=3  B:9♥ 4♦ 5♣=8  BANKER(L)  | -2,000원 → 103,600원
H1760 | bet   4,000원 PLAYER | P:A♦ 8♠=9  B:2♣ 8♣=0  PLAYER(W)  | +4,000원 → 107,600원  [end_win]
H1761 | bet   1,000원 BANKER | P:8♥ 10♥=8  B:3♣ K♦=3  PLAYER(L)  | -1,000원 → 106,600원  [start]
H1762 | bet   2,000원 PLAYER | P:4♥ K♥ A♣=5  B:J♠ J♣ A♠=1  PLAYER(W)  | +2,000원 → 108,600원  [end_win]
H1763 | bet   1,000원 BANKER | P:3♦ 9♠ 4♦=6  B:6♥ 5♠ J♥=1  PLAYER(L)  | -1,000원 → 107,600원  [start]
H1764 | bet   2,000원 PLAYER | P:3♠ 2♥ 3♠=8  B:J♠ 2♦ 10♠=2  PLAYER(W)  | +2,000원 → 109,600원  [end_win]
H1765 | bet   1,000원 BANKER | P:A♦ 5♥=6  B:6♦ A♦=7  BANKER(W)  | +950원 → 110,550원
H1766 | bet   1,000원 BANKER | P:5♠ 3♥=8  B:8♦ 7♠=5  PLAYER(L)  | -1,000원 → 109,550원  [start]
H1767 | bet   2,000원 PLAYER | P:10♠ 9♣=9  B:6♣ 9♣=5  PLAYER(W)  | +2,000원 → 111,550원  [end_win]
H1768 | bet   1,000원 BANKER | P:6♥ Q♣=6  B:3♣ 10♥ 7♦=0  PLAYER(L)  | -1,000원 → 110,550원  [start]
H1769 | bet   2,000원 PLAYER | P:9♦ 7♥=6  B:J♣ 6♠=6  TIE(T)  |     0원 → 110,550원
H1770 | bet   2,000원 PLAYER | P:Q♥ 3♠=3  B:10♣ 9♠=9  BANKER(L)  | -2,000원 → 108,550원
H1771 | bet   4,000원 PLAYER | P:10♣ 9♥=9  B:Q♣ 9♠=9  TIE(T)  |     0원 → 108,550원
H1772 | bet   4,000원 PLAYER | P:6♣ 6♣ K♥=2  B:8♣ 3♣ J♣=1  PLAYER(W)  | +4,000원 → 112,550원  [end_win]
H1773 | bet   1,000원 BANKER | P:K♣ 5♥ Q♦=5  B:6♦ A♠=7  BANKER(W)  | +950원 → 113,500원
H1774 | bet   1,000원 BANKER | P:7♦ 5♣ J♥=2  B:Q♥ 7♥=7  BANKER(W)  | +950원 → 114,450원
H1775 | bet   1,000원 BANKER | P:5♥ A♦=6  B:A♦ 7♣=8  BANKER(W)  | +950원 → 115,400원
H1776 | bet   1,000원 BANKER | P:4♥ 4♣=8  B:9♦ 10♣=9  BANKER(W)  | +950원 → 116,350원
H1777 | bet   1,000원 BANKER | P:2♥ 10♠ 4♣=6  B:A♥ 10♦ 5♦=6  TIE(T)  |     0원 → 116,350원
H1778 | bet   1,000원 BANKER | P:9♥ A♠ 3♣=3  B:5♥ 2♦=7  BANKER(W)  | +950원 → 117,300원
H1779 | bet   1,000원 BANKER | P:8♦ 6♣ A♣=5  B:Q♦ Q♦ 10♥=0  PLAYER(L)  | -1,000원 → 116,300원  [start]
H1780 | bet   2,000원 PLAYER | P:8♣ 8♣=6  B:Q♦ Q♣ K♥=0  PLAYER(W)  | +2,000원 → 118,300원  [end_win]
H1781 | bet   1,000원 BANKER | P:Q♣ 3♣=3  B:Q♠ 8♦=8  BANKER(W)  | +950원 → 119,250원
H1782 | bet   1,000원 BANKER | P:4♠ 7♥ 2♥=3  B:2♥ 10♣ Q♥=2  PLAYER(L)  | -1,000원 → 118,250원  [start]
H1783 | bet   2,000원 PLAYER | P:Q♠ 2♠ 7♠=9  B:10♣ K♥ 6♦=6  PLAYER(W)  | +2,000원 → 120,250원  [end_win]
H1784 | bet   1,000원 BANKER | P:3♦ A♦ 9♣=3  B:2♥ 5♣=7  BANKER(W)  | +950원 → 121,200원
H1785 | bet   1,000원 BANKER | P:Q♣ 2♦ 6♥=8  B:K♣ 2♥ 6♠=8  TIE(T)  |     0원 → 121,200원
H1786 | bet   1,000원 BANKER | P:5♥ 10♠=5  B:10♦ 9♦=9  BANKER(W)  | +950원 → 122,150원
H1787 | bet   1,000원 BANKER | P:J♠ 6♦=6  B:A♦ 7♣=8  BANKER(W)  | +950원 → 123,100원
H1788 | bet   1,000원 BANKER | P:7♦ A♣=8  B:5♠ K♣=5  PLAYER(L)  | -1,000원 → 122,100원  [start]
H1789 | bet   2,000원 PLAYER | P:7♦ J♥=7  B:10♦ 5♠ 6♦=1  PLAYER(W)  | +2,000원 → 124,100원  [end_win]
H1790 | bet   1,000원 BANKER | P:8♥ 6♥ Q♥=4  B:A♠ K♠ A♣=2  PLAYER(L)  | -1,000원 → 123,100원  [start]
H1791 | bet   2,000원 PLAYER | P:4♦ 3♦=7  B:3♠ 9♣ 9♣=1  PLAYER(W)  | +2,000원 → 125,100원  [end_win]
H1792 | bet   1,000원 BANKER | P:Q♠ 2♣ 4♠=6  B:7♦ 9♦=6  TIE(T)  |     0원 → 125,100원
H1793 | bet   1,000원 BANKER | P:5♥ 4♥=9  B:A♦ Q♣=1  PLAYER(L)  | -1,000원 → 124,100원  [start]
H1794 | bet   2,000원 PLAYER | P:Q♥ 5♣ 7♥=2  B:4♥ 9♥ K♥=3  BANKER(L)  | -2,000원 → 122,100원
H1795 | bet   4,000원 PLAYER | P:5♥ 7♣=2  B:2♦ 6♠=8  BANKER(L)  | -4,000원 → 118,100원
H1796 | bet   8,000원 PLAYER | P:7♦ 5♣=2  B:2♠ 7♣=9  BANKER(L)  | -8,000원 → 110,100원
H1797 | bet  16,000원 PLAYER | P:5♣ 10♥ 3♥=8  B:5♥ 7♠ 2♥=4  PLAYER(W)  | +16,000원 → 126,100원  [end_win]
H1798 | bet   1,000원 BANKER | P:2♥ 3♦=5  B:5♠ 3♦=8  BANKER(W)  | +950원 → 127,050원
H1799 | bet   1,000원 BANKER | P:2♣ 6♦=8  B:Q♣ A♣=1  PLAYER(L)  | -1,000원 → 126,050원  [start]
H1800 | bet   2,000원 PLAYER | P:3♣ 7♣=0  B:8♣ 10♠=8  BANKER(L)  | -2,000원 → 124,050원
H1801 | bet   4,000원 PLAYER | P:6♠ Q♦=6  B:7♠ J♥=7  BANKER(L)  | -4,000원 → 120,050원
H1802 | bet   8,000원 PLAYER | P:4♣ K♣ 8♣=2  B:10♥ Q♥ 6♠=6  BANKER(L)  | -8,000원 → 112,050원
H1803 | bet  16,000원 PLAYER | P:4♣ 5♠=9  B:2♣ 8♠=0  PLAYER(W)  | +16,000원 → 128,050원  [end_win]
H1804 | bet   1,000원 BANKER | P:3♠ 6♦=9  B:9♠ 9♣=8  PLAYER(L)  | -1,000원 → 127,050원  [start]
H1805 | bet   2,000원 PLAYER | P:K♥ J♦ J♥=0  B:A♦ 10♣ 2♦=3  BANKER(L)  | -2,000원 → 125,050원
H1806 | bet   4,000원 PLAYER | P:9♥ 10♦=9  B:A♠ 4♠=5  PLAYER(W)  | +4,000원 → 129,050원  [end_win]
H1807 | bet   1,000원 BANKER | P:6♦ 5♣ A♠=2  B:J♦ A♣ 4♣=5  BANKER(W)  | +950원 → 130,000원
H1808 | bet   1,000원 BANKER | P:9♥ 10♠=9  B:7♥ Q♠=7  PLAYER(L)  | -1,000원 → 129,000원  [start]
H1809 | bet   2,000원 PLAYER | P:4♠ J♥ J♦=4  B:7♣ 5♣ 4♦=6  BANKER(L)  | -2,000원 → 127,000원
H1810 | bet   4,000원 PLAYER | P:3♦ 2♦=5  B:9♥ Q♦=9  BANKER(L)  | -4,000원 → 123,000원
H1811 | bet   8,000원 PLAYER | P:J♦ 3♣=3  B:9♠ 9♥=8  BANKER(L)  | -8,000원 → 115,000원
H1812 | bet  16,000원 PLAYER | P:J♣ 10♦ 3♠=3  B:10♦ 5♦=5  BANKER(L)  | -16,000원 → 99,000원  [end_giveup]
H1813 | bet   1,000원 BANKER | P:Q♣ 10♥ 6♠=6  B:2♣ K♠ 5♠=7  BANKER(W)  | +950원 → 99,950원
H1814 | bet   1,000원 BANKER | P:10♦ A♠=1  B:8♦ A♥=9  BANKER(W)  | +950원 → 100,900원
H1815 | bet   1,000원 BANKER | P:6♥ K♥=6  B:10♥ 8♦=8  BANKER(W)  | +950원 → 101,850원
H1816 | bet   1,000원 BANKER | P:4♦ 7♥ 7♥=8  B:10♠ K♥ J♣=0  PLAYER(L)  | -1,000원 → 100,850원  [start]
H1817 | bet   2,000원 PLAYER | P:Q♥ 9♣=9  B:7♦ Q♣=7  PLAYER(W)  | +2,000원 → 102,850원  [end_win]
H1818 | bet   1,000원 BANKER | P:K♦ J♠ 8♥=8  B:K♣ 3♥=3  PLAYER(L)  | -1,000원 → 101,850원  [start]
H1819 | bet   2,000원 PLAYER | P:K♣ 6♣=6  B:A♦ A♦ Q♥=2  PLAYER(W)  | +2,000원 → 103,850원  [end_win]
H1820 | bet   1,000원 BANKER | P:8♥ 9♦=7  B:9♠ Q♠=9  BANKER(W)  | +950원 → 104,800원
H1821 | bet   1,000원 BANKER | P:4♥ 2♦=6  B:3♥ 7♦ 9♦=9  BANKER(W)  | +950원 → 105,750원
H1822 | bet   1,000원 BANKER | P:3♣ 8♥=1  B:10♠ 8♠=8  BANKER(W)  | +950원 → 106,700원
H1823 | bet   1,000원 BANKER | P:Q♣ 4♦ 5♥=9  B:5♠ 2♠=7  PLAYER(L)  | -1,000원 → 105,700원  [start]
H1824 | bet   2,000원 PLAYER | P:4♣ 6♣ K♣=0  B:10♠ 7♥=7  BANKER(L)  | -2,000원 → 103,700원
H1825 | bet   4,000원 PLAYER | P:A♣ K♠ 2♥=3  B:6♠ 6♣ 6♦=8  BANKER(L)  | -4,000원 → 99,700원
H1826 | bet   8,000원 PLAYER | P:Q♥ K♠ 9♣=9  B:5♦ A♠=6  PLAYER(W)  | +8,000원 → 107,700원  [end_win]
H1827 | bet   1,000원 BANKER | P:5♣ 10♥=5  B:4♠ 5♠=9  BANKER(W)  | +950원 → 108,650원
H1828 | bet   1,000원 BANKER | P:A♦ 10♦ 7♥=8  B:K♥ 10♣ 6♥=6  PLAYER(L)  | -1,000원 → 107,650원  [start]
H1829 | bet   2,000원 PLAYER | P:2♥ Q♣ 5♣=7  B:J♣ J♣ 6♣=6  PLAYER(W)  | +2,000원 → 109,650원  [end_win]
H1830 | bet   1,000원 BANKER | P:8♦ 6♥ 4♠=8  B:J♠ 3♣ 3♥=6  PLAYER(L)  | -1,000원 → 108,650원  [start]
H1831 | bet   2,000원 PLAYER | P:2♣ 3♥ 3♦=8  B:6♥ 9♠=5  PLAYER(W)  | +2,000원 → 110,650원  [end_win]
H1832 | bet   1,000원 BANKER | P:7♠ 10♠=7  B:Q♥ 10♣ 8♠=8  BANKER(W)  | +950원 → 111,600원
H1833 | bet   1,000원 BANKER | P:K♠ J♣=0  B:2♦ 6♦=8  BANKER(W)  | +950원 → 112,550원
H1834 | bet   1,000원 BANKER | P:8♥ 10♠=8  B:9♣ J♦=9  BANKER(W)  | +950원 → 113,500원
H1835 | bet   1,000원 BANKER | P:A♥ 10♣ 9♥=0  B:8♦ 5♣ 3♦=6  BANKER(W)  | +950원 → 114,450원
H1836 | bet   1,000원 BANKER | P:6♦ A♦=7  B:J♠ 10♣ K♠=0  PLAYER(L)  | -1,000원 → 113,450원  [start]
H1837 | bet   2,000원 PLAYER | P:A♦ 10♦ 7♣=8  B:6♥ Q♠ 9♦=5  PLAYER(W)  | +2,000원 → 115,450원  [end_win]
H1838 | bet   1,000원 BANKER | P:3♦ 3♠=6  B:J♠ 9♦=9  BANKER(W)  | +950원 → 116,400원
H1839 | bet   1,000원 BANKER | P:7♦ 3♠=0  B:J♥ 8♥=8  BANKER(W)  | +950원 → 117,350원
H1840 | bet   1,000원 BANKER | P:2♥ 4♥=6  B:3♣ Q♠ 6♦=9  BANKER(W)  | +950원 → 118,300원
H1841 | bet   1,000원 BANKER | P:4♣ 10♥ A♣=5  B:A♥ J♥ A♠=2  PLAYER(L)  | -1,000원 → 117,300원  [start]
H1842 | bet   2,000원 PLAYER | P:A♠ 9♥ 8♥=8  B:J♠ A♥ K♦=1  PLAYER(W)  | +2,000원 → 119,300원  [end_win]
H1843 | bet   1,000원 BANKER | P:4♠ 8♠ 8♦=0  B:6♣ 9♠=5  BANKER(W)  | +950원 → 120,250원
H1844 | bet   1,000원 BANKER | P:8♣ K♠=8  B:Q♠ 4♦=4  PLAYER(L)  | -1,000원 → 119,250원  [start]
H1845 | bet   2,000원 PLAYER | P:Q♣ K♦=0  B:7♠ A♦=8  BANKER(L)  | -2,000원 → 117,250원
H1846 | bet   4,000원 PLAYER | P:6♣ 7♦=3  B:Q♥ 8♦=8  BANKER(L)  | -4,000원 → 113,250원
H1847 | bet   8,000원 PLAYER | P:3♠ A♥ J♥=4  B:2♥ 9♦ A♣=2  PLAYER(W)  | +8,000원 → 121,250원  [end_win]
H1848 | bet   1,000원 BANKER | P:K♣ 7♣=7  B:6♣ 8♣ 4♠=8  BANKER(W)  | +950원 → 122,200원
H1849 | bet   1,000원 BANKER | P:2♥ 7♥=9  B:3♠ 3♠=6  PLAYER(L)  | -1,000원 → 121,200원  [start]
H1850 | bet   2,000원 PLAYER | P:3♣ Q♦ Q♦=3  B:8♥ 9♣=7  BANKER(L)  | -2,000원 → 119,200원
H1851 | bet   4,000원 PLAYER | P:2♦ 4♦=6  B:Q♥ 3♦ 6♥=9  BANKER(L)  | -4,000원 → 115,200원
H1852 | bet   8,000원 PLAYER | P:2♣ J♣ 8♣=0  B:7♠ 8♦=5  BANKER(L)  | -8,000원 → 107,200원
H1853 | bet  16,000원 PLAYER | P:10♥ 2♠=2  B:7♠ A♣=8  BANKER(L)  | -16,000원 → 91,200원  [end_giveup]
H1854 | bet   1,000원 BANKER | P:3♣ 4♥=7  B:8♠ Q♠=8  BANKER(W)  | +950원 → 92,150원
H1855 | bet   1,000원 BANKER | P:6♥ 6♥ 8♥=0  B:2♠ 5♥=7  BANKER(W)  | +950원 → 93,100원
H1856 | bet   1,000원 BANKER | P:K♥ J♣ 8♦=8  B:7♠ 5♠ 8♣=0  PLAYER(L)  | -1,000원 → 92,100원  [start]
H1857 | bet   2,000원 PLAYER | P:6♦ 3♥=9  B:9♠ 8♣=7  PLAYER(W)  | +2,000원 → 94,100원  [end_win]
H1858 | bet   1,000원 BANKER | P:9♣ 7♠=6  B:7♥ Q♣=7  BANKER(W)  | +950원 → 95,050원
H1859 | bet   1,000원 BANKER | P:A♣ 6♠=7  B:K♣ 9♣=9  BANKER(W)  | +950원 → 96,000원
H1860 | bet   1,000원 BANKER | P:J♥ 7♦=7  B:4♦ 3♣=7  TIE(T)  |     0원 → 96,000원
H1861 | bet   1,000원 BANKER | P:3♦ J♠ 2♥=5  B:2♣ 9♣ J♦=1  PLAYER(L)  | -1,000원 → 95,000원  [start]
H1862 | bet   2,000원 PLAYER | P:10♣ 5♠ Q♠=5  B:K♥ 4♦=4  PLAYER(W)  | +2,000원 → 97,000원  [end_win]
H1863 | bet   1,000원 BANKER | P:2♣ 4♦=6  B:8♠ J♣=8  BANKER(W)  | +950원 → 97,950원
H1864 | bet   1,000원 BANKER | P:K♦ 7♦=7  B:9♥ 10♥=9  BANKER(W)  | +950원 → 98,900원
H1865 | bet   1,000원 BANKER | P:6♠ 5♦=1  B:8♠ J♠=8  BANKER(W)  | +950원 → 99,850원
H1866 | bet   1,000원 BANKER | P:K♦ K♠ 9♠=9  B:9♦ A♥ 4♣=4  PLAYER(L)  | -1,000원 → 98,850원  [start]
H1867 | bet   2,000원 PLAYER | P:2♠ K♠ A♥=3  B:8♠ 2♦ 9♦=9  BANKER(L)  | -2,000원 → 96,850원
H1868 | bet   4,000원 PLAYER | P:J♠ 10♦ 5♥=5  B:4♥ 8♣ 3♥=5  TIE(T)  |     0원 → 96,850원
H1869 | bet   4,000원 PLAYER | P:5♦ 2♠=7  B:10♣ A♣ 2♠=3  PLAYER(W)  | +4,000원 → 100,850원  [end_win]
H1870 | bet   1,000원 BANKER | P:6♣ Q♦=6  B:5♦ K♦ 9♠=4  PLAYER(L)  | -1,000원 → 99,850원  [start]
H1871 | bet   2,000원 PLAYER | P:2♣ Q♦ J♦=2  B:Q♠ K♦ K♦=0  PLAYER(W)  | +2,000원 → 101,850원  [end_win]
H1872 | bet   1,000원 BANKER | P:5♦ 5♥ 4♠=4  B:5♦ A♠=6  BANKER(W)  | +950원 → 102,800원
H1873 | bet   1,000원 BANKER | P:Q♦ 4♥ 7♣=1  B:3♠ J♦ 10♦=3  BANKER(W)  | +950원 → 103,750원
H1874 | bet   1,000원 BANKER | P:4♥ 7♦ Q♦=1  B:K♣ A♥ 4♣=5  BANKER(W)  | +950원 → 104,700원
H1875 | bet   1,000원 BANKER | P:5♥ J♥ 9♦=4  B:K♣ 7♣=7  BANKER(W)  | +950원 → 105,650원
H1876 | bet   1,000원 BANKER | P:5♣ K♦=5  B:2♦ 7♥=9  BANKER(W)  | +950원 → 106,600원
H1877 | bet   1,000원 BANKER | P:3♥ Q♠ 6♣=9  B:4♣ K♣ Q♦=4  PLAYER(L)  | -1,000원 → 105,600원  [start]
H1878 | bet   2,000원 PLAYER | P:9♦ 9♥=8  B:8♣ 2♦=0  PLAYER(W)  | +2,000원 → 107,600원  [end_win]
H1879 | bet   1,000원 BANKER | P:7♠ 10♥=7  B:4♦ 5♦=9  BANKER(W)  | +950원 → 108,550원
H1880 | bet   1,000원 BANKER | P:9♦ 8♦=7  B:A♦ 3♥ Q♣=4  PLAYER(L)  | -1,000원 → 107,550원  [start]
H1881 | bet   2,000원 PLAYER | P:8♥ A♣=9  B:8♥ A♦=9  TIE(T)  |     0원 → 107,550원
H1882 | bet   2,000원 PLAYER | P:K♦ 7♠=7  B:K♥ 5♣ 3♣=8  BANKER(L)  | -2,000원 → 105,550원
H1883 | bet   4,000원 PLAYER | P:J♦ 3♠ A♥=4  B:J♣ A♣ K♦=1  PLAYER(W)  | +4,000원 → 109,550원  [end_win]
H1884 | bet   1,000원 BANKER | P:7♦ 3♣ A♥=1  B:K♥ 10♠ Q♥=0  PLAYER(L)  | -1,000원 → 108,550원  [start]
H1885 | bet   2,000원 PLAYER | P:6♦ 9♠ 4♥=9  B:6♠ 6♣ 7♥=9  TIE(T)  |     0원 → 108,550원
H1886 | bet   2,000원 PLAYER | P:7♥ K♣=7  B:A♣ 8♥=9  BANKER(L)  | -2,000원 → 106,550원
H1887 | bet   4,000원 PLAYER | P:3♣ A♥ Q♥=4  B:Q♦ K♠ 7♣=7  BANKER(L)  | -4,000원 → 102,550원
H1888 | bet   8,000원 PLAYER | P:5♠ 6♥=1  B:3♦ 6♠=9  BANKER(L)  | -8,000원 → 94,550원
H1889 | bet  16,000원 PLAYER | P:A♦ J♠ K♦=1  B:A♦ 4♥=5  BANKER(L)  | -16,000원 → 78,550원  [end_giveup]
H1890 | bet   1,000원 BANKER | P:9♥ J♥=9  B:2♠ 6♣=8  PLAYER(L)  | -1,000원 → 77,550원  [start]
H1891 | bet   2,000원 PLAYER | P:10♣ 7♥=7  B:6♥ 6♣ J♦=2  PLAYER(W)  | +2,000원 → 79,550원  [end_win]
H1892 | bet   1,000원 BANKER | P:A♠ 5♣=6  B:2♠ 10♦ 8♣=0  PLAYER(L)  | -1,000원 → 78,550원  [start]
H1893 | bet   2,000원 PLAYER | P:8♥ 2♥=0  B:8♦ K♥=8  BANKER(L)  | -2,000원 → 76,550원
H1894 | bet   4,000원 PLAYER | P:2♥ J♠ 5♠=7  B:4♠ 9♣ A♠=4  PLAYER(W)  | +4,000원 → 80,550원  [end_win]
H1895 | bet   1,000원 BANKER | P:4♦ 10♣ 10♥=4  B:A♣ 9♣ 4♣=4  TIE(T)  |     0원 → 80,550원
H1896 | bet   1,000원 BANKER | P:2♠ 10♦ 8♥=0  B:6♦ A♦=7  BANKER(W)  | +950원 → 81,500원
H1897 | bet   1,000원 BANKER | P:9♥ 8♦=7  B:4♥ 9♥ 6♣=9  BANKER(W)  | +950원 → 82,450원
H1898 | bet   1,000원 BANKER | P:5♣ Q♠ 7♦=2  B:4♥ Q♣ A♣=5  BANKER(W)  | +950원 → 83,400원
H1899 | bet   1,000원 BANKER | P:9♠ 7♦=6  B:Q♣ 6♥=6  TIE(T)  |     0원 → 83,400원
H1900 | bet   1,000원 BANKER | P:3♥ 10♠ 10♠=3  B:J♠ 7♦=7  BANKER(W)  | +950원 → 84,350원
H1901 | bet   1,000원 BANKER | P:4♦ 5♥=9  B:6♦ A♠=7  PLAYER(L)  | -1,000원 → 83,350원  [start]
H1902 | bet   2,000원 PLAYER | P:6♦ 2♠=8  B:3♣ 7♣=0  PLAYER(W)  | +2,000원 → 85,350원  [end_win]
H1903 | bet   1,000원 BANKER | P:2♠ 5♠=7  B:Q♦ 8♣=8  BANKER(W)  | +950원 → 86,300원
H1904 | bet   1,000원 BANKER | P:5♠ J♠=5  B:8♠ K♠=8  BANKER(W)  | +950원 → 87,250원
H1905 | bet   1,000원 BANKER | P:2♣ 5♦=7  B:Q♣ 10♣ Q♦=0  PLAYER(L)  | -1,000원 → 86,250원  [start]
H1906 | bet   2,000원 PLAYER | P:6♦ 3♦=9  B:3♦ 3♣=6  PLAYER(W)  | +2,000원 → 88,250원  [end_win]
H1907 | bet   1,000원 BANKER | P:2♣ 8♥=0  B:Q♦ 8♣=8  BANKER(W)  | +950원 → 89,200원
H1908 | bet   1,000원 BANKER | P:5♥ A♦=6  B:Q♥ 9♥=9  BANKER(W)  | +950원 → 90,150원
H1909 | bet   1,000원 BANKER | P:5♥ J♣ Q♥=5  B:K♦ 2♥ K♦=2  PLAYER(L)  | -1,000원 → 89,150원  [start]
H1910 | bet   2,000원 PLAYER | P:A♠ 3♦ K♣=4  B:2♦ 8♦ Q♠=0  PLAYER(W)  | +2,000원 → 91,150원  [end_win]
H1911 | bet   1,000원 BANKER | P:8♠ 7♣ J♣=5  B:A♠ 4♠=5  TIE(T)  |     0원 → 91,150원
H1912 | bet   1,000원 BANKER | P:5♦ 10♣ 7♥=2  B:6♥ 10♥ 6♣=2  TIE(T)  |     0원 → 91,150원
H1913 | bet   1,000원 BANKER | P:A♠ A♦=2  B:J♣ 9♦=9  BANKER(W)  | +950원 → 92,100원
H1914 | bet   1,000원 BANKER | P:10♥ J♥ 10♦=0  B:J♠ 10♠ 7♥=7  BANKER(W)  | +950원 → 93,050원
H1915 | bet   1,000원 BANKER | P:Q♠ 5♦ 4♣=9  B:7♦ K♣=7  PLAYER(L)  | -1,000원 → 92,050원  [start]
H1916 | bet   2,000원 PLAYER | P:7♠ Q♥=7  B:9♠ 4♣ 8♥=1  PLAYER(W)  | +2,000원 → 94,050원  [end_win]
H1917 | bet   1,000원 BANKER | P:A♠ Q♦ K♥=1  B:7♠ 3♥ J♣=0  PLAYER(L)  | -1,000원 → 93,050원  [start]
H1918 | bet   2,000원 PLAYER | P:7♥ J♦=7  B:4♣ J♠ 9♣=3  PLAYER(W)  | +2,000원 → 95,050원  [end_win]
H1919 | bet   1,000원 BANKER | P:2♥ 4♥=6  B:8♦ Q♣=8  BANKER(W)  | +950원 → 96,000원
H1920 | bet   1,000원 BANKER | P:4♠ 9♦ 6♣=9  B:8♦ 4♥ 4♥=6  PLAYER(L)  | -1,000원 → 95,000원  [start]
H1921 | bet   2,000원 PLAYER | P:3♠ 8♠=1  B:4♣ 4♦=8  BANKER(L)  | -2,000원 → 93,000원
H1922 | bet   4,000원 PLAYER | P:9♠ J♣=9  B:9♠ 3♣=2  PLAYER(W)  | +4,000원 → 97,000원  [end_win]
H1923 | bet   1,000원 BANKER | P:4♦ J♥ 10♠=4  B:6♠ 9♣=5  BANKER(W)  | +950원 → 97,950원
H1924 | bet   1,000원 BANKER | P:3♥ 4♣=7  B:2♦ 5♦=7  TIE(T)  |     0원 → 97,950원
H1925 | bet   1,000원 BANKER | P:9♠ 5♣ 9♥=3  B:3♠ J♦ 8♠=1  PLAYER(L)  | -1,000원 → 96,950원  [start]
H1926 | bet   2,000원 PLAYER | P:7♠ 6♥ 8♠=1  B:5♥ Q♦=5  BANKER(L)  | -2,000원 → 94,950원
H1927 | bet   4,000원 PLAYER | P:J♠ J♦ 7♠=7  B:2♣ K♥ 5♦=7  TIE(T)  |     0원 → 94,950원
H1928 | bet   4,000원 PLAYER | P:Q♠ 4♠ 9♣=3  B:A♥ 9♣ J♣=0  PLAYER(W)  | +4,000원 → 98,950원  [end_win]
H1929 | bet   1,000원 BANKER | P:9♥ 2♣ 2♣=3  B:8♦ 8♥=6  BANKER(W)  | +950원 → 99,900원
H1930 | bet   1,000원 BANKER | P:4♠ 3♥=7  B:9♦ 6♠ J♦=5  PLAYER(L)  | -1,000원 → 98,900원  [start]
H1931 | bet   2,000원 PLAYER | P:A♠ 7♥=8  B:K♠ J♥=0  PLAYER(W)  | +2,000원 → 100,900원  [end_win]
H1932 | bet   1,000원 BANKER | P:5♥ 6♦ 7♣=8  B:Q♠ K♥ K♣=0  PLAYER(L)  | -1,000원 → 99,900원  [start]
H1933 | bet   2,000원 PLAYER | P:9♦ A♥ K♣=0  B:10♥ Q♠ 5♦=5  BANKER(L)  | -2,000원 → 97,900원
H1934 | bet   4,000원 PLAYER | P:6♣ J♦=6  B:9♠ 2♦ K♥=1  PLAYER(W)  | +4,000원 → 101,900원  [end_win]
H1935 | bet   1,000원 BANKER | P:K♠ Q♦ Q♥=0  B:K♦ K♣ 8♣=8  BANKER(W)  | +950원 → 102,850원
H1936 | bet   1,000원 BANKER | P:J♣ 8♠=8  B:9♣ 2♦=1  PLAYER(L)  | -1,000원 → 101,850원  [start]
H1937 | bet   2,000원 PLAYER | P:9♦ 6♠=5  B:5♦ 3♥=8  BANKER(L)  | -2,000원 → 99,850원
H1938 | bet   4,000원 PLAYER | P:5♠ 7♣=2  B:5♠ 3♦=8  BANKER(L)  | -4,000원 → 95,850원
H1939 | bet   8,000원 PLAYER | P:10♣ 7♣=7  B:3♠ 5♥=8  BANKER(L)  | -8,000원 → 87,850원
H1940 | bet  16,000원 PLAYER | P:10♦ 3♥ A♥=4  B:Q♣ 2♦ 8♣=0  PLAYER(W)  | +16,000원 → 103,850원  [end_win]
H1941 | bet   1,000원 BANKER | P:Q♥ 6♥=6  B:3♦ 3♠=6  TIE(T)  |     0원 → 103,850원
H1942 | bet   1,000원 BANKER | P:3♠ 7♦ 7♠=7  B:3♣ A♣ 7♦=1  PLAYER(L)  | -1,000원 → 102,850원  [start]
H1943 | bet   2,000원 PLAYER | P:10♦ 5♠ 4♦=9  B:3♦ 9♥ 2♠=4  PLAYER(W)  | +2,000원 → 104,850원  [end_win]
H1944 | bet   1,000원 BANKER | P:3♦ 5♣=8  B:A♣ 2♥=3  PLAYER(L)  | -1,000원 → 103,850원  [start]
H1945 | bet   2,000원 PLAYER | P:9♣ 10♣=9  B:8♠ 6♠=4  PLAYER(W)  | +2,000원 → 105,850원  [end_win]
H1946 | bet   1,000원 BANKER | P:2♥ K♠ 2♥=4  B:3♠ 10♦ K♥=3  PLAYER(L)  | -1,000원 → 104,850원  [start]
H1947 | bet   2,000원 PLAYER | P:J♦ 5♠ 6♦=1  B:2♠ 4♦ J♥=6  BANKER(L)  | -2,000원 → 102,850원
H1948 | bet   4,000원 PLAYER | P:4♥ 6♠ J♥=0  B:J♥ 10♣ 6♥=6  BANKER(L)  | -4,000원 → 98,850원
H1949 | bet   8,000원 PLAYER | P:2♦ 7♠=9  B:8♦ 10♥=8  PLAYER(W)  | +8,000원 → 106,850원  [end_win]
H1950 | bet   1,000원 BANKER | P:2♥ 5♥=7  B:6♥ 2♣=8  BANKER(W)  | +950원 → 107,800원
H1951 | bet   1,000원 BANKER | P:A♥ 10♦ Q♣=1  B:5♣ 2♠=7  BANKER(W)  | +950원 → 108,750원
H1952 | bet   1,000원 BANKER | P:A♥ 3♣ 10♣=4  B:5♣ J♥=5  BANKER(W)  | +950원 → 109,700원
H1953 | bet   1,000원 BANKER | P:7♦ 4♦ K♠=1  B:10♠ J♠ 6♦=6  BANKER(W)  | +950원 → 110,650원
H1954 | bet   1,000원 BANKER | P:10♠ 10♦=0  B:4♠ 4♣=8  BANKER(W)  | +950원 → 111,600원
H1955 | bet   1,000원 BANKER | P:3♠ 10♥ 2♣=5  B:8♠ 9♠=7  BANKER(W)  | +950원 → 112,550원
H1956 | bet   1,000원 BANKER | P:10♥ Q♣=0  B:A♣ 8♣=9  BANKER(W)  | +950원 → 113,500원
H1957 | bet   1,000원 BANKER | P:A♦ 7♣=8  B:7♣ 8♣=5  PLAYER(L)  | -1,000원 → 112,500원  [start]
H1958 | bet   2,000원 PLAYER | P:3♣ 10♠ Q♥=3  B:9♣ 6♠=5  BANKER(L)  | -2,000원 → 110,500원
H1959 | bet   4,000원 PLAYER | P:3♣ K♥ 10♣=3  B:7♦ J♦=7  BANKER(L)  | -4,000원 → 106,500원
H1960 | bet   8,000원 PLAYER | P:K♠ A♣ 2♠=3  B:3♦ 7♠ 9♥=9  BANKER(L)  | -8,000원 → 98,500원
H1961 | bet  16,000원 PLAYER | P:8♦ Q♠=8  B:5♦ 3♥=8  TIE(T)  |     0원 → 98,500원
H1962 | bet  16,000원 PLAYER | P:9♥ A♥ 10♥=0  B:4♥ Q♦=4  BANKER(L)  | -16,000원 → 82,500원  [end_giveup]
H1963 | bet   1,000원 BANKER | P:5♥ Q♦ 2♦=7  B:4♠ Q♥ 6♠=0  PLAYER(L)  | -1,000원 → 81,500원  [start]
H1964 | bet   2,000원 PLAYER | P:5♠ J♠ 7♠=2  B:9♥ 8♥=7  BANKER(L)  | -2,000원 → 79,500원
H1965 | bet   4,000원 PLAYER | P:Q♠ 10♣ 3♣=3  B:8♦ 9♥=7  BANKER(L)  | -4,000원 → 75,500원
H1966 | bet   8,000원 PLAYER | P:A♥ 9♣ 8♦=8  B:2♥ 4♣=6  PLAYER(W)  | +8,000원 → 83,500원  [end_win]
H1967 | bet   1,000원 BANKER | P:Q♣ 5♣=5  B:4♦ 5♠=9  BANKER(W)  | +950원 → 84,450원
H1968 | bet   1,000원 BANKER | P:7♦ Q♠=7  B:9♦ 2♣ 2♠=3  PLAYER(L)  | -1,000원 → 83,450원  [start]
H1969 | bet   2,000원 PLAYER | P:K♦ K♣ 3♠=3  B:7♣ K♥=7  BANKER(L)  | -2,000원 → 81,450원
H1970 | bet   4,000원 PLAYER | P:2♣ 8♠ K♣=0  B:Q♠ A♣ Q♦=1  BANKER(L)  | -4,000원 → 77,450원
H1971 | bet   8,000원 PLAYER | P:A♣ A♥=2  B:A♠ 8♦=9  BANKER(L)  | -8,000원 → 69,450원
H1972 | bet  16,000원 PLAYER | P:A♠ 9♥=0  B:Q♥ 9♠=9  BANKER(L)  | -16,000원 → 53,450원  [end_giveup]
H1973 | bet   1,000원 BANKER | P:2♦ 4♣=6  B:6♥ J♠=6  TIE(T)  |     0원 → 53,450원
H1974 | bet   1,000원 BANKER | P:Q♣ 8♣=8  B:3♦ 3♠=6  PLAYER(L)  | -1,000원 → 52,450원  [start]
H1975 | bet   2,000원 PLAYER | P:K♠ 10♦ 4♥=4  B:3♠ 9♣ J♥=2  PLAYER(W)  | +2,000원 → 54,450원  [end_win]
H1976 | bet   1,000원 BANKER | P:K♣ 8♣=8  B:K♦ 3♠=3  PLAYER(L)  | -1,000원 → 53,450원  [start]
H1977 | bet   2,000원 PLAYER | P:9♦ A♦ Q♣=0  B:6♦ A♦=7  BANKER(L)  | -2,000원 → 51,450원
H1978 | bet   4,000원 PLAYER | P:10♣ 3♥ 7♣=0  B:9♣ 5♥ K♠=4  BANKER(L)  | -4,000원 → 47,450원

Result: RUIN (capital_depleted)
Final: 47,450원  Hands: 1978  Bets: 1781  Wagered: 4,594,000원  Max losing streak: 9
